[2025-11-28 19:41:08.757] [CORC] [info] ===============================================
[2025-11-28 19:41:08.757] [CORC] [info] ============ Start logging session ============
[2025-11-28 19:41:08.757] [CORC] [warning] Running without root privilege: using non-RT priority threads
[2025-11-28 19:41:08.757] [CORC] [info] vcan0: -
[2025-11-28 19:41:08.757] [CORC] [info] can0: up
[2025-11-28 19:41:08.757] [CORC] [info] Using: can0 (3)
[2025-11-28 19:41:08.757] [CORC] [info] Starting CANopen device with Node ID 80
[2025-11-28 19:41:08.757] [CORC] [info] Using default robot parameters (no YAML file specified).
[2025-11-28 19:41:08.757] [CORC] [info] Could not open joystick (/dev/input/js0)
[2025-11-28 19:41:08.757] [CORC] [info] CORC Start application
[2025-11-28 19:41:08.757] [CORC] [info] Application thread running at 500Hz.
[2025-11-28 19:41:09.848] [CORC] [info] Starting logger M2MachineLog (Time (s), Position_1, Position_2, Velocity_1, Velocity_2, Force_1, Force_2)
[2025-11-28 19:41:09.848] [CORC] [info] Initialised network communication server (0.0.0.0:2048) for M2 robot (state size: 7)
[2025-11-28 19:41:09.849] [CORC] [info] Starting logger M2MachineLog (Time (s), Position_1, Position_2, Velocity_1, Velocity_2, Force_1, Force_2)
[2025-11-28 19:41:09.849] [CORC] [info] Entering M2 Calib State state...
[2025-11-28 19:41:09.872] [CORC] [critical] UI down, waiting reconnect...
[2025-11-28 19:41:09.872] [CORC] [info] UI reconnected
[2025-11-28 19:41:10.873] [CORC] [critical] UI down, waiting reconnect...
[2025-11-28 19:41:10.873] [CORC] [info] UI reconnected
[2025-11-28 19:41:11.873] [CORC] [critical] UI down, waiting reconnect...
[2025-11-28 19:41:11.873] [CORC] [info] UI reconnected
[2025-11-28 19:41:14.728] [CORC] [info] [FourierForceSensor::calibrate]: Force Sensor 3 succesfully zeroed with offset 1508.3325867861142.
[2025-11-28 19:41:16.730] [CORC] [info] [FourierForceSensor::calibrate]: Force Sensor 4 succesfully zeroed with offset 1499.3035019455253.
[2025-11-28 19:41:16.730] [CORC] [warning] Applicaton thread time overflow: 4004.042ms (>2.0ms) !
[2025-11-28 19:41:16.730] [CORC] [critical] UI down, waiting reconnect...
[2025-11-28 19:41:16.730] [CORC] [info] UI reconnected
[2025-11-28 19:41:16.732] [CORC] [info] Exited M2 Calib State state...
[2025-11-28 19:41:16.732] [CORC] [info] Entering M2 Standby state...
[2025-11-28 19:41:16.756] [CORC] [warning] Applicaton thread time overflow: 23.310000000000002ms (>2.0ms) !
[2025-11-28 19:41:17.732] [CORC] [critical] UI down, waiting reconnect...
[2025-11-28 19:41:17.732] [CORC] [info] UI reconnected
[2025-11-28 19:41:18.733] [CORC] [critical] UI down, waiting reconnect...
[2025-11-28 19:41:18.733] [CORC] [info] UI reconnected
[2025-11-28 19:41:19.733] [CORC] [critical] UI down, waiting reconnect...
[2025-11-28 19:41:19.733] [CORC] [info] UI reconnected
[2025-11-28 19:41:20.733] [CORC] [critical] UI down, waiting reconnect...
[2025-11-28 19:41:20.734] [CORC] [info] UI reconnected
[2025-11-28 19:41:21.734] [CORC] [critical] UI down, waiting reconnect...
[2025-11-28 19:41:21.734] [CORC] [info] UI reconnected
[2025-11-28 19:41:22.735] [CORC] [critical] UI down, waiting reconnect...
[2025-11-28 19:41:22.735] [CORC] [info] UI reconnected
[2025-11-28 19:41:26.900] [CORC] [info] [TRANS] accepting BGIN -> toProb
[2025-11-28 19:41:26.900] [CORC] [info] Exited M2 Standby state...
[2025-11-28 19:41:26.900] [CORC] [info] Entering M2 Probabilistic Move state...
[2025-11-28 19:41:26.923] [CORC] [info] [STATIC] Loaded 0 up and 0 left perturbation samples (hard-coded).
[2025-11-28 19:41:26.923] [CORC] [info] [SCHEDULE] Built seeded schedule (total=10, leftCount=5, seed=1661471, attempts=1)
[2025-11-28 19:41:26.923] [CORC] [warning] Applicaton thread time overflow: 23.426ms (>2.0ms) !
[2025-11-28 19:41:28.492] [CORC] [info] TO_A -> WAIT_START (betweenTrials=1)
[2025-11-28 19:41:28.494] [CORC] [info] HLKD -> k_hold=1000.0, d_hold=35.0
[2025-11-28 19:41:28.924] [CORC] [info] WAIT_START cfg: pLeft=0.500, mode=1, targetSucc=10, maxTrials=10, V1=0/0, V2Score=0.000(0), finishedFlag=0
[2025-11-28 19:41:28.924] [CORC] [info] F=(4.821,1.722), |F|=5.119
[2025-11-28 19:41:30.925] [CORC] [info] WAIT_START cfg: pLeft=0.500, mode=1, targetSucc=10, maxTrials=10, V1=0/0, V2Score=0.000(0), finishedFlag=0
[2025-11-28 19:41:30.925] [CORC] [info] F=(3.444,1.377), |F|=3.709
[2025-11-28 19:41:32.927] [CORC] [info] WAIT_START cfg: pLeft=0.500, mode=1, targetSucc=10, maxTrials=10, V1=0/0, V2Score=0.000(0), finishedFlag=0
[2025-11-28 19:41:32.927] [CORC] [info] F=(3.444,2.066), |F|=4.016
[2025-11-28 19:41:34.928] [CORC] [info] WAIT_START cfg: pLeft=0.500, mode=1, targetSucc=10, maxTrials=10, V1=0/0, V2Score=0.000(0), finishedFlag=0
[2025-11-28 19:41:34.928] [CORC] [info] F=(4.132,1.722), |F|=4.477
[2025-11-28 19:41:36.929] [CORC] [info] WAIT_START cfg: pLeft=0.500, mode=1, targetSucc=10, maxTrials=10, V1=0/0, V2Score=0.000(0), finishedFlag=0
[2025-11-28 19:41:36.929] [CORC] [info] F=(3.444,2.066), |F|=4.016
[2025-11-28 19:41:38.930] [CORC] [info] WAIT_START cfg: pLeft=0.500, mode=1, targetSucc=10, maxTrials=10, V1=0/0, V2Score=0.000(0), finishedFlag=0
[2025-11-28 19:41:38.930] [CORC] [info] F=(4.477,1.377), |F|=4.684
[2025-11-28 19:41:40.930] [CORC] [info] WAIT_START cfg: pLeft=0.500, mode=1, targetSucc=10, maxTrials=10, V1=0/0, V2Score=0.000(0), finishedFlag=0
[2025-11-28 19:41:40.931] [CORC] [info] F=(4.477,1.722), |F|=4.796
[2025-11-28 19:41:42.932] [CORC] [info] WAIT_START cfg: pLeft=0.500, mode=1, targetSucc=10, maxTrials=10, V1=0/0, V2Score=0.000(0), finishedFlag=0
[2025-11-28 19:41:42.932] [CORC] [info] F=(3.444,1.722), |F|=3.850
[2025-11-28 19:41:44.933] [CORC] [info] WAIT_START cfg: pLeft=0.500, mode=1, targetSucc=10, maxTrials=10, V1=0/0, V2Score=0.000(0), finishedFlag=0
[2025-11-28 19:41:44.933] [CORC] [info] F=(3.444,1.722), |F|=3.850
[2025-11-28 19:41:46.595] [CORC] [info] [SCHEDULE] Built seeded schedule (total=10, leftCount=1, seed=1661471, attempts=1)
[2025-11-28 19:41:46.595] [CORC] [info] GLOBAL: S_PB applied -> pLeft=0.103
[2025-11-28 19:41:46.933] [CORC] [info] WAIT_START cfg: pLeft=0.103, mode=1, targetSucc=10, maxTrials=10, V1=0/0, V2Score=0.000(0), finishedFlag=0
[2025-11-28 19:41:46.933] [CORC] [info] F=(3.444,1.722), |F|=3.850
[2025-11-28 19:41:48.934] [CORC] [info] WAIT_START cfg: pLeft=0.103, mode=1, targetSucc=10, maxTrials=10, V1=0/0, V2Score=0.000(0), finishedFlag=0
[2025-11-28 19:41:48.934] [CORC] [info] F=(3.444,1.722), |F|=3.850
[2025-11-28 19:41:50.935] [CORC] [info] WAIT_START cfg: pLeft=0.103, mode=1, targetSucc=10, maxTrials=10, V1=0/0, V2Score=0.000(0), finishedFlag=0
[2025-11-28 19:41:50.935] [CORC] [info] F=(3.444,2.066), |F|=4.016
[2025-11-28 19:41:52.936] [CORC] [info] WAIT_START cfg: pLeft=0.103, mode=1, targetSucc=10, maxTrials=10, V1=0/0, V2Score=0.000(0), finishedFlag=0
[2025-11-28 19:41:52.936] [CORC] [info] F=(3.444,1.377), |F|=3.709
[2025-11-28 19:41:54.937] [CORC] [info] WAIT_START cfg: pLeft=0.103, mode=1, targetSucc=10, maxTrials=10, V1=0/0, V2Score=0.000(0), finishedFlag=0
[2025-11-28 19:41:54.937] [CORC] [info] F=(3.444,1.722), |F|=3.850
[2025-11-28 19:41:56.938] [CORC] [info] WAIT_START cfg: pLeft=0.103, mode=1, targetSucc=10, maxTrials=10, V1=0/0, V2Score=0.000(0), finishedFlag=0
[2025-11-28 19:41:56.938] [CORC] [info] F=(3.444,1.722), |F|=3.850
[2025-11-28 19:41:58.939] [CORC] [info] WAIT_START cfg: pLeft=0.103, mode=1, targetSucc=10, maxTrials=10, V1=0/0, V2Score=0.000(0), finishedFlag=0
[2025-11-28 19:41:58.939] [CORC] [info] F=(4.477,1.377), |F|=4.684
[2025-11-28 19:42:00.940] [CORC] [info] WAIT_START cfg: pLeft=0.103, mode=1, targetSucc=10, maxTrials=10, V1=0/0, V2Score=0.000(0), finishedFlag=0
[2025-11-28 19:42:00.940] [CORC] [info] F=(3.444,1.377), |F|=3.709
[2025-11-28 19:42:01.558] [CORC] [info] GLOBAL: FRC2 -> F_const_up=50.0, F_const_left=-54.0
[2025-11-28 19:42:02.941] [CORC] [info] WAIT_START cfg: pLeft=0.103, mode=1, targetSucc=10, maxTrials=10, V1=0/0, V2Score=0.000(0), finishedFlag=0
[2025-11-28 19:42:02.941] [CORC] [info] F=(4.132,1.722), |F|=4.477
[2025-11-28 19:42:04.853] [CORC] [info] [SCHEDULE] Built seeded schedule (total=10, leftCount=1, seed=1661471, attempts=1)
[2025-11-28 19:42:04.853] [CORC] [info] GLOBAL: S_PB applied -> pLeft=0.103
[2025-11-28 19:42:04.943] [CORC] [info] WAIT_START cfg: pLeft=0.103, mode=1, targetSucc=10, maxTrials=10, V1=0/0, V2Score=0.000(0), finishedFlag=0
[2025-11-28 19:42:04.943] [CORC] [info] F=(4.477,2.066), |F|=4.931
[2025-11-28 19:42:05.979] [CORC] [info] BETWEEN-TRIALS: S_TS -> targetSucc=10
[2025-11-28 19:42:06.909] [CORC] [warning] GLOBAL: unknown cmd='BGIN' (trim='BGIN') @phase=1
[2025-11-28 19:42:06.943] [CORC] [info] WAIT_START cfg: pLeft=0.103, mode=1, targetSucc=10, maxTrials=10, V1=0/0, V2Score=0.000(0), finishedFlag=0
[2025-11-28 19:42:06.944] [CORC] [info] F=(3.444,1.377), |F|=3.709
[2025-11-28 19:42:08.945] [CORC] [info] WAIT_START cfg: pLeft=0.103, mode=1, targetSucc=10, maxTrials=10, V1=0/0, V2Score=0.000(0), finishedFlag=0
[2025-11-28 19:42:08.945] [CORC] [info] F=(3.444,2.066), |F|=4.016
[2025-11-28 19:42:10.885] [CORC] [info] GLOBAL: FRC2 -> F_const_up=50.0, F_const_left=-54.0
[2025-11-28 19:42:10.945] [CORC] [info] WAIT_START cfg: pLeft=0.103, mode=1, targetSucc=10, maxTrials=10, V1=0/0, V2Score=0.000(0), finishedFlag=0
[2025-11-28 19:42:10.945] [CORC] [info] F=(3.444,2.066), |F|=4.016
[2025-11-28 19:42:12.946] [CORC] [info] WAIT_START cfg: pLeft=0.103, mode=1, targetSucc=10, maxTrials=10, V1=0/0, V2Score=0.000(0), finishedFlag=0
[2025-11-28 19:42:12.947] [CORC] [info] F=(3.444,1.722), |F|=3.850
[2025-11-28 19:42:14.947] [CORC] [info] WAIT_START cfg: pLeft=0.103, mode=1, targetSucc=10, maxTrials=10, V1=0/0, V2Score=0.000(0), finishedFlag=0
[2025-11-28 19:42:14.947] [CORC] [info] F=(-33.403,1.377), |F|=33.432
[2025-11-28 19:42:16.948] [CORC] [info] WAIT_START cfg: pLeft=0.103, mode=1, targetSucc=10, maxTrials=10, V1=0/0, V2Score=0.000(0), finishedFlag=0
[2025-11-28 19:42:16.948] [CORC] [info] F=(-3.099,1.377), |F|=3.392
[2025-11-28 19:42:18.949] [CORC] [info] WAIT_START cfg: pLeft=0.103, mode=1, targetSucc=10, maxTrials=10, V1=0/0, V2Score=0.000(0), finishedFlag=0
[2025-11-28 19:42:18.949] [CORC] [info] F=(-3.444,1.033), |F|=3.595
[2025-11-28 19:42:20.950] [CORC] [info] WAIT_START cfg: pLeft=0.103, mode=1, targetSucc=10, maxTrials=10, V1=0/0, V2Score=0.000(0), finishedFlag=0
[2025-11-28 19:42:20.950] [CORC] [info] F=(-3.444,1.377), |F|=3.709
[2025-11-28 19:42:22.951] [CORC] [info] WAIT_START cfg: pLeft=0.103, mode=1, targetSucc=10, maxTrials=10, V1=0/0, V2Score=0.000(0), finishedFlag=0
[2025-11-28 19:42:22.951] [CORC] [info] F=(-3.099,2.066), |F|=3.725
[2025-11-28 19:42:23.079] [CORC] [info] [SCHEDULE] Built seeded schedule (total=10, leftCount=9, seed=1661471, attempts=1)
[2025-11-28 19:42:23.079] [CORC] [info] GLOBAL: S_PB applied -> pLeft=0.903
[2025-11-28 19:42:24.952] [CORC] [info] WAIT_START cfg: pLeft=0.903, mode=1, targetSucc=10, maxTrials=10, V1=0/0, V2Score=0.000(0), finishedFlag=0
[2025-11-28 19:42:24.952] [CORC] [info] F=(-3.444,1.377), |F|=3.709
[2025-11-28 19:42:25.680] [CORC] [info] GLOBAL: HALT -> finishedFlag=1
[2025-11-28 19:42:25.683] [CORC] [info] SESSSSS
[2025-11-28 19:42:25.683] [CORC] [info] Exited M2 Probabilistic Move state...
[2025-11-28 19:42:25.683] [CORC] [info] Entering M2 Standby state...
[2025-11-28 19:42:25.706] [CORC] [warning] Applicaton thread time overflow: 23.627ms (>2.0ms) !
[2025-11-28 19:42:26.827] [CORC] [info] [TRANS] accepting BGIN -> toProb
[2025-11-28 19:42:26.827] [CORC] [info] Exited M2 Standby state...
[2025-11-28 19:42:26.827] [CORC] [info] Entering M2 Probabilistic Move state...
[2025-11-28 19:42:26.850] [CORC] [info] [STATIC] Loaded 0 up and 0 left perturbation samples (hard-coded).
[2025-11-28 19:42:26.850] [CORC] [info] [SCHEDULE] Built seeded schedule (total=10, leftCount=9, seed=1661471, attempts=1)
[2025-11-28 19:42:26.850] [CORC] [warning] Applicaton thread time overflow: 23.514ms (>2.0ms) !
[2025-11-28 19:42:27.101] [CORC] [info] TO_A -> WAIT_START (betweenTrials=1)
[2025-11-28 19:42:27.975] [CORC] [info] GLOBAL: FRC2 -> F_const_up=50.0, F_const_left=-54.0
[2025-11-28 19:42:28.851] [CORC] [info] WAIT_START cfg: pLeft=0.903, mode=1, targetSucc=10, maxTrials=10, V1=0/0, V2Score=0.000(0), finishedFlag=0
[2025-11-28 19:42:28.851] [CORC] [info] F=(-3.099,2.755), |F|=4.147
[2025-11-28 19:42:30.852] [CORC] [info] WAIT_START cfg: pLeft=0.903, mode=1, targetSucc=10, maxTrials=10, V1=0/0, V2Score=0.000(0), finishedFlag=0
[2025-11-28 19:42:30.852] [CORC] [info] F=(-3.788,2.755), |F|=4.684
[2025-11-28 19:42:31.943] [CORC] [info] [SCHEDULE] Built seeded schedule (total=10, leftCount=9, seed=1661471, attempts=1)
[2025-11-28 19:42:31.943] [CORC] [info] GLOBAL: S_PB applied -> pLeft=0.903
[2025-11-28 19:42:32.854] [CORC] [info] WAIT_START cfg: pLeft=0.903, mode=1, targetSucc=10, maxTrials=10, V1=0/0, V2Score=0.000(0), finishedFlag=0
[2025-11-28 19:42:32.854] [CORC] [info] F=(-3.099,2.755), |F|=4.147
[2025-11-28 19:42:34.854] [CORC] [info] WAIT_START cfg: pLeft=0.903, mode=1, targetSucc=10, maxTrials=10, V1=0/0, V2Score=0.000(0), finishedFlag=0
[2025-11-28 19:42:34.854] [CORC] [info] F=(-3.099,2.411), |F|=3.926
[2025-11-28 19:42:36.855] [CORC] [info] WAIT_START cfg: pLeft=0.903, mode=1, targetSucc=10, maxTrials=10, V1=0/0, V2Score=0.000(0), finishedFlag=0
[2025-11-28 19:42:36.855] [CORC] [info] F=(-2.411,2.755), |F|=3.661
[2025-11-28 19:42:37.232] [CORC] [info] BETWEEN-TRIALS: S_TS -> targetSucc=10
[2025-11-28 19:42:38.856] [CORC] [info] WAIT_START cfg: pLeft=0.903, mode=1, targetSucc=10, maxTrials=10, V1=0/0, V2Score=0.000(0), finishedFlag=0
[2025-11-28 19:42:38.856] [CORC] [info] F=(-3.099,1.722), |F|=3.545
[2025-11-28 19:42:40.857] [CORC] [info] WAIT_START cfg: pLeft=0.903, mode=1, targetSucc=10, maxTrials=10, V1=0/0, V2Score=0.000(0), finishedFlag=0
[2025-11-28 19:42:40.857] [CORC] [info] F=(-51.999,2.755), |F|=52.072
[2025-11-28 19:42:42.858] [CORC] [info] WAIT_START cfg: pLeft=0.903, mode=1, targetSucc=10, maxTrials=10, V1=0/0, V2Score=0.000(0), finishedFlag=0
[2025-11-28 19:42:42.858] [CORC] [info] F=(-6.199,-8.265), |F|=10.331
[2025-11-28 19:42:44.859] [CORC] [info] WAIT_START cfg: pLeft=0.903, mode=1, targetSucc=10, maxTrials=10, V1=0/0, V2Score=0.000(0), finishedFlag=0
[2025-11-28 19:42:44.859] [CORC] [info] F=(7.576,-5.165), |F|=9.169
[2025-11-28 19:42:46.860] [CORC] [info] WAIT_START cfg: pLeft=0.903, mode=1, targetSucc=10, maxTrials=10, V1=0/0, V2Score=0.000(0), finishedFlag=0
[2025-11-28 19:42:46.860] [CORC] [info] F=(3.444,2.066), |F|=4.016
[2025-11-28 19:42:48.861] [CORC] [info] WAIT_START cfg: pLeft=0.903, mode=1, targetSucc=10, maxTrials=10, V1=0/0, V2Score=0.000(0), finishedFlag=0
[2025-11-28 19:42:48.861] [CORC] [info] F=(3.444,1.377), |F|=3.709
[2025-11-28 19:42:50.862] [CORC] [info] WAIT_START cfg: pLeft=0.903, mode=1, targetSucc=10, maxTrials=10, V1=0/0, V2Score=0.000(0), finishedFlag=0
[2025-11-28 19:42:50.862] [CORC] [info] F=(3.444,2.066), |F|=4.016
[2025-11-28 19:42:52.863] [CORC] [info] WAIT_START cfg: pLeft=0.903, mode=1, targetSucc=10, maxTrials=10, V1=0/0, V2Score=0.000(0), finishedFlag=0
[2025-11-28 19:42:52.863] [CORC] [info] F=(3.444,2.066), |F|=4.016
[2025-11-28 19:42:54.864] [CORC] [info] WAIT_START cfg: pLeft=0.903, mode=1, targetSucc=10, maxTrials=10, V1=0/0, V2Score=0.000(0), finishedFlag=0
[2025-11-28 19:42:54.864] [CORC] [info] F=(3.788,1.377), |F|=4.031
[2025-11-28 19:42:56.865] [CORC] [info] WAIT_START cfg: pLeft=0.903, mode=1, targetSucc=10, maxTrials=10, V1=0/0, V2Score=0.000(0), finishedFlag=0
[2025-11-28 19:42:56.865] [CORC] [info] F=(3.444,2.066), |F|=4.016
[2025-11-28 19:42:58.866] [CORC] [info] WAIT_START cfg: pLeft=0.903, mode=1, targetSucc=10, maxTrials=10, V1=0/0, V2Score=0.000(0), finishedFlag=0
[2025-11-28 19:42:58.866] [CORC] [info] F=(3.444,2.066), |F|=4.016
[2025-11-28 19:43:00.866] [CORC] [info] WAIT_START cfg: pLeft=0.903, mode=1, targetSucc=10, maxTrials=10, V1=0/0, V2Score=0.000(0), finishedFlag=0
[2025-11-28 19:43:00.867] [CORC] [info] F=(3.444,1.377), |F|=3.709
[2025-11-28 19:43:02.867] [CORC] [info] WAIT_START cfg: pLeft=0.903, mode=1, targetSucc=10, maxTrials=10, V1=0/0, V2Score=0.000(0), finishedFlag=0
[2025-11-28 19:43:02.867] [CORC] [info] F=(3.444,2.066), |F|=4.016
[2025-11-28 19:43:04.868] [CORC] [info] WAIT_START cfg: pLeft=0.903, mode=1, targetSucc=10, maxTrials=10, V1=0/0, V2Score=0.000(0), finishedFlag=0
[2025-11-28 19:43:04.868] [CORC] [info] F=(3.444,2.066), |F|=4.016
[2025-11-28 19:43:06.869] [CORC] [info] WAIT_START cfg: pLeft=0.903, mode=1, targetSucc=10, maxTrials=10, V1=0/0, V2Score=0.000(0), finishedFlag=0
[2025-11-28 19:43:06.869] [CORC] [info] F=(3.444,1.377), |F|=3.709
[2025-11-28 19:43:08.870] [CORC] [info] WAIT_START cfg: pLeft=0.903, mode=1, targetSucc=10, maxTrials=10, V1=0/0, V2Score=0.000(0), finishedFlag=0
[2025-11-28 19:43:08.870] [CORC] [info] F=(3.099,0.689), |F|=3.175
[2025-11-28 19:43:10.871] [CORC] [info] WAIT_START cfg: pLeft=0.903, mode=1, targetSucc=10, maxTrials=10, V1=0/0, V2Score=0.000(0), finishedFlag=0
[2025-11-28 19:43:10.871] [CORC] [info] F=(3.099,2.066), |F|=3.725
[2025-11-28 19:43:12.872] [CORC] [info] WAIT_START cfg: pLeft=0.903, mode=1, targetSucc=10, maxTrials=10, V1=0/0, V2Score=0.000(0), finishedFlag=0
[2025-11-28 19:43:12.872] [CORC] [info] F=(3.444,1.377), |F|=3.709
[2025-11-28 19:43:13.857] [CORC] [info] [SCHEDULE] Built seeded schedule (total=10, leftCount=9, seed=1661471, attempts=1)
[2025-11-28 19:43:13.857] [CORC] [info] GLOBAL: S_PB applied -> pLeft=0.903
[2025-11-28 19:43:14.873] [CORC] [info] WAIT_START cfg: pLeft=0.903, mode=1, targetSucc=10, maxTrials=10, V1=0/0, V2Score=0.000(0), finishedFlag=0
[2025-11-28 19:43:14.873] [CORC] [info] F=(3.444,2.066), |F|=4.016
[2025-11-28 19:43:16.796] [CORC] [warning] GLOBAL: unknown cmd='BGIN' (trim='BGIN') @phase=1
[2025-11-28 19:43:16.874] [CORC] [info] WAIT_START cfg: pLeft=0.903, mode=1, targetSucc=10, maxTrials=10, V1=0/0, V2Score=0.000(0), finishedFlag=0
[2025-11-28 19:43:16.874] [CORC] [info] F=(3.444,1.377), |F|=3.709
[2025-11-28 19:43:18.875] [CORC] [info] WAIT_START cfg: pLeft=0.903, mode=1, targetSucc=10, maxTrials=10, V1=0/0, V2Score=0.000(0), finishedFlag=0
[2025-11-28 19:43:18.875] [CORC] [info] F=(3.444,2.066), |F|=4.016
[2025-11-28 19:43:18.897] [CORC] [info] GLOBAL: FRC2 -> F_const_up=50.0, F_const_left=-54.0
[2025-11-28 19:43:20.876] [CORC] [info] WAIT_START cfg: pLeft=0.903, mode=1, targetSucc=10, maxTrials=10, V1=0/0, V2Score=0.000(0), finishedFlag=0
[2025-11-28 19:43:20.876] [CORC] [info] F=(3.444,1.377), |F|=3.709
[2025-11-28 19:43:20.933] [CORC] [info] BETWEEN-TRIALS: S_MT -> maxTrials=99
[2025-11-28 19:43:21.803] [CORC] [info] [SCHEDULE] Built seeded schedule (total=10, leftCount=9, seed=1661471, attempts=1)
[2025-11-28 19:43:21.803] [CORC] [info] GLOBAL: S_PB applied -> pLeft=0.903
[2025-11-28 19:43:22.877] [CORC] [info] WAIT_START cfg: pLeft=0.903, mode=1, targetSucc=10, maxTrials=99, V1=0/0, V2Score=0.000(0), finishedFlag=0
[2025-11-28 19:43:22.877] [CORC] [info] F=(3.788,2.066), |F|=4.315
[2025-11-28 19:43:24.878] [CORC] [info] WAIT_START cfg: pLeft=0.903, mode=1, targetSucc=10, maxTrials=99, V1=0/0, V2Score=0.000(0), finishedFlag=0
[2025-11-28 19:43:24.878] [CORC] [info] F=(3.444,0.689), |F|=3.512
[2025-11-28 19:43:26.879] [CORC] [info] WAIT_START cfg: pLeft=0.903, mode=1, targetSucc=10, maxTrials=99, V1=0/0, V2Score=0.000(0), finishedFlag=0
[2025-11-28 19:43:26.879] [CORC] [info] F=(3.444,2.066), |F|=4.016
[2025-11-28 19:43:28.880] [CORC] [info] WAIT_START cfg: pLeft=0.903, mode=1, targetSucc=10, maxTrials=99, V1=0/0, V2Score=0.000(0), finishedFlag=0
[2025-11-28 19:43:28.880] [CORC] [info] F=(3.788,2.066), |F|=4.315
[2025-11-28 19:43:30.881] [CORC] [info] WAIT_START cfg: pLeft=0.903, mode=1, targetSucc=10, maxTrials=99, V1=0/0, V2Score=0.000(0), finishedFlag=0
[2025-11-28 19:43:30.881] [CORC] [info] F=(3.444,1.377), |F|=3.709
[2025-11-28 19:43:32.882] [CORC] [info] WAIT_START cfg: pLeft=0.903, mode=1, targetSucc=10, maxTrials=99, V1=0/0, V2Score=0.000(0), finishedFlag=0
[2025-11-28 19:43:32.882] [CORC] [info] F=(3.444,2.066), |F|=4.016
[2025-11-28 19:43:34.884] [CORC] [info] WAIT_START cfg: pLeft=0.903, mode=1, targetSucc=10, maxTrials=99, V1=0/0, V2Score=0.000(0), finishedFlag=0
[2025-11-28 19:43:34.884] [CORC] [info] F=(3.444,0.689), |F|=3.512
[2025-11-28 19:43:36.884] [CORC] [info] WAIT_START cfg: pLeft=0.903, mode=1, targetSucc=10, maxTrials=99, V1=0/0, V2Score=0.000(0), finishedFlag=0
[2025-11-28 19:43:36.884] [CORC] [info] F=(3.444,2.066), |F|=4.016
[2025-11-28 19:43:38.886] [CORC] [info] WAIT_START cfg: pLeft=0.903, mode=1, targetSucc=10, maxTrials=99, V1=0/0, V2Score=0.000(0), finishedFlag=0
[2025-11-28 19:43:38.886] [CORC] [info] F=(3.444,1.377), |F|=3.709
[2025-11-28 19:43:40.887] [CORC] [info] WAIT_START cfg: pLeft=0.903, mode=1, targetSucc=10, maxTrials=99, V1=0/0, V2Score=0.000(0), finishedFlag=0
[2025-11-28 19:43:40.887] [CORC] [info] F=(3.444,1.377), |F|=3.709
[2025-11-28 19:43:42.887] [CORC] [info] WAIT_START cfg: pLeft=0.903, mode=1, targetSucc=10, maxTrials=99, V1=0/0, V2Score=0.000(0), finishedFlag=0
[2025-11-28 19:43:42.888] [CORC] [info] F=(3.444,2.066), |F|=4.016
[2025-11-28 19:43:44.888] [CORC] [info] WAIT_START cfg: pLeft=0.903, mode=1, targetSucc=10, maxTrials=99, V1=0/0, V2Score=0.000(0), finishedFlag=0
[2025-11-28 19:43:44.888] [CORC] [info] F=(3.444,2.066), |F|=4.016
[2025-11-28 19:43:46.889] [CORC] [info] WAIT_START cfg: pLeft=0.903, mode=1, targetSucc=10, maxTrials=99, V1=0/0, V2Score=0.000(0), finishedFlag=0
[2025-11-28 19:43:46.889] [CORC] [info] F=(3.444,2.066), |F|=4.016
[2025-11-28 19:43:48.890] [CORC] [info] WAIT_START cfg: pLeft=0.903, mode=1, targetSucc=10, maxTrials=99, V1=0/0, V2Score=0.000(0), finishedFlag=0
[2025-11-28 19:43:48.890] [CORC] [info] F=(3.444,2.066), |F|=4.016
[2025-11-28 19:43:50.891] [CORC] [info] WAIT_START cfg: pLeft=0.903, mode=1, targetSucc=10, maxTrials=99, V1=0/0, V2Score=0.000(0), finishedFlag=0
[2025-11-28 19:43:50.891] [CORC] [info] F=(3.788,1.377), |F|=4.031
[2025-11-28 19:43:52.892] [CORC] [info] WAIT_START cfg: pLeft=0.903, mode=1, targetSucc=10, maxTrials=99, V1=0/0, V2Score=0.000(0), finishedFlag=0
[2025-11-28 19:43:52.892] [CORC] [info] F=(3.444,2.066), |F|=4.016
[2025-11-28 19:43:54.893] [CORC] [info] WAIT_START cfg: pLeft=0.903, mode=1, targetSucc=10, maxTrials=99, V1=0/0, V2Score=0.000(0), finishedFlag=0
[2025-11-28 19:43:54.893] [CORC] [info] F=(3.099,2.066), |F|=3.725
[2025-11-28 19:43:56.894] [CORC] [info] WAIT_START cfg: pLeft=0.903, mode=1, targetSucc=10, maxTrials=99, V1=0/0, V2Score=0.000(0), finishedFlag=0
[2025-11-28 19:43:56.894] [CORC] [info] F=(3.788,2.066), |F|=4.315
[2025-11-28 19:43:58.895] [CORC] [info] WAIT_START cfg: pLeft=0.903, mode=1, targetSucc=10, maxTrials=99, V1=0/0, V2Score=0.000(0), finishedFlag=0
[2025-11-28 19:43:58.895] [CORC] [info] F=(3.788,2.066), |F|=4.315
[2025-11-28 19:44:00.896] [CORC] [info] WAIT_START cfg: pLeft=0.903, mode=1, targetSucc=10, maxTrials=99, V1=0/0, V2Score=0.000(0), finishedFlag=0
[2025-11-28 19:44:00.896] [CORC] [info] F=(2.755,2.066), |F|=3.444
[2025-11-28 19:44:02.897] [CORC] [info] WAIT_START cfg: pLeft=0.903, mode=1, targetSucc=10, maxTrials=99, V1=0/0, V2Score=0.000(0), finishedFlag=0
[2025-11-28 19:44:02.897] [CORC] [info] F=(3.099,2.066), |F|=3.725
[2025-11-28 19:44:04.898] [CORC] [info] WAIT_START cfg: pLeft=0.903, mode=1, targetSucc=10, maxTrials=99, V1=0/0, V2Score=0.000(0), finishedFlag=0
[2025-11-28 19:44:04.898] [CORC] [info] F=(0.689,2.411), |F|=2.507
[2025-11-28 19:44:06.899] [CORC] [info] WAIT_START cfg: pLeft=0.903, mode=1, targetSucc=10, maxTrials=99, V1=0/0, V2Score=0.000(0), finishedFlag=0
[2025-11-28 19:44:06.899] [CORC] [info] F=(-44.423,-33.748), |F|=55.788
[2025-11-28 19:44:07.239] [CORC] [info] GLOBAL: STRT captured (pendingStart=1, t=100.412)
[2025-11-28 19:44:07.239] [CORC] [info] meanNorm =51.548
[2025-11-28 19:44:07.240] [CORC] [info] WAIT_START: pendingStart consumed -> TRIAL (atA_hold=1)
[2025-11-28 19:44:07.241] [CORC] [info] TRIAL direction (deterministic): SIDE
[2025-11-28 19:44:07.241] [CORC] [info] TRBBBBB
[2025-11-28 19:44:07.241] [CORC] [info] TRIAL_BEGIN cfg: pLeft=0.903, mode=1, targetSucc=10, maxTrials=99, V1=0/0, V2Score=0.000(0)
[2025-11-28 19:44:07.741] [CORC] [info] TRPPPP
[2025-11-28 19:44:07.741] [CORC] [info] EndPosX=0.2992120974203937, EndPosY=0.135205820697447
[2025-11-28 19:44:07.741] [CORC] [info] TREEEEEE
[2025-11-28 19:44:07.741] [CORC] [info] [TREN SEND] (t=100.914, dur=0.500192, reached=0, dist=0.0892489, effort=205.26, trialScore=0, mode=1, cur=1, max=99, v1_suc=0, v1_tar=10, v2_sco=0, dirCode=-1)
[2025-11-28 19:44:07.741] [CORC] [info] TRIAL: finished (reachedC=false, timeout=true) -> WAIT_START. Awaiting STRT.
[2025-11-28 19:44:08.900] [CORC] [info] WAIT_START cfg: pLeft=0.903, mode=1, targetSucc=10, maxTrials=99, V1=0/1, V2Score=0.000(0), finishedFlag=0
[2025-11-28 19:44:08.900] [CORC] [info] F=(0.000,0.000), |F|=0.000
[2025-11-28 19:44:09.776] [CORC] [info] GLOBAL: RSTA -> TO_A
[2025-11-28 19:44:11.987] [CORC] [info] TO_A -> WAIT_START (betweenTrials=1)
[2025-11-28 19:44:11.989] [CORC] [info] HLKD -> k_hold=1800.0, d_hold=35.0
[2025-11-28 19:44:12.901] [CORC] [info] WAIT_START cfg: pLeft=0.903, mode=1, targetSucc=10, maxTrials=99, V1=0/1, V2Score=0.000(0), finishedFlag=0
[2025-11-28 19:44:12.901] [CORC] [info] F=(-7.576,-27.205), |F|=28.240
[2025-11-28 19:44:14.788] [CORC] [info] GLOBAL: STRT captured (pendingStart=1, t=107.961)
[2025-11-28 19:44:14.788] [CORC] [info] meanNorm =80.323
[2025-11-28 19:44:14.789] [CORC] [info] WAIT_START: pendingStart consumed -> TRIAL (atA_hold=1)
[2025-11-28 19:44:14.790] [CORC] [info] TRIAL direction (deterministic): SIDE
[2025-11-28 19:44:14.790] [CORC] [info] TRBBBBB
[2025-11-28 19:44:14.790] [CORC] [info] TRIAL_BEGIN cfg: pLeft=0.903, mode=1, targetSucc=10, maxTrials=99, V1=0/1, V2Score=0.000(0)
[2025-11-28 19:44:14.902] [CORC] [info] TRIAL status: t=0.112, n=0.180, effort=14.555, pLeft=0.903, mode=1, targetSucc=10, maxTrials=99
[2025-11-28 19:44:15.211] [CORC] [info] TRPPPP
[2025-11-28 19:44:15.211] [CORC] [info] EndPosX=0.3253592324215964, EndPosY=0.14287811986470786
[2025-11-28 19:44:15.290] [CORC] [info] TRPPPP
[2025-11-28 19:44:15.291] [CORC] [info] EndPosX=0.33010568686448993, EndPosY=0.19095962767019115
[2025-11-28 19:44:15.291] [CORC] [info] TREEEEEE
[2025-11-28 19:44:15.291] [CORC] [info] [TREN SEND] (t=108.463, dur=0.500184, reached=1, dist=0.032644, effort=169.755, trialScore=1, mode=1, cur=2, max=99, v1_suc=1, v1_tar=10, v2_sco=0, dirCode=-1)
[2025-11-28 19:44:15.291] [CORC] [info] TRIAL: finished (reachedC=true, timeout=true) -> WAIT_START. Awaiting STRT.
[2025-11-28 19:44:16.903] [CORC] [info] WAIT_START cfg: pLeft=0.903, mode=1, targetSucc=10, maxTrials=99, V1=1/2, V2Score=0.000(0), finishedFlag=0
[2025-11-28 19:44:16.903] [CORC] [info] F=(0.000,0.000), |F|=0.000
[2025-11-28 19:44:17.317] [CORC] [info] GLOBAL: RSTA -> TO_A
[2025-11-28 19:44:19.306] [CORC] [info] TO_A -> WAIT_START (betweenTrials=1)
[2025-11-28 19:44:19.308] [CORC] [info] HLKD -> k_hold=1800.0, d_hold=35.0
[2025-11-28 19:44:20.905] [CORC] [info] WAIT_START cfg: pLeft=0.903, mode=1, targetSucc=10, maxTrials=99, V1=1/2, V2Score=0.000(0), finishedFlag=0
[2025-11-28 19:44:20.905] [CORC] [info] F=(-42.701,-43.390), |F|=60.878
[2025-11-28 19:44:22.339] [CORC] [info] GLOBAL: STRT captured (pendingStart=1, t=115.512)
[2025-11-28 19:44:22.340] [CORC] [info] meanNorm =86.582
[2025-11-28 19:44:22.341] [CORC] [info] WAIT_START: pendingStart consumed -> TRIAL (atA_hold=1)
[2025-11-28 19:44:22.342] [CORC] [warning] Applicaton thread time overflow: 2.332ms (>2.0ms) !
[2025-11-28 19:44:22.342] [CORC] [info] TRIAL direction (deterministic): SIDE
[2025-11-28 19:44:22.342] [CORC] [info] TRBBBBB
[2025-11-28 19:44:22.342] [CORC] [info] TRIAL_BEGIN cfg: pLeft=0.903, mode=1, targetSucc=10, maxTrials=99, V1=1/2, V2Score=0.000(0)
[2025-11-28 19:44:22.660] [CORC] [info] TRPPPP
[2025-11-28 19:44:22.660] [CORC] [info] EndPosX=0.3133189839504288, EndPosY=0.14337774664817032
[2025-11-28 19:44:22.842] [CORC] [info] TRPPPP
[2025-11-28 19:44:22.842] [CORC] [info] EndPosX=0.3551400167570717, EndPosY=0.24149006372491855
[2025-11-28 19:44:22.842] [CORC] [info] TREEEEEE
[2025-11-28 19:44:22.843] [CORC] [info] [TREN SEND] (t=116.015, dur=0.500615, reached=1, dist=0.0401831, effort=175.613, trialScore=1, mode=1, cur=3, max=99, v1_suc=2, v1_tar=10, v2_sco=0, dirCode=-1)
[2025-11-28 19:44:22.843] [CORC] [info] TRIAL: finished (reachedC=true, timeout=true) -> WAIT_START. Awaiting STRT.
[2025-11-28 19:44:22.907] [CORC] [info] WAIT_START cfg: pLeft=0.903, mode=1, targetSucc=10, maxTrials=99, V1=2/3, V2Score=0.000(0), finishedFlag=0
[2025-11-28 19:44:22.907] [CORC] [info] F=(8.265,0.344), |F|=8.272
[2025-11-28 19:44:24.876] [CORC] [info] GLOBAL: RSTA -> TO_A
[2025-11-28 19:44:26.863] [CORC] [info] TO_A -> WAIT_START (betweenTrials=1)
[2025-11-28 19:44:26.865] [CORC] [info] HLKD -> k_hold=1800.0, d_hold=35.0
[2025-11-28 19:44:26.909] [CORC] [info] WAIT_START cfg: pLeft=0.903, mode=1, targetSucc=10, maxTrials=99, V1=2/3, V2Score=0.000(0), finishedFlag=0
[2025-11-28 19:44:26.909] [CORC] [info] F=(-55.787,-88.502), |F|=104.618
[2025-11-28 19:44:28.910] [CORC] [info] WAIT_START cfg: pLeft=0.903, mode=1, targetSucc=10, maxTrials=99, V1=2/3, V2Score=0.000(0), finishedFlag=0
[2025-11-28 19:44:28.910] [CORC] [info] F=(-44.768,-43.390), |F|=62.344
[2025-11-28 19:44:29.908] [CORC] [info] GLOBAL: STRT captured (pendingStart=1, t=123.081)
[2025-11-28 19:44:29.909] [CORC] [info] meanNorm =68.213
[2025-11-28 19:44:29.910] [CORC] [info] WAIT_START: pendingStart consumed -> TRIAL (atA_hold=1)
[2025-11-28 19:44:29.910] [CORC] [info] TRIAL direction (deterministic): UP
[2025-11-28 19:44:29.910] [CORC] [info] TRBBBBB
[2025-11-28 19:44:29.910] [CORC] [info] TRIAL_BEGIN cfg: pLeft=0.903, mode=1, targetSucc=10, maxTrials=99, V1=2/3, V2Score=0.000(0)
[2025-11-28 19:44:30.335] [CORC] [info] TRPPPP
[2025-11-28 19:44:30.335] [CORC] [info] EndPosX=0.394042774942127, EndPosY=0.19254177915115567
[2025-11-28 19:44:30.411] [CORC] [info] TRPPPP
[2025-11-28 19:44:30.411] [CORC] [info] EndPosX=0.36312647518969154, EndPosY=0.24269371006689633
[2025-11-28 19:44:30.411] [CORC] [info] TREEEEEE
[2025-11-28 19:44:30.411] [CORC] [info] [TREN SEND] (t=123.583, dur=0.500208, reached=1, dist=0.0478343, effort=446.389, trialScore=1, mode=1, cur=4, max=99, v1_suc=3, v1_tar=10, v2_sco=0, dirCode=1)
[2025-11-28 19:44:30.411] [CORC] [info] TRIAL: finished (reachedC=true, timeout=true) -> WAIT_START. Awaiting STRT.
[2025-11-28 19:44:30.911] [CORC] [info] WAIT_START cfg: pLeft=0.903, mode=1, targetSucc=10, maxTrials=99, V1=3/4, V2Score=0.000(0), finishedFlag=0
[2025-11-28 19:44:30.911] [CORC] [info] F=(8.609,0.344), |F|=8.616
[2025-11-28 19:44:32.439] [CORC] [info] GLOBAL: RSTA -> TO_A
[2025-11-28 19:44:34.122] [CORC] [info] TO_A -> WAIT_START (betweenTrials=1)
[2025-11-28 19:44:34.124] [CORC] [info] HLKD -> k_hold=1800.0, d_hold=35.0
[2025-11-28 19:44:34.913] [CORC] [info] WAIT_START cfg: pLeft=0.903, mode=1, targetSucc=10, maxTrials=99, V1=3/4, V2Score=0.000(0), finishedFlag=0
[2025-11-28 19:44:34.913] [CORC] [info] F=(-53.032,-42.013), |F|=67.657
[2025-11-28 19:44:36.913] [CORC] [info] WAIT_START cfg: pLeft=0.903, mode=1, targetSucc=10, maxTrials=99, V1=3/4, V2Score=0.000(0), finishedFlag=0
[2025-11-28 19:44:36.914] [CORC] [info] F=(-38.225,-43.046), |F|=57.568
[2025-11-28 19:44:37.462] [CORC] [info] GLOBAL: STRT captured (pendingStart=1, t=130.635)
[2025-11-28 19:44:37.462] [CORC] [info] meanNorm =52.171
[2025-11-28 19:44:37.463] [CORC] [info] WAIT_START: pendingStart consumed -> TRIAL (atA_hold=1)
[2025-11-28 19:44:37.464] [CORC] [info] TRIAL direction (deterministic): SIDE
[2025-11-28 19:44:37.464] [CORC] [info] TRBBBBB
[2025-11-28 19:44:37.464] [CORC] [info] TRIAL_BEGIN cfg: pLeft=0.903, mode=1, targetSucc=10, maxTrials=99, V1=3/4, V2Score=0.000(0)
[2025-11-28 19:44:37.910] [CORC] [info] TRPPPP
[2025-11-28 19:44:37.910] [CORC] [info] EndPosX=0.2778909029412716, EndPosY=0.15465719978997466
[2025-11-28 19:44:37.964] [CORC] [info] TRPPPP
[2025-11-28 19:44:37.964] [CORC] [info] EndPosX=0.28389399444560104, EndPosY=0.1934615466388934
[2025-11-28 19:44:37.964] [CORC] [info] TREEEEEE
[2025-11-28 19:44:37.964] [CORC] [info] [TREN SEND] (t=131.137, dur=0.500234, reached=1, dist=0.0460227, effort=247.757, trialScore=1, mode=1, cur=5, max=99, v1_suc=4, v1_tar=10, v2_sco=0, dirCode=-1)
[2025-11-28 19:44:37.964] [CORC] [info] TRIAL: finished (reachedC=true, timeout=true) -> WAIT_START. Awaiting STRT.
[2025-11-28 19:44:38.914] [CORC] [info] WAIT_START cfg: pLeft=0.903, mode=1, targetSucc=10, maxTrials=99, V1=4/5, V2Score=0.000(0), finishedFlag=0
[2025-11-28 19:44:38.915] [CORC] [info] F=(0.000,0.000), |F|=0.000
[2025-11-28 19:44:40.007] [CORC] [info] GLOBAL: RSTA -> TO_A
[2025-11-28 19:44:41.798] [CORC] [info] TO_A -> WAIT_START (betweenTrials=1)
[2025-11-28 19:44:41.800] [CORC] [info] HLKD -> k_hold=1800.0, d_hold=35.0
[2025-11-28 19:44:42.917] [CORC] [info] WAIT_START cfg: pLeft=0.903, mode=1, targetSucc=10, maxTrials=99, V1=4/5, V2Score=0.000(0), finishedFlag=0
[2025-11-28 19:44:42.917] [CORC] [info] F=(-2.411,-13.086), |F|=13.306
[2025-11-28 19:44:44.917] [CORC] [info] WAIT_START cfg: pLeft=0.903, mode=1, targetSucc=10, maxTrials=99, V1=4/5, V2Score=0.000(0), finishedFlag=0
[2025-11-28 19:44:44.917] [CORC] [info] F=(-44.768,-45.801), |F|=64.046
[2025-11-28 19:44:45.040] [CORC] [info] GLOBAL: STRT captured (pendingStart=1, t=138.212)
[2025-11-28 19:44:45.040] [CORC] [info] meanNorm =63.624
[2025-11-28 19:44:45.041] [CORC] [info] WAIT_START: pendingStart consumed -> TRIAL (atA_hold=1)
[2025-11-28 19:44:45.041] [CORC] [info] TRIAL direction (deterministic): SIDE
[2025-11-28 19:44:45.041] [CORC] [info] TRBBBBB
[2025-11-28 19:44:45.041] [CORC] [info] TRIAL_BEGIN cfg: pLeft=0.903, mode=1, targetSucc=10, maxTrials=99, V1=4/5, V2Score=0.000(0)
[2025-11-28 19:44:45.436] [CORC] [info] TRPPPP
[2025-11-28 19:44:45.436] [CORC] [info] EndPosX=0.297576955219971, EndPosY=0.14568662799598933
[2025-11-28 19:44:45.542] [CORC] [info] TRPPPP
[2025-11-28 19:44:45.542] [CORC] [info] EndPosX=0.31641515598734016, EndPosY=0.2111982974518112
[2025-11-28 19:44:45.542] [CORC] [info] TREEEEEE
[2025-11-28 19:44:45.542] [CORC] [info] [TREN SEND] (t=138.715, dur=0.50027, reached=1, dist=0.011381, effort=212.27, trialScore=1, mode=1, cur=6, max=99, v1_suc=5, v1_tar=10, v2_sco=0, dirCode=-1)
[2025-11-28 19:44:45.542] [CORC] [info] TRIAL: finished (reachedC=true, timeout=true) -> WAIT_START. Awaiting STRT.
[2025-11-28 19:44:46.918] [CORC] [info] WAIT_START cfg: pLeft=0.903, mode=1, targetSucc=10, maxTrials=99, V1=5/6, V2Score=0.000(0), finishedFlag=0
[2025-11-28 19:44:46.918] [CORC] [info] F=(0.000,-0.344), |F|=0.344
[2025-11-28 19:44:47.582] [CORC] [info] GLOBAL: RSTA -> TO_A
[2025-11-28 19:44:49.317] [CORC] [info] TO_A -> WAIT_START (betweenTrials=1)
[2025-11-28 19:44:49.319] [CORC] [info] HLKD -> k_hold=1800.0, d_hold=35.0
[2025-11-28 19:44:50.921] [CORC] [info] WAIT_START cfg: pLeft=0.903, mode=1, targetSucc=10, maxTrials=99, V1=5/6, V2Score=0.000(0), finishedFlag=0
[2025-11-28 19:44:50.921] [CORC] [info] F=(-47.522,-56.132), |F|=73.547
[2025-11-28 19:44:52.600] [CORC] [info] GLOBAL: STRT captured (pendingStart=1, t=145.773)
[2025-11-28 19:44:52.600] [CORC] [info] meanNorm =57.707
[2025-11-28 19:44:52.601] [CORC] [info] WAIT_START: pendingStart consumed -> TRIAL (atA_hold=1)
[2025-11-28 19:44:52.602] [CORC] [info] TRIAL direction (deterministic): SIDE
[2025-11-28 19:44:52.602] [CORC] [info] TRBBBBB
[2025-11-28 19:44:52.602] [CORC] [info] TRIAL_BEGIN cfg: pLeft=0.903, mode=1, targetSucc=10, maxTrials=99, V1=5/6, V2Score=0.000(0)
[2025-11-28 19:44:52.922] [CORC] [info] TRIAL status: t=0.320, n=0.135, effort=122.169, pLeft=0.903, mode=1, targetSucc=10, maxTrials=99
[2025-11-28 19:44:53.008] [CORC] [info] TRPPPP
[2025-11-28 19:44:53.008] [CORC] [info] EndPosX=0.29778513304641374, EndPosY=0.14559578676263252
[2025-11-28 19:44:53.102] [CORC] [info] TRPPPP
[2025-11-28 19:44:53.102] [CORC] [info] EndPosX=0.3021833627614394, EndPosY=0.20477128019181665
[2025-11-28 19:44:53.102] [CORC] [info] TREEEEEE
[2025-11-28 19:44:53.102] [CORC] [info] [TREN SEND] (t=146.275, dur=0.500124, reached=1, dist=0.0247843, effort=205.344, trialScore=1, mode=1, cur=7, max=99, v1_suc=6, v1_tar=10, v2_sco=0, dirCode=-1)
[2025-11-28 19:44:53.102] [CORC] [info] TRIAL: finished (reachedC=true, timeout=true) -> WAIT_START. Awaiting STRT.
[2025-11-28 19:44:54.923] [CORC] [info] WAIT_START cfg: pLeft=0.903, mode=1, targetSucc=10, maxTrials=99, V1=6/7, V2Score=0.000(0), finishedFlag=0
[2025-11-28 19:44:54.923] [CORC] [info] F=(0.000,0.000), |F|=0.000
[2025-11-28 19:44:55.119] [CORC] [info] GLOBAL: RSTA -> TO_A
[2025-11-28 19:44:56.678] [CORC] [info] TO_A -> WAIT_START (betweenTrials=1)
[2025-11-28 19:44:56.680] [CORC] [info] HLKD -> k_hold=1800.0, d_hold=35.0
[2025-11-28 19:44:56.925] [CORC] [info] WAIT_START cfg: pLeft=0.903, mode=1, targetSucc=10, maxTrials=99, V1=6/7, V2Score=0.000(0), finishedFlag=0
[2025-11-28 19:44:56.925] [CORC] [info] F=(-3.444,7.232), |F|=8.010
[2025-11-28 19:44:58.926] [CORC] [info] WAIT_START cfg: pLeft=0.903, mode=1, targetSucc=10, maxTrials=99, V1=6/7, V2Score=0.000(0), finishedFlag=0
[2025-11-28 19:44:58.926] [CORC] [info] F=(-41.668,-40.635), |F|=58.202
[2025-11-28 19:45:00.147] [CORC] [info] GLOBAL: STRT captured (pendingStart=1, t=153.320)
[2025-11-28 19:45:00.147] [CORC] [info] meanNorm =55.205
[2025-11-28 19:45:00.148] [CORC] [info] WAIT_START: pendingStart consumed -> TRIAL (atA_hold=1)
[2025-11-28 19:45:00.149] [CORC] [info] TRIAL direction (deterministic): SIDE
[2025-11-28 19:45:00.149] [CORC] [info] TRBBBBB
[2025-11-28 19:45:00.149] [CORC] [info] TRIAL_BEGIN cfg: pLeft=0.903, mode=1, targetSucc=10, maxTrials=99, V1=6/7, V2Score=0.000(0)
[2025-11-28 19:45:00.547] [CORC] [info] TRPPPP
[2025-11-28 19:45:00.547] [CORC] [info] EndPosX=0.3104574850996892, EndPosY=0.14310900799948975
[2025-11-28 19:45:00.649] [CORC] [info] TRPPPP
[2025-11-28 19:45:00.649] [CORC] [info] EndPosX=0.3257755880744818, EndPosY=0.20385908280685866
[2025-11-28 19:45:00.649] [CORC] [info] TREEEEEE
[2025-11-28 19:45:00.649] [CORC] [info] [TREN SEND] (t=153.822, dur=0.500176, reached=1, dist=0.0190381, effort=201.766, trialScore=1, mode=1, cur=8, max=99, v1_suc=7, v1_tar=10, v2_sco=0, dirCode=-1)
[2025-11-28 19:45:00.649] [CORC] [info] TRIAL: finished (reachedC=true, timeout=true) -> WAIT_START. Awaiting STRT.
[2025-11-28 19:45:00.927] [CORC] [info] WAIT_START cfg: pLeft=0.903, mode=1, targetSucc=10, maxTrials=99, V1=7/8, V2Score=0.000(0), finishedFlag=0
[2025-11-28 19:45:00.927] [CORC] [info] F=(0.000,-8.265), |F|=8.265
[2025-11-28 19:45:02.666] [CORC] [info] GLOBAL: RSTA -> TO_A
[2025-11-28 19:45:04.182] [CORC] [info] TO_A -> WAIT_START (betweenTrials=1)
[2025-11-28 19:45:04.184] [CORC] [info] HLKD -> k_hold=1800.0, d_hold=35.0
[2025-11-28 19:45:04.929] [CORC] [info] WAIT_START cfg: pLeft=0.903, mode=1, targetSucc=10, maxTrials=99, V1=7/8, V2Score=0.000(0), finishedFlag=0
[2025-11-28 19:45:04.929] [CORC] [info] F=(3.788,2.755), |F|=4.684
[2025-11-28 19:45:06.930] [CORC] [info] WAIT_START cfg: pLeft=0.903, mode=1, targetSucc=10, maxTrials=99, V1=7/8, V2Score=0.000(0), finishedFlag=0
[2025-11-28 19:45:06.930] [CORC] [info] F=(-40.291,-44.768), |F|=60.229
[2025-11-28 19:45:07.700] [CORC] [info] GLOBAL: STRT captured (pendingStart=1, t=160.873)
[2025-11-28 19:45:07.700] [CORC] [info] meanNorm =60.061
[2025-11-28 19:45:07.701] [CORC] [info] WAIT_START: pendingStart consumed -> TRIAL (atA_hold=1)
[2025-11-28 19:45:07.702] [CORC] [info] TRIAL direction (deterministic): SIDE
[2025-11-28 19:45:07.702] [CORC] [info] TRBBBBB
[2025-11-28 19:45:07.702] [CORC] [info] TRIAL_BEGIN cfg: pLeft=0.903, mode=1, targetSucc=10, maxTrials=99, V1=7/8, V2Score=0.000(0)
[2025-11-28 19:45:08.060] [CORC] [info] TRPPPP
[2025-11-28 19:45:08.060] [CORC] [info] EndPosX=0.3227134815000792, EndPosY=0.14265480183270568
[2025-11-28 19:45:08.202] [CORC] [info] TRPPPP
[2025-11-28 19:45:08.202] [CORC] [info] EndPosX=0.3397007921378033, EndPosY=0.24171338175692073
[2025-11-28 19:45:08.202] [CORC] [info] TREEEEEE
[2025-11-28 19:45:08.202] [CORC] [info] [TREN SEND] (t=161.375, dur=0.500134, reached=1, dist=0.02787, effort=186.287, trialScore=1, mode=1, cur=9, max=99, v1_suc=8, v1_tar=10, v2_sco=0, dirCode=-1)
[2025-11-28 19:45:08.202] [CORC] [info] TRIAL: finished (reachedC=true, timeout=true) -> WAIT_START. Awaiting STRT.
[2025-11-28 19:45:08.931] [CORC] [info] WAIT_START cfg: pLeft=0.903, mode=1, targetSucc=10, maxTrials=99, V1=8/9, V2Score=0.000(0), finishedFlag=0
[2025-11-28 19:45:08.931] [CORC] [info] F=(0.000,0.000), |F|=0.000
[2025-11-28 19:45:10.229] [CORC] [info] GLOBAL: RSTA -> TO_A
[2025-11-28 19:45:12.006] [CORC] [info] TO_A -> WAIT_START (betweenTrials=1)
[2025-11-28 19:45:12.008] [CORC] [info] HLKD -> k_hold=1800.0, d_hold=35.0
[2025-11-28 19:45:12.933] [CORC] [info] WAIT_START cfg: pLeft=0.903, mode=1, targetSucc=10, maxTrials=99, V1=8/9, V2Score=0.000(0), finishedFlag=0
[2025-11-28 19:45:12.933] [CORC] [info] F=(0.000,-17.218), |F|=17.218
[2025-11-28 19:45:14.934] [CORC] [info] WAIT_START cfg: pLeft=0.903, mode=1, targetSucc=10, maxTrials=99, V1=8/9, V2Score=0.000(0), finishedFlag=0
[2025-11-28 19:45:14.934] [CORC] [info] F=(-38.569,-54.754), |F|=66.975
[2025-11-28 19:45:15.257] [CORC] [info] GLOBAL: STRT captured (pendingStart=1, t=168.430)
[2025-11-28 19:45:15.257] [CORC] [info] meanNorm =64.935
[2025-11-28 19:45:15.258] [CORC] [info] WAIT_START: pendingStart consumed -> TRIAL (atA_hold=1)
[2025-11-28 19:45:15.258] [CORC] [info] TRIAL direction (deterministic): SIDE
[2025-11-28 19:45:15.259] [CORC] [info] TRBBBBB
[2025-11-28 19:45:15.259] [CORC] [info] TRIAL_BEGIN cfg: pLeft=0.903, mode=1, targetSucc=10, maxTrials=99, V1=8/9, V2Score=0.000(0)
[2025-11-28 19:45:15.679] [CORC] [info] TRPPPP
[2025-11-28 19:45:15.679] [CORC] [info] EndPosX=0.3072780419322007, EndPosY=0.1435897095260029
[2025-11-28 19:45:15.759] [CORC] [info] TRPPPP
[2025-11-28 19:45:15.759] [CORC] [info] EndPosX=0.3191593182449939, EndPosY=0.19789005676503804
[2025-11-28 19:45:15.759] [CORC] [info] TREEEEEE
[2025-11-28 19:45:15.759] [CORC] [info] [TREN SEND] (t=168.932, dur=0.500167, reached=1, dist=0.0241246, effort=184.858, trialScore=1, mode=1, cur=10, max=99, v1_suc=9, v1_tar=10, v2_sco=0, dirCode=-1)
[2025-11-28 19:45:15.759] [CORC] [info] TRIAL: finished (reachedC=true, timeout=true) -> WAIT_START. Awaiting STRT.
[2025-11-28 19:45:16.935] [CORC] [info] WAIT_START cfg: pLeft=0.903, mode=1, targetSucc=10, maxTrials=99, V1=9/10, V2Score=0.000(0), finishedFlag=0
[2025-11-28 19:45:16.935] [CORC] [info] F=(0.000,0.000), |F|=0.000
[2025-11-28 19:45:17.774] [CORC] [info] GLOBAL: RSTA -> TO_A
[2025-11-28 19:45:19.481] [CORC] [info] TO_A -> WAIT_START (betweenTrials=1)
[2025-11-28 19:45:19.483] [CORC] [info] HLKD -> k_hold=1800.0, d_hold=35.0
[2025-11-28 19:45:20.937] [CORC] [info] WAIT_START cfg: pLeft=0.903, mode=1, targetSucc=10, maxTrials=99, V1=9/10, V2Score=0.000(0), finishedFlag=0
[2025-11-28 19:45:20.937] [CORC] [info] F=(-41.668,-56.132), |F|=69.907
[2025-11-28 19:45:22.798] [CORC] [info] GLOBAL: STRT captured (pendingStart=1, t=175.971)
[2025-11-28 19:45:22.798] [CORC] [info] meanNorm =73.898
[2025-11-28 19:45:22.800] [CORC] [info] WAIT_START: pendingStart consumed -> TRIAL (atA_hold=1)
[2025-11-28 19:45:22.800] [CORC] [info] TRIAL direction (deterministic): SIDE
[2025-11-28 19:45:22.800] [CORC] [info] TRBBBBB
[2025-11-28 19:45:22.800] [CORC] [info] TRIAL_BEGIN cfg: pLeft=0.903, mode=1, targetSucc=10, maxTrials=99, V1=9/10, V2Score=0.000(0)
[2025-11-28 19:45:22.938] [CORC] [info] TRIAL status: t=0.138, n=0.170, effort=30.169, pLeft=0.903, mode=1, targetSucc=10, maxTrials=99
[2025-11-28 19:45:23.112] [CORC] [info] TRPPPP
[2025-11-28 19:45:23.113] [CORC] [info] EndPosX=0.32256207944448456, EndPosY=0.14286297965914838
[2025-11-28 19:45:23.301] [CORC] [info] TRPPPP
[2025-11-28 19:45:23.301] [CORC] [info] EndPosX=0.36269497933124667, EndPosY=0.2532880689071347
[2025-11-28 19:45:23.301] [CORC] [info] TREEEEEE
[2025-11-28 19:45:23.301] [CORC] [info] [TREN SEND] (t=176.473, dur=0.500216, reached=1, dist=0.0529321, effort=182.82, trialScore=1, mode=1, cur=11, max=99, v1_suc=10, v1_tar=10, v2_sco=0, dirCode=-1)
[2025-11-28 19:45:23.303] [CORC] [info] SESSSSS
[2025-11-28 19:45:23.303] [CORC] [info] Exited M2 Probabilistic Move state...
[2025-11-28 19:45:23.303] [CORC] [info] Entering M2 Standby state...
[2025-11-28 19:45:23.327] [CORC] [warning] Applicaton thread time overflow: 24.292ms (>2.0ms) !
[2025-11-28 19:45:55.325] [CORC] [info] [TRANS] accepting BGIN -> toProb
[2025-11-28 19:45:55.325] [CORC] [info] Exited M2 Standby state...
[2025-11-28 19:45:55.325] [CORC] [info] Entering M2 Probabilistic Move state...
[2025-11-28 19:45:55.349] [CORC] [info] [STATIC] Loaded 0 up and 0 left perturbation samples (hard-coded).
[2025-11-28 19:45:55.349] [CORC] [info] [SCHEDULE] Built seeded schedule (total=10, leftCount=9, seed=1661471, attempts=1)
[2025-11-28 19:45:55.349] [CORC] [warning] Applicaton thread time overflow: 23.816ms (>2.0ms) !
[2025-11-28 19:45:57.808] [CORC] [info] TO_A -> WAIT_START (betweenTrials=1)
[2025-11-28 19:45:59.351] [CORC] [info] WAIT_START cfg: pLeft=0.903, mode=1, targetSucc=10, maxTrials=99, V1=0/0, V2Score=0.000(0), finishedFlag=0
[2025-11-28 19:45:59.351] [CORC] [info] F=(-2.411,2.755), |F|=3.661
[2025-11-28 19:46:00.774] [CORC] [info] [SCHEDULE] Built seeded schedule (total=10, leftCount=7, seed=1661471, attempts=1)
[2025-11-28 19:46:00.774] [CORC] [info] GLOBAL: S_PB applied -> pLeft=0.703
[2025-11-28 19:46:01.352] [CORC] [info] WAIT_START cfg: pLeft=0.703, mode=1, targetSucc=10, maxTrials=99, V1=0/0, V2Score=0.000(0), finishedFlag=0
[2025-11-28 19:46:01.352] [CORC] [info] F=(-3.099,2.755), |F|=4.147
[2025-11-28 19:46:03.045] [CORC] [info] BETWEEN-TRIALS: S_MT -> maxTrials=99
[2025-11-28 19:46:03.353] [CORC] [info] WAIT_START cfg: pLeft=0.703, mode=1, targetSucc=10, maxTrials=99, V1=0/0, V2Score=0.000(0), finishedFlag=0
[2025-11-28 19:46:03.353] [CORC] [info] F=(-3.099,2.066), |F|=3.725
[2025-11-28 19:46:05.192] [CORC] [info] [SCHEDULE] Built seeded schedule (total=10, leftCount=7, seed=1661471, attempts=1)
[2025-11-28 19:46:05.192] [CORC] [info] GLOBAL: S_PB applied -> pLeft=0.703
[2025-11-28 19:46:05.354] [CORC] [info] WAIT_START cfg: pLeft=0.703, mode=1, targetSucc=10, maxTrials=99, V1=0/0, V2Score=0.000(0), finishedFlag=0
[2025-11-28 19:46:05.354] [CORC] [info] F=(-2.411,2.066), |F|=3.175
[2025-11-28 19:46:07.175] [CORC] [info] BETWEEN-TRIALS: S_MT -> maxTrials=99
[2025-11-28 19:46:07.355] [CORC] [info] WAIT_START cfg: pLeft=0.703, mode=1, targetSucc=10, maxTrials=99, V1=0/0, V2Score=0.000(0), finishedFlag=0
[2025-11-28 19:46:07.355] [CORC] [info] F=(-2.411,2.066), |F|=3.175
[2025-11-28 19:46:09.356] [CORC] [info] WAIT_START cfg: pLeft=0.703, mode=1, targetSucc=10, maxTrials=99, V1=0/0, V2Score=0.000(0), finishedFlag=0
[2025-11-28 19:46:09.356] [CORC] [info] F=(-2.411,2.755), |F|=3.661
[2025-11-28 19:46:11.357] [CORC] [info] WAIT_START cfg: pLeft=0.703, mode=1, targetSucc=10, maxTrials=99, V1=0/0, V2Score=0.000(0), finishedFlag=0
[2025-11-28 19:46:11.357] [CORC] [info] F=(-2.411,2.755), |F|=3.661
[2025-11-28 19:46:13.358] [CORC] [info] WAIT_START cfg: pLeft=0.703, mode=1, targetSucc=10, maxTrials=99, V1=0/0, V2Score=0.000(0), finishedFlag=0
[2025-11-28 19:46:13.358] [CORC] [info] F=(-2.411,2.066), |F|=3.175
[2025-11-28 19:46:15.359] [CORC] [info] WAIT_START cfg: pLeft=0.703, mode=1, targetSucc=10, maxTrials=99, V1=0/0, V2Score=0.000(0), finishedFlag=0
[2025-11-28 19:46:15.359] [CORC] [info] F=(-2.411,2.066), |F|=3.175
[2025-11-28 19:46:17.360] [CORC] [info] WAIT_START cfg: pLeft=0.703, mode=1, targetSucc=10, maxTrials=99, V1=0/0, V2Score=0.000(0), finishedFlag=0
[2025-11-28 19:46:17.360] [CORC] [info] F=(-2.411,2.066), |F|=3.175
[2025-11-28 19:46:19.361] [CORC] [info] WAIT_START cfg: pLeft=0.703, mode=1, targetSucc=10, maxTrials=99, V1=0/0, V2Score=0.000(0), finishedFlag=0
[2025-11-28 19:46:19.361] [CORC] [info] F=(-2.411,2.066), |F|=3.175
[2025-11-28 19:46:21.362] [CORC] [info] WAIT_START cfg: pLeft=0.703, mode=1, targetSucc=10, maxTrials=99, V1=0/0, V2Score=0.000(0), finishedFlag=0
[2025-11-28 19:46:21.362] [CORC] [info] F=(-2.411,2.755), |F|=3.661
[2025-11-28 19:46:23.363] [CORC] [info] WAIT_START cfg: pLeft=0.703, mode=1, targetSucc=10, maxTrials=99, V1=0/0, V2Score=0.000(0), finishedFlag=0
[2025-11-28 19:46:23.363] [CORC] [info] F=(-2.411,2.066), |F|=3.175
[2025-11-28 19:46:25.364] [CORC] [info] WAIT_START cfg: pLeft=0.703, mode=1, targetSucc=10, maxTrials=99, V1=0/0, V2Score=0.000(0), finishedFlag=0
[2025-11-28 19:46:25.364] [CORC] [info] F=(-2.411,2.066), |F|=3.175
[2025-11-28 19:46:27.365] [CORC] [info] WAIT_START cfg: pLeft=0.703, mode=1, targetSucc=10, maxTrials=99, V1=0/0, V2Score=0.000(0), finishedFlag=0
[2025-11-28 19:46:27.365] [CORC] [info] F=(-3.099,2.755), |F|=4.147
[2025-11-28 19:46:29.366] [CORC] [info] WAIT_START cfg: pLeft=0.703, mode=1, targetSucc=10, maxTrials=99, V1=0/0, V2Score=0.000(0), finishedFlag=0
[2025-11-28 19:46:29.366] [CORC] [info] F=(-3.099,2.066), |F|=3.725
[2025-11-28 19:46:31.367] [CORC] [info] WAIT_START cfg: pLeft=0.703, mode=1, targetSucc=10, maxTrials=99, V1=0/0, V2Score=0.000(0), finishedFlag=0
[2025-11-28 19:46:31.367] [CORC] [info] F=(-3.099,2.755), |F|=4.147
[2025-11-28 19:46:33.368] [CORC] [info] WAIT_START cfg: pLeft=0.703, mode=1, targetSucc=10, maxTrials=99, V1=0/0, V2Score=0.000(0), finishedFlag=0
[2025-11-28 19:46:33.368] [CORC] [info] F=(-3.099,2.755), |F|=4.147
[2025-11-28 19:46:35.369] [CORC] [info] WAIT_START cfg: pLeft=0.703, mode=1, targetSucc=10, maxTrials=99, V1=0/0, V2Score=0.000(0), finishedFlag=0
[2025-11-28 19:46:35.369] [CORC] [info] F=(-19.629,-0.344), |F|=19.632
[2025-11-28 19:46:36.267] [CORC] [info] GLOBAL: STRT captured (pendingStart=1, t=40.942)
[2025-11-28 19:46:36.267] [CORC] [info] meanNorm =58.136
[2025-11-28 19:46:36.268] [CORC] [info] WAIT_START: pendingStart consumed -> TRIAL (atA_hold=1)
[2025-11-28 19:46:36.269] [CORC] [info] TRIAL direction (deterministic): UP
[2025-11-28 19:46:36.269] [CORC] [info] TRBBBBB
[2025-11-28 19:46:36.269] [CORC] [info] TRIAL_BEGIN cfg: pLeft=0.703, mode=1, targetSucc=10, maxTrials=99, V1=0/0, V2Score=0.000(0)
[2025-11-28 19:46:36.769] [CORC] [info] TRPPPP
[2025-11-28 19:46:36.769] [CORC] [info] EndPosX=0.37377003969799816, EndPosY=0.23665276804866828
[2025-11-28 19:46:36.769] [CORC] [info] TREEEEEE
[2025-11-28 19:46:36.769] [CORC] [info] [TREN SEND] (t=41.4439, dur=0.500278, reached=1, dist=0.0557308, effort=360.366, trialScore=1, mode=1, cur=1, max=99, v1_suc=1, v1_tar=10, v2_sco=0, dirCode=1)
[2025-11-28 19:46:36.769] [CORC] [info] TRIAL: finished (reachedC=true, timeout=true) -> WAIT_START. Awaiting STRT.
[2025-11-28 19:46:37.370] [CORC] [info] WAIT_START cfg: pLeft=0.703, mode=1, targetSucc=10, maxTrials=99, V1=1/1, V2Score=0.000(0), finishedFlag=0
[2025-11-28 19:46:37.371] [CORC] [info] F=(0.000,0.000), |F|=0.000
[2025-11-28 19:46:38.799] [CORC] [info] GLOBAL: RSTA -> TO_A
[2025-11-28 19:46:40.539] [CORC] [info] TO_A -> WAIT_START (betweenTrials=1)
[2025-11-28 19:46:40.540] [CORC] [info] HLKD -> k_hold=1800.0, d_hold=35.0
[2025-11-28 19:46:41.373] [CORC] [info] WAIT_START cfg: pLeft=0.703, mode=1, targetSucc=10, maxTrials=99, V1=1/1, V2Score=0.000(0), finishedFlag=0
[2025-11-28 19:46:41.373] [CORC] [info] F=(-4.132,-19.284), |F|=19.722
[2025-11-28 19:46:43.374] [CORC] [info] WAIT_START cfg: pLeft=0.703, mode=1, targetSucc=10, maxTrials=99, V1=1/1, V2Score=0.000(0), finishedFlag=0
[2025-11-28 19:46:43.374] [CORC] [info] F=(-51.999,-40.291), |F|=65.782
[2025-11-28 19:46:43.834] [CORC] [info] GLOBAL: STRT captured (pendingStart=1, t=48.509)
[2025-11-28 19:46:43.834] [CORC] [info] meanNorm =63.171
[2025-11-28 19:46:43.835] [CORC] [info] WAIT_START: pendingStart consumed -> TRIAL (atA_hold=1)
[2025-11-28 19:46:43.836] [CORC] [info] TRIAL direction (deterministic): UP
[2025-11-28 19:46:43.836] [CORC] [info] TRBBBBB
[2025-11-28 19:46:43.836] [CORC] [info] TRIAL_BEGIN cfg: pLeft=0.703, mode=1, targetSucc=10, maxTrials=99, V1=1/1, V2Score=0.000(0)
[2025-11-28 19:46:44.180] [CORC] [info] TRPPPP
[2025-11-28 19:46:44.180] [CORC] [info] EndPosX=0.3812871517582745, EndPosY=0.1713152109567803
[2025-11-28 19:46:44.336] [CORC] [info] TRPPPP
[2025-11-28 19:46:44.336] [CORC] [info] EndPosX=0.3405902792144221, EndPosY=0.2629967257221441
[2025-11-28 19:46:44.336] [CORC] [info] TREEEEEE
[2025-11-28 19:46:44.336] [CORC] [info] [TREN SEND] (t=49.0109, dur=0.500268, reached=1, dist=0.0458769, effort=379.993, trialScore=1, mode=1, cur=2, max=99, v1_suc=2, v1_tar=10, v2_sco=0, dirCode=1)
[2025-11-28 19:46:44.336] [CORC] [info] TRIAL: finished (reachedC=true, timeout=true) -> WAIT_START. Awaiting STRT.
[2025-11-28 19:46:45.375] [CORC] [info] WAIT_START cfg: pLeft=0.703, mode=1, targetSucc=10, maxTrials=99, V1=2/2, V2Score=0.000(0), finishedFlag=0
[2025-11-28 19:46:45.375] [CORC] [info] F=(0.344,0.000), |F|=0.344
[2025-11-28 19:46:46.361] [CORC] [info] GLOBAL: RSTA -> TO_A
[2025-11-28 19:46:48.094] [CORC] [info] TO_A -> WAIT_START (betweenTrials=1)
[2025-11-28 19:46:48.096] [CORC] [info] HLKD -> k_hold=1800.0, d_hold=35.0
[2025-11-28 19:46:49.376] [CORC] [info] WAIT_START cfg: pLeft=0.703, mode=1, targetSucc=10, maxTrials=99, V1=2/2, V2Score=0.000(0), finishedFlag=0
[2025-11-28 19:46:49.377] [CORC] [info] F=(-54.754,-48.211), |F|=72.954
[2025-11-28 19:46:51.377] [CORC] [info] WAIT_START cfg: pLeft=0.703, mode=1, targetSucc=10, maxTrials=99, V1=2/2, V2Score=0.000(0), finishedFlag=0
[2025-11-28 19:46:51.378] [CORC] [info] F=(-45.801,-32.715), |F|=56.285
[2025-11-28 19:46:51.389] [CORC] [info] GLOBAL: STRT captured (pendingStart=1, t=56.064)
[2025-11-28 19:46:51.390] [CORC] [info] meanNorm =57.594
[2025-11-28 19:46:51.391] [CORC] [info] WAIT_START: pendingStart consumed -> TRIAL (atA_hold=1)
[2025-11-28 19:46:51.391] [CORC] [info] TRIAL direction (deterministic): SIDE
[2025-11-28 19:46:51.391] [CORC] [info] TRBBBBB
[2025-11-28 19:46:51.391] [CORC] [info] TRIAL_BEGIN cfg: pLeft=0.703, mode=1, targetSucc=10, maxTrials=99, V1=2/2, V2Score=0.000(0)
[2025-11-28 19:46:51.826] [CORC] [info] TRPPPP
[2025-11-28 19:46:51.826] [CORC] [info] EndPosX=0.3180200177766439, EndPosY=0.1424239136979238
[2025-11-28 19:46:51.892] [CORC] [info] TRPPPP
[2025-11-28 19:46:51.892] [CORC] [info] EndPosX=0.32485960563813393, EndPosY=0.1962776248729546
[2025-11-28 19:46:51.892] [CORC] [info] TREEEEEE
[2025-11-28 19:46:51.892] [CORC] [info] [TREN SEND] (t=56.5663, dur=0.500258, reached=1, dist=0.0261774, effort=204.259, trialScore=1, mode=1, cur=3, max=99, v1_suc=3, v1_tar=10, v2_sco=0, dirCode=-1)
[2025-11-28 19:46:51.892] [CORC] [info] TRIAL: finished (reachedC=true, timeout=true) -> WAIT_START. Awaiting STRT.
[2025-11-28 19:46:53.378] [CORC] [info] WAIT_START cfg: pLeft=0.703, mode=1, targetSucc=10, maxTrials=99, V1=3/3, V2Score=0.000(0), finishedFlag=0
[2025-11-28 19:46:53.379] [CORC] [info] F=(0.000,0.000), |F|=0.000
[2025-11-28 19:46:53.917] [CORC] [info] GLOBAL: RSTA -> TO_A
[2025-11-28 19:46:55.509] [CORC] [info] TO_A -> WAIT_START (betweenTrials=1)
[2025-11-28 19:46:55.511] [CORC] [info] HLKD -> k_hold=1800.0, d_hold=35.0
[2025-11-28 19:46:57.380] [CORC] [info] WAIT_START cfg: pLeft=0.703, mode=1, targetSucc=10, maxTrials=99, V1=3/3, V2Score=0.000(0), finishedFlag=0
[2025-11-28 19:46:57.380] [CORC] [info] F=(-52.344,-50.277), |F|=72.579
[2025-11-28 19:46:58.937] [CORC] [info] GLOBAL: STRT captured (pendingStart=1, t=63.612)
[2025-11-28 19:46:58.937] [CORC] [info] meanNorm =71.088
[2025-11-28 19:46:58.938] [CORC] [info] WAIT_START: pendingStart consumed -> TRIAL (atA_hold=1)
[2025-11-28 19:46:58.939] [CORC] [info] TRIAL direction (deterministic): UP
[2025-11-28 19:46:58.939] [CORC] [info] TRBBBBB
[2025-11-28 19:46:58.939] [CORC] [info] TRIAL_BEGIN cfg: pLeft=0.703, mode=1, targetSucc=10, maxTrials=99, V1=3/3, V2Score=0.000(0)
[2025-11-28 19:46:59.273] [CORC] [info] TRPPPP
[2025-11-28 19:46:59.273] [CORC] [info] EndPosX=0.3906627240509756, EndPosY=0.18460831143799397
[2025-11-28 19:46:59.381] [CORC] [info] TRIAL status: t=0.442, n=0.053, effort=353.074, pLeft=0.703, mode=1, targetSucc=10, maxTrials=99
[2025-11-28 19:46:59.440] [CORC] [info] TRPPPP
[2025-11-28 19:46:59.440] [CORC] [info] EndPosX=0.35048061849614515, EndPosY=0.290593535405666
[2025-11-28 19:46:59.440] [CORC] [info] TREEEEEE
[2025-11-28 19:46:59.440] [CORC] [info] [TREN SEND] (t=64.1141, dur=0.500267, reached=1, dist=0.0750609, effort=391.276, trialScore=1, mode=1, cur=4, max=99, v1_suc=4, v1_tar=10, v2_sco=0, dirCode=1)
[2025-11-28 19:46:59.440] [CORC] [info] TRIAL: finished (reachedC=true, timeout=true) -> WAIT_START. Awaiting STRT.
[2025-11-28 19:47:01.383] [CORC] [info] WAIT_START cfg: pLeft=0.703, mode=1, targetSucc=10, maxTrials=99, V1=4/4, V2Score=0.000(0), finishedFlag=0
[2025-11-28 19:47:01.383] [CORC] [info] F=(0.000,0.000), |F|=0.000
[2025-11-28 19:47:01.469] [CORC] [info] GLOBAL: RSTA -> TO_A
[2025-11-28 19:47:03.286] [CORC] [info] TO_A -> WAIT_START (betweenTrials=1)
[2025-11-28 19:47:03.288] [CORC] [info] HLKD -> k_hold=1800.0, d_hold=35.0
[2025-11-28 19:47:03.384] [CORC] [info] WAIT_START cfg: pLeft=0.703, mode=1, targetSucc=10, maxTrials=99, V1=4/4, V2Score=0.000(0), finishedFlag=0
[2025-11-28 19:47:03.384] [CORC] [info] F=(-15.152,-87.813), |F|=89.111
[2025-11-28 19:47:05.385] [CORC] [info] WAIT_START cfg: pLeft=0.703, mode=1, targetSucc=10, maxTrials=99, V1=4/4, V2Score=0.000(0), finishedFlag=0
[2025-11-28 19:47:05.385] [CORC] [info] F=(-39.946,-68.529), |F|=79.322
[2025-11-28 19:47:06.492] [CORC] [info] GLOBAL: STRT captured (pendingStart=1, t=71.166)
[2025-11-28 19:47:06.492] [CORC] [info] meanNorm =74.392
[2025-11-28 19:47:06.493] [CORC] [info] WAIT_START: pendingStart consumed -> TRIAL (atA_hold=1)
[2025-11-28 19:47:06.494] [CORC] [info] TRIAL direction (deterministic): SIDE
[2025-11-28 19:47:06.494] [CORC] [info] TRBBBBB
[2025-11-28 19:47:06.494] [CORC] [info] TRIAL_BEGIN cfg: pLeft=0.703, mode=1, targetSucc=10, maxTrials=99, V1=4/4, V2Score=0.000(0)
[2025-11-28 19:47:06.860] [CORC] [info] TRPPPP
[2025-11-28 19:47:06.860] [CORC] [info] EndPosX=0.3057034605540159, EndPosY=0.14360863478295222
[2025-11-28 19:47:06.994] [CORC] [info] TRPPPP
[2025-11-28 19:47:06.994] [CORC] [info] EndPosX=0.3296439105949261, EndPosY=0.23293206253242876
[2025-11-28 19:47:06.994] [CORC] [info] TREEEEEE
[2025-11-28 19:47:06.994] [CORC] [info] [TREN SEND] (t=71.6686, dur=0.500233, reached=1, dist=0.0145779, effort=183.36, trialScore=1, mode=1, cur=5, max=99, v1_suc=5, v1_tar=10, v2_sco=0, dirCode=-1)
[2025-11-28 19:47:06.994] [CORC] [info] TRIAL: finished (reachedC=true, timeout=true) -> WAIT_START. Awaiting STRT.
[2025-11-28 19:47:07.386] [CORC] [info] WAIT_START cfg: pLeft=0.703, mode=1, targetSucc=10, maxTrials=99, V1=5/5, V2Score=0.000(0), finishedFlag=0
[2025-11-28 19:47:07.386] [CORC] [info] F=(0.000,0.000), |F|=0.000
[2025-11-28 19:47:09.029] [CORC] [info] GLOBAL: RSTA -> TO_A
[2025-11-28 19:47:11.764] [CORC] [info] TO_A -> WAIT_START (betweenTrials=1)
[2025-11-28 19:47:11.766] [CORC] [info] HLKD -> k_hold=1800.0, d_hold=35.0
[2025-11-28 19:47:13.389] [CORC] [info] WAIT_START cfg: pLeft=0.703, mode=1, targetSucc=10, maxTrials=99, V1=5/5, V2Score=0.000(0), finishedFlag=0
[2025-11-28 19:47:13.390] [CORC] [info] F=(-56.132,-79.204), |F|=97.078
[2025-11-28 19:47:14.052] [CORC] [info] GLOBAL: STRT captured (pendingStart=1, t=78.726)
[2025-11-28 19:47:14.052] [CORC] [info] meanNorm =93.006
[2025-11-28 19:47:14.053] [CORC] [info] WAIT_START: pendingStart consumed -> TRIAL (atA_hold=1)
[2025-11-28 19:47:14.054] [CORC] [info] TRIAL direction (deterministic): SIDE
[2025-11-28 19:47:14.054] [CORC] [info] TRBBBBB
[2025-11-28 19:47:14.054] [CORC] [info] TRIAL_BEGIN cfg: pLeft=0.703, mode=1, targetSucc=10, maxTrials=99, V1=5/5, V2Score=0.000(0)
[2025-11-28 19:47:14.372] [CORC] [info] TRPPPP
[2025-11-28 19:47:14.372] [CORC] [info] EndPosX=0.3447235553321571, EndPosY=0.14606891818636591
[2025-11-28 19:47:14.554] [CORC] [info] TRPPPP
[2025-11-28 19:47:14.554] [CORC] [info] EndPosX=0.35403856680262036, EndPosY=0.2679248626317512
[2025-11-28 19:47:14.554] [CORC] [info] TREEEEEE
[2025-11-28 19:47:14.554] [CORC] [info] [TREN SEND] (t=79.2286, dur=0.500292, reached=1, dist=0.0571639, effort=160.835, trialScore=1, mode=1, cur=6, max=99, v1_suc=6, v1_tar=10, v2_sco=0, dirCode=-1)
[2025-11-28 19:47:14.554] [CORC] [info] TRIAL: finished (reachedC=true, timeout=true) -> WAIT_START. Awaiting STRT.
[2025-11-28 19:47:15.390] [CORC] [info] WAIT_START cfg: pLeft=0.703, mode=1, targetSucc=10, maxTrials=99, V1=6/6, V2Score=0.000(0), finishedFlag=0
[2025-11-28 19:47:15.390] [CORC] [info] F=(0.000,0.000), |F|=0.000
[2025-11-28 19:47:16.595] [CORC] [info] GLOBAL: RSTA -> TO_A
[2025-11-28 19:47:18.626] [CORC] [info] TO_A -> WAIT_START (betweenTrials=1)
[2025-11-28 19:47:18.628] [CORC] [info] HLKD -> k_hold=1800.0, d_hold=35.0
[2025-11-28 19:47:19.392] [CORC] [info] WAIT_START cfg: pLeft=0.703, mode=1, targetSucc=10, maxTrials=99, V1=6/6, V2Score=0.000(0), finishedFlag=0
[2025-11-28 19:47:19.392] [CORC] [info] F=(-5.854,-27.205), |F|=27.828
[2025-11-28 19:47:21.393] [CORC] [info] WAIT_START cfg: pLeft=0.703, mode=1, targetSucc=10, maxTrials=99, V1=6/6, V2Score=0.000(0), finishedFlag=0
[2025-11-28 19:47:21.393] [CORC] [info] F=(-44.768,-55.443), |F|=71.260
[2025-11-28 19:47:21.621] [CORC] [info] GLOBAL: STRT captured (pendingStart=1, t=86.296)
[2025-11-28 19:47:21.621] [CORC] [info] meanNorm =70.536
[2025-11-28 19:47:21.622] [CORC] [info] WAIT_START: pendingStart consumed -> TRIAL (atA_hold=1)
[2025-11-28 19:47:21.623] [CORC] [info] TRIAL direction (deterministic): SIDE
[2025-11-28 19:47:21.623] [CORC] [info] TRBBBBB
[2025-11-28 19:47:21.623] [CORC] [info] TRIAL_BEGIN cfg: pLeft=0.703, mode=1, targetSucc=10, maxTrials=99, V1=6/6, V2Score=0.000(0)
[2025-11-28 19:47:21.968] [CORC] [info] TRPPPP
[2025-11-28 19:47:21.968] [CORC] [info] EndPosX=0.27855707198588825, EndPosY=0.15428626475376767
[2025-11-28 19:47:22.124] [CORC] [info] TRPPPP
[2025-11-28 19:47:22.124] [CORC] [info] EndPosX=0.31691478277080265, EndPosY=0.25954854390597504
[2025-11-28 19:47:22.124] [CORC] [info] TREEEEEE
[2025-11-28 19:47:22.124] [CORC] [info] [TREN SEND] (t=86.7983, dur=0.50029, reached=1, dist=0.0376751, effort=227.662, trialScore=1, mode=1, cur=7, max=99, v1_suc=7, v1_tar=10, v2_sco=0, dirCode=-1)
[2025-11-28 19:47:22.124] [CORC] [info] TRIAL: finished (reachedC=true, timeout=true) -> WAIT_START. Awaiting STRT.
[2025-11-28 19:47:23.394] [CORC] [info] WAIT_START cfg: pLeft=0.703, mode=1, targetSucc=10, maxTrials=99, V1=7/7, V2Score=0.000(0), finishedFlag=0
[2025-11-28 19:47:23.394] [CORC] [info] F=(0.000,0.344), |F|=0.344
[2025-11-28 19:47:24.144] [CORC] [info] GLOBAL: RSTA -> TO_A
[2025-11-28 19:47:26.059] [CORC] [info] TO_A -> WAIT_START (betweenTrials=1)
[2025-11-28 19:47:26.061] [CORC] [info] HLKD -> k_hold=1800.0, d_hold=35.0
[2025-11-28 19:47:27.396] [CORC] [info] WAIT_START cfg: pLeft=0.703, mode=1, targetSucc=10, maxTrials=99, V1=7/7, V2Score=0.000(0), finishedFlag=0
[2025-11-28 19:47:27.396] [CORC] [info] F=(-5.165,0.000), |F|=5.165
[2025-11-28 19:47:29.167] [CORC] [info] GLOBAL: STRT captured (pendingStart=1, t=93.842)
[2025-11-28 19:47:29.167] [CORC] [info] meanNorm =54.342
[2025-11-28 19:47:29.169] [CORC] [info] WAIT_START: pendingStart consumed -> TRIAL (atA_hold=1)
[2025-11-28 19:47:29.169] [CORC] [warning] Applicaton thread time overflow: 2.457ms (>2.0ms) !
[2025-11-28 19:47:29.169] [CORC] [info] TRIAL direction (deterministic): SIDE
[2025-11-28 19:47:29.169] [CORC] [info] TRBBBBB
[2025-11-28 19:47:29.169] [CORC] [info] TRIAL_BEGIN cfg: pLeft=0.703, mode=1, targetSucc=10, maxTrials=99, V1=7/7, V2Score=0.000(0)
[2025-11-28 19:47:29.397] [CORC] [info] TRIAL status: t=0.228, n=0.165, effort=65.688, pLeft=0.703, mode=1, targetSucc=10, maxTrials=99
[2025-11-28 19:47:29.563] [CORC] [info] TRPPPP
[2025-11-28 19:47:29.564] [CORC] [info] EndPosX=0.3028457467546662, EndPosY=0.1453762537820202
[2025-11-28 19:47:29.669] [CORC] [info] TRPPPP
[2025-11-28 19:47:29.670] [CORC] [info] EndPosX=0.3219337609137666, EndPosY=0.22227335781856267
[2025-11-28 19:47:29.670] [CORC] [info] TREEEEEE
[2025-11-28 19:47:29.670] [CORC] [info] [TREN SEND] (t=94.3441, dur=0.500153, reached=1, dist=0.00195299, effort=200.032, trialScore=1, mode=1, cur=8, max=99, v1_suc=8, v1_tar=10, v2_sco=0, dirCode=-1)
[2025-11-28 19:47:29.670] [CORC] [info] TRIAL: finished (reachedC=true, timeout=true) -> WAIT_START. Awaiting STRT.
[2025-11-28 19:47:31.399] [CORC] [info] WAIT_START cfg: pLeft=0.703, mode=1, targetSucc=10, maxTrials=99, V1=8/8, V2Score=0.000(0), finishedFlag=0
[2025-11-28 19:47:31.399] [CORC] [info] F=(0.000,0.000), |F|=0.000
[2025-11-28 19:47:31.703] [CORC] [info] GLOBAL: RSTA -> TO_A
[2025-11-28 19:47:33.440] [CORC] [info] TO_A -> WAIT_START (betweenTrials=1)
[2025-11-28 19:47:33.442] [CORC] [info] HLKD -> k_hold=1800.0, d_hold=35.0
[2025-11-28 19:47:35.400] [CORC] [info] WAIT_START cfg: pLeft=0.703, mode=1, targetSucc=10, maxTrials=99, V1=8/8, V2Score=0.000(0), finishedFlag=0
[2025-11-28 19:47:35.400] [CORC] [info] F=(-56.476,-55.443), |F|=79.142
[2025-11-28 19:47:36.725] [CORC] [info] GLOBAL: STRT captured (pendingStart=1, t=101.400)
[2025-11-28 19:47:36.725] [CORC] [info] meanNorm =59.757
[2025-11-28 19:47:36.726] [CORC] [info] WAIT_START: pendingStart consumed -> TRIAL (atA_hold=1)
[2025-11-28 19:47:36.727] [CORC] [info] TRIAL direction (deterministic): SIDE
[2025-11-28 19:47:36.727] [CORC] [info] TRBBBBB
[2025-11-28 19:47:36.727] [CORC] [info] TRIAL_BEGIN cfg: pLeft=0.703, mode=1, targetSucc=10, maxTrials=99, V1=8/8, V2Score=0.000(0)
[2025-11-28 19:47:37.129] [CORC] [info] TRPPPP
[2025-11-28 19:47:37.129] [CORC] [info] EndPosX=0.3380505097318212, EndPosY=0.14458517804153795
[2025-11-28 19:47:37.227] [CORC] [info] TRPPPP
[2025-11-28 19:47:37.227] [CORC] [info] EndPosX=0.35714609399370134, EndPosY=0.21276530872721622
[2025-11-28 19:47:37.227] [CORC] [info] TREEEEEE
[2025-11-28 19:47:37.227] [CORC] [info] [TREN SEND] (t=101.902, dur=0.500381, reached=1, dist=0.0382768, effort=170.008, trialScore=1, mode=1, cur=9, max=99, v1_suc=9, v1_tar=10, v2_sco=0, dirCode=-1)
[2025-11-28 19:47:37.227] [CORC] [info] TRIAL: finished (reachedC=true, timeout=true) -> WAIT_START. Awaiting STRT.
[2025-11-28 19:47:37.401] [CORC] [info] WAIT_START cfg: pLeft=0.703, mode=1, targetSucc=10, maxTrials=99, V1=9/9, V2Score=0.000(0), finishedFlag=0
[2025-11-28 19:47:37.401] [CORC] [info] F=(-8.609,0.000), |F|=8.609
[2025-11-28 19:47:39.240] [CORC] [info] GLOBAL: RSTA -> TO_A
[2025-11-28 19:47:40.853] [CORC] [info] TO_A -> WAIT_START (betweenTrials=1)
[2025-11-28 19:47:40.855] [CORC] [info] HLKD -> k_hold=1800.0, d_hold=35.0
[2025-11-28 19:47:41.404] [CORC] [info] WAIT_START cfg: pLeft=0.703, mode=1, targetSucc=10, maxTrials=99, V1=9/9, V2Score=0.000(0), finishedFlag=0
[2025-11-28 19:47:41.404] [CORC] [info] F=(-1.033,-27.894), |F|=27.913
[2025-11-28 19:47:43.404] [CORC] [info] WAIT_START cfg: pLeft=0.703, mode=1, targetSucc=10, maxTrials=99, V1=9/9, V2Score=0.000(0), finishedFlag=0
[2025-11-28 19:47:43.404] [CORC] [info] F=(-48.900,-67.840), |F|=83.627
[2025-11-28 19:47:44.271] [CORC] [info] GLOBAL: STRT captured (pendingStart=1, t=108.946)
[2025-11-28 19:47:44.271] [CORC] [info] meanNorm =75.929
[2025-11-28 19:47:44.272] [CORC] [info] WAIT_START: pendingStart consumed -> TRIAL (atA_hold=1)
[2025-11-28 19:47:44.273] [CORC] [info] TRIAL direction (deterministic): SIDE
[2025-11-28 19:47:44.273] [CORC] [info] TRBBBBB
[2025-11-28 19:47:44.273] [CORC] [info] TRIAL_BEGIN cfg: pLeft=0.703, mode=1, targetSucc=10, maxTrials=99, V1=9/9, V2Score=0.000(0)
[2025-11-28 19:47:44.599] [CORC] [info] TRPPPP
[2025-11-28 19:47:44.599] [CORC] [info] EndPosX=0.3309383981702607, EndPosY=0.1429538208925052
[2025-11-28 19:47:44.773] [CORC] [info] TRPPPP
[2025-11-28 19:47:44.774] [CORC] [info] EndPosX=0.3498144494515285, EndPosY=0.2248926133803508
[2025-11-28 19:47:44.774] [CORC] [info] TREEEEEE
[2025-11-28 19:47:44.774] [CORC] [info] [TREN SEND] (t=109.448, dur=0.500395, reached=1, dist=0.0299544, effort=168.722, trialScore=1, mode=1, cur=10, max=99, v1_suc=10, v1_tar=10, v2_sco=0, dirCode=-1)
[2025-11-28 19:47:44.775] [CORC] [info] SESSSSS
[2025-11-28 19:47:44.775] [CORC] [info] Exited M2 Probabilistic Move state...
[2025-11-28 19:47:44.775] [CORC] [info] Entering M2 Standby state...
[2025-11-28 19:47:44.799] [CORC] [warning] Applicaton thread time overflow: 23.581ms (>2.0ms) !
[2025-11-28 19:48:23.274] [CORC] [info] [TRANS] accepting BGIN -> toProb
[2025-11-28 19:48:23.274] [CORC] [info] Exited M2 Standby state...
[2025-11-28 19:48:23.274] [CORC] [info] Entering M2 Probabilistic Move state...
[2025-11-28 19:48:23.297] [CORC] [info] [STATIC] Loaded 0 up and 0 left perturbation samples (hard-coded).
[2025-11-28 19:48:23.297] [CORC] [info] [SCHEDULE] Built seeded schedule (total=10, leftCount=7, seed=1661471, attempts=1)
[2025-11-28 19:48:23.297] [CORC] [warning] Applicaton thread time overflow: 23.937ms (>2.0ms) !
[2025-11-28 19:48:25.521] [CORC] [info] TO_A -> WAIT_START (betweenTrials=1)
[2025-11-28 19:48:27.300] [CORC] [info] WAIT_START cfg: pLeft=0.703, mode=1, targetSucc=10, maxTrials=99, V1=0/0, V2Score=0.000(0), finishedFlag=0
[2025-11-28 19:48:27.300] [CORC] [info] F=(-1.033,2.066), |F|=2.310
[2025-11-28 19:48:28.582] [CORC] [info] [SCHEDULE] Built seeded schedule (total=10, leftCount=5, seed=1661471, attempts=1)
[2025-11-28 19:48:28.582] [CORC] [info] GLOBAL: S_PB applied -> pLeft=0.504
[2025-11-28 19:48:29.300] [CORC] [info] WAIT_START cfg: pLeft=0.504, mode=1, targetSucc=10, maxTrials=99, V1=0/0, V2Score=0.000(0), finishedFlag=0
[2025-11-28 19:48:29.301] [CORC] [info] F=(-2.411,1.377), |F|=2.776
[2025-11-28 19:48:31.301] [CORC] [info] WAIT_START cfg: pLeft=0.504, mode=1, targetSucc=10, maxTrials=99, V1=0/0, V2Score=0.000(0), finishedFlag=0
[2025-11-28 19:48:31.302] [CORC] [info] F=(-2.411,1.377), |F|=2.776
[2025-11-28 19:48:33.302] [CORC] [info] WAIT_START cfg: pLeft=0.504, mode=1, targetSucc=10, maxTrials=99, V1=0/0, V2Score=0.000(0), finishedFlag=0
[2025-11-28 19:48:33.302] [CORC] [info] F=(-2.411,2.066), |F|=3.175
[2025-11-28 19:48:35.303] [CORC] [info] WAIT_START cfg: pLeft=0.504, mode=1, targetSucc=10, maxTrials=99, V1=0/0, V2Score=0.000(0), finishedFlag=0
[2025-11-28 19:48:35.303] [CORC] [info] F=(-1.033,1.377), |F|=1.722
[2025-11-28 19:48:37.304] [CORC] [info] WAIT_START cfg: pLeft=0.504, mode=1, targetSucc=10, maxTrials=99, V1=0/0, V2Score=0.000(0), finishedFlag=0
[2025-11-28 19:48:37.304] [CORC] [info] F=(-2.411,2.066), |F|=3.175
[2025-11-28 19:48:39.305] [CORC] [info] WAIT_START cfg: pLeft=0.504, mode=1, targetSucc=10, maxTrials=99, V1=0/0, V2Score=0.000(0), finishedFlag=0
[2025-11-28 19:48:39.305] [CORC] [info] F=(-1.722,0.689), |F|=1.854
[2025-11-28 19:48:39.829] [CORC] [info] BETWEEN-TRIALS: S_MT -> maxTrials=99
[2025-11-28 19:48:40.950] [CORC] [info] [SCHEDULE] Built seeded schedule (total=10, leftCount=5, seed=1661471, attempts=1)
[2025-11-28 19:48:40.950] [CORC] [info] GLOBAL: S_PB applied -> pLeft=0.504
[2025-11-28 19:48:41.306] [CORC] [info] WAIT_START cfg: pLeft=0.504, mode=1, targetSucc=10, maxTrials=99, V1=0/0, V2Score=0.000(0), finishedFlag=0
[2025-11-28 19:48:41.306] [CORC] [info] F=(-2.411,2.066), |F|=3.175
[2025-11-28 19:48:43.307] [CORC] [info] WAIT_START cfg: pLeft=0.504, mode=1, targetSucc=10, maxTrials=99, V1=0/0, V2Score=0.000(0), finishedFlag=0
[2025-11-28 19:48:43.307] [CORC] [info] F=(-2.411,1.377), |F|=2.776
[2025-11-28 19:48:45.308] [CORC] [info] WAIT_START cfg: pLeft=0.504, mode=1, targetSucc=10, maxTrials=99, V1=0/0, V2Score=0.000(0), finishedFlag=0
[2025-11-28 19:48:45.308] [CORC] [info] F=(-3.788,1.377), |F|=4.031
[2025-11-28 19:48:47.309] [CORC] [info] WAIT_START cfg: pLeft=0.504, mode=1, targetSucc=10, maxTrials=99, V1=0/0, V2Score=0.000(0), finishedFlag=0
[2025-11-28 19:48:47.309] [CORC] [info] F=(-3.788,1.377), |F|=4.031
[2025-11-28 19:48:49.310] [CORC] [info] WAIT_START cfg: pLeft=0.504, mode=1, targetSucc=10, maxTrials=99, V1=0/0, V2Score=0.000(0), finishedFlag=0
[2025-11-28 19:48:49.310] [CORC] [info] F=(-3.444,2.066), |F|=4.016
[2025-11-28 19:48:51.311] [CORC] [info] WAIT_START cfg: pLeft=0.504, mode=1, targetSucc=10, maxTrials=99, V1=0/0, V2Score=0.000(0), finishedFlag=0
[2025-11-28 19:48:51.311] [CORC] [info] F=(-3.788,1.377), |F|=4.031
[2025-11-28 19:48:53.311] [CORC] [info] WAIT_START cfg: pLeft=0.504, mode=1, targetSucc=10, maxTrials=99, V1=0/0, V2Score=0.000(0), finishedFlag=0
[2025-11-28 19:48:53.312] [CORC] [info] F=(-3.099,2.066), |F|=3.725
[2025-11-28 19:48:53.654] [CORC] [info] [SCHEDULE] Built seeded schedule (total=10, leftCount=5, seed=1661471, attempts=1)
[2025-11-28 19:48:53.654] [CORC] [info] GLOBAL: S_PB applied -> pLeft=0.504
[2025-11-28 19:48:55.313] [CORC] [info] WAIT_START cfg: pLeft=0.504, mode=1, targetSucc=10, maxTrials=99, V1=0/0, V2Score=0.000(0), finishedFlag=0
[2025-11-28 19:48:55.313] [CORC] [info] F=(-1.033,2.066), |F|=2.310
[2025-11-28 19:48:57.313] [CORC] [info] WAIT_START cfg: pLeft=0.504, mode=1, targetSucc=10, maxTrials=99, V1=0/0, V2Score=0.000(0), finishedFlag=0
[2025-11-28 19:48:57.314] [CORC] [info] F=(-1.722,1.377), |F|=2.205
[2025-11-28 19:48:59.164] [CORC] [info] BETWEEN-TRIALS: S_MT -> maxTrials=99
[2025-11-28 19:48:59.314] [CORC] [info] WAIT_START cfg: pLeft=0.504, mode=1, targetSucc=10, maxTrials=99, V1=0/0, V2Score=0.000(0), finishedFlag=0
[2025-11-28 19:48:59.314] [CORC] [info] F=(-1.722,1.377), |F|=2.205
[2025-11-28 19:49:01.315] [CORC] [info] WAIT_START cfg: pLeft=0.504, mode=1, targetSucc=10, maxTrials=99, V1=0/0, V2Score=0.000(0), finishedFlag=0
[2025-11-28 19:49:01.315] [CORC] [info] F=(-1.722,2.066), |F|=2.690
[2025-11-28 19:49:03.316] [CORC] [info] WAIT_START cfg: pLeft=0.504, mode=1, targetSucc=10, maxTrials=99, V1=0/0, V2Score=0.000(0), finishedFlag=0
[2025-11-28 19:49:03.316] [CORC] [info] F=(-1.722,1.377), |F|=2.205
[2025-11-28 19:49:05.317] [CORC] [info] WAIT_START cfg: pLeft=0.504, mode=1, targetSucc=10, maxTrials=99, V1=0/0, V2Score=0.000(0), finishedFlag=0
[2025-11-28 19:49:05.318] [CORC] [info] F=(-2.411,2.066), |F|=3.175
[2025-11-28 19:49:07.319] [CORC] [info] WAIT_START cfg: pLeft=0.504, mode=1, targetSucc=10, maxTrials=99, V1=0/0, V2Score=0.000(0), finishedFlag=0
[2025-11-28 19:49:07.319] [CORC] [info] F=(-1.722,1.377), |F|=2.205
[2025-11-28 19:49:09.320] [CORC] [info] WAIT_START cfg: pLeft=0.504, mode=1, targetSucc=10, maxTrials=99, V1=0/0, V2Score=0.000(0), finishedFlag=0
[2025-11-28 19:49:09.320] [CORC] [info] F=(-2.411,1.377), |F|=2.776
[2025-11-28 19:49:11.320] [CORC] [info] WAIT_START cfg: pLeft=0.504, mode=1, targetSucc=10, maxTrials=99, V1=0/0, V2Score=0.000(0), finishedFlag=0
[2025-11-28 19:49:11.321] [CORC] [info] F=(-1.722,2.066), |F|=2.690
[2025-11-28 19:49:13.321] [CORC] [info] WAIT_START cfg: pLeft=0.504, mode=1, targetSucc=10, maxTrials=99, V1=0/0, V2Score=0.000(0), finishedFlag=0
[2025-11-28 19:49:13.321] [CORC] [info] F=(-2.411,1.377), |F|=2.776
[2025-11-28 19:49:15.323] [CORC] [info] WAIT_START cfg: pLeft=0.504, mode=1, targetSucc=10, maxTrials=99, V1=0/0, V2Score=0.000(0), finishedFlag=0
[2025-11-28 19:49:15.323] [CORC] [info] F=(-1.722,1.377), |F|=2.205
[2025-11-28 19:49:17.323] [CORC] [info] WAIT_START cfg: pLeft=0.504, mode=1, targetSucc=10, maxTrials=99, V1=0/0, V2Score=0.000(0), finishedFlag=0
[2025-11-28 19:49:17.323] [CORC] [info] F=(-2.411,2.066), |F|=3.175
[2025-11-28 19:49:19.325] [CORC] [info] WAIT_START cfg: pLeft=0.504, mode=1, targetSucc=10, maxTrials=99, V1=0/0, V2Score=0.000(0), finishedFlag=0
[2025-11-28 19:49:19.325] [CORC] [info] F=(-2.411,2.066), |F|=3.175
[2025-11-28 19:49:21.326] [CORC] [info] WAIT_START cfg: pLeft=0.504, mode=1, targetSucc=10, maxTrials=99, V1=0/0, V2Score=0.000(0), finishedFlag=0
[2025-11-28 19:49:21.326] [CORC] [info] F=(-1.722,1.377), |F|=2.205
[2025-11-28 19:49:23.327] [CORC] [info] WAIT_START cfg: pLeft=0.504, mode=1, targetSucc=10, maxTrials=99, V1=0/0, V2Score=0.000(0), finishedFlag=0
[2025-11-28 19:49:23.327] [CORC] [info] F=(-2.411,0.689), |F|=2.507
[2025-11-28 19:49:25.328] [CORC] [info] WAIT_START cfg: pLeft=0.504, mode=1, targetSucc=10, maxTrials=99, V1=0/0, V2Score=0.000(0), finishedFlag=0
[2025-11-28 19:49:25.328] [CORC] [info] F=(-2.411,1.377), |F|=2.776
[2025-11-28 19:49:25.876] [CORC] [info] GLOBAL: STRT captured (pendingStart=1, t=62.602)
[2025-11-28 19:49:25.876] [CORC] [info] meanNorm =60.947
[2025-11-28 19:49:25.877] [CORC] [info] WAIT_START: pendingStart consumed -> TRIAL (atA_hold=1)
[2025-11-28 19:49:25.878] [CORC] [info] TRIAL direction (deterministic): UP
[2025-11-28 19:49:25.878] [CORC] [info] TRBBBBB
[2025-11-28 19:49:25.878] [CORC] [info] TRIAL_BEGIN cfg: pLeft=0.504, mode=1, targetSucc=10, maxTrials=99, V1=0/0, V2Score=0.000(0)
[2025-11-28 19:49:26.378] [CORC] [info] TRPPPP
[2025-11-28 19:49:26.378] [CORC] [info] EndPosX=0.3566199718505098, EndPosY=0.2595069083406865
[2025-11-28 19:49:26.378] [CORC] [info] TREEEEEE
[2025-11-28 19:49:26.378] [CORC] [info] [TREN SEND] (t=63.1041, dur=0.500294, reached=1, dist=0.0524194, effort=418.428, trialScore=1, mode=1, cur=1, max=99, v1_suc=1, v1_tar=10, v2_sco=0, dirCode=1)
[2025-11-28 19:49:26.378] [CORC] [info] TRIAL: finished (reachedC=true, timeout=true) -> WAIT_START. Awaiting STRT.
[2025-11-28 19:49:27.329] [CORC] [info] WAIT_START cfg: pLeft=0.504, mode=1, targetSucc=10, maxTrials=99, V1=1/1, V2Score=0.000(0), finishedFlag=0
[2025-11-28 19:49:27.329] [CORC] [info] F=(0.000,0.000), |F|=0.000
[2025-11-28 19:49:28.395] [CORC] [info] GLOBAL: RSTA -> TO_A
[2025-11-28 19:49:29.996] [CORC] [info] TO_A -> WAIT_START (betweenTrials=1)
[2025-11-28 19:49:29.998] [CORC] [info] HLKD -> k_hold=1800.0, d_hold=35.0
[2025-11-28 19:49:31.331] [CORC] [info] WAIT_START cfg: pLeft=0.504, mode=1, targetSucc=10, maxTrials=99, V1=1/1, V2Score=0.000(0), finishedFlag=0
[2025-11-28 19:49:31.331] [CORC] [info] F=(-51.655,-47.867), |F|=70.423
[2025-11-28 19:49:33.331] [CORC] [info] WAIT_START cfg: pLeft=0.504, mode=1, targetSucc=10, maxTrials=99, V1=1/1, V2Score=0.000(0), finishedFlag=0
[2025-11-28 19:49:33.331] [CORC] [info] F=(-49.933,-33.403), |F|=60.076
[2025-11-28 19:49:33.409] [CORC] [info] GLOBAL: STRT captured (pendingStart=1, t=70.135)
[2025-11-28 19:49:33.409] [CORC] [info] meanNorm =60.464
[2025-11-28 19:49:33.410] [CORC] [info] WAIT_START: pendingStart consumed -> TRIAL (atA_hold=1)
[2025-11-28 19:49:33.411] [CORC] [info] TRIAL direction (deterministic): UP
[2025-11-28 19:49:33.411] [CORC] [info] TRBBBBB
[2025-11-28 19:49:33.411] [CORC] [info] TRIAL_BEGIN cfg: pLeft=0.504, mode=1, targetSucc=10, maxTrials=99, V1=1/1, V2Score=0.000(0)
[2025-11-28 19:49:33.786] [CORC] [info] TRPPPP
[2025-11-28 19:49:33.786] [CORC] [info] EndPosX=0.38894431071997587, EndPosY=0.1818452239233909
[2025-11-28 19:49:33.912] [CORC] [info] TRPPPP
[2025-11-28 19:49:33.912] [CORC] [info] EndPosX=0.3511354323865922, EndPosY=0.2614486397036884
[2025-11-28 19:49:33.912] [CORC] [info] TREEEEEE
[2025-11-28 19:49:33.912] [CORC] [info] [TREN SEND] (t=70.6376, dur=0.500253, reached=1, dist=0.0502555, effort=380.464, trialScore=1, mode=1, cur=2, max=99, v1_suc=2, v1_tar=10, v2_sco=0, dirCode=1)
[2025-11-28 19:49:33.912] [CORC] [info] TRIAL: finished (reachedC=true, timeout=true) -> WAIT_START. Awaiting STRT.
[2025-11-28 19:49:35.333] [CORC] [info] WAIT_START cfg: pLeft=0.504, mode=1, targetSucc=10, maxTrials=99, V1=2/2, V2Score=0.000(0), finishedFlag=0
[2025-11-28 19:49:35.333] [CORC] [info] F=(0.000,0.000), |F|=0.000
[2025-11-28 19:49:35.931] [CORC] [info] GLOBAL: RSTA -> TO_A
[2025-11-28 19:49:37.648] [CORC] [info] TO_A -> WAIT_START (betweenTrials=1)
[2025-11-28 19:49:37.650] [CORC] [info] HLKD -> k_hold=1800.0, d_hold=35.0
[2025-11-28 19:49:39.334] [CORC] [info] WAIT_START cfg: pLeft=0.504, mode=1, targetSucc=10, maxTrials=99, V1=2/2, V2Score=0.000(0), finishedFlag=0
[2025-11-28 19:49:39.334] [CORC] [info] F=(-50.277,-48.900), |F|=70.136
[2025-11-28 19:49:40.960] [CORC] [info] GLOBAL: STRT captured (pendingStart=1, t=77.686)
[2025-11-28 19:49:40.960] [CORC] [info] meanNorm =64.458
[2025-11-28 19:49:40.961] [CORC] [info] WAIT_START: pendingStart consumed -> TRIAL (atA_hold=1)
[2025-11-28 19:49:40.961] [CORC] [info] TRIAL direction (deterministic): SIDE
[2025-11-28 19:49:40.962] [CORC] [info] TRBBBBB
[2025-11-28 19:49:40.962] [CORC] [info] TRIAL_BEGIN cfg: pLeft=0.504, mode=1, targetSucc=10, maxTrials=99, V1=2/2, V2Score=0.000(0)
[2025-11-28 19:49:41.336] [CORC] [info] TRIAL status: t=0.374, n=0.096, effort=152.692, pLeft=0.504, mode=1, targetSucc=10, maxTrials=99
[2025-11-28 19:49:41.362] [CORC] [info] TRPPPP
[2025-11-28 19:49:41.362] [CORC] [info] EndPosX=0.31423496638677667, EndPosY=0.14335503633983113
[2025-11-28 19:49:41.462] [CORC] [info] TRPPPP
[2025-11-28 19:49:41.462] [CORC] [info] EndPosX=0.3270208699817481, EndPosY=0.21195152267839473
[2025-11-28 19:49:41.462] [CORC] [info] TREEEEEE
[2025-11-28 19:49:41.462] [CORC] [info] [TREN SEND] (t=78.1877, dur=0.500203, reached=1, dist=0.0122582, effort=190.481, trialScore=1, mode=1, cur=3, max=99, v1_suc=3, v1_tar=10, v2_sco=0, dirCode=-1)
[2025-11-28 19:49:41.462] [CORC] [info] TRIAL: finished (reachedC=true, timeout=true) -> WAIT_START. Awaiting STRT.
[2025-11-28 19:49:43.337] [CORC] [info] WAIT_START cfg: pLeft=0.504, mode=1, targetSucc=10, maxTrials=99, V1=3/3, V2Score=0.000(0), finishedFlag=0
[2025-11-28 19:49:43.337] [CORC] [info] F=(-0.689,0.000), |F|=0.689
[2025-11-28 19:49:43.481] [CORC] [info] GLOBAL: RSTA -> TO_A
[2025-11-28 19:49:45.200] [CORC] [info] TO_A -> WAIT_START (betweenTrials=1)
[2025-11-28 19:49:45.202] [CORC] [info] HLKD -> k_hold=1800.0, d_hold=35.0
[2025-11-28 19:49:45.338] [CORC] [info] WAIT_START cfg: pLeft=0.504, mode=1, targetSucc=10, maxTrials=99, V1=3/3, V2Score=0.000(0), finishedFlag=0
[2025-11-28 19:49:45.338] [CORC] [info] F=(10.331,-78.171), |F|=78.851
[2025-11-28 19:49:47.339] [CORC] [info] WAIT_START cfg: pLeft=0.504, mode=1, targetSucc=10, maxTrials=99, V1=3/3, V2Score=0.000(0), finishedFlag=0
[2025-11-28 19:49:47.339] [CORC] [info] F=(-47.178,-52.688), |F|=70.723
[2025-11-28 19:49:48.507] [CORC] [info] GLOBAL: STRT captured (pendingStart=1, t=85.233)
[2025-11-28 19:49:48.507] [CORC] [info] meanNorm =59.447
[2025-11-28 19:49:48.508] [CORC] [info] WAIT_START: pendingStart consumed -> TRIAL (atA_hold=1)
[2025-11-28 19:49:48.509] [CORC] [info] TRIAL direction (deterministic): UP
[2025-11-28 19:49:48.509] [CORC] [info] TRBBBBB
[2025-11-28 19:49:48.509] [CORC] [info] TRIAL_BEGIN cfg: pLeft=0.504, mode=1, targetSucc=10, maxTrials=99, V1=3/3, V2Score=0.000(0)
[2025-11-28 19:49:48.823] [CORC] [info] TRPPPP
[2025-11-28 19:49:48.824] [CORC] [info] EndPosX=0.37625681846114095, EndPosY=0.16691319619036468
[2025-11-28 19:49:49.010] [CORC] [info] TRPPPP
[2025-11-28 19:49:49.010] [CORC] [info] EndPosX=0.3298407332671992, EndPosY=0.2910553116752298
[2025-11-28 19:49:49.010] [CORC] [info] TREEEEEE
[2025-11-28 19:49:49.010] [CORC] [info] [TREN SEND] (t=85.7355, dur=0.500228, reached=1, dist=0.069753, effort=388.743, trialScore=1, mode=1, cur=4, max=99, v1_suc=4, v1_tar=10, v2_sco=0, dirCode=1)
[2025-11-28 19:49:49.010] [CORC] [info] TRIAL: finished (reachedC=true, timeout=true) -> WAIT_START. Awaiting STRT.
[2025-11-28 19:49:49.340] [CORC] [info] WAIT_START cfg: pLeft=0.504, mode=1, targetSucc=10, maxTrials=99, V1=4/4, V2Score=0.000(0), finishedFlag=0
[2025-11-28 19:49:49.340] [CORC] [info] F=(0.000,-7.920), |F|=7.920
[2025-11-28 19:49:51.033] [CORC] [info] GLOBAL: RSTA -> TO_A
[2025-11-28 19:49:52.993] [CORC] [info] TO_A -> WAIT_START (betweenTrials=1)
[2025-11-28 19:49:52.995] [CORC] [info] HLKD -> k_hold=1800.0, d_hold=35.0
[2025-11-28 19:49:53.341] [CORC] [info] WAIT_START cfg: pLeft=0.504, mode=1, targetSucc=10, maxTrials=99, V1=4/4, V2Score=0.000(0), finishedFlag=0
[2025-11-28 19:49:53.341] [CORC] [info] F=(-11.708,-11.020), |F|=16.079
[2025-11-28 19:49:55.342] [CORC] [info] WAIT_START cfg: pLeft=0.504, mode=1, targetSucc=10, maxTrials=99, V1=4/4, V2Score=0.000(0), finishedFlag=0
[2025-11-28 19:49:55.342] [CORC] [info] F=(-47.867,-48.211), |F|=67.938
[2025-11-28 19:49:56.059] [CORC] [info] GLOBAL: STRT captured (pendingStart=1, t=92.785)
[2025-11-28 19:49:56.059] [CORC] [info] meanNorm =67.490
[2025-11-28 19:49:56.060] [CORC] [info] WAIT_START: pendingStart consumed -> TRIAL (atA_hold=1)
[2025-11-28 19:49:56.061] [CORC] [info] TRIAL direction (deterministic): UP
[2025-11-28 19:49:56.061] [CORC] [info] TRBBBBB
[2025-11-28 19:49:56.061] [CORC] [info] TRIAL_BEGIN cfg: pLeft=0.504, mode=1, targetSucc=10, maxTrials=99, V1=4/4, V2Score=0.000(0)
[2025-11-28 19:49:56.357] [CORC] [info] TRPPPP
[2025-11-28 19:49:56.357] [CORC] [info] EndPosX=0.3780849982824468, EndPosY=0.1684839925171596
[2025-11-28 19:49:56.561] [CORC] [info] TRPPPP
[2025-11-28 19:49:56.561] [CORC] [info] EndPosX=0.3094393062758149, EndPosY=0.270669024889405
[2025-11-28 19:49:56.561] [CORC] [info] TREEEEEE
[2025-11-28 19:49:56.561] [CORC] [info] [TREN SEND] (t=93.2869, dur=0.500236, reached=1, dist=0.0498016, effort=365.071, trialScore=1, mode=1, cur=5, max=99, v1_suc=5, v1_tar=10, v2_sco=0, dirCode=1)
[2025-11-28 19:49:56.561] [CORC] [info] TRIAL: finished (reachedC=true, timeout=true) -> WAIT_START. Awaiting STRT.
[2025-11-28 19:49:57.343] [CORC] [info] WAIT_START cfg: pLeft=0.504, mode=1, targetSucc=10, maxTrials=99, V1=5/5, V2Score=0.000(0), finishedFlag=0
[2025-11-28 19:49:57.343] [CORC] [info] F=(0.000,0.000), |F|=0.000
[2025-11-28 19:49:58.584] [CORC] [info] GLOBAL: RSTA -> TO_A
[2025-11-28 19:50:00.575] [CORC] [info] TO_A -> WAIT_START (betweenTrials=1)
[2025-11-28 19:50:00.577] [CORC] [info] HLKD -> k_hold=1800.0, d_hold=35.0
[2025-11-28 19:50:01.345] [CORC] [info] WAIT_START cfg: pLeft=0.504, mode=1, targetSucc=10, maxTrials=99, V1=5/5, V2Score=0.000(0), finishedFlag=0
[2025-11-28 19:50:01.345] [CORC] [info] F=(-11.364,-18.596), |F|=21.793
[2025-11-28 19:50:03.346] [CORC] [info] WAIT_START cfg: pLeft=0.504, mode=1, targetSucc=10, maxTrials=99, V1=5/5, V2Score=0.000(0), finishedFlag=0
[2025-11-28 19:50:03.346] [CORC] [info] F=(-33.748,-56.476), |F|=65.791
[2025-11-28 19:50:03.608] [CORC] [info] GLOBAL: STRT captured (pendingStart=1, t=100.334)
[2025-11-28 19:50:03.608] [CORC] [info] meanNorm =65.228
[2025-11-28 19:50:03.610] [CORC] [info] WAIT_START: pendingStart consumed -> TRIAL (atA_hold=1)
[2025-11-28 19:50:03.610] [CORC] [info] TRIAL direction (deterministic): SIDE
[2025-11-28 19:50:03.610] [CORC] [info] TRBBBBB
[2025-11-28 19:50:03.610] [CORC] [info] TRIAL_BEGIN cfg: pLeft=0.504, mode=1, targetSucc=10, maxTrials=99, V1=5/5, V2Score=0.000(0)
[2025-11-28 19:50:04.111] [CORC] [info] TRPPPP
[2025-11-28 19:50:04.111] [CORC] [info] EndPosX=0.21488493750554183, EndPosY=0.19945706804044308
[2025-11-28 19:50:04.111] [CORC] [info] TREEEEEE
[2025-11-28 19:50:04.111] [CORC] [info] [TREN SEND] (t=100.837, dur=0.500317, reached=0, dist=0.107505, effort=314.246, trialScore=0, mode=1, cur=6, max=99, v1_suc=5, v1_tar=10, v2_sco=0, dirCode=-1)
[2025-11-28 19:50:04.111] [CORC] [info] TRIAL: finished (reachedC=false, timeout=true) -> WAIT_START. Awaiting STRT.
[2025-11-28 19:50:05.347] [CORC] [info] WAIT_START cfg: pLeft=0.504, mode=1, targetSucc=10, maxTrials=99, V1=5/6, V2Score=0.000(0), finishedFlag=0
[2025-11-28 19:50:05.347] [CORC] [info] F=(0.000,0.000), |F|=0.000
[2025-11-28 19:50:06.141] [CORC] [info] GLOBAL: RSTA -> TO_A
[2025-11-28 19:50:07.794] [CORC] [info] TO_A -> WAIT_START (betweenTrials=1)
[2025-11-28 19:50:07.796] [CORC] [info] HLKD -> k_hold=1800.0, d_hold=35.0
[2025-11-28 19:50:09.349] [CORC] [info] WAIT_START cfg: pLeft=0.504, mode=1, targetSucc=10, maxTrials=99, V1=5/6, V2Score=0.000(0), finishedFlag=0
[2025-11-28 19:50:09.349] [CORC] [info] F=(-43.046,-63.708), |F|=76.887
[2025-11-28 19:50:11.162] [CORC] [info] GLOBAL: STRT captured (pendingStart=1, t=107.888)
[2025-11-28 19:50:11.162] [CORC] [info] meanNorm =62.037
[2025-11-28 19:50:11.163] [CORC] [info] WAIT_START: pendingStart consumed -> TRIAL (atA_hold=1)
[2025-11-28 19:50:11.164] [CORC] [info] TRIAL direction (deterministic): SIDE
[2025-11-28 19:50:11.164] [CORC] [info] TRBBBBB
[2025-11-28 19:50:11.164] [CORC] [info] TRIAL_BEGIN cfg: pLeft=0.504, mode=1, targetSucc=10, maxTrials=99, V1=5/6, V2Score=0.000(0)
[2025-11-28 19:50:11.350] [CORC] [info] TRIAL status: t=0.186, n=0.170, effort=57.886, pLeft=0.504, mode=1, targetSucc=10, maxTrials=99
[2025-11-28 19:50:11.550] [CORC] [info] TRPPPP
[2025-11-28 19:50:11.550] [CORC] [info] EndPosX=0.28332245168573106, EndPosY=0.1511181767404488
[2025-11-28 19:50:11.664] [CORC] [info] TRPPPP
[2025-11-28 19:50:11.664] [CORC] [info] EndPosX=0.3062522930055467, EndPosY=0.22442326700800727
[2025-11-28 19:50:11.664] [CORC] [info] TREEEEEE
[2025-11-28 19:50:11.664] [CORC] [info] [TREN SEND] (t=108.39, dur=0.500205, reached=1, dist=0.0139596, effort=217.063, trialScore=1, mode=1, cur=7, max=99, v1_suc=6, v1_tar=10, v2_sco=0, dirCode=-1)
[2025-11-28 19:50:11.664] [CORC] [info] TRIAL: finished (reachedC=true, timeout=true) -> WAIT_START. Awaiting STRT.
[2025-11-28 19:50:13.351] [CORC] [info] WAIT_START cfg: pLeft=0.504, mode=1, targetSucc=10, maxTrials=99, V1=6/7, V2Score=0.000(0), finishedFlag=0
[2025-11-28 19:50:13.351] [CORC] [info] F=(0.000,0.000), |F|=0.000
[2025-11-28 19:50:13.701] [CORC] [info] GLOBAL: RSTA -> TO_A
[2025-11-28 19:50:15.628] [CORC] [info] TO_A -> WAIT_START (betweenTrials=1)
[2025-11-28 19:50:15.629] [CORC] [info] HLKD -> k_hold=1800.0, d_hold=35.0
[2025-11-28 19:50:17.352] [CORC] [info] WAIT_START cfg: pLeft=0.504, mode=1, targetSucc=10, maxTrials=99, V1=6/7, V2Score=0.000(0), finishedFlag=0
[2025-11-28 19:50:17.352] [CORC] [info] F=(-48.556,-79.893), |F|=93.491
[2025-11-28 19:50:18.713] [CORC] [info] GLOBAL: STRT captured (pendingStart=1, t=115.439)
[2025-11-28 19:50:18.713] [CORC] [info] meanNorm =84.741
[2025-11-28 19:50:18.714] [CORC] [info] WAIT_START: pendingStart consumed -> TRIAL (atA_hold=1)
[2025-11-28 19:50:18.715] [CORC] [info] TRIAL direction (deterministic): SIDE
[2025-11-28 19:50:18.715] [CORC] [info] TRBBBBB
[2025-11-28 19:50:18.715] [CORC] [info] TRIAL_BEGIN cfg: pLeft=0.504, mode=1, targetSucc=10, maxTrials=99, V1=6/7, V2Score=0.000(0)
[2025-11-28 19:50:19.031] [CORC] [info] TRPPPP
[2025-11-28 19:50:19.031] [CORC] [info] EndPosX=0.29835667580628367, EndPosY=0.14515293575001806
[2025-11-28 19:50:19.215] [CORC] [info] TRPPPP
[2025-11-28 19:50:19.215] [CORC] [info] EndPosX=0.36497358026794674, EndPosY=0.24830315622667956
[2025-11-28 19:50:19.215] [CORC] [info] TREEEEEE
[2025-11-28 19:50:19.215] [CORC] [info] [TREN SEND] (t=115.941, dur=0.500264, reached=1, dist=0.0521007, effort=178.362, trialScore=1, mode=1, cur=8, max=99, v1_suc=7, v1_tar=10, v2_sco=0, dirCode=-1)
[2025-11-28 19:50:19.215] [CORC] [info] TRIAL: finished (reachedC=true, timeout=true) -> WAIT_START. Awaiting STRT.
[2025-11-28 19:50:19.353] [CORC] [info] WAIT_START cfg: pLeft=0.504, mode=1, targetSucc=10, maxTrials=99, V1=7/8, V2Score=0.000(0), finishedFlag=0
[2025-11-28 19:50:19.353] [CORC] [info] F=(-8.609,-7.920), |F|=11.698
[2025-11-28 19:50:21.236] [CORC] [info] GLOBAL: RSTA -> TO_A
[2025-11-28 19:50:23.151] [CORC] [info] TO_A -> WAIT_START (betweenTrials=1)
[2025-11-28 19:50:23.153] [CORC] [info] HLKD -> k_hold=1800.0, d_hold=35.0
[2025-11-28 19:50:23.355] [CORC] [info] WAIT_START cfg: pLeft=0.504, mode=1, targetSucc=10, maxTrials=99, V1=7/8, V2Score=0.000(0), finishedFlag=0
[2025-11-28 19:50:23.355] [CORC] [info] F=(3.788,-88.158), |F|=88.239
[2025-11-28 19:50:25.356] [CORC] [info] WAIT_START cfg: pLeft=0.504, mode=1, targetSucc=10, maxTrials=99, V1=7/8, V2Score=0.000(0), finishedFlag=0
[2025-11-28 19:50:25.356] [CORC] [info] F=(-45.456,-41.668), |F|=61.665
[2025-11-28 19:50:26.267] [CORC] [info] GLOBAL: STRT captured (pendingStart=1, t=122.993)
[2025-11-28 19:50:26.267] [CORC] [info] meanNorm =60.249
[2025-11-28 19:50:26.268] [CORC] [info] WAIT_START: pendingStart consumed -> TRIAL (atA_hold=1)
[2025-11-28 19:50:26.269] [CORC] [info] TRIAL direction (deterministic): SIDE
[2025-11-28 19:50:26.269] [CORC] [info] TRBBBBB
[2025-11-28 19:50:26.269] [CORC] [info] TRIAL_BEGIN cfg: pLeft=0.504, mode=1, targetSucc=10, maxTrials=99, V1=7/8, V2Score=0.000(0)
[2025-11-28 19:50:26.719] [CORC] [info] TRPPPP
[2025-11-28 19:50:26.719] [CORC] [info] EndPosX=0.30329995292145023, EndPosY=0.1442596636220094
[2025-11-28 19:50:26.769] [CORC] [info] TRPPPP
[2025-11-28 19:50:26.769] [CORC] [info] EndPosX=0.3100979052176518, EndPosY=0.17457414020345596
[2025-11-28 19:50:26.769] [CORC] [info] TREEEEEE
[2025-11-28 19:50:26.769] [CORC] [info] [TREN SEND] (t=123.495, dur=0.50021, reached=1, dist=0.0484486, effort=201.485, trialScore=1, mode=1, cur=9, max=99, v1_suc=8, v1_tar=10, v2_sco=0, dirCode=-1)
[2025-11-28 19:50:26.769] [CORC] [info] TRIAL: finished (reachedC=true, timeout=true) -> WAIT_START. Awaiting STRT.
[2025-11-28 19:50:27.357] [CORC] [info] WAIT_START cfg: pLeft=0.504, mode=1, targetSucc=10, maxTrials=99, V1=8/9, V2Score=0.000(0), finishedFlag=0
[2025-11-28 19:50:27.358] [CORC] [info] F=(0.000,0.000), |F|=0.000
[2025-11-28 19:50:28.790] [CORC] [info] GLOBAL: RSTA -> TO_A
[2025-11-28 19:50:30.591] [CORC] [info] TO_A -> WAIT_START (betweenTrials=1)
[2025-11-28 19:50:30.593] [CORC] [info] HLKD -> k_hold=1800.0, d_hold=35.0
[2025-11-28 19:50:31.360] [CORC] [info] WAIT_START cfg: pLeft=0.504, mode=1, targetSucc=10, maxTrials=99, V1=8/9, V2Score=0.000(0), finishedFlag=0
[2025-11-28 19:50:31.360] [CORC] [info] F=(-3.788,-14.463), |F|=14.951
[2025-11-28 19:50:33.361] [CORC] [info] WAIT_START cfg: pLeft=0.504, mode=1, targetSucc=10, maxTrials=99, V1=8/9, V2Score=0.000(0), finishedFlag=0
[2025-11-28 19:50:33.361] [CORC] [info] F=(-47.178,-50.622), |F|=69.198
[2025-11-28 19:50:33.815] [CORC] [info] GLOBAL: STRT captured (pendingStart=1, t=130.541)
[2025-11-28 19:50:33.815] [CORC] [info] meanNorm =68.503
[2025-11-28 19:50:33.816] [CORC] [info] WAIT_START: pendingStart consumed -> TRIAL (atA_hold=1)
[2025-11-28 19:50:33.817] [CORC] [info] TRIAL direction (deterministic): UP
[2025-11-28 19:50:33.817] [CORC] [info] TRBBBBB
[2025-11-28 19:50:33.817] [CORC] [info] TRIAL_BEGIN cfg: pLeft=0.504, mode=1, targetSucc=10, maxTrials=99, V1=8/9, V2Score=0.000(0)
[2025-11-28 19:50:34.163] [CORC] [info] TRPPPP
[2025-11-28 19:50:34.163] [CORC] [info] EndPosX=0.38883832928105955, EndPosY=0.18326461819459108
[2025-11-28 19:50:34.317] [CORC] [info] TRPPPP
[2025-11-28 19:50:34.317] [CORC] [info] EndPosX=0.34454565791683334, EndPosY=0.2743973005084241
[2025-11-28 19:50:34.317] [CORC] [info] TREEEEEE
[2025-11-28 19:50:34.317] [CORC] [info] [TREN SEND] (t=131.043, dur=0.500168, reached=1, dist=0.0578616, effort=388.496, trialScore=1, mode=1, cur=10, max=99, v1_suc=9, v1_tar=10, v2_sco=0, dirCode=1)
[2025-11-28 19:50:34.317] [CORC] [info] TRIAL: finished (reachedC=true, timeout=true) -> WAIT_START. Awaiting STRT.
[2025-11-28 19:50:35.362] [CORC] [info] WAIT_START cfg: pLeft=0.504, mode=1, targetSucc=10, maxTrials=99, V1=9/10, V2Score=0.000(0), finishedFlag=0
[2025-11-28 19:50:35.362] [CORC] [info] F=(0.000,0.000), |F|=0.000
[2025-11-28 19:50:36.340] [CORC] [info] GLOBAL: RSTA -> TO_A
[2025-11-28 19:50:38.341] [CORC] [info] TO_A -> WAIT_START (betweenTrials=1)
[2025-11-28 19:50:38.343] [CORC] [info] HLKD -> k_hold=1800.0, d_hold=35.0
[2025-11-28 19:50:39.363] [CORC] [info] WAIT_START cfg: pLeft=0.504, mode=1, targetSucc=10, maxTrials=99, V1=9/10, V2Score=0.000(0), finishedFlag=0
[2025-11-28 19:50:39.364] [CORC] [info] F=(2.411,-9.987), |F|=10.273
[2025-11-28 19:50:41.352] [CORC] [info] GLOBAL: STRT captured (pendingStart=1, t=138.078)
[2025-11-28 19:50:41.353] [CORC] [info] meanNorm =82.712
[2025-11-28 19:50:41.354] [CORC] [info] WAIT_START: pendingStart consumed -> TRIAL (atA_hold=1)
[2025-11-28 19:50:41.354] [CORC] [info] TRIAL direction (deterministic): UP
[2025-11-28 19:50:41.354] [CORC] [info] TRBBBBB
[2025-11-28 19:50:41.354] [CORC] [info] TRIAL_BEGIN cfg: pLeft=0.504, mode=1, targetSucc=10, maxTrials=99, V1=9/10, V2Score=0.000(0)
[2025-11-28 19:50:41.365] [CORC] [info] TRIAL status: t=0.010, n=0.184, effort=0.000, pLeft=0.504, mode=1, targetSucc=10, maxTrials=99
[2025-11-28 19:50:41.683] [CORC] [info] TRPPPP
[2025-11-28 19:50:41.683] [CORC] [info] EndPosX=0.39938348245322963, EndPosY=0.21215970050483746
[2025-11-28 19:50:41.855] [CORC] [info] TRPPPP
[2025-11-28 19:50:41.855] [CORC] [info] EndPosX=0.34604453826722076, EndPosY=0.2837993681608543
[2025-11-28 19:50:41.855] [CORC] [info] TREEEEEE
[2025-11-28 19:50:41.855] [CORC] [info] [TREN SEND] (t=138.581, dur=0.500211, reached=1, dist=0.0670633, effort=400, trialScore=1, mode=1, cur=11, max=99, v1_suc=10, v1_tar=10, v2_sco=0, dirCode=1)
[2025-11-28 19:50:41.857] [CORC] [info] SESSSSS
[2025-11-28 19:50:41.857] [CORC] [info] Exited M2 Probabilistic Move state...
[2025-11-28 19:50:41.857] [CORC] [info] Entering M2 Standby state...
[2025-11-28 19:50:41.880] [CORC] [warning] Applicaton thread time overflow: 23.692ms (>2.0ms) !
[2025-11-28 19:51:16.486] [CORC] [info] [TRANS] accepting BGIN -> toProb
[2025-11-28 19:51:16.487] [CORC] [info] Exited M2 Standby state...
[2025-11-28 19:51:16.487] [CORC] [info] Entering M2 Probabilistic Move state...
[2025-11-28 19:51:16.510] [CORC] [info] [STATIC] Loaded 0 up and 0 left perturbation samples (hard-coded).
[2025-11-28 19:51:16.510] [CORC] [info] [SCHEDULE] Built seeded schedule (total=10, leftCount=5, seed=1661471, attempts=1)
[2025-11-28 19:51:16.510] [CORC] [warning] Applicaton thread time overflow: 23.664ms (>2.0ms) !
[2025-11-28 19:51:18.463] [CORC] [info] TO_A -> WAIT_START (betweenTrials=1)
[2025-11-28 19:51:18.511] [CORC] [info] WAIT_START cfg: pLeft=0.504, mode=1, targetSucc=10, maxTrials=99, V1=0/0, V2Score=0.000(0), finishedFlag=0
[2025-11-28 19:51:18.511] [CORC] [info] F=(-39.258,-88.502), |F|=96.818
[2025-11-28 19:51:20.512] [CORC] [info] WAIT_START cfg: pLeft=0.504, mode=1, targetSucc=10, maxTrials=99, V1=0/0, V2Score=0.000(0), finishedFlag=0
[2025-11-28 19:51:20.512] [CORC] [info] F=(-1.033,-6.199), |F|=6.284
[2025-11-28 19:51:21.048] [CORC] [info] [SCHEDULE] Built seeded schedule (total=10, leftCount=3, seed=1661471, attempts=1)
[2025-11-28 19:51:21.048] [CORC] [info] GLOBAL: S_PB applied -> pLeft=0.305
[2025-11-28 19:51:22.513] [CORC] [info] WAIT_START cfg: pLeft=0.305, mode=1, targetSucc=10, maxTrials=99, V1=0/0, V2Score=0.000(0), finishedFlag=0
[2025-11-28 19:51:22.513] [CORC] [info] F=(-1.033,-2.755), |F|=2.942
[2025-11-28 19:51:24.514] [CORC] [info] WAIT_START cfg: pLeft=0.305, mode=1, targetSucc=10, maxTrials=99, V1=0/0, V2Score=0.000(0), finishedFlag=0
[2025-11-28 19:51:24.514] [CORC] [info] F=(-1.722,-3.099), |F|=3.545
[2025-11-28 19:51:26.515] [CORC] [info] WAIT_START cfg: pLeft=0.305, mode=1, targetSucc=10, maxTrials=99, V1=0/0, V2Score=0.000(0), finishedFlag=0
[2025-11-28 19:51:26.515] [CORC] [info] F=(-1.033,-2.755), |F|=2.942
[2025-11-28 19:51:26.987] [CORC] [info] BETWEEN-TRIALS: S_TS -> targetSucc=10
[2025-11-28 19:51:26.989] [CORC] [info] BETWEEN-TRIALS: S_MT -> maxTrials=99
[2025-11-28 19:51:28.516] [CORC] [info] WAIT_START cfg: pLeft=0.305, mode=1, targetSucc=10, maxTrials=99, V1=0/0, V2Score=0.000(0), finishedFlag=0
[2025-11-28 19:51:28.516] [CORC] [info] F=(-1.033,-3.099), |F|=3.267
[2025-11-28 19:51:30.517] [CORC] [info] WAIT_START cfg: pLeft=0.305, mode=1, targetSucc=10, maxTrials=99, V1=0/0, V2Score=0.000(0), finishedFlag=0
[2025-11-28 19:51:30.517] [CORC] [info] F=(-1.722,-3.788), |F|=4.161
[2025-11-28 19:51:32.518] [CORC] [info] WAIT_START cfg: pLeft=0.305, mode=1, targetSucc=10, maxTrials=99, V1=0/0, V2Score=0.000(0), finishedFlag=0
[2025-11-28 19:51:32.518] [CORC] [info] F=(-1.033,-2.755), |F|=2.942
[2025-11-28 19:51:34.316] [CORC] [info] BETWEEN-TRIALS: S_MT -> maxTrials=99
[2025-11-28 19:51:34.519] [CORC] [info] WAIT_START cfg: pLeft=0.305, mode=1, targetSucc=10, maxTrials=99, V1=0/0, V2Score=0.000(0), finishedFlag=0
[2025-11-28 19:51:34.519] [CORC] [info] F=(-1.722,-3.099), |F|=3.545
[2025-11-28 19:51:36.519] [CORC] [info] WAIT_START cfg: pLeft=0.305, mode=1, targetSucc=10, maxTrials=99, V1=0/0, V2Score=0.000(0), finishedFlag=0
[2025-11-28 19:51:36.519] [CORC] [info] F=(-1.033,-2.755), |F|=2.942
[2025-11-28 19:51:38.520] [CORC] [info] WAIT_START cfg: pLeft=0.305, mode=1, targetSucc=10, maxTrials=99, V1=0/0, V2Score=0.000(0), finishedFlag=0
[2025-11-28 19:51:38.520] [CORC] [info] F=(-1.722,-2.755), |F|=3.249
[2025-11-28 19:51:40.521] [CORC] [info] WAIT_START cfg: pLeft=0.305, mode=1, targetSucc=10, maxTrials=99, V1=0/0, V2Score=0.000(0), finishedFlag=0
[2025-11-28 19:51:40.521] [CORC] [info] F=(-1.033,-3.444), |F|=3.595
[2025-11-28 19:51:42.522] [CORC] [info] WAIT_START cfg: pLeft=0.305, mode=1, targetSucc=10, maxTrials=99, V1=0/0, V2Score=0.000(0), finishedFlag=0
[2025-11-28 19:51:42.522] [CORC] [info] F=(-1.722,-3.099), |F|=3.545
[2025-11-28 19:51:44.523] [CORC] [info] WAIT_START cfg: pLeft=0.305, mode=1, targetSucc=10, maxTrials=99, V1=0/0, V2Score=0.000(0), finishedFlag=0
[2025-11-28 19:51:44.523] [CORC] [info] F=(-1.033,-2.755), |F|=2.942
[2025-11-28 19:51:45.894] [CORC] [info] [SCHEDULE] Built seeded schedule (total=10, leftCount=3, seed=1661471, attempts=1)
[2025-11-28 19:51:45.894] [CORC] [info] GLOBAL: S_PB applied -> pLeft=0.305
[2025-11-28 19:51:46.524] [CORC] [info] WAIT_START cfg: pLeft=0.305, mode=1, targetSucc=10, maxTrials=99, V1=0/0, V2Score=0.000(0), finishedFlag=0
[2025-11-28 19:51:46.524] [CORC] [info] F=(-1.033,-3.099), |F|=3.267
[2025-11-28 19:51:47.056] [CORC] [info] BETWEEN-TRIALS: S_MT -> maxTrials=99
[2025-11-28 19:51:48.525] [CORC] [info] WAIT_START cfg: pLeft=0.305, mode=1, targetSucc=10, maxTrials=99, V1=0/0, V2Score=0.000(0), finishedFlag=0
[2025-11-28 19:51:48.525] [CORC] [info] F=(-1.033,-3.444), |F|=3.595
[2025-11-28 19:51:50.525] [CORC] [info] WAIT_START cfg: pLeft=0.305, mode=1, targetSucc=10, maxTrials=99, V1=0/0, V2Score=0.000(0), finishedFlag=0
[2025-11-28 19:51:50.525] [CORC] [info] F=(-1.033,-3.099), |F|=3.267
[2025-11-28 19:51:52.526] [CORC] [info] WAIT_START cfg: pLeft=0.305, mode=1, targetSucc=10, maxTrials=99, V1=0/0, V2Score=0.000(0), finishedFlag=0
[2025-11-28 19:51:52.526] [CORC] [info] F=(-1.033,-3.444), |F|=3.595
[2025-11-28 19:51:54.527] [CORC] [info] WAIT_START cfg: pLeft=0.305, mode=1, targetSucc=10, maxTrials=99, V1=0/0, V2Score=0.000(0), finishedFlag=0
[2025-11-28 19:51:54.527] [CORC] [info] F=(-1.033,-3.099), |F|=3.267
[2025-11-28 19:51:56.528] [CORC] [info] WAIT_START cfg: pLeft=0.305, mode=1, targetSucc=10, maxTrials=99, V1=0/0, V2Score=0.000(0), finishedFlag=0
[2025-11-28 19:51:56.528] [CORC] [info] F=(-1.033,-3.444), |F|=3.595
[2025-11-28 19:51:58.529] [CORC] [info] WAIT_START cfg: pLeft=0.305, mode=1, targetSucc=10, maxTrials=99, V1=0/0, V2Score=0.000(0), finishedFlag=0
[2025-11-28 19:51:58.529] [CORC] [info] F=(-1.033,-3.444), |F|=3.595
[2025-11-28 19:52:00.530] [CORC] [info] WAIT_START cfg: pLeft=0.305, mode=1, targetSucc=10, maxTrials=99, V1=0/0, V2Score=0.000(0), finishedFlag=0
[2025-11-28 19:52:00.530] [CORC] [info] F=(-1.033,-3.444), |F|=3.595
[2025-11-28 19:52:02.531] [CORC] [info] WAIT_START cfg: pLeft=0.305, mode=1, targetSucc=10, maxTrials=99, V1=0/0, V2Score=0.000(0), finishedFlag=0
[2025-11-28 19:52:02.531] [CORC] [info] F=(-1.033,-3.099), |F|=3.267
[2025-11-28 19:52:04.532] [CORC] [info] WAIT_START cfg: pLeft=0.305, mode=1, targetSucc=10, maxTrials=99, V1=0/0, V2Score=0.000(0), finishedFlag=0
[2025-11-28 19:52:04.532] [CORC] [info] F=(-52.344,-44.768), |F|=68.877
[2025-11-28 19:52:04.920] [CORC] [info] GLOBAL: STRT captured (pendingStart=1, t=48.433)
[2025-11-28 19:52:04.920] [CORC] [info] meanNorm =64.494
[2025-11-28 19:52:04.921] [CORC] [info] WAIT_START: pendingStart consumed -> TRIAL (atA_hold=1)
[2025-11-28 19:52:04.922] [CORC] [info] TRIAL direction (deterministic): UP
[2025-11-28 19:52:04.922] [CORC] [info] TRBBBBB
[2025-11-28 19:52:04.922] [CORC] [info] TRIAL_BEGIN cfg: pLeft=0.305, mode=1, targetSucc=10, maxTrials=99, V1=0/0, V2Score=0.000(0)
[2025-11-28 19:52:05.422] [CORC] [info] TRPPPP
[2025-11-28 19:52:05.422] [CORC] [info] EndPosX=0.3483269242553107, EndPosY=0.2260243437459211
[2025-11-28 19:52:05.422] [CORC] [info] TREEEEEE
[2025-11-28 19:52:05.422] [CORC] [info] [TREN SEND] (t=48.9354, dur=0.500238, reached=1, dist=0.0286114, effort=326.252, trialScore=1, mode=1, cur=1, max=99, v1_suc=1, v1_tar=10, v2_sco=0, dirCode=1)
[2025-11-28 19:52:05.422] [CORC] [info] TRIAL: finished (reachedC=true, timeout=true) -> WAIT_START. Awaiting STRT.
[2025-11-28 19:52:06.533] [CORC] [info] WAIT_START cfg: pLeft=0.305, mode=1, targetSucc=10, maxTrials=99, V1=1/1, V2Score=0.000(0), finishedFlag=0
[2025-11-28 19:52:06.533] [CORC] [info] F=(0.000,-0.344), |F|=0.344
[2025-11-28 19:52:07.447] [CORC] [info] GLOBAL: RSTA -> TO_A
[2025-11-28 19:52:09.474] [CORC] [info] TO_A -> WAIT_START (betweenTrials=1)
[2025-11-28 19:52:09.476] [CORC] [info] HLKD -> k_hold=1800.0, d_hold=35.0
[2025-11-28 19:52:10.535] [CORC] [info] WAIT_START cfg: pLeft=0.305, mode=1, targetSucc=10, maxTrials=99, V1=1/1, V2Score=0.000(0), finishedFlag=0
[2025-11-28 19:52:10.535] [CORC] [info] F=(-6.543,-11.020), |F|=12.816
[2025-11-28 19:52:12.459] [CORC] [info] GLOBAL: STRT captured (pendingStart=1, t=55.973)
[2025-11-28 19:52:12.459] [CORC] [info] meanNorm =66.187
[2025-11-28 19:52:12.460] [CORC] [info] WAIT_START: pendingStart consumed -> TRIAL (atA_hold=1)
[2025-11-28 19:52:12.461] [CORC] [info] TRIAL direction (deterministic): UP
[2025-11-28 19:52:12.461] [CORC] [info] TRBBBBB
[2025-11-28 19:52:12.461] [CORC] [info] TRIAL_BEGIN cfg: pLeft=0.305, mode=1, targetSucc=10, maxTrials=99, V1=1/1, V2Score=0.000(0)
[2025-11-28 19:52:12.535] [CORC] [info] TRIAL status: t=0.074, n=0.184, effort=24.558, pLeft=0.305, mode=1, targetSucc=10, maxTrials=99
[2025-11-28 19:52:12.768] [CORC] [info] TRPPPP
[2025-11-28 19:52:12.768] [CORC] [info] EndPosX=0.3829374341642566, EndPosY=0.1739571768269076
[2025-11-28 19:52:12.962] [CORC] [info] TRPPPP
[2025-11-28 19:52:12.962] [CORC] [info] EndPosX=0.3194961878186921, EndPosY=0.26186499535657376
[2025-11-28 19:52:12.962] [CORC] [info] TREEEEEE
[2025-11-28 19:52:12.962] [CORC] [info] [TREN SEND] (t=56.4749, dur=0.500233, reached=1, dist=0.0398682, effort=352.563, trialScore=1, mode=1, cur=2, max=99, v1_suc=2, v1_tar=10, v2_sco=0, dirCode=1)
[2025-11-28 19:52:12.962] [CORC] [info] TRIAL: finished (reachedC=true, timeout=true) -> WAIT_START. Awaiting STRT.
[2025-11-28 19:52:14.536] [CORC] [info] WAIT_START cfg: pLeft=0.305, mode=1, targetSucc=10, maxTrials=99, V1=2/2, V2Score=0.000(0), finishedFlag=0
[2025-11-28 19:52:14.536] [CORC] [info] F=(0.000,0.000), |F|=0.000
[2025-11-28 19:52:14.985] [CORC] [info] GLOBAL: RSTA -> TO_A
[2025-11-28 19:52:16.794] [CORC] [info] TO_A -> WAIT_START (betweenTrials=1)
[2025-11-28 19:52:16.796] [CORC] [info] HLKD -> k_hold=1800.0, d_hold=35.0
[2025-11-28 19:52:18.538] [CORC] [info] WAIT_START cfg: pLeft=0.305, mode=1, targetSucc=10, maxTrials=99, V1=2/2, V2Score=0.000(0), finishedFlag=0
[2025-11-28 19:52:18.538] [CORC] [info] F=(-57.509,-72.661), |F|=92.666
[2025-11-28 19:52:20.009] [CORC] [info] GLOBAL: STRT captured (pendingStart=1, t=63.522)
[2025-11-28 19:52:20.009] [CORC] [info] meanNorm =81.572
[2025-11-28 19:52:20.010] [CORC] [info] WAIT_START: pendingStart consumed -> TRIAL (atA_hold=1)
[2025-11-28 19:52:20.011] [CORC] [info] TRIAL direction (deterministic): SIDE
[2025-11-28 19:52:20.011] [CORC] [info] TRBBBBB
[2025-11-28 19:52:20.011] [CORC] [info] TRIAL_BEGIN cfg: pLeft=0.305, mode=1, targetSucc=10, maxTrials=99, V1=2/2, V2Score=0.000(0)
[2025-11-28 19:52:20.335] [CORC] [info] TRPPPP
[2025-11-28 19:52:20.335] [CORC] [info] EndPosX=0.311517299488852, EndPosY=0.14348372808708662
[2025-11-28 19:52:20.529] [CORC] [warning] Applicaton thread time overflow: 19.579ms (>2.0ms) !
[2025-11-28 19:52:20.529] [CORC] [info] TRPPPP
[2025-11-28 19:52:20.529] [CORC] [info] EndPosX=0.36269497933124667, EndPosY=0.22148985218086015
[2025-11-28 19:52:20.529] [CORC] [info] TREEEEEE
[2025-11-28 19:52:20.529] [CORC] [info] [TREN SEND] (t=64.0423, dur=0.518027, reached=1, dist=0.042698, effort=174.277, trialScore=1, mode=1, cur=3, max=99, v1_suc=3, v1_tar=10, v2_sco=0, dirCode=-1)
[2025-11-28 19:52:20.529] [CORC] [info] TRIAL: finished (reachedC=true, timeout=true) -> WAIT_START. Awaiting STRT.
[2025-11-28 19:52:20.557] [CORC] [info] WAIT_START cfg: pLeft=0.305, mode=1, targetSucc=10, maxTrials=99, V1=3/3, V2Score=0.000(0), finishedFlag=0
[2025-11-28 19:52:20.557] [CORC] [info] F=(0.000,0.344), |F|=0.344
[2025-11-28 19:52:22.538] [CORC] [info] GLOBAL: RSTA -> TO_A
[2025-11-28 19:52:24.363] [CORC] [info] TO_A -> WAIT_START (betweenTrials=1)
[2025-11-28 19:52:24.365] [CORC] [info] HLKD -> k_hold=1800.0, d_hold=35.0
[2025-11-28 19:52:24.560] [CORC] [info] WAIT_START cfg: pLeft=0.305, mode=1, targetSucc=10, maxTrials=99, V1=3/3, V2Score=0.000(0), finishedFlag=0
[2025-11-28 19:52:24.560] [CORC] [info] F=(24.450,-74.727), |F|=78.626
[2025-11-28 19:52:26.561] [CORC] [info] WAIT_START cfg: pLeft=0.305, mode=1, targetSucc=10, maxTrials=99, V1=3/3, V2Score=0.000(0), finishedFlag=0
[2025-11-28 19:52:26.561] [CORC] [info] F=(-51.655,-64.741), |F|=82.823
[2025-11-28 19:52:27.562] [CORC] [info] GLOBAL: STRT captured (pendingStart=1, t=71.075)
[2025-11-28 19:52:27.562] [CORC] [info] meanNorm =77.774
[2025-11-28 19:52:27.563] [CORC] [info] WAIT_START: pendingStart consumed -> TRIAL (atA_hold=1)
[2025-11-28 19:52:27.563] [CORC] [info] TRIAL direction (deterministic): UP
[2025-11-28 19:52:27.563] [CORC] [info] TRBBBBB
[2025-11-28 19:52:27.563] [CORC] [info] TRIAL_BEGIN cfg: pLeft=0.305, mode=1, targetSucc=10, maxTrials=99, V1=3/3, V2Score=0.000(0)
[2025-11-28 19:52:27.880] [CORC] [info] TRPPPP
[2025-11-28 19:52:27.880] [CORC] [info] EndPosX=0.3920366977054974, EndPosY=0.18775747419436348
[2025-11-28 19:52:28.064] [CORC] [info] TRPPPP
[2025-11-28 19:52:28.064] [CORC] [info] EndPosX=0.3299429296547256, EndPosY=0.29131269516974073
[2025-11-28 19:52:28.064] [CORC] [info] TREEEEEE
[2025-11-28 19:52:28.064] [CORC] [info] [TREN SEND] (t=71.577, dur=0.500249, reached=1, dist=0.0700222, effort=396.638, trialScore=1, mode=1, cur=4, max=99, v1_suc=4, v1_tar=10, v2_sco=0, dirCode=1)
[2025-11-28 19:52:28.064] [CORC] [info] TRIAL: finished (reachedC=true, timeout=true) -> WAIT_START. Awaiting STRT.
[2025-11-28 19:52:28.562] [CORC] [info] WAIT_START cfg: pLeft=0.305, mode=1, targetSucc=10, maxTrials=99, V1=4/4, V2Score=0.000(0), finishedFlag=0
[2025-11-28 19:52:28.562] [CORC] [info] F=(0.000,0.000), |F|=0.000
[2025-11-28 19:52:30.101] [CORC] [info] GLOBAL: RSTA -> TO_A
[2025-11-28 19:52:31.988] [CORC] [info] TO_A -> WAIT_START (betweenTrials=1)
[2025-11-28 19:52:31.990] [CORC] [info] HLKD -> k_hold=1800.0, d_hold=35.0
[2025-11-28 19:52:32.564] [CORC] [info] WAIT_START cfg: pLeft=0.305, mode=1, targetSucc=10, maxTrials=99, V1=4/4, V2Score=0.000(0), finishedFlag=0
[2025-11-28 19:52:32.564] [CORC] [info] F=(-3.788,-31.337), |F|=31.565
[2025-11-28 19:52:34.565] [CORC] [info] WAIT_START cfg: pLeft=0.305, mode=1, targetSucc=10, maxTrials=99, V1=4/4, V2Score=0.000(0), finishedFlag=0
[2025-11-28 19:52:34.565] [CORC] [info] F=(-42.701,-51.311), |F|=66.755
[2025-11-28 19:52:35.121] [CORC] [info] GLOBAL: STRT captured (pendingStart=1, t=78.635)
[2025-11-28 19:52:35.122] [CORC] [info] meanNorm =61.684
[2025-11-28 19:52:35.123] [CORC] [info] WAIT_START: pendingStart consumed -> TRIAL (atA_hold=1)
[2025-11-28 19:52:35.123] [CORC] [info] TRIAL direction (deterministic): UP
[2025-11-28 19:52:35.123] [CORC] [info] TRBBBBB
[2025-11-28 19:52:35.123] [CORC] [info] TRIAL_BEGIN cfg: pLeft=0.305, mode=1, targetSucc=10, maxTrials=99, V1=4/4, V2Score=0.000(0)
[2025-11-28 19:52:35.450] [CORC] [info] TRPPPP
[2025-11-28 19:52:35.450] [CORC] [info] EndPosX=0.3783537369311274, EndPosY=0.1678859543975606
[2025-11-28 19:52:35.624] [CORC] [info] TRPPPP
[2025-11-28 19:52:35.624] [CORC] [info] EndPosX=0.3276264782041269, EndPosY=0.26329574478194356
[2025-11-28 19:52:35.624] [CORC] [info] TREEEEEE
[2025-11-28 19:52:35.624] [CORC] [info] [TREN SEND] (t=79.137, dur=0.500368, reached=1, dist=0.0419941, effort=366.112, trialScore=1, mode=1, cur=5, max=99, v1_suc=5, v1_tar=10, v2_sco=0, dirCode=1)
[2025-11-28 19:52:35.624] [CORC] [info] TRIAL: finished (reachedC=true, timeout=true) -> WAIT_START. Awaiting STRT.
[2025-11-28 19:52:36.566] [CORC] [info] WAIT_START cfg: pLeft=0.305, mode=1, targetSucc=10, maxTrials=99, V1=5/5, V2Score=0.000(0), finishedFlag=0
[2025-11-28 19:52:36.566] [CORC] [info] F=(0.000,0.000), |F|=0.000
[2025-11-28 19:52:37.653] [CORC] [info] GLOBAL: RSTA -> TO_A
[2025-11-28 19:52:39.424] [CORC] [info] TO_A -> WAIT_START (betweenTrials=1)
[2025-11-28 19:52:39.426] [CORC] [info] HLKD -> k_hold=1800.0, d_hold=35.0
[2025-11-28 19:52:40.568] [CORC] [info] WAIT_START cfg: pLeft=0.305, mode=1, targetSucc=10, maxTrials=99, V1=5/5, V2Score=0.000(0), finishedFlag=0
[2025-11-28 19:52:40.568] [CORC] [info] F=(-36.158,-62.675), |F|=72.357
[2025-11-28 19:52:42.569] [CORC] [info] WAIT_START cfg: pLeft=0.305, mode=1, targetSucc=10, maxTrials=99, V1=5/5, V2Score=0.000(0), finishedFlag=0
[2025-11-28 19:52:42.569] [CORC] [info] F=(-36.503,-43.390), |F|=56.702
[2025-11-28 19:52:42.682] [CORC] [info] GLOBAL: STRT captured (pendingStart=1, t=86.195)
[2025-11-28 19:52:42.682] [CORC] [info] meanNorm =57.043
[2025-11-28 19:52:42.683] [CORC] [info] WAIT_START: pendingStart consumed -> TRIAL (atA_hold=1)
[2025-11-28 19:52:42.684] [CORC] [info] TRIAL direction (deterministic): UP
[2025-11-28 19:52:42.684] [CORC] [info] TRBBBBB
[2025-11-28 19:52:42.684] [CORC] [info] TRIAL_BEGIN cfg: pLeft=0.305, mode=1, targetSucc=10, maxTrials=99, V1=5/5, V2Score=0.000(0)
[2025-11-28 19:52:43.014] [CORC] [info] TRPPPP
[2025-11-28 19:52:43.014] [CORC] [info] EndPosX=0.35920516194978913, EndPosY=0.15261327203944633
[2025-11-28 19:52:43.184] [CORC] [info] TRPPPP
[2025-11-28 19:52:43.184] [CORC] [info] EndPosX=0.31751282089040167, EndPosY=0.25120250559131785
[2025-11-28 19:52:43.184] [CORC] [info] TREEEEEE
[2025-11-28 19:52:43.184] [CORC] [info] [TREN SEND] (t=86.6973, dur=0.500275, reached=1, dist=0.0293082, effort=333.623, trialScore=1, mode=1, cur=6, max=99, v1_suc=6, v1_tar=10, v2_sco=0, dirCode=1)
[2025-11-28 19:52:43.184] [CORC] [info] TRIAL: finished (reachedC=true, timeout=true) -> WAIT_START. Awaiting STRT.
[2025-11-28 19:52:44.571] [CORC] [info] WAIT_START cfg: pLeft=0.305, mode=1, targetSucc=10, maxTrials=99, V1=6/6, V2Score=0.000(0), finishedFlag=0
[2025-11-28 19:52:44.571] [CORC] [info] F=(0.000,0.000), |F|=0.000
[2025-11-28 19:52:45.215] [CORC] [info] GLOBAL: RSTA -> TO_A
[2025-11-28 19:52:47.118] [CORC] [info] TO_A -> WAIT_START (betweenTrials=1)
[2025-11-28 19:52:47.120] [CORC] [info] HLKD -> k_hold=1800.0, d_hold=35.0
[2025-11-28 19:52:48.575] [CORC] [info] WAIT_START cfg: pLeft=0.305, mode=1, targetSucc=10, maxTrials=99, V1=6/6, V2Score=0.000(0), finishedFlag=0
[2025-11-28 19:52:48.575] [CORC] [info] F=(-40.291,-60.953), |F|=73.066
[2025-11-28 19:52:50.246] [CORC] [info] GLOBAL: STRT captured (pendingStart=1, t=93.759)
[2025-11-28 19:52:50.246] [CORC] [info] meanNorm =56.029
[2025-11-28 19:52:50.247] [CORC] [info] WAIT_START: pendingStart consumed -> TRIAL (atA_hold=1)
[2025-11-28 19:52:50.247] [CORC] [info] TRIAL direction (deterministic): SIDE
[2025-11-28 19:52:50.247] [CORC] [info] TRBBBBB
[2025-11-28 19:52:50.248] [CORC] [info] TRIAL_BEGIN cfg: pLeft=0.305, mode=1, targetSucc=10, maxTrials=99, V1=6/6, V2Score=0.000(0)
[2025-11-28 19:52:50.576] [CORC] [info] TRIAL status: t=0.328, n=0.134, effort=233.506, pLeft=0.305, mode=1, targetSucc=10, maxTrials=99
[2025-11-28 19:52:50.748] [CORC] [info] TRPPPP
[2025-11-28 19:52:50.748] [CORC] [info] EndPosX=0.2265428957863329, EndPosY=0.24361726260602395
[2025-11-28 19:52:50.748] [CORC] [info] TREEEEEE
[2025-11-28 19:52:50.748] [CORC] [info] [TREN SEND] (t=94.2611, dur=0.500239, reached=0, dist=0.0959246, effort=383.492, trialScore=0, mode=1, cur=7, max=99, v1_suc=6, v1_tar=10, v2_sco=0, dirCode=-1)
[2025-11-28 19:52:50.748] [CORC] [info] TRIAL: finished (reachedC=false, timeout=true) -> WAIT_START. Awaiting STRT.
[2025-11-28 19:52:52.577] [CORC] [info] WAIT_START cfg: pLeft=0.305, mode=1, targetSucc=10, maxTrials=99, V1=6/7, V2Score=0.000(0), finishedFlag=0
[2025-11-28 19:52:52.577] [CORC] [info] F=(0.000,0.344), |F|=0.344
[2025-11-28 19:52:52.769] [CORC] [info] GLOBAL: RSTA -> TO_A
[2025-11-28 19:52:54.492] [CORC] [info] TO_A -> WAIT_START (betweenTrials=1)
[2025-11-28 19:52:54.494] [CORC] [info] HLKD -> k_hold=1800.0, d_hold=35.0
[2025-11-28 19:52:54.578] [CORC] [info] WAIT_START cfg: pLeft=0.305, mode=1, targetSucc=10, maxTrials=99, V1=6/7, V2Score=0.000(0), finishedFlag=0
[2025-11-28 19:52:54.578] [CORC] [info] F=(12.742,-77.827), |F|=78.863
[2025-11-28 19:52:56.579] [CORC] [info] WAIT_START cfg: pLeft=0.305, mode=1, targetSucc=10, maxTrials=99, V1=6/7, V2Score=0.000(0), finishedFlag=0
[2025-11-28 19:52:56.579] [CORC] [info] F=(-59.920,-64.396), |F|=87.962
[2025-11-28 19:52:57.801] [CORC] [info] GLOBAL: STRT captured (pendingStart=1, t=101.314)
[2025-11-28 19:52:57.801] [CORC] [info] meanNorm =72.451
[2025-11-28 19:52:57.802] [CORC] [info] WAIT_START: pendingStart consumed -> TRIAL (atA_hold=1)
[2025-11-28 19:52:57.803] [CORC] [info] TRIAL direction (deterministic): UP
[2025-11-28 19:52:57.803] [CORC] [info] TRBBBBB
[2025-11-28 19:52:57.803] [CORC] [info] TRIAL_BEGIN cfg: pLeft=0.305, mode=1, targetSucc=10, maxTrials=99, V1=6/7, V2Score=0.000(0)
[2025-11-28 19:52:58.193] [CORC] [info] TRPPPP
[2025-11-28 19:52:58.193] [CORC] [info] EndPosX=0.3936491295975808, EndPosY=0.19309818170546614
[2025-11-28 19:52:58.303] [CORC] [info] TRPPPP
[2025-11-28 19:52:58.303] [CORC] [info] EndPosX=0.3455903321004367, EndPosY=0.24314413118229053
[2025-11-28 19:52:58.304] [CORC] [info] TREEEEEE
[2025-11-28 19:52:58.304] [CORC] [info] [TREN SEND] (t=101.817, dur=0.50032, reached=1, dist=0.0331955, effort=375.387, trialScore=1, mode=1, cur=8, max=99, v1_suc=7, v1_tar=10, v2_sco=0, dirCode=1)
[2025-11-28 19:52:58.304] [CORC] [info] TRIAL: finished (reachedC=true, timeout=true) -> WAIT_START. Awaiting STRT.
[2025-11-28 19:52:58.579] [CORC] [info] WAIT_START cfg: pLeft=0.305, mode=1, targetSucc=10, maxTrials=99, V1=7/8, V2Score=0.000(0), finishedFlag=0
[2025-11-28 19:52:58.580] [CORC] [info] F=(0.000,-7.576), |F|=7.576
[2025-11-28 19:53:00.331] [CORC] [info] GLOBAL: RSTA -> TO_A
[2025-11-28 19:53:02.090] [CORC] [info] TO_A -> WAIT_START (betweenTrials=1)
[2025-11-28 19:53:02.092] [CORC] [info] HLKD -> k_hold=1800.0, d_hold=35.0
[2025-11-28 19:53:02.582] [CORC] [info] WAIT_START cfg: pLeft=0.305, mode=1, targetSucc=10, maxTrials=99, V1=7/8, V2Score=0.000(0), finishedFlag=0
[2025-11-28 19:53:02.582] [CORC] [info] F=(-10.675,-15.152), |F|=18.535
[2025-11-28 19:53:04.583] [CORC] [info] WAIT_START cfg: pLeft=0.305, mode=1, targetSucc=10, maxTrials=99, V1=7/8, V2Score=0.000(0), finishedFlag=0
[2025-11-28 19:53:04.583] [CORC] [info] F=(-44.423,-42.357), |F|=61.380
[2025-11-28 19:53:05.353] [CORC] [info] GLOBAL: STRT captured (pendingStart=1, t=108.867)
[2025-11-28 19:53:05.354] [CORC] [info] meanNorm =56.361
[2025-11-28 19:53:05.355] [CORC] [info] WAIT_START: pendingStart consumed -> TRIAL (atA_hold=1)
[2025-11-28 19:53:05.355] [CORC] [info] TRIAL direction (deterministic): SIDE
[2025-11-28 19:53:05.355] [CORC] [info] TRBBBBB
[2025-11-28 19:53:05.355] [CORC] [info] TRIAL_BEGIN cfg: pLeft=0.305, mode=1, targetSucc=10, maxTrials=99, V1=7/8, V2Score=0.000(0)
[2025-11-28 19:53:05.830] [CORC] [info] TRPPPP
[2025-11-28 19:53:05.830] [CORC] [info] EndPosX=0.30335672869229824, EndPosY=0.14384709302051385
[2025-11-28 19:53:05.855] [CORC] [info] TRPPPP
[2025-11-28 19:53:05.855] [CORC] [info] EndPosX=0.2987238257911008, EndPosY=0.15697365124057336
[2025-11-28 19:53:05.856] [CORC] [info] TREEEEEE
[2025-11-28 19:53:05.856] [CORC] [info] [TREN SEND] (t=109.369, dur=0.500124, reached=1, dist=0.0684186, effort=206.813, trialScore=1, mode=1, cur=9, max=99, v1_suc=8, v1_tar=10, v2_sco=0, dirCode=-1)
[2025-11-28 19:53:05.856] [CORC] [info] TRIAL: finished (reachedC=true, timeout=true) -> WAIT_START. Awaiting STRT.
[2025-11-28 19:53:06.584] [CORC] [info] WAIT_START cfg: pLeft=0.305, mode=1, targetSucc=10, maxTrials=99, V1=8/9, V2Score=0.000(0), finishedFlag=0
[2025-11-28 19:53:06.584] [CORC] [info] F=(0.000,0.000), |F|=0.000
[2025-11-28 19:53:07.864] [CORC] [info] GLOBAL: RSTA -> TO_A
[2025-11-28 19:53:09.691] [CORC] [info] TO_A -> WAIT_START (betweenTrials=1)
[2025-11-28 19:53:09.693] [CORC] [info] HLKD -> k_hold=1800.0, d_hold=35.0
[2025-11-28 19:53:10.586] [CORC] [info] WAIT_START cfg: pLeft=0.305, mode=1, targetSucc=10, maxTrials=99, V1=8/9, V2Score=0.000(0), finishedFlag=0
[2025-11-28 19:53:10.586] [CORC] [info] F=(0.000,-17.907), |F|=17.907
[2025-11-28 19:53:12.587] [CORC] [info] WAIT_START cfg: pLeft=0.305, mode=1, targetSucc=10, maxTrials=99, V1=8/9, V2Score=0.000(0), finishedFlag=0
[2025-11-28 19:53:12.587] [CORC] [info] F=(-51.999,-50.277), |F|=72.331
[2025-11-28 19:53:12.901] [CORC] [info] GLOBAL: STRT captured (pendingStart=1, t=116.414)
[2025-11-28 19:53:12.901] [CORC] [info] meanNorm =69.828
[2025-11-28 19:53:12.902] [CORC] [info] WAIT_START: pendingStart consumed -> TRIAL (atA_hold=1)
[2025-11-28 19:53:12.903] [CORC] [info] TRIAL direction (deterministic): UP
[2025-11-28 19:53:12.903] [CORC] [info] TRBBBBB
[2025-11-28 19:53:12.903] [CORC] [info] TRIAL_BEGIN cfg: pLeft=0.305, mode=1, targetSucc=10, maxTrials=99, V1=8/9, V2Score=0.000(0)
[2025-11-28 19:53:13.219] [CORC] [info] TRPPPP
[2025-11-28 19:53:13.219] [CORC] [info] EndPosX=0.3778276147879358, EndPosY=0.16953623680354268
[2025-11-28 19:53:13.403] [CORC] [info] TRPPPP
[2025-11-28 19:53:13.403] [CORC] [info] EndPosX=0.3208815166273835, EndPosY=0.2570201295775438
[2025-11-28 19:53:13.403] [CORC] [info] TREEEEEE
[2025-11-28 19:53:13.403] [CORC] [info] [TREN SEND] (t=116.916, dur=0.500187, reached=1, dist=0.0350312, effort=378.416, trialScore=1, mode=1, cur=10, max=99, v1_suc=9, v1_tar=10, v2_sco=0, dirCode=1)
[2025-11-28 19:53:13.403] [CORC] [info] TRIAL: finished (reachedC=true, timeout=true) -> WAIT_START. Awaiting STRT.
[2025-11-28 19:53:14.588] [CORC] [info] WAIT_START cfg: pLeft=0.305, mode=1, targetSucc=10, maxTrials=99, V1=9/10, V2Score=0.000(0), finishedFlag=0
[2025-11-28 19:53:14.588] [CORC] [info] F=(0.000,0.000), |F|=0.000
[2025-11-28 19:53:15.440] [CORC] [info] GLOBAL: RSTA -> TO_A
[2025-11-28 19:53:17.423] [CORC] [info] TO_A -> WAIT_START (betweenTrials=1)
[2025-11-28 19:53:17.425] [CORC] [info] HLKD -> k_hold=1800.0, d_hold=35.0
[2025-11-28 19:53:18.590] [CORC] [info] WAIT_START cfg: pLeft=0.305, mode=1, targetSucc=10, maxTrials=99, V1=9/10, V2Score=0.000(0), finishedFlag=0
[2025-11-28 19:53:18.590] [CORC] [info] F=(-51.999,-42.357), |F|=67.067
[2025-11-28 19:53:20.452] [CORC] [info] GLOBAL: STRT captured (pendingStart=1, t=123.966)
[2025-11-28 19:53:20.453] [CORC] [info] meanNorm =54.929
[2025-11-28 19:53:20.454] [CORC] [info] WAIT_START: pendingStart consumed -> TRIAL (atA_hold=1)
[2025-11-28 19:53:20.454] [CORC] [info] TRIAL direction (deterministic): UP
[2025-11-28 19:53:20.454] [CORC] [info] TRBBBBB
[2025-11-28 19:53:20.454] [CORC] [info] TRIAL_BEGIN cfg: pLeft=0.305, mode=1, targetSucc=10, maxTrials=99, V1=9/10, V2Score=0.000(0)
[2025-11-28 19:53:20.591] [CORC] [info] TRIAL status: t=0.136, n=0.177, effort=69.797, pLeft=0.305, mode=1, targetSucc=10, maxTrials=99
[2025-11-28 19:53:20.752] [CORC] [info] TRPPPP
[2025-11-28 19:53:20.752] [CORC] [info] EndPosX=0.3559651579600628, EndPosY=0.15251107565191993
[2025-11-28 19:53:20.955] [CORC] [info] TRPPPP
[2025-11-28 19:53:20.955] [CORC] [info] EndPosX=0.30452630957176724, EndPosY=0.25024110253829157
[2025-11-28 19:53:20.955] [CORC] [info] TREEEEEE
[2025-11-28 19:53:20.955] [CORC] [info] [TREN SEND] (t=124.468, dur=0.500172, reached=1, dist=0.0322024, effort=355.565, trialScore=1, mode=1, cur=11, max=99, v1_suc=10, v1_tar=10, v2_sco=0, dirCode=1)
[2025-11-28 19:53:20.957] [CORC] [info] SESSSSS
[2025-11-28 19:53:20.957] [CORC] [info] Exited M2 Probabilistic Move state...
[2025-11-28 19:53:20.957] [CORC] [info] Entering M2 Standby state...
[2025-11-28 19:53:20.980] [CORC] [warning] Applicaton thread time overflow: 23.562ms (>2.0ms) !
[2025-11-28 19:54:12.477] [CORC] [info] [TRANS] accepting BGIN -> toProb
[2025-11-28 19:54:12.477] [CORC] [info] Exited M2 Standby state...
[2025-11-28 19:54:12.477] [CORC] [info] Entering M2 Probabilistic Move state...
[2025-11-28 19:54:12.500] [CORC] [info] [STATIC] Loaded 0 up and 0 left perturbation samples (hard-coded).
[2025-11-28 19:54:12.500] [CORC] [info] [SCHEDULE] Built seeded schedule (total=10, leftCount=3, seed=1661471, attempts=1)
[2025-11-28 19:54:12.500] [CORC] [warning] Applicaton thread time overflow: 23.424ms (>2.0ms) !
[2025-11-28 19:54:14.139] [CORC] [info] TO_A -> WAIT_START (betweenTrials=1)
[2025-11-28 19:54:14.501] [CORC] [info] WAIT_START cfg: pLeft=0.305, mode=1, targetSucc=10, maxTrials=99, V1=0/0, V2Score=0.000(0), finishedFlag=0
[2025-11-28 19:54:14.501] [CORC] [info] F=(-2.411,-5.854), |F|=6.331
[2025-11-28 19:54:15.970] [CORC] [info] [SCHEDULE] Built seeded schedule (total=10, leftCount=1, seed=1661471, attempts=1)
[2025-11-28 19:54:15.970] [CORC] [info] GLOBAL: S_PB applied -> pLeft=0.100
[2025-11-28 19:54:16.502] [CORC] [info] WAIT_START cfg: pLeft=0.100, mode=1, targetSucc=10, maxTrials=99, V1=0/0, V2Score=0.000(0), finishedFlag=0
[2025-11-28 19:54:16.502] [CORC] [info] F=(-3.099,-9.987), |F|=10.456
[2025-11-28 19:54:17.384] [CORC] [info] BETWEEN-TRIALS: S_MT -> maxTrials=99
[2025-11-28 19:54:18.503] [CORC] [info] WAIT_START cfg: pLeft=0.100, mode=1, targetSucc=10, maxTrials=99, V1=0/0, V2Score=0.000(0), finishedFlag=0
[2025-11-28 19:54:18.503] [CORC] [info] F=(-1.722,-6.887), |F|=7.099
[2025-11-28 19:54:20.504] [CORC] [info] WAIT_START cfg: pLeft=0.100, mode=1, targetSucc=10, maxTrials=99, V1=0/0, V2Score=0.000(0), finishedFlag=0
[2025-11-28 19:54:20.504] [CORC] [info] F=(-1.722,-6.887), |F|=7.099
[2025-11-28 19:54:22.505] [CORC] [info] WAIT_START cfg: pLeft=0.100, mode=1, targetSucc=10, maxTrials=99, V1=0/0, V2Score=0.000(0), finishedFlag=0
[2025-11-28 19:54:22.505] [CORC] [info] F=(-1.033,-6.543), |F|=6.624
[2025-11-28 19:54:24.506] [CORC] [info] WAIT_START cfg: pLeft=0.100, mode=1, targetSucc=10, maxTrials=99, V1=0/0, V2Score=0.000(0), finishedFlag=0
[2025-11-28 19:54:24.506] [CORC] [info] F=(-1.722,-6.543), |F|=6.766
[2025-11-28 19:54:26.507] [CORC] [info] WAIT_START cfg: pLeft=0.100, mode=1, targetSucc=10, maxTrials=99, V1=0/0, V2Score=0.000(0), finishedFlag=0
[2025-11-28 19:54:26.507] [CORC] [info] F=(-3.788,-3.444), |F|=5.119
[2025-11-28 19:54:27.201] [CORC] [info] BETWEEN-TRIALS: S_TS -> targetSucc=10
[2025-11-28 19:54:27.203] [CORC] [info] BETWEEN-TRIALS: S_MT -> maxTrials=99
[2025-11-28 19:54:28.038] [CORC] [info] [SCHEDULE] Built seeded schedule (total=10, leftCount=1, seed=1661471, attempts=1)
[2025-11-28 19:54:28.038] [CORC] [info] GLOBAL: S_PB applied -> pLeft=0.100
[2025-11-28 19:54:28.508] [CORC] [info] WAIT_START cfg: pLeft=0.100, mode=1, targetSucc=10, maxTrials=99, V1=0/0, V2Score=0.000(0), finishedFlag=0
[2025-11-28 19:54:28.508] [CORC] [info] F=(-2.411,-1.033), |F|=2.623
[2025-11-28 19:54:30.509] [CORC] [info] WAIT_START cfg: pLeft=0.100, mode=1, targetSucc=10, maxTrials=99, V1=0/0, V2Score=0.000(0), finishedFlag=0
[2025-11-28 19:54:30.509] [CORC] [info] F=(-2.411,-1.033), |F|=2.623
[2025-11-28 19:54:32.510] [CORC] [info] WAIT_START cfg: pLeft=0.100, mode=1, targetSucc=10, maxTrials=99, V1=0/0, V2Score=0.000(0), finishedFlag=0
[2025-11-28 19:54:32.510] [CORC] [info] F=(-2.411,-1.033), |F|=2.623
[2025-11-28 19:54:34.511] [CORC] [info] WAIT_START cfg: pLeft=0.100, mode=1, targetSucc=10, maxTrials=99, V1=0/0, V2Score=0.000(0), finishedFlag=0
[2025-11-28 19:54:34.512] [CORC] [info] F=(-2.411,-1.377), |F|=2.776
[2025-11-28 19:54:36.513] [CORC] [info] WAIT_START cfg: pLeft=0.100, mode=1, targetSucc=10, maxTrials=99, V1=0/0, V2Score=0.000(0), finishedFlag=0
[2025-11-28 19:54:36.513] [CORC] [info] F=(-2.411,-1.377), |F|=2.776
[2025-11-28 19:54:38.513] [CORC] [info] WAIT_START cfg: pLeft=0.100, mode=1, targetSucc=10, maxTrials=99, V1=0/0, V2Score=0.000(0), finishedFlag=0
[2025-11-28 19:54:38.513] [CORC] [info] F=(-2.411,-1.377), |F|=2.776
[2025-11-28 19:54:40.514] [CORC] [info] WAIT_START cfg: pLeft=0.100, mode=1, targetSucc=10, maxTrials=99, V1=0/0, V2Score=0.000(0), finishedFlag=0
[2025-11-28 19:54:40.515] [CORC] [info] F=(-1.722,-1.722), |F|=2.435
[2025-11-28 19:54:42.515] [CORC] [info] WAIT_START cfg: pLeft=0.100, mode=1, targetSucc=10, maxTrials=99, V1=0/0, V2Score=0.000(0), finishedFlag=0
[2025-11-28 19:54:42.515] [CORC] [info] F=(-2.411,-1.377), |F|=2.776
[2025-11-28 19:54:44.516] [CORC] [info] WAIT_START cfg: pLeft=0.100, mode=1, targetSucc=10, maxTrials=99, V1=0/0, V2Score=0.000(0), finishedFlag=0
[2025-11-28 19:54:44.516] [CORC] [info] F=(-1.033,-1.033), |F|=1.461
[2025-11-28 19:54:46.517] [CORC] [info] WAIT_START cfg: pLeft=0.100, mode=1, targetSucc=10, maxTrials=99, V1=0/0, V2Score=0.000(0), finishedFlag=0
[2025-11-28 19:54:46.517] [CORC] [info] F=(-2.411,-1.377), |F|=2.776
[2025-11-28 19:54:48.518] [CORC] [info] WAIT_START cfg: pLeft=0.100, mode=1, targetSucc=10, maxTrials=99, V1=0/0, V2Score=0.000(0), finishedFlag=0
[2025-11-28 19:54:48.518] [CORC] [info] F=(-1.033,-1.377), |F|=1.722
[2025-11-28 19:54:50.519] [CORC] [info] WAIT_START cfg: pLeft=0.100, mode=1, targetSucc=10, maxTrials=99, V1=0/0, V2Score=0.000(0), finishedFlag=0
[2025-11-28 19:54:50.519] [CORC] [info] F=(-2.411,-1.377), |F|=2.776
[2025-11-28 19:54:52.519] [CORC] [info] WAIT_START cfg: pLeft=0.100, mode=1, targetSucc=10, maxTrials=99, V1=0/0, V2Score=0.000(0), finishedFlag=0
[2025-11-28 19:54:52.519] [CORC] [info] F=(-1.722,-1.377), |F|=2.205
[2025-11-28 19:54:54.520] [CORC] [info] WAIT_START cfg: pLeft=0.100, mode=1, targetSucc=10, maxTrials=99, V1=0/0, V2Score=0.000(0), finishedFlag=0
[2025-11-28 19:54:54.520] [CORC] [info] F=(-1.033,-1.377), |F|=1.722
[2025-11-28 19:54:56.521] [CORC] [info] WAIT_START cfg: pLeft=0.100, mode=1, targetSucc=10, maxTrials=99, V1=0/0, V2Score=0.000(0), finishedFlag=0
[2025-11-28 19:54:56.521] [CORC] [info] F=(-2.411,-1.377), |F|=2.776
[2025-11-28 19:54:58.522] [CORC] [info] WAIT_START cfg: pLeft=0.100, mode=1, targetSucc=10, maxTrials=99, V1=0/0, V2Score=0.000(0), finishedFlag=0
[2025-11-28 19:54:58.522] [CORC] [info] F=(-1.033,-1.377), |F|=1.722
[2025-11-28 19:55:00.523] [CORC] [info] WAIT_START cfg: pLeft=0.100, mode=1, targetSucc=10, maxTrials=99, V1=0/0, V2Score=0.000(0), finishedFlag=0
[2025-11-28 19:55:00.523] [CORC] [info] F=(0.000,-1.377), |F|=1.377
[2025-11-28 19:55:02.524] [CORC] [info] WAIT_START cfg: pLeft=0.100, mode=1, targetSucc=10, maxTrials=99, V1=0/0, V2Score=0.000(0), finishedFlag=0
[2025-11-28 19:55:02.524] [CORC] [info] F=(0.000,0.000), |F|=0.000
[2025-11-28 19:55:04.511] [CORC] [info] BETWEEN-TRIALS: S_TS -> targetSucc=10
[2025-11-28 19:55:04.525] [CORC] [info] WAIT_START cfg: pLeft=0.100, mode=1, targetSucc=10, maxTrials=99, V1=0/0, V2Score=0.000(0), finishedFlag=0
[2025-11-28 19:55:04.525] [CORC] [info] F=(0.000,0.000), |F|=0.000
[2025-11-28 19:55:05.245] [CORC] [info] [SCHEDULE] Built seeded schedule (total=10, leftCount=1, seed=1661471, attempts=1)
[2025-11-28 19:55:05.245] [CORC] [info] GLOBAL: S_PB applied -> pLeft=0.100
[2025-11-28 19:55:06.178] [CORC] [warning] GLOBAL: unknown cmd='BGIN' (trim='BGIN') @phase=1
[2025-11-28 19:55:06.526] [CORC] [info] WAIT_START cfg: pLeft=0.100, mode=1, targetSucc=10, maxTrials=99, V1=0/0, V2Score=0.000(0), finishedFlag=0
[2025-11-28 19:55:06.526] [CORC] [info] F=(0.000,0.000), |F|=0.000
[2025-11-28 19:55:07.168] [CORC] [info] [SCHEDULE] Built seeded schedule (total=10, leftCount=1, seed=1661471, attempts=1)
[2025-11-28 19:55:07.168] [CORC] [info] GLOBAL: S_PB applied -> pLeft=0.100
[2025-11-28 19:55:08.117] [CORC] [info] BETWEEN-TRIALS: S_TS -> targetSucc=10
[2025-11-28 19:55:08.119] [CORC] [info] BETWEEN-TRIALS: S_MT -> maxTrials=99
[2025-11-28 19:55:08.527] [CORC] [info] WAIT_START cfg: pLeft=0.100, mode=1, targetSucc=10, maxTrials=99, V1=0/0, V2Score=0.000(0), finishedFlag=0
[2025-11-28 19:55:08.527] [CORC] [info] F=(0.000,0.000), |F|=0.000
[2025-11-28 19:55:10.528] [CORC] [info] WAIT_START cfg: pLeft=0.100, mode=1, targetSucc=10, maxTrials=99, V1=0/0, V2Score=0.000(0), finishedFlag=0
[2025-11-28 19:55:10.528] [CORC] [info] F=(0.000,0.000), |F|=0.000
[2025-11-28 19:55:12.528] [CORC] [info] WAIT_START cfg: pLeft=0.100, mode=1, targetSucc=10, maxTrials=99, V1=0/0, V2Score=0.000(0), finishedFlag=0
[2025-11-28 19:55:12.529] [CORC] [info] F=(0.000,0.000), |F|=0.000
[2025-11-28 19:55:14.529] [CORC] [info] WAIT_START cfg: pLeft=0.100, mode=1, targetSucc=10, maxTrials=99, V1=0/0, V2Score=0.000(0), finishedFlag=0
[2025-11-28 19:55:14.529] [CORC] [info] F=(0.000,0.000), |F|=0.000
[2025-11-28 19:55:16.530] [CORC] [info] WAIT_START cfg: pLeft=0.100, mode=1, targetSucc=10, maxTrials=99, V1=0/0, V2Score=0.000(0), finishedFlag=0
[2025-11-28 19:55:16.530] [CORC] [info] F=(0.000,0.000), |F|=0.000
[2025-11-28 19:55:18.531] [CORC] [info] WAIT_START cfg: pLeft=0.100, mode=1, targetSucc=10, maxTrials=99, V1=0/0, V2Score=0.000(0), finishedFlag=0
[2025-11-28 19:55:18.531] [CORC] [info] F=(0.000,0.000), |F|=0.000
[2025-11-28 19:55:20.532] [CORC] [info] WAIT_START cfg: pLeft=0.100, mode=1, targetSucc=10, maxTrials=99, V1=0/0, V2Score=0.000(0), finishedFlag=0
[2025-11-28 19:55:20.532] [CORC] [info] F=(0.000,0.000), |F|=0.000
[2025-11-28 19:55:22.533] [CORC] [info] WAIT_START cfg: pLeft=0.100, mode=1, targetSucc=10, maxTrials=99, V1=0/0, V2Score=0.000(0), finishedFlag=0
[2025-11-28 19:55:22.533] [CORC] [info] F=(0.000,0.000), |F|=0.000
[2025-11-28 19:55:24.534] [CORC] [info] WAIT_START cfg: pLeft=0.100, mode=1, targetSucc=10, maxTrials=99, V1=0/0, V2Score=0.000(0), finishedFlag=0
[2025-11-28 19:55:24.534] [CORC] [info] F=(0.000,0.000), |F|=0.000
[2025-11-28 19:55:26.535] [CORC] [info] WAIT_START cfg: pLeft=0.100, mode=1, targetSucc=10, maxTrials=99, V1=0/0, V2Score=0.000(0), finishedFlag=0
[2025-11-28 19:55:26.535] [CORC] [info] F=(0.000,0.000), |F|=0.000
[2025-11-28 19:55:28.536] [CORC] [info] WAIT_START cfg: pLeft=0.100, mode=1, targetSucc=10, maxTrials=99, V1=0/0, V2Score=0.000(0), finishedFlag=0
[2025-11-28 19:55:28.536] [CORC] [info] F=(0.000,0.000), |F|=0.000
[2025-11-28 19:55:30.537] [CORC] [info] WAIT_START cfg: pLeft=0.100, mode=1, targetSucc=10, maxTrials=99, V1=0/0, V2Score=0.000(0), finishedFlag=0
[2025-11-28 19:55:30.537] [CORC] [info] F=(0.000,0.000), |F|=0.000
[2025-11-28 19:55:32.538] [CORC] [info] WAIT_START cfg: pLeft=0.100, mode=1, targetSucc=10, maxTrials=99, V1=0/0, V2Score=0.000(0), finishedFlag=0
[2025-11-28 19:55:32.538] [CORC] [info] F=(0.000,-0.344), |F|=0.344
[2025-11-28 19:55:34.538] [CORC] [info] WAIT_START cfg: pLeft=0.100, mode=1, targetSucc=10, maxTrials=99, V1=0/0, V2Score=0.000(0), finishedFlag=0
[2025-11-28 19:55:34.539] [CORC] [info] F=(0.000,0.000), |F|=0.000
[2025-11-28 19:55:36.539] [CORC] [info] WAIT_START cfg: pLeft=0.100, mode=1, targetSucc=10, maxTrials=99, V1=0/0, V2Score=0.000(0), finishedFlag=0
[2025-11-28 19:55:36.539] [CORC] [info] F=(0.000,0.000), |F|=0.000
[2025-11-28 19:55:38.540] [CORC] [info] WAIT_START cfg: pLeft=0.100, mode=1, targetSucc=10, maxTrials=99, V1=0/0, V2Score=0.000(0), finishedFlag=0
[2025-11-28 19:55:38.540] [CORC] [info] F=(0.000,0.000), |F|=0.000
[2025-11-28 19:55:40.541] [CORC] [info] WAIT_START cfg: pLeft=0.100, mode=1, targetSucc=10, maxTrials=99, V1=0/0, V2Score=0.000(0), finishedFlag=0
[2025-11-28 19:55:40.541] [CORC] [info] F=(0.000,0.000), |F|=0.000
[2025-11-28 19:55:42.542] [CORC] [info] WAIT_START cfg: pLeft=0.100, mode=1, targetSucc=10, maxTrials=99, V1=0/0, V2Score=0.000(0), finishedFlag=0
[2025-11-28 19:55:42.542] [CORC] [info] F=(0.000,0.000), |F|=0.000
[2025-11-28 19:55:44.543] [CORC] [info] WAIT_START cfg: pLeft=0.100, mode=1, targetSucc=10, maxTrials=99, V1=0/0, V2Score=0.000(0), finishedFlag=0
[2025-11-28 19:55:44.543] [CORC] [info] F=(0.000,0.000), |F|=0.000
[2025-11-28 19:55:46.544] [CORC] [info] WAIT_START cfg: pLeft=0.100, mode=1, targetSucc=10, maxTrials=99, V1=0/0, V2Score=0.000(0), finishedFlag=0
[2025-11-28 19:55:46.544] [CORC] [info] F=(0.000,0.000), |F|=0.000
[2025-11-28 19:55:48.545] [CORC] [info] WAIT_START cfg: pLeft=0.100, mode=1, targetSucc=10, maxTrials=99, V1=0/0, V2Score=0.000(0), finishedFlag=0
[2025-11-28 19:55:48.545] [CORC] [info] F=(0.000,0.000), |F|=0.000
[2025-11-28 19:55:50.072] [CORC] [info] GLOBAL: STRT captured (pendingStart=1, t=97.595)
[2025-11-28 19:55:50.072] [CORC] [info] meanNorm =78.205
[2025-11-28 19:55:50.073] [CORC] [info] WAIT_START: pendingStart consumed -> TRIAL (atA_hold=1)
[2025-11-28 19:55:50.074] [CORC] [info] TRIAL direction (deterministic): UP
[2025-11-28 19:55:50.074] [CORC] [info] TRBBBBB
[2025-11-28 19:55:50.074] [CORC] [info] TRIAL_BEGIN cfg: pLeft=0.100, mode=1, targetSucc=10, maxTrials=99, V1=0/0, V2Score=0.000(0)
[2025-11-28 19:55:50.546] [CORC] [info] TRIAL status: t=0.472, n=0.025, effort=384.039, pLeft=0.100, mode=1, targetSucc=10, maxTrials=99
[2025-11-28 19:55:50.574] [CORC] [info] TRPPPP
[2025-11-28 19:55:50.574] [CORC] [info] EndPosX=0.3316878383454544, EndPosY=0.2193134476316865
[2025-11-28 19:55:50.574] [CORC] [info] TREEEEEE
[2025-11-28 19:55:50.574] [CORC] [info] [TREN SEND] (t=98.097, dur=0.500066, reached=1, dist=0.0119926, effort=403.347, trialScore=1, mode=1, cur=1, max=99, v1_suc=1, v1_tar=10, v2_sco=0, dirCode=1)
[2025-11-28 19:55:50.574] [CORC] [info] TRIAL: finished (reachedC=true, timeout=true) -> WAIT_START. Awaiting STRT.
[2025-11-28 19:55:52.547] [CORC] [info] WAIT_START cfg: pLeft=0.100, mode=1, targetSucc=10, maxTrials=99, V1=1/1, V2Score=0.000(0), finishedFlag=0
[2025-11-28 19:55:52.547] [CORC] [info] F=(0.000,0.000), |F|=0.000
[2025-11-28 19:55:52.607] [CORC] [info] GLOBAL: RSTA -> TO_A
[2025-11-28 19:55:54.362] [CORC] [info] TO_A -> WAIT_START (betweenTrials=1)
[2025-11-28 19:55:54.364] [CORC] [info] HLKD -> k_hold=1800.0, d_hold=35.0
[2025-11-28 19:55:54.548] [CORC] [info] WAIT_START cfg: pLeft=0.100, mode=1, targetSucc=10, maxTrials=99, V1=1/1, V2Score=0.000(0), finishedFlag=0
[2025-11-28 19:55:54.548] [CORC] [info] F=(-2.411,8.954), |F|=9.272
[2025-11-28 19:55:56.549] [CORC] [info] WAIT_START cfg: pLeft=0.100, mode=1, targetSucc=10, maxTrials=99, V1=1/1, V2Score=0.000(0), finishedFlag=0
[2025-11-28 19:55:56.549] [CORC] [info] F=(-45.112,-34.437), |F|=56.754
[2025-11-28 19:55:57.633] [CORC] [info] GLOBAL: STRT captured (pendingStart=1, t=105.156)
[2025-11-28 19:55:57.633] [CORC] [info] meanNorm =55.177
[2025-11-28 19:55:57.635] [CORC] [info] WAIT_START: pendingStart consumed -> TRIAL (atA_hold=1)
[2025-11-28 19:55:57.635] [CORC] [info] TRIAL direction (deterministic): UP
[2025-11-28 19:55:57.635] [CORC] [info] TRBBBBB
[2025-11-28 19:55:57.635] [CORC] [info] TRIAL_BEGIN cfg: pLeft=0.100, mode=1, targetSucc=10, maxTrials=99, V1=1/1, V2Score=0.000(0)
[2025-11-28 19:55:57.992] [CORC] [info] TRPPPP
[2025-11-28 19:55:57.992] [CORC] [info] EndPosX=0.37094260630976733, EndPosY=0.1612658995166828
[2025-11-28 19:55:58.136] [CORC] [info] TRPPPP
[2025-11-28 19:55:58.136] [CORC] [info] EndPosX=0.34080602714364455, EndPosY=0.2563501754815372
[2025-11-28 19:55:58.136] [CORC] [info] TREEEEEE
[2025-11-28 19:55:58.136] [CORC] [info] [TREN SEND] (t=105.659, dur=0.500346, reached=1, dist=0.04016, effort=366.536, trialScore=1, mode=1, cur=2, max=99, v1_suc=2, v1_tar=10, v2_sco=0, dirCode=1)
[2025-11-28 19:55:58.136] [CORC] [info] TRIAL: finished (reachedC=true, timeout=true) -> WAIT_START. Awaiting STRT.
[2025-11-28 19:55:58.550] [CORC] [info] WAIT_START cfg: pLeft=0.100, mode=1, targetSucc=10, maxTrials=99, V1=2/2, V2Score=0.000(0), finishedFlag=0
[2025-11-28 19:55:58.550] [CORC] [info] F=(0.000,0.689), |F|=0.689
[2025-11-28 19:56:00.161] [CORC] [info] GLOBAL: RSTA -> TO_A
[2025-11-28 19:56:01.819] [CORC] [info] TO_A -> WAIT_START (betweenTrials=1)
[2025-11-28 19:56:01.821] [CORC] [info] HLKD -> k_hold=1800.0, d_hold=35.0
[2025-11-28 19:56:02.552] [CORC] [info] WAIT_START cfg: pLeft=0.100, mode=1, targetSucc=10, maxTrials=99, V1=2/2, V2Score=0.000(0), finishedFlag=0
[2025-11-28 19:56:02.552] [CORC] [info] F=(-32.715,-27.205), |F|=42.548
[2025-11-28 19:56:04.553] [CORC] [info] WAIT_START cfg: pLeft=0.100, mode=1, targetSucc=10, maxTrials=99, V1=2/2, V2Score=0.000(0), finishedFlag=0
[2025-11-28 19:56:04.553] [CORC] [info] F=(-47.867,-40.291), |F|=62.567
[2025-11-28 19:56:05.201] [CORC] [info] GLOBAL: STRT captured (pendingStart=1, t=112.724)
[2025-11-28 19:56:05.201] [CORC] [info] meanNorm =58.424
[2025-11-28 19:56:05.203] [CORC] [info] WAIT_START: pendingStart consumed -> TRIAL (atA_hold=1)
[2025-11-28 19:56:05.203] [CORC] [warning] Applicaton thread time overflow: 2.528ms (>2.0ms) !
[2025-11-28 19:56:05.203] [CORC] [info] TRIAL direction (deterministic): SIDE
[2025-11-28 19:56:05.203] [CORC] [info] TRBBBBB
[2025-11-28 19:56:05.204] [CORC] [info] TRIAL_BEGIN cfg: pLeft=0.100, mode=1, targetSucc=10, maxTrials=99, V1=2/2, V2Score=0.000(0)
[2025-11-28 19:56:05.700] [CORC] [info] TRPPPP
[2025-11-28 19:56:05.700] [CORC] [info] EndPosX=0.3087579970256388, EndPosY=0.1431392884106087
[2025-11-28 19:56:05.704] [CORC] [info] TRPPPP
[2025-11-28 19:56:05.704] [CORC] [info] EndPosX=0.3080993980838019, EndPosY=0.14541031924452905
[2025-11-28 19:56:05.704] [CORC] [info] TREEEEEE
[2025-11-28 19:56:05.704] [CORC] [info] [TREN SEND] (t=113.227, dur=0.500105, reached=1, dist=0.0775087, effort=202.002, trialScore=1, mode=1, cur=3, max=99, v1_suc=3, v1_tar=10, v2_sco=0, dirCode=-1)
[2025-11-28 19:56:05.704] [CORC] [info] TRIAL: finished (reachedC=true, timeout=true) -> WAIT_START. Awaiting STRT.
[2025-11-28 19:56:06.554] [CORC] [info] WAIT_START cfg: pLeft=0.100, mode=1, targetSucc=10, maxTrials=99, V1=3/3, V2Score=0.000(0), finishedFlag=0
[2025-11-28 19:56:06.554] [CORC] [info] F=(0.000,0.000), |F|=0.000
[2025-11-28 19:56:07.717] [CORC] [info] GLOBAL: RSTA -> TO_A
[2025-11-28 19:56:09.408] [CORC] [info] TO_A -> WAIT_START (betweenTrials=1)
[2025-11-28 19:56:09.410] [CORC] [info] HLKD -> k_hold=1800.0, d_hold=35.0
[2025-11-28 19:56:10.556] [CORC] [info] WAIT_START cfg: pLeft=0.100, mode=1, targetSucc=10, maxTrials=99, V1=3/3, V2Score=0.000(0), finishedFlag=0
[2025-11-28 19:56:10.556] [CORC] [info] F=(-43.734,-79.893), |F|=91.080
[2025-11-28 19:56:12.557] [CORC] [info] WAIT_START cfg: pLeft=0.100, mode=1, targetSucc=10, maxTrials=99, V1=3/3, V2Score=0.000(0), finishedFlag=0
[2025-11-28 19:56:12.557] [CORC] [info] F=(-43.390,-54.754), |F|=69.862
[2025-11-28 19:56:12.735] [CORC] [info] GLOBAL: STRT captured (pendingStart=1, t=120.259)
[2025-11-28 19:56:12.736] [CORC] [info] meanNorm =69.774
[2025-11-28 19:56:12.737] [CORC] [info] WAIT_START: pendingStart consumed -> TRIAL (atA_hold=1)
[2025-11-28 19:56:12.737] [CORC] [info] TRIAL direction (deterministic): UP
[2025-11-28 19:56:12.737] [CORC] [info] TRBBBBB
[2025-11-28 19:56:12.737] [CORC] [info] TRIAL_BEGIN cfg: pLeft=0.100, mode=1, targetSucc=10, maxTrials=99, V1=3/3, V2Score=0.000(0)
[2025-11-28 19:56:13.028] [CORC] [info] TRPPPP
[2025-11-28 19:56:13.028] [CORC] [info] EndPosX=0.3766958844223655, EndPosY=0.1658155312873032
[2025-11-28 19:56:13.238] [CORC] [info] TRPPPP
[2025-11-28 19:56:13.238] [CORC] [info] EndPosX=0.32985965852414856, EndPosY=0.2722965969870479
[2025-11-28 19:56:13.238] [CORC] [info] TREEEEEE
[2025-11-28 19:56:13.238] [CORC] [info] [TREN SEND] (t=120.761, dur=0.500242, reached=1, dist=0.0512539, effort=341.701, trialScore=1, mode=1, cur=4, max=99, v1_suc=4, v1_tar=10, v2_sco=0, dirCode=1)
[2025-11-28 19:56:13.238] [CORC] [info] TRIAL: finished (reachedC=true, timeout=true) -> WAIT_START. Awaiting STRT.
[2025-11-28 19:56:14.558] [CORC] [info] WAIT_START cfg: pLeft=0.100, mode=1, targetSucc=10, maxTrials=99, V1=4/4, V2Score=0.000(0), finishedFlag=0
[2025-11-28 19:56:14.558] [CORC] [info] F=(0.000,0.000), |F|=0.000
[2025-11-28 19:56:15.255] [CORC] [info] GLOBAL: RSTA -> TO_A
[2025-11-28 19:56:18.370] [CORC] [info] TO_A -> WAIT_START (betweenTrials=1)
[2025-11-28 19:56:18.372] [CORC] [info] HLKD -> k_hold=1800.0, d_hold=35.0
[2025-11-28 19:56:18.560] [CORC] [info] WAIT_START cfg: pLeft=0.100, mode=1, targetSucc=10, maxTrials=99, V1=4/4, V2Score=0.000(0), finishedFlag=0
[2025-11-28 19:56:18.560] [CORC] [info] F=(2.755,1.033), |F|=2.942
[2025-11-28 19:56:20.283] [CORC] [info] GLOBAL: STRT captured (pendingStart=1, t=127.806)
[2025-11-28 19:56:20.283] [CORC] [info] meanNorm =92.969
[2025-11-28 19:56:20.284] [CORC] [info] WAIT_START: pendingStart consumed -> TRIAL (atA_hold=1)
[2025-11-28 19:56:20.285] [CORC] [info] TRIAL direction (deterministic): UP
[2025-11-28 19:56:20.285] [CORC] [info] TRBBBBB
[2025-11-28 19:56:20.285] [CORC] [info] TRIAL_BEGIN cfg: pLeft=0.100, mode=1, targetSucc=10, maxTrials=99, V1=4/4, V2Score=0.000(0)
[2025-11-28 19:56:20.561] [CORC] [info] TRIAL status: t=0.276, n=0.105, effort=181.007, pLeft=0.100, mode=1, targetSucc=10, maxTrials=99
[2025-11-28 19:56:20.617] [CORC] [info] TRPPPP
[2025-11-28 19:56:20.617] [CORC] [info] EndPosX=0.39388758783514244, EndPosY=0.19257962966505435
[2025-11-28 19:56:20.786] [CORC] [info] TRPPPP
[2025-11-28 19:56:20.786] [CORC] [info] EndPosX=0.3446592094585294, EndPosY=0.26415116639605357
[2025-11-28 19:56:20.786] [CORC] [info] TREEEEEE
[2025-11-28 19:56:20.786] [CORC] [info] [TREN SEND] (t=128.309, dur=0.500386, reached=1, dist=0.0488344, effort=334.115, trialScore=1, mode=1, cur=5, max=99, v1_suc=5, v1_tar=10, v2_sco=0, dirCode=1)
[2025-11-28 19:56:20.786] [CORC] [info] TRIAL: finished (reachedC=true, timeout=true) -> WAIT_START. Awaiting STRT.
[2025-11-28 19:56:22.562] [CORC] [info] WAIT_START cfg: pLeft=0.100, mode=1, targetSucc=10, maxTrials=99, V1=5/5, V2Score=0.000(0), finishedFlag=0
[2025-11-28 19:56:22.562] [CORC] [info] F=(0.000,0.000), |F|=0.000
[2025-11-28 19:56:22.804] [CORC] [info] GLOBAL: RSTA -> TO_A
[2025-11-28 19:56:24.672] [CORC] [info] TO_A -> WAIT_START (betweenTrials=1)
[2025-11-28 19:56:24.674] [CORC] [info] HLKD -> k_hold=1800.0, d_hold=35.0
[2025-11-28 19:56:26.565] [CORC] [info] WAIT_START cfg: pLeft=0.100, mode=1, targetSucc=10, maxTrials=99, V1=5/5, V2Score=0.000(0), finishedFlag=0
[2025-11-28 19:56:26.565] [CORC] [info] F=(-59.231,-58.198), |F|=83.038
[2025-11-28 19:56:27.837] [CORC] [info] GLOBAL: STRT captured (pendingStart=1, t=135.360)
[2025-11-28 19:56:27.837] [CORC] [info] meanNorm =65.936
[2025-11-28 19:56:27.839] [CORC] [info] WAIT_START: pendingStart consumed -> TRIAL (atA_hold=1)
[2025-11-28 19:56:27.839] [CORC] [warning] Applicaton thread time overflow: 2.528ms (>2.0ms) !
[2025-11-28 19:56:27.840] [CORC] [info] TRIAL direction (deterministic): UP
[2025-11-28 19:56:27.840] [CORC] [info] TRBBBBB
[2025-11-28 19:56:27.840] [CORC] [info] TRIAL_BEGIN cfg: pLeft=0.100, mode=1, targetSucc=10, maxTrials=99, V1=5/5, V2Score=0.000(0)
[2025-11-28 19:56:28.136] [CORC] [info] TRPPPP
[2025-11-28 19:56:28.136] [CORC] [info] EndPosX=0.37184344854055573, EndPosY=0.16174281599180607
[2025-11-28 19:56:28.340] [CORC] [info] TRPPPP
[2025-11-28 19:56:28.340] [CORC] [info] EndPosX=0.3212978722802689, EndPosY=0.25529793119515415
[2025-11-28 19:56:28.340] [CORC] [info] TREEEEEE
[2025-11-28 19:56:28.340] [CORC] [info] [TREN SEND] (t=135.863, dur=0.500168, reached=1, dist=0.0333232, effort=332.351, trialScore=1, mode=1, cur=6, max=99, v1_suc=6, v1_tar=10, v2_sco=0, dirCode=1)
[2025-11-28 19:56:28.340] [CORC] [info] TRIAL: finished (reachedC=true, timeout=true) -> WAIT_START. Awaiting STRT.
[2025-11-28 19:56:28.566] [CORC] [info] WAIT_START cfg: pLeft=0.100, mode=1, targetSucc=10, maxTrials=99, V1=6/6, V2Score=0.000(0), finishedFlag=0
[2025-11-28 19:56:28.566] [CORC] [info] F=(0.000,-7.920), |F|=7.920
[2025-11-28 19:56:30.371] [CORC] [info] GLOBAL: RSTA -> TO_A
[2025-11-28 19:56:32.226] [CORC] [info] TO_A -> WAIT_START (betweenTrials=1)
[2025-11-28 19:56:32.228] [CORC] [info] HLKD -> k_hold=1800.0, d_hold=35.0
[2025-11-28 19:56:32.568] [CORC] [info] WAIT_START cfg: pLeft=0.100, mode=1, targetSucc=10, maxTrials=99, V1=6/6, V2Score=0.000(0), finishedFlag=0
[2025-11-28 19:56:32.568] [CORC] [info] F=(-1.033,5.165), |F|=5.268
[2025-11-28 19:56:34.569] [CORC] [info] WAIT_START cfg: pLeft=0.100, mode=1, targetSucc=10, maxTrials=99, V1=6/6, V2Score=0.000(0), finishedFlag=0
[2025-11-28 19:56:34.569] [CORC] [info] F=(-34.437,-57.853), |F|=67.327
[2025-11-28 19:56:35.401] [CORC] [info] GLOBAL: STRT captured (pendingStart=1, t=142.924)
[2025-11-28 19:56:35.401] [CORC] [info] meanNorm =61.940
[2025-11-28 19:56:35.403] [CORC] [info] WAIT_START: pendingStart consumed -> TRIAL (atA_hold=1)
[2025-11-28 19:56:35.403] [CORC] [info] TRIAL direction (deterministic): UP
[2025-11-28 19:56:35.403] [CORC] [info] TRBBBBB
[2025-11-28 19:56:35.403] [CORC] [info] TRIAL_BEGIN cfg: pLeft=0.100, mode=1, targetSucc=10, maxTrials=99, V1=6/6, V2Score=0.000(0)
[2025-11-28 19:56:35.702] [CORC] [info] TRPPPP
[2025-11-28 19:56:35.702] [CORC] [info] EndPosX=0.35138146072693355, EndPosY=0.14969121236646885
[2025-11-28 19:56:35.904] [CORC] [info] TRPPPP
[2025-11-28 19:56:35.904] [CORC] [info] EndPosX=0.29771321707000625, EndPosY=0.2584243836431845
[2025-11-28 19:56:35.904] [CORC] [info] TREEEEEE
[2025-11-28 19:56:35.904] [CORC] [info] [TREN SEND] (t=143.427, dur=0.500349, reached=1, dist=0.0427017, effort=323.969, trialScore=1, mode=1, cur=7, max=99, v1_suc=7, v1_tar=10, v2_sco=0, dirCode=1)
[2025-11-28 19:56:35.904] [CORC] [info] TRIAL: finished (reachedC=true, timeout=true) -> WAIT_START. Awaiting STRT.
[2025-11-28 19:56:36.570] [CORC] [info] WAIT_START cfg: pLeft=0.100, mode=1, targetSucc=10, maxTrials=99, V1=7/7, V2Score=0.000(0), finishedFlag=0
[2025-11-28 19:56:36.570] [CORC] [info] F=(-1.033,0.000), |F|=1.033
[2025-11-28 19:56:37.937] [CORC] [info] GLOBAL: RSTA -> TO_A
[2025-11-28 19:56:39.920] [CORC] [info] TO_A -> WAIT_START (betweenTrials=1)
[2025-11-28 19:56:39.922] [CORC] [info] HLKD -> k_hold=1800.0, d_hold=35.0
[2025-11-28 19:56:40.572] [CORC] [info] WAIT_START cfg: pLeft=0.100, mode=1, targetSucc=10, maxTrials=99, V1=7/7, V2Score=0.000(0), finishedFlag=0
[2025-11-28 19:56:40.572] [CORC] [info] F=(-13.775,-24.450), |F|=28.063
[2025-11-28 19:56:42.573] [CORC] [info] WAIT_START cfg: pLeft=0.100, mode=1, targetSucc=10, maxTrials=99, V1=7/7, V2Score=0.000(0), finishedFlag=0
[2025-11-28 19:56:42.573] [CORC] [info] F=(-30.304,-56.132), |F|=63.790
[2025-11-28 19:56:42.951] [CORC] [info] GLOBAL: STRT captured (pendingStart=1, t=150.474)
[2025-11-28 19:56:42.951] [CORC] [info] meanNorm =60.902
[2025-11-28 19:56:42.952] [CORC] [info] WAIT_START: pendingStart consumed -> TRIAL (atA_hold=1)
[2025-11-28 19:56:42.953] [CORC] [info] TRIAL direction (deterministic): UP
[2025-11-28 19:56:42.953] [CORC] [info] TRBBBBB
[2025-11-28 19:56:42.953] [CORC] [info] TRIAL_BEGIN cfg: pLeft=0.100, mode=1, targetSucc=10, maxTrials=99, V1=7/7, V2Score=0.000(0)
[2025-11-28 19:56:43.279] [CORC] [info] TRPPPP
[2025-11-28 19:56:43.279] [CORC] [info] EndPosX=0.3903712750939558, EndPosY=0.1881246241791806
[2025-11-28 19:56:43.453] [CORC] [info] TRPPPP
[2025-11-28 19:56:43.453] [CORC] [info] EndPosX=0.30999949388151526, EndPosY=0.27004449141007686
[2025-11-28 19:56:43.453] [CORC] [info] TREEEEEE
[2025-11-28 19:56:43.453] [CORC] [info] [TREN SEND] (t=150.976, dur=0.50031, reached=1, dist=0.0490743, effort=405.639, trialScore=1, mode=1, cur=8, max=99, v1_suc=8, v1_tar=10, v2_sco=0, dirCode=1)
[2025-11-28 19:56:43.453] [CORC] [info] TRIAL: finished (reachedC=true, timeout=true) -> WAIT_START. Awaiting STRT.
[2025-11-28 19:56:44.574] [CORC] [info] WAIT_START cfg: pLeft=0.100, mode=1, targetSucc=10, maxTrials=99, V1=8/8, V2Score=0.000(0), finishedFlag=0
[2025-11-28 19:56:44.574] [CORC] [info] F=(0.000,-0.344), |F|=0.344
[2025-11-28 19:56:45.470] [CORC] [info] GLOBAL: RSTA -> TO_A
[2025-11-28 19:56:47.303] [CORC] [info] TO_A -> WAIT_START (betweenTrials=1)
[2025-11-28 19:56:47.305] [CORC] [info] HLKD -> k_hold=1800.0, d_hold=35.0
[2025-11-28 19:56:48.576] [CORC] [info] WAIT_START cfg: pLeft=0.100, mode=1, targetSucc=10, maxTrials=99, V1=8/8, V2Score=0.000(0), finishedFlag=0
[2025-11-28 19:56:48.576] [CORC] [info] F=(-16.185,-5.165), |F|=16.989
[2025-11-28 19:56:50.494] [CORC] [info] GLOBAL: STRT captured (pendingStart=1, t=158.017)
[2025-11-28 19:56:50.494] [CORC] [info] meanNorm =78.365
[2025-11-28 19:56:50.496] [CORC] [info] WAIT_START: pendingStart consumed -> TRIAL (atA_hold=1)
[2025-11-28 19:56:50.496] [CORC] [info] TRIAL direction (deterministic): UP
[2025-11-28 19:56:50.496] [CORC] [info] TRBBBBB
[2025-11-28 19:56:50.496] [CORC] [info] TRIAL_BEGIN cfg: pLeft=0.100, mode=1, targetSucc=10, maxTrials=99, V1=8/8, V2Score=0.000(0)
[2025-11-28 19:56:50.576] [CORC] [info] TRIAL status: t=0.080, n=0.183, effort=34.405, pLeft=0.100, mode=1, targetSucc=10, maxTrials=99
[2025-11-28 19:56:50.833] [CORC] [info] TRPPPP
[2025-11-28 19:56:50.833] [CORC] [info] EndPosX=0.38295257436981606, EndPosY=0.17460063556318503
[2025-11-28 19:56:50.997] [CORC] [info] TRPPPP
[2025-11-28 19:56:50.997] [CORC] [info] EndPosX=0.3197384311076436, EndPosY=0.2516453566039323
[2025-11-28 19:56:50.997] [CORC] [info] TREEEEEE
[2025-11-28 19:56:50.997] [CORC] [info] [TREN SEND] (t=158.52, dur=0.500848, reached=1, dist=0.0296465, effort=378.967, trialScore=1, mode=1, cur=9, max=99, v1_suc=9, v1_tar=10, v2_sco=0, dirCode=1)
[2025-11-28 19:56:50.997] [CORC] [info] TRIAL: finished (reachedC=true, timeout=true) -> WAIT_START. Awaiting STRT.
[2025-11-28 19:56:52.578] [CORC] [info] WAIT_START cfg: pLeft=0.100, mode=1, targetSucc=10, maxTrials=99, V1=9/9, V2Score=0.000(0), finishedFlag=0
[2025-11-28 19:56:52.578] [CORC] [info] F=(0.000,0.000), |F|=0.000
[2025-11-28 19:56:53.020] [CORC] [info] GLOBAL: RSTA -> TO_A
[2025-11-28 19:56:54.835] [CORC] [info] TO_A -> WAIT_START (betweenTrials=1)
[2025-11-28 19:56:54.837] [CORC] [info] HLKD -> k_hold=1800.0, d_hold=35.0
[2025-11-28 19:56:56.580] [CORC] [info] WAIT_START cfg: pLeft=0.100, mode=1, targetSucc=10, maxTrials=99, V1=9/9, V2Score=0.000(0), finishedFlag=0
[2025-11-28 19:56:56.580] [CORC] [info] F=(-52.344,-32.370), |F|=61.544
[2025-11-28 19:56:58.038] [CORC] [info] GLOBAL: STRT captured (pendingStart=1, t=165.562)
[2025-11-28 19:56:58.039] [CORC] [info] meanNorm =56.500
[2025-11-28 19:56:58.040] [CORC] [info] WAIT_START: pendingStart consumed -> TRIAL (atA_hold=1)
[2025-11-28 19:56:58.040] [CORC] [info] TRIAL direction (deterministic): UP
[2025-11-28 19:56:58.040] [CORC] [info] TRBBBBB
[2025-11-28 19:56:58.040] [CORC] [info] TRIAL_BEGIN cfg: pLeft=0.100, mode=1, targetSucc=10, maxTrials=99, V1=9/9, V2Score=0.000(0)
[2025-11-28 19:56:58.395] [CORC] [info] TRPPPP
[2025-11-28 19:56:58.395] [CORC] [info] EndPosX=0.37021966149430274, EndPosY=0.16184879743072236
[2025-11-28 19:56:58.541] [CORC] [info] TRPPPP
[2025-11-28 19:56:58.541] [CORC] [info] EndPosX=0.3204424506661589, EndPosY=0.24632735940116884
[2025-11-28 19:56:58.541] [CORC] [info] TREEEEEE
[2025-11-28 19:56:58.541] [CORC] [info] [TREN SEND] (t=166.064, dur=0.500316, reached=1, dist=0.0243314, effort=378.566, trialScore=1, mode=1, cur=10, max=99, v1_suc=10, v1_tar=10, v2_sco=0, dirCode=1)
[2025-11-28 19:56:58.543] [CORC] [info] SESSSSS
[2025-11-28 19:56:58.543] [CORC] [info] Exited M2 Probabilistic Move state...
[2025-11-28 19:56:58.543] [CORC] [info] Entering M2 Standby state...
[2025-11-28 19:56:58.566] [CORC] [warning] Applicaton thread time overflow: 23.470000000000002ms (>2.0ms) !
[2025-11-28 19:57:06.217] [CORC] [critical] UI down, waiting reconnect...
[2025-11-28 19:57:06.218] [CORC] [info] UI reconnected
[2025-11-28 19:57:07.218] [CORC] [critical] UI down, waiting reconnect...
[2025-11-28 19:57:07.218] [CORC] [info] UI reconnected
[2025-11-28 19:57:07.746] [CORC] [info] Exited M2 Standby state...
[2025-11-28 19:57:07.746] [CORC] [info] Disabling robot...
[2025-11-28 19:57:07.747] [CORC] [info] CORC End application
[2025-11-28 19:57:08.248] [CORC] [info] Canopend on can0 (nodeId=80) - finished.
[2025-12-07 19:44:57.370] [CORC] [info] ===============================================
[2025-12-07 19:44:57.370] [CORC] [info] ============ Start logging session ============
[2025-12-07 19:44:57.370] [CORC] [warning] Running without root privilege: using non-RT priority threads
[2025-12-07 19:44:57.370] [CORC] [info] vcan0: -
[2025-12-07 19:44:57.370] [CORC] [info] can0: up
[2025-12-07 19:44:57.370] [CORC] [info] Using: can0 (3)
[2025-12-07 19:44:57.370] [CORC] [info] Starting CANopen device with Node ID 80
[2025-12-07 19:44:57.370] [CORC] [info] Using default robot parameters (no YAML file specified).
[2025-12-07 19:44:57.370] [CORC] [info] Could not open joystick (/dev/input/js0)
[2025-12-07 19:44:57.402] [CORC] [info] CORC Start application
[2025-12-07 19:44:57.402] [CORC] [info] Application thread running at 500Hz.
[2025-12-07 19:44:58.511] [CORC] [info] Starting logger M2MachineLog (Time (s), Position_1, Position_2, Velocity_1, Velocity_2, Force_1, Force_2)
[2025-12-07 19:44:58.511] [CORC] [info] Initialised network communication server (0.0.0.0:2048) for M2 robot (state size: 7)
[2025-12-07 19:44:58.511] [CORC] [info] Starting logger M2MachineLog (Time (s), Position_1, Position_2, Velocity_1, Velocity_2, Force_1, Force_2)
[2025-12-07 19:44:58.511] [CORC] [info] Entering M2 Calib State state...
[2025-12-07 19:44:58.534] [CORC] [critical] UI down, waiting reconnect...
[2025-12-07 19:44:58.534] [CORC] [info] UI reconnected
[2025-12-07 19:44:59.534] [CORC] [critical] UI down, waiting reconnect...
[2025-12-07 19:44:59.534] [CORC] [info] UI reconnected
[2025-12-07 19:45:00.534] [CORC] [critical] UI down, waiting reconnect...
[2025-12-07 19:45:00.535] [CORC] [info] UI reconnected
[2025-12-07 19:45:01.535] [CORC] [critical] UI down, waiting reconnect...
[2025-12-07 19:45:01.535] [CORC] [info] UI reconnected
[2025-12-07 19:45:02.537] [CORC] [critical] UI down, waiting reconnect...
[2025-12-07 19:45:02.537] [CORC] [info] UI reconnected
[2025-12-07 19:45:04.580] [CORC] [info] [FourierForceSensor::calibrate]: Force Sensor 3 succesfully zeroed with offset 1506.8402266288952.
[2025-12-07 19:45:06.582] [CORC] [info] [FourierForceSensor::calibrate]: Force Sensor 4 succesfully zeroed with offset 1500.7600884466556.
[2025-12-07 19:45:06.583] [CORC] [warning] Applicaton thread time overflow: 4004.18ms (>2.0ms) !
[2025-12-07 19:45:06.583] [CORC] [critical] UI down, waiting reconnect...
[2025-12-07 19:45:06.583] [CORC] [info] UI reconnected
[2025-12-07 19:45:06.585] [CORC] [info] Exited M2 Calib State state...
[2025-12-07 19:45:06.585] [CORC] [info] Entering M2 Standby state...
[2025-12-07 19:45:06.609] [CORC] [warning] Applicaton thread time overflow: 24.080000000000002ms (>2.0ms) !
[2025-12-07 19:45:07.583] [CORC] [critical] UI down, waiting reconnect...
[2025-12-07 19:45:07.583] [CORC] [info] UI reconnected
[2025-12-07 19:45:08.584] [CORC] [critical] UI down, waiting reconnect...
[2025-12-07 19:45:08.584] [CORC] [info] UI reconnected
[2025-12-07 19:45:09.584] [CORC] [critical] UI down, waiting reconnect...
[2025-12-07 19:45:09.584] [CORC] [info] UI reconnected
[2025-12-07 19:45:10.585] [CORC] [critical] UI down, waiting reconnect...
[2025-12-07 19:45:10.585] [CORC] [info] UI reconnected
[2025-12-07 19:45:11.585] [CORC] [critical] UI down, waiting reconnect...
[2025-12-07 19:45:11.585] [CORC] [info] UI reconnected
[2025-12-07 19:45:12.586] [CORC] [critical] UI down, waiting reconnect...
[2025-12-07 19:45:12.586] [CORC] [info] UI reconnected
[2025-12-07 19:45:13.586] [CORC] [critical] UI down, waiting reconnect...
[2025-12-07 19:45:13.587] [CORC] [info] UI reconnected
[2025-12-07 19:45:14.588] [CORC] [critical] UI down, waiting reconnect...
[2025-12-07 19:45:14.588] [CORC] [info] UI reconnected
[2025-12-07 19:45:15.588] [CORC] [critical] UI down, waiting reconnect...
[2025-12-07 19:45:15.588] [CORC] [info] UI reconnected
[2025-12-07 19:45:16.589] [CORC] [critical] UI down, waiting reconnect...
[2025-12-07 19:45:16.589] [CORC] [info] UI reconnected
[2025-12-07 19:45:17.589] [CORC] [critical] UI down, waiting reconnect...
[2025-12-07 19:45:17.589] [CORC] [info] UI reconnected
[2025-12-07 19:45:22.614] [CORC] [info] [TRANS] accepting BGIN -> toProb
[2025-12-07 19:45:22.614] [CORC] [info] Exited M2 Standby state...
[2025-12-07 19:45:22.614] [CORC] [info] Entering M2 Probabilistic Move state...
[2025-12-07 19:45:22.638] [CORC] [info] [STATIC] Loaded 0 up and 0 left perturbation samples (hard-coded).
[2025-12-07 19:45:22.638] [CORC] [info] [SCHEDULE] Built seeded schedule (total=10, leftCount=5, seed=1661471, attempts=1)
[2025-12-07 19:45:22.638] [CORC] [warning] Applicaton thread time overflow: 24.028000000000002ms (>2.0ms) !
[2025-12-07 19:45:24.300] [CORC] [info] TO_A -> WAIT_START (betweenTrials=1)
[2025-12-07 19:45:24.302] [CORC] [info] HLKD -> k_hold=1000.0, d_hold=35.0
[2025-12-07 19:45:24.638] [CORC] [info] WAIT_START cfg: pLeft=0.500, mode=1, targetSucc=10, maxTrials=10, V1=0/0, V2Score=0.000(0), finishedFlag=0
[2025-12-07 19:45:24.638] [CORC] [info] F=(-2.755,-21.695), |F|=21.869
[2025-12-07 19:45:26.640] [CORC] [info] WAIT_START cfg: pLeft=0.500, mode=1, targetSucc=10, maxTrials=10, V1=0/0, V2Score=0.000(0), finishedFlag=0
[2025-12-07 19:45:26.640] [CORC] [info] F=(-3.444,3.099), |F|=4.633
[2025-12-07 19:45:28.641] [CORC] [info] WAIT_START cfg: pLeft=0.500, mode=1, targetSucc=10, maxTrials=10, V1=0/0, V2Score=0.000(0), finishedFlag=0
[2025-12-07 19:45:28.641] [CORC] [info] F=(-3.444,2.411), |F|=4.204
[2025-12-07 19:45:30.642] [CORC] [info] WAIT_START cfg: pLeft=0.500, mode=1, targetSucc=10, maxTrials=10, V1=0/0, V2Score=0.000(0), finishedFlag=0
[2025-12-07 19:45:30.642] [CORC] [info] F=(-3.444,2.066), |F|=4.016
[2025-12-07 19:45:32.643] [CORC] [info] WAIT_START cfg: pLeft=0.500, mode=1, targetSucc=10, maxTrials=10, V1=0/0, V2Score=0.000(0), finishedFlag=0
[2025-12-07 19:45:32.643] [CORC] [info] F=(-3.099,2.411), |F|=3.926
[2025-12-07 19:45:34.644] [CORC] [info] WAIT_START cfg: pLeft=0.500, mode=1, targetSucc=10, maxTrials=10, V1=0/0, V2Score=0.000(0), finishedFlag=0
[2025-12-07 19:45:34.644] [CORC] [info] F=(-2.066,15.841), |F|=15.975
[2025-12-07 19:45:36.645] [CORC] [info] WAIT_START cfg: pLeft=0.500, mode=1, targetSucc=10, maxTrials=10, V1=0/0, V2Score=0.000(0), finishedFlag=0
[2025-12-07 19:45:36.645] [CORC] [info] F=(-1.722,-1.377), |F|=2.205
[2025-12-07 19:45:38.645] [CORC] [info] WAIT_START cfg: pLeft=0.500, mode=1, targetSucc=10, maxTrials=10, V1=0/0, V2Score=0.000(0), finishedFlag=0
[2025-12-07 19:45:38.645] [CORC] [info] F=(-1.722,-1.722), |F|=2.435
[2025-12-07 19:45:40.647] [CORC] [info] WAIT_START cfg: pLeft=0.500, mode=1, targetSucc=10, maxTrials=10, V1=0/0, V2Score=0.000(0), finishedFlag=0
[2025-12-07 19:45:40.647] [CORC] [info] F=(-2.066,-1.722), |F|=2.690
[2025-12-07 19:45:42.648] [CORC] [info] WAIT_START cfg: pLeft=0.500, mode=1, targetSucc=10, maxTrials=10, V1=0/0, V2Score=0.000(0), finishedFlag=0
[2025-12-07 19:45:42.648] [CORC] [info] F=(-1.033,-1.722), |F|=2.008
[2025-12-07 19:45:44.648] [CORC] [info] WAIT_START cfg: pLeft=0.500, mode=1, targetSucc=10, maxTrials=10, V1=0/0, V2Score=0.000(0), finishedFlag=0
[2025-12-07 19:45:44.648] [CORC] [info] F=(-1.722,-1.377), |F|=2.205
[2025-12-07 19:45:46.649] [CORC] [info] WAIT_START cfg: pLeft=0.500, mode=1, targetSucc=10, maxTrials=10, V1=0/0, V2Score=0.000(0), finishedFlag=0
[2025-12-07 19:45:46.650] [CORC] [info] F=(-1.722,-1.722), |F|=2.435
[2025-12-07 19:45:48.650] [CORC] [info] WAIT_START cfg: pLeft=0.500, mode=1, targetSucc=10, maxTrials=10, V1=0/0, V2Score=0.000(0), finishedFlag=0
[2025-12-07 19:45:48.650] [CORC] [info] F=(-1.722,-1.722), |F|=2.435
[2025-12-07 19:45:49.029] [CORC] [info] GLOBAL: STRT captured (pendingStart=1, t=26.414)
[2025-12-07 19:45:49.029] [CORC] [info] meanNorm =2.231
[2025-12-07 19:45:49.030] [CORC] [info] WAIT_START: pendingStart consumed -> TRIAL (atA_hold=1)
[2025-12-07 19:45:49.030] [CORC] [info] TRIAL direction (deterministic): UP
[2025-12-07 19:45:49.030] [CORC] [info] TRBBBBB
[2025-12-07 19:45:49.030] [CORC] [info] TRIAL_BEGIN cfg: pLeft=0.500, mode=1, targetSucc=10, maxTrials=10, V1=0/0, V2Score=0.000(0)
[2025-12-07 19:45:49.421] [CORC] [info] TRPPPP
[2025-12-07 19:45:49.421] [CORC] [info] EndPosX=0.3219716114276653, EndPosY=0.2424779621376739
[2025-12-07 19:45:49.531] [CORC] [info] TRPPPP
[2025-12-07 19:45:49.531] [CORC] [info] EndPosX=0.32197539647905515, EndPosY=0.31440907875071056
[2025-12-07 19:45:49.531] [CORC] [info] TREEEEEE
[2025-12-07 19:45:49.531] [CORC] [info] [TREN SEND] (t=26.9164, dur=0.500293, reached=1, dist=0.00784374, effort=266.076, trialScore=1, mode=1, cur=1, max=10, v1_suc=1, v1_tar=10, v2_sco=0, dirCode=1)
[2025-12-07 19:45:49.531] [CORC] [info] TRIAL: finished (reachedC=true, timeout=true) -> WAIT_START. Awaiting STRT.
[2025-12-07 19:45:50.651] [CORC] [info] WAIT_START cfg: pLeft=0.500, mode=1, targetSucc=10, maxTrials=10, V1=1/1, V2Score=0.000(0), finishedFlag=0
[2025-12-07 19:45:50.651] [CORC] [info] F=(0.000,0.000), |F|=0.000
[2025-12-07 19:45:51.554] [CORC] [info] GLOBAL: RSTA -> TO_A
[2025-12-07 19:45:53.147] [CORC] [info] TO_A -> WAIT_START (betweenTrials=1)
[2025-12-07 19:45:53.149] [CORC] [info] HLKD -> k_hold=1000.0, d_hold=35.0
[2025-12-07 19:45:54.654] [CORC] [info] WAIT_START cfg: pLeft=0.500, mode=1, targetSucc=10, maxTrials=10, V1=1/1, V2Score=0.000(0), finishedFlag=0
[2025-12-07 19:45:54.654] [CORC] [info] F=(-1.722,-2.755), |F|=3.249
[2025-12-07 19:45:56.579] [CORC] [info] GLOBAL: STRT captured (pendingStart=1, t=33.965)
[2025-12-07 19:45:56.579] [CORC] [info] meanNorm =3.270
[2025-12-07 19:45:56.580] [CORC] [info] WAIT_START: pendingStart consumed -> TRIAL (atA_hold=1)
[2025-12-07 19:45:56.581] [CORC] [info] TRIAL direction (deterministic): UP
[2025-12-07 19:45:56.581] [CORC] [info] TRBBBBB
[2025-12-07 19:45:56.581] [CORC] [info] TRIAL_BEGIN cfg: pLeft=0.500, mode=1, targetSucc=10, maxTrials=10, V1=1/1, V2Score=0.000(0)
[2025-12-07 19:45:56.655] [CORC] [info] TRIAL status: t=0.074, n=0.211, effort=8.329, pLeft=0.500, mode=1, targetSucc=10, maxTrials=10
[2025-12-07 19:45:56.965] [CORC] [info] TRPPPP
[2025-12-07 19:45:56.966] [CORC] [info] EndPosX=0.3219148356568173, EndPosY=0.24290945799611874
[2025-12-07 19:45:57.081] [CORC] [info] TRPPPP
[2025-12-07 19:45:57.081] [CORC] [info] EndPosX=0.3219186207082071, EndPosY=0.32082095580514564
[2025-12-07 19:45:57.081] [CORC] [info] TREEEEEE
[2025-12-07 19:45:57.081] [CORC] [info] [TREN SEND] (t=34.4669, dur=0.500274, reached=1, dist=0.00225194, effort=270.118, trialScore=1, mode=1, cur=2, max=10, v1_suc=2, v1_tar=10, v2_sco=0, dirCode=1)
[2025-12-07 19:45:57.081] [CORC] [info] TRIAL: finished (reachedC=true, timeout=true) -> WAIT_START. Awaiting STRT.
[2025-12-07 19:45:58.656] [CORC] [info] WAIT_START cfg: pLeft=0.500, mode=1, targetSucc=10, maxTrials=10, V1=2/2, V2Score=0.000(0), finishedFlag=0
[2025-12-07 19:45:58.656] [CORC] [info] F=(0.000,-0.344), |F|=0.344
[2025-12-07 19:45:59.112] [CORC] [info] GLOBAL: RSTA -> TO_A
[2025-12-07 19:45:59.314] [CORC] [info] GLOBAL: HALT -> finishedFlag=1
[2025-12-07 19:45:59.316] [CORC] [info] SESSSSS
[2025-12-07 19:45:59.317] [CORC] [info] Exited M2 Probabilistic Move state...
[2025-12-07 19:45:59.317] [CORC] [info] Entering M2 Standby state...
[2025-12-07 19:45:59.340] [CORC] [warning] Applicaton thread time overflow: 23.608ms (>2.0ms) !
[2025-12-07 19:46:01.613] [CORC] [critical] UI down, waiting reconnect...
[2025-12-07 19:46:01.613] [CORC] [info] UI reconnected
[2025-12-07 19:46:02.613] [CORC] [critical] UI down, waiting reconnect...
[2025-12-07 19:46:02.613] [CORC] [info] UI reconnected
[2025-12-07 19:46:03.614] [CORC] [critical] UI down, waiting reconnect...
[2025-12-07 19:46:03.614] [CORC] [info] UI reconnected
[2025-12-07 19:46:04.038] [CORC] [info] Exited M2 Standby state...
[2025-12-07 19:46:04.038] [CORC] [info] Disabling robot...
[2025-12-07 19:46:04.038] [CORC] [info] CORC End application
[2025-12-07 19:46:04.539] [CORC] [info] Canopend on can0 (nodeId=80) - finished.
[2025-12-07 19:53:18.657] [CORC] [info] ===============================================
[2025-12-07 19:53:18.657] [CORC] [info] ============ Start logging session ============
[2025-12-07 19:53:18.657] [CORC] [warning] Running without root privilege: using non-RT priority threads
[2025-12-07 19:53:18.657] [CORC] [info] vcan0: -
[2025-12-07 19:53:18.657] [CORC] [info] can0: up
[2025-12-07 19:53:18.657] [CORC] [info] Using: can0 (3)
[2025-12-07 19:53:18.657] [CORC] [info] Starting CANopen device with Node ID 80
[2025-12-07 19:53:18.657] [CORC] [info] Using default robot parameters (no YAML file specified).
[2025-12-07 19:53:18.657] [CORC] [info] Could not open joystick (/dev/input/js0)
[2025-12-07 19:53:18.658] [CORC] [info] CORC Start application
[2025-12-07 19:53:18.658] [CORC] [info] Application thread running at 500Hz.
[2025-12-07 19:53:19.038] [CORC] [error] sendSDOMessage: ERROR: [1  1 write 0x1600 0 u8 0 =>  (0x05040000
)
[2025-12-07 19:53:19.146] [CORC] [error] sendSDOMessage: ERROR: [1  1 write 0x1400 2 u8 0xff =>  (0x05040000
)
[2025-12-07 19:53:19.256] [CORC] [error] sendSDOMessage: ERROR: [1  1 write 0x1600 1 u32 0x60400010 =>  (0x05040000
)
[2025-12-07 19:53:19.366] [CORC] [error] sendSDOMessage: ERROR: [1  1 write 0x1600 0 u8 1 =>  (0x05040000
)
[2025-12-07 19:53:19.475] [CORC] [error] sendSDOMessage: ERROR: [1  1 write 0x1400 1 u32 0x201 =>  (0x05040000
)
[2025-12-07 19:53:19.476] [CORC] [error] Set up CONTROL_WORD RPDO FAILED on node 1
[2025-12-07 19:53:19.476] [CORC] [critical] Failed robot initialisation. Exiting...
[2025-12-07 19:53:19.476] [CORC] [info] Entering M2 Calib State state...
[2025-12-07 19:53:19.585] [CORC] [error] sendSDOMessage: ERROR: [1  1 write 0x6060 0 i8 4 =>  (0x05040000
)
[2025-12-07 19:53:19.599] [CORC] [info] Exited M2 Calib State state...
[2025-12-07 19:53:19.599] [CORC] [info] Disabling robot...
[2025-12-07 19:53:19.599] [CORC] [info] CORC End application
[2025-12-07 19:53:20.101] [CORC] [info] Canopend on can0 (nodeId=80) - finished.
[2025-12-07 19:53:50.113] [CORC] [info] ===============================================
[2025-12-07 19:53:50.113] [CORC] [info] ============ Start logging session ============
[2025-12-07 19:53:50.113] [CORC] [warning] Running without root privilege: using non-RT priority threads
[2025-12-07 19:53:50.113] [CORC] [info] vcan0: -
[2025-12-07 19:53:50.113] [CORC] [info] can0: up
[2025-12-07 19:53:50.113] [CORC] [info] Using: can0 (3)
[2025-12-07 19:53:50.113] [CORC] [info] Starting CANopen device with Node ID 80
[2025-12-07 19:53:50.113] [CORC] [info] Using default robot parameters (no YAML file specified).
[2025-12-07 19:53:50.113] [CORC] [info] Could not open joystick (/dev/input/js0)
[2025-12-07 19:53:50.114] [CORC] [info] CORC Start application
[2025-12-07 19:53:50.114] [CORC] [info] Application thread running at 500Hz.
[2025-12-07 19:53:50.222] [CORC] [error] sendSDOMessage: ERROR: [1  1 write 0x6040 0 u16 0x06 =>  (0x05040000
)
[2025-12-07 19:53:50.331] [CORC] [error] sendSDOMessage: ERROR: [1  1 write 0x6040 0 u16 0x80 =>  (0x05040000
)
[2025-12-07 19:53:50.439] [CORC] [error] sendSDOMessage: ERROR: [1  1 write 0x6040 0 u16 0x06 =>  (0x05040000
)
[2025-12-07 19:53:50.546] [CORC] [error] sendSDOMessage: ERROR: [1  1 write 0x6081 0 i32 4000000 =>  (0x05040000
)
[2025-12-07 19:53:50.653] [CORC] [error] sendSDOMessage: ERROR: [1  1 write 0x6083 0 i32 240000 =>  (0x05040000
)
[2025-12-07 19:53:50.761] [CORC] [error] sendSDOMessage: ERROR: [1  1 write 0x6084 0 i32 240000 =>  (0x05040000
)
[2025-12-07 19:53:50.761] [CORC] [error] Set up Velocity/Acceleration profile failed on node 1
[2025-12-07 19:53:50.761] [CORC] [critical] Failed robot initialisation. Exiting...
[2025-12-07 19:53:50.761] [CORC] [info] Entering M2 Calib State state...
[2025-12-07 19:53:50.869] [CORC] [error] sendSDOMessage: ERROR: [1  1 write 0x6060 0 i8 4 =>  (0x05040000
)
[2025-12-07 19:53:50.882] [CORC] [info] Exited M2 Calib State state...
[2025-12-07 19:53:50.883] [CORC] [info] Disabling robot...
[2025-12-07 19:53:50.883] [CORC] [info] CORC End application
[2025-12-07 19:53:51.384] [CORC] [info] Canopend on can0 (nodeId=80) - finished.
[2025-12-07 19:54:01.176] [CORC] [info] ===============================================
[2025-12-07 19:54:01.176] [CORC] [info] ============ Start logging session ============
[2025-12-07 19:54:01.176] [CORC] [warning] Running without root privilege: using non-RT priority threads
[2025-12-07 19:54:01.176] [CORC] [info] vcan0: -
[2025-12-07 19:54:01.176] [CORC] [info] can0: up
[2025-12-07 19:54:01.176] [CORC] [info] Using: can0 (3)
[2025-12-07 19:54:01.176] [CORC] [info] Starting CANopen device with Node ID 80
[2025-12-07 19:54:01.176] [CORC] [info] Using default robot parameters (no YAML file specified).
[2025-12-07 19:54:01.176] [CORC] [info] Could not open joystick (/dev/input/js0)
[2025-12-07 19:54:01.177] [CORC] [info] CORC Start application
[2025-12-07 19:54:01.177] [CORC] [info] Application thread running at 500Hz.
[2025-12-07 19:54:01.285] [CORC] [error] sendSDOMessage: ERROR: [1  1 write 0x6040 0 u16 0x06 =>  (0x05040000
)
[2025-12-07 19:54:01.394] [CORC] [error] sendSDOMessage: ERROR: [1  1 write 0x6040 0 u16 0x80 =>  (0x05040000
)
[2025-12-07 19:54:01.504] [CORC] [error] sendSDOMessage: ERROR: [1  1 write 0x6040 0 u16 0x06 =>  (0x05040000
)
[2025-12-07 19:54:01.614] [CORC] [error] sendSDOMessage: ERROR: [1  1 write 0x6081 0 i32 4000000 =>  (0x05040000
)
[2025-12-07 19:54:01.723] [CORC] [error] sendSDOMessage: ERROR: [1  1 write 0x6083 0 i32 240000 =>  (0x05040000
)
[2025-12-07 19:54:01.831] [CORC] [error] sendSDOMessage: ERROR: [1  1 write 0x6084 0 i32 240000 =>  (0x05040000
)
[2025-12-07 19:54:01.831] [CORC] [error] Set up Velocity/Acceleration profile failed on node 1
[2025-12-07 19:54:01.831] [CORC] [critical] Failed robot initialisation. Exiting...
[2025-12-07 19:54:01.831] [CORC] [info] Entering M2 Calib State state...
[2025-12-07 19:54:01.939] [CORC] [error] sendSDOMessage: ERROR: [1  1 write 0x6060 0 i8 4 =>  (0x05040000
)
[2025-12-07 19:54:01.952] [CORC] [info] Exited M2 Calib State state...
[2025-12-07 19:54:01.952] [CORC] [info] Disabling robot...
[2025-12-07 19:54:01.952] [CORC] [info] CORC End application
[2025-12-07 19:54:02.453] [CORC] [info] Canopend on can0 (nodeId=80) - finished.
[2025-12-07 19:54:13.594] [CORC] [info] ===============================================
[2025-12-07 19:54:13.594] [CORC] [info] ============ Start logging session ============
[2025-12-07 19:54:13.594] [CORC] [warning] Running without root privilege: using non-RT priority threads
[2025-12-07 19:54:13.594] [CORC] [info] vcan0: -
[2025-12-07 19:54:13.594] [CORC] [info] can0: up
[2025-12-07 19:54:13.594] [CORC] [info] Using: can0 (3)
[2025-12-07 19:54:13.594] [CORC] [info] Starting CANopen device with Node ID 80
[2025-12-07 19:54:13.594] [CORC] [info] Using default robot parameters (no YAML file specified).
[2025-12-07 19:54:13.594] [CORC] [info] Could not open joystick (/dev/input/js0)
[2025-12-07 19:54:13.594] [CORC] [info] CORC Start application
[2025-12-07 19:54:13.594] [CORC] [info] Application thread running at 500Hz.
[2025-12-07 19:54:14.681] [CORC] [info] Starting logger M2MachineLog (Time (s), Position_1, Position_2, Velocity_1, Velocity_2, Force_1, Force_2)
[2025-12-07 19:54:14.681] [CORC] [info] Initialised network communication server (0.0.0.0:2048) for M2 robot (state size: 7)
[2025-12-07 19:54:14.681] [CORC] [info] Starting logger M2MachineLog (Time (s), Position_1, Position_2, Velocity_1, Velocity_2, Force_1, Force_2)
[2025-12-07 19:54:14.681] [CORC] [info] Entering M2 Calib State state...
[2025-12-07 19:54:14.704] [CORC] [critical] UI down, waiting reconnect...
[2025-12-07 19:54:14.704] [CORC] [info] UI reconnected
[2025-12-07 19:54:15.704] [CORC] [critical] UI down, waiting reconnect...
[2025-12-07 19:54:15.704] [CORC] [info] UI reconnected
[2025-12-07 19:54:16.705] [CORC] [critical] UI down, waiting reconnect...
[2025-12-07 19:54:16.705] [CORC] [info] UI reconnected
[2025-12-07 19:54:17.706] [CORC] [critical] UI down, waiting reconnect...
[2025-12-07 19:54:17.706] [CORC] [info] UI reconnected
[2025-12-07 19:54:20.348] [CORC] [info] [FourierForceSensor::calibrate]: Force Sensor 3 succesfully zeroed with offset 1507.594517418618.
[2025-12-07 19:54:22.349] [CORC] [info] [FourierForceSensor::calibrate]: Force Sensor 4 succesfully zeroed with offset 1497.5324971493728.
[2025-12-07 19:54:22.349] [CORC] [warning] Applicaton thread time overflow: 4003.389ms (>2.0ms) !
[2025-12-07 19:54:22.350] [CORC] [critical] UI down, waiting reconnect...
[2025-12-07 19:54:22.350] [CORC] [info] UI reconnected
[2025-12-07 19:54:22.352] [CORC] [info] Exited M2 Calib State state...
[2025-12-07 19:54:22.352] [CORC] [info] Entering M2 Standby state...
[2025-12-07 19:54:22.375] [CORC] [warning] Applicaton thread time overflow: 23.830000000000002ms (>2.0ms) !
[2025-12-07 19:54:23.350] [CORC] [critical] UI down, waiting reconnect...
[2025-12-07 19:54:23.350] [CORC] [info] UI reconnected
[2025-12-07 19:54:24.350] [CORC] [critical] UI down, waiting reconnect...
[2025-12-07 19:54:24.350] [CORC] [info] UI reconnected
[2025-12-07 19:54:25.351] [CORC] [critical] UI down, waiting reconnect...
[2025-12-07 19:54:25.351] [CORC] [info] UI reconnected
[2025-12-07 19:54:26.351] [CORC] [critical] UI down, waiting reconnect...
[2025-12-07 19:54:26.351] [CORC] [info] UI reconnected
[2025-12-07 19:54:27.352] [CORC] [critical] UI down, waiting reconnect...
[2025-12-07 19:54:27.352] [CORC] [info] UI reconnected
[2025-12-07 19:54:28.353] [CORC] [critical] UI down, waiting reconnect...
[2025-12-07 19:54:28.353] [CORC] [info] UI reconnected
[2025-12-07 19:54:29.353] [CORC] [critical] UI down, waiting reconnect...
[2025-12-07 19:54:29.353] [CORC] [info] UI reconnected
[2025-12-07 19:54:30.354] [CORC] [critical] UI down, waiting reconnect...
[2025-12-07 19:54:30.354] [CORC] [info] UI reconnected
[2025-12-07 19:54:31.354] [CORC] [critical] UI down, waiting reconnect...
[2025-12-07 19:54:31.354] [CORC] [info] UI reconnected
[2025-12-07 19:54:32.355] [CORC] [critical] UI down, waiting reconnect...
[2025-12-07 19:54:32.355] [CORC] [info] UI reconnected
[2025-12-07 19:54:33.355] [CORC] [critical] UI down, waiting reconnect...
[2025-12-07 19:54:33.355] [CORC] [info] UI reconnected
[2025-12-07 19:54:37.740] [CORC] [info] [TRANS] accepting BGIN -> toProb
[2025-12-07 19:54:37.740] [CORC] [info] Exited M2 Standby state...
[2025-12-07 19:54:37.740] [CORC] [info] Entering M2 Probabilistic Move state...
[2025-12-07 19:54:37.763] [CORC] [info] [STATIC] Loaded 0 up and 0 left perturbation samples (hard-coded).
[2025-12-07 19:54:37.764] [CORC] [info] [SCHEDULE] Built seeded schedule (total=10, leftCount=5, seed=1661471, attempts=1)
[2025-12-07 19:54:37.764] [CORC] [warning] Applicaton thread time overflow: 23.616999999999997ms (>2.0ms) !
[2025-12-07 19:54:39.372] [CORC] [info] TO_A -> WAIT_START (betweenTrials=1)
[2025-12-07 19:54:39.374] [CORC] [info] HLKD -> k_hold=1000.0, d_hold=35.0
[2025-12-07 19:54:39.764] [CORC] [info] WAIT_START cfg: pLeft=0.500, mode=1, targetSucc=10, maxTrials=10, V1=0/0, V2Score=0.000(0), finishedFlag=0
[2025-12-07 19:54:39.765] [CORC] [info] F=(-3.099,-8.265), |F|=8.827
[2025-12-07 19:54:41.766] [CORC] [info] WAIT_START cfg: pLeft=0.500, mode=1, targetSucc=10, maxTrials=10, V1=0/0, V2Score=0.000(0), finishedFlag=0
[2025-12-07 19:54:41.766] [CORC] [info] F=(2.411,-6.543), |F|=6.973
[2025-12-07 19:54:43.768] [CORC] [info] WAIT_START cfg: pLeft=0.500, mode=1, targetSucc=10, maxTrials=10, V1=0/0, V2Score=0.000(0), finishedFlag=0
[2025-12-07 19:54:43.768] [CORC] [info] F=(2.411,-6.543), |F|=6.973
[2025-12-07 19:54:45.769] [CORC] [info] WAIT_START cfg: pLeft=0.500, mode=1, targetSucc=10, maxTrials=10, V1=0/0, V2Score=0.000(0), finishedFlag=0
[2025-12-07 19:54:45.769] [CORC] [info] F=(2.755,-6.543), |F|=7.099
[2025-12-07 19:54:47.770] [CORC] [info] WAIT_START cfg: pLeft=0.500, mode=1, targetSucc=10, maxTrials=10, V1=0/0, V2Score=0.000(0), finishedFlag=0
[2025-12-07 19:54:47.771] [CORC] [info] F=(2.066,-6.543), |F|=6.861
[2025-12-07 19:54:48.585] [CORC] [info] GLOBAL: STRT captured (pendingStart=1, t=10.844)
[2025-12-07 19:54:48.585] [CORC] [info] meanNorm =34.548
[2025-12-07 19:54:48.586] [CORC] [info] WAIT_START: pendingStart consumed -> TRIAL (atA_hold=1)
[2025-12-07 19:54:48.587] [CORC] [info] TRIAL direction (deterministic): UP
[2025-12-07 19:54:48.587] [CORC] [info] TRBBBBB
[2025-12-07 19:54:48.587] [CORC] [info] TRIAL_BEGIN cfg: pLeft=0.500, mode=1, targetSucc=10, maxTrials=10, V1=0/0, V2Score=0.000(0)
[2025-12-07 19:54:49.087] [CORC] [info] TRPPPP
[2025-12-07 19:54:49.087] [CORC] [info] EndPosX=0.32967797605743493, EndPosY=0.1683666559240737
[2025-12-07 19:54:49.087] [CORC] [info] TREEEEEE
[2025-12-07 19:54:49.087] [CORC] [info] [TREN SEND] (t=11.3465, dur=0.500239, reached=0, dist=0.082205, effort=194.316, trialScore=0, mode=1, cur=1, max=10, v1_suc=0, v1_tar=10, v2_sco=0, dirCode=1)
[2025-12-07 19:54:49.087] [CORC] [info] TRIAL: finished (reachedC=false, timeout=true) -> WAIT_START. Awaiting STRT.
[2025-12-07 19:54:49.771] [CORC] [info] WAIT_START cfg: pLeft=0.500, mode=1, targetSucc=10, maxTrials=10, V1=0/1, V2Score=0.000(0), finishedFlag=0
[2025-12-07 19:54:49.771] [CORC] [info] F=(0.000,0.000), |F|=0.000
[2025-12-07 19:54:51.126] [CORC] [info] GLOBAL: RSTA -> TO_A
[2025-12-07 19:54:52.697] [CORC] [info] TO_A -> WAIT_START (betweenTrials=1)
[2025-12-07 19:54:52.699] [CORC] [info] HLKD -> k_hold=1000.0, d_hold=35.0
[2025-12-07 19:54:53.773] [CORC] [info] WAIT_START cfg: pLeft=0.500, mode=1, targetSucc=10, maxTrials=10, V1=0/1, V2Score=0.000(0), finishedFlag=0
[2025-12-07 19:54:53.774] [CORC] [info] F=(-3.788,-1.722), |F|=4.161
[2025-12-07 19:54:55.774] [CORC] [info] WAIT_START cfg: pLeft=0.500, mode=1, targetSucc=10, maxTrials=10, V1=0/1, V2Score=0.000(0), finishedFlag=0
[2025-12-07 19:54:55.775] [CORC] [info] F=(-4.477,-2.411), |F|=5.085
[2025-12-07 19:54:56.182] [CORC] [info] GLOBAL: STRT captured (pendingStart=1, t=18.442)
[2025-12-07 19:54:56.183] [CORC] [info] meanNorm =4.475
[2025-12-07 19:54:56.183] [CORC] [info] WAIT_START: pendingStart consumed -> TRIAL (atA_hold=1)
[2025-12-07 19:54:56.184] [CORC] [info] TRIAL direction (deterministic): UP
[2025-12-07 19:54:56.184] [CORC] [info] TRBBBBB
[2025-12-07 19:54:56.184] [CORC] [info] TRIAL_BEGIN cfg: pLeft=0.500, mode=1, targetSucc=10, maxTrials=10, V1=0/1, V2Score=0.000(0)
[2025-12-07 19:54:56.535] [CORC] [info] TRPPPP
[2025-12-07 19:54:56.535] [CORC] [info] EndPosX=0.3239852587670746, EndPosY=0.17016834038565049
[2025-12-07 19:54:56.685] [CORC] [info] TRPPPP
[2025-12-07 19:54:56.685] [CORC] [info] EndPosX=0.3239890438184645, EndPosY=0.26994986512533015
[2025-12-07 19:54:56.685] [CORC] [info] TREEEEEE
[2025-12-07 19:54:56.685] [CORC] [info] [TREN SEND] (t=18.9443, dur=0.500305, reached=1, dist=0.0203448, effort=272.41, trialScore=1, mode=1, cur=2, max=10, v1_suc=1, v1_tar=10, v2_sco=0, dirCode=1)
[2025-12-07 19:54:56.685] [CORC] [info] TRIAL: finished (reachedC=true, timeout=true) -> WAIT_START. Awaiting STRT.
[2025-12-07 19:54:57.775] [CORC] [info] WAIT_START cfg: pLeft=0.500, mode=1, targetSucc=10, maxTrials=10, V1=1/2, V2Score=0.000(0), finishedFlag=0
[2025-12-07 19:54:57.775] [CORC] [info] F=(0.000,0.000), |F|=0.000
[2025-12-07 19:54:58.716] [CORC] [info] GLOBAL: RSTA -> TO_A
[2025-12-07 19:54:58.966] [CORC] [info] TO_A -> WAIT_START (betweenTrials=1)
[2025-12-07 19:54:58.968] [CORC] [info] HLKD -> k_hold=1000.0, d_hold=35.0
[2025-12-07 19:54:59.776] [CORC] [info] WAIT_START cfg: pLeft=0.500, mode=1, targetSucc=10, maxTrials=10, V1=1/2, V2Score=0.000(0), finishedFlag=0
[2025-12-07 19:54:59.776] [CORC] [info] F=(-3.788,1.377), |F|=4.031
[2025-12-07 19:55:01.777] [CORC] [info] WAIT_START cfg: pLeft=0.500, mode=1, targetSucc=10, maxTrials=10, V1=1/2, V2Score=0.000(0), finishedFlag=0
[2025-12-07 19:55:01.778] [CORC] [info] F=(-3.444,-1.722), |F|=3.850
[2025-12-07 19:55:03.754] [CORC] [info] GLOBAL: STRT captured (pendingStart=1, t=26.014)
[2025-12-07 19:55:03.755] [CORC] [info] meanNorm =4.150
[2025-12-07 19:55:03.755] [CORC] [info] WAIT_START: pendingStart consumed -> TRIAL (atA_hold=1)
[2025-12-07 19:55:03.756] [CORC] [info] TRIAL direction (deterministic): SIDE
[2025-12-07 19:55:03.756] [CORC] [info] TRBBBBB
[2025-12-07 19:55:03.756] [CORC] [info] TRIAL_BEGIN cfg: pLeft=0.500, mode=1, targetSucc=10, maxTrials=10, V1=1/2, V2Score=0.000(0)
[2025-12-07 19:55:03.778] [CORC] [info] TRIAL status: t=0.022, n=0.198, effort=0.000, pLeft=0.500, mode=1, targetSucc=10, maxTrials=10
[2025-12-07 19:55:04.258] [CORC] [info] TRPPPP
[2025-12-07 19:55:04.258] [CORC] [info] EndPosX=0.1493997634094491, EndPosY=0.051964970531487076
[2025-12-07 19:55:04.258] [CORC] [info] TREEEEEE
[2025-12-07 19:55:04.258] [CORC] [info] [TREN SEND] (t=26.5177, dur=0.501844, reached=0, dist=0.261385, effort=140.799, trialScore=0, mode=1, cur=3, max=10, v1_suc=1, v1_tar=10, v2_sco=0, dirCode=-1)
[2025-12-07 19:55:04.258] [CORC] [info] TRIAL: finished (reachedC=false, timeout=true) -> WAIT_START. Awaiting STRT.
[2025-12-07 19:55:05.143] [CORC] [info] HLKD -> k_hold=1000.0, d_hold=35.0
[2025-12-07 19:55:05.781] [CORC] [info] WAIT_START cfg: pLeft=0.500, mode=1, targetSucc=10, maxTrials=10, V1=1/3, V2Score=0.000(0), finishedFlag=0
[2025-12-07 19:55:05.781] [CORC] [info] F=(2.066,-1.722), |F|=2.690
[2025-12-07 19:55:06.295] [CORC] [info] GLOBAL: RSTA -> TO_A
[2025-12-07 19:55:06.545] [CORC] [info] TO_A -> WAIT_START (betweenTrials=1)
[2025-12-07 19:55:07.782] [CORC] [info] WAIT_START cfg: pLeft=0.500, mode=1, targetSucc=10, maxTrials=10, V1=1/3, V2Score=0.000(0), finishedFlag=0
[2025-12-07 19:55:07.782] [CORC] [info] F=(-2.066,-6.887), |F|=7.191
[2025-12-07 19:55:09.783] [CORC] [info] WAIT_START cfg: pLeft=0.500, mode=1, targetSucc=10, maxTrials=10, V1=1/3, V2Score=0.000(0), finishedFlag=0
[2025-12-07 19:55:09.783] [CORC] [info] F=(-2.066,-6.199), |F|=6.534
[2025-12-07 19:55:11.317] [CORC] [info] GLOBAL: STRT captured (pendingStart=1, t=33.577)
[2025-12-07 19:55:11.317] [CORC] [info] meanNorm =6.481
[2025-12-07 19:55:11.318] [CORC] [info] WAIT_START: pendingStart consumed -> TRIAL (atA_hold=1)
[2025-12-07 19:55:11.319] [CORC] [info] TRIAL direction (deterministic): UP
[2025-12-07 19:55:11.319] [CORC] [info] TRBBBBB
[2025-12-07 19:55:11.319] [CORC] [info] TRIAL_BEGIN cfg: pLeft=0.500, mode=1, targetSucc=10, maxTrials=10, V1=1/3, V2Score=0.000(0)
[2025-12-07 19:55:11.682] [CORC] [info] TRPPPP
[2025-12-07 19:55:11.682] [CORC] [info] EndPosX=0.32224792017912557, EndPosY=0.17098969653725168
[2025-12-07 19:55:11.784] [CORC] [info] TRIAL status: t=0.464, n=0.016, effort=226.684, pLeft=0.500, mode=1, targetSucc=10, maxTrials=10
[2025-12-07 19:55:11.819] [CORC] [info] TRPPPP
[2025-12-07 19:55:11.819] [CORC] [info] EndPosX=0.3222706304874648, EndPosY=0.25751218625822647
[2025-12-07 19:55:11.819] [CORC] [info] TREEEEEE
[2025-12-07 19:55:11.819] [CORC] [info] [TREN SEND] (t=34.079, dur=0.500186, reached=1, dist=0.00784785, effort=255.096, trialScore=1, mode=1, cur=4, max=10, v1_suc=2, v1_tar=10, v2_sco=0, dirCode=1)
[2025-12-07 19:55:11.820] [CORC] [info] TRIAL: finished (reachedC=true, timeout=true) -> WAIT_START. Awaiting STRT.
[2025-12-07 19:55:13.499] [CORC] [info] HLKD -> k_hold=1000.0, d_hold=35.0
[2025-12-07 19:55:13.785] [CORC] [info] WAIT_START cfg: pLeft=0.500, mode=1, targetSucc=10, maxTrials=10, V1=2/4, V2Score=0.000(0), finishedFlag=0
[2025-12-07 19:55:13.785] [CORC] [info] F=(-3.444,29.960), |F|=30.157
[2025-12-07 19:55:13.871] [CORC] [info] GLOBAL: RSTA -> TO_A
[2025-12-07 19:55:14.121] [CORC] [info] TO_A -> WAIT_START (betweenTrials=1)
[2025-12-07 19:55:15.786] [CORC] [info] WAIT_START cfg: pLeft=0.500, mode=1, targetSucc=10, maxTrials=10, V1=2/4, V2Score=0.000(0), finishedFlag=0
[2025-12-07 19:55:15.786] [CORC] [info] F=(-3.788,11.364), |F|=11.979
[2025-12-07 19:55:17.787] [CORC] [info] WAIT_START cfg: pLeft=0.500, mode=1, targetSucc=10, maxTrials=10, V1=2/4, V2Score=0.000(0), finishedFlag=0
[2025-12-07 19:55:17.787] [CORC] [info] F=(-3.444,11.364), |F|=11.874
[2025-12-07 19:55:18.923] [CORC] [info] GLOBAL: STRT captured (pendingStart=1, t=41.183)
[2025-12-07 19:55:18.923] [CORC] [info] meanNorm =11.739
[2025-12-07 19:55:18.924] [CORC] [info] WAIT_START: pendingStart consumed -> TRIAL (atA_hold=1)
[2025-12-07 19:55:18.925] [CORC] [info] TRIAL direction (deterministic): UP
[2025-12-07 19:55:18.925] [CORC] [info] TRBBBBB
[2025-12-07 19:55:18.925] [CORC] [info] TRIAL_BEGIN cfg: pLeft=0.500, mode=1, targetSucc=10, maxTrials=10, V1=2/4, V2Score=0.000(0)
[2025-12-07 19:55:19.302] [CORC] [info] TRPPPP
[2025-12-07 19:55:19.302] [CORC] [info] EndPosX=0.32376572578646234, EndPosY=0.17024025636205797
[2025-12-07 19:55:19.425] [CORC] [info] TRPPPP
[2025-12-07 19:55:19.425] [CORC] [info] EndPosX=0.32376572578646234, EndPosY=0.2537006395086302
[2025-12-07 19:55:19.425] [CORC] [info] TREEEEEE
[2025-12-07 19:55:19.425] [CORC] [info] [TREN SEND] (t=41.6848, dur=0.500254, reached=1, dist=0.00527972, effort=270.37, trialScore=1, mode=1, cur=5, max=10, v1_suc=3, v1_tar=10, v2_sco=0, dirCode=1)
[2025-12-07 19:55:19.425] [CORC] [info] TRIAL: finished (reachedC=true, timeout=true) -> WAIT_START. Awaiting STRT.
[2025-12-07 19:55:19.787] [CORC] [info] WAIT_START cfg: pLeft=0.500, mode=1, targetSucc=10, maxTrials=10, V1=3/5, V2Score=0.000(0), finishedFlag=0
[2025-12-07 19:55:19.787] [CORC] [info] F=(0.344,-29.960), |F|=29.962
[2025-12-07 19:55:21.456] [CORC] [info] GLOBAL: RSTA -> TO_A
[2025-12-07 19:55:23.123] [CORC] [info] TO_A -> WAIT_START (betweenTrials=1)
[2025-12-07 19:55:23.125] [CORC] [info] HLKD -> k_hold=1000.0, d_hold=35.0
[2025-12-07 19:55:23.789] [CORC] [info] WAIT_START cfg: pLeft=0.500, mode=1, targetSucc=10, maxTrials=10, V1=3/5, V2Score=0.000(0), finishedFlag=0
[2025-12-07 19:55:23.789] [CORC] [info] F=(-3.444,-0.689), |F|=3.512
[2025-12-07 19:55:25.790] [CORC] [info] WAIT_START cfg: pLeft=0.500, mode=1, targetSucc=10, maxTrials=10, V1=3/5, V2Score=0.000(0), finishedFlag=0
[2025-12-07 19:55:25.790] [CORC] [info] F=(-3.788,0.000), |F|=3.788
[2025-12-07 19:55:26.507] [CORC] [info] GLOBAL: STRT captured (pendingStart=1, t=48.766)
[2025-12-07 19:55:26.507] [CORC] [info] meanNorm =3.418
[2025-12-07 19:55:26.508] [CORC] [info] WAIT_START: pendingStart consumed -> TRIAL (atA_hold=1)
[2025-12-07 19:55:26.509] [CORC] [info] TRIAL direction (deterministic): SIDE
[2025-12-07 19:55:26.509] [CORC] [info] TRBBBBB
[2025-12-07 19:55:26.509] [CORC] [info] TRIAL_BEGIN cfg: pLeft=0.500, mode=1, targetSucc=10, maxTrials=10, V1=3/5, V2Score=0.000(0)
[2025-12-07 19:55:27.009] [CORC] [info] TRPPPP
[2025-12-07 19:55:27.009] [CORC] [info] EndPosX=0.05899381096247053, EndPosY=0.05010651029906227
[2025-12-07 19:55:27.009] [CORC] [info] TREEEEEE
[2025-12-07 19:55:27.009] [CORC] [info] [TREN SEND] (t=49.2684, dur=0.500269, reached=0, dist=0.328758, effort=193.846, trialScore=0, mode=1, cur=6, max=10, v1_suc=3, v1_tar=10, v2_sco=0, dirCode=-1)
[2025-12-07 19:55:27.009] [CORC] [info] TRIAL: finished (reachedC=false, timeout=true) -> WAIT_START. Awaiting STRT.
[2025-12-07 19:55:27.791] [CORC] [info] WAIT_START cfg: pLeft=0.500, mode=1, targetSucc=10, maxTrials=10, V1=3/6, V2Score=0.000(0), finishedFlag=0
[2025-12-07 19:55:27.791] [CORC] [info] F=(0.344,0.344), |F|=0.487
[2025-12-07 19:55:29.054] [CORC] [info] GLOBAL: RSTA -> TO_A
[2025-12-07 19:55:30.428] [CORC] [info] TO_A -> WAIT_START (betweenTrials=1)
[2025-12-07 19:55:30.430] [CORC] [info] HLKD -> k_hold=1000.0, d_hold=35.0
[2025-12-07 19:55:31.794] [CORC] [info] WAIT_START cfg: pLeft=0.500, mode=1, targetSucc=10, maxTrials=10, V1=3/6, V2Score=0.000(0), finishedFlag=0
[2025-12-07 19:55:31.794] [CORC] [info] F=(4.132,0.000), |F|=4.132
[2025-12-07 19:55:33.795] [CORC] [info] WAIT_START cfg: pLeft=0.500, mode=1, targetSucc=10, maxTrials=10, V1=3/6, V2Score=0.000(0), finishedFlag=0
[2025-12-07 19:55:33.795] [CORC] [info] F=(4.477,0.000), |F|=4.477
[2025-12-07 19:55:34.088] [CORC] [info] GLOBAL: STRT captured (pendingStart=1, t=56.348)
[2025-12-07 19:55:34.088] [CORC] [info] meanNorm =4.021
[2025-12-07 19:55:34.090] [CORC] [info] WAIT_START: pendingStart consumed -> TRIAL (atA_hold=1)
[2025-12-07 19:55:34.090] [CORC] [warning] Applicaton thread time overflow: 2.347ms (>2.0ms) !
[2025-12-07 19:55:34.090] [CORC] [info] TRIAL direction (deterministic): SIDE
[2025-12-07 19:55:34.090] [CORC] [info] TRBBBBB
[2025-12-07 19:55:34.090] [CORC] [info] TRIAL_BEGIN cfg: pLeft=0.500, mode=1, targetSucc=10, maxTrials=10, V1=3/6, V2Score=0.000(0)
[2025-12-07 19:55:34.591] [CORC] [info] TRPPPP
[2025-12-07 19:55:34.591] [CORC] [info] EndPosX=0.04157121941491171, EndPosY=0.050098940196282526
[2025-12-07 19:55:34.591] [CORC] [info] TREEEEEE
[2025-12-07 19:55:34.591] [CORC] [info] [TREN SEND] (t=56.8501, dur=0.500191, reached=0, dist=0.342758, effort=197.155, trialScore=0, mode=1, cur=7, max=10, v1_suc=3, v1_tar=10, v2_sco=0, dirCode=-1)
[2025-12-07 19:55:34.591] [CORC] [info] TRIAL: finished (reachedC=false, timeout=true) -> WAIT_START. Awaiting STRT.
[2025-12-07 19:55:35.797] [CORC] [info] WAIT_START cfg: pLeft=0.500, mode=1, targetSucc=10, maxTrials=10, V1=3/7, V2Score=0.000(0), finishedFlag=0
[2025-12-07 19:55:35.797] [CORC] [info] F=(0.000,-0.344), |F|=0.344
[2025-12-07 19:55:36.618] [CORC] [info] GLOBAL: RSTA -> TO_A
[2025-12-07 19:55:37.978] [CORC] [info] TO_A -> WAIT_START (betweenTrials=1)
[2025-12-07 19:55:37.980] [CORC] [info] HLKD -> k_hold=1000.0, d_hold=35.0
[2025-12-07 19:55:39.799] [CORC] [info] WAIT_START cfg: pLeft=0.500, mode=1, targetSucc=10, maxTrials=10, V1=3/7, V2Score=0.000(0), finishedFlag=0
[2025-12-07 19:55:39.799] [CORC] [info] F=(4.132,0.000), |F|=4.132
[2025-12-07 19:55:41.646] [CORC] [info] GLOBAL: STRT captured (pendingStart=1, t=63.905)
[2025-12-07 19:55:41.646] [CORC] [info] meanNorm =4.136
[2025-12-07 19:55:41.647] [CORC] [info] WAIT_START: pendingStart consumed -> TRIAL (atA_hold=1)
[2025-12-07 19:55:41.648] [CORC] [info] TRIAL direction (deterministic): SIDE
[2025-12-07 19:55:41.648] [CORC] [info] TRBBBBB
[2025-12-07 19:55:41.648] [CORC] [info] TRIAL_BEGIN cfg: pLeft=0.500, mode=1, targetSucc=10, maxTrials=10, V1=3/7, V2Score=0.000(0)
[2025-12-07 19:55:41.800] [CORC] [info] TRIAL status: t=0.152, n=0.206, effort=35.684, pLeft=0.500, mode=1, targetSucc=10, maxTrials=10
[2025-12-07 19:55:42.148] [CORC] [info] TRPPPP
[2025-12-07 19:55:42.148] [CORC] [info] EndPosX=0.04064009677300434, EndPosY=0.050087585042112914
[2025-12-07 19:55:42.148] [CORC] [info] TREEEEEE
[2025-12-07 19:55:42.148] [CORC] [info] [TREN SEND] (t=64.4075, dur=0.500219, reached=0, dist=0.343521, effort=197.422, trialScore=0, mode=1, cur=8, max=10, v1_suc=3, v1_tar=10, v2_sco=0, dirCode=-1)
[2025-12-07 19:55:42.148] [CORC] [info] TRIAL: finished (reachedC=false, timeout=true) -> WAIT_START. Awaiting STRT.
[2025-12-07 19:55:43.801] [CORC] [info] WAIT_START cfg: pLeft=0.500, mode=1, targetSucc=10, maxTrials=10, V1=3/8, V2Score=0.000(0), finishedFlag=0
[2025-12-07 19:55:43.801] [CORC] [info] F=(0.689,0.000), |F|=0.689
[2025-12-07 19:55:44.201] [CORC] [info] GLOBAL: RSTA -> TO_A
[2025-12-07 19:55:45.422] [CORC] [info] TO_A -> WAIT_START (betweenTrials=1)
[2025-12-07 19:55:45.423] [CORC] [info] HLKD -> k_hold=1000.0, d_hold=35.0
[2025-12-07 19:55:45.802] [CORC] [info] WAIT_START cfg: pLeft=0.500, mode=1, targetSucc=10, maxTrials=10, V1=3/8, V2Score=0.000(0), finishedFlag=0
[2025-12-07 19:55:45.802] [CORC] [info] F=(-3.444,-1.033), |F|=3.595
[2025-12-07 19:55:47.803] [CORC] [info] WAIT_START cfg: pLeft=0.500, mode=1, targetSucc=10, maxTrials=10, V1=3/8, V2Score=0.000(0), finishedFlag=0
[2025-12-07 19:55:47.803] [CORC] [info] F=(2.411,-1.033), |F|=2.623
[2025-12-07 19:55:49.237] [CORC] [info] GLOBAL: STRT captured (pendingStart=1, t=71.497)
[2025-12-07 19:55:49.238] [CORC] [info] meanNorm =2.895
[2025-12-07 19:55:49.239] [CORC] [info] WAIT_START: pendingStart consumed -> TRIAL (atA_hold=1)
[2025-12-07 19:55:49.239] [CORC] [info] TRIAL direction (deterministic): SIDE
[2025-12-07 19:55:49.239] [CORC] [info] TRBBBBB
[2025-12-07 19:55:49.239] [CORC] [info] TRIAL_BEGIN cfg: pLeft=0.500, mode=1, targetSucc=10, maxTrials=10, V1=3/8, V2Score=0.000(0)
[2025-12-07 19:55:49.740] [CORC] [info] TRPPPP
[2025-12-07 19:55:49.740] [CORC] [info] EndPosX=0.061446524263104485, EndPosY=0.05104898809513922
[2025-12-07 19:55:49.740] [CORC] [info] TREEEEEE
[2025-12-07 19:55:49.740] [CORC] [info] [TREN SEND] (t=71.9992, dur=0.500314, reached=0, dist=0.326238, effort=189.128, trialScore=0, mode=1, cur=9, max=10, v1_suc=3, v1_tar=10, v2_sco=0, dirCode=-1)
[2025-12-07 19:55:49.740] [CORC] [info] TRIAL: finished (reachedC=false, timeout=true) -> WAIT_START. Awaiting STRT.
[2025-12-07 19:55:49.804] [CORC] [info] WAIT_START cfg: pLeft=0.500, mode=1, targetSucc=10, maxTrials=10, V1=3/9, V2Score=0.000(0), finishedFlag=0
[2025-12-07 19:55:49.804] [CORC] [info] F=(36.158,0.000), |F|=36.158
[2025-12-07 19:55:51.773] [CORC] [info] GLOBAL: RSTA -> TO_A
[2025-12-07 19:55:52.199] [CORC] [info] TO_A -> WAIT_START (betweenTrials=1)
[2025-12-07 19:55:52.201] [CORC] [info] HLKD -> k_hold=1000.0, d_hold=35.0
[2025-12-07 19:55:53.806] [CORC] [info] WAIT_START cfg: pLeft=0.500, mode=1, targetSucc=10, maxTrials=10, V1=3/9, V2Score=0.000(0), finishedFlag=0
[2025-12-07 19:55:53.806] [CORC] [info] F=(2.066,-0.344), |F|=2.095
[2025-12-07 19:55:55.806] [CORC] [info] WAIT_START cfg: pLeft=0.500, mode=1, targetSucc=10, maxTrials=10, V1=3/9, V2Score=0.000(0), finishedFlag=0
[2025-12-07 19:55:55.807] [CORC] [info] F=(2.066,-1.033), |F|=2.310
[2025-12-07 19:55:56.787] [CORC] [info] GLOBAL: STRT captured (pendingStart=1, t=79.046)
[2025-12-07 19:55:56.787] [CORC] [info] meanNorm =2.645
[2025-12-07 19:55:56.788] [CORC] [info] WAIT_START: pendingStart consumed -> TRIAL (atA_hold=1)
[2025-12-07 19:55:56.789] [CORC] [info] TRIAL direction (deterministic): UP
[2025-12-07 19:55:56.789] [CORC] [info] TRBBBBB
[2025-12-07 19:55:56.789] [CORC] [info] TRIAL_BEGIN cfg: pLeft=0.500, mode=1, targetSucc=10, maxTrials=10, V1=3/9, V2Score=0.000(0)
[2025-12-07 19:55:57.161] [CORC] [info] TRPPPP
[2025-12-07 19:55:57.161] [CORC] [info] EndPosX=0.317505250787622, EndPosY=0.1704446491371108
[2025-12-07 19:55:57.289] [CORC] [info] TRPPPP
[2025-12-07 19:55:57.289] [CORC] [info] EndPosX=0.317505250787622, EndPosY=0.24709193978192204
[2025-12-07 19:55:57.289] [CORC] [info] TREEEEEE
[2025-12-07 19:55:57.289] [CORC] [info] [TREN SEND] (t=79.5486, dur=0.500225, reached=1, dist=0.00383153, effort=249.838, trialScore=1, mode=1, cur=10, max=10, v1_suc=4, v1_tar=10, v2_sco=0, dirCode=1)
[2025-12-07 19:55:57.291] [CORC] [info] SESSSSS
[2025-12-07 19:55:57.291] [CORC] [info] Exited M2 Probabilistic Move state...
[2025-12-07 19:55:57.291] [CORC] [info] Entering M2 Standby state...
[2025-12-07 19:55:57.314] [CORC] [warning] Applicaton thread time overflow: 23.352ms (>2.0ms) !
[2025-12-07 19:56:10.420] [CORC] [info] [TRANS] accepting BGIN -> toProb
[2025-12-07 19:56:10.420] [CORC] [info] Exited M2 Standby state...
[2025-12-07 19:56:10.420] [CORC] [info] Entering M2 Probabilistic Move state...
[2025-12-07 19:56:10.443] [CORC] [info] [STATIC] Loaded 0 up and 0 left perturbation samples (hard-coded).
[2025-12-07 19:56:10.443] [CORC] [info] [SCHEDULE] Built seeded schedule (total=10, leftCount=5, seed=1661471, attempts=1)
[2025-12-07 19:56:10.443] [CORC] [warning] Applicaton thread time overflow: 23.175ms (>2.0ms) !
[2025-12-07 19:56:10.694] [CORC] [info] TO_A -> WAIT_START (betweenTrials=1)
[2025-12-07 19:56:12.444] [CORC] [info] WAIT_START cfg: pLeft=0.500, mode=1, targetSucc=10, maxTrials=10, V1=0/0, V2Score=0.000(0), finishedFlag=0
[2025-12-07 19:56:12.444] [CORC] [info] F=(2.411,-5.854), |F|=6.331
[2025-12-07 19:56:14.445] [CORC] [info] WAIT_START cfg: pLeft=0.500, mode=1, targetSucc=10, maxTrials=10, V1=0/0, V2Score=0.000(0), finishedFlag=0
[2025-12-07 19:56:14.445] [CORC] [info] F=(1.722,-6.199), |F|=6.433
[2025-12-07 19:56:16.446] [CORC] [info] WAIT_START cfg: pLeft=0.500, mode=1, targetSucc=10, maxTrials=10, V1=0/0, V2Score=0.000(0), finishedFlag=0
[2025-12-07 19:56:16.446] [CORC] [info] F=(1.722,-5.854), |F|=6.102
[2025-12-07 19:56:17.069] [CORC] [warning] GLOBAL: unknown cmd='BGIN' (trim='BGIN') @phase=1
[2025-12-07 19:56:18.275] [CORC] [info] GLOBAL: HALT -> finishedFlag=1
[2025-12-07 19:56:18.277] [CORC] [info] SESSSSS
[2025-12-07 19:56:18.277] [CORC] [info] Exited M2 Probabilistic Move state...
[2025-12-07 19:56:18.277] [CORC] [info] Entering M2 Standby state...
[2025-12-07 19:56:18.300] [CORC] [warning] Applicaton thread time overflow: 23.358ms (>2.0ms) !
[2025-12-07 19:56:19.181] [CORC] [info] [TRANS] accepting BGIN -> toProb
[2025-12-07 19:56:19.181] [CORC] [info] Exited M2 Standby state...
[2025-12-07 19:56:19.181] [CORC] [info] Entering M2 Probabilistic Move state...
[2025-12-07 19:56:19.205] [CORC] [info] [STATIC] Loaded 0 up and 0 left perturbation samples (hard-coded).
[2025-12-07 19:56:19.205] [CORC] [info] [SCHEDULE] Built seeded schedule (total=10, leftCount=5, seed=1661471, attempts=1)
[2025-12-07 19:56:19.205] [CORC] [warning] Applicaton thread time overflow: 23.823ms (>2.0ms) !
[2025-12-07 19:56:19.455] [CORC] [info] TO_A -> WAIT_START (betweenTrials=1)
[2025-12-07 19:56:20.005] [CORC] [info] GLOBAL: RSTA -> TO_A
[2025-12-07 19:56:20.255] [CORC] [info] TO_A -> WAIT_START (betweenTrials=1)
[2025-12-07 19:56:21.206] [CORC] [info] WAIT_START cfg: pLeft=0.500, mode=1, targetSucc=10, maxTrials=10, V1=0/0, V2Score=0.000(0), finishedFlag=0
[2025-12-07 19:56:21.206] [CORC] [info] F=(1.377,-6.543), |F|=6.686
[2025-12-07 19:56:23.207] [CORC] [info] WAIT_START cfg: pLeft=0.500, mode=1, targetSucc=10, maxTrials=10, V1=0/0, V2Score=0.000(0), finishedFlag=0
[2025-12-07 19:56:23.207] [CORC] [info] F=(2.411,-6.199), |F|=6.651
[2025-12-07 19:56:23.793] [CORC] [info] GLOBAL: STRT captured (pendingStart=1, t=4.612)
[2025-12-07 19:56:23.793] [CORC] [info] meanNorm =6.835
[2025-12-07 19:56:23.794] [CORC] [info] WAIT_START: pendingStart consumed -> TRIAL (atA_hold=1)
[2025-12-07 19:56:23.795] [CORC] [info] TRIAL direction (deterministic): UP
[2025-12-07 19:56:23.795] [CORC] [info] TRBBBBB
[2025-12-07 19:56:23.795] [CORC] [info] TRIAL_BEGIN cfg: pLeft=0.500, mode=1, targetSucc=10, maxTrials=10, V1=0/0, V2Score=0.000(0)
[2025-12-07 19:56:24.295] [CORC] [info] TRPPPP
[2025-12-07 19:56:24.295] [CORC] [info] EndPosX=0.3175923069695889, EndPosY=0.26981360327529497
[2025-12-07 19:56:24.295] [CORC] [info] TREEEEEE
[2025-12-07 19:56:24.295] [CORC] [info] [TREN SEND] (t=5.1138, dur=0.50032, reached=1, dist=0.0199594, effort=268.087, trialScore=1, mode=1, cur=1, max=10, v1_suc=1, v1_tar=10, v2_sco=0, dirCode=1)
[2025-12-07 19:56:24.295] [CORC] [info] TRIAL: finished (reachedC=true, timeout=true) -> WAIT_START. Awaiting STRT.
[2025-12-07 19:56:25.054] [CORC] [info] GLOBAL: STRT captured (pendingStart=1, t=5.872)
[2025-12-07 19:56:25.208] [CORC] [info] WAIT_START: STRT pending but not at A (dist=0.271 <? 0.150)
[2025-12-07 19:56:25.208] [CORC] [info] WAIT_START cfg: pLeft=0.500, mode=1, targetSucc=10, maxTrials=10, V1=1/1, V2Score=0.000(0), finishedFlag=0
[2025-12-07 19:56:25.208] [CORC] [info] F=(-0.344,0.000), |F|=0.344
[2025-12-07 19:56:26.345] [CORC] [info] GLOBAL: RSTA -> TO_A
[2025-12-07 19:56:28.009] [CORC] [info] TO_A -> WAIT_START (betweenTrials=1)
[2025-12-07 19:56:28.011] [CORC] [info] meanNorm =16.185
[2025-12-07 19:56:28.011] [CORC] [info] WAIT_START: pendingStart consumed -> TRIAL (atA_hold=1)
[2025-12-07 19:56:28.013] [CORC] [info] TRIAL direction (deterministic): UP
[2025-12-07 19:56:28.013] [CORC] [info] TRBBBBB
[2025-12-07 19:56:28.013] [CORC] [info] TRIAL_BEGIN cfg: pLeft=0.500, mode=1, targetSucc=10, maxTrials=10, V1=1/1, V2Score=0.000(0)
[2025-12-07 19:56:28.310] [CORC] [info] TRPPPP
[2025-12-07 19:56:28.310] [CORC] [info] EndPosX=0.31758473686680916, EndPosY=0.17125843518593228
[2025-12-07 19:56:28.513] [CORC] [info] TRPPPP
[2025-12-07 19:56:28.514] [CORC] [info] EndPosX=0.31758473686680916, EndPosY=0.29226274306859745
[2025-12-07 19:56:28.514] [CORC] [info] TREEEEEE
[2025-12-07 19:56:28.514] [CORC] [info] [TREN SEND] (t=9.33205, dur=0.500128, reached=1, dist=0.0423317, effort=241.612, trialScore=1, mode=1, cur=2, max=10, v1_suc=2, v1_tar=10, v2_sco=0, dirCode=1)
[2025-12-07 19:56:28.514] [CORC] [info] TRIAL: finished (reachedC=true, timeout=true) -> WAIT_START. Awaiting STRT.
[2025-12-07 19:56:29.210] [CORC] [info] WAIT_START cfg: pLeft=0.500, mode=1, targetSucc=10, maxTrials=10, V1=2/2, V2Score=0.000(0), finishedFlag=0
[2025-12-07 19:56:29.210] [CORC] [info] F=(0.000,0.000), |F|=0.000
[2025-12-07 19:56:30.553] [CORC] [info] GLOBAL: RSTA -> TO_A
[2025-12-07 19:56:31.367] [CORC] [info] GLOBAL: STRT captured (pendingStart=1, t=12.186)
[2025-12-07 19:56:32.219] [CORC] [info] TO_A -> WAIT_START (betweenTrials=1)
[2025-12-07 19:56:32.221] [CORC] [info] meanNorm =15.841
[2025-12-07 19:56:32.221] [CORC] [info] WAIT_START: pendingStart consumed -> TRIAL (atA_hold=1)
[2025-12-07 19:56:32.223] [CORC] [info] TRIAL direction (deterministic): SIDE
[2025-12-07 19:56:32.223] [CORC] [info] TRBBBBB
[2025-12-07 19:56:32.223] [CORC] [info] TRIAL_BEGIN cfg: pLeft=0.500, mode=1, targetSucc=10, maxTrials=10, V1=2/2, V2Score=0.000(0)
[2025-12-07 19:56:32.724] [CORC] [info] TRPPPP
[2025-12-07 19:56:32.724] [CORC] [info] EndPosX=0.04907697632101843, EndPosY=0.08029986523603308
[2025-12-07 19:56:32.724] [CORC] [info] TREEEEEE
[2025-12-07 19:56:32.724] [CORC] [info] [TREN SEND] (t=13.5423, dur=0.500365, reached=0, dist=0.319683, effort=209.013, trialScore=0, mode=1, cur=3, max=10, v1_suc=2, v1_tar=10, v2_sco=0, dirCode=-1)
[2025-12-07 19:56:32.724] [CORC] [info] TRIAL: finished (reachedC=false, timeout=true) -> WAIT_START. Awaiting STRT.
[2025-12-07 19:56:33.212] [CORC] [info] WAIT_START cfg: pLeft=0.500, mode=1, targetSucc=10, maxTrials=10, V1=2/3, V2Score=0.000(0), finishedFlag=0
[2025-12-07 19:56:33.212] [CORC] [info] F=(8.265,0.000), |F|=8.265
[2025-12-07 19:56:34.757] [CORC] [info] GLOBAL: RSTA -> TO_A
[2025-12-07 19:56:35.597] [CORC] [info] GLOBAL: STRT captured (pendingStart=1, t=16.416)
[2025-12-07 19:56:36.137] [CORC] [info] TO_A -> WAIT_START (betweenTrials=1)
[2025-12-07 19:56:36.139] [CORC] [info] meanNorm =14.812
[2025-12-07 19:56:36.139] [CORC] [info] WAIT_START: pendingStart consumed -> TRIAL (atA_hold=1)
[2025-12-07 19:56:36.141] [CORC] [info] TRIAL direction (deterministic): UP
[2025-12-07 19:56:36.141] [CORC] [info] TRBBBBB
[2025-12-07 19:56:36.141] [CORC] [info] TRIAL_BEGIN cfg: pLeft=0.500, mode=1, targetSucc=10, maxTrials=10, V1=2/3, V2Score=0.000(0)
[2025-12-07 19:56:36.497] [CORC] [info] TRPPPP
[2025-12-07 19:56:36.498] [CORC] [info] EndPosX=0.2554152677882401, EndPosY=0.20313992304278386
[2025-12-07 19:56:36.642] [CORC] [info] TRPPPP
[2025-12-07 19:56:36.642] [CORC] [info] EndPosX=0.2554152677882401, EndPosY=0.29964737833022836
[2025-12-07 19:56:36.642] [CORC] [info] TREEEEEE
[2025-12-07 19:56:36.642] [CORC] [info] [TREN SEND] (t=17.46, dur=0.500265, reached=0, dist=0.081462, effort=284.744, trialScore=0, mode=1, cur=4, max=10, v1_suc=2, v1_tar=10, v2_sco=0, dirCode=1)
[2025-12-07 19:56:36.642] [CORC] [info] TRIAL: finished (reachedC=false, timeout=true) -> WAIT_START. Awaiting STRT.
[2025-12-07 19:56:37.214] [CORC] [info] WAIT_START cfg: pLeft=0.500, mode=1, targetSucc=10, maxTrials=10, V1=2/4, V2Score=0.000(0), finishedFlag=0
[2025-12-07 19:56:37.214] [CORC] [info] F=(0.000,-8.265), |F|=8.265
[2025-12-07 19:56:38.701] [CORC] [info] GLOBAL: RSTA -> TO_A
[2025-12-07 19:56:39.801] [CORC] [info] GLOBAL: STRT captured (pendingStart=1, t=20.620)
[2025-12-07 19:56:40.400] [CORC] [info] TO_A -> WAIT_START (betweenTrials=1)
[2025-12-07 19:56:40.402] [CORC] [info] meanNorm =17.670
[2025-12-07 19:56:40.402] [CORC] [info] WAIT_START: pendingStart consumed -> TRIAL (atA_hold=1)
[2025-12-07 19:56:40.404] [CORC] [info] TRIAL direction (deterministic): UP
[2025-12-07 19:56:40.404] [CORC] [info] TRBBBBB
[2025-12-07 19:56:40.404] [CORC] [info] TRIAL_BEGIN cfg: pLeft=0.500, mode=1, targetSucc=10, maxTrials=10, V1=2/4, V2Score=0.000(0)
[2025-12-07 19:56:40.748] [CORC] [info] TRPPPP
[2025-12-07 19:56:40.748] [CORC] [info] EndPosX=0.26720948791906635, EndPosY=0.19071359932984977
[2025-12-07 19:56:40.904] [CORC] [info] TRPPPP
[2025-12-07 19:56:40.904] [CORC] [info] EndPosX=0.26720948791906635, EndPosY=0.28923470195670364
[2025-12-07 19:56:40.904] [CORC] [info] TREEEEEE
[2025-12-07 19:56:40.904] [CORC] [info] [TREN SEND] (t=21.7224, dur=0.500199, reached=1, dist=0.0657739, effort=244.253, trialScore=1, mode=1, cur=5, max=10, v1_suc=3, v1_tar=10, v2_sco=0, dirCode=1)
[2025-12-07 19:56:40.904] [CORC] [info] TRIAL: finished (reachedC=true, timeout=true) -> WAIT_START. Awaiting STRT.
[2025-12-07 19:56:41.216] [CORC] [info] WAIT_START cfg: pLeft=0.500, mode=1, targetSucc=10, maxTrials=10, V1=3/5, V2Score=0.000(0), finishedFlag=0
[2025-12-07 19:56:41.216] [CORC] [info] F=(0.000,-28.582), |F|=28.582
[2025-12-07 19:56:42.937] [CORC] [info] HLKD -> k_hold=1000.0, d_hold=35.0
[2025-12-07 19:56:42.963] [CORC] [info] GLOBAL: RSTA -> TO_A
[2025-12-07 19:56:43.213] [CORC] [info] TO_A -> WAIT_START (betweenTrials=1)
[2025-12-07 19:56:43.217] [CORC] [info] WAIT_START cfg: pLeft=0.500, mode=1, targetSucc=10, maxTrials=10, V1=3/5, V2Score=0.000(0), finishedFlag=0
[2025-12-07 19:56:43.217] [CORC] [info] F=(2.411,4.821), |F|=5.390
[2025-12-07 19:56:43.731] [CORC] [info] GLOBAL: STRT captured (pendingStart=1, t=24.550)
[2025-12-07 19:56:43.731] [CORC] [info] meanNorm =12.692
[2025-12-07 19:56:43.733] [CORC] [info] WAIT_START: pendingStart consumed -> TRIAL (atA_hold=1)
[2025-12-07 19:56:43.733] [CORC] [info] TRIAL direction (deterministic): SIDE
[2025-12-07 19:56:43.733] [CORC] [info] TRBBBBB
[2025-12-07 19:56:43.733] [CORC] [info] TRIAL_BEGIN cfg: pLeft=0.500, mode=1, targetSucc=10, maxTrials=10, V1=3/5, V2Score=0.000(0)
[2025-12-07 19:56:44.234] [CORC] [info] TRPPPP
[2025-12-07 19:56:44.234] [CORC] [info] EndPosX=0.09430455537854185, EndPosY=0.04327070748896206
[2025-12-07 19:56:44.234] [CORC] [info] TREEEEEE
[2025-12-07 19:56:44.234] [CORC] [info] [TREN SEND] (t=25.052, dur=0.500233, reached=0, dist=0.306064, effort=163.697, trialScore=0, mode=1, cur=6, max=10, v1_suc=3, v1_tar=10, v2_sco=0, dirCode=-1)
[2025-12-07 19:56:44.234] [CORC] [info] TRIAL: finished (reachedC=false, timeout=true) -> WAIT_START. Awaiting STRT.
[2025-12-07 19:56:45.218] [CORC] [info] WAIT_START cfg: pLeft=0.500, mode=1, targetSucc=10, maxTrials=10, V1=3/6, V2Score=0.000(0), finishedFlag=0
[2025-12-07 19:56:45.218] [CORC] [info] F=(8.609,0.000), |F|=8.609
[2025-12-07 19:56:45.360] [CORC] [info] HLKD -> k_hold=1000.0, d_hold=35.0
[2025-12-07 19:56:46.264] [CORC] [info] GLOBAL: RSTA -> TO_A
[2025-12-07 19:56:46.515] [CORC] [info] TO_A -> WAIT_START (betweenTrials=1)
[2025-12-07 19:56:47.219] [CORC] [info] WAIT_START cfg: pLeft=0.500, mode=1, targetSucc=10, maxTrials=10, V1=3/6, V2Score=0.000(0), finishedFlag=0
[2025-12-07 19:56:47.219] [CORC] [info] F=(2.066,6.199), |F|=6.534
[2025-12-07 19:56:47.993] [CORC] [info] GLOBAL: STRT captured (pendingStart=1, t=28.812)
[2025-12-07 19:56:47.993] [CORC] [info] meanNorm =6.565
[2025-12-07 19:56:47.994] [CORC] [info] WAIT_START: pendingStart consumed -> TRIAL (atA_hold=1)
[2025-12-07 19:56:47.995] [CORC] [info] TRIAL direction (deterministic): SIDE
[2025-12-07 19:56:47.995] [CORC] [info] TRBBBBB
[2025-12-07 19:56:47.995] [CORC] [info] TRIAL_BEGIN cfg: pLeft=0.500, mode=1, targetSucc=10, maxTrials=10, V1=3/6, V2Score=0.000(0)
[2025-12-07 19:56:48.496] [CORC] [info] TRPPPP
[2025-12-07 19:56:48.496] [CORC] [info] EndPosX=0.0766170102336923, EndPosY=0.04366813788489815
[2025-12-07 19:56:48.496] [CORC] [info] TREEEEEE
[2025-12-07 19:56:48.496] [CORC] [info] [TREN SEND] (t=29.3147, dur=0.50089, reached=0, dist=0.319074, effort=181.563, trialScore=0, mode=1, cur=7, max=10, v1_suc=3, v1_tar=10, v2_sco=0, dirCode=-1)
[2025-12-07 19:56:48.496] [CORC] [info] TRIAL: finished (reachedC=false, timeout=true) -> WAIT_START. Awaiting STRT.
[2025-12-07 19:56:49.220] [CORC] [info] WAIT_START cfg: pLeft=0.500, mode=1, targetSucc=10, maxTrials=10, V1=3/7, V2Score=0.000(0), finishedFlag=0
[2025-12-07 19:56:49.221] [CORC] [info] F=(7.920,0.000), |F|=7.920
[2025-12-07 19:56:49.276] [CORC] [info] HLKD -> k_hold=1000.0, d_hold=35.0
[2025-12-07 19:56:50.531] [CORC] [info] GLOBAL: RSTA -> TO_A
[2025-12-07 19:56:50.781] [CORC] [info] TO_A -> WAIT_START (betweenTrials=1)
[2025-12-07 19:56:51.222] [CORC] [info] WAIT_START cfg: pLeft=0.500, mode=1, targetSucc=10, maxTrials=10, V1=3/7, V2Score=0.000(0), finishedFlag=0
[2025-12-07 19:56:51.222] [CORC] [info] F=(1.377,5.854), |F|=6.014
[2025-12-07 19:56:51.318] [CORC] [info] GLOBAL: STRT captured (pendingStart=1, t=32.136)
[2025-12-07 19:56:51.318] [CORC] [info] meanNorm =6.052
[2025-12-07 19:56:51.318] [CORC] [info] WAIT_START: pendingStart consumed -> TRIAL (atA_hold=1)
[2025-12-07 19:56:51.320] [CORC] [info] TRIAL direction (deterministic): SIDE
[2025-12-07 19:56:51.320] [CORC] [info] TRBBBBB
[2025-12-07 19:56:51.320] [CORC] [info] TRIAL_BEGIN cfg: pLeft=0.500, mode=1, targetSucc=10, maxTrials=10, V1=3/7, V2Score=0.000(0)
[2025-12-07 19:56:51.820] [CORC] [info] TRPPPP
[2025-12-07 19:56:51.820] [CORC] [info] EndPosX=0.08626132117507399, EndPosY=0.04376276416964481
[2025-12-07 19:56:51.820] [CORC] [info] TREEEEEE
[2025-12-07 19:56:51.820] [CORC] [info] [TREN SEND] (t=32.6383, dur=0.500156, reached=0, dist=0.311717, effort=177.136, trialScore=0, mode=1, cur=8, max=10, v1_suc=3, v1_tar=10, v2_sco=0, dirCode=-1)
[2025-12-07 19:56:51.820] [CORC] [info] TRIAL: finished (reachedC=false, timeout=true) -> WAIT_START. Awaiting STRT.
[2025-12-07 19:56:52.933] [CORC] [info] HLKD -> k_hold=1000.0, d_hold=35.0
[2025-12-07 19:56:53.223] [CORC] [info] WAIT_START cfg: pLeft=0.500, mode=1, targetSucc=10, maxTrials=10, V1=3/8, V2Score=0.000(0), finishedFlag=0
[2025-12-07 19:56:53.223] [CORC] [info] F=(-22.384,6.199), |F|=23.226
[2025-12-07 19:56:53.853] [CORC] [info] GLOBAL: RSTA -> TO_A
[2025-12-07 19:56:54.103] [CORC] [info] TO_A -> WAIT_START (betweenTrials=1)
[2025-12-07 19:56:55.224] [CORC] [info] WAIT_START cfg: pLeft=0.500, mode=1, targetSucc=10, maxTrials=10, V1=3/8, V2Score=0.000(0), finishedFlag=0
[2025-12-07 19:56:55.224] [CORC] [info] F=(2.066,5.854), |F|=6.208
[2025-12-07 19:56:55.570] [CORC] [info] GLOBAL: STRT captured (pendingStart=1, t=36.388)
[2025-12-07 19:56:55.570] [CORC] [info] meanNorm =6.198
[2025-12-07 19:56:55.571] [CORC] [info] WAIT_START: pendingStart consumed -> TRIAL (atA_hold=1)
[2025-12-07 19:56:55.572] [CORC] [info] TRIAL direction (deterministic): SIDE
[2025-12-07 19:56:55.572] [CORC] [info] TRBBBBB
[2025-12-07 19:56:55.572] [CORC] [info] TRIAL_BEGIN cfg: pLeft=0.500, mode=1, targetSucc=10, maxTrials=10, V1=3/8, V2Score=0.000(0)
[2025-12-07 19:56:56.072] [CORC] [info] TRPPPP
[2025-12-07 19:56:56.072] [CORC] [info] EndPosX=0.0957731553178103, EndPosY=0.04378925952937385
[2025-12-07 19:56:56.072] [CORC] [info] TREEEEEE
[2025-12-07 19:56:56.072] [CORC] [info] [TREN SEND] (t=36.8907, dur=0.500274, reached=0, dist=0.304632, effort=171.435, trialScore=0, mode=1, cur=9, max=10, v1_suc=3, v1_tar=10, v2_sco=0, dirCode=-1)
[2025-12-07 19:56:56.072] [CORC] [info] TRIAL: finished (reachedC=false, timeout=true) -> WAIT_START. Awaiting STRT.
[2025-12-07 19:56:57.173] [CORC] [info] HLKD -> k_hold=1000.0, d_hold=35.0
[2025-12-07 19:56:57.225] [CORC] [info] WAIT_START cfg: pLeft=0.500, mode=1, targetSucc=10, maxTrials=10, V1=3/9, V2Score=0.000(0), finishedFlag=0
[2025-12-07 19:56:57.225] [CORC] [info] F=(15.152,5.854), |F|=16.244
[2025-12-07 19:56:58.109] [CORC] [info] GLOBAL: RSTA -> TO_A
[2025-12-07 19:56:58.360] [CORC] [info] TO_A -> WAIT_START (betweenTrials=1)
[2025-12-07 19:56:58.888] [CORC] [info] GLOBAL: STRT captured (pendingStart=1, t=39.706)
[2025-12-07 19:56:58.888] [CORC] [info] meanNorm =11.276
[2025-12-07 19:56:58.889] [CORC] [info] WAIT_START: pendingStart consumed -> TRIAL (atA_hold=1)
[2025-12-07 19:56:58.890] [CORC] [info] TRIAL direction (deterministic): UP
[2025-12-07 19:56:58.890] [CORC] [info] TRBBBBB
[2025-12-07 19:56:58.890] [CORC] [info] TRIAL_BEGIN cfg: pLeft=0.500, mode=1, targetSucc=10, maxTrials=10, V1=3/9, V2Score=0.000(0)
[2025-12-07 19:56:59.226] [CORC] [info] TRIAL status: t=0.336, n=0.204, effort=19.594, pLeft=0.500, mode=1, targetSucc=10, maxTrials=10
[2025-12-07 19:56:59.390] [CORC] [info] TRPPPP
[2025-12-07 19:56:59.390] [CORC] [info] EndPosX=0.3262335792926558, EndPosY=0.09089422407627143
[2025-12-07 19:56:59.390] [CORC] [info] TREEEEEE
[2025-12-07 19:56:59.390] [CORC] [info] [TREN SEND] (t=40.2085, dur=0.500176, reached=0, dist=0.159228, effort=79.3841, trialScore=0, mode=1, cur=10, max=10, v1_suc=3, v1_tar=10, v2_sco=0, dirCode=1)
[2025-12-07 19:56:59.392] [CORC] [info] SESSSSS
[2025-12-07 19:56:59.392] [CORC] [info] Exited M2 Probabilistic Move state...
[2025-12-07 19:56:59.392] [CORC] [info] Entering M2 Standby state...
[2025-12-07 19:56:59.415] [CORC] [warning] Applicaton thread time overflow: 23.168000000000003ms (>2.0ms) !
[2025-12-07 19:57:13.745] [CORC] [info] [TRANS] accepting BGIN -> toProb
[2025-12-07 19:57:13.746] [CORC] [info] Exited M2 Standby state...
[2025-12-07 19:57:13.746] [CORC] [info] Entering M2 Probabilistic Move state...
[2025-12-07 19:57:13.769] [CORC] [info] [STATIC] Loaded 0 up and 0 left perturbation samples (hard-coded).
[2025-12-07 19:57:13.769] [CORC] [info] [SCHEDULE] Built seeded schedule (total=10, leftCount=5, seed=1661471, attempts=1)
[2025-12-07 19:57:13.769] [CORC] [warning] Applicaton thread time overflow: 23.970000000000002ms (>2.0ms) !
[2025-12-07 19:57:14.019] [CORC] [info] TO_A -> WAIT_START (betweenTrials=1)
[2025-12-07 19:57:15.770] [CORC] [info] WAIT_START cfg: pLeft=0.500, mode=1, targetSucc=10, maxTrials=10, V1=0/0, V2Score=0.000(0), finishedFlag=0
[2025-12-07 19:57:15.770] [CORC] [info] F=(-3.444,-5.854), |F|=6.792
[2025-12-07 19:57:17.771] [CORC] [info] WAIT_START cfg: pLeft=0.500, mode=1, targetSucc=10, maxTrials=10, V1=0/0, V2Score=0.000(0), finishedFlag=0
[2025-12-07 19:57:17.771] [CORC] [info] F=(-3.444,-6.199), |F|=7.091
[2025-12-07 19:57:18.670] [CORC] [info] GLOBAL: RSTA -> TO_A
[2025-12-07 19:57:18.920] [CORC] [info] TO_A -> WAIT_START (betweenTrials=1)
[2025-12-07 19:57:19.773] [CORC] [info] WAIT_START cfg: pLeft=0.500, mode=1, targetSucc=10, maxTrials=10, V1=0/0, V2Score=0.000(0), finishedFlag=0
[2025-12-07 19:57:19.773] [CORC] [info] F=(-3.788,-6.199), |F|=7.264
[2025-12-07 19:57:19.837] [CORC] [info] GLOBAL: STRT captured (pendingStart=1, t=6.091)
[2025-12-07 19:57:19.837] [CORC] [info] meanNorm =7.208
[2025-12-07 19:57:19.837] [CORC] [info] WAIT_START: pendingStart consumed -> TRIAL (atA_hold=1)
[2025-12-07 19:57:19.839] [CORC] [info] TRIAL direction (deterministic): UP
[2025-12-07 19:57:19.839] [CORC] [info] TRBBBBB
[2025-12-07 19:57:19.839] [CORC] [info] TRIAL_BEGIN cfg: pLeft=0.500, mode=1, targetSucc=10, maxTrials=10, V1=0/0, V2Score=0.000(0)
[2025-12-07 19:57:20.339] [CORC] [info] TRPPPP
[2025-12-07 19:57:20.339] [CORC] [info] EndPosX=0.3239852587670746, EndPosY=0.2694805187529866
[2025-12-07 19:57:20.340] [CORC] [info] TREEEEEE
[2025-12-07 19:57:20.340] [CORC] [info] [TREN SEND] (t=6.59358, dur=0.500337, reached=1, dist=0.019884, effort=267.904, trialScore=1, mode=1, cur=1, max=10, v1_suc=1, v1_tar=10, v2_sco=0, dirCode=1)
[2025-12-07 19:57:20.340] [CORC] [info] TRIAL: finished (reachedC=true, timeout=true) -> WAIT_START. Awaiting STRT.
[2025-12-07 19:57:21.774] [CORC] [info] WAIT_START cfg: pLeft=0.500, mode=1, targetSucc=10, maxTrials=10, V1=1/1, V2Score=0.000(0), finishedFlag=0
[2025-12-07 19:57:21.774] [CORC] [info] F=(0.689,0.000), |F|=0.689
[2025-12-07 19:57:22.353] [CORC] [info] GLOBAL: RSTA -> TO_A
[2025-12-07 19:57:23.689] [CORC] [info] GLOBAL: STRT captured (pendingStart=1, t=9.944)
[2025-12-07 19:57:24.021] [CORC] [info] TO_A -> WAIT_START (betweenTrials=1)
[2025-12-07 19:57:24.023] [CORC] [info] meanNorm =16.200
[2025-12-07 19:57:24.023] [CORC] [info] WAIT_START: pendingStart consumed -> TRIAL (atA_hold=1)
[2025-12-07 19:57:24.025] [CORC] [info] TRIAL direction (deterministic): UP
[2025-12-07 19:57:24.025] [CORC] [info] TRBBBBB
[2025-12-07 19:57:24.025] [CORC] [info] TRIAL_BEGIN cfg: pLeft=0.500, mode=1, targetSucc=10, maxTrials=10, V1=1/1, V2Score=0.000(0)
[2025-12-07 19:57:24.322] [CORC] [info] TRPPPP
[2025-12-07 19:57:24.322] [CORC] [info] EndPosX=0.32399282886985437, EndPosY=0.1705354903704676
[2025-12-07 19:57:24.526] [CORC] [info] TRPPPP
[2025-12-07 19:57:24.526] [CORC] [info] EndPosX=0.3239890438184645, EndPosY=0.2922324626574785
[2025-12-07 19:57:24.526] [CORC] [info] TREEEEEE
[2025-12-07 19:57:24.526] [CORC] [info] [TREN SEND] (t=10.7801, dur=0.50032, reached=1, dist=0.0424204, effort=242.189, trialScore=1, mode=1, cur=2, max=10, v1_suc=2, v1_tar=10, v2_sco=0, dirCode=1)
[2025-12-07 19:57:24.526] [CORC] [info] TRIAL: finished (reachedC=true, timeout=true) -> WAIT_START. Awaiting STRT.
[2025-12-07 19:57:25.776] [CORC] [info] WAIT_START cfg: pLeft=0.500, mode=1, targetSucc=10, maxTrials=10, V1=2/2, V2Score=0.000(0), finishedFlag=0
[2025-12-07 19:57:25.776] [CORC] [info] F=(-0.344,0.344), |F|=0.487
[2025-12-07 19:57:26.589] [CORC] [info] GLOBAL: RSTA -> TO_A
[2025-12-07 19:57:27.383] [CORC] [info] GLOBAL: STRT captured (pendingStart=1, t=13.638)
[2025-12-07 19:57:28.258] [CORC] [info] TO_A -> WAIT_START (betweenTrials=1)
[2025-12-07 19:57:28.260] [CORC] [info] meanNorm =16.200
[2025-12-07 19:57:28.260] [CORC] [info] WAIT_START: pendingStart consumed -> TRIAL (atA_hold=1)
[2025-12-07 19:57:28.262] [CORC] [info] TRIAL direction (deterministic): SIDE
[2025-12-07 19:57:28.262] [CORC] [info] TRBBBBB
[2025-12-07 19:57:28.262] [CORC] [info] TRIAL_BEGIN cfg: pLeft=0.500, mode=1, targetSucc=10, maxTrials=10, V1=2/2, V2Score=0.000(0)
[2025-12-07 19:57:28.762] [CORC] [info] TRPPPP
[2025-12-07 19:57:28.762] [CORC] [info] EndPosX=0.05573488171579488, EndPosY=0.0795693503177887
[2025-12-07 19:57:28.762] [CORC] [info] TREEEEEE
[2025-12-07 19:57:28.762] [CORC] [info] [TREN SEND] (t=15.0166, dur=0.500153, reached=0, dist=0.314456, effort=208.443, trialScore=0, mode=1, cur=3, max=10, v1_suc=2, v1_tar=10, v2_sco=0, dirCode=-1)
[2025-12-07 19:57:28.762] [CORC] [info] TRIAL: finished (reachedC=false, timeout=true) -> WAIT_START. Awaiting STRT.
[2025-12-07 19:57:29.779] [CORC] [info] WAIT_START cfg: pLeft=0.500, mode=1, targetSucc=10, maxTrials=10, V1=2/3, V2Score=0.000(0), finishedFlag=0
[2025-12-07 19:57:29.779] [CORC] [info] F=(0.344,0.000), |F|=0.344
[2025-12-07 19:57:30.827] [CORC] [info] GLOBAL: RSTA -> TO_A
[2025-12-07 19:57:31.618] [CORC] [info] GLOBAL: STRT captured (pendingStart=1, t=17.872)
[2025-12-07 19:57:32.202] [CORC] [info] TO_A -> WAIT_START (betweenTrials=1)
[2025-12-07 19:57:32.204] [CORC] [info] meanNorm =13.946
[2025-12-07 19:57:32.204] [CORC] [info] WAIT_START: pendingStart consumed -> TRIAL (atA_hold=1)
[2025-12-07 19:57:32.206] [CORC] [info] TRIAL direction (deterministic): UP
[2025-12-07 19:57:32.206] [CORC] [info] TRBBBBB
[2025-12-07 19:57:32.206] [CORC] [info] TRIAL_BEGIN cfg: pLeft=0.500, mode=1, targetSucc=10, maxTrials=10, V1=2/3, V2Score=0.000(0)
[2025-12-07 19:57:32.566] [CORC] [info] TRPPPP
[2025-12-07 19:57:32.566] [CORC] [info] EndPosX=0.25455227607135034, EndPosY=0.20408618589025068
[2025-12-07 19:57:32.706] [CORC] [info] TRPPPP
[2025-12-07 19:57:32.706] [CORC] [info] EndPosX=0.25455227607135034, EndPosY=0.2980652268492639
[2025-12-07 19:57:32.706] [CORC] [info] TREEEEEE
[2025-12-07 19:57:32.706] [CORC] [info] [TREN SEND] (t=18.9604, dur=0.500146, reached=0, dist=0.0812014, effort=284.848, trialScore=0, mode=1, cur=4, max=10, v1_suc=2, v1_tar=10, v2_sco=0, dirCode=1)
[2025-12-07 19:57:32.706] [CORC] [info] TRIAL: finished (reachedC=false, timeout=true) -> WAIT_START. Awaiting STRT.
[2025-12-07 19:57:33.781] [CORC] [info] WAIT_START cfg: pLeft=0.500, mode=1, targetSucc=10, maxTrials=10, V1=2/4, V2Score=0.000(0), finishedFlag=0
[2025-12-07 19:57:33.781] [CORC] [info] F=(-0.689,0.000), |F|=0.689
[2025-12-07 19:57:34.765] [CORC] [info] GLOBAL: RSTA -> TO_A
[2025-12-07 19:57:35.858] [CORC] [info] GLOBAL: STRT captured (pendingStart=1, t=22.112)
[2025-12-07 19:57:36.076] [CORC] [info] TO_A -> WAIT_START (betweenTrials=1)
[2025-12-07 19:57:36.078] [CORC] [info] meanNorm =10.010
[2025-12-07 19:57:36.078] [CORC] [info] WAIT_START: pendingStart consumed -> TRIAL (atA_hold=1)
[2025-12-07 19:57:36.080] [CORC] [info] TRIAL direction (deterministic): UP
[2025-12-07 19:57:36.080] [CORC] [info] TRBBBBB
[2025-12-07 19:57:36.080] [CORC] [info] TRIAL_BEGIN cfg: pLeft=0.500, mode=1, targetSucc=10, maxTrials=10, V1=2/4, V2Score=0.000(0)
[2025-12-07 19:57:36.432] [CORC] [info] TRPPPP
[2025-12-07 19:57:36.432] [CORC] [info] EndPosX=0.30301607406721026, EndPosY=0.17236745524316335
[2025-12-07 19:57:36.580] [CORC] [info] TRPPPP
[2025-12-07 19:57:36.580] [CORC] [info] EndPosX=0.30301985911860013, EndPosY=0.22619088600707524
[2025-12-07 19:57:36.580] [CORC] [info] TREEEEEE
[2025-12-07 19:57:36.580] [CORC] [info] [TREN SEND] (t=22.8342, dur=0.500159, reached=1, dist=0.0292438, effort=142.881, trialScore=1, mode=1, cur=5, max=10, v1_suc=3, v1_tar=10, v2_sco=0, dirCode=1)
[2025-12-07 19:57:36.580] [CORC] [info] TRIAL: finished (reachedC=true, timeout=true) -> WAIT_START. Awaiting STRT.
[2025-12-07 19:57:37.614] [CORC] [info] HLKD -> k_hold=1000.0, d_hold=35.0
[2025-12-07 19:57:37.782] [CORC] [info] WAIT_START cfg: pLeft=0.500, mode=1, targetSucc=10, maxTrials=10, V1=3/5, V2Score=0.000(0), finishedFlag=0
[2025-12-07 19:57:37.782] [CORC] [info] F=(3.788,4.132), |F|=5.606
[2025-12-07 19:57:38.627] [CORC] [info] GLOBAL: RSTA -> TO_A
[2025-12-07 19:57:38.877] [CORC] [info] TO_A -> WAIT_START (betweenTrials=1)
[2025-12-07 19:57:39.783] [CORC] [info] WAIT_START cfg: pLeft=0.500, mode=1, targetSucc=10, maxTrials=10, V1=3/5, V2Score=0.000(0), finishedFlag=0
[2025-12-07 19:57:39.784] [CORC] [info] F=(-1.722,11.708), |F|=11.834
[2025-12-07 19:57:39.807] [CORC] [info] GLOBAL: STRT captured (pendingStart=1, t=26.062)
[2025-12-07 19:57:39.807] [CORC] [info] meanNorm =11.821
[2025-12-07 19:57:39.808] [CORC] [info] WAIT_START: pendingStart consumed -> TRIAL (atA_hold=1)
[2025-12-07 19:57:39.809] [CORC] [info] TRIAL direction (deterministic): SIDE
[2025-12-07 19:57:39.809] [CORC] [info] TRBBBBB
[2025-12-07 19:57:39.809] [CORC] [info] TRIAL_BEGIN cfg: pLeft=0.500, mode=1, targetSucc=10, maxTrials=10, V1=3/5, V2Score=0.000(0)
[2025-12-07 19:57:40.310] [CORC] [info] TRPPPP
[2025-12-07 19:57:40.310] [CORC] [info] EndPosX=0.09193511320848496, EndPosY=0.037994345851487143
[2025-12-07 19:57:40.310] [CORC] [info] TREEEEEE
[2025-12-07 19:57:40.310] [CORC] [info] [TREN SEND] (t=26.5639, dur=0.50025, reached=0, dist=0.311384, effort=175.718, trialScore=0, mode=1, cur=6, max=10, v1_suc=3, v1_tar=10, v2_sco=0, dirCode=-1)
[2025-12-07 19:57:40.310] [CORC] [info] TRIAL: finished (reachedC=false, timeout=true) -> WAIT_START. Awaiting STRT.
[2025-12-07 19:57:41.564] [CORC] [info] HLKD -> k_hold=1000.0, d_hold=35.0
[2025-12-07 19:57:41.784] [CORC] [info] WAIT_START cfg: pLeft=0.500, mode=1, targetSucc=10, maxTrials=10, V1=3/6, V2Score=0.000(0), finishedFlag=0
[2025-12-07 19:57:41.784] [CORC] [info] F=(-25.139,12.053), |F|=27.879
[2025-12-07 19:57:42.361] [CORC] [info] GLOBAL: RSTA -> TO_A
[2025-12-07 19:57:42.611] [CORC] [info] TO_A -> WAIT_START (betweenTrials=1)
[2025-12-07 19:57:43.663] [CORC] [info] GLOBAL: STRT captured (pendingStart=1, t=29.918)
[2025-12-07 19:57:43.664] [CORC] [info] meanNorm =41.121
[2025-12-07 19:57:43.664] [CORC] [info] WAIT_START: pendingStart consumed -> TRIAL (atA_hold=1)
[2025-12-07 19:57:43.665] [CORC] [info] TRIAL direction (deterministic): SIDE
[2025-12-07 19:57:43.665] [CORC] [info] TRBBBBB
[2025-12-07 19:57:43.665] [CORC] [info] TRIAL_BEGIN cfg: pLeft=0.500, mode=1, targetSucc=10, maxTrials=10, V1=3/6, V2Score=0.000(0)
[2025-12-07 19:57:43.786] [CORC] [info] TRIAL status: t=0.120, n=0.250, effort=17.576, pLeft=0.500, mode=1, targetSucc=10, maxTrials=10
[2025-12-07 19:57:44.166] [CORC] [info] TRPPPP
[2025-12-07 19:57:44.166] [CORC] [info] EndPosX=0.1093614898074336, EndPosY=0.00046556132095365577
[2025-12-07 19:57:44.166] [CORC] [info] TREEEEEE
[2025-12-07 19:57:44.166] [CORC] [info] [TREN SEND] (t=30.42, dur=0.500255, reached=0, dist=0.326552, effort=164.789, trialScore=0, mode=1, cur=7, max=10, v1_suc=3, v1_tar=10, v2_sco=0, dirCode=-1)
[2025-12-07 19:57:44.166] [CORC] [info] TRIAL: finished (reachedC=false, timeout=true) -> WAIT_START. Awaiting STRT.
[2025-12-07 19:57:45.156] [CORC] [info] HLKD -> k_hold=1000.0, d_hold=35.0
[2025-12-07 19:57:45.787] [CORC] [info] WAIT_START cfg: pLeft=0.500, mode=1, targetSucc=10, maxTrials=10, V1=3/7, V2Score=0.000(0), finishedFlag=0
[2025-12-07 19:57:45.787] [CORC] [info] F=(2.066,-6.543), |F|=6.861
[2025-12-07 19:57:46.215] [CORC] [info] GLOBAL: RSTA -> TO_A
[2025-12-07 19:57:46.465] [CORC] [info] TO_A -> WAIT_START (betweenTrials=1)
[2025-12-07 19:57:47.376] [CORC] [info] GLOBAL: STRT captured (pendingStart=1, t=33.630)
[2025-12-07 19:57:47.376] [CORC] [info] meanNorm =5.090
[2025-12-07 19:57:47.377] [CORC] [info] WAIT_START: pendingStart consumed -> TRIAL (atA_hold=1)
[2025-12-07 19:57:47.377] [CORC] [info] TRIAL direction (deterministic): SIDE
[2025-12-07 19:57:47.378] [CORC] [info] TRBBBBB
[2025-12-07 19:57:47.378] [CORC] [info] TRIAL_BEGIN cfg: pLeft=0.500, mode=1, targetSucc=10, maxTrials=10, V1=3/7, V2Score=0.000(0)
[2025-12-07 19:57:47.788] [CORC] [info] TRIAL status: t=0.410, n=0.249, effort=123.511, pLeft=0.500, mode=1, targetSucc=10, maxTrials=10
[2025-12-07 19:57:47.878] [CORC] [info] TRPPPP
[2025-12-07 19:57:47.878] [CORC] [info] EndPosX=0.11451294474904289, EndPosY=0.05456530083632585
[2025-12-07 19:57:47.878] [CORC] [info] TREEEEEE
[2025-12-07 19:57:47.878] [CORC] [info] [TREN SEND] (t=34.1323, dur=0.500361, reached=0, dist=0.283584, effort=161.035, trialScore=0, mode=1, cur=8, max=10, v1_suc=3, v1_tar=10, v2_sco=0, dirCode=-1)
[2025-12-07 19:57:47.878] [CORC] [info] TRIAL: finished (reachedC=false, timeout=true) -> WAIT_START. Awaiting STRT.
[2025-12-07 19:57:48.890] [CORC] [info] HLKD -> k_hold=1000.0, d_hold=35.0
[2025-12-07 19:57:49.789] [CORC] [info] WAIT_START cfg: pLeft=0.500, mode=1, targetSucc=10, maxTrials=10, V1=3/8, V2Score=0.000(0), finishedFlag=0
[2025-12-07 19:57:49.789] [CORC] [info] F=(2.066,-4.821), |F|=5.245
[2025-12-07 19:57:49.907] [CORC] [info] GLOBAL: RSTA -> TO_A
[2025-12-07 19:57:50.158] [CORC] [info] TO_A -> WAIT_START (betweenTrials=1)
[2025-12-07 19:57:51.264] [CORC] [info] GLOBAL: STRT captured (pendingStart=1, t=37.518)
[2025-12-07 19:57:51.264] [CORC] [info] meanNorm =10.990
[2025-12-07 19:57:51.265] [CORC] [info] WAIT_START: pendingStart consumed -> TRIAL (atA_hold=1)
[2025-12-07 19:57:51.266] [CORC] [info] TRIAL direction (deterministic): SIDE
[2025-12-07 19:57:51.266] [CORC] [info] TRBBBBB
[2025-12-07 19:57:51.266] [CORC] [info] TRIAL_BEGIN cfg: pLeft=0.500, mode=1, targetSucc=10, maxTrials=10, V1=3/8, V2Score=0.000(0)
[2025-12-07 19:57:51.766] [CORC] [info] TRPPPP
[2025-12-07 19:57:51.766] [CORC] [info] EndPosX=0.18263251461248328, EndPosY=0.0002422432889515047
[2025-12-07 19:57:51.766] [CORC] [info] TREEEEEE
[2025-12-07 19:57:51.766] [CORC] [info] [TREN SEND] (t=38.0205, dur=0.500211, reached=0, dist=0.285042, effort=137.855, trialScore=0, mode=1, cur=9, max=10, v1_suc=3, v1_tar=10, v2_sco=0, dirCode=-1)
[2025-12-07 19:57:51.766] [CORC] [info] TRIAL: finished (reachedC=false, timeout=true) -> WAIT_START. Awaiting STRT.
[2025-12-07 19:57:51.790] [CORC] [info] WAIT_START cfg: pLeft=0.500, mode=1, targetSucc=10, maxTrials=10, V1=3/9, V2Score=0.000(0), finishedFlag=0
[2025-12-07 19:57:51.790] [CORC] [info] F=(-7.920,-0.344), |F|=7.928
[2025-12-07 19:57:52.675] [CORC] [info] HLKD -> k_hold=1000.0, d_hold=35.0
[2025-12-07 19:57:53.792] [CORC] [info] WAIT_START cfg: pLeft=0.500, mode=1, targetSucc=10, maxTrials=10, V1=3/9, V2Score=0.000(0), finishedFlag=0
[2025-12-07 19:57:53.792] [CORC] [info] F=(-4.477,40.291), |F|=40.539
[2025-12-07 19:57:53.810] [CORC] [info] GLOBAL: RSTA -> TO_A
[2025-12-07 19:57:54.060] [CORC] [info] TO_A -> WAIT_START (betweenTrials=1)
[2025-12-07 19:57:54.946] [CORC] [info] GLOBAL: STRT captured (pendingStart=1, t=41.201)
[2025-12-07 19:57:54.946] [CORC] [info] meanNorm =20.503
[2025-12-07 19:57:54.947] [CORC] [info] WAIT_START: pendingStart consumed -> TRIAL (atA_hold=1)
[2025-12-07 19:57:54.948] [CORC] [info] TRIAL direction (deterministic): UP
[2025-12-07 19:57:54.948] [CORC] [info] TRBBBBB
[2025-12-07 19:57:54.948] [CORC] [info] TRIAL_BEGIN cfg: pLeft=0.500, mode=1, targetSucc=10, maxTrials=10, V1=3/9, V2Score=0.000(0)
[2025-12-07 19:57:55.373] [CORC] [info] TRPPPP
[2025-12-07 19:57:55.373] [CORC] [info] EndPosX=0.324715773685319, EndPosY=0.17051278006212842
[2025-12-07 19:57:55.448] [CORC] [info] TRPPPP
[2025-12-07 19:57:55.448] [CORC] [info] EndPosX=0.32472334378809875, EndPosY=0.21343526282322267
[2025-12-07 19:57:55.448] [CORC] [info] TREEEEEE
[2025-12-07 19:57:55.449] [CORC] [info] [TREN SEND] (t=41.7028, dur=0.500169, reached=1, dist=0.0368686, effort=245.286, trialScore=1, mode=1, cur=10, max=10, v1_suc=4, v1_tar=10, v2_sco=0, dirCode=1)
[2025-12-07 19:57:55.450] [CORC] [info] SESSSSS
[2025-12-07 19:57:55.451] [CORC] [info] Exited M2 Probabilistic Move state...
[2025-12-07 19:57:55.451] [CORC] [info] Entering M2 Standby state...
[2025-12-07 19:57:55.473] [CORC] [warning] Applicaton thread time overflow: 23.144000000000002ms (>2.0ms) !
[2025-12-07 19:58:06.371] [CORC] [info] [TRANS] accepting BGIN -> toProb
[2025-12-07 19:58:06.371] [CORC] [info] Exited M2 Standby state...
[2025-12-07 19:58:06.371] [CORC] [info] Entering M2 Probabilistic Move state...
[2025-12-07 19:58:06.395] [CORC] [info] [STATIC] Loaded 0 up and 0 left perturbation samples (hard-coded).
[2025-12-07 19:58:06.395] [CORC] [info] [SCHEDULE] Built seeded schedule (total=10, leftCount=5, seed=1661471, attempts=1)
[2025-12-07 19:58:06.395] [CORC] [warning] Applicaton thread time overflow: 24.136000000000003ms (>2.0ms) !
[2025-12-07 19:58:06.646] [CORC] [info] TO_A -> WAIT_START (betweenTrials=1)
[2025-12-07 19:58:07.522] [CORC] [info] GLOBAL: RSTA -> TO_A
[2025-12-07 19:58:07.772] [CORC] [info] TO_A -> WAIT_START (betweenTrials=1)
[2025-12-07 19:58:08.397] [CORC] [info] WAIT_START cfg: pLeft=0.500, mode=1, targetSucc=10, maxTrials=10, V1=0/0, V2Score=0.000(0), finishedFlag=0
[2025-12-07 19:58:08.397] [CORC] [info] F=(-3.444,-6.199), |F|=7.091
[2025-12-07 19:58:10.398] [CORC] [info] WAIT_START cfg: pLeft=0.500, mode=1, targetSucc=10, maxTrials=10, V1=0/0, V2Score=0.000(0), finishedFlag=0
[2025-12-07 19:58:10.398] [CORC] [info] F=(-4.132,-6.199), |F|=7.450
[2025-12-07 19:58:11.168] [CORC] [info] GLOBAL: STRT captured (pendingStart=1, t=4.797)
[2025-12-07 19:58:11.168] [CORC] [info] meanNorm =7.209
[2025-12-07 19:58:11.169] [CORC] [info] WAIT_START: pendingStart consumed -> TRIAL (atA_hold=1)
[2025-12-07 19:58:11.170] [CORC] [info] TRIAL direction (deterministic): UP
[2025-12-07 19:58:11.170] [CORC] [info] TRBBBBB
[2025-12-07 19:58:11.170] [CORC] [info] TRIAL_BEGIN cfg: pLeft=0.500, mode=1, targetSucc=10, maxTrials=10, V1=0/0, V2Score=0.000(0)
[2025-12-07 19:58:11.671] [CORC] [info] TRPPPP
[2025-12-07 19:58:11.671] [CORC] [info] EndPosX=0.3238982025851077, EndPosY=0.2706273893241164
[2025-12-07 19:58:11.671] [CORC] [info] TREEEEEE
[2025-12-07 19:58:11.671] [CORC] [info] [TREN SEND] (t=5.29943, dur=0.50029, reached=1, dist=0.0209925, effort=268.481, trialScore=1, mode=1, cur=1, max=10, v1_suc=1, v1_tar=10, v2_sco=0, dirCode=1)
[2025-12-07 19:58:11.671] [CORC] [info] TRIAL: finished (reachedC=true, timeout=true) -> WAIT_START. Awaiting STRT.
[2025-12-07 19:58:12.399] [CORC] [info] WAIT_START cfg: pLeft=0.500, mode=1, targetSucc=10, maxTrials=10, V1=1/1, V2Score=0.000(0), finishedFlag=0
[2025-12-07 19:58:12.399] [CORC] [info] F=(0.344,0.000), |F|=0.344
[2025-12-07 19:58:12.567] [CORC] [info] GLOBAL: STRT captured (pendingStart=1, t=6.196)
[2025-12-07 19:58:13.697] [CORC] [info] GLOBAL: RSTA -> TO_A
[2025-12-07 19:58:15.363] [CORC] [info] TO_A -> WAIT_START (betweenTrials=1)
[2025-12-07 19:58:15.364] [CORC] [info] meanNorm =16.200
[2025-12-07 19:58:15.365] [CORC] [info] WAIT_START: pendingStart consumed -> TRIAL (atA_hold=1)
[2025-12-07 19:58:15.366] [CORC] [info] TRIAL direction (deterministic): UP
[2025-12-07 19:58:15.367] [CORC] [info] TRBBBBB
[2025-12-07 19:58:15.367] [CORC] [info] TRIAL_BEGIN cfg: pLeft=0.500, mode=1, targetSucc=10, maxTrials=10, V1=1/1, V2Score=0.000(0)
[2025-12-07 19:58:15.663] [CORC] [info] TRPPPP
[2025-12-07 19:58:15.663] [CORC] [info] EndPosX=0.3239095577392773, EndPosY=0.17055441562741697
[2025-12-07 19:58:15.867] [CORC] [info] TRPPPP
[2025-12-07 19:58:15.867] [CORC] [info] EndPosX=0.32390577268788745, EndPosY=0.29199400441991685
[2025-12-07 19:58:15.867] [CORC] [info] TREEEEEE
[2025-12-07 19:58:15.867] [CORC] [info] [TREN SEND] (t=9.49559, dur=0.500153, reached=1, dist=0.0421752, effort=241.212, trialScore=1, mode=1, cur=2, max=10, v1_suc=2, v1_tar=10, v2_sco=0, dirCode=1)
[2025-12-07 19:58:15.867] [CORC] [info] TRIAL: finished (reachedC=true, timeout=true) -> WAIT_START. Awaiting STRT.
[2025-12-07 19:58:16.401] [CORC] [info] WAIT_START cfg: pLeft=0.500, mode=1, targetSucc=10, maxTrials=10, V1=2/2, V2Score=0.000(0), finishedFlag=0
[2025-12-07 19:58:16.401] [CORC] [info] F=(0.344,-7.920), |F|=7.928
[2025-12-07 19:58:17.936] [CORC] [info] GLOBAL: RSTA -> TO_A
[2025-12-07 19:58:18.729] [CORC] [info] GLOBAL: STRT captured (pendingStart=1, t=12.358)
[2025-12-07 19:58:19.601] [CORC] [info] TO_A -> WAIT_START (betweenTrials=1)
[2025-12-07 19:58:19.603] [CORC] [info] meanNorm =15.845
[2025-12-07 19:58:19.604] [CORC] [info] WAIT_START: pendingStart consumed -> TRIAL (atA_hold=1)
[2025-12-07 19:58:19.605] [CORC] [info] TRIAL direction (deterministic): SIDE
[2025-12-07 19:58:19.605] [CORC] [info] TRBBBBB
[2025-12-07 19:58:19.606] [CORC] [info] TRIAL_BEGIN cfg: pLeft=0.500, mode=1, targetSucc=10, maxTrials=10, V1=2/2, V2Score=0.000(0)
[2025-12-07 19:58:20.106] [CORC] [info] TRPPPP
[2025-12-07 19:58:20.106] [CORC] [info] EndPosX=0.05261978442193416, EndPosY=0.0798910796859274
[2025-12-07 19:58:20.106] [CORC] [info] TREEEEEE
[2025-12-07 19:58:20.106] [CORC] [info] [TREN SEND] (t=13.7345, dur=0.500129, reached=0, dist=0.316906, effort=210.493, trialScore=0, mode=1, cur=3, max=10, v1_suc=2, v1_tar=10, v2_sco=0, dirCode=-1)
[2025-12-07 19:58:20.106] [CORC] [info] TRIAL: finished (reachedC=false, timeout=true) -> WAIT_START. Awaiting STRT.
[2025-12-07 19:58:20.404] [CORC] [info] WAIT_START cfg: pLeft=0.500, mode=1, targetSucc=10, maxTrials=10, V1=2/3, V2Score=0.000(0), finishedFlag=0
[2025-12-07 19:58:20.404] [CORC] [info] F=(8.265,0.000), |F|=8.265
[2025-12-07 19:58:21.406] [CORC] [info] GLOBAL: HALT -> finishedFlag=1
[2025-12-07 19:58:21.408] [CORC] [info] SESSSSS
[2025-12-07 19:58:21.408] [CORC] [info] Exited M2 Probabilistic Move state...
[2025-12-07 19:58:21.409] [CORC] [info] Entering M2 Standby state...
[2025-12-07 19:58:21.432] [CORC] [warning] Applicaton thread time overflow: 23.414ms (>2.0ms) !
[2025-12-07 19:58:22.993] [CORC] [info] [TRANS] accepting BGIN -> toProb
[2025-12-07 19:58:22.993] [CORC] [info] Exited M2 Standby state...
[2025-12-07 19:58:22.993] [CORC] [info] Entering M2 Probabilistic Move state...
[2025-12-07 19:58:23.016] [CORC] [info] [STATIC] Loaded 0 up and 0 left perturbation samples (hard-coded).
[2025-12-07 19:58:23.016] [CORC] [info] [SCHEDULE] Built seeded schedule (total=10, leftCount=5, seed=1661471, attempts=1)
[2025-12-07 19:58:23.016] [CORC] [warning] Applicaton thread time overflow: 23.919ms (>2.0ms) !
[2025-12-07 19:58:24.147] [CORC] [info] GLOBAL: HALT -> finishedFlag=1
[2025-12-07 19:58:24.149] [CORC] [info] SESSSSS
[2025-12-07 19:58:24.149] [CORC] [info] Exited M2 Probabilistic Move state...
[2025-12-07 19:58:24.149] [CORC] [info] Entering M2 Standby state...
[2025-12-07 19:58:24.173] [CORC] [warning] Applicaton thread time overflow: 23.508000000000003ms (>2.0ms) !
[2025-12-07 19:58:25.371] [CORC] [info] [TRANS] accepting BGIN -> toProb
[2025-12-07 19:58:25.372] [CORC] [info] Exited M2 Standby state...
[2025-12-07 19:58:25.372] [CORC] [info] Entering M2 Probabilistic Move state...
[2025-12-07 19:58:25.395] [CORC] [info] [STATIC] Loaded 0 up and 0 left perturbation samples (hard-coded).
[2025-12-07 19:58:25.395] [CORC] [info] [SCHEDULE] Built seeded schedule (total=10, leftCount=5, seed=1661471, attempts=1)
[2025-12-07 19:58:25.395] [CORC] [warning] Applicaton thread time overflow: 23.384999999999998ms (>2.0ms) !
[2025-12-07 19:58:25.645] [CORC] [info] TO_A -> WAIT_START (betweenTrials=1)
[2025-12-07 19:58:25.647] [CORC] [info] HLKD -> k_hold=1000.0, d_hold=35.0
[2025-12-07 19:58:27.160] [CORC] [info] GLOBAL: HALT -> finishedFlag=1
[2025-12-07 19:58:27.162] [CORC] [info] SESSSSS
[2025-12-07 19:58:27.162] [CORC] [info] Exited M2 Probabilistic Move state...
[2025-12-07 19:58:27.162] [CORC] [info] Entering M2 Standby state...
[2025-12-07 19:58:27.185] [CORC] [warning] Applicaton thread time overflow: 23.727999999999998ms (>2.0ms) !
[2025-12-07 19:58:30.495] [CORC] [critical] UI down, waiting reconnect...
[2025-12-07 19:58:30.496] [CORC] [info] UI reconnected
[2025-12-07 19:58:31.497] [CORC] [critical] UI down, waiting reconnect...
[2025-12-07 19:58:31.497] [CORC] [info] UI reconnected
[2025-12-07 19:58:32.497] [CORC] [critical] UI down, waiting reconnect...
[2025-12-07 19:58:32.497] [CORC] [info] UI reconnected
[2025-12-07 19:58:33.054] [CORC] [info] Exited M2 Standby state...
[2025-12-07 19:58:33.054] [CORC] [info] Disabling robot...
[2025-12-07 19:58:33.055] [CORC] [info] CORC End application
[2025-12-07 19:58:33.555] [CORC] [info] Canopend on can0 (nodeId=80) - finished.
[2025-12-07 20:23:03.586] [CORC] [info] ===============================================
[2025-12-07 20:23:03.586] [CORC] [info] ============ Start logging session ============
[2025-12-07 20:23:03.586] [CORC] [warning] Running without root privilege: using non-RT priority threads
[2025-12-07 20:23:03.586] [CORC] [info] vcan0: -
[2025-12-07 20:23:03.586] [CORC] [info] can0: up
[2025-12-07 20:23:03.586] [CORC] [info] Using: can0 (3)
[2025-12-07 20:23:03.586] [CORC] [info] Starting CANopen device with Node ID 80
[2025-12-07 20:23:03.586] [CORC] [info] Using default robot parameters (no YAML file specified).
[2025-12-07 20:23:03.586] [CORC] [info] Could not open joystick (/dev/input/js0)
[2025-12-07 20:23:03.586] [CORC] [info] CORC Start application
[2025-12-07 20:23:03.586] [CORC] [info] Application thread running at 500Hz.
[2025-12-07 20:23:04.022] [CORC] [error] sendSDOMessage: ERROR: [1  1 write 0x1401 1 u32 0x80000301 =>  (0x05040000
)
[2025-12-07 20:23:04.130] [CORC] [error] sendSDOMessage: ERROR: [1  1 write 0x1601 0 u8 0 =>  (0x05040000
)
[2025-12-07 20:23:04.239] [CORC] [error] sendSDOMessage: ERROR: [1  1 write 0x1401 2 u8 0xff =>  (0x05040000
)
[2025-12-07 20:23:04.348] [CORC] [error] sendSDOMessage: ERROR: [1  1 write 0x1601 1 u32 0x607a0020 =>  (0x05040000
)
[2025-12-07 20:23:04.458] [CORC] [error] sendSDOMessage: ERROR: [1  1 write 0x1601 0 u8 1 =>  (0x05040000
)
[2025-12-07 20:23:04.566] [CORC] [error] sendSDOMessage: ERROR: [1  1 write 0x1401 1 u32 0x301 =>  (0x05040000
)
[2025-12-07 20:23:04.566] [CORC] [error] Set up TARGET_POS RPDO FAILED on node 1
[2025-12-07 20:23:04.566] [CORC] [critical] Failed robot initialisation. Exiting...
[2025-12-07 20:23:04.566] [CORC] [info] Entering M2 Calib State state...
[2025-12-07 20:23:04.675] [CORC] [error] sendSDOMessage: ERROR: [1  1 write 0x6060 0 i8 4 =>  (0x05040000
)
[2025-12-07 20:23:04.689] [CORC] [info] Exited M2 Calib State state...
[2025-12-07 20:23:04.689] [CORC] [info] Disabling robot...
[2025-12-07 20:23:04.689] [CORC] [info] CORC End application
[2025-12-07 20:23:05.190] [CORC] [info] Canopend on can0 (nodeId=80) - finished.
[2025-12-07 20:23:10.266] [CORC] [info] ===============================================
[2025-12-07 20:23:10.266] [CORC] [info] ============ Start logging session ============
[2025-12-07 20:23:10.266] [CORC] [warning] Running without root privilege: using non-RT priority threads
[2025-12-07 20:23:10.266] [CORC] [info] vcan0: -
[2025-12-07 20:23:10.266] [CORC] [info] can0: up
[2025-12-07 20:23:10.266] [CORC] [info] Using: can0 (3)
[2025-12-07 20:23:10.266] [CORC] [info] Starting CANopen device with Node ID 80
[2025-12-07 20:23:10.266] [CORC] [info] Using default robot parameters (no YAML file specified).
[2025-12-07 20:23:10.267] [CORC] [info] Could not open joystick (/dev/input/js0)
[2025-12-07 20:23:10.267] [CORC] [info] CORC Start application
[2025-12-07 20:23:10.267] [CORC] [info] Application thread running at 500Hz.
[2025-12-07 20:23:10.375] [CORC] [error] sendSDOMessage: ERROR: [1  1 write 0x6040 0 u16 0x06 =>  (0x05040000
)
[2025-12-07 20:23:10.484] [CORC] [error] sendSDOMessage: ERROR: [1  1 write 0x6040 0 u16 0x80 =>  (0x05040000
)
[2025-12-07 20:23:10.592] [CORC] [error] sendSDOMessage: ERROR: [1  1 write 0x6040 0 u16 0x06 =>  (0x05040000
)
[2025-12-07 20:23:10.701] [CORC] [error] sendSDOMessage: ERROR: [1  1 write 0x6081 0 i32 4000000 =>  (0x05040000
)
[2025-12-07 20:23:10.811] [CORC] [error] sendSDOMessage: ERROR: [1  1 write 0x6083 0 i32 240000 =>  (0x05040000
)
[2025-12-07 20:23:10.920] [CORC] [error] sendSDOMessage: ERROR: [1  1 write 0x6084 0 i32 240000 =>  (0x05040000
)
[2025-12-07 20:23:10.920] [CORC] [error] Set up Velocity/Acceleration profile failed on node 1
[2025-12-07 20:23:10.920] [CORC] [critical] Failed robot initialisation. Exiting...
[2025-12-07 20:23:10.920] [CORC] [info] Entering M2 Calib State state...
[2025-12-07 20:23:11.029] [CORC] [error] sendSDOMessage: ERROR: [1  1 write 0x6060 0 i8 4 =>  (0x05040000
)
[2025-12-07 20:23:11.042] [CORC] [info] Exited M2 Calib State state...
[2025-12-07 20:23:11.043] [CORC] [info] Disabling robot...
[2025-12-07 20:23:11.043] [CORC] [info] CORC End application
[2025-12-07 20:23:11.545] [CORC] [info] Canopend on can0 (nodeId=80) - finished.
[2025-12-07 20:23:21.343] [CORC] [info] ===============================================
[2025-12-07 20:23:21.343] [CORC] [info] ============ Start logging session ============
[2025-12-07 20:23:21.343] [CORC] [warning] Running without root privilege: using non-RT priority threads
[2025-12-07 20:23:21.344] [CORC] [info] vcan0: -
[2025-12-07 20:23:21.344] [CORC] [info] can0: up
[2025-12-07 20:23:21.344] [CORC] [info] Using: can0 (3)
[2025-12-07 20:23:21.344] [CORC] [info] Starting CANopen device with Node ID 80
[2025-12-07 20:23:21.344] [CORC] [info] Using default robot parameters (no YAML file specified).
[2025-12-07 20:23:21.344] [CORC] [info] Could not open joystick (/dev/input/js0)
[2025-12-07 20:23:21.344] [CORC] [info] CORC Start application
[2025-12-07 20:23:21.344] [CORC] [info] Application thread running at 500Hz.
[2025-12-07 20:23:22.455] [CORC] [info] Starting logger M2MachineLog (Time (s), Position_1, Position_2, Velocity_1, Velocity_2, Force_1, Force_2)
[2025-12-07 20:23:22.455] [CORC] [info] Initialised network communication server (0.0.0.0:2048) for M2 robot (state size: 7)
[2025-12-07 20:23:22.455] [CORC] [info] Starting logger M2MachineLog (Time (s), Position_1, Position_2, Velocity_1, Velocity_2, Force_1, Force_2)
[2025-12-07 20:23:22.455] [CORC] [info] Entering M2 Calib State state...
[2025-12-07 20:23:22.478] [CORC] [critical] UI down, waiting reconnect...
[2025-12-07 20:23:22.478] [CORC] [info] UI reconnected
[2025-12-07 20:23:23.478] [CORC] [critical] UI down, waiting reconnect...
[2025-12-07 20:23:23.478] [CORC] [info] UI reconnected
[2025-12-07 20:23:24.479] [CORC] [critical] UI down, waiting reconnect...
[2025-12-07 20:23:24.479] [CORC] [info] UI reconnected
[2025-12-07 20:23:26.583] [CORC] [info] [FourierForceSensor::calibrate]: Force Sensor 3 succesfully zeroed with offset 1507.8596395412344.
[2025-12-07 20:23:28.585] [CORC] [info] [FourierForceSensor::calibrate]: Force Sensor 4 succesfully zeroed with offset 1501.6618993135012.
[2025-12-07 20:23:28.585] [CORC] [warning] Applicaton thread time overflow: 4004.0190000000002ms (>2.0ms) !
[2025-12-07 20:23:28.585] [CORC] [critical] UI down, waiting reconnect...
[2025-12-07 20:23:28.585] [CORC] [info] UI reconnected
[2025-12-07 20:23:28.587] [CORC] [info] Exited M2 Calib State state...
[2025-12-07 20:23:28.587] [CORC] [info] Entering M2 Standby state...
[2025-12-07 20:23:28.611] [CORC] [warning] Applicaton thread time overflow: 23.504ms (>2.0ms) !
[2025-12-07 20:23:29.587] [CORC] [critical] UI down, waiting reconnect...
[2025-12-07 20:23:29.587] [CORC] [info] UI reconnected
[2025-12-07 20:23:30.588] [CORC] [critical] UI down, waiting reconnect...
[2025-12-07 20:23:30.588] [CORC] [info] UI reconnected
[2025-12-07 20:23:31.588] [CORC] [critical] UI down, waiting reconnect...
[2025-12-07 20:23:31.588] [CORC] [info] UI reconnected
[2025-12-07 20:23:32.589] [CORC] [critical] UI down, waiting reconnect...
[2025-12-07 20:23:32.589] [CORC] [info] UI reconnected
[2025-12-07 20:23:33.589] [CORC] [critical] UI down, waiting reconnect...
[2025-12-07 20:23:33.589] [CORC] [info] UI reconnected
[2025-12-07 20:23:34.590] [CORC] [critical] UI down, waiting reconnect...
[2025-12-07 20:23:34.590] [CORC] [info] UI reconnected
[2025-12-07 20:23:35.590] [CORC] [critical] UI down, waiting reconnect...
[2025-12-07 20:23:35.590] [CORC] [info] UI reconnected
[2025-12-07 20:23:36.591] [CORC] [critical] UI down, waiting reconnect...
[2025-12-07 20:23:36.591] [CORC] [info] UI reconnected
[2025-12-07 20:23:37.591] [CORC] [critical] UI down, waiting reconnect...
[2025-12-07 20:23:37.591] [CORC] [info] UI reconnected
[2025-12-07 20:23:38.591] [CORC] [critical] UI down, waiting reconnect...
[2025-12-07 20:23:38.591] [CORC] [info] UI reconnected
[2025-12-07 20:23:39.592] [CORC] [critical] UI down, waiting reconnect...
[2025-12-07 20:23:39.592] [CORC] [info] UI reconnected
[2025-12-07 20:23:40.592] [CORC] [critical] UI down, waiting reconnect...
[2025-12-07 20:23:40.592] [CORC] [info] UI reconnected
[2025-12-07 20:23:45.015] [CORC] [info] [TRANS] accepting BGIN -> toProb
[2025-12-07 20:23:45.015] [CORC] [info] Exited M2 Standby state...
[2025-12-07 20:23:45.015] [CORC] [info] Entering M2 Probabilistic Move state...
[2025-12-07 20:23:45.038] [CORC] [info] [STATIC] Loaded 0 up and 0 left perturbation samples (hard-coded).
[2025-12-07 20:23:45.038] [CORC] [info] [SCHEDULE] Built seeded schedule (total=10, leftCount=5, seed=1661471, attempts=1)
[2025-12-07 20:23:45.038] [CORC] [warning] Applicaton thread time overflow: 23.648ms (>2.0ms) !
[2025-12-07 20:23:46.749] [CORC] [info] TO_A -> WAIT_START (betweenTrials=1)
[2025-12-07 20:23:46.751] [CORC] [info] HLKD -> k_hold=1000.0, d_hold=35.0
[2025-12-07 20:23:47.039] [CORC] [info] WAIT_START cfg: pLeft=0.500, mode=1, targetSucc=10, maxTrials=10, V1=0/0, V2Score=0.000(0), finishedFlag=0
[2025-12-07 20:23:47.039] [CORC] [info] F=(-3.444,4.477), |F|=5.648
[2025-12-07 20:23:49.040] [CORC] [info] WAIT_START cfg: pLeft=0.500, mode=1, targetSucc=10, maxTrials=10, V1=0/0, V2Score=0.000(0), finishedFlag=0
[2025-12-07 20:23:49.040] [CORC] [info] F=(-3.444,-5.854), |F|=6.792
[2025-12-07 20:23:51.041] [CORC] [info] WAIT_START cfg: pLeft=0.500, mode=1, targetSucc=10, maxTrials=10, V1=0/0, V2Score=0.000(0), finishedFlag=0
[2025-12-07 20:23:51.041] [CORC] [info] F=(-3.099,-6.199), |F|=6.930
[2025-12-07 20:23:53.042] [CORC] [info] WAIT_START cfg: pLeft=0.500, mode=1, targetSucc=10, maxTrials=10, V1=0/0, V2Score=0.000(0), finishedFlag=0
[2025-12-07 20:23:53.042] [CORC] [info] F=(-2.411,-5.510), |F|=6.014
[2025-12-07 20:23:55.043] [CORC] [info] WAIT_START cfg: pLeft=0.500, mode=1, targetSucc=10, maxTrials=10, V1=0/0, V2Score=0.000(0), finishedFlag=0
[2025-12-07 20:23:55.043] [CORC] [info] F=(-3.444,-5.510), |F|=6.497
[2025-12-07 20:23:56.085] [CORC] [info] GLOBAL: STRT captured (pendingStart=1, t=11.070)
[2025-12-07 20:23:56.085] [CORC] [info] meanNorm =6.546
[2025-12-07 20:23:56.087] [CORC] [info] WAIT_START: pendingStart consumed -> TRIAL (atA_hold=1)
[2025-12-07 20:23:56.087] [CORC] [info] TRIAL direction (deterministic): UP
[2025-12-07 20:23:56.087] [CORC] [info] TRBBBBB
[2025-12-07 20:23:56.087] [CORC] [info] TRIAL_BEGIN cfg: pLeft=0.500, mode=1, targetSucc=10, maxTrials=10, V1=0/0, V2Score=0.000(0)
[2025-12-07 20:23:56.439] [CORC] [info] TRPPPP
[2025-12-07 20:23:56.440] [CORC] [info] EndPosX=0.32341750105859457, EndPosY=0.17010777956341264
[2025-12-07 20:23:56.587] [CORC] [info] TRPPPP
[2025-12-07 20:23:56.588] [CORC] [info] EndPosX=0.32342128610998444, EndPosY=0.26568789726033964
[2025-12-07 20:23:56.588] [CORC] [info] TREEEEEE
[2025-12-07 20:23:56.588] [CORC] [info] [TREN SEND] (t=11.572, dur=0.500216, reached=1, dist=0.0160566, effort=264.36, trialScore=1, mode=1, cur=1, max=10, v1_suc=1, v1_tar=10, v2_sco=0, dirCode=1)
[2025-12-07 20:23:56.588] [CORC] [info] TRIAL: finished (reachedC=true, timeout=true) -> WAIT_START. Awaiting STRT.
[2025-12-07 20:23:57.044] [CORC] [info] WAIT_START cfg: pLeft=0.500, mode=1, targetSucc=10, maxTrials=10, V1=1/1, V2Score=0.000(0), finishedFlag=0
[2025-12-07 20:23:57.044] [CORC] [info] F=(0.344,-23.073), |F|=23.075
[2025-12-07 20:23:58.620] [CORC] [info] GLOBAL: RSTA -> TO_A
[2025-12-07 20:24:00.467] [CORC] [info] TO_A -> WAIT_START (betweenTrials=1)
[2025-12-07 20:24:00.469] [CORC] [info] HLKD -> k_hold=1000.0, d_hold=35.0
[2025-12-07 20:24:01.046] [CORC] [info] WAIT_START cfg: pLeft=0.500, mode=1, targetSucc=10, maxTrials=10, V1=1/1, V2Score=0.000(0), finishedFlag=0
[2025-12-07 20:24:01.046] [CORC] [info] F=(-3.099,7.920), |F|=8.505
[2025-12-07 20:24:03.047] [CORC] [info] WAIT_START cfg: pLeft=0.500, mode=1, targetSucc=10, maxTrials=10, V1=1/1, V2Score=0.000(0), finishedFlag=0
[2025-12-07 20:24:03.047] [CORC] [info] F=(-3.099,8.609), |F|=9.150
[2025-12-07 20:24:03.633] [CORC] [info] GLOBAL: STRT captured (pendingStart=1, t=18.617)
[2025-12-07 20:24:03.633] [CORC] [info] meanNorm =8.753
[2025-12-07 20:24:03.634] [CORC] [info] WAIT_START: pendingStart consumed -> TRIAL (atA_hold=1)
[2025-12-07 20:24:03.635] [CORC] [info] TRIAL direction (deterministic): UP
[2025-12-07 20:24:03.635] [CORC] [info] TRBBBBB
[2025-12-07 20:24:03.635] [CORC] [info] TRIAL_BEGIN cfg: pLeft=0.500, mode=1, targetSucc=10, maxTrials=10, V1=1/1, V2Score=0.000(0)
[2025-12-07 20:24:04.003] [CORC] [info] TRPPPP
[2025-12-07 20:24:04.003] [CORC] [info] EndPosX=0.32342128610998444, EndPosY=0.17047114449683987
[2025-12-07 20:24:04.135] [CORC] [info] TRPPPP
[2025-12-07 20:24:04.135] [CORC] [info] EndPosX=0.32342128610998444, EndPosY=0.2591927490753275
[2025-12-07 20:24:04.135] [CORC] [info] TREEEEEE
[2025-12-07 20:24:04.135] [CORC] [info] [TREN SEND] (t=19.1196, dur=0.50016, reached=1, dist=0.00980876, effort=272.368, trialScore=1, mode=1, cur=2, max=10, v1_suc=2, v1_tar=10, v2_sco=0, dirCode=1)
[2025-12-07 20:24:04.135] [CORC] [info] TRIAL: finished (reachedC=true, timeout=true) -> WAIT_START. Awaiting STRT.
[2025-12-07 20:24:05.048] [CORC] [info] WAIT_START cfg: pLeft=0.500, mode=1, targetSucc=10, maxTrials=10, V1=2/2, V2Score=0.000(0), finishedFlag=0
[2025-12-07 20:24:05.048] [CORC] [info] F=(0.000,0.000), |F|=0.000
[2025-12-07 20:24:06.164] [CORC] [info] GLOBAL: RSTA -> TO_A
[2025-12-07 20:24:08.009] [CORC] [info] TO_A -> WAIT_START (betweenTrials=1)
[2025-12-07 20:24:08.011] [CORC] [info] HLKD -> k_hold=1000.0, d_hold=35.0
[2025-12-07 20:24:09.050] [CORC] [info] WAIT_START cfg: pLeft=0.500, mode=1, targetSucc=10, maxTrials=10, V1=2/2, V2Score=0.000(0), finishedFlag=0
[2025-12-07 20:24:09.050] [CORC] [info] F=(-4.477,28.582), |F|=28.931
[2025-12-07 20:24:11.050] [CORC] [info] WAIT_START cfg: pLeft=0.500, mode=1, targetSucc=10, maxTrials=10, V1=2/2, V2Score=0.000(0), finishedFlag=0
[2025-12-07 20:24:11.051] [CORC] [info] F=(-3.444,1.033), |F|=3.595
[2025-12-07 20:24:11.198] [CORC] [info] GLOBAL: STRT captured (pendingStart=1, t=26.183)
[2025-12-07 20:24:11.199] [CORC] [info] meanNorm =3.840
[2025-12-07 20:24:11.200] [CORC] [info] WAIT_START: pendingStart consumed -> TRIAL (atA_hold=1)
[2025-12-07 20:24:11.200] [CORC] [info] TRIAL direction (deterministic): SIDE
[2025-12-07 20:24:11.200] [CORC] [info] TRBBBBB
[2025-12-07 20:24:11.200] [CORC] [info] TRIAL_BEGIN cfg: pLeft=0.500, mode=1, targetSucc=10, maxTrials=10, V1=2/2, V2Score=0.000(0)
[2025-12-07 20:24:11.702] [CORC] [info] TRPPPP
[2025-12-07 20:24:11.702] [CORC] [info] EndPosX=0.04592781356464892, EndPosY=0.04886501344318581
[2025-12-07 20:24:11.702] [CORC] [info] TREEEEEE
[2025-12-07 20:24:11.702] [CORC] [info] [TREN SEND] (t=26.6864, dur=0.501308, reached=0, dist=0.339957, effort=199.352, trialScore=0, mode=1, cur=3, max=10, v1_suc=2, v1_tar=10, v2_sco=0, dirCode=-1)
[2025-12-07 20:24:11.702] [CORC] [info] TRIAL: finished (reachedC=false, timeout=true) -> WAIT_START. Awaiting STRT.
[2025-12-07 20:24:13.052] [CORC] [info] WAIT_START cfg: pLeft=0.500, mode=1, targetSucc=10, maxTrials=10, V1=2/3, V2Score=0.000(0), finishedFlag=0
[2025-12-07 20:24:13.052] [CORC] [info] F=(0.000,0.000), |F|=0.000
[2025-12-07 20:24:13.747] [CORC] [info] GLOBAL: RSTA -> TO_A
[2025-12-07 20:24:15.273] [CORC] [info] TO_A -> WAIT_START (betweenTrials=1)
[2025-12-07 20:24:15.275] [CORC] [info] HLKD -> k_hold=1000.0, d_hold=35.0
[2025-12-07 20:24:17.054] [CORC] [info] WAIT_START cfg: pLeft=0.500, mode=1, targetSucc=10, maxTrials=10, V1=2/3, V2Score=0.000(0), finishedFlag=0
[2025-12-07 20:24:17.054] [CORC] [info] F=(3.444,1.033), |F|=3.595
[2025-12-07 20:24:18.769] [CORC] [info] GLOBAL: STRT captured (pendingStart=1, t=33.753)
[2025-12-07 20:24:18.769] [CORC] [info] meanNorm =3.918
[2025-12-07 20:24:18.770] [CORC] [info] WAIT_START: pendingStart consumed -> TRIAL (atA_hold=1)
[2025-12-07 20:24:18.771] [CORC] [info] TRIAL direction (deterministic): UP
[2025-12-07 20:24:18.771] [CORC] [info] TRBBBBB
[2025-12-07 20:24:18.771] [CORC] [info] TRIAL_BEGIN cfg: pLeft=0.500, mode=1, targetSucc=10, maxTrials=10, V1=2/3, V2Score=0.000(0)
[2025-12-07 20:24:19.055] [CORC] [info] TRIAL status: t=0.284, n=0.123, effort=103.499, pLeft=0.500, mode=1, targetSucc=10, maxTrials=10
[2025-12-07 20:24:19.133] [CORC] [info] TRPPPP
[2025-12-07 20:24:19.133] [CORC] [info] EndPosX=0.31575277199411345, EndPosY=0.1701796955398201
[2025-12-07 20:24:19.271] [CORC] [info] TRPPPP
[2025-12-07 20:24:19.271] [CORC] [info] EndPosX=0.3157489869427236, EndPosY=0.26113069538693956
[2025-12-07 20:24:19.271] [CORC] [info] TREEEEEE
[2025-12-07 20:24:19.271] [CORC] [info] [TREN SEND] (t=34.2555, dur=0.500181, reached=1, dist=0.0119148, effort=267.66, trialScore=1, mode=1, cur=4, max=10, v1_suc=3, v1_tar=10, v2_sco=0, dirCode=1)
[2025-12-07 20:24:19.271] [CORC] [info] TRIAL: finished (reachedC=true, timeout=true) -> WAIT_START. Awaiting STRT.
[2025-12-07 20:24:21.056] [CORC] [info] WAIT_START cfg: pLeft=0.500, mode=1, targetSucc=10, maxTrials=10, V1=3/4, V2Score=0.000(0), finishedFlag=0
[2025-12-07 20:24:21.056] [CORC] [info] F=(0.000,0.000), |F|=0.000
[2025-12-07 20:24:21.330] [CORC] [info] GLOBAL: RSTA -> TO_A
[2025-12-07 20:24:23.174] [CORC] [info] TO_A -> WAIT_START (betweenTrials=1)
[2025-12-07 20:24:23.176] [CORC] [info] HLKD -> k_hold=1000.0, d_hold=35.0
[2025-12-07 20:24:25.057] [CORC] [info] WAIT_START cfg: pLeft=0.500, mode=1, targetSucc=10, maxTrials=10, V1=3/4, V2Score=0.000(0), finishedFlag=0
[2025-12-07 20:24:25.057] [CORC] [info] F=(-1.033,-2.411), |F|=2.623
[2025-12-07 20:24:26.360] [CORC] [info] GLOBAL: STRT captured (pendingStart=1, t=41.344)
[2025-12-07 20:24:26.360] [CORC] [info] meanNorm =1.747
[2025-12-07 20:24:26.361] [CORC] [info] WAIT_START: pendingStart consumed -> TRIAL (atA_hold=1)
[2025-12-07 20:24:26.362] [CORC] [info] TRIAL direction (deterministic): UP
[2025-12-07 20:24:26.362] [CORC] [info] TRBBBBB
[2025-12-07 20:24:26.362] [CORC] [info] TRIAL_BEGIN cfg: pLeft=0.500, mode=1, targetSucc=10, maxTrials=10, V1=3/4, V2Score=0.000(0)
[2025-12-07 20:24:26.718] [CORC] [info] TRPPPP
[2025-12-07 20:24:26.718] [CORC] [info] EndPosX=0.3219564712221058, EndPosY=0.17017212543704036
[2025-12-07 20:24:26.862] [CORC] [info] TRPPPP
[2025-12-07 20:24:26.862] [CORC] [info] EndPosX=0.3219564712221058, EndPosY=0.2663881317674651
[2025-12-07 20:24:26.862] [CORC] [info] TREEEEEE
[2025-12-07 20:24:26.862] [CORC] [info] [TREN SEND] (t=41.8466, dur=0.500298, reached=1, dist=0.0165045, effort=270.504, trialScore=1, mode=1, cur=5, max=10, v1_suc=4, v1_tar=10, v2_sco=0, dirCode=1)
[2025-12-07 20:24:26.862] [CORC] [info] TRIAL: finished (reachedC=true, timeout=true) -> WAIT_START. Awaiting STRT.
[2025-12-07 20:24:27.058] [CORC] [info] WAIT_START cfg: pLeft=0.500, mode=1, targetSucc=10, maxTrials=10, V1=4/5, V2Score=0.000(0), finishedFlag=0
[2025-12-07 20:24:27.059] [CORC] [info] F=(0.000,7.920), |F|=7.920
[2025-12-07 20:24:28.896] [CORC] [info] GLOBAL: RSTA -> TO_A
[2025-12-07 20:24:30.741] [CORC] [info] TO_A -> WAIT_START (betweenTrials=1)
[2025-12-07 20:24:30.743] [CORC] [info] HLKD -> k_hold=1000.0, d_hold=35.0
[2025-12-07 20:24:31.061] [CORC] [info] WAIT_START cfg: pLeft=0.500, mode=1, targetSucc=10, maxTrials=10, V1=4/5, V2Score=0.000(0), finishedFlag=0
[2025-12-07 20:24:31.061] [CORC] [info] F=(-1.722,8.954), |F|=9.118
[2025-12-07 20:24:33.062] [CORC] [info] WAIT_START cfg: pLeft=0.500, mode=1, targetSucc=10, maxTrials=10, V1=4/5, V2Score=0.000(0), finishedFlag=0
[2025-12-07 20:24:33.062] [CORC] [info] F=(-1.033,8.265), |F|=8.329
[2025-12-07 20:24:33.920] [CORC] [info] GLOBAL: STRT captured (pendingStart=1, t=48.904)
[2025-12-07 20:24:33.920] [CORC] [info] meanNorm =8.744
[2025-12-07 20:24:33.920] [CORC] [info] WAIT_START: pendingStart consumed -> TRIAL (atA_hold=1)
[2025-12-07 20:24:33.922] [CORC] [info] TRIAL direction (deterministic): SIDE
[2025-12-07 20:24:33.922] [CORC] [info] TRBBBBB
[2025-12-07 20:24:33.922] [CORC] [info] TRIAL_BEGIN cfg: pLeft=0.500, mode=1, targetSucc=10, maxTrials=10, V1=4/5, V2Score=0.000(0)
[2025-12-07 20:24:34.422] [CORC] [info] TRPPPP
[2025-12-07 20:24:34.422] [CORC] [info] EndPosX=0.04542440172979656, EndPosY=0.04117378901897562
[2025-12-07 20:24:34.423] [CORC] [info] TREEEEEE
[2025-12-07 20:24:34.423] [CORC] [info] [TREN SEND] (t=49.4068, dur=0.500339, reached=0, dist=0.344964, effort=198.242, trialScore=0, mode=1, cur=6, max=10, v1_suc=4, v1_tar=10, v2_sco=0, dirCode=-1)
[2025-12-07 20:24:34.423] [CORC] [info] TRIAL: finished (reachedC=false, timeout=true) -> WAIT_START. Awaiting STRT.
[2025-12-07 20:24:35.063] [CORC] [info] WAIT_START cfg: pLeft=0.500, mode=1, targetSucc=10, maxTrials=10, V1=4/6, V2Score=0.000(0), finishedFlag=0
[2025-12-07 20:24:35.063] [CORC] [info] F=(0.344,0.000), |F|=0.344
[2025-12-07 20:24:36.452] [CORC] [info] GLOBAL: RSTA -> TO_A
[2025-12-07 20:24:37.984] [CORC] [info] TO_A -> WAIT_START (betweenTrials=1)
[2025-12-07 20:24:37.986] [CORC] [info] HLKD -> k_hold=1000.0, d_hold=35.0
[2025-12-07 20:24:39.065] [CORC] [info] WAIT_START cfg: pLeft=0.500, mode=1, targetSucc=10, maxTrials=10, V1=4/6, V2Score=0.000(0), finishedFlag=0
[2025-12-07 20:24:39.065] [CORC] [info] F=(4.132,8.265), |F|=9.240
[2025-12-07 20:24:41.066] [CORC] [info] WAIT_START cfg: pLeft=0.500, mode=1, targetSucc=10, maxTrials=10, V1=4/6, V2Score=0.000(0), finishedFlag=0
[2025-12-07 20:24:41.066] [CORC] [info] F=(3.788,9.298), |F|=10.040
[2025-12-07 20:24:41.486] [CORC] [info] GLOBAL: STRT captured (pendingStart=1, t=56.470)
[2025-12-07 20:24:41.486] [CORC] [info] meanNorm =9.196
[2025-12-07 20:24:41.487] [CORC] [info] WAIT_START: pendingStart consumed -> TRIAL (atA_hold=1)
[2025-12-07 20:24:41.488] [CORC] [info] TRIAL direction (deterministic): SIDE
[2025-12-07 20:24:41.488] [CORC] [info] TRBBBBB
[2025-12-07 20:24:41.488] [CORC] [info] TRIAL_BEGIN cfg: pLeft=0.500, mode=1, targetSucc=10, maxTrials=10, V1=4/6, V2Score=0.000(0)
[2025-12-07 20:24:41.988] [CORC] [info] TRPPPP
[2025-12-07 20:24:41.988] [CORC] [info] EndPosX=0.03638569901079364, EndPosY=0.041260845200942566
[2025-12-07 20:24:41.988] [CORC] [info] TREEEEEE
[2025-12-07 20:24:41.988] [CORC] [info] [TREN SEND] (t=56.9725, dur=0.50022, reached=0, dist=0.352149, effort=198.928, trialScore=0, mode=1, cur=7, max=10, v1_suc=4, v1_tar=10, v2_sco=0, dirCode=-1)
[2025-12-07 20:24:41.988] [CORC] [info] TRIAL: finished (reachedC=false, timeout=true) -> WAIT_START. Awaiting STRT.
[2025-12-07 20:24:43.066] [CORC] [info] WAIT_START cfg: pLeft=0.500, mode=1, targetSucc=10, maxTrials=10, V1=4/7, V2Score=0.000(0), finishedFlag=0
[2025-12-07 20:24:43.066] [CORC] [info] F=(0.000,0.000), |F|=0.000
[2025-12-07 20:24:44.011] [CORC] [info] GLOBAL: RSTA -> TO_A
[2025-12-07 20:24:45.540] [CORC] [info] TO_A -> WAIT_START (betweenTrials=1)
[2025-12-07 20:24:45.542] [CORC] [info] HLKD -> k_hold=1000.0, d_hold=35.0
[2025-12-07 20:24:47.069] [CORC] [info] WAIT_START cfg: pLeft=0.500, mode=1, targetSucc=10, maxTrials=10, V1=4/7, V2Score=0.000(0), finishedFlag=0
[2025-12-07 20:24:47.069] [CORC] [info] F=(3.788,8.265), |F|=9.092
[2025-12-07 20:24:49.039] [CORC] [info] GLOBAL: STRT captured (pendingStart=1, t=64.024)
[2025-12-07 20:24:49.039] [CORC] [info] meanNorm =9.347
[2025-12-07 20:24:49.040] [CORC] [info] WAIT_START: pendingStart consumed -> TRIAL (atA_hold=1)
[2025-12-07 20:24:49.041] [CORC] [info] TRIAL direction (deterministic): SIDE
[2025-12-07 20:24:49.041] [CORC] [info] TRBBBBB
[2025-12-07 20:24:49.041] [CORC] [info] TRIAL_BEGIN cfg: pLeft=0.500, mode=1, targetSucc=10, maxTrials=10, V1=4/7, V2Score=0.000(0)
[2025-12-07 20:24:49.069] [CORC] [info] TRIAL status: t=0.028, n=0.209, effort=0.000, pLeft=0.500, mode=1, targetSucc=10, maxTrials=10
[2025-12-07 20:24:49.542] [CORC] [info] TRPPPP
[2025-12-07 20:24:49.542] [CORC] [info] EndPosX=0.03576495058285539, EndPosY=0.04129869571484124
[2025-12-07 20:24:49.542] [CORC] [info] TREEEEEE
[2025-12-07 20:24:49.542] [CORC] [info] [TREN SEND] (t=64.5262, dur=0.500381, reached=0, dist=0.352627, effort=198.01, trialScore=0, mode=1, cur=8, max=10, v1_suc=4, v1_tar=10, v2_sco=0, dirCode=-1)
[2025-12-07 20:24:49.542] [CORC] [info] TRIAL: finished (reachedC=false, timeout=true) -> WAIT_START. Awaiting STRT.
[2025-12-07 20:24:51.070] [CORC] [info] WAIT_START cfg: pLeft=0.500, mode=1, targetSucc=10, maxTrials=10, V1=4/8, V2Score=0.000(0), finishedFlag=0
[2025-12-07 20:24:51.070] [CORC] [info] F=(0.689,0.000), |F|=0.689
[2025-12-07 20:24:51.577] [CORC] [info] GLOBAL: RSTA -> TO_A
[2025-12-07 20:24:53.103] [CORC] [info] TO_A -> WAIT_START (betweenTrials=1)
[2025-12-07 20:24:53.105] [CORC] [info] HLKD -> k_hold=1000.0, d_hold=35.0
[2025-12-07 20:24:55.072] [CORC] [info] WAIT_START cfg: pLeft=0.500, mode=1, targetSucc=10, maxTrials=10, V1=4/8, V2Score=0.000(0), finishedFlag=0
[2025-12-07 20:24:55.072] [CORC] [info] F=(3.788,8.954), |F|=9.722
[2025-12-07 20:24:56.627] [CORC] [info] GLOBAL: STRT captured (pendingStart=1, t=71.611)
[2025-12-07 20:24:56.627] [CORC] [info] meanNorm =9.284
[2025-12-07 20:24:56.629] [CORC] [info] WAIT_START: pendingStart consumed -> TRIAL (atA_hold=1)
[2025-12-07 20:24:56.629] [CORC] [warning] Applicaton thread time overflow: 2.44ms (>2.0ms) !
[2025-12-07 20:24:56.629] [CORC] [info] TRIAL direction (deterministic): SIDE
[2025-12-07 20:24:56.629] [CORC] [info] TRBBBBB
[2025-12-07 20:24:56.629] [CORC] [info] TRIAL_BEGIN cfg: pLeft=0.500, mode=1, targetSucc=10, maxTrials=10, V1=4/8, V2Score=0.000(0)
[2025-12-07 20:24:57.074] [CORC] [info] TRIAL status: t=0.444, n=0.320, effort=173.875, pLeft=0.500, mode=1, targetSucc=10, maxTrials=10
[2025-12-07 20:24:57.129] [CORC] [info] TRPPPP
[2025-12-07 20:24:57.129] [CORC] [info] EndPosX=0.036404624267742935, EndPosY=0.04132519107457031
[2025-12-07 20:24:57.129] [CORC] [info] TREEEEEE
[2025-12-07 20:24:57.129] [CORC] [info] [TREN SEND] (t=72.114, dur=0.500194, reached=0, dist=0.352096, effort=198.787, trialScore=0, mode=1, cur=9, max=10, v1_suc=4, v1_tar=10, v2_sco=0, dirCode=-1)
[2025-12-07 20:24:57.129] [CORC] [info] TRIAL: finished (reachedC=false, timeout=true) -> WAIT_START. Awaiting STRT.
[2025-12-07 20:24:59.075] [CORC] [info] WAIT_START cfg: pLeft=0.500, mode=1, targetSucc=10, maxTrials=10, V1=4/9, V2Score=0.000(0), finishedFlag=0
[2025-12-07 20:24:59.075] [CORC] [info] F=(0.000,0.000), |F|=0.000
[2025-12-07 20:24:59.159] [CORC] [info] GLOBAL: RSTA -> TO_A
[2025-12-07 20:25:00.687] [CORC] [info] TO_A -> WAIT_START (betweenTrials=1)
[2025-12-07 20:25:00.689] [CORC] [info] HLKD -> k_hold=1000.0, d_hold=35.0
[2025-12-07 20:25:01.076] [CORC] [info] WAIT_START cfg: pLeft=0.500, mode=1, targetSucc=10, maxTrials=10, V1=4/9, V2Score=0.000(0), finishedFlag=0
[2025-12-07 20:25:01.076] [CORC] [info] F=(-3.099,9.298), |F|=9.801
[2025-12-07 20:25:03.076] [CORC] [info] WAIT_START cfg: pLeft=0.500, mode=1, targetSucc=10, maxTrials=10, V1=4/9, V2Score=0.000(0), finishedFlag=0
[2025-12-07 20:25:03.077] [CORC] [info] F=(3.788,4.477), |F|=5.864
[2025-12-07 20:25:04.191] [CORC] [info] GLOBAL: STRT captured (pendingStart=1, t=79.176)
[2025-12-07 20:25:04.191] [CORC] [info] meanNorm =5.380
[2025-12-07 20:25:04.192] [CORC] [info] WAIT_START: pendingStart consumed -> TRIAL (atA_hold=1)
[2025-12-07 20:25:04.193] [CORC] [info] TRIAL direction (deterministic): UP
[2025-12-07 20:25:04.193] [CORC] [info] TRBBBBB
[2025-12-07 20:25:04.193] [CORC] [info] TRIAL_BEGIN cfg: pLeft=0.500, mode=1, targetSucc=10, maxTrials=10, V1=4/9, V2Score=0.000(0)
[2025-12-07 20:25:04.561] [CORC] [info] TRPPPP
[2025-12-07 20:25:04.561] [CORC] [info] EndPosX=0.31570735137743505, EndPosY=0.17108432282199837
[2025-12-07 20:25:04.693] [CORC] [info] TRPPPP
[2025-12-07 20:25:04.693] [CORC] [info] EndPosX=0.31570735137743505, EndPosY=0.2574932610012771
[2025-12-07 20:25:04.693] [CORC] [info] TREEEEEE
[2025-12-07 20:25:04.693] [CORC] [info] [TREN SEND] (t=79.6777, dur=0.500224, reached=1, dist=0.00863573, effort=266.345, trialScore=1, mode=1, cur=10, max=10, v1_suc=5, v1_tar=10, v2_sco=0, dirCode=1)
[2025-12-07 20:25:04.696] [CORC] [info] SESSSSS
[2025-12-07 20:25:04.696] [CORC] [info] Exited M2 Probabilistic Move state...
[2025-12-07 20:25:04.696] [CORC] [info] Entering M2 Standby state...
[2025-12-07 20:25:04.719] [CORC] [warning] Applicaton thread time overflow: 24.017ms (>2.0ms) !
[2025-12-07 20:25:50.517] [CORC] [warning] Applicaton thread time overflow: 15.872ms (>2.0ms) !
[2025-12-07 20:26:00.009] [CORC] [info] [TRANS] accepting BGIN -> toProb
[2025-12-07 20:26:00.009] [CORC] [info] Exited M2 Standby state...
[2025-12-07 20:26:00.009] [CORC] [info] Entering M2 Probabilistic Move state...
[2025-12-07 20:26:00.032] [CORC] [info] [STATIC] Loaded 0 up and 0 left perturbation samples (hard-coded).
[2025-12-07 20:26:00.032] [CORC] [info] [SCHEDULE] Built seeded schedule (total=10, leftCount=5, seed=1661471, attempts=1)
[2025-12-07 20:26:00.032] [CORC] [warning] Applicaton thread time overflow: 23.527ms (>2.0ms) !
[2025-12-07 20:26:00.282] [CORC] [info] TO_A -> WAIT_START (betweenTrials=1)
[2025-12-07 20:26:02.033] [CORC] [info] WAIT_START cfg: pLeft=0.500, mode=1, targetSucc=10, maxTrials=10, V1=0/0, V2Score=0.000(0), finishedFlag=0
[2025-12-07 20:26:02.033] [CORC] [info] F=(-3.444,-6.543), |F|=7.394
[2025-12-07 20:26:04.034] [CORC] [info] WAIT_START cfg: pLeft=0.500, mode=1, targetSucc=10, maxTrials=10, V1=0/0, V2Score=0.000(0), finishedFlag=0
[2025-12-07 20:26:04.034] [CORC] [info] F=(-3.788,-5.854), |F|=6.973
[2025-12-07 20:26:06.035] [CORC] [info] WAIT_START cfg: pLeft=0.500, mode=1, targetSucc=10, maxTrials=10, V1=0/0, V2Score=0.000(0), finishedFlag=0
[2025-12-07 20:26:06.036] [CORC] [info] F=(-3.444,-6.199), |F|=7.091
[2025-12-07 20:26:08.036] [CORC] [info] WAIT_START cfg: pLeft=0.500, mode=1, targetSucc=10, maxTrials=10, V1=0/0, V2Score=0.000(0), finishedFlag=0
[2025-12-07 20:26:08.037] [CORC] [info] F=(-3.788,-5.854), |F|=6.973
[2025-12-07 20:26:10.037] [CORC] [info] WAIT_START cfg: pLeft=0.500, mode=1, targetSucc=10, maxTrials=10, V1=0/0, V2Score=0.000(0), finishedFlag=0
[2025-12-07 20:26:10.037] [CORC] [info] F=(-3.788,-6.199), |F|=7.264
[2025-12-07 20:26:10.896] [CORC] [info] [SCHEDULE] Built seeded schedule (total=10, leftCount=5, seed=1661471, attempts=1)
[2025-12-07 20:26:10.896] [CORC] [info] GLOBAL: S_PB applied -> pLeft=0.500
[2025-12-07 20:26:12.038] [CORC] [info] WAIT_START cfg: pLeft=0.500, mode=1, targetSucc=10, maxTrials=10, V1=0/0, V2Score=0.000(0), finishedFlag=0
[2025-12-07 20:26:12.038] [CORC] [info] F=(-3.444,-6.199), |F|=7.091
[2025-12-07 20:26:12.666] [CORC] [info] BETWEEN-TRIALS: S_MD -> mode=1 (currentMode now = 1)
[2025-12-07 20:26:12.668] [CORC] [info] BETWEEN-TRIALS: S_MT -> maxTrials=2
[2025-12-07 20:26:14.039] [CORC] [info] WAIT_START cfg: pLeft=0.500, mode=1, targetSucc=10, maxTrials=2, V1=0/0, V2Score=0.000(0), finishedFlag=0
[2025-12-07 20:26:14.039] [CORC] [info] F=(-3.788,-5.854), |F|=6.973
[2025-12-07 20:26:16.040] [CORC] [info] WAIT_START cfg: pLeft=0.500, mode=1, targetSucc=10, maxTrials=2, V1=0/0, V2Score=0.000(0), finishedFlag=0
[2025-12-07 20:26:16.040] [CORC] [info] F=(-4.477,-6.199), |F|=7.646
[2025-12-07 20:26:18.041] [CORC] [info] WAIT_START cfg: pLeft=0.500, mode=1, targetSucc=10, maxTrials=2, V1=0/0, V2Score=0.000(0), finishedFlag=0
[2025-12-07 20:26:18.041] [CORC] [info] F=(-3.788,-6.543), |F|=7.560
[2025-12-07 20:26:18.075] [CORC] [info] GLOBAL: STRT captured (pendingStart=1, t=18.066)
[2025-12-07 20:26:18.075] [CORC] [info] meanNorm =7.171
[2025-12-07 20:26:18.075] [CORC] [info] WAIT_START: pendingStart consumed -> TRIAL (atA_hold=1)
[2025-12-07 20:26:18.077] [CORC] [info] TRIAL direction (deterministic): UP
[2025-12-07 20:26:18.077] [CORC] [info] TRBBBBB
[2025-12-07 20:26:18.077] [CORC] [info] TRIAL_BEGIN cfg: pLeft=0.500, mode=1, targetSucc=10, maxTrials=2, V1=0/0, V2Score=0.000(0)
[2025-12-07 20:26:18.577] [CORC] [info] TRPPPP
[2025-12-07 20:26:18.577] [CORC] [info] EndPosX=0.3240382494865328, EndPosY=0.269556219780784
[2025-12-07 20:26:18.577] [CORC] [info] TREEEEEE
[2025-12-07 20:26:18.577] [CORC] [info] [TREN SEND] (t=18.5682, dur=0.500234, reached=1, dist=0.0199688, effort=266.987, trialScore=1, mode=1, cur=1, max=2, v1_suc=1, v1_tar=10, v2_sco=0, dirCode=1)
[2025-12-07 20:26:18.577] [CORC] [info] TRIAL: finished (reachedC=true, timeout=true) -> WAIT_START. Awaiting STRT.
[2025-12-07 20:26:20.042] [CORC] [info] WAIT_START cfg: pLeft=0.500, mode=1, targetSucc=10, maxTrials=2, V1=1/1, V2Score=0.000(0), finishedFlag=0
[2025-12-07 20:26:20.042] [CORC] [info] F=(-0.344,0.000), |F|=0.344
[2025-12-07 20:26:20.608] [CORC] [info] GLOBAL: RSTA -> TO_A
[2025-12-07 20:26:22.455] [CORC] [info] TO_A -> WAIT_START (betweenTrials=1)
[2025-12-07 20:26:22.457] [CORC] [info] HLKD -> k_hold=1000.0, d_hold=35.0
[2025-12-07 20:26:24.044] [CORC] [info] WAIT_START cfg: pLeft=0.500, mode=1, targetSucc=10, maxTrials=2, V1=1/1, V2Score=0.000(0), finishedFlag=0
[2025-12-07 20:26:24.044] [CORC] [info] F=(-3.444,8.265), |F|=8.954
[2025-12-07 20:26:25.630] [CORC] [info] GLOBAL: STRT captured (pendingStart=1, t=25.622)
[2025-12-07 20:26:25.631] [CORC] [info] meanNorm =8.992
[2025-12-07 20:26:25.632] [CORC] [info] WAIT_START: pendingStart consumed -> TRIAL (atA_hold=1)
[2025-12-07 20:26:25.632] [CORC] [info] TRIAL direction (deterministic): UP
[2025-12-07 20:26:25.632] [CORC] [info] TRBBBBB
[2025-12-07 20:26:25.633] [CORC] [info] TRIAL_BEGIN cfg: pLeft=0.500, mode=1, targetSucc=10, maxTrials=2, V1=1/1, V2Score=0.000(0)
[2025-12-07 20:26:26.001] [CORC] [info] TRPPPP
[2025-12-07 20:26:26.001] [CORC] [info] EndPosX=0.3240155391781936, EndPosY=0.17114488364423625
[2025-12-07 20:26:26.045] [CORC] [info] TRIAL status: t=0.413, n=0.050, effort=200.624, pLeft=0.500, mode=1, targetSucc=10, maxTrials=2
[2025-12-07 20:26:26.133] [CORC] [info] TRPPPP
[2025-12-07 20:26:26.133] [CORC] [info] EndPosX=0.3240155391781936, EndPosY=0.2611117701299902
[2025-12-07 20:26:26.133] [CORC] [info] TREEEEEE
[2025-12-07 20:26:26.133] [CORC] [info] [TREN SEND] (t=26.1242, dur=0.5006, reached=1, dist=0.0118151, effort=274.181, trialScore=1, mode=1, cur=2, max=2, v1_suc=2, v1_tar=10, v2_sco=0, dirCode=1)
[2025-12-07 20:26:26.135] [CORC] [info] SESSSSS
[2025-12-07 20:26:26.135] [CORC] [info] Exited M2 Probabilistic Move state...
[2025-12-07 20:26:26.135] [CORC] [info] Entering M2 Standby state...
[2025-12-07 20:26:26.159] [CORC] [warning] Applicaton thread time overflow: 23.563000000000002ms (>2.0ms) !
[2025-12-07 20:27:34.687] [CORC] [info] [TRANS] accepting BGIN -> toProb
[2025-12-07 20:27:34.688] [CORC] [info] Exited M2 Standby state...
[2025-12-07 20:27:34.688] [CORC] [info] Entering M2 Probabilistic Move state...
[2025-12-07 20:27:34.711] [CORC] [info] [STATIC] Loaded 0 up and 0 left perturbation samples (hard-coded).
[2025-12-07 20:27:34.711] [CORC] [info] [SCHEDULE] Built seeded schedule (total=10, leftCount=5, seed=1661471, attempts=1)
[2025-12-07 20:27:34.711] [CORC] [warning] Applicaton thread time overflow: 23.598000000000003ms (>2.0ms) !
[2025-12-07 20:27:34.961] [CORC] [info] TO_A -> WAIT_START (betweenTrials=1)
[2025-12-07 20:27:36.712] [CORC] [info] WAIT_START cfg: pLeft=0.500, mode=1, targetSucc=10, maxTrials=2, V1=0/0, V2Score=0.000(0), finishedFlag=0
[2025-12-07 20:27:36.712] [CORC] [info] F=(3.788,-7.232), |F|=8.164
[2025-12-07 20:27:38.713] [CORC] [info] WAIT_START cfg: pLeft=0.500, mode=1, targetSucc=10, maxTrials=2, V1=0/0, V2Score=0.000(0), finishedFlag=0
[2025-12-07 20:27:38.713] [CORC] [info] F=(3.788,-8.265), |F|=9.092
[2025-12-07 20:27:40.713] [CORC] [info] WAIT_START cfg: pLeft=0.500, mode=1, targetSucc=10, maxTrials=2, V1=0/0, V2Score=0.000(0), finishedFlag=0
[2025-12-07 20:27:40.713] [CORC] [info] F=(4.821,-7.232), |F|=8.691
[2025-12-07 20:27:41.770] [CORC] [info] GLOBAL: STRT captured (pendingStart=1, t=7.082)
[2025-12-07 20:27:41.770] [CORC] [info] meanNorm =9.328
[2025-12-07 20:27:41.771] [CORC] [info] WAIT_START: pendingStart consumed -> TRIAL (atA_hold=1)
[2025-12-07 20:27:41.772] [CORC] [info] TRIAL direction (deterministic): UP
[2025-12-07 20:27:41.772] [CORC] [info] TRBBBBB
[2025-12-07 20:27:41.772] [CORC] [info] TRIAL_BEGIN cfg: pLeft=0.500, mode=1, targetSucc=10, maxTrials=2, V1=0/0, V2Score=0.000(0)
[2025-12-07 20:27:42.272] [CORC] [info] TRPPPP
[2025-12-07 20:27:42.273] [CORC] [info] EndPosX=0.3153288462384483, EndPosY=0.2703700058296054
[2025-12-07 20:27:42.273] [CORC] [info] TREEEEEE
[2025-12-07 20:27:42.273] [CORC] [info] [TREN SEND] (t=7.58456, dur=0.500407, reached=1, dist=0.0208987, effort=266.437, trialScore=1, mode=1, cur=1, max=2, v1_suc=1, v1_tar=10, v2_sco=0, dirCode=1)
[2025-12-07 20:27:42.273] [CORC] [info] TRIAL: finished (reachedC=true, timeout=true) -> WAIT_START. Awaiting STRT.
[2025-12-07 20:27:42.714] [CORC] [info] WAIT_START cfg: pLeft=0.500, mode=1, targetSucc=10, maxTrials=2, V1=1/1, V2Score=0.000(0), finishedFlag=0
[2025-12-07 20:27:42.714] [CORC] [info] F=(0.000,-24.794), |F|=24.794
[2025-12-07 20:27:44.297] [CORC] [info] GLOBAL: RSTA -> TO_A
[2025-12-07 20:27:46.141] [CORC] [info] TO_A -> WAIT_START (betweenTrials=1)
[2025-12-07 20:27:46.143] [CORC] [info] HLKD -> k_hold=1000.0, d_hold=35.0
[2025-12-07 20:27:46.717] [CORC] [info] WAIT_START cfg: pLeft=0.500, mode=1, targetSucc=10, maxTrials=2, V1=1/1, V2Score=0.000(0), finishedFlag=0
[2025-12-07 20:27:46.717] [CORC] [info] F=(3.788,8.609), |F|=9.406
[2025-12-07 20:27:48.718] [CORC] [info] WAIT_START cfg: pLeft=0.500, mode=1, targetSucc=10, maxTrials=2, V1=1/1, V2Score=0.000(0), finishedFlag=0
[2025-12-07 20:27:48.718] [CORC] [info] F=(4.132,7.920), |F|=8.934
[2025-12-07 20:27:49.320] [CORC] [info] GLOBAL: STRT captured (pendingStart=1, t=14.633)
[2025-12-07 20:27:49.320] [CORC] [info] meanNorm =8.964
[2025-12-07 20:27:49.321] [CORC] [info] WAIT_START: pendingStart consumed -> TRIAL (atA_hold=1)
[2025-12-07 20:27:49.322] [CORC] [info] TRIAL direction (deterministic): UP
[2025-12-07 20:27:49.322] [CORC] [info] TRBBBBB
[2025-12-07 20:27:49.322] [CORC] [info] TRIAL_BEGIN cfg: pLeft=0.500, mode=1, targetSucc=10, maxTrials=2, V1=1/1, V2Score=0.000(0)
[2025-12-07 20:27:49.689] [CORC] [info] TRPPPP
[2025-12-07 20:27:49.689] [CORC] [info] EndPosX=0.3153629117009571, EndPosY=0.1706074063468751
[2025-12-07 20:27:49.822] [CORC] [info] TRPPPP
[2025-12-07 20:27:49.823] [CORC] [info] EndPosX=0.3153629117009571, EndPosY=0.2611912562091774
[2025-12-07 20:27:49.823] [CORC] [info] TREEEEEE
[2025-12-07 20:27:49.823] [CORC] [info] [TREN SEND] (t=15.1348, dur=0.500229, reached=1, dist=0.0121139, effort=275.19, trialScore=1, mode=1, cur=2, max=2, v1_suc=2, v1_tar=10, v2_sco=0, dirCode=1)
[2025-12-07 20:27:49.824] [CORC] [info] SESSSSS
[2025-12-07 20:27:49.825] [CORC] [info] Exited M2 Probabilistic Move state...
[2025-12-07 20:27:49.825] [CORC] [info] Entering M2 Standby state...
[2025-12-07 20:27:49.847] [CORC] [warning] Applicaton thread time overflow: 23.175ms (>2.0ms) !
[2025-12-07 20:27:58.970] [CORC] [info] [TRANS] accepting BGIN -> toProb
[2025-12-07 20:27:58.970] [CORC] [info] Exited M2 Standby state...
[2025-12-07 20:27:58.970] [CORC] [info] Entering M2 Probabilistic Move state...
[2025-12-07 20:27:58.993] [CORC] [info] [STATIC] Loaded 0 up and 0 left perturbation samples (hard-coded).
[2025-12-07 20:27:58.993] [CORC] [info] [SCHEDULE] Built seeded schedule (total=10, leftCount=5, seed=1661471, attempts=1)
[2025-12-07 20:27:58.994] [CORC] [warning] Applicaton thread time overflow: 23.886ms (>2.0ms) !
[2025-12-07 20:28:00.849] [CORC] [info] TO_A -> WAIT_START (betweenTrials=1)
[2025-12-07 20:28:00.995] [CORC] [info] WAIT_START cfg: pLeft=0.500, mode=1, targetSucc=10, maxTrials=2, V1=0/0, V2Score=0.000(0), finishedFlag=0
[2025-12-07 20:28:00.995] [CORC] [info] F=(3.788,1.722), |F|=4.161
[2025-12-07 20:28:02.996] [CORC] [info] WAIT_START cfg: pLeft=0.500, mode=1, targetSucc=10, maxTrials=2, V1=0/0, V2Score=0.000(0), finishedFlag=0
[2025-12-07 20:28:02.996] [CORC] [info] F=(5.165,7.920), |F|=9.456
[2025-12-07 20:28:04.997] [CORC] [info] WAIT_START cfg: pLeft=0.500, mode=1, targetSucc=10, maxTrials=2, V1=0/0, V2Score=0.000(0), finishedFlag=0
[2025-12-07 20:28:04.997] [CORC] [info] F=(4.821,7.920), |F|=9.272
[2025-12-07 20:28:05.273] [CORC] [info] GLOBAL: STRT captured (pendingStart=1, t=6.303)
[2025-12-07 20:28:05.273] [CORC] [info] meanNorm =9.049
[2025-12-07 20:28:05.275] [CORC] [info] WAIT_START: pendingStart consumed -> TRIAL (atA_hold=1)
[2025-12-07 20:28:05.275] [CORC] [info] TRIAL direction (deterministic): UP
[2025-12-07 20:28:05.275] [CORC] [info] TRBBBBB
[2025-12-07 20:28:05.275] [CORC] [info] TRIAL_BEGIN cfg: pLeft=0.500, mode=1, targetSucc=10, maxTrials=2, V1=0/0, V2Score=0.000(0)
[2025-12-07 20:28:05.775] [CORC] [info] TRPPPP
[2025-12-07 20:28:05.775] [CORC] [info] EndPosX=0.31538183695790645, EndPosY=0.26050616190761144
[2025-12-07 20:28:05.775] [CORC] [info] TREEEEEE
[2025-12-07 20:28:05.776] [CORC] [info] [TREN SEND] (t=6.80499, dur=0.500233, reached=1, dist=0.0114764, effort=274.969, trialScore=1, mode=1, cur=1, max=2, v1_suc=1, v1_tar=10, v2_sco=0, dirCode=1)
[2025-12-07 20:28:05.776] [CORC] [info] TRIAL: finished (reachedC=true, timeout=true) -> WAIT_START. Awaiting STRT.
[2025-12-07 20:28:06.999] [CORC] [info] WAIT_START cfg: pLeft=0.500, mode=1, targetSucc=10, maxTrials=2, V1=1/1, V2Score=0.000(0), finishedFlag=0
[2025-12-07 20:28:06.999] [CORC] [info] F=(0.000,0.000), |F|=0.000
[2025-12-07 20:28:07.552] [CORC] [info] GLOBAL: HALT -> finishedFlag=1
[2025-12-07 20:28:07.554] [CORC] [info] SESSSSS
[2025-12-07 20:28:07.554] [CORC] [info] Exited M2 Probabilistic Move state...
[2025-12-07 20:28:07.554] [CORC] [info] Entering M2 Standby state...
[2025-12-07 20:28:07.577] [CORC] [warning] Applicaton thread time overflow: 23.539ms (>2.0ms) !
[2025-12-07 20:28:08.434] [CORC] [info] [TRANS] accepting BGIN -> toProb
[2025-12-07 20:28:08.434] [CORC] [info] Exited M2 Standby state...
[2025-12-07 20:28:08.434] [CORC] [info] Entering M2 Probabilistic Move state...
[2025-12-07 20:28:08.457] [CORC] [info] [STATIC] Loaded 0 up and 0 left perturbation samples (hard-coded).
[2025-12-07 20:28:08.457] [CORC] [info] [SCHEDULE] Built seeded schedule (total=10, leftCount=5, seed=1661471, attempts=1)
[2025-12-07 20:28:08.457] [CORC] [warning] Applicaton thread time overflow: 23.529999999999998ms (>2.0ms) !
[2025-12-07 20:28:09.800] [CORC] [info] GLOBAL: HALT -> finishedFlag=1
[2025-12-07 20:28:09.802] [CORC] [info] SESSSSS
[2025-12-07 20:28:09.802] [CORC] [info] Exited M2 Probabilistic Move state...
[2025-12-07 20:28:09.802] [CORC] [info] Entering M2 Standby state...
[2025-12-07 20:28:09.825] [CORC] [warning] Applicaton thread time overflow: 23.139ms (>2.0ms) !
[2025-12-07 20:28:10.786] [CORC] [info] [TRANS] accepting BGIN -> toProb
[2025-12-07 20:28:10.786] [CORC] [info] Exited M2 Standby state...
[2025-12-07 20:28:10.786] [CORC] [info] Entering M2 Probabilistic Move state...
[2025-12-07 20:28:10.810] [CORC] [info] [STATIC] Loaded 0 up and 0 left perturbation samples (hard-coded).
[2025-12-07 20:28:10.810] [CORC] [info] [SCHEDULE] Built seeded schedule (total=10, leftCount=5, seed=1661471, attempts=1)
[2025-12-07 20:28:10.810] [CORC] [warning] Applicaton thread time overflow: 23.889ms (>2.0ms) !
[2025-12-07 20:28:12.579] [CORC] [info] TO_A -> WAIT_START (betweenTrials=1)
[2025-12-07 20:28:12.581] [CORC] [info] HLKD -> k_hold=1000.0, d_hold=35.0
[2025-12-07 20:28:12.811] [CORC] [info] WAIT_START cfg: pLeft=0.500, mode=1, targetSucc=10, maxTrials=2, V1=0/0, V2Score=0.000(0), finishedFlag=0
[2025-12-07 20:28:12.811] [CORC] [info] F=(4.821,3.099), |F|=5.731
[2025-12-07 20:28:14.812] [CORC] [info] WAIT_START cfg: pLeft=0.500, mode=1, targetSucc=10, maxTrials=2, V1=0/0, V2Score=0.000(0), finishedFlag=0
[2025-12-07 20:28:14.812] [CORC] [info] F=(4.132,9.642), |F|=10.490
[2025-12-07 20:28:16.813] [CORC] [info] WAIT_START cfg: pLeft=0.500, mode=1, targetSucc=10, maxTrials=2, V1=0/0, V2Score=0.000(0), finishedFlag=0
[2025-12-07 20:28:16.813] [CORC] [info] F=(4.132,9.298), |F|=10.175
[2025-12-07 20:28:18.814] [CORC] [info] WAIT_START cfg: pLeft=0.500, mode=1, targetSucc=10, maxTrials=2, V1=0/0, V2Score=0.000(0), finishedFlag=0
[2025-12-07 20:28:18.814] [CORC] [info] F=(4.132,8.954), |F|=9.861
[2025-12-07 20:28:20.814] [CORC] [info] WAIT_START cfg: pLeft=0.500, mode=1, targetSucc=10, maxTrials=2, V1=0/0, V2Score=0.000(0), finishedFlag=0
[2025-12-07 20:28:20.814] [CORC] [info] F=(4.132,9.987), |F|=10.808
[2025-12-07 20:28:22.815] [CORC] [info] WAIT_START cfg: pLeft=0.500, mode=1, targetSucc=10, maxTrials=2, V1=0/0, V2Score=0.000(0), finishedFlag=0
[2025-12-07 20:28:22.815] [CORC] [info] F=(-6.199,44.423), |F|=44.854
[2025-12-07 20:28:24.816] [CORC] [info] WAIT_START cfg: pLeft=0.500, mode=1, targetSucc=10, maxTrials=2, V1=0/0, V2Score=0.000(0), finishedFlag=0
[2025-12-07 20:28:24.816] [CORC] [info] F=(-4.821,40.635), |F|=40.920
[2025-12-07 20:28:26.817] [CORC] [info] WAIT_START cfg: pLeft=0.500, mode=1, targetSucc=10, maxTrials=2, V1=0/0, V2Score=0.000(0), finishedFlag=0
[2025-12-07 20:28:26.817] [CORC] [info] F=(-3.444,-3.444), |F|=4.870
[2025-12-07 20:28:28.818] [CORC] [info] WAIT_START cfg: pLeft=0.500, mode=1, targetSucc=10, maxTrials=2, V1=0/0, V2Score=0.000(0), finishedFlag=0
[2025-12-07 20:28:28.818] [CORC] [info] F=(-4.477,-3.444), |F|=5.648
[2025-12-07 20:28:30.819] [CORC] [info] WAIT_START cfg: pLeft=0.500, mode=1, targetSucc=10, maxTrials=2, V1=0/0, V2Score=0.000(0), finishedFlag=0
[2025-12-07 20:28:30.819] [CORC] [info] F=(-4.477,-3.444), |F|=5.648
[2025-12-07 20:28:32.819] [CORC] [info] WAIT_START cfg: pLeft=0.500, mode=1, targetSucc=10, maxTrials=2, V1=0/0, V2Score=0.000(0), finishedFlag=0
[2025-12-07 20:28:32.819] [CORC] [info] F=(-3.788,-3.444), |F|=5.119
[2025-12-07 20:28:34.820] [CORC] [info] WAIT_START cfg: pLeft=0.500, mode=1, targetSucc=10, maxTrials=2, V1=0/0, V2Score=0.000(0), finishedFlag=0
[2025-12-07 20:28:34.820] [CORC] [info] F=(-3.444,-3.444), |F|=4.870
[2025-12-07 20:28:36.801] [CORC] [info] BETWEEN-TRIALS: S_TS -> targetSucc=99
[2025-12-07 20:28:36.821] [CORC] [info] WAIT_START cfg: pLeft=0.500, mode=1, targetSucc=99, maxTrials=2, V1=0/0, V2Score=0.000(0), finishedFlag=0
[2025-12-07 20:28:36.821] [CORC] [info] F=(-3.444,-3.099), |F|=4.633
[2025-12-07 20:28:38.821] [CORC] [info] WAIT_START cfg: pLeft=0.500, mode=1, targetSucc=99, maxTrials=2, V1=0/0, V2Score=0.000(0), finishedFlag=0
[2025-12-07 20:28:38.822] [CORC] [info] F=(-3.788,-3.099), |F|=4.894
[2025-12-07 20:28:40.822] [CORC] [info] WAIT_START cfg: pLeft=0.500, mode=1, targetSucc=99, maxTrials=2, V1=0/0, V2Score=0.000(0), finishedFlag=0
[2025-12-07 20:28:40.822] [CORC] [info] F=(-3.444,-3.444), |F|=4.870
[2025-12-07 20:28:42.823] [CORC] [info] WAIT_START cfg: pLeft=0.500, mode=1, targetSucc=99, maxTrials=2, V1=0/0, V2Score=0.000(0), finishedFlag=0
[2025-12-07 20:28:42.823] [CORC] [info] F=(-3.099,-3.444), |F|=4.633
[2025-12-07 20:28:44.824] [CORC] [info] WAIT_START cfg: pLeft=0.500, mode=1, targetSucc=99, maxTrials=2, V1=0/0, V2Score=0.000(0), finishedFlag=0
[2025-12-07 20:28:44.824] [CORC] [info] F=(-3.444,-3.788), |F|=5.119
[2025-12-07 20:28:46.826] [CORC] [info] WAIT_START cfg: pLeft=0.500, mode=1, targetSucc=99, maxTrials=2, V1=0/0, V2Score=0.000(0), finishedFlag=0
[2025-12-07 20:28:46.826] [CORC] [info] F=(-3.444,-3.444), |F|=4.870
[2025-12-07 20:28:48.827] [CORC] [info] WAIT_START cfg: pLeft=0.500, mode=1, targetSucc=99, maxTrials=2, V1=0/0, V2Score=0.000(0), finishedFlag=0
[2025-12-07 20:28:48.827] [CORC] [info] F=(-3.788,-3.444), |F|=5.119
[2025-12-07 20:28:50.827] [CORC] [info] WAIT_START cfg: pLeft=0.500, mode=1, targetSucc=99, maxTrials=2, V1=0/0, V2Score=0.000(0), finishedFlag=0
[2025-12-07 20:28:50.827] [CORC] [info] F=(-4.477,-3.788), |F|=5.864
[2025-12-07 20:28:52.828] [CORC] [info] WAIT_START cfg: pLeft=0.500, mode=1, targetSucc=99, maxTrials=2, V1=0/0, V2Score=0.000(0), finishedFlag=0
[2025-12-07 20:28:52.829] [CORC] [info] F=(-3.444,-3.444), |F|=4.870
[2025-12-07 20:28:54.829] [CORC] [info] WAIT_START cfg: pLeft=0.500, mode=1, targetSucc=99, maxTrials=2, V1=0/0, V2Score=0.000(0), finishedFlag=0
[2025-12-07 20:28:54.829] [CORC] [info] F=(-3.444,-3.444), |F|=4.870
[2025-12-07 20:28:56.830] [CORC] [info] WAIT_START cfg: pLeft=0.500, mode=1, targetSucc=99, maxTrials=2, V1=0/0, V2Score=0.000(0), finishedFlag=0
[2025-12-07 20:28:56.830] [CORC] [info] F=(-4.477,-3.444), |F|=5.648
[2025-12-07 20:28:58.831] [CORC] [info] WAIT_START cfg: pLeft=0.500, mode=1, targetSucc=99, maxTrials=2, V1=0/0, V2Score=0.000(0), finishedFlag=0
[2025-12-07 20:28:58.831] [CORC] [info] F=(-3.788,-3.099), |F|=4.894
[2025-12-07 20:29:00.832] [CORC] [info] WAIT_START cfg: pLeft=0.500, mode=1, targetSucc=99, maxTrials=2, V1=0/0, V2Score=0.000(0), finishedFlag=0
[2025-12-07 20:29:00.832] [CORC] [info] F=(-3.444,-3.788), |F|=5.119
[2025-12-07 20:29:02.833] [CORC] [info] WAIT_START cfg: pLeft=0.500, mode=1, targetSucc=99, maxTrials=2, V1=0/0, V2Score=0.000(0), finishedFlag=0
[2025-12-07 20:29:02.833] [CORC] [info] F=(-3.444,-3.444), |F|=4.870
[2025-12-07 20:29:04.833] [CORC] [info] WAIT_START cfg: pLeft=0.500, mode=1, targetSucc=99, maxTrials=2, V1=0/0, V2Score=0.000(0), finishedFlag=0
[2025-12-07 20:29:04.834] [CORC] [info] F=(-3.444,-3.444), |F|=4.870
[2025-12-07 20:29:06.018] [CORC] [warning] GLOBAL: unknown cmd='BGIN' (trim='BGIN') @phase=1
[2025-12-07 20:29:06.834] [CORC] [info] WAIT_START cfg: pLeft=0.500, mode=1, targetSucc=99, maxTrials=2, V1=0/0, V2Score=0.000(0), finishedFlag=0
[2025-12-07 20:29:06.834] [CORC] [info] F=(-3.444,-3.788), |F|=5.119
[2025-12-07 20:29:08.835] [CORC] [info] WAIT_START cfg: pLeft=0.500, mode=1, targetSucc=99, maxTrials=2, V1=0/0, V2Score=0.000(0), finishedFlag=0
[2025-12-07 20:29:08.835] [CORC] [info] F=(-3.099,-3.099), |F|=4.383
[2025-12-07 20:29:10.836] [CORC] [info] WAIT_START cfg: pLeft=0.500, mode=1, targetSucc=99, maxTrials=2, V1=0/0, V2Score=0.000(0), finishedFlag=0
[2025-12-07 20:29:10.836] [CORC] [info] F=(-3.444,-3.444), |F|=4.870
[2025-12-07 20:29:11.450] [CORC] [info] GLOBAL: STRT captured (pendingStart=1, t=60.664)
[2025-12-07 20:29:11.451] [CORC] [info] meanNorm =5.089
[2025-12-07 20:29:11.452] [CORC] [info] WAIT_START: pendingStart consumed -> TRIAL (atA_hold=1)
[2025-12-07 20:29:11.452] [CORC] [info] TRIAL direction (deterministic): UP
[2025-12-07 20:29:11.452] [CORC] [info] TRBBBBB
[2025-12-07 20:29:11.452] [CORC] [info] TRIAL_BEGIN cfg: pLeft=0.500, mode=1, targetSucc=99, maxTrials=2, V1=0/0, V2Score=0.000(0)
[2025-12-07 20:29:11.811] [CORC] [info] TRPPPP
[2025-12-07 20:29:11.811] [CORC] [info] EndPosX=0.3240117541268037, EndPosY=0.17014941512870116
[2025-12-07 20:29:11.953] [CORC] [info] TRPPPP
[2025-12-07 20:29:11.953] [CORC] [info] EndPosX=0.3240155391781936, EndPosY=0.26157733145094386
[2025-12-07 20:29:11.953] [CORC] [info] TREEEEEE
[2025-12-07 20:29:11.953] [CORC] [info] [TREN SEND] (t=61.1665, dur=0.500394, reached=1, dist=0.0122539, effort=262.624, trialScore=1, mode=1, cur=1, max=2, v1_suc=1, v1_tar=99, v2_sco=0, dirCode=1)
[2025-12-07 20:29:11.953] [CORC] [info] TRIAL: finished (reachedC=true, timeout=true) -> WAIT_START. Awaiting STRT.
[2025-12-07 20:29:12.837] [CORC] [info] WAIT_START cfg: pLeft=0.500, mode=1, targetSucc=99, maxTrials=2, V1=1/1, V2Score=0.000(0), finishedFlag=0
[2025-12-07 20:29:12.837] [CORC] [info] F=(0.000,-7.576), |F|=7.576
[2025-12-07 20:29:13.455] [CORC] [info] HLKD -> k_hold=1000.0, d_hold=35.0
[2025-12-07 20:29:13.988] [CORC] [info] GLOBAL: RSTA -> TO_A
[2025-12-07 20:29:14.238] [CORC] [info] TO_A -> WAIT_START (betweenTrials=1)
[2025-12-07 20:29:14.839] [CORC] [info] WAIT_START cfg: pLeft=0.500, mode=1, targetSucc=99, maxTrials=2, V1=1/1, V2Score=0.000(0), finishedFlag=0
[2025-12-07 20:29:14.839] [CORC] [info] F=(-4.132,2.066), |F|=4.620
[2025-12-07 20:29:16.839] [CORC] [info] WAIT_START cfg: pLeft=0.500, mode=1, targetSucc=99, maxTrials=2, V1=1/1, V2Score=0.000(0), finishedFlag=0
[2025-12-07 20:29:16.839] [CORC] [info] F=(-3.444,0.000), |F|=3.444
[2025-12-07 20:29:18.840] [CORC] [info] WAIT_START cfg: pLeft=0.500, mode=1, targetSucc=99, maxTrials=2, V1=1/1, V2Score=0.000(0), finishedFlag=0
[2025-12-07 20:29:18.840] [CORC] [info] F=(3.444,0.000), |F|=3.444
[2025-12-07 20:29:19.023] [CORC] [info] GLOBAL: STRT captured (pendingStart=1, t=68.236)
[2025-12-07 20:29:19.023] [CORC] [info] meanNorm =3.360
[2025-12-07 20:29:19.025] [CORC] [info] WAIT_START: pendingStart consumed -> TRIAL (atA_hold=1)
[2025-12-07 20:29:19.025] [CORC] [warning] Applicaton thread time overflow: 2.5170000000000003ms (>2.0ms) !
[2025-12-07 20:29:19.025] [CORC] [info] TRIAL direction (deterministic): UP
[2025-12-07 20:29:19.025] [CORC] [info] TRBBBBB
[2025-12-07 20:29:19.025] [CORC] [info] TRIAL_BEGIN cfg: pLeft=0.500, mode=1, targetSucc=99, maxTrials=2, V1=1/1, V2Score=0.000(0)
[2025-12-07 20:29:19.393] [CORC] [info] TRPPPP
[2025-12-07 20:29:19.393] [CORC] [info] EndPosX=0.3160177255914041, EndPosY=0.17115623879840586
[2025-12-07 20:29:19.525] [CORC] [info] TRPPPP
[2025-12-07 20:29:19.526] [CORC] [info] EndPosX=0.31597987507750547, EndPosY=0.25891644032386724
[2025-12-07 20:29:19.526] [CORC] [info] TREEEEEE
[2025-12-07 20:29:19.526] [CORC] [info] [TREN SEND] (t=68.7391, dur=0.50025, reached=1, dist=0.00978081, effort=262.675, trialScore=1, mode=1, cur=2, max=2, v1_suc=2, v1_tar=99, v2_sco=0, dirCode=1)
[2025-12-07 20:29:19.527] [CORC] [info] SESSSSS
[2025-12-07 20:29:19.527] [CORC] [info] Exited M2 Probabilistic Move state...
[2025-12-07 20:29:19.527] [CORC] [info] Entering M2 Standby state...
[2025-12-07 20:29:19.551] [CORC] [warning] Applicaton thread time overflow: 23.523ms (>2.0ms) !
[2025-12-07 20:29:25.408] [CORC] [info] [TRANS] accepting BGIN -> toProb
[2025-12-07 20:29:25.409] [CORC] [info] Exited M2 Standby state...
[2025-12-07 20:29:25.409] [CORC] [info] Entering M2 Probabilistic Move state...
[2025-12-07 20:29:25.432] [CORC] [info] [STATIC] Loaded 0 up and 0 left perturbation samples (hard-coded).
[2025-12-07 20:29:25.432] [CORC] [info] [SCHEDULE] Built seeded schedule (total=10, leftCount=5, seed=1661471, attempts=1)
[2025-12-07 20:29:25.432] [CORC] [warning] Applicaton thread time overflow: 23.803ms (>2.0ms) !
[2025-12-07 20:29:25.682] [CORC] [info] TO_A -> WAIT_START (betweenTrials=1)
[2025-12-07 20:29:27.433] [CORC] [info] WAIT_START cfg: pLeft=0.500, mode=1, targetSucc=99, maxTrials=2, V1=0/0, V2Score=0.000(0), finishedFlag=0
[2025-12-07 20:29:27.433] [CORC] [info] F=(3.444,-5.854), |F|=6.792
[2025-12-07 20:29:28.213] [CORC] [info] [SCHEDULE] Built seeded schedule (total=10, leftCount=5, seed=1661471, attempts=1)
[2025-12-07 20:29:28.214] [CORC] [info] GLOBAL: S_PB applied -> pLeft=0.500
[2025-12-07 20:29:28.972] [CORC] [info] BETWEEN-TRIALS: S_MT -> maxTrials=10
[2025-12-07 20:29:29.434] [CORC] [info] WAIT_START cfg: pLeft=0.500, mode=1, targetSucc=99, maxTrials=10, V1=0/0, V2Score=0.000(0), finishedFlag=0
[2025-12-07 20:29:29.434] [CORC] [info] F=(3.444,-6.543), |F|=7.394
[2025-12-07 20:29:31.251] [CORC] [info] BETWEEN-TRIALS: S_TS -> targetSucc=99
[2025-12-07 20:29:31.253] [CORC] [info] BETWEEN-TRIALS: S_MT -> maxTrials=10
[2025-12-07 20:29:31.435] [CORC] [info] WAIT_START cfg: pLeft=0.500, mode=1, targetSucc=99, maxTrials=10, V1=0/0, V2Score=0.000(0), finishedFlag=0
[2025-12-07 20:29:31.435] [CORC] [info] F=(3.444,-6.543), |F|=7.394
[2025-12-07 20:29:32.023] [CORC] [info] BETWEEN-TRIALS: S_TS -> targetSucc=99
[2025-12-07 20:29:32.025] [CORC] [info] BETWEEN-TRIALS: S_MT -> maxTrials=10
[2025-12-07 20:29:32.895] [CORC] [info] BETWEEN-TRIALS: S_MT -> maxTrials=10
[2025-12-07 20:29:33.436] [CORC] [info] WAIT_START cfg: pLeft=0.500, mode=1, targetSucc=99, maxTrials=10, V1=0/0, V2Score=0.000(0), finishedFlag=0
[2025-12-07 20:29:33.436] [CORC] [info] F=(2.411,-5.854), |F|=6.331
[2025-12-07 20:29:34.199] [CORC] [info] BETWEEN-TRIALS: S_MD -> mode=1 (currentMode now = 1)
[2025-12-07 20:29:34.201] [CORC] [info] BETWEEN-TRIALS: S_MT -> maxTrials=10
[2025-12-07 20:29:35.182] [CORC] [info] BETWEEN-TRIALS: S_MD -> mode=1 (currentMode now = 1)
[2025-12-07 20:29:35.184] [CORC] [info] BETWEEN-TRIALS: S_MT -> maxTrials=10
[2025-12-07 20:29:35.438] [CORC] [info] WAIT_START cfg: pLeft=0.500, mode=1, targetSucc=99, maxTrials=10, V1=0/0, V2Score=0.000(0), finishedFlag=0
[2025-12-07 20:29:35.438] [CORC] [info] F=(3.444,-6.543), |F|=7.394
[2025-12-07 20:29:37.439] [CORC] [info] WAIT_START cfg: pLeft=0.500, mode=1, targetSucc=99, maxTrials=10, V1=0/0, V2Score=0.000(0), finishedFlag=0
[2025-12-07 20:29:37.439] [CORC] [info] F=(3.444,-6.543), |F|=7.394
[2025-12-07 20:29:39.439] [CORC] [info] WAIT_START cfg: pLeft=0.500, mode=1, targetSucc=99, maxTrials=10, V1=0/0, V2Score=0.000(0), finishedFlag=0
[2025-12-07 20:29:39.440] [CORC] [info] F=(2.755,-7.232), |F|=7.739
[2025-12-07 20:29:40.529] [CORC] [info] GLOBAL: STRT captured (pendingStart=1, t=15.120)
[2025-12-07 20:29:40.529] [CORC] [info] meanNorm =7.459
[2025-12-07 20:29:40.530] [CORC] [info] WAIT_START: pendingStart consumed -> TRIAL (atA_hold=1)
[2025-12-07 20:29:40.531] [CORC] [info] TRIAL direction (deterministic): UP
[2025-12-07 20:29:40.531] [CORC] [info] TRBBBBB
[2025-12-07 20:29:40.531] [CORC] [info] TRIAL_BEGIN cfg: pLeft=0.500, mode=1, targetSucc=99, maxTrials=10, V1=0/0, V2Score=0.000(0)
[2025-12-07 20:29:41.031] [CORC] [info] TRPPPP
[2025-12-07 20:29:41.031] [CORC] [info] EndPosX=0.31572627663438435, EndPosY=0.24457488060766033
[2025-12-07 20:29:41.031] [CORC] [info] TREEEEEE
[2025-12-07 20:29:41.031] [CORC] [info] [TREN SEND] (t=15.6224, dur=0.500251, reached=1, dist=0.00690627, effort=239.844, trialScore=1, mode=1, cur=1, max=10, v1_suc=1, v1_tar=99, v2_sco=0, dirCode=1)
[2025-12-07 20:29:41.031] [CORC] [info] TRIAL: finished (reachedC=true, timeout=true) -> WAIT_START. Awaiting STRT.
[2025-12-07 20:29:41.441] [CORC] [info] WAIT_START cfg: pLeft=0.500, mode=1, targetSucc=99, maxTrials=10, V1=1/1, V2Score=0.000(0), finishedFlag=0
[2025-12-07 20:29:41.441] [CORC] [info] F=(0.000,-7.920), |F|=7.920
[2025-12-07 20:29:42.448] [CORC] [info] HLKD -> k_hold=1000.0, d_hold=35.0
[2025-12-07 20:29:43.068] [CORC] [info] GLOBAL: RSTA -> TO_A
[2025-12-07 20:29:43.318] [CORC] [info] TO_A -> WAIT_START (betweenTrials=1)
[2025-12-07 20:29:43.442] [CORC] [info] WAIT_START cfg: pLeft=0.500, mode=1, targetSucc=99, maxTrials=10, V1=1/1, V2Score=0.000(0), finishedFlag=0
[2025-12-07 20:29:43.443] [CORC] [info] F=(2.411,30.304), |F|=30.400
[2025-12-07 20:29:45.443] [CORC] [info] WAIT_START cfg: pLeft=0.500, mode=1, targetSucc=99, maxTrials=10, V1=1/1, V2Score=0.000(0), finishedFlag=0
[2025-12-07 20:29:45.443] [CORC] [info] F=(2.066,2.411), |F|=3.175
[2025-12-07 20:29:47.444] [CORC] [info] WAIT_START cfg: pLeft=0.500, mode=1, targetSucc=99, maxTrials=10, V1=1/1, V2Score=0.000(0), finishedFlag=0
[2025-12-07 20:29:47.444] [CORC] [info] F=(-28.582,-17.907), |F|=33.729
[2025-12-07 20:29:48.095] [CORC] [info] GLOBAL: STRT captured (pendingStart=1, t=22.686)
[2025-12-07 20:29:48.095] [CORC] [info] meanNorm =34.130
[2025-12-07 20:29:48.096] [CORC] [info] WAIT_START: pendingStart consumed -> TRIAL (atA_hold=1)
[2025-12-07 20:29:48.097] [CORC] [info] TRIAL direction (deterministic): UP
[2025-12-07 20:29:48.097] [CORC] [info] TRBBBBB
[2025-12-07 20:29:48.097] [CORC] [info] TRIAL_BEGIN cfg: pLeft=0.500, mode=1, targetSucc=99, maxTrials=10, V1=1/1, V2Score=0.000(0)
[2025-12-07 20:29:48.597] [CORC] [info] TRPPPP
[2025-12-07 20:29:48.597] [CORC] [info] EndPosX=0.4079641939540587, EndPosY=0.38762332778491215
[2025-12-07 20:29:48.597] [CORC] [info] TREEEEEE
[2025-12-07 20:29:48.597] [CORC] [info] [TREN SEND] (t=23.1884, dur=0.50019, reached=0, dist=0.163334, effort=413.455, trialScore=0, mode=1, cur=2, max=10, v1_suc=1, v1_tar=99, v2_sco=0, dirCode=1)
[2025-12-07 20:29:48.597] [CORC] [info] TRIAL: finished (reachedC=false, timeout=true) -> WAIT_START. Awaiting STRT.
[2025-12-07 20:29:49.447] [CORC] [info] WAIT_START cfg: pLeft=0.500, mode=1, targetSucc=99, maxTrials=10, V1=1/2, V2Score=0.000(0), finishedFlag=0
[2025-12-07 20:29:49.447] [CORC] [info] F=(0.000,-8.954), |F|=8.954
[2025-12-07 20:29:50.635] [CORC] [info] GLOBAL: RSTA -> TO_A
[2025-12-07 20:29:53.102] [CORC] [info] TO_A -> WAIT_START (betweenTrials=1)
[2025-12-07 20:29:53.104] [CORC] [info] HLKD -> k_hold=1000.0, d_hold=35.0
[2025-12-07 20:29:53.448] [CORC] [info] WAIT_START cfg: pLeft=0.500, mode=1, targetSucc=99, maxTrials=10, V1=1/2, V2Score=0.000(0), finishedFlag=0
[2025-12-07 20:29:53.448] [CORC] [info] F=(1.377,14.808), |F|=14.872
[2025-12-07 20:29:55.450] [CORC] [info] WAIT_START cfg: pLeft=0.500, mode=1, targetSucc=99, maxTrials=10, V1=1/2, V2Score=0.000(0), finishedFlag=0
[2025-12-07 20:29:55.450] [CORC] [info] F=(-17.563,-0.344), |F|=17.566
[2025-12-07 20:29:55.668] [CORC] [info] GLOBAL: STRT captured (pendingStart=1, t=30.259)
[2025-12-07 20:29:55.668] [CORC] [info] meanNorm =17.554
[2025-12-07 20:29:55.669] [CORC] [info] WAIT_START: pendingStart consumed -> TRIAL (atA_hold=1)
[2025-12-07 20:29:55.670] [CORC] [info] TRIAL direction (deterministic): SIDE
[2025-12-07 20:29:55.670] [CORC] [info] TRBBBBB
[2025-12-07 20:29:55.670] [CORC] [info] TRIAL_BEGIN cfg: pLeft=0.500, mode=1, targetSucc=99, maxTrials=10, V1=1/2, V2Score=0.000(0)
[2025-12-07 20:29:56.170] [CORC] [info] TRPPPP
[2025-12-07 20:29:56.170] [CORC] [info] EndPosX=0.33501111346575785, EndPosY=0.05433062765015408
[2025-12-07 20:29:56.170] [CORC] [info] TREEEEEE
[2025-12-07 20:29:56.170] [CORC] [info] [TREN SEND] (t=30.7614, dur=0.500225, reached=0, dist=0.196244, effort=5.40642, trialScore=0, mode=1, cur=3, max=10, v1_suc=1, v1_tar=99, v2_sco=0, dirCode=-1)
[2025-12-07 20:29:56.170] [CORC] [info] TRIAL: finished (reachedC=false, timeout=true) -> WAIT_START. Awaiting STRT.
[2025-12-07 20:29:57.451] [CORC] [info] WAIT_START cfg: pLeft=0.500, mode=1, targetSucc=99, maxTrials=10, V1=1/3, V2Score=0.000(0), finishedFlag=0
[2025-12-07 20:29:57.451] [CORC] [info] F=(0.000,-37.192), |F|=37.192
[2025-12-07 20:29:58.209] [CORC] [info] GLOBAL: RSTA -> TO_A
[2025-12-07 20:30:01.583] [CORC] [info] TO_A -> WAIT_START (betweenTrials=1)
[2025-12-07 20:30:01.585] [CORC] [info] HLKD -> k_hold=1000.0, d_hold=35.0
[2025-12-07 20:30:03.228] [CORC] [info] GLOBAL: STRT captured (pendingStart=1, t=37.820)
[2025-12-07 20:30:03.228] [CORC] [info] meanNorm =5.906
[2025-12-07 20:30:03.229] [CORC] [info] WAIT_START: pendingStart consumed -> TRIAL (atA_hold=1)
[2025-12-07 20:30:03.230] [CORC] [info] TRIAL direction (deterministic): UP
[2025-12-07 20:30:03.230] [CORC] [info] TRBBBBB
[2025-12-07 20:30:03.230] [CORC] [info] TRIAL_BEGIN cfg: pLeft=0.500, mode=1, targetSucc=99, maxTrials=10, V1=1/3, V2Score=0.000(0)
[2025-12-07 20:30:03.454] [CORC] [info] TRIAL status: t=0.224, n=0.151, effort=69.044, pLeft=0.500, mode=1, targetSucc=99, maxTrials=10
[2025-12-07 20:30:03.592] [CORC] [info] TRPPPP
[2025-12-07 20:30:03.592] [CORC] [info] EndPosX=0.32592699013007653, EndPosY=0.17093670581779355
[2025-12-07 20:30:03.730] [CORC] [info] TRPPPP
[2025-12-07 20:30:03.730] [CORC] [info] EndPosX=0.32592320507868666, EndPosY=0.2632049035485868
[2025-12-07 20:30:03.731] [CORC] [info] TREEEEEE
[2025-12-07 20:30:03.731] [CORC] [info] [TREN SEND] (t=38.3217, dur=0.500193, reached=1, dist=0.0144725, effort=270.606, trialScore=1, mode=1, cur=4, max=10, v1_suc=2, v1_tar=99, v2_sco=0, dirCode=1)
[2025-12-07 20:30:03.731] [CORC] [info] TRIAL: finished (reachedC=true, timeout=true) -> WAIT_START. Awaiting STRT.
[2025-12-07 20:30:05.229] [CORC] [info] HLKD -> k_hold=1000.0, d_hold=35.0
[2025-12-07 20:30:05.455] [CORC] [info] WAIT_START cfg: pLeft=0.500, mode=1, targetSucc=99, maxTrials=10, V1=2/4, V2Score=0.000(0), finishedFlag=0
[2025-12-07 20:30:05.455] [CORC] [info] F=(-5.510,7.576), |F|=9.368
[2025-12-07 20:30:05.767] [CORC] [info] GLOBAL: RSTA -> TO_A
[2025-12-07 20:30:06.017] [CORC] [info] TO_A -> WAIT_START (betweenTrials=1)
[2025-12-07 20:30:07.456] [CORC] [info] WAIT_START cfg: pLeft=0.500, mode=1, targetSucc=99, maxTrials=10, V1=2/4, V2Score=0.000(0), finishedFlag=0
[2025-12-07 20:30:07.456] [CORC] [info] F=(-28.582,-13.086), |F|=31.436
[2025-12-07 20:30:09.457] [CORC] [info] WAIT_START cfg: pLeft=0.500, mode=1, targetSucc=99, maxTrials=10, V1=2/4, V2Score=0.000(0), finishedFlag=0
[2025-12-07 20:30:09.457] [CORC] [info] F=(-24.450,-30.304), |F|=38.938
[2025-12-07 20:30:10.794] [CORC] [info] GLOBAL: STRT captured (pendingStart=1, t=45.385)
[2025-12-07 20:30:10.794] [CORC] [info] meanNorm =38.737
[2025-12-07 20:30:10.795] [CORC] [info] WAIT_START: pendingStart consumed -> TRIAL (atA_hold=1)
[2025-12-07 20:30:10.796] [CORC] [info] TRIAL direction (deterministic): UP
[2025-12-07 20:30:10.796] [CORC] [info] TRBBBBB
[2025-12-07 20:30:10.796] [CORC] [info] TRIAL_BEGIN cfg: pLeft=0.500, mode=1, targetSucc=99, maxTrials=10, V1=2/4, V2Score=0.000(0)
[2025-12-07 20:30:11.096] [CORC] [info] TRPPPP
[2025-12-07 20:30:11.096] [CORC] [info] EndPosX=0.3960639923843161, EndPosY=0.22549443655133966
[2025-12-07 20:30:11.296] [CORC] [info] TRPPPP
[2025-12-07 20:30:11.296] [CORC] [info] EndPosX=0.4040163853544272, EndPosY=0.4049210126366054
[2025-12-07 20:30:11.296] [CORC] [info] TREEEEEE
[2025-12-07 20:30:11.296] [CORC] [info] [TREN SEND] (t=45.8871, dur=0.500135, reached=0, dist=0.176236, effort=391.811, trialScore=0, mode=1, cur=5, max=10, v1_suc=2, v1_tar=99, v2_sco=0, dirCode=1)
[2025-12-07 20:30:11.296] [CORC] [info] TRIAL: finished (reachedC=false, timeout=true) -> WAIT_START. Awaiting STRT.
[2025-12-07 20:30:11.458] [CORC] [info] WAIT_START cfg: pLeft=0.500, mode=1, targetSucc=99, maxTrials=10, V1=2/5, V2Score=0.000(0), finishedFlag=0
[2025-12-07 20:30:11.458] [CORC] [info] F=(0.000,-80.926), |F|=80.926
[2025-12-07 20:30:13.125] [CORC] [info] HLKD -> k_hold=1000.0, d_hold=35.0
[2025-12-07 20:30:13.321] [CORC] [info] GLOBAL: RSTA -> TO_A
[2025-12-07 20:30:13.571] [CORC] [info] TO_A -> WAIT_START (betweenTrials=1)
[2025-12-07 20:30:15.460] [CORC] [info] WAIT_START cfg: pLeft=0.500, mode=1, targetSucc=99, maxTrials=10, V1=2/5, V2Score=0.000(0), finishedFlag=0
[2025-12-07 20:30:15.460] [CORC] [info] F=(-5.165,0.344), |F|=5.177
[2025-12-07 20:30:17.460] [CORC] [info] WAIT_START cfg: pLeft=0.500, mode=1, targetSucc=99, maxTrials=10, V1=2/5, V2Score=0.000(0), finishedFlag=0
[2025-12-07 20:30:17.461] [CORC] [info] F=(-5.510,-6.543), |F|=8.554
[2025-12-07 20:30:18.353] [CORC] [info] GLOBAL: STRT captured (pendingStart=1, t=52.944)
[2025-12-07 20:30:18.353] [CORC] [info] meanNorm =8.327
[2025-12-07 20:30:18.354] [CORC] [info] WAIT_START: pendingStart consumed -> TRIAL (atA_hold=1)
[2025-12-07 20:30:18.355] [CORC] [info] TRIAL direction (deterministic): SIDE
[2025-12-07 20:30:18.355] [CORC] [info] TRBBBBB
[2025-12-07 20:30:18.355] [CORC] [info] TRIAL_BEGIN cfg: pLeft=0.500, mode=1, targetSucc=99, maxTrials=10, V1=2/5, V2Score=0.000(0)
[2025-12-07 20:30:18.855] [CORC] [info] TRPPPP
[2025-12-07 20:30:18.856] [CORC] [info] EndPosX=0.1663719338416137, EndPosY=0.10751438472917839
[2025-12-07 20:30:18.856] [CORC] [info] TREEEEEE
[2025-12-07 20:30:18.856] [CORC] [info] [TREN SEND] (t=53.4467, dur=0.500295, reached=0, dist=0.209532, effort=146.757, trialScore=0, mode=1, cur=6, max=10, v1_suc=2, v1_tar=99, v2_sco=0, dirCode=-1)
[2025-12-07 20:30:18.856] [CORC] [info] TRIAL: finished (reachedC=false, timeout=true) -> WAIT_START. Awaiting STRT.
[2025-12-07 20:30:19.462] [CORC] [info] WAIT_START cfg: pLeft=0.500, mode=1, targetSucc=99, maxTrials=10, V1=2/6, V2Score=0.000(0), finishedFlag=0
[2025-12-07 20:30:19.462] [CORC] [info] F=(0.000,-27.894), |F|=27.894
[2025-12-07 20:30:20.892] [CORC] [info] GLOBAL: RSTA -> TO_A
[2025-12-07 20:30:21.172] [CORC] [info] TO_A -> WAIT_START (betweenTrials=1)
[2025-12-07 20:30:21.174] [CORC] [info] HLKD -> k_hold=1000.0, d_hold=35.0
[2025-12-07 20:30:21.462] [CORC] [info] WAIT_START cfg: pLeft=0.500, mode=1, targetSucc=99, maxTrials=10, V1=2/6, V2Score=0.000(0), finishedFlag=0
[2025-12-07 20:30:21.462] [CORC] [info] F=(-26.516,22.384), |F|=34.701
[2025-12-07 20:30:23.463] [CORC] [info] WAIT_START cfg: pLeft=0.500, mode=1, targetSucc=99, maxTrials=10, V1=2/6, V2Score=0.000(0), finishedFlag=0
[2025-12-07 20:30:23.463] [CORC] [info] F=(3.099,7.920), |F|=8.505
[2025-12-07 20:30:25.464] [CORC] [info] WAIT_START cfg: pLeft=0.500, mode=1, targetSucc=99, maxTrials=10, V1=2/6, V2Score=0.000(0), finishedFlag=0
[2025-12-07 20:30:25.464] [CORC] [info] F=(2.411,5.854), |F|=6.331
[2025-12-07 20:30:25.908] [CORC] [info] GLOBAL: STRT captured (pendingStart=1, t=60.500)
[2025-12-07 20:30:25.909] [CORC] [info] meanNorm =6.125
[2025-12-07 20:30:25.910] [CORC] [info] WAIT_START: pendingStart consumed -> TRIAL (atA_hold=1)
[2025-12-07 20:30:25.910] [CORC] [warning] Applicaton thread time overflow: 2.4160000000000004ms (>2.0ms) !
[2025-12-07 20:30:25.911] [CORC] [info] TRIAL direction (deterministic): SIDE
[2025-12-07 20:30:25.911] [CORC] [info] TRBBBBB
[2025-12-07 20:30:25.911] [CORC] [info] TRIAL_BEGIN cfg: pLeft=0.500, mode=1, targetSucc=99, maxTrials=10, V1=2/6, V2Score=0.000(0)
[2025-12-07 20:30:26.411] [CORC] [info] TRPPPP
[2025-12-07 20:30:26.411] [CORC] [info] EndPosX=0.23349982024090887, EndPosY=0.12818455036924328
[2025-12-07 20:30:26.411] [CORC] [info] TREEEEEE
[2025-12-07 20:30:26.411] [CORC] [info] [TREN SEND] (t=61.0023, dur=0.500198, reached=0, dist=0.149403, effort=126.664, trialScore=0, mode=1, cur=7, max=10, v1_suc=2, v1_tar=99, v2_sco=0, dirCode=-1)
[2025-12-07 20:30:26.411] [CORC] [info] TRIAL: finished (reachedC=false, timeout=true) -> WAIT_START. Awaiting STRT.
[2025-12-07 20:30:27.466] [CORC] [info] WAIT_START cfg: pLeft=0.500, mode=1, targetSucc=99, maxTrials=10, V1=2/7, V2Score=0.000(0), finishedFlag=0
[2025-12-07 20:30:27.466] [CORC] [info] F=(0.000,-7.920), |F|=7.920
[2025-12-07 20:30:28.453] [CORC] [info] GLOBAL: RSTA -> TO_A
[2025-12-07 20:30:30.157] [CORC] [info] TO_A -> WAIT_START (betweenTrials=1)
[2025-12-07 20:30:30.159] [CORC] [info] HLKD -> k_hold=1000.0, d_hold=35.0
[2025-12-07 20:30:31.468] [CORC] [info] WAIT_START cfg: pLeft=0.500, mode=1, targetSucc=99, maxTrials=10, V1=2/7, V2Score=0.000(0), finishedFlag=0
[2025-12-07 20:30:31.468] [CORC] [info] F=(-3.444,6.199), |F|=7.091
[2025-12-07 20:30:33.469] [CORC] [info] WAIT_START cfg: pLeft=0.500, mode=1, targetSucc=99, maxTrials=10, V1=2/7, V2Score=0.000(0), finishedFlag=0
[2025-12-07 20:30:33.469] [CORC] [info] F=(1.722,2.411), |F|=2.962
[2025-12-07 20:30:33.481] [CORC] [info] GLOBAL: STRT captured (pendingStart=1, t=68.072)
[2025-12-07 20:30:33.481] [CORC] [info] meanNorm =2.962
[2025-12-07 20:30:33.484] [CORC] [info] WAIT_START: pendingStart consumed -> TRIAL (atA_hold=1)
[2025-12-07 20:30:33.484] [CORC] [warning] Applicaton thread time overflow: 3.12ms (>2.0ms) !
[2025-12-07 20:30:33.484] [CORC] [info] TRIAL direction (deterministic): SIDE
[2025-12-07 20:30:33.484] [CORC] [info] TRBBBBB
[2025-12-07 20:30:33.484] [CORC] [info] TRIAL_BEGIN cfg: pLeft=0.500, mode=1, targetSucc=99, maxTrials=10, V1=2/7, V2Score=0.000(0)
[2025-12-07 20:30:33.984] [CORC] [info] TRPPPP
[2025-12-07 20:30:33.984] [CORC] [info] EndPosX=0.0889487076618797, EndPosY=0.047623516587309365
[2025-12-07 20:30:33.984] [CORC] [info] TREEEEEE
[2025-12-07 20:30:33.984] [CORC] [info] [TREN SEND] (t=68.5756, dur=0.500017, reached=0, dist=0.30715, effort=175.419, trialScore=0, mode=1, cur=8, max=10, v1_suc=2, v1_tar=99, v2_sco=0, dirCode=-1)
[2025-12-07 20:30:33.984] [CORC] [info] TRIAL: finished (reachedC=false, timeout=true) -> WAIT_START. Awaiting STRT.
[2025-12-07 20:30:34.711] [CORC] [info] HLKD -> k_hold=1000.0, d_hold=35.0
[2025-12-07 20:30:35.472] [CORC] [info] WAIT_START cfg: pLeft=0.500, mode=1, targetSucc=99, maxTrials=10, V1=2/8, V2Score=0.000(0), finishedFlag=0
[2025-12-07 20:30:35.472] [CORC] [info] F=(-2.411,2.066), |F|=3.175
[2025-12-07 20:30:36.016] [CORC] [info] GLOBAL: RSTA -> TO_A
[2025-12-07 20:30:36.268] [CORC] [info] TO_A -> WAIT_START (betweenTrials=1)
[2025-12-07 20:30:37.473] [CORC] [info] WAIT_START cfg: pLeft=0.500, mode=1, targetSucc=99, maxTrials=10, V1=2/8, V2Score=0.000(0), finishedFlag=0
[2025-12-07 20:30:37.473] [CORC] [info] F=(-3.099,2.066), |F|=3.725
[2025-12-07 20:30:39.473] [CORC] [info] WAIT_START cfg: pLeft=0.500, mode=1, targetSucc=99, maxTrials=10, V1=2/8, V2Score=0.000(0), finishedFlag=0
[2025-12-07 20:30:39.473] [CORC] [info] F=(-2.411,2.066), |F|=3.175
[2025-12-07 20:30:41.056] [CORC] [info] GLOBAL: STRT captured (pendingStart=1, t=75.647)
[2025-12-07 20:30:41.056] [CORC] [info] meanNorm =3.757
[2025-12-07 20:30:41.057] [CORC] [info] WAIT_START: pendingStart consumed -> TRIAL (atA_hold=1)
[2025-12-07 20:30:41.058] [CORC] [info] TRIAL direction (deterministic): SIDE
[2025-12-07 20:30:41.058] [CORC] [info] TRBBBBB
[2025-12-07 20:30:41.058] [CORC] [info] TRIAL_BEGIN cfg: pLeft=0.500, mode=1, targetSucc=99, maxTrials=10, V1=2/8, V2Score=0.000(0)
[2025-12-07 20:30:41.474] [CORC] [info] TRIAL status: t=0.416, n=0.294, effort=158.925, pLeft=0.500, mode=1, targetSucc=99, maxTrials=10
[2025-12-07 20:30:41.558] [CORC] [info] TRPPPP
[2025-12-07 20:30:41.558] [CORC] [info] EndPosX=0.041279770457891884, EndPosY=0.04781655420819259
[2025-12-07 20:30:41.558] [CORC] [info] TREEEEEE
[2025-12-07 20:30:41.558] [CORC] [info] [TREN SEND] (t=76.1495, dur=0.500159, reached=0, dist=0.34433, effort=200.89, trialScore=0, mode=1, cur=9, max=10, v1_suc=2, v1_tar=99, v2_sco=0, dirCode=-1)
[2025-12-07 20:30:41.558] [CORC] [info] TRIAL: finished (reachedC=false, timeout=true) -> WAIT_START. Awaiting STRT.
[2025-12-07 20:30:43.475] [CORC] [info] WAIT_START cfg: pLeft=0.500, mode=1, targetSucc=99, maxTrials=10, V1=2/9, V2Score=0.000(0), finishedFlag=0
[2025-12-07 20:30:43.475] [CORC] [info] F=(0.000,0.000), |F|=0.000
[2025-12-07 20:30:43.577] [CORC] [info] GLOBAL: RSTA -> TO_A
[2025-12-07 20:30:45.096] [CORC] [info] TO_A -> WAIT_START (betweenTrials=1)
[2025-12-07 20:30:45.098] [CORC] [info] HLKD -> k_hold=1000.0, d_hold=35.0
[2025-12-07 20:30:45.476] [CORC] [info] WAIT_START cfg: pLeft=0.500, mode=1, targetSucc=99, maxTrials=10, V1=2/9, V2Score=0.000(0), finishedFlag=0
[2025-12-07 20:30:45.476] [CORC] [info] F=(-3.099,2.066), |F|=3.725
[2025-12-07 20:30:47.477] [CORC] [info] WAIT_START cfg: pLeft=0.500, mode=1, targetSucc=99, maxTrials=10, V1=2/9, V2Score=0.000(0), finishedFlag=0
[2025-12-07 20:30:47.477] [CORC] [info] F=(3.788,2.411), |F|=4.490
[2025-12-07 20:30:48.617] [CORC] [info] GLOBAL: STRT captured (pendingStart=1, t=83.209)
[2025-12-07 20:30:48.617] [CORC] [info] meanNorm =4.344
[2025-12-07 20:30:48.618] [CORC] [info] WAIT_START: pendingStart consumed -> TRIAL (atA_hold=1)
[2025-12-07 20:30:48.619] [CORC] [info] TRIAL direction (deterministic): UP
[2025-12-07 20:30:48.619] [CORC] [info] TRBBBBB
[2025-12-07 20:30:48.619] [CORC] [info] TRIAL_BEGIN cfg: pLeft=0.500, mode=1, targetSucc=99, maxTrials=10, V1=2/9, V2Score=0.000(0)
[2025-12-07 20:30:48.984] [CORC] [info] TRPPPP
[2025-12-07 20:30:48.984] [CORC] [info] EndPosX=0.31577548230245267, EndPosY=0.17159530475963045
[2025-12-07 20:30:49.121] [CORC] [info] TRPPPP
[2025-12-07 20:30:49.121] [CORC] [info] EndPosX=0.3157716972510628, EndPosY=0.2617855092773866
[2025-12-07 20:30:49.121] [CORC] [info] TREEEEEE
[2025-12-07 20:30:49.121] [CORC] [info] [TREN SEND] (t=83.7117, dur=0.501261, reached=1, dist=0.0125211, effort=268.228, trialScore=1, mode=1, cur=10, max=10, v1_suc=3, v1_tar=99, v2_sco=0, dirCode=1)
[2025-12-07 20:30:49.123] [CORC] [info] SESSSSS
[2025-12-07 20:30:49.123] [CORC] [info] Exited M2 Probabilistic Move state...
[2025-12-07 20:30:49.123] [CORC] [info] Entering M2 Standby state...
[2025-12-07 20:30:49.146] [CORC] [warning] Applicaton thread time overflow: 23.912ms (>2.0ms) !
[2025-12-07 20:31:08.825] [CORC] [critical] UI down, waiting reconnect...
[2025-12-07 20:31:08.825] [CORC] [info] UI reconnected
[2025-12-07 20:31:09.825] [CORC] [critical] UI down, waiting reconnect...
[2025-12-07 20:31:09.825] [CORC] [info] UI reconnected
[2025-12-07 20:31:10.826] [CORC] [critical] UI down, waiting reconnect...
[2025-12-07 20:31:10.826] [CORC] [info] UI reconnected
[2025-12-07 20:31:11.826] [CORC] [critical] UI down, waiting reconnect...
[2025-12-07 20:31:11.826] [CORC] [info] UI reconnected
[2025-12-07 20:31:12.827] [CORC] [critical] UI down, waiting reconnect...
[2025-12-07 20:31:12.827] [CORC] [info] UI reconnected
[2025-12-07 20:31:13.827] [CORC] [critical] UI down, waiting reconnect...
[2025-12-07 20:31:13.827] [CORC] [info] UI reconnected
[2025-12-07 20:31:14.073] [CORC] [info] Exited M2 Standby state...
[2025-12-07 20:31:14.074] [CORC] [info] Disabling robot...
[2025-12-07 20:31:14.074] [CORC] [info] CORC End application
[2025-12-07 20:31:14.575] [CORC] [info] Canopend on can0 (nodeId=80) - finished.
[2025-12-07 20:46:00.055] [CORC] [info] ===============================================
[2025-12-07 20:46:00.055] [CORC] [info] ============ Start logging session ============
[2025-12-07 20:46:00.055] [CORC] [warning] Running without root privilege: using non-RT priority threads
[2025-12-07 20:46:00.055] [CORC] [info] vcan0: -
[2025-12-07 20:46:00.055] [CORC] [info] can0: up
[2025-12-07 20:46:00.055] [CORC] [info] Using: can0 (3)
[2025-12-07 20:46:00.055] [CORC] [info] Starting CANopen device with Node ID 80
[2025-12-07 20:46:00.055] [CORC] [info] Using default robot parameters (no YAML file specified).
[2025-12-07 20:46:00.055] [CORC] [info] Could not open joystick (/dev/input/js0)
[2025-12-07 20:46:00.056] [CORC] [info] CORC Start application
[2025-12-07 20:46:00.056] [CORC] [info] Application thread running at 500Hz.
[2025-12-07 20:46:01.166] [CORC] [info] Starting logger M2MachineLog (Time (s), Position_1, Position_2, Velocity_1, Velocity_2, Force_1, Force_2)
[2025-12-07 20:46:01.166] [CORC] [info] Initialised network communication server (0.0.0.0:2048) for M2 robot (state size: 7)
[2025-12-07 20:46:01.166] [CORC] [info] Starting logger M2MachineLog (Time (s), Position_1, Position_2, Velocity_1, Velocity_2, Force_1, Force_2)
[2025-12-07 20:46:01.166] [CORC] [info] Entering M2 Calib State state...
[2025-12-07 20:46:01.189] [CORC] [critical] UI down, waiting reconnect...
[2025-12-07 20:46:01.189] [CORC] [info] UI reconnected
[2025-12-07 20:46:02.189] [CORC] [critical] UI down, waiting reconnect...
[2025-12-07 20:46:02.189] [CORC] [info] UI reconnected
[2025-12-07 20:46:03.190] [CORC] [critical] UI down, waiting reconnect...
[2025-12-07 20:46:03.190] [CORC] [info] UI reconnected
[2025-12-07 20:46:04.191] [CORC] [critical] UI down, waiting reconnect...
[2025-12-07 20:46:04.191] [CORC] [info] UI reconnected
[2025-12-07 20:46:05.192] [CORC] [critical] UI down, waiting reconnect...
[2025-12-07 20:46:05.192] [CORC] [info] UI reconnected
[2025-12-07 20:46:07.436] [CORC] [info] [FourierForceSensor::calibrate]: Force Sensor 3 succesfully zeroed with offset 1508.0431415929204.
[2025-12-07 20:46:09.438] [CORC] [info] [FourierForceSensor::calibrate]: Force Sensor 4 succesfully zeroed with offset 1502.2317002881844.
[2025-12-07 20:46:09.438] [CORC] [warning] Applicaton thread time overflow: 4003.628ms (>2.0ms) !
[2025-12-07 20:46:09.440] [CORC] [info] Exited M2 Calib State state...
[2025-12-07 20:46:09.440] [CORC] [info] Entering M2 Standby state...
[2025-12-07 20:46:09.464] [CORC] [warning] Applicaton thread time overflow: 23.867ms (>2.0ms) !
[2025-12-07 20:46:30.143] [CORC] [info] [TRANS] accepting BGIN -> toProb
[2025-12-07 20:46:30.143] [CORC] [info] Exited M2 Standby state...
[2025-12-07 20:46:30.143] [CORC] [info] Entering M2 Probabilistic Move state...
[2025-12-07 20:46:30.166] [CORC] [info] [STATIC] Loaded 0 up and 0 left perturbation samples (hard-coded).
[2025-12-07 20:46:30.166] [CORC] [info] [SCHEDULE] Built seeded schedule (total=10, leftCount=5, seed=1661471, attempts=1)
[2025-12-07 20:46:30.166] [CORC] [warning] Applicaton thread time overflow: 23.729ms (>2.0ms) !
[2025-12-07 20:46:32.239] [CORC] [info] TO_A -> WAIT_START (betweenTrials=1)
[2025-12-07 20:46:32.241] [CORC] [info] HLKD -> k_hold=1000.0, d_hold=35.0
[2025-12-07 20:46:34.168] [CORC] [info] WAIT_START cfg: pLeft=0.500, mode=1, targetSucc=10, maxTrials=10, V1=0/0, V2Score=0.000(0), finishedFlag=0
[2025-12-07 20:46:34.168] [CORC] [info] F=(0.689,-6.199), |F|=6.237
[2025-12-07 20:46:36.169] [CORC] [info] WAIT_START cfg: pLeft=0.500, mode=1, targetSucc=10, maxTrials=10, V1=0/0, V2Score=0.000(0), finishedFlag=0
[2025-12-07 20:46:36.170] [CORC] [info] F=(0.689,-5.854), |F|=5.895
[2025-12-07 20:46:38.171] [CORC] [info] WAIT_START cfg: pLeft=0.500, mode=1, targetSucc=10, maxTrials=10, V1=0/0, V2Score=0.000(0), finishedFlag=0
[2025-12-07 20:46:38.171] [CORC] [info] F=(0.689,-6.199), |F|=6.237
[2025-12-07 20:46:40.171] [CORC] [info] WAIT_START cfg: pLeft=0.500, mode=1, targetSucc=10, maxTrials=10, V1=0/0, V2Score=0.000(0), finishedFlag=0
[2025-12-07 20:46:40.172] [CORC] [info] F=(0.000,-6.199), |F|=6.199
[2025-12-07 20:46:40.384] [CORC] [info] GLOBAL: RSTA -> TO_A
[2025-12-07 20:46:40.634] [CORC] [info] TO_A -> WAIT_START (betweenTrials=1)
[2025-12-07 20:46:42.172] [CORC] [info] WAIT_START cfg: pLeft=0.500, mode=1, targetSucc=10, maxTrials=10, V1=0/0, V2Score=0.000(0), finishedFlag=0
[2025-12-07 20:46:42.172] [CORC] [info] F=(0.000,-6.199), |F|=6.199
[2025-12-07 20:46:44.173] [CORC] [info] WAIT_START cfg: pLeft=0.500, mode=1, targetSucc=10, maxTrials=10, V1=0/0, V2Score=0.000(0), finishedFlag=0
[2025-12-07 20:46:44.173] [CORC] [info] F=(0.000,-5.854), |F|=5.854
[2025-12-07 20:46:45.404] [CORC] [info] GLOBAL: STRT captured (pendingStart=1, t=15.261)
[2025-12-07 20:46:45.404] [CORC] [info] meanNorm =6.170
[2025-12-07 20:46:45.405] [CORC] [info] WAIT_START: pendingStart consumed -> TRIAL (atA_hold=1)
[2025-12-07 20:46:45.406] [CORC] [info] TRIAL direction (deterministic): UP
[2025-12-07 20:46:45.406] [CORC] [info] TRBBBBB
[2025-12-07 20:46:45.406] [CORC] [info] TRIAL_BEGIN cfg: pLeft=0.500, mode=1, targetSucc=10, maxTrials=10, V1=0/0, V2Score=0.000(0)
[2025-12-07 20:46:45.756] [CORC] [info] TRPPPP
[2025-12-07 20:46:45.756] [CORC] [info] EndPosX=0.3193939914311657, EndPosY=0.17095184602335303
[2025-12-07 20:46:45.906] [CORC] [info] TRPPPP
[2025-12-07 20:46:45.906] [CORC] [info] EndPosX=0.31939020637977583, EndPosY=0.2701769682087222
[2025-12-07 20:46:45.906] [CORC] [info] TREEEEEE
[2025-12-07 20:46:45.906] [CORC] [info] [TREN SEND] (t=15.7628, dur=0.500165, reached=1, dist=0.0201862, effort=268.653, trialScore=1, mode=1, cur=1, max=10, v1_suc=1, v1_tar=10, v2_sco=0, dirCode=1)
[2025-12-07 20:46:45.906] [CORC] [info] TRIAL: finished (reachedC=true, timeout=true) -> WAIT_START. Awaiting STRT.
[2025-12-07 20:46:46.174] [CORC] [info] WAIT_START cfg: pLeft=0.500, mode=1, targetSucc=10, maxTrials=10, V1=1/1, V2Score=0.000(0), finishedFlag=0
[2025-12-07 20:46:46.174] [CORC] [info] F=(0.000,-37.192), |F|=37.192
[2025-12-07 20:46:47.935] [CORC] [info] GLOBAL: RSTA -> TO_A
[2025-12-07 20:46:49.924] [CORC] [info] TO_A -> WAIT_START (betweenTrials=1)
[2025-12-07 20:46:49.926] [CORC] [info] HLKD -> k_hold=1000.0, d_hold=35.0
[2025-12-07 20:46:50.176] [CORC] [info] WAIT_START cfg: pLeft=0.500, mode=1, targetSucc=10, maxTrials=10, V1=1/1, V2Score=0.000(0), finishedFlag=0
[2025-12-07 20:46:50.176] [CORC] [info] F=(0.000,3.788), |F|=3.788
[2025-12-07 20:46:52.176] [CORC] [info] WAIT_START cfg: pLeft=0.500, mode=1, targetSucc=10, maxTrials=10, V1=1/1, V2Score=0.000(0), finishedFlag=0
[2025-12-07 20:46:52.177] [CORC] [info] F=(0.000,3.788), |F|=3.788
[2025-12-07 20:46:52.967] [CORC] [info] GLOBAL: STRT captured (pendingStart=1, t=22.824)
[2025-12-07 20:46:52.967] [CORC] [info] meanNorm =4.253
[2025-12-07 20:46:52.968] [CORC] [info] WAIT_START: pendingStart consumed -> TRIAL (atA_hold=1)
[2025-12-07 20:46:52.969] [CORC] [info] TRIAL direction (deterministic): UP
[2025-12-07 20:46:52.969] [CORC] [info] TRBBBBB
[2025-12-07 20:46:52.969] [CORC] [info] TRIAL_BEGIN cfg: pLeft=0.500, mode=1, targetSucc=10, maxTrials=10, V1=1/1, V2Score=0.000(0)
[2025-12-07 20:46:53.329] [CORC] [info] TRPPPP
[2025-12-07 20:46:53.329] [CORC] [info] EndPosX=0.3193939914311657, EndPosY=0.1706566120149434
[2025-12-07 20:46:53.469] [CORC] [info] TRPPPP
[2025-12-07 20:46:53.469] [CORC] [info] EndPosX=0.3193939914311657, EndPosY=0.26531317717274283
[2025-12-07 20:46:53.469] [CORC] [info] TREEEEEE
[2025-12-07 20:46:53.469] [CORC] [info] [TREN SEND] (t=23.3257, dur=0.500193, reached=1, dist=0.0153252, effort=275.309, trialScore=1, mode=1, cur=2, max=10, v1_suc=2, v1_tar=10, v2_sco=0, dirCode=1)
[2025-12-07 20:46:53.469] [CORC] [info] TRIAL: finished (reachedC=true, timeout=true) -> WAIT_START. Awaiting STRT.
[2025-12-07 20:46:54.177] [CORC] [info] WAIT_START cfg: pLeft=0.500, mode=1, targetSucc=10, maxTrials=10, V1=2/2, V2Score=0.000(0), finishedFlag=0
[2025-12-07 20:46:54.177] [CORC] [info] F=(0.000,0.000), |F|=0.000
[2025-12-07 20:46:55.492] [CORC] [info] GLOBAL: RSTA -> TO_A
[2025-12-07 20:46:57.479] [CORC] [info] TO_A -> WAIT_START (betweenTrials=1)
[2025-12-07 20:46:57.481] [CORC] [info] HLKD -> k_hold=1000.0, d_hold=35.0
[2025-12-07 20:46:58.179] [CORC] [info] WAIT_START cfg: pLeft=0.500, mode=1, targetSucc=10, maxTrials=10, V1=2/2, V2Score=0.000(0), finishedFlag=0
[2025-12-07 20:46:58.179] [CORC] [info] F=(0.689,4.477), |F|=4.529
[2025-12-07 20:47:00.180] [CORC] [info] WAIT_START cfg: pLeft=0.500, mode=1, targetSucc=10, maxTrials=10, V1=2/2, V2Score=0.000(0), finishedFlag=0
[2025-12-07 20:47:00.180] [CORC] [info] F=(0.000,4.477), |F|=4.477
[2025-12-07 20:47:00.504] [CORC] [info] GLOBAL: STRT captured (pendingStart=1, t=30.361)
[2025-12-07 20:47:00.504] [CORC] [info] meanNorm =4.218
[2025-12-07 20:47:00.505] [CORC] [info] WAIT_START: pendingStart consumed -> TRIAL (atA_hold=1)
[2025-12-07 20:47:00.506] [CORC] [info] TRIAL direction (deterministic): SIDE
[2025-12-07 20:47:00.506] [CORC] [info] TRBBBBB
[2025-12-07 20:47:00.506] [CORC] [info] TRIAL_BEGIN cfg: pLeft=0.500, mode=1, targetSucc=10, maxTrials=10, V1=2/2, V2Score=0.000(0)
[2025-12-07 20:47:01.007] [CORC] [info] TRPPPP
[2025-12-07 20:47:01.007] [CORC] [info] EndPosX=0.036294857777436795, EndPosY=0.045689355327087226
[2025-12-07 20:47:01.007] [CORC] [info] TREEEEEE
[2025-12-07 20:47:01.007] [CORC] [info] [TREN SEND] (t=30.8633, dur=0.500289, reached=0, dist=0.349616, effort=199.908, trialScore=0, mode=1, cur=3, max=10, v1_suc=2, v1_tar=10, v2_sco=0, dirCode=-1)
[2025-12-07 20:47:01.007] [CORC] [info] TRIAL: finished (reachedC=false, timeout=true) -> WAIT_START. Awaiting STRT.
[2025-12-07 20:47:02.181] [CORC] [info] WAIT_START cfg: pLeft=0.500, mode=1, targetSucc=10, maxTrials=10, V1=2/3, V2Score=0.000(0), finishedFlag=0
[2025-12-07 20:47:02.181] [CORC] [info] F=(0.000,0.000), |F|=0.000
[2025-12-07 20:47:03.028] [CORC] [info] GLOBAL: RSTA -> TO_A
[2025-12-07 20:47:04.794] [CORC] [info] TO_A -> WAIT_START (betweenTrials=1)
[2025-12-07 20:47:04.796] [CORC] [info] HLKD -> k_hold=1000.0, d_hold=35.0
[2025-12-07 20:47:06.183] [CORC] [info] WAIT_START cfg: pLeft=0.500, mode=1, targetSucc=10, maxTrials=10, V1=2/3, V2Score=0.000(0), finishedFlag=0
[2025-12-07 20:47:06.183] [CORC] [info] F=(-1.033,3.788), |F|=3.926
[2025-12-07 20:47:08.051] [CORC] [info] GLOBAL: STRT captured (pendingStart=1, t=37.908)
[2025-12-07 20:47:08.051] [CORC] [info] meanNorm =4.544
[2025-12-07 20:47:08.052] [CORC] [info] WAIT_START: pendingStart consumed -> TRIAL (atA_hold=1)
[2025-12-07 20:47:08.053] [CORC] [info] TRIAL direction (deterministic): UP
[2025-12-07 20:47:08.053] [CORC] [info] TRBBBBB
[2025-12-07 20:47:08.053] [CORC] [info] TRIAL_BEGIN cfg: pLeft=0.500, mode=1, targetSucc=10, maxTrials=10, V1=2/3, V2Score=0.000(0)
[2025-12-07 20:47:08.183] [CORC] [info] TRIAL status: t=0.130, n=0.185, effort=26.029, pLeft=0.500, mode=1, targetSucc=10, maxTrials=10
[2025-12-07 20:47:08.415] [CORC] [info] TRPPPP
[2025-12-07 20:47:08.415] [CORC] [info] EndPosX=0.32192619081098683, EndPosY=0.17120922951786402
[2025-12-07 20:47:08.553] [CORC] [info] TRPPPP
[2025-12-07 20:47:08.553] [CORC] [info] EndPosX=0.32192619081098683, EndPosY=0.26343579168336867
[2025-12-07 20:47:08.553] [CORC] [info] TREEEEEE
[2025-12-07 20:47:08.553] [CORC] [info] [TREN SEND] (t=38.4102, dur=0.500097, reached=1, dist=0.0135732, effort=273.165, trialScore=1, mode=1, cur=4, max=10, v1_suc=3, v1_tar=10, v2_sco=0, dirCode=1)
[2025-12-07 20:47:08.553] [CORC] [info] TRIAL: finished (reachedC=true, timeout=true) -> WAIT_START. Awaiting STRT.
[2025-12-07 20:47:10.184] [CORC] [info] WAIT_START cfg: pLeft=0.500, mode=1, targetSucc=10, maxTrials=10, V1=3/4, V2Score=0.000(0), finishedFlag=0
[2025-12-07 20:47:10.184] [CORC] [info] F=(0.000,0.000), |F|=0.000
[2025-12-07 20:47:10.587] [CORC] [info] GLOBAL: RSTA -> TO_A
[2025-12-07 20:47:12.575] [CORC] [info] TO_A -> WAIT_START (betweenTrials=1)
[2025-12-07 20:47:12.577] [CORC] [info] HLKD -> k_hold=1000.0, d_hold=35.0
[2025-12-07 20:47:14.186] [CORC] [info] WAIT_START cfg: pLeft=0.500, mode=1, targetSucc=10, maxTrials=10, V1=3/4, V2Score=0.000(0), finishedFlag=0
[2025-12-07 20:47:14.186] [CORC] [info] F=(-1.033,4.477), |F|=4.594
[2025-12-07 20:47:15.608] [CORC] [info] GLOBAL: STRT captured (pendingStart=1, t=45.465)
[2025-12-07 20:47:15.608] [CORC] [info] meanNorm =4.590
[2025-12-07 20:47:15.608] [CORC] [info] WAIT_START: pendingStart consumed -> TRIAL (atA_hold=1)
[2025-12-07 20:47:15.610] [CORC] [info] TRIAL direction (deterministic): UP
[2025-12-07 20:47:15.610] [CORC] [info] TRBBBBB
[2025-12-07 20:47:15.610] [CORC] [info] TRIAL_BEGIN cfg: pLeft=0.500, mode=1, targetSucc=10, maxTrials=10, V1=3/4, V2Score=0.000(0)
[2025-12-07 20:47:15.970] [CORC] [info] TRPPPP
[2025-12-07 20:47:15.970] [CORC] [info] EndPosX=0.3219186207082071, EndPosY=0.17060362129548526
[2025-12-07 20:47:16.110] [CORC] [info] TRPPPP
[2025-12-07 20:47:16.110] [CORC] [info] EndPosX=0.3219186207082071, EndPosY=0.2647227091559235
[2025-12-07 20:47:16.110] [CORC] [info] TREEEEEE
[2025-12-07 20:47:16.110] [CORC] [info] [TREN SEND] (t=45.967, dur=0.500059, reached=1, dist=0.0148472, effort=275.324, trialScore=1, mode=1, cur=5, max=10, v1_suc=4, v1_tar=10, v2_sco=0, dirCode=1)
[2025-12-07 20:47:16.110] [CORC] [info] TRIAL: finished (reachedC=true, timeout=true) -> WAIT_START. Awaiting STRT.
[2025-12-07 20:47:16.186] [CORC] [info] WAIT_START cfg: pLeft=0.500, mode=1, targetSucc=10, maxTrials=10, V1=4/5, V2Score=0.000(0), finishedFlag=0
[2025-12-07 20:47:16.186] [CORC] [info] F=(0.000,8.609), |F|=8.609
[2025-12-07 20:47:18.129] [CORC] [info] GLOBAL: RSTA -> TO_A
[2025-12-07 20:47:20.115] [CORC] [info] TO_A -> WAIT_START (betweenTrials=1)
[2025-12-07 20:47:20.117] [CORC] [info] HLKD -> k_hold=1000.0, d_hold=35.0
[2025-12-07 20:47:20.187] [CORC] [info] WAIT_START cfg: pLeft=0.500, mode=1, targetSucc=10, maxTrials=10, V1=4/5, V2Score=0.000(0), finishedFlag=0
[2025-12-07 20:47:20.187] [CORC] [info] F=(-1.722,5.165), |F|=5.445
[2025-12-07 20:47:22.188] [CORC] [info] WAIT_START cfg: pLeft=0.500, mode=1, targetSucc=10, maxTrials=10, V1=4/5, V2Score=0.000(0), finishedFlag=0
[2025-12-07 20:47:22.188] [CORC] [info] F=(-1.722,3.788), |F|=4.161
[2025-12-07 20:47:23.142] [CORC] [info] GLOBAL: STRT captured (pendingStart=1, t=52.999)
[2025-12-07 20:47:23.142] [CORC] [info] meanNorm =4.561
[2025-12-07 20:47:23.143] [CORC] [info] WAIT_START: pendingStart consumed -> TRIAL (atA_hold=1)
[2025-12-07 20:47:23.144] [CORC] [info] TRIAL direction (deterministic): SIDE
[2025-12-07 20:47:23.144] [CORC] [info] TRBBBBB
[2025-12-07 20:47:23.144] [CORC] [info] TRIAL_BEGIN cfg: pLeft=0.500, mode=1, targetSucc=10, maxTrials=10, V1=4/5, V2Score=0.000(0)
[2025-12-07 20:47:23.644] [CORC] [info] TRPPPP
[2025-12-07 20:47:23.644] [CORC] [info] EndPosX=0.04033350761042509, EndPosY=0.045651504813188554
[2025-12-07 20:47:23.644] [CORC] [info] TREEEEEE
[2025-12-07 20:47:23.644] [CORC] [info] [TREN SEND] (t=53.5011, dur=0.500109, reached=0, dist=0.346369, effort=200.493, trialScore=0, mode=1, cur=6, max=10, v1_suc=4, v1_tar=10, v2_sco=0, dirCode=-1)
[2025-12-07 20:47:23.644] [CORC] [info] TRIAL: finished (reachedC=false, timeout=true) -> WAIT_START. Awaiting STRT.
[2025-12-07 20:47:24.188] [CORC] [info] WAIT_START cfg: pLeft=0.500, mode=1, targetSucc=10, maxTrials=10, V1=4/6, V2Score=0.000(0), finishedFlag=0
[2025-12-07 20:47:24.188] [CORC] [info] F=(0.000,0.000), |F|=0.000
[2025-12-07 20:47:25.685] [CORC] [info] GLOBAL: RSTA -> TO_A
[2025-12-07 20:47:27.455] [CORC] [info] TO_A -> WAIT_START (betweenTrials=1)
[2025-12-07 20:47:27.457] [CORC] [info] HLKD -> k_hold=1000.0, d_hold=35.0
[2025-12-07 20:47:28.190] [CORC] [info] WAIT_START cfg: pLeft=0.500, mode=1, targetSucc=10, maxTrials=10, V1=4/6, V2Score=0.000(0), finishedFlag=0
[2025-12-07 20:47:28.190] [CORC] [info] F=(-1.722,3.788), |F|=4.161
[2025-12-07 20:47:30.191] [CORC] [info] WAIT_START cfg: pLeft=0.500, mode=1, targetSucc=10, maxTrials=10, V1=4/6, V2Score=0.000(0), finishedFlag=0
[2025-12-07 20:47:30.191] [CORC] [info] F=(-1.722,3.788), |F|=4.161
[2025-12-07 20:47:30.703] [CORC] [info] GLOBAL: STRT captured (pendingStart=1, t=60.560)
[2025-12-07 20:47:30.703] [CORC] [info] meanNorm =4.513
[2025-12-07 20:47:30.704] [CORC] [info] WAIT_START: pendingStart consumed -> TRIAL (atA_hold=1)
[2025-12-07 20:47:30.705] [CORC] [info] TRIAL direction (deterministic): SIDE
[2025-12-07 20:47:30.705] [CORC] [info] TRBBBBB
[2025-12-07 20:47:30.705] [CORC] [info] TRIAL_BEGIN cfg: pLeft=0.500, mode=1, targetSucc=10, maxTrials=10, V1=4/6, V2Score=0.000(0)
[2025-12-07 20:47:31.205] [CORC] [info] TRPPPP
[2025-12-07 20:47:31.205] [CORC] [info] EndPosX=0.03890654323644516, EndPosY=0.04564771976179869
[2025-12-07 20:47:31.205] [CORC] [info] TREEEEEE
[2025-12-07 20:47:31.205] [CORC] [info] [TREN SEND] (t=61.0621, dur=0.500207, reached=0, dist=0.347525, effort=200.756, trialScore=0, mode=1, cur=7, max=10, v1_suc=4, v1_tar=10, v2_sco=0, dirCode=-1)
[2025-12-07 20:47:31.206] [CORC] [info] TRIAL: finished (reachedC=false, timeout=true) -> WAIT_START. Awaiting STRT.
[2025-12-07 20:47:32.192] [CORC] [info] WAIT_START cfg: pLeft=0.500, mode=1, targetSucc=10, maxTrials=10, V1=4/7, V2Score=0.000(0), finishedFlag=0
[2025-12-07 20:47:32.192] [CORC] [info] F=(0.000,0.000), |F|=0.000
[2025-12-07 20:47:33.228] [CORC] [info] GLOBAL: RSTA -> TO_A
[2025-12-07 20:47:35.001] [CORC] [info] TO_A -> WAIT_START (betweenTrials=1)
[2025-12-07 20:47:35.003] [CORC] [info] HLKD -> k_hold=1000.0, d_hold=35.0
[2025-12-07 20:47:36.195] [CORC] [info] WAIT_START cfg: pLeft=0.500, mode=1, targetSucc=10, maxTrials=10, V1=4/7, V2Score=0.000(0), finishedFlag=0
[2025-12-07 20:47:36.195] [CORC] [info] F=(-1.033,3.788), |F|=3.926
[2025-12-07 20:47:38.197] [CORC] [info] WAIT_START cfg: pLeft=0.500, mode=1, targetSucc=10, maxTrials=10, V1=4/7, V2Score=0.000(0), finishedFlag=0
[2025-12-07 20:47:38.197] [CORC] [info] F=(-1.033,4.477), |F|=4.594
[2025-12-07 20:47:38.242] [CORC] [info] GLOBAL: STRT captured (pendingStart=1, t=68.099)
[2025-12-07 20:47:38.243] [CORC] [info] meanNorm =4.416
[2025-12-07 20:47:38.243] [CORC] [info] WAIT_START: pendingStart consumed -> TRIAL (atA_hold=1)
[2025-12-07 20:47:38.244] [CORC] [info] TRIAL direction (deterministic): SIDE
[2025-12-07 20:47:38.244] [CORC] [info] TRBBBBB
[2025-12-07 20:47:38.244] [CORC] [info] TRIAL_BEGIN cfg: pLeft=0.500, mode=1, targetSucc=10, maxTrials=10, V1=4/7, V2Score=0.000(0)
[2025-12-07 20:47:38.745] [CORC] [info] TRPPPP
[2025-12-07 20:47:38.745] [CORC] [info] EndPosX=0.03802084121121624, EndPosY=0.045640149659018955
[2025-12-07 20:47:38.745] [CORC] [info] TREEEEEE
[2025-12-07 20:47:38.745] [CORC] [info] [TREN SEND] (t=68.6016, dur=0.500274, reached=0, dist=0.348246, effort=200.711, trialScore=0, mode=1, cur=8, max=10, v1_suc=4, v1_tar=10, v2_sco=0, dirCode=-1)
[2025-12-07 20:47:38.745] [CORC] [info] TRIAL: finished (reachedC=false, timeout=true) -> WAIT_START. Awaiting STRT.
[2025-12-07 20:47:40.197] [CORC] [info] WAIT_START cfg: pLeft=0.500, mode=1, targetSucc=10, maxTrials=10, V1=4/8, V2Score=0.000(0), finishedFlag=0
[2025-12-07 20:47:40.198] [CORC] [info] F=(0.000,0.000), |F|=0.000
[2025-12-07 20:47:40.760] [CORC] [info] GLOBAL: RSTA -> TO_A
[2025-12-07 20:47:42.525] [CORC] [info] TO_A -> WAIT_START (betweenTrials=1)
[2025-12-07 20:47:42.527] [CORC] [info] HLKD -> k_hold=1000.0, d_hold=35.0
[2025-12-07 20:47:44.200] [CORC] [info] WAIT_START cfg: pLeft=0.500, mode=1, targetSucc=10, maxTrials=10, V1=4/8, V2Score=0.000(0), finishedFlag=0
[2025-12-07 20:47:44.200] [CORC] [info] F=(-1.722,3.788), |F|=4.161
[2025-12-07 20:47:45.775] [CORC] [info] GLOBAL: STRT captured (pendingStart=1, t=75.632)
[2025-12-07 20:47:45.775] [CORC] [info] meanNorm =4.493
[2025-12-07 20:47:45.776] [CORC] [info] WAIT_START: pendingStart consumed -> TRIAL (atA_hold=1)
[2025-12-07 20:47:45.777] [CORC] [info] TRIAL direction (deterministic): SIDE
[2025-12-07 20:47:45.777] [CORC] [info] TRBBBBB
[2025-12-07 20:47:45.777] [CORC] [info] TRIAL_BEGIN cfg: pLeft=0.500, mode=1, targetSucc=10, maxTrials=10, V1=4/8, V2Score=0.000(0)
[2025-12-07 20:47:46.201] [CORC] [info] TRIAL status: t=0.424, n=0.304, effort=164.976, pLeft=0.500, mode=1, targetSucc=10, maxTrials=10
[2025-12-07 20:47:46.277] [CORC] [info] TRPPPP
[2025-12-07 20:47:46.277] [CORC] [info] EndPosX=0.03765747627778904, EndPosY=0.045636364607629085
[2025-12-07 20:47:46.277] [CORC] [info] TREEEEEE
[2025-12-07 20:47:46.278] [CORC] [info] [TREN SEND] (t=76.1341, dur=0.500119, reached=0, dist=0.348542, effort=200.749, trialScore=0, mode=1, cur=9, max=10, v1_suc=4, v1_tar=10, v2_sco=0, dirCode=-1)
[2025-12-07 20:47:46.278] [CORC] [info] TRIAL: finished (reachedC=false, timeout=true) -> WAIT_START. Awaiting STRT.
[2025-12-07 20:47:48.202] [CORC] [info] WAIT_START cfg: pLeft=0.500, mode=1, targetSucc=10, maxTrials=10, V1=4/9, V2Score=0.000(0), finishedFlag=0
[2025-12-07 20:47:48.203] [CORC] [info] F=(-0.344,0.000), |F|=0.344
[2025-12-07 20:47:48.301] [CORC] [info] GLOBAL: RSTA -> TO_A
[2025-12-07 20:47:50.033] [CORC] [info] TO_A -> WAIT_START (betweenTrials=1)
[2025-12-07 20:47:50.035] [CORC] [info] HLKD -> k_hold=1000.0, d_hold=35.0
[2025-12-07 20:47:50.203] [CORC] [info] WAIT_START cfg: pLeft=0.500, mode=1, targetSucc=10, maxTrials=10, V1=4/9, V2Score=0.000(0), finishedFlag=0
[2025-12-07 20:47:50.203] [CORC] [info] F=(-7.232,4.477), |F|=8.505
[2025-12-07 20:47:52.204] [CORC] [info] WAIT_START cfg: pLeft=0.500, mode=1, targetSucc=10, maxTrials=10, V1=4/9, V2Score=0.000(0), finishedFlag=0
[2025-12-07 20:47:52.205] [CORC] [info] F=(-2.066,3.788), |F|=4.315
[2025-12-07 20:47:53.327] [CORC] [info] GLOBAL: STRT captured (pendingStart=1, t=83.184)
[2025-12-07 20:47:53.327] [CORC] [info] meanNorm =4.575
[2025-12-07 20:47:53.328] [CORC] [info] WAIT_START: pendingStart consumed -> TRIAL (atA_hold=1)
[2025-12-07 20:47:53.329] [CORC] [info] TRIAL direction (deterministic): UP
[2025-12-07 20:47:53.329] [CORC] [info] TRBBBBB
[2025-12-07 20:47:53.329] [CORC] [info] TRIAL_BEGIN cfg: pLeft=0.500, mode=1, targetSucc=10, maxTrials=10, V1=4/9, V2Score=0.000(0)
[2025-12-07 20:47:53.712] [CORC] [info] TRPPPP
[2025-12-07 20:47:53.712] [CORC] [info] EndPosX=0.3220170320443437, EndPosY=0.17010399451202277
[2025-12-07 20:47:53.830] [CORC] [info] TRPPPP
[2025-12-07 20:47:53.830] [CORC] [info] EndPosX=0.3220170320443437, EndPosY=0.244128244543656
[2025-12-07 20:47:53.830] [CORC] [info] TREEEEEE
[2025-12-07 20:47:53.830] [CORC] [info] [TREN SEND] (t=83.6865, dur=0.500826, reached=1, dist=0.00620854, effort=251.568, trialScore=1, mode=1, cur=10, max=10, v1_suc=5, v1_tar=10, v2_sco=0, dirCode=1)
[2025-12-07 20:47:53.832] [CORC] [info] SESSSSS
[2025-12-07 20:47:53.832] [CORC] [info] Exited M2 Probabilistic Move state...
[2025-12-07 20:47:53.832] [CORC] [info] Entering M2 Standby state...
[2025-12-07 20:47:53.855] [CORC] [warning] Applicaton thread time overflow: 23.289ms (>2.0ms) !
[2025-12-07 20:48:27.397] [CORC] [info] [TRANS] accepting BGIN -> toProb
[2025-12-07 20:48:27.397] [CORC] [info] Exited M2 Standby state...
[2025-12-07 20:48:27.397] [CORC] [info] Entering M2 Probabilistic Move state...
[2025-12-07 20:48:27.421] [CORC] [info] [STATIC] Loaded 0 up and 0 left perturbation samples (hard-coded).
[2025-12-07 20:48:27.421] [CORC] [info] [SCHEDULE] Built seeded schedule (total=10, leftCount=5, seed=1661471, attempts=1)
[2025-12-07 20:48:27.421] [CORC] [warning] Applicaton thread time overflow: 23.839ms (>2.0ms) !
[2025-12-07 20:48:27.671] [CORC] [info] TO_A -> WAIT_START (betweenTrials=1)
[2025-12-07 20:48:29.422] [CORC] [info] WAIT_START cfg: pLeft=0.500, mode=1, targetSucc=10, maxTrials=10, V1=0/0, V2Score=0.000(0), finishedFlag=0
[2025-12-07 20:48:29.422] [CORC] [info] F=(-2.066,-6.199), |F|=6.534
[2025-12-07 20:48:31.423] [CORC] [info] WAIT_START cfg: pLeft=0.500, mode=1, targetSucc=10, maxTrials=10, V1=0/0, V2Score=0.000(0), finishedFlag=0
[2025-12-07 20:48:31.423] [CORC] [info] F=(-1.722,-6.887), |F|=7.099
[2025-12-07 20:48:33.423] [CORC] [info] WAIT_START cfg: pLeft=0.500, mode=1, targetSucc=10, maxTrials=10, V1=0/0, V2Score=0.000(0), finishedFlag=0
[2025-12-07 20:48:33.424] [CORC] [info] F=(-2.755,-5.854), |F|=6.470
[2025-12-07 20:48:35.424] [CORC] [info] WAIT_START cfg: pLeft=0.500, mode=1, targetSucc=10, maxTrials=10, V1=0/0, V2Score=0.000(0), finishedFlag=0
[2025-12-07 20:48:35.424] [CORC] [info] F=(-2.411,-5.854), |F|=6.331
[2025-12-07 20:48:37.425] [CORC] [info] WAIT_START cfg: pLeft=0.500, mode=1, targetSucc=10, maxTrials=10, V1=0/0, V2Score=0.000(0), finishedFlag=0
[2025-12-07 20:48:37.425] [CORC] [info] F=(-2.411,-5.165), |F|=5.700
[2025-12-07 20:48:39.357] [CORC] [info] BETWEEN-TRIALS: S_TS -> targetSucc=99
[2025-12-07 20:48:39.359] [CORC] [info] BETWEEN-TRIALS: S_MT -> maxTrials=5
[2025-12-07 20:48:39.426] [CORC] [info] WAIT_START cfg: pLeft=0.500, mode=1, targetSucc=99, maxTrials=5, V1=0/0, V2Score=0.000(0), finishedFlag=0
[2025-12-07 20:48:39.426] [CORC] [info] F=(-1.722,-5.854), |F|=6.102
[2025-12-07 20:48:41.428] [CORC] [info] WAIT_START cfg: pLeft=0.500, mode=1, targetSucc=99, maxTrials=5, V1=0/0, V2Score=0.000(0), finishedFlag=0
[2025-12-07 20:48:41.428] [CORC] [info] F=(-2.066,-6.543), |F|=6.861
[2025-12-07 20:48:43.429] [CORC] [info] WAIT_START cfg: pLeft=0.500, mode=1, targetSucc=99, maxTrials=5, V1=0/0, V2Score=0.000(0), finishedFlag=0
[2025-12-07 20:48:43.429] [CORC] [info] F=(-2.411,-5.854), |F|=6.331
[2025-12-07 20:48:43.553] [CORC] [info] GLOBAL: STRT captured (pendingStart=1, t=16.155)
[2025-12-07 20:48:43.553] [CORC] [info] meanNorm =6.467
[2025-12-07 20:48:43.554] [CORC] [info] WAIT_START: pendingStart consumed -> TRIAL (atA_hold=1)
[2025-12-07 20:48:43.555] [CORC] [info] TRIAL direction (deterministic): UP
[2025-12-07 20:48:43.555] [CORC] [info] TRBBBBB
[2025-12-07 20:48:43.555] [CORC] [info] TRIAL_BEGIN cfg: pLeft=0.500, mode=1, targetSucc=99, maxTrials=5, V1=0/0, V2Score=0.000(0)
[2025-12-07 20:48:44.055] [CORC] [info] TRPPPP
[2025-12-07 20:48:44.055] [CORC] [info] EndPosX=0.32220628461383705, EndPosY=0.26996879038227956
[2025-12-07 20:48:44.055] [CORC] [info] TREEEEEE
[2025-12-07 20:48:44.055] [CORC] [info] [TREN SEND] (t=16.6575, dur=0.500196, reached=1, dist=0.0200903, effort=268.606, trialScore=1, mode=1, cur=1, max=5, v1_suc=1, v1_tar=99, v2_sco=0, dirCode=1)
[2025-12-07 20:48:44.055] [CORC] [info] TRIAL: finished (reachedC=true, timeout=true) -> WAIT_START. Awaiting STRT.
[2025-12-07 20:48:45.429] [CORC] [info] WAIT_START cfg: pLeft=0.500, mode=1, targetSucc=99, maxTrials=5, V1=1/1, V2Score=0.000(0), finishedFlag=0
[2025-12-07 20:48:45.430] [CORC] [info] F=(0.000,0.344), |F|=0.344
[2025-12-07 20:48:46.098] [CORC] [info] GLOBAL: RSTA -> TO_A
[2025-12-07 20:48:48.095] [CORC] [info] TO_A -> WAIT_START (betweenTrials=1)
[2025-12-07 20:48:48.097] [CORC] [info] HLKD -> k_hold=1000.0, d_hold=35.0
[2025-12-07 20:48:49.431] [CORC] [info] WAIT_START cfg: pLeft=0.500, mode=1, targetSucc=99, maxTrials=5, V1=1/1, V2Score=0.000(0), finishedFlag=0
[2025-12-07 20:48:49.431] [CORC] [info] F=(-6.199,21.351), |F|=22.232
[2025-12-07 20:48:51.122] [CORC] [info] GLOBAL: STRT captured (pendingStart=1, t=23.725)
[2025-12-07 20:48:51.122] [CORC] [info] meanNorm =4.543
[2025-12-07 20:48:51.123] [CORC] [info] WAIT_START: pendingStart consumed -> TRIAL (atA_hold=1)
[2025-12-07 20:48:51.124] [CORC] [info] TRIAL direction (deterministic): UP
[2025-12-07 20:48:51.124] [CORC] [info] TRBBBBB
[2025-12-07 20:48:51.124] [CORC] [info] TRIAL_BEGIN cfg: pLeft=0.500, mode=1, targetSucc=99, maxTrials=5, V1=1/1, V2Score=0.000(0)
[2025-12-07 20:48:51.433] [CORC] [info] TRIAL status: t=0.308, n=0.114, effort=107.758, pLeft=0.500, mode=1, targetSucc=99, maxTrials=5
[2025-12-07 20:48:51.500] [CORC] [info] TRPPPP
[2025-12-07 20:48:51.501] [CORC] [info] EndPosX=0.31801244767386416, EndPosY=0.17064904191216365
[2025-12-07 20:48:51.625] [CORC] [info] TRPPPP
[2025-12-07 20:48:51.625] [CORC] [info] EndPosX=0.31801623272525403, EndPosY=0.24547193778705884
[2025-12-07 20:48:51.625] [CORC] [info] TREEEEEE
[2025-12-07 20:48:51.625] [CORC] [info] [TREN SEND] (t=24.2271, dur=0.50023, reached=1, dist=0.00494355, effort=244.428, trialScore=1, mode=1, cur=2, max=5, v1_suc=2, v1_tar=99, v2_sco=0, dirCode=1)
[2025-12-07 20:48:51.625] [CORC] [info] TRIAL: finished (reachedC=true, timeout=true) -> WAIT_START. Awaiting STRT.
[2025-12-07 20:48:53.434] [CORC] [info] WAIT_START cfg: pLeft=0.500, mode=1, targetSucc=99, maxTrials=5, V1=2/2, V2Score=0.000(0), finishedFlag=0
[2025-12-07 20:48:53.434] [CORC] [info] F=(0.000,-8.265), |F|=8.265
[2025-12-07 20:48:53.650] [CORC] [info] GLOBAL: RSTA -> TO_A
[2025-12-07 20:48:56.572] [CORC] [info] TO_A -> WAIT_START (betweenTrials=1)
[2025-12-07 20:48:56.574] [CORC] [info] HLKD -> k_hold=1000.0, d_hold=35.0
[2025-12-07 20:48:57.436] [CORC] [info] WAIT_START cfg: pLeft=0.500, mode=1, targetSucc=99, maxTrials=5, V1=2/2, V2Score=0.000(0), finishedFlag=0
[2025-12-07 20:48:57.436] [CORC] [info] F=(2.755,-5.854), |F|=6.470
[2025-12-07 20:48:58.675] [CORC] [info] GLOBAL: STRT captured (pendingStart=1, t=31.277)
[2025-12-07 20:48:58.675] [CORC] [info] meanNorm =2.006
[2025-12-07 20:48:58.676] [CORC] [info] WAIT_START: pendingStart consumed -> TRIAL (atA_hold=1)
[2025-12-07 20:48:58.677] [CORC] [info] TRIAL direction (deterministic): SIDE
[2025-12-07 20:48:58.677] [CORC] [info] TRBBBBB
[2025-12-07 20:48:58.677] [CORC] [info] TRIAL_BEGIN cfg: pLeft=0.500, mode=1, targetSucc=99, maxTrials=5, V1=2/2, V2Score=0.000(0)
[2025-12-07 20:48:59.177] [CORC] [info] TRPPPP
[2025-12-07 20:48:59.177] [CORC] [info] EndPosX=0.11081873459253247, EndPosY=0.049890762369839844
[2025-12-07 20:48:59.177] [CORC] [info] TREEEEEE
[2025-12-07 20:48:59.177] [CORC] [info] [TREN SEND] (t=31.7793, dur=0.500139, reached=0, dist=0.289483, effort=162.161, trialScore=0, mode=1, cur=3, max=5, v1_suc=2, v1_tar=99, v2_sco=0, dirCode=-1)
[2025-12-07 20:48:59.177] [CORC] [info] TRIAL: finished (reachedC=false, timeout=true) -> WAIT_START. Awaiting STRT.
[2025-12-07 20:48:59.437] [CORC] [info] WAIT_START cfg: pLeft=0.500, mode=1, targetSucc=99, maxTrials=5, V1=2/3, V2Score=0.000(0), finishedFlag=0
[2025-12-07 20:48:59.437] [CORC] [info] F=(0.000,0.000), |F|=0.000
[2025-12-07 20:49:01.202] [CORC] [info] GLOBAL: RSTA -> TO_A
[2025-12-07 20:49:05.192] [CORC] [info] TO_A -> WAIT_START (betweenTrials=1)
[2025-12-07 20:49:05.194] [CORC] [info] HLKD -> k_hold=1000.0, d_hold=35.0
[2025-12-07 20:49:05.440] [CORC] [info] WAIT_START cfg: pLeft=0.500, mode=1, targetSucc=99, maxTrials=5, V1=2/3, V2Score=0.000(0), finishedFlag=0
[2025-12-07 20:49:05.440] [CORC] [info] F=(-5.854,6.199), |F|=8.526
[2025-12-07 20:49:06.226] [CORC] [info] GLOBAL: STRT captured (pendingStart=1, t=38.829)
[2025-12-07 20:49:06.226] [CORC] [info] meanNorm =10.352
[2025-12-07 20:49:06.227] [CORC] [info] WAIT_START: pendingStart consumed -> TRIAL (atA_hold=1)
[2025-12-07 20:49:06.228] [CORC] [info] TRIAL direction (deterministic): UP
[2025-12-07 20:49:06.228] [CORC] [info] TRBBBBB
[2025-12-07 20:49:06.228] [CORC] [info] TRIAL_BEGIN cfg: pLeft=0.500, mode=1, targetSucc=99, maxTrials=5, V1=2/3, V2Score=0.000(0)
[2025-12-07 20:49:06.614] [CORC] [info] TRPPPP
[2025-12-07 20:49:06.614] [CORC] [info] EndPosX=0.32419722164490716, EndPosY=0.1701342749231417
[2025-12-07 20:49:06.728] [CORC] [info] TRPPPP
[2025-12-07 20:49:06.728] [CORC] [info] EndPosX=0.3242047917476869, EndPosY=0.23568379489286226
[2025-12-07 20:49:06.728] [CORC] [info] TREEEEEE
[2025-12-07 20:49:06.728] [CORC] [info] [TREN SEND] (t=39.3308, dur=0.500191, reached=1, dist=0.0149209, effort=249.93, trialScore=1, mode=1, cur=4, max=5, v1_suc=3, v1_tar=99, v2_sco=0, dirCode=1)
[2025-12-07 20:49:06.728] [CORC] [info] TRIAL: finished (reachedC=true, timeout=true) -> WAIT_START. Awaiting STRT.
[2025-12-07 20:49:07.441] [CORC] [info] WAIT_START cfg: pLeft=0.500, mode=1, targetSucc=99, maxTrials=5, V1=3/4, V2Score=0.000(0), finishedFlag=0
[2025-12-07 20:49:07.441] [CORC] [info] F=(0.000,0.000), |F|=0.000
[2025-12-07 20:49:08.755] [CORC] [info] GLOBAL: RSTA -> TO_A
[2025-12-07 20:49:12.099] [CORC] [info] TO_A -> WAIT_START (betweenTrials=1)
[2025-12-07 20:49:12.101] [CORC] [info] HLKD -> k_hold=1000.0, d_hold=35.0
[2025-12-07 20:49:13.444] [CORC] [info] WAIT_START cfg: pLeft=0.500, mode=1, targetSucc=99, maxTrials=5, V1=3/4, V2Score=0.000(0), finishedFlag=0
[2025-12-07 20:49:13.444] [CORC] [info] F=(-1.033,1.377), |F|=1.722
[2025-12-07 20:49:13.794] [CORC] [info] GLOBAL: STRT captured (pendingStart=1, t=46.396)
[2025-12-07 20:49:13.794] [CORC] [info] meanNorm =1.090
[2025-12-07 20:49:13.795] [CORC] [info] WAIT_START: pendingStart consumed -> TRIAL (atA_hold=1)
[2025-12-07 20:49:13.796] [CORC] [info] TRIAL direction (deterministic): UP
[2025-12-07 20:49:13.796] [CORC] [info] TRBBBBB
[2025-12-07 20:49:13.796] [CORC] [info] TRIAL_BEGIN cfg: pLeft=0.500, mode=1, targetSucc=99, maxTrials=5, V1=3/4, V2Score=0.000(0)
[2025-12-07 20:49:14.152] [CORC] [info] TRPPPP
[2025-12-07 20:49:14.152] [CORC] [info] EndPosX=0.32108212435104644, EndPosY=0.17108432282199837
[2025-12-07 20:49:14.296] [CORC] [info] TRPPPP
[2025-12-07 20:49:14.296] [CORC] [info] EndPosX=0.32108212435104644, EndPosY=0.2679513579914803
[2025-12-07 20:49:14.296] [CORC] [info] TREEEEEE
[2025-12-07 20:49:14.296] [CORC] [info] [TREN SEND] (t=46.8987, dur=0.500299, reached=1, dist=0.0179839, effort=274.331, trialScore=1, mode=1, cur=5, max=5, v1_suc=4, v1_tar=99, v2_sco=0, dirCode=1)
[2025-12-07 20:49:14.298] [CORC] [info] SESSSSS
[2025-12-07 20:49:14.298] [CORC] [info] Exited M2 Probabilistic Move state...
[2025-12-07 20:49:14.298] [CORC] [info] Entering M2 Standby state...
[2025-12-07 20:49:14.321] [CORC] [warning] Applicaton thread time overflow: 23.3ms (>2.0ms) !
[2025-12-07 20:49:30.545] [CORC] [critical] UI down, waiting reconnect...
[2025-12-07 20:49:30.545] [CORC] [info] UI reconnected
[2025-12-07 20:49:31.545] [CORC] [critical] UI down, waiting reconnect...
[2025-12-07 20:49:31.545] [CORC] [info] UI reconnected
[2025-12-07 20:49:32.545] [CORC] [critical] UI down, waiting reconnect...
[2025-12-07 20:49:32.545] [CORC] [info] UI reconnected
[2025-12-07 20:49:33.546] [CORC] [critical] UI down, waiting reconnect...
[2025-12-07 20:49:33.546] [CORC] [info] UI reconnected
[2025-12-07 20:49:34.546] [CORC] [critical] UI down, waiting reconnect...
[2025-12-07 20:49:34.546] [CORC] [info] UI reconnected
[2025-12-07 20:49:35.546] [CORC] [critical] UI down, waiting reconnect...
[2025-12-07 20:49:35.546] [CORC] [info] UI reconnected
[2025-12-07 20:49:35.975] [CORC] [info] Exited M2 Standby state...
[2025-12-07 20:49:35.975] [CORC] [info] Disabling robot...
[2025-12-07 20:49:35.976] [CORC] [info] CORC End application
[2025-12-07 20:49:36.477] [CORC] [info] Canopend on can0 (nodeId=80) - finished.
[2025-12-07 21:36:31.062] [CORC] [info] ===============================================
[2025-12-07 21:36:31.062] [CORC] [info] ============ Start logging session ============
[2025-12-07 21:36:31.062] [CORC] [warning] Running without root privilege: using non-RT priority threads
[2025-12-07 21:36:31.062] [CORC] [info] vcan0: -
[2025-12-07 21:36:31.062] [CORC] [info] can0: up
[2025-12-07 21:36:31.062] [CORC] [info] Using: can0 (3)
[2025-12-07 21:36:31.062] [CORC] [info] Starting CANopen device with Node ID 80
[2025-12-07 21:36:31.062] [CORC] [info] Using default robot parameters (no YAML file specified).
[2025-12-07 21:36:31.062] [CORC] [info] Could not open joystick (/dev/input/js0)
[2025-12-07 21:36:31.063] [CORC] [info] CORC Start application
[2025-12-07 21:36:31.063] [CORC] [info] Application thread running at 500Hz.
[2025-12-07 21:36:32.175] [CORC] [info] Starting logger M2MachineLog (Time (s), Position_1, Position_2, Velocity_1, Velocity_2, Force_1, Force_2)
[2025-12-07 21:36:32.175] [CORC] [info] Initialised network communication server (0.0.0.0:2048) for M2 robot (state size: 7)
[2025-12-07 21:36:32.175] [CORC] [info] Starting logger M2MachineLog (Time (s), Position_1, Position_2, Velocity_1, Velocity_2, Force_1, Force_2)
[2025-12-07 21:36:32.175] [CORC] [info] Entering M2 Calib State state...
[2025-12-07 21:36:32.198] [CORC] [critical] UI down, waiting reconnect...
[2025-12-07 21:36:32.198] [CORC] [info] UI reconnected
[2025-12-07 21:36:33.199] [CORC] [critical] UI down, waiting reconnect...
[2025-12-07 21:36:33.199] [CORC] [info] UI reconnected
[2025-12-07 21:36:34.199] [CORC] [critical] UI down, waiting reconnect...
[2025-12-07 21:36:34.199] [CORC] [info] UI reconnected
[2025-12-07 21:36:35.199] [CORC] [critical] UI down, waiting reconnect...
[2025-12-07 21:36:35.200] [CORC] [info] UI reconnected
[2025-12-07 21:36:36.200] [CORC] [critical] UI down, waiting reconnect...
[2025-12-07 21:36:36.200] [CORC] [info] UI reconnected
[2025-12-07 21:36:38.549] [CORC] [info] [FourierForceSensor::calibrate]: Force Sensor 3 succesfully zeroed with offset 1508.1998864281659.
[2025-12-07 21:36:40.551] [CORC] [info] [FourierForceSensor::calibrate]: Force Sensor 4 succesfully zeroed with offset 1502.1099773242631.
[2025-12-07 21:36:40.551] [CORC] [warning] Applicaton thread time overflow: 4004.2720000000004ms (>2.0ms) !
[2025-12-07 21:36:40.554] [CORC] [info] Exited M2 Calib State state...
[2025-12-07 21:36:40.554] [CORC] [info] Entering M2 Standby state...
[2025-12-07 21:36:40.578] [CORC] [warning] Applicaton thread time overflow: 24.108ms (>2.0ms) !
[2025-12-07 21:36:43.733] [CORC] [info] [TRANS] accepting BGIN -> toProb
[2025-12-07 21:36:43.733] [CORC] [info] Exited M2 Standby state...
[2025-12-07 21:36:43.733] [CORC] [info] Entering M2 Probabilistic Move state...
[2025-12-07 21:36:43.756] [CORC] [info] [STATIC] Loaded 0 up and 0 left perturbation samples (hard-coded).
[2025-12-07 21:36:43.756] [CORC] [info] [SCHEDULE] Built seeded schedule (total=10, leftCount=5, seed=1661471, attempts=1)
[2025-12-07 21:36:43.756] [CORC] [warning] Applicaton thread time overflow: 23.499ms (>2.0ms) !
[2025-12-07 21:36:45.789] [CORC] [info] TO_A -> WAIT_START (betweenTrials=1)
[2025-12-07 21:36:45.791] [CORC] [info] HLKD -> k_hold=1000.0, d_hold=35.0
[2025-12-07 21:36:47.206] [CORC] [info] GLOBAL: RSTA -> TO_A
[2025-12-07 21:36:47.456] [CORC] [info] TO_A -> WAIT_START (betweenTrials=1)
[2025-12-07 21:36:47.758] [CORC] [info] WAIT_START cfg: pLeft=0.500, mode=1, targetSucc=10, maxTrials=10, V1=0/0, V2Score=0.000(0), finishedFlag=0
[2025-12-07 21:36:47.758] [CORC] [info] F=(-1.033,-7.232), |F|=7.305
[2025-12-07 21:36:49.759] [CORC] [info] WAIT_START cfg: pLeft=0.500, mode=1, targetSucc=10, maxTrials=10, V1=0/0, V2Score=0.000(0), finishedFlag=0
[2025-12-07 21:36:49.759] [CORC] [info] F=(-1.033,-6.543), |F|=6.624
[2025-12-07 21:36:51.760] [CORC] [info] WAIT_START cfg: pLeft=0.500, mode=1, targetSucc=10, maxTrials=10, V1=0/0, V2Score=0.000(0), finishedFlag=0
[2025-12-07 21:36:51.760] [CORC] [info] F=(-1.033,-6.543), |F|=6.624
[2025-12-07 21:36:52.028] [CORC] [info] GLOBAL: STRT captured (pendingStart=1, t=8.295)
[2025-12-07 21:36:52.028] [CORC] [info] meanNorm =7.104
[2025-12-07 21:36:52.029] [CORC] [info] WAIT_START: pendingStart consumed -> TRIAL (atA_hold=1)
[2025-12-07 21:36:52.030] [CORC] [info] TRIAL direction (deterministic): UP
[2025-12-07 21:36:52.030] [CORC] [info] TRBBBBB
[2025-12-07 21:36:52.030] [CORC] [info] TRIAL_BEGIN cfg: pLeft=0.500, mode=1, targetSucc=10, maxTrials=10, V1=0/0, V2Score=0.000(0)
[2025-12-07 21:36:52.372] [CORC] [info] TRPPPP
[2025-12-07 21:36:52.372] [CORC] [info] EndPosX=0.32182399442346044, EndPosY=0.17006992904951396
[2025-12-07 21:36:52.530] [CORC] [info] TRPPPP
[2025-12-07 21:36:52.530] [CORC] [info] EndPosX=0.32182399442346044, EndPosY=0.27511267522110905
[2025-12-07 21:36:52.530] [CORC] [info] TREEEEEE
[2025-12-07 21:36:52.530] [CORC] [info] [TREN SEND] (t=8.79664, dur=0.500203, reached=1, dist=0.0251788, effort=273.699, trialScore=1, mode=1, cur=1, max=10, v1_suc=1, v1_tar=10, v2_sco=0, dirCode=1)
[2025-12-07 21:36:52.530] [CORC] [info] TRIAL: finished (reachedC=true, timeout=true) -> WAIT_START. Awaiting STRT.
[2025-12-07 21:36:53.761] [CORC] [info] WAIT_START cfg: pLeft=0.500, mode=1, targetSucc=10, maxTrials=10, V1=1/1, V2Score=0.000(0), finishedFlag=0
[2025-12-07 21:36:53.761] [CORC] [info] F=(0.344,0.000), |F|=0.344
[2025-12-07 21:36:55.762] [CORC] [info] WAIT_START cfg: pLeft=0.500, mode=1, targetSucc=10, maxTrials=10, V1=1/1, V2Score=0.000(0), finishedFlag=0
[2025-12-07 21:36:55.762] [CORC] [info] F=(0.000,0.000), |F|=0.000
[2025-12-07 21:36:57.763] [CORC] [info] WAIT_START cfg: pLeft=0.500, mode=1, targetSucc=10, maxTrials=10, V1=1/1, V2Score=0.000(0), finishedFlag=0
[2025-12-07 21:36:57.763] [CORC] [info] F=(0.344,0.000), |F|=0.344
[2025-12-07 21:36:59.534] [CORC] [info] GLOBAL: STRT captured (pendingStart=1, t=15.800)
[2025-12-07 21:36:59.764] [CORC] [info] WAIT_START: STRT pending but not at A (dist=0.308 <? 0.050)
[2025-12-07 21:36:59.764] [CORC] [info] WAIT_START cfg: pLeft=0.500, mode=1, targetSucc=10, maxTrials=10, V1=1/1, V2Score=0.000(0), finishedFlag=0
[2025-12-07 21:36:59.764] [CORC] [info] F=(0.000,0.000), |F|=0.000
[2025-12-07 21:37:01.174] [CORC] [warning] GLOBAL: unknown cmd='BGIN' (trim='BGIN') @phase=1
[2025-12-07 21:37:01.765] [CORC] [info] WAIT_START: STRT pending but not at A (dist=0.308 <? 0.050)
[2025-12-07 21:37:01.765] [CORC] [info] WAIT_START cfg: pLeft=0.500, mode=1, targetSucc=10, maxTrials=10, V1=1/1, V2Score=0.000(0), finishedFlag=0
[2025-12-07 21:37:01.765] [CORC] [info] F=(0.000,0.000), |F|=0.000
[2025-12-07 21:37:03.766] [CORC] [info] WAIT_START: STRT pending but not at A (dist=0.308 <? 0.050)
[2025-12-07 21:37:03.766] [CORC] [info] WAIT_START cfg: pLeft=0.500, mode=1, targetSucc=10, maxTrials=10, V1=1/1, V2Score=0.000(0), finishedFlag=0
[2025-12-07 21:37:03.766] [CORC] [info] F=(0.000,0.000), |F|=0.000
[2025-12-07 21:37:05.204] [CORC] [info] GLOBAL: HALT -> finishedFlag=1
[2025-12-07 21:37:05.206] [CORC] [info] SESSSSS
[2025-12-07 21:37:05.207] [CORC] [info] Exited M2 Probabilistic Move state...
[2025-12-07 21:37:05.207] [CORC] [info] Entering M2 Standby state...
[2025-12-07 21:37:05.230] [CORC] [warning] Applicaton thread time overflow: 23.605ms (>2.0ms) !
[2025-12-07 21:37:06.650] [CORC] [info] [TRANS] accepting BGIN -> toProb
[2025-12-07 21:37:06.651] [CORC] [info] Exited M2 Standby state...
[2025-12-07 21:37:06.651] [CORC] [info] Entering M2 Probabilistic Move state...
[2025-12-07 21:37:06.674] [CORC] [info] [STATIC] Loaded 0 up and 0 left perturbation samples (hard-coded).
[2025-12-07 21:37:06.674] [CORC] [info] [SCHEDULE] Built seeded schedule (total=10, leftCount=5, seed=1661471, attempts=1)
[2025-12-07 21:37:06.674] [CORC] [warning] Applicaton thread time overflow: 23.88ms (>2.0ms) !
[2025-12-07 21:37:08.671] [CORC] [info] TO_A -> WAIT_START (betweenTrials=1)
[2025-12-07 21:37:08.673] [CORC] [info] HLKD -> k_hold=1000.0, d_hold=35.0
[2025-12-07 21:37:08.675] [CORC] [info] WAIT_START cfg: pLeft=0.500, mode=1, targetSucc=10, maxTrials=10, V1=0/0, V2Score=0.000(0), finishedFlag=0
[2025-12-07 21:37:08.675] [CORC] [info] F=(0.000,-6.887), |F|=6.887
[2025-12-07 21:37:09.352] [CORC] [info] GLOBAL: HALT -> finishedFlag=1
[2025-12-07 21:37:09.354] [CORC] [info] SESSSSS
[2025-12-07 21:37:09.354] [CORC] [info] Exited M2 Probabilistic Move state...
[2025-12-07 21:37:09.354] [CORC] [info] Entering M2 Standby state...
[2025-12-07 21:37:09.377] [CORC] [warning] Applicaton thread time overflow: 23.325ms (>2.0ms) !
[2025-12-07 21:37:13.119] [CORC] [info] [TRANS] accepting BGIN -> toProb
[2025-12-07 21:37:13.119] [CORC] [info] Exited M2 Standby state...
[2025-12-07 21:37:13.119] [CORC] [info] Entering M2 Probabilistic Move state...
[2025-12-07 21:37:13.142] [CORC] [info] [STATIC] Loaded 0 up and 0 left perturbation samples (hard-coded).
[2025-12-07 21:37:13.142] [CORC] [info] [SCHEDULE] Built seeded schedule (total=10, leftCount=5, seed=1661471, attempts=1)
[2025-12-07 21:37:13.142] [CORC] [warning] Applicaton thread time overflow: 23.777ms (>2.0ms) !
[2025-12-07 21:37:13.393] [CORC] [info] TO_A -> WAIT_START (betweenTrials=1)
[2025-12-07 21:37:15.144] [CORC] [info] WAIT_START cfg: pLeft=0.500, mode=1, targetSucc=10, maxTrials=10, V1=0/0, V2Score=0.000(0), finishedFlag=0
[2025-12-07 21:37:15.144] [CORC] [info] F=(-2.411,3.444), |F|=4.204
[2025-12-07 21:37:17.145] [CORC] [info] WAIT_START cfg: pLeft=0.500, mode=1, targetSucc=10, maxTrials=10, V1=0/0, V2Score=0.000(0), finishedFlag=0
[2025-12-07 21:37:17.145] [CORC] [info] F=(-1.722,3.444), |F|=3.850
[2025-12-07 21:37:19.145] [CORC] [info] WAIT_START cfg: pLeft=0.500, mode=1, targetSucc=10, maxTrials=10, V1=0/0, V2Score=0.000(0), finishedFlag=0
[2025-12-07 21:37:19.145] [CORC] [info] F=(-2.411,3.444), |F|=4.204
[2025-12-07 21:37:21.146] [CORC] [info] WAIT_START cfg: pLeft=0.500, mode=1, targetSucc=10, maxTrials=10, V1=0/0, V2Score=0.000(0), finishedFlag=0
[2025-12-07 21:37:21.146] [CORC] [info] F=(-1.722,4.132), |F|=4.477
[2025-12-07 21:37:23.147] [CORC] [info] WAIT_START cfg: pLeft=0.500, mode=1, targetSucc=10, maxTrials=10, V1=0/0, V2Score=0.000(0), finishedFlag=0
[2025-12-07 21:37:23.147] [CORC] [info] F=(-16.530,4.132), |F|=17.038
[2025-12-07 21:37:25.148] [CORC] [info] WAIT_START cfg: pLeft=0.500, mode=1, targetSucc=10, maxTrials=10, V1=0/0, V2Score=0.000(0), finishedFlag=0
[2025-12-07 21:37:25.148] [CORC] [info] F=(-3.099,8.954), |F|=9.475
[2025-12-07 21:37:27.149] [CORC] [info] WAIT_START cfg: pLeft=0.500, mode=1, targetSucc=10, maxTrials=10, V1=0/0, V2Score=0.000(0), finishedFlag=0
[2025-12-07 21:37:27.149] [CORC] [info] F=(-3.099,8.265), |F|=8.827
[2025-12-07 21:37:28.457] [CORC] [info] GLOBAL: RSTA -> TO_A
[2025-12-07 21:37:28.707] [CORC] [info] TO_A -> WAIT_START (betweenTrials=1)
[2025-12-07 21:37:29.150] [CORC] [info] WAIT_START cfg: pLeft=0.500, mode=1, targetSucc=10, maxTrials=10, V1=0/0, V2Score=0.000(0), finishedFlag=0
[2025-12-07 21:37:29.150] [CORC] [info] F=(-3.099,8.265), |F|=8.827
[2025-12-07 21:37:31.151] [CORC] [info] WAIT_START cfg: pLeft=0.500, mode=1, targetSucc=10, maxTrials=10, V1=0/0, V2Score=0.000(0), finishedFlag=0
[2025-12-07 21:37:31.151] [CORC] [info] F=(-3.099,8.265), |F|=8.827
[2025-12-07 21:37:33.152] [CORC] [info] WAIT_START cfg: pLeft=0.500, mode=1, targetSucc=10, maxTrials=10, V1=0/0, V2Score=0.000(0), finishedFlag=0
[2025-12-07 21:37:33.152] [CORC] [info] F=(-2.755,8.265), |F|=8.712
[2025-12-07 21:37:33.476] [CORC] [info] GLOBAL: STRT captured (pendingStart=1, t=20.357)
[2025-12-07 21:37:33.476] [CORC] [info] meanNorm =8.897
[2025-12-07 21:37:33.477] [CORC] [info] WAIT_START: pendingStart consumed -> TRIAL (atA_hold=1)
[2025-12-07 21:37:33.478] [CORC] [info] TRIAL direction (deterministic): UP
[2025-12-07 21:37:33.478] [CORC] [info] TRBBBBB
[2025-12-07 21:37:33.478] [CORC] [info] TRIAL_BEGIN cfg: pLeft=0.500, mode=1, targetSucc=10, maxTrials=10, V1=0/0, V2Score=0.000(0)
[2025-12-07 21:37:33.848] [CORC] [info] TRPPPP
[2025-12-07 21:37:33.848] [CORC] [info] EndPosX=0.3238300716600901, EndPosY=0.1704143687259919
[2025-12-07 21:37:33.978] [CORC] [info] TRPPPP
[2025-12-07 21:37:33.978] [CORC] [info] EndPosX=0.3238300716600901, EndPosY=0.25832597230704796
[2025-12-07 21:37:33.978] [CORC] [info] TREEEEEE
[2025-12-07 21:37:33.978] [CORC] [info] [TREN SEND] (t=20.8587, dur=0.500255, reached=1, dist=0.00916467, effort=272.092, trialScore=1, mode=1, cur=1, max=10, v1_suc=1, v1_tar=10, v2_sco=0, dirCode=1)
[2025-12-07 21:37:33.978] [CORC] [info] TRIAL: finished (reachedC=true, timeout=true) -> WAIT_START. Awaiting STRT.
[2025-12-07 21:37:35.152] [CORC] [info] WAIT_START cfg: pLeft=0.500, mode=1, targetSucc=10, maxTrials=10, V1=1/1, V2Score=0.000(0), finishedFlag=0
[2025-12-07 21:37:35.153] [CORC] [info] F=(0.000,0.000), |F|=0.000
[2025-12-07 21:37:35.999] [CORC] [info] GLOBAL: RSTA -> TO_A
[2025-12-07 21:37:37.986] [CORC] [info] TO_A -> WAIT_START (betweenTrials=1)
[2025-12-07 21:37:37.988] [CORC] [info] HLKD -> k_hold=1000.0, d_hold=35.0
[2025-12-07 21:37:39.155] [CORC] [info] WAIT_START cfg: pLeft=0.500, mode=1, targetSucc=10, maxTrials=10, V1=1/1, V2Score=0.000(0), finishedFlag=0
[2025-12-07 21:37:39.155] [CORC] [info] F=(-3.788,5.854), |F|=6.973
[2025-12-07 21:37:41.010] [CORC] [info] GLOBAL: STRT captured (pendingStart=1, t=27.891)
[2025-12-07 21:37:41.011] [CORC] [info] meanNorm =6.191
[2025-12-07 21:37:41.012] [CORC] [info] WAIT_START: pendingStart consumed -> TRIAL (atA_hold=1)
[2025-12-07 21:37:41.012] [CORC] [warning] Applicaton thread time overflow: 2.177ms (>2.0ms) !
[2025-12-07 21:37:41.013] [CORC] [info] TRIAL direction (deterministic): UP
[2025-12-07 21:37:41.013] [CORC] [info] TRBBBBB
[2025-12-07 21:37:41.013] [CORC] [info] TRIAL_BEGIN cfg: pLeft=0.500, mode=1, targetSucc=10, maxTrials=10, V1=1/1, V2Score=0.000(0)
[2025-12-07 21:37:41.157] [CORC] [info] TRIAL status: t=0.144, n=0.184, effort=28.745, pLeft=0.500, mode=1, targetSucc=10, maxTrials=10
[2025-12-07 21:37:41.425] [CORC] [info] TRPPPP
[2025-12-07 21:37:41.425] [CORC] [info] EndPosX=0.3237732958892421, EndPosY=0.1702289012078884
[2025-12-07 21:37:41.513] [CORC] [info] TRPPPP
[2025-12-07 21:37:41.513] [CORC] [info] EndPosX=0.32412152061710986, EndPosY=0.20864717281504064
[2025-12-07 21:37:41.513] [CORC] [info] TREEEEEE
[2025-12-07 21:37:41.513] [CORC] [info] [TREN SEND] (t=28.3936, dur=0.500175, reached=1, dist=0.0415577, effort=214.574, trialScore=1, mode=1, cur=2, max=10, v1_suc=2, v1_tar=10, v2_sco=0, dirCode=1)
[2025-12-07 21:37:41.513] [CORC] [info] TRIAL: finished (reachedC=true, timeout=true) -> WAIT_START. Awaiting STRT.
[2025-12-07 21:37:43.158] [CORC] [info] WAIT_START cfg: pLeft=0.500, mode=1, targetSucc=10, maxTrials=10, V1=2/2, V2Score=0.000(0), finishedFlag=0
[2025-12-07 21:37:43.158] [CORC] [info] F=(-0.344,0.000), |F|=0.344
[2025-12-07 21:37:43.550] [CORC] [info] GLOBAL: RSTA -> TO_A
[2025-12-07 21:37:48.578] [CORC] [info] GLOBAL: STRT captured (pendingStart=1, t=35.459)
[2025-12-07 21:37:50.463] [CORC] [info] TO_A -> WAIT_START (betweenTrials=1)
[2025-12-07 21:37:50.465] [CORC] [info] meanNorm =2.776
[2025-12-07 21:37:50.465] [CORC] [info] WAIT_START: pendingStart consumed -> TRIAL (atA_hold=1)
[2025-12-07 21:37:50.467] [CORC] [info] TRIAL direction (deterministic): SIDE
[2025-12-07 21:37:50.467] [CORC] [info] TRBBBBB
[2025-12-07 21:37:50.467] [CORC] [info] TRIAL_BEGIN cfg: pLeft=0.500, mode=1, targetSucc=10, maxTrials=10, V1=2/2, V2Score=0.000(0)
[2025-12-07 21:37:50.967] [CORC] [info] TRPPPP
[2025-12-07 21:37:50.967] [CORC] [info] EndPosX=0.09575044500947114, EndPosY=0.012732912875513334
[2025-12-07 21:37:50.968] [CORC] [info] TREEEEEE
[2025-12-07 21:37:50.968] [CORC] [info] [TREN SEND] (t=37.8481, dur=0.500213, reached=0, dist=0.326471, effort=180.666, trialScore=0, mode=1, cur=3, max=10, v1_suc=2, v1_tar=10, v2_sco=0, dirCode=-1)
[2025-12-07 21:37:50.968] [CORC] [info] TRIAL: finished (reachedC=false, timeout=true) -> WAIT_START. Awaiting STRT.
[2025-12-07 21:37:51.161] [CORC] [info] WAIT_START cfg: pLeft=0.500, mode=1, targetSucc=10, maxTrials=10, V1=2/3, V2Score=0.000(0), finishedFlag=0
[2025-12-07 21:37:51.162] [CORC] [info] F=(13.430,0.000), |F|=13.430
[2025-12-07 21:37:52.984] [CORC] [info] GLOBAL: RSTA -> TO_A
[2025-12-07 21:37:53.302] [CORC] [info] TO_A -> WAIT_START (betweenTrials=1)
[2025-12-07 21:37:53.304] [CORC] [info] HLKD -> k_hold=1000.0, d_hold=35.0
[2025-12-07 21:37:55.163] [CORC] [info] WAIT_START cfg: pLeft=0.500, mode=1, targetSucc=10, maxTrials=10, V1=2/3, V2Score=0.000(0), finishedFlag=0
[2025-12-07 21:37:55.163] [CORC] [info] F=(2.066,-2.411), |F|=3.175
[2025-12-07 21:37:57.164] [CORC] [info] WAIT_START cfg: pLeft=0.500, mode=1, targetSucc=10, maxTrials=10, V1=2/3, V2Score=0.000(0), finishedFlag=0
[2025-12-07 21:37:57.164] [CORC] [info] F=(2.066,-3.099), |F|=3.725
[2025-12-07 21:37:58.002] [CORC] [info] GLOBAL: STRT captured (pendingStart=1, t=44.883)
[2025-12-07 21:37:58.003] [CORC] [info] meanNorm =3.253
[2025-12-07 21:37:58.004] [CORC] [info] WAIT_START: pendingStart consumed -> TRIAL (atA_hold=1)
[2025-12-07 21:37:58.004] [CORC] [info] TRIAL direction (deterministic): UP
[2025-12-07 21:37:58.004] [CORC] [info] TRBBBBB
[2025-12-07 21:37:58.004] [CORC] [info] TRIAL_BEGIN cfg: pLeft=0.500, mode=1, targetSucc=10, maxTrials=10, V1=2/3, V2Score=0.000(0)
[2025-12-07 21:37:58.355] [CORC] [info] TRPPPP
[2025-12-07 21:37:58.355] [CORC] [info] EndPosX=0.3178610456182695, EndPosY=0.17090264035528474
[2025-12-07 21:37:58.505] [CORC] [info] TRPPPP
[2025-12-07 21:37:58.505] [CORC] [info] EndPosX=0.3178610456182695, EndPosY=0.2716796336104995
[2025-12-07 21:37:58.505] [CORC] [info] TREEEEEE
[2025-12-07 21:37:58.505] [CORC] [info] [TREN SEND] (t=45.3855, dur=0.500323, reached=1, dist=0.0217849, effort=273.972, trialScore=1, mode=1, cur=4, max=10, v1_suc=3, v1_tar=10, v2_sco=0, dirCode=1)
[2025-12-07 21:37:58.505] [CORC] [info] TRIAL: finished (reachedC=true, timeout=true) -> WAIT_START. Awaiting STRT.
[2025-12-07 21:37:59.165] [CORC] [info] WAIT_START cfg: pLeft=0.500, mode=1, targetSucc=10, maxTrials=10, V1=3/4, V2Score=0.000(0), finishedFlag=0
[2025-12-07 21:37:59.165] [CORC] [info] F=(-0.344,-7.576), |F|=7.584
[2025-12-07 21:38:00.530] [CORC] [info] GLOBAL: RSTA -> TO_A
[2025-12-07 21:38:02.513] [CORC] [info] TO_A -> WAIT_START (betweenTrials=1)
[2025-12-07 21:38:02.515] [CORC] [info] HLKD -> k_hold=1000.0, d_hold=35.0
[2025-12-07 21:38:03.167] [CORC] [info] WAIT_START cfg: pLeft=0.500, mode=1, targetSucc=10, maxTrials=10, V1=3/4, V2Score=0.000(0), finishedFlag=0
[2025-12-07 21:38:03.167] [CORC] [info] F=(2.066,3.788), |F|=4.315
[2025-12-07 21:38:05.168] [CORC] [info] WAIT_START cfg: pLeft=0.500, mode=1, targetSucc=10, maxTrials=10, V1=3/4, V2Score=0.000(0), finishedFlag=0
[2025-12-07 21:38:05.168] [CORC] [info] F=(2.066,4.477), |F|=4.931
[2025-12-07 21:38:05.546] [CORC] [info] GLOBAL: STRT captured (pendingStart=1, t=52.427)
[2025-12-07 21:38:05.546] [CORC] [info] meanNorm =4.691
[2025-12-07 21:38:05.547] [CORC] [info] WAIT_START: pendingStart consumed -> TRIAL (atA_hold=1)
[2025-12-07 21:38:05.548] [CORC] [info] TRIAL direction (deterministic): UP
[2025-12-07 21:38:05.548] [CORC] [info] TRBBBBB
[2025-12-07 21:38:05.548] [CORC] [info] TRIAL_BEGIN cfg: pLeft=0.500, mode=1, targetSucc=10, maxTrials=10, V1=3/4, V2Score=0.000(0)
[2025-12-07 21:38:05.918] [CORC] [info] TRPPPP
[2025-12-07 21:38:05.918] [CORC] [info] EndPosX=0.3178686157210492, EndPosY=0.1711638089011856
[2025-12-07 21:38:06.048] [CORC] [info] TRPPPP
[2025-12-07 21:38:06.048] [CORC] [info] EndPosX=0.31787240077243906, EndPosY=0.24981339173123654
[2025-12-07 21:38:06.048] [CORC] [info] TREEEEEE
[2025-12-07 21:38:06.048] [CORC] [info] [TREN SEND] (t=52.9288, dur=0.500127, reached=1, dist=0.00213577, effort=259.156, trialScore=1, mode=1, cur=5, max=10, v1_suc=4, v1_tar=10, v2_sco=0, dirCode=1)
[2025-12-07 21:38:06.048] [CORC] [info] TRIAL: finished (reachedC=true, timeout=true) -> WAIT_START. Awaiting STRT.
[2025-12-07 21:38:07.169] [CORC] [info] WAIT_START cfg: pLeft=0.500, mode=1, targetSucc=10, maxTrials=10, V1=4/5, V2Score=0.000(0), finishedFlag=0
[2025-12-07 21:38:07.169] [CORC] [info] F=(0.000,-7.920), |F|=7.920
[2025-12-07 21:38:08.079] [CORC] [info] GLOBAL: RSTA -> TO_A
[2025-12-07 21:38:12.977] [CORC] [info] TO_A -> WAIT_START (betweenTrials=1)
[2025-12-07 21:38:12.979] [CORC] [info] HLKD -> k_hold=1000.0, d_hold=35.0
[2025-12-07 21:38:13.113] [CORC] [info] GLOBAL: STRT captured (pendingStart=1, t=59.994)
[2025-12-07 21:38:13.113] [CORC] [info] meanNorm =14.797
[2025-12-07 21:38:13.114] [CORC] [info] WAIT_START: pendingStart consumed -> TRIAL (atA_hold=1)
[2025-12-07 21:38:13.115] [CORC] [info] TRIAL direction (deterministic): SIDE
[2025-12-07 21:38:13.115] [CORC] [info] TRBBBBB
[2025-12-07 21:38:13.115] [CORC] [info] TRIAL_BEGIN cfg: pLeft=0.500, mode=1, targetSucc=10, maxTrials=10, V1=4/5, V2Score=0.000(0)
[2025-12-07 21:38:13.171] [CORC] [info] TRIAL status: t=0.056, n=0.210, effort=0.000, pLeft=0.500, mode=1, targetSucc=10, maxTrials=10
[2025-12-07 21:38:13.616] [CORC] [info] TRPPPP
[2025-12-07 21:38:13.616] [CORC] [info] EndPosX=0.12308230109570228, EndPosY=0.0400571988589648
[2025-12-07 21:38:13.616] [CORC] [info] TREEEEEE
[2025-12-07 21:38:13.616] [CORC] [info] [TREN SEND] (t=60.4962, dur=0.500252, reached=0, dist=0.287841, effort=155.42, trialScore=0, mode=1, cur=6, max=10, v1_suc=4, v1_tar=10, v2_sco=0, dirCode=-1)
[2025-12-07 21:38:13.616] [CORC] [info] TRIAL: finished (reachedC=false, timeout=true) -> WAIT_START. Awaiting STRT.
[2025-12-07 21:38:15.060] [CORC] [info] HLKD -> k_hold=1000.0, d_hold=35.0
[2025-12-07 21:38:15.172] [CORC] [info] WAIT_START cfg: pLeft=0.500, mode=1, targetSucc=10, maxTrials=10, V1=4/6, V2Score=0.000(0), finishedFlag=0
[2025-12-07 21:38:15.172] [CORC] [info] F=(-32.715,9.642), |F|=34.106
[2025-12-07 21:38:15.631] [CORC] [info] GLOBAL: RSTA -> TO_A
[2025-12-07 21:38:15.881] [CORC] [info] TO_A -> WAIT_START (betweenTrials=1)
[2025-12-07 21:38:17.173] [CORC] [info] WAIT_START cfg: pLeft=0.500, mode=1, targetSucc=10, maxTrials=10, V1=4/6, V2Score=0.000(0), finishedFlag=0
[2025-12-07 21:38:17.173] [CORC] [info] F=(-3.444,9.298), |F|=9.915
[2025-12-07 21:38:19.174] [CORC] [info] WAIT_START cfg: pLeft=0.500, mode=1, targetSucc=10, maxTrials=10, V1=4/6, V2Score=0.000(0), finishedFlag=0
[2025-12-07 21:38:19.174] [CORC] [info] F=(-3.788,9.298), |F|=10.040
[2025-12-07 21:38:20.003] [CORC] [info] GLOBAL: HALT -> finishedFlag=1
[2025-12-07 21:38:20.005] [CORC] [info] SESSSSS
[2025-12-07 21:38:20.005] [CORC] [info] Exited M2 Probabilistic Move state...
[2025-12-07 21:38:20.005] [CORC] [info] Entering M2 Standby state...
[2025-12-07 21:38:20.028] [CORC] [warning] Applicaton thread time overflow: 23.379ms (>2.0ms) !
[2025-12-07 21:38:22.605] [CORC] [critical] UI down, waiting reconnect...
[2025-12-07 21:38:22.605] [CORC] [info] UI reconnected
[2025-12-07 21:38:23.606] [CORC] [critical] UI down, waiting reconnect...
[2025-12-07 21:38:23.606] [CORC] [info] UI reconnected
[2025-12-07 21:38:24.606] [CORC] [critical] UI down, waiting reconnect...
[2025-12-07 21:38:24.606] [CORC] [info] UI reconnected
[2025-12-07 21:38:25.607] [CORC] [critical] UI down, waiting reconnect...
[2025-12-07 21:38:25.607] [CORC] [info] UI reconnected
[2025-12-07 21:38:26.607] [CORC] [critical] UI down, waiting reconnect...
[2025-12-07 21:38:26.608] [CORC] [info] UI reconnected
[2025-12-07 21:38:27.608] [CORC] [critical] UI down, waiting reconnect...
[2025-12-07 21:38:27.608] [CORC] [info] UI reconnected
[2025-12-07 21:38:28.608] [CORC] [critical] UI down, waiting reconnect...
[2025-12-07 21:38:28.608] [CORC] [info] UI reconnected
[2025-12-07 21:38:29.609] [CORC] [critical] UI down, waiting reconnect...
[2025-12-07 21:38:29.609] [CORC] [info] UI reconnected
[2025-12-07 21:38:30.609] [CORC] [critical] UI down, waiting reconnect...
[2025-12-07 21:38:30.609] [CORC] [info] UI reconnected
[2025-12-07 21:38:31.610] [CORC] [critical] UI down, waiting reconnect...
[2025-12-07 21:38:31.610] [CORC] [info] UI reconnected
[2025-12-07 21:38:32.471] [CORC] [info] Exited M2 Standby state...
[2025-12-07 21:38:32.471] [CORC] [info] Disabling robot...
[2025-12-07 21:38:32.471] [CORC] [info] CORC End application
[2025-12-07 21:38:32.972] [CORC] [info] Canopend on can0 (nodeId=80) - finished.
[2025-12-07 22:06:53.647] [CORC] [info] ===============================================
[2025-12-07 22:06:53.647] [CORC] [info] ============ Start logging session ============
[2025-12-07 22:06:53.647] [CORC] [warning] Running without root privilege: using non-RT priority threads
[2025-12-07 22:06:53.647] [CORC] [info] vcan0: -
[2025-12-07 22:06:53.647] [CORC] [info] can0: up
[2025-12-07 22:06:53.647] [CORC] [info] Using: can0 (3)
[2025-12-07 22:06:53.647] [CORC] [info] Starting CANopen device with Node ID 80
[2025-12-07 22:06:53.647] [CORC] [info] Using default robot parameters (no YAML file specified).
[2025-12-07 22:06:53.648] [CORC] [info] Could not open joystick (/dev/input/js0)
[2025-12-07 22:06:53.648] [CORC] [info] CORC Start application
[2025-12-07 22:06:53.648] [CORC] [info] Application thread running at 500Hz.
[2025-12-07 22:06:54.159] [CORC] [error] sendSDOMessage: ERROR: [1  1 write 0x6040 0 u16 0x06 =>  (0x05040000
)
[2025-12-07 22:06:54.668] [CORC] [error] sendSDOMessage: ERROR: [1  1 write 0x6040 0 u16 0x80 =>  (0x05040000
)
[2025-12-07 22:06:55.176] [CORC] [error] sendSDOMessage: ERROR: [1  1 write 0x6040 0 u16 0x06 =>  (0x05040000
)
[2025-12-07 22:06:55.684] [CORC] [error] sendSDOMessage: ERROR: [1  1 write 0x6081 0 i32 4000000 =>  (0x05040000
)
[2025-12-07 22:06:56.192] [CORC] [error] sendSDOMessage: ERROR: [1  1 write 0x6083 0 i32 240000 =>  (0x05040000
)
[2025-12-07 22:06:56.701] [CORC] [error] sendSDOMessage: ERROR: [1  1 write 0x6084 0 i32 240000 =>  (0x05040000
)
[2025-12-07 22:06:56.702] [CORC] [error] Set up Velocity/Acceleration profile failed on node 1
[2025-12-07 22:06:56.702] [CORC] [critical] Failed robot initialisation. Exiting...
[2025-12-07 22:06:56.702] [CORC] [info] Entering M2 Calib State state...
[2025-12-07 22:06:56.702] [CORC] [error] sendSDOMessage: ERROR: [1  1 start => [1] ERROR: 101

[2025-12-07 22:06:57.208] [CORC] [error] sendSDOMessage: ERROR: [1  1 write 0x6060 0 i8 4 =>  (0x05040000
)
[2025-12-07 22:06:57.208] [CORC] [error] sendSDOMessage: ERROR: [1  2 start => [1] ERROR: 101

[2025-12-07 22:06:57.716] [CORC] [error] sendSDOMessage: ERROR: [1  2 write 0x6060 0 i8 4 =>  (0x05040000
)
[2025-12-07 22:06:57.718] [CORC] [info] Exited M2 Calib State state...
[2025-12-07 22:06:57.718] [CORC] [info] Disabling robot...
[2025-12-07 22:06:57.718] [CORC] [info] CORC End application
[2025-12-07 22:06:58.220] [CORC] [info] Canopend on can0 (nodeId=80) - finished.
[2025-12-07 22:07:03.056] [CORC] [info] ===============================================
[2025-12-07 22:07:03.056] [CORC] [info] ============ Start logging session ============
[2025-12-07 22:07:03.056] [CORC] [warning] Running without root privilege: using non-RT priority threads
[2025-12-07 22:07:03.056] [CORC] [info] vcan0: -
[2025-12-07 22:07:03.056] [CORC] [info] can0: up
[2025-12-07 22:07:03.056] [CORC] [info] Using: can0 (3)
[2025-12-07 22:07:03.056] [CORC] [info] Starting CANopen device with Node ID 80
[2025-12-07 22:07:03.056] [CORC] [info] Using default robot parameters (no YAML file specified).
[2025-12-07 22:07:03.057] [CORC] [info] Could not open joystick (/dev/input/js0)
[2025-12-07 22:07:03.057] [CORC] [info] CORC Start application
[2025-12-07 22:07:03.057] [CORC] [info] Application thread running at 500Hz.
[2025-12-07 22:07:04.167] [CORC] [info] Starting logger M2MachineLog (Time (s), Position_1, Position_2, Velocity_1, Velocity_2, Force_1, Force_2)
[2025-12-07 22:07:04.167] [CORC] [info] Initialised network communication server (0.0.0.0:2048) for M2 robot (state size: 7)
[2025-12-07 22:07:04.167] [CORC] [info] Starting logger M2MachineLog (Time (s), Position_1, Position_2, Velocity_1, Velocity_2, Force_1, Force_2)
[2025-12-07 22:07:04.167] [CORC] [info] Entering M2 Calib State state...
[2025-12-07 22:07:04.190] [CORC] [critical] UI down, waiting reconnect...
[2025-12-07 22:07:04.190] [CORC] [info] UI reconnected
[2025-12-07 22:07:05.191] [CORC] [critical] UI down, waiting reconnect...
[2025-12-07 22:07:05.191] [CORC] [info] UI reconnected
[2025-12-07 22:07:06.192] [CORC] [critical] UI down, waiting reconnect...
[2025-12-07 22:07:06.192] [CORC] [info] UI reconnected
[2025-12-07 22:07:08.252] [CORC] [info] [FourierForceSensor::calibrate]: Force Sensor 3 succesfully zeroed with offset 1507.281838316722.
[2025-12-07 22:07:10.253] [CORC] [info] [FourierForceSensor::calibrate]: Force Sensor 4 succesfully zeroed with offset 1500.7521367521367.
[2025-12-07 22:07:10.254] [CORC] [warning] Applicaton thread time overflow: 4003.919ms (>2.0ms) !
[2025-12-07 22:07:10.254] [CORC] [critical] UI down, waiting reconnect...
[2025-12-07 22:07:10.254] [CORC] [info] UI reconnected
[2025-12-07 22:07:10.256] [CORC] [info] Exited M2 Calib State state...
[2025-12-07 22:07:10.256] [CORC] [info] Entering M2 Standby state...
[2025-12-07 22:07:10.279] [CORC] [warning] Applicaton thread time overflow: 23.224999999999998ms (>2.0ms) !
[2025-12-07 22:07:11.256] [CORC] [critical] UI down, waiting reconnect...
[2025-12-07 22:07:11.256] [CORC] [info] UI reconnected
[2025-12-07 22:07:12.256] [CORC] [critical] UI down, waiting reconnect...
[2025-12-07 22:07:12.256] [CORC] [info] UI reconnected
[2025-12-07 22:07:13.256] [CORC] [critical] UI down, waiting reconnect...
[2025-12-07 22:07:13.256] [CORC] [info] UI reconnected
[2025-12-07 22:07:14.257] [CORC] [critical] UI down, waiting reconnect...
[2025-12-07 22:07:14.257] [CORC] [info] UI reconnected
[2025-12-07 22:07:15.257] [CORC] [critical] UI down, waiting reconnect...
[2025-12-07 22:07:15.257] [CORC] [info] UI reconnected
[2025-12-07 22:07:16.258] [CORC] [critical] UI down, waiting reconnect...
[2025-12-07 22:07:16.258] [CORC] [info] UI reconnected
[2025-12-07 22:07:17.258] [CORC] [critical] UI down, waiting reconnect...
[2025-12-07 22:07:17.258] [CORC] [info] UI reconnected
[2025-12-07 22:07:18.259] [CORC] [critical] UI down, waiting reconnect...
[2025-12-07 22:07:18.259] [CORC] [info] UI reconnected
[2025-12-07 22:07:19.260] [CORC] [critical] UI down, waiting reconnect...
[2025-12-07 22:07:19.260] [CORC] [info] UI reconnected
[2025-12-07 22:07:20.260] [CORC] [critical] UI down, waiting reconnect...
[2025-12-07 22:07:20.260] [CORC] [info] UI reconnected
[2025-12-07 22:07:21.261] [CORC] [critical] UI down, waiting reconnect...
[2025-12-07 22:07:21.261] [CORC] [info] UI reconnected
[2025-12-07 22:07:22.261] [CORC] [critical] UI down, waiting reconnect...
[2025-12-07 22:07:22.261] [CORC] [info] UI reconnected
[2025-12-07 22:07:23.262] [CORC] [critical] UI down, waiting reconnect...
[2025-12-07 22:07:23.262] [CORC] [info] UI reconnected
[2025-12-07 22:07:24.262] [CORC] [critical] UI down, waiting reconnect...
[2025-12-07 22:07:24.262] [CORC] [info] UI reconnected
[2025-12-07 22:07:25.262] [CORC] [critical] UI down, waiting reconnect...
[2025-12-07 22:07:25.262] [CORC] [info] UI reconnected
[2025-12-07 22:07:26.263] [CORC] [critical] UI down, waiting reconnect...
[2025-12-07 22:07:26.263] [CORC] [info] UI reconnected
[2025-12-07 22:07:27.263] [CORC] [critical] UI down, waiting reconnect...
[2025-12-07 22:07:27.263] [CORC] [info] UI reconnected
[2025-12-07 22:07:28.264] [CORC] [critical] UI down, waiting reconnect...
[2025-12-07 22:07:28.264] [CORC] [info] UI reconnected
[2025-12-07 22:07:29.264] [CORC] [critical] UI down, waiting reconnect...
[2025-12-07 22:07:29.264] [CORC] [info] UI reconnected
[2025-12-07 22:07:30.265] [CORC] [critical] UI down, waiting reconnect...
[2025-12-07 22:07:30.265] [CORC] [info] UI reconnected
[2025-12-07 22:07:31.265] [CORC] [critical] UI down, waiting reconnect...
[2025-12-07 22:07:31.265] [CORC] [info] UI reconnected
[2025-12-07 22:07:32.266] [CORC] [critical] UI down, waiting reconnect...
[2025-12-07 22:07:32.266] [CORC] [info] UI reconnected
[2025-12-07 22:07:33.266] [CORC] [critical] UI down, waiting reconnect...
[2025-12-07 22:07:33.266] [CORC] [info] UI reconnected
[2025-12-07 22:07:34.267] [CORC] [critical] UI down, waiting reconnect...
[2025-12-07 22:07:34.267] [CORC] [info] UI reconnected
[2025-12-07 22:07:35.269] [CORC] [critical] UI down, waiting reconnect...
[2025-12-07 22:07:35.269] [CORC] [info] UI reconnected
[2025-12-07 22:07:36.269] [CORC] [critical] UI down, waiting reconnect...
[2025-12-07 22:07:36.269] [CORC] [info] UI reconnected
[2025-12-07 22:07:37.270] [CORC] [critical] UI down, waiting reconnect...
[2025-12-07 22:07:37.270] [CORC] [info] UI reconnected
[2025-12-07 22:07:38.270] [CORC] [critical] UI down, waiting reconnect...
[2025-12-07 22:07:38.270] [CORC] [info] UI reconnected
[2025-12-07 22:07:39.271] [CORC] [critical] UI down, waiting reconnect...
[2025-12-07 22:07:39.271] [CORC] [info] UI reconnected
[2025-12-07 22:07:40.271] [CORC] [critical] UI down, waiting reconnect...
[2025-12-07 22:07:40.271] [CORC] [info] UI reconnected
[2025-12-07 22:07:41.272] [CORC] [critical] UI down, waiting reconnect...
[2025-12-07 22:07:41.272] [CORC] [info] UI reconnected
[2025-12-07 22:07:42.272] [CORC] [critical] UI down, waiting reconnect...
[2025-12-07 22:07:42.272] [CORC] [info] UI reconnected
[2025-12-07 22:07:43.273] [CORC] [critical] UI down, waiting reconnect...
[2025-12-07 22:07:43.273] [CORC] [info] UI reconnected
[2025-12-07 22:07:44.273] [CORC] [critical] UI down, waiting reconnect...
[2025-12-07 22:07:44.273] [CORC] [info] UI reconnected
[2025-12-07 22:07:45.274] [CORC] [critical] UI down, waiting reconnect...
[2025-12-07 22:07:45.274] [CORC] [info] UI reconnected
[2025-12-07 22:07:46.275] [CORC] [critical] UI down, waiting reconnect...
[2025-12-07 22:07:46.275] [CORC] [info] UI reconnected
[2025-12-07 22:07:47.275] [CORC] [critical] UI down, waiting reconnect...
[2025-12-07 22:07:47.275] [CORC] [info] UI reconnected
[2025-12-07 22:07:48.276] [CORC] [critical] UI down, waiting reconnect...
[2025-12-07 22:07:48.276] [CORC] [info] UI reconnected
[2025-12-07 22:07:49.276] [CORC] [critical] UI down, waiting reconnect...
[2025-12-07 22:07:49.277] [CORC] [info] UI reconnected
[2025-12-07 22:07:50.277] [CORC] [critical] UI down, waiting reconnect...
[2025-12-07 22:07:50.277] [CORC] [info] UI reconnected
[2025-12-07 22:07:51.277] [CORC] [critical] UI down, waiting reconnect...
[2025-12-07 22:07:51.277] [CORC] [info] UI reconnected
[2025-12-07 22:07:52.278] [CORC] [critical] UI down, waiting reconnect...
[2025-12-07 22:07:52.278] [CORC] [info] UI reconnected
[2025-12-07 22:07:53.279] [CORC] [critical] UI down, waiting reconnect...
[2025-12-07 22:07:53.279] [CORC] [info] UI reconnected
[2025-12-07 22:07:54.279] [CORC] [critical] UI down, waiting reconnect...
[2025-12-07 22:07:54.279] [CORC] [info] UI reconnected
[2025-12-07 22:07:55.279] [CORC] [critical] UI down, waiting reconnect...
[2025-12-07 22:07:55.280] [CORC] [info] UI reconnected
[2025-12-07 22:07:56.281] [CORC] [critical] UI down, waiting reconnect...
[2025-12-07 22:07:56.281] [CORC] [info] UI reconnected
[2025-12-07 22:07:57.281] [CORC] [critical] UI down, waiting reconnect...
[2025-12-07 22:07:57.281] [CORC] [info] UI reconnected
[2025-12-07 22:07:58.282] [CORC] [critical] UI down, waiting reconnect...
[2025-12-07 22:07:58.282] [CORC] [info] UI reconnected
[2025-12-07 22:07:59.282] [CORC] [critical] UI down, waiting reconnect...
[2025-12-07 22:07:59.282] [CORC] [info] UI reconnected
[2025-12-07 22:08:00.283] [CORC] [critical] UI down, waiting reconnect...
[2025-12-07 22:08:00.283] [CORC] [info] UI reconnected
[2025-12-07 22:08:01.283] [CORC] [critical] UI down, waiting reconnect...
[2025-12-07 22:08:01.283] [CORC] [info] UI reconnected
[2025-12-07 22:08:02.284] [CORC] [critical] UI down, waiting reconnect...
[2025-12-07 22:08:02.284] [CORC] [info] UI reconnected
[2025-12-07 22:08:03.284] [CORC] [critical] UI down, waiting reconnect...
[2025-12-07 22:08:03.284] [CORC] [info] UI reconnected
[2025-12-07 22:08:04.285] [CORC] [critical] UI down, waiting reconnect...
[2025-12-07 22:08:04.285] [CORC] [info] UI reconnected
[2025-12-07 22:08:05.285] [CORC] [critical] UI down, waiting reconnect...
[2025-12-07 22:08:05.285] [CORC] [info] UI reconnected
[2025-12-07 22:08:06.286] [CORC] [critical] UI down, waiting reconnect...
[2025-12-07 22:08:06.286] [CORC] [info] UI reconnected
[2025-12-07 22:08:07.286] [CORC] [critical] UI down, waiting reconnect...
[2025-12-07 22:08:07.286] [CORC] [info] UI reconnected
[2025-12-07 22:08:08.287] [CORC] [critical] UI down, waiting reconnect...
[2025-12-07 22:08:08.287] [CORC] [info] UI reconnected
[2025-12-07 22:08:09.287] [CORC] [critical] UI down, waiting reconnect...
[2025-12-07 22:08:09.287] [CORC] [info] UI reconnected
[2025-12-07 22:08:10.287] [CORC] [critical] UI down, waiting reconnect...
[2025-12-07 22:08:10.288] [CORC] [info] UI reconnected
[2025-12-07 22:08:11.288] [CORC] [critical] UI down, waiting reconnect...
[2025-12-07 22:08:11.288] [CORC] [info] UI reconnected
[2025-12-07 22:08:12.288] [CORC] [critical] UI down, waiting reconnect...
[2025-12-07 22:08:12.288] [CORC] [info] UI reconnected
[2025-12-07 22:08:13.289] [CORC] [critical] UI down, waiting reconnect...
[2025-12-07 22:08:13.289] [CORC] [info] UI reconnected
[2025-12-07 22:08:14.289] [CORC] [critical] UI down, waiting reconnect...
[2025-12-07 22:08:14.289] [CORC] [info] UI reconnected
[2025-12-07 22:08:15.290] [CORC] [critical] UI down, waiting reconnect...
[2025-12-07 22:08:15.290] [CORC] [info] UI reconnected
[2025-12-07 22:08:16.291] [CORC] [critical] UI down, waiting reconnect...
[2025-12-07 22:08:16.291] [CORC] [info] UI reconnected
[2025-12-07 22:08:17.291] [CORC] [critical] UI down, waiting reconnect...
[2025-12-07 22:08:17.291] [CORC] [info] UI reconnected
[2025-12-07 22:08:18.292] [CORC] [critical] UI down, waiting reconnect...
[2025-12-07 22:08:18.292] [CORC] [info] UI reconnected
[2025-12-07 22:08:19.292] [CORC] [critical] UI down, waiting reconnect...
[2025-12-07 22:08:19.292] [CORC] [info] UI reconnected
[2025-12-07 22:08:20.292] [CORC] [critical] UI down, waiting reconnect...
[2025-12-07 22:08:20.293] [CORC] [info] UI reconnected
[2025-12-07 22:08:21.293] [CORC] [critical] UI down, waiting reconnect...
[2025-12-07 22:08:21.293] [CORC] [info] UI reconnected
[2025-12-07 22:08:22.294] [CORC] [critical] UI down, waiting reconnect...
[2025-12-07 22:08:22.294] [CORC] [info] UI reconnected
[2025-12-07 22:08:23.294] [CORC] [critical] UI down, waiting reconnect...
[2025-12-07 22:08:23.294] [CORC] [info] UI reconnected
[2025-12-07 22:08:24.294] [CORC] [critical] UI down, waiting reconnect...
[2025-12-07 22:08:24.294] [CORC] [info] UI reconnected
[2025-12-07 22:08:25.295] [CORC] [critical] UI down, waiting reconnect...
[2025-12-07 22:08:25.295] [CORC] [info] UI reconnected
[2025-12-07 22:08:26.295] [CORC] [critical] UI down, waiting reconnect...
[2025-12-07 22:08:26.295] [CORC] [info] UI reconnected
[2025-12-07 22:08:27.296] [CORC] [critical] UI down, waiting reconnect...
[2025-12-07 22:08:27.296] [CORC] [info] UI reconnected
[2025-12-07 22:08:28.296] [CORC] [critical] UI down, waiting reconnect...
[2025-12-07 22:08:28.296] [CORC] [info] UI reconnected
[2025-12-07 22:08:29.296] [CORC] [critical] UI down, waiting reconnect...
[2025-12-07 22:08:29.296] [CORC] [info] UI reconnected
[2025-12-07 22:08:30.297] [CORC] [critical] UI down, waiting reconnect...
[2025-12-07 22:08:30.297] [CORC] [info] UI reconnected
[2025-12-07 22:08:31.297] [CORC] [critical] UI down, waiting reconnect...
[2025-12-07 22:08:31.297] [CORC] [info] UI reconnected
[2025-12-07 22:08:32.298] [CORC] [critical] UI down, waiting reconnect...
[2025-12-07 22:08:32.298] [CORC] [info] UI reconnected
[2025-12-07 22:08:33.299] [CORC] [critical] UI down, waiting reconnect...
[2025-12-07 22:08:33.299] [CORC] [info] UI reconnected
[2025-12-07 22:08:34.300] [CORC] [critical] UI down, waiting reconnect...
[2025-12-07 22:08:34.300] [CORC] [info] UI reconnected
[2025-12-07 22:08:35.300] [CORC] [critical] UI down, waiting reconnect...
[2025-12-07 22:08:35.300] [CORC] [info] UI reconnected
[2025-12-07 22:08:36.301] [CORC] [critical] UI down, waiting reconnect...
[2025-12-07 22:08:36.301] [CORC] [info] UI reconnected
[2025-12-07 22:08:37.301] [CORC] [critical] UI down, waiting reconnect...
[2025-12-07 22:08:37.301] [CORC] [info] UI reconnected
[2025-12-07 22:08:38.302] [CORC] [critical] UI down, waiting reconnect...
[2025-12-07 22:08:38.302] [CORC] [info] UI reconnected
[2025-12-07 22:08:39.302] [CORC] [critical] UI down, waiting reconnect...
[2025-12-07 22:08:39.302] [CORC] [info] UI reconnected
[2025-12-07 22:08:40.303] [CORC] [critical] UI down, waiting reconnect...
[2025-12-07 22:08:40.303] [CORC] [info] UI reconnected
[2025-12-07 22:08:41.303] [CORC] [critical] UI down, waiting reconnect...
[2025-12-07 22:08:41.303] [CORC] [info] UI reconnected
[2025-12-07 22:08:42.304] [CORC] [critical] UI down, waiting reconnect...
[2025-12-07 22:08:42.304] [CORC] [info] UI reconnected
[2025-12-07 22:08:43.304] [CORC] [critical] UI down, waiting reconnect...
[2025-12-07 22:08:43.304] [CORC] [info] UI reconnected
[2025-12-07 22:08:44.304] [CORC] [critical] UI down, waiting reconnect...
[2025-12-07 22:08:44.305] [CORC] [info] UI reconnected
[2025-12-07 22:08:45.305] [CORC] [critical] UI down, waiting reconnect...
[2025-12-07 22:08:45.305] [CORC] [info] UI reconnected
[2025-12-07 22:08:46.305] [CORC] [critical] UI down, waiting reconnect...
[2025-12-07 22:08:46.305] [CORC] [info] UI reconnected
[2025-12-07 22:08:47.306] [CORC] [critical] UI down, waiting reconnect...
[2025-12-07 22:08:47.306] [CORC] [info] UI reconnected
[2025-12-07 22:08:48.306] [CORC] [critical] UI down, waiting reconnect...
[2025-12-07 22:08:48.306] [CORC] [info] UI reconnected
[2025-12-07 22:08:49.307] [CORC] [critical] UI down, waiting reconnect...
[2025-12-07 22:08:49.307] [CORC] [info] UI reconnected
[2025-12-07 22:08:50.307] [CORC] [critical] UI down, waiting reconnect...
[2025-12-07 22:08:50.307] [CORC] [info] UI reconnected
[2025-12-07 22:08:51.308] [CORC] [critical] UI down, waiting reconnect...
[2025-12-07 22:08:51.308] [CORC] [info] UI reconnected
[2025-12-07 22:08:52.308] [CORC] [critical] UI down, waiting reconnect...
[2025-12-07 22:08:52.308] [CORC] [info] UI reconnected
[2025-12-07 22:08:53.309] [CORC] [critical] UI down, waiting reconnect...
[2025-12-07 22:08:53.309] [CORC] [info] UI reconnected
[2025-12-07 22:08:54.310] [CORC] [critical] UI down, waiting reconnect...
[2025-12-07 22:08:54.310] [CORC] [info] UI reconnected
[2025-12-07 22:08:55.310] [CORC] [critical] UI down, waiting reconnect...
[2025-12-07 22:08:55.310] [CORC] [info] UI reconnected
[2025-12-07 22:08:56.311] [CORC] [critical] UI down, waiting reconnect...
[2025-12-07 22:08:56.311] [CORC] [info] UI reconnected
[2025-12-07 22:08:57.311] [CORC] [critical] UI down, waiting reconnect...
[2025-12-07 22:08:57.311] [CORC] [info] UI reconnected
[2025-12-07 22:08:58.311] [CORC] [critical] UI down, waiting reconnect...
[2025-12-07 22:08:58.312] [CORC] [info] UI reconnected
[2025-12-07 22:08:59.312] [CORC] [critical] UI down, waiting reconnect...
[2025-12-07 22:08:59.312] [CORC] [info] UI reconnected
[2025-12-07 22:09:00.312] [CORC] [critical] UI down, waiting reconnect...
[2025-12-07 22:09:00.313] [CORC] [info] UI reconnected
[2025-12-07 22:09:01.313] [CORC] [critical] UI down, waiting reconnect...
[2025-12-07 22:09:01.313] [CORC] [info] UI reconnected
[2025-12-07 22:09:02.313] [CORC] [critical] UI down, waiting reconnect...
[2025-12-07 22:09:02.313] [CORC] [info] UI reconnected
[2025-12-07 22:09:03.314] [CORC] [critical] UI down, waiting reconnect...
[2025-12-07 22:09:03.314] [CORC] [info] UI reconnected
[2025-12-07 22:09:04.314] [CORC] [critical] UI down, waiting reconnect...
[2025-12-07 22:09:04.314] [CORC] [info] UI reconnected
[2025-12-07 22:09:05.315] [CORC] [critical] UI down, waiting reconnect...
[2025-12-07 22:09:05.315] [CORC] [info] UI reconnected
[2025-12-07 22:09:06.315] [CORC] [critical] UI down, waiting reconnect...
[2025-12-07 22:09:06.315] [CORC] [info] UI reconnected
[2025-12-07 22:09:07.316] [CORC] [critical] UI down, waiting reconnect...
[2025-12-07 22:09:07.316] [CORC] [info] UI reconnected
[2025-12-07 22:09:08.316] [CORC] [critical] UI down, waiting reconnect...
[2025-12-07 22:09:08.316] [CORC] [info] UI reconnected
[2025-12-07 22:09:09.317] [CORC] [critical] UI down, waiting reconnect...
[2025-12-07 22:09:09.317] [CORC] [info] UI reconnected
[2025-12-07 22:09:10.317] [CORC] [critical] UI down, waiting reconnect...
[2025-12-07 22:09:10.317] [CORC] [info] UI reconnected
[2025-12-07 22:09:11.318] [CORC] [critical] UI down, waiting reconnect...
[2025-12-07 22:09:11.318] [CORC] [info] UI reconnected
[2025-12-07 22:09:12.318] [CORC] [critical] UI down, waiting reconnect...
[2025-12-07 22:09:12.318] [CORC] [info] UI reconnected
[2025-12-07 22:09:13.319] [CORC] [critical] UI down, waiting reconnect...
[2025-12-07 22:09:13.319] [CORC] [info] UI reconnected
[2025-12-07 22:09:14.319] [CORC] [critical] UI down, waiting reconnect...
[2025-12-07 22:09:14.319] [CORC] [info] UI reconnected
[2025-12-07 22:09:15.320] [CORC] [critical] UI down, waiting reconnect...
[2025-12-07 22:09:15.320] [CORC] [info] UI reconnected
[2025-12-07 22:09:16.320] [CORC] [critical] UI down, waiting reconnect...
[2025-12-07 22:09:16.320] [CORC] [info] UI reconnected
[2025-12-07 22:09:17.320] [CORC] [critical] UI down, waiting reconnect...
[2025-12-07 22:09:17.321] [CORC] [info] UI reconnected
[2025-12-07 22:09:18.321] [CORC] [critical] UI down, waiting reconnect...
[2025-12-07 22:09:18.321] [CORC] [info] UI reconnected
[2025-12-07 22:09:19.322] [CORC] [critical] UI down, waiting reconnect...
[2025-12-07 22:09:19.322] [CORC] [info] UI reconnected
[2025-12-07 22:09:20.322] [CORC] [critical] UI down, waiting reconnect...
[2025-12-07 22:09:20.322] [CORC] [info] UI reconnected
[2025-12-07 22:09:21.323] [CORC] [critical] UI down, waiting reconnect...
[2025-12-07 22:09:21.323] [CORC] [info] UI reconnected
[2025-12-07 22:09:22.324] [CORC] [critical] UI down, waiting reconnect...
[2025-12-07 22:09:22.324] [CORC] [info] UI reconnected
[2025-12-07 22:09:23.324] [CORC] [critical] UI down, waiting reconnect...
[2025-12-07 22:09:23.324] [CORC] [info] UI reconnected
[2025-12-07 22:09:24.324] [CORC] [critical] UI down, waiting reconnect...
[2025-12-07 22:09:24.324] [CORC] [info] UI reconnected
[2025-12-07 22:09:25.325] [CORC] [critical] UI down, waiting reconnect...
[2025-12-07 22:09:25.325] [CORC] [info] UI reconnected
[2025-12-07 22:09:26.325] [CORC] [critical] UI down, waiting reconnect...
[2025-12-07 22:09:26.325] [CORC] [info] UI reconnected
[2025-12-07 22:09:27.326] [CORC] [critical] UI down, waiting reconnect...
[2025-12-07 22:09:27.326] [CORC] [info] UI reconnected
[2025-12-07 22:09:28.327] [CORC] [critical] UI down, waiting reconnect...
[2025-12-07 22:09:28.327] [CORC] [info] UI reconnected
[2025-12-07 22:09:29.327] [CORC] [critical] UI down, waiting reconnect...
[2025-12-07 22:09:29.327] [CORC] [info] UI reconnected
[2025-12-07 22:09:30.328] [CORC] [critical] UI down, waiting reconnect...
[2025-12-07 22:09:30.328] [CORC] [info] UI reconnected
[2025-12-07 22:09:31.329] [CORC] [critical] UI down, waiting reconnect...
[2025-12-07 22:09:31.329] [CORC] [info] UI reconnected
[2025-12-07 22:09:32.329] [CORC] [critical] UI down, waiting reconnect...
[2025-12-07 22:09:32.329] [CORC] [info] UI reconnected
[2025-12-07 22:09:33.330] [CORC] [critical] UI down, waiting reconnect...
[2025-12-07 22:09:33.330] [CORC] [info] UI reconnected
[2025-12-07 22:09:34.330] [CORC] [critical] UI down, waiting reconnect...
[2025-12-07 22:09:34.331] [CORC] [info] UI reconnected
[2025-12-07 22:09:35.331] [CORC] [critical] UI down, waiting reconnect...
[2025-12-07 22:09:35.331] [CORC] [info] UI reconnected
[2025-12-07 22:09:36.331] [CORC] [critical] UI down, waiting reconnect...
[2025-12-07 22:09:36.331] [CORC] [info] UI reconnected
[2025-12-07 22:09:37.332] [CORC] [critical] UI down, waiting reconnect...
[2025-12-07 22:09:37.332] [CORC] [info] UI reconnected
[2025-12-07 22:09:38.332] [CORC] [critical] UI down, waiting reconnect...
[2025-12-07 22:09:38.332] [CORC] [info] UI reconnected
[2025-12-07 22:09:39.333] [CORC] [critical] UI down, waiting reconnect...
[2025-12-07 22:09:39.333] [CORC] [info] UI reconnected
[2025-12-07 22:09:40.333] [CORC] [critical] UI down, waiting reconnect...
[2025-12-07 22:09:40.333] [CORC] [info] UI reconnected
[2025-12-07 22:09:41.334] [CORC] [critical] UI down, waiting reconnect...
[2025-12-07 22:09:41.334] [CORC] [info] UI reconnected
[2025-12-07 22:09:42.334] [CORC] [critical] UI down, waiting reconnect...
[2025-12-07 22:09:42.334] [CORC] [info] UI reconnected
[2025-12-07 22:09:43.334] [CORC] [critical] UI down, waiting reconnect...
[2025-12-07 22:09:43.334] [CORC] [info] UI reconnected
[2025-12-07 22:09:44.335] [CORC] [critical] UI down, waiting reconnect...
[2025-12-07 22:09:44.335] [CORC] [info] UI reconnected
[2025-12-07 22:09:45.335] [CORC] [critical] UI down, waiting reconnect...
[2025-12-07 22:09:45.335] [CORC] [info] UI reconnected
[2025-12-07 22:09:46.336] [CORC] [critical] UI down, waiting reconnect...
[2025-12-07 22:09:46.336] [CORC] [info] UI reconnected
[2025-12-07 22:09:47.336] [CORC] [critical] UI down, waiting reconnect...
[2025-12-07 22:09:47.336] [CORC] [info] UI reconnected
[2025-12-07 22:09:48.337] [CORC] [critical] UI down, waiting reconnect...
[2025-12-07 22:09:48.337] [CORC] [info] UI reconnected
[2025-12-07 22:09:49.337] [CORC] [critical] UI down, waiting reconnect...
[2025-12-07 22:09:49.337] [CORC] [info] UI reconnected
[2025-12-07 22:09:50.338] [CORC] [critical] UI down, waiting reconnect...
[2025-12-07 22:09:50.338] [CORC] [info] UI reconnected
[2025-12-07 22:09:51.338] [CORC] [critical] UI down, waiting reconnect...
[2025-12-07 22:09:51.338] [CORC] [info] UI reconnected
[2025-12-07 22:09:52.339] [CORC] [critical] UI down, waiting reconnect...
[2025-12-07 22:09:52.339] [CORC] [info] UI reconnected
[2025-12-07 22:09:53.339] [CORC] [critical] UI down, waiting reconnect...
[2025-12-07 22:09:53.339] [CORC] [info] UI reconnected
[2025-12-07 22:09:54.340] [CORC] [critical] UI down, waiting reconnect...
[2025-12-07 22:09:54.340] [CORC] [info] UI reconnected
[2025-12-07 22:09:55.340] [CORC] [critical] UI down, waiting reconnect...
[2025-12-07 22:09:55.340] [CORC] [info] UI reconnected
[2025-12-07 22:09:56.341] [CORC] [critical] UI down, waiting reconnect...
[2025-12-07 22:09:56.341] [CORC] [info] UI reconnected
[2025-12-07 22:09:57.341] [CORC] [critical] UI down, waiting reconnect...
[2025-12-07 22:09:57.341] [CORC] [info] UI reconnected
[2025-12-07 22:09:58.342] [CORC] [critical] UI down, waiting reconnect...
[2025-12-07 22:09:58.342] [CORC] [info] UI reconnected
[2025-12-07 22:09:59.342] [CORC] [critical] UI down, waiting reconnect...
[2025-12-07 22:09:59.342] [CORC] [info] UI reconnected
[2025-12-07 22:10:00.343] [CORC] [critical] UI down, waiting reconnect...
[2025-12-07 22:10:00.343] [CORC] [info] UI reconnected
[2025-12-07 22:10:01.343] [CORC] [critical] UI down, waiting reconnect...
[2025-12-07 22:10:01.343] [CORC] [info] UI reconnected
[2025-12-07 22:10:02.344] [CORC] [critical] UI down, waiting reconnect...
[2025-12-07 22:10:02.344] [CORC] [info] UI reconnected
[2025-12-07 22:10:03.344] [CORC] [critical] UI down, waiting reconnect...
[2025-12-07 22:10:03.344] [CORC] [info] UI reconnected
[2025-12-07 22:10:04.345] [CORC] [critical] UI down, waiting reconnect...
[2025-12-07 22:10:04.345] [CORC] [info] UI reconnected
[2025-12-07 22:10:05.345] [CORC] [critical] UI down, waiting reconnect...
[2025-12-07 22:10:05.345] [CORC] [info] UI reconnected
[2025-12-07 22:10:06.346] [CORC] [critical] UI down, waiting reconnect...
[2025-12-07 22:10:06.346] [CORC] [info] UI reconnected
[2025-12-07 22:10:07.346] [CORC] [critical] UI down, waiting reconnect...
[2025-12-07 22:10:07.346] [CORC] [info] UI reconnected
[2025-12-07 22:10:08.347] [CORC] [critical] UI down, waiting reconnect...
[2025-12-07 22:10:08.347] [CORC] [info] UI reconnected
[2025-12-07 22:10:09.347] [CORC] [critical] UI down, waiting reconnect...
[2025-12-07 22:10:09.347] [CORC] [info] UI reconnected
[2025-12-07 22:10:10.348] [CORC] [critical] UI down, waiting reconnect...
[2025-12-07 22:10:10.348] [CORC] [info] UI reconnected
[2025-12-07 22:10:11.349] [CORC] [critical] UI down, waiting reconnect...
[2025-12-07 22:10:11.349] [CORC] [info] UI reconnected
[2025-12-07 22:10:12.349] [CORC] [critical] UI down, waiting reconnect...
[2025-12-07 22:10:12.349] [CORC] [info] UI reconnected
[2025-12-07 22:10:13.350] [CORC] [critical] UI down, waiting reconnect...
[2025-12-07 22:10:13.350] [CORC] [info] UI reconnected
[2025-12-07 22:10:14.350] [CORC] [critical] UI down, waiting reconnect...
[2025-12-07 22:10:14.350] [CORC] [info] UI reconnected
[2025-12-07 22:10:15.351] [CORC] [critical] UI down, waiting reconnect...
[2025-12-07 22:10:15.351] [CORC] [info] UI reconnected
[2025-12-07 22:10:16.351] [CORC] [critical] UI down, waiting reconnect...
[2025-12-07 22:10:16.351] [CORC] [info] UI reconnected
[2025-12-07 22:10:17.351] [CORC] [critical] UI down, waiting reconnect...
[2025-12-07 22:10:17.351] [CORC] [info] UI reconnected
[2025-12-07 22:10:18.352] [CORC] [critical] UI down, waiting reconnect...
[2025-12-07 22:10:18.352] [CORC] [info] UI reconnected
[2025-12-07 22:10:19.353] [CORC] [critical] UI down, waiting reconnect...
[2025-12-07 22:10:19.353] [CORC] [info] UI reconnected
[2025-12-07 22:10:20.353] [CORC] [critical] UI down, waiting reconnect...
[2025-12-07 22:10:20.353] [CORC] [info] UI reconnected
[2025-12-07 22:10:21.354] [CORC] [critical] UI down, waiting reconnect...
[2025-12-07 22:10:21.354] [CORC] [info] UI reconnected
[2025-12-07 22:10:22.354] [CORC] [critical] UI down, waiting reconnect...
[2025-12-07 22:10:22.354] [CORC] [info] UI reconnected
[2025-12-07 22:10:23.355] [CORC] [critical] UI down, waiting reconnect...
[2025-12-07 22:10:23.355] [CORC] [info] UI reconnected
[2025-12-07 22:10:24.355] [CORC] [critical] UI down, waiting reconnect...
[2025-12-07 22:10:24.355] [CORC] [info] UI reconnected
[2025-12-07 22:10:25.356] [CORC] [critical] UI down, waiting reconnect...
[2025-12-07 22:10:25.356] [CORC] [info] UI reconnected
[2025-12-07 22:10:26.356] [CORC] [critical] UI down, waiting reconnect...
[2025-12-07 22:10:26.356] [CORC] [info] UI reconnected
[2025-12-07 22:10:27.357] [CORC] [critical] UI down, waiting reconnect...
[2025-12-07 22:10:27.357] [CORC] [info] UI reconnected
[2025-12-07 22:10:28.357] [CORC] [critical] UI down, waiting reconnect...
[2025-12-07 22:10:28.357] [CORC] [info] UI reconnected
[2025-12-07 22:10:29.358] [CORC] [critical] UI down, waiting reconnect...
[2025-12-07 22:10:29.358] [CORC] [info] UI reconnected
[2025-12-07 22:10:30.358] [CORC] [critical] UI down, waiting reconnect...
[2025-12-07 22:10:30.358] [CORC] [info] UI reconnected
[2025-12-07 22:10:31.359] [CORC] [critical] UI down, waiting reconnect...
[2025-12-07 22:10:31.359] [CORC] [info] UI reconnected
[2025-12-07 22:10:32.359] [CORC] [critical] UI down, waiting reconnect...
[2025-12-07 22:10:32.359] [CORC] [info] UI reconnected
[2025-12-07 22:10:33.360] [CORC] [critical] UI down, waiting reconnect...
[2025-12-07 22:10:33.360] [CORC] [info] UI reconnected
[2025-12-07 22:10:34.360] [CORC] [critical] UI down, waiting reconnect...
[2025-12-07 22:10:34.360] [CORC] [info] UI reconnected
[2025-12-07 22:10:35.360] [CORC] [critical] UI down, waiting reconnect...
[2025-12-07 22:10:35.361] [CORC] [info] UI reconnected
[2025-12-07 22:10:36.361] [CORC] [critical] UI down, waiting reconnect...
[2025-12-07 22:10:36.361] [CORC] [info] UI reconnected
[2025-12-07 22:10:37.362] [CORC] [critical] UI down, waiting reconnect...
[2025-12-07 22:10:37.362] [CORC] [info] UI reconnected
[2025-12-07 22:10:38.362] [CORC] [critical] UI down, waiting reconnect...
[2025-12-07 22:10:38.362] [CORC] [info] UI reconnected
[2025-12-07 22:10:39.363] [CORC] [critical] UI down, waiting reconnect...
[2025-12-07 22:10:39.363] [CORC] [info] UI reconnected
[2025-12-07 22:10:40.364] [CORC] [critical] UI down, waiting reconnect...
[2025-12-07 22:10:40.364] [CORC] [info] UI reconnected
[2025-12-07 22:10:41.364] [CORC] [critical] UI down, waiting reconnect...
[2025-12-07 22:10:41.364] [CORC] [info] UI reconnected
[2025-12-07 22:10:42.365] [CORC] [critical] UI down, waiting reconnect...
[2025-12-07 22:10:42.365] [CORC] [info] UI reconnected
[2025-12-07 22:10:43.365] [CORC] [critical] UI down, waiting reconnect...
[2025-12-07 22:10:43.366] [CORC] [info] UI reconnected
[2025-12-07 22:10:44.366] [CORC] [critical] UI down, waiting reconnect...
[2025-12-07 22:10:44.366] [CORC] [info] UI reconnected
[2025-12-07 22:10:45.366] [CORC] [critical] UI down, waiting reconnect...
[2025-12-07 22:10:45.366] [CORC] [info] UI reconnected
[2025-12-07 22:10:46.367] [CORC] [critical] UI down, waiting reconnect...
[2025-12-07 22:10:46.367] [CORC] [info] UI reconnected
[2025-12-07 22:10:47.121] [CORC] [warning] Applicaton thread time overflow: 9.42ms (>2.0ms) !
[2025-12-07 22:10:47.369] [CORC] [critical] UI down, waiting reconnect...
[2025-12-07 22:10:47.369] [CORC] [info] UI reconnected
[2025-12-07 22:10:48.369] [CORC] [critical] UI down, waiting reconnect...
[2025-12-07 22:10:48.369] [CORC] [info] UI reconnected
[2025-12-07 22:10:49.370] [CORC] [critical] UI down, waiting reconnect...
[2025-12-07 22:10:49.370] [CORC] [info] UI reconnected
[2025-12-07 22:10:50.370] [CORC] [critical] UI down, waiting reconnect...
[2025-12-07 22:10:50.370] [CORC] [info] UI reconnected
[2025-12-07 22:10:51.370] [CORC] [critical] UI down, waiting reconnect...
[2025-12-07 22:10:51.371] [CORC] [info] UI reconnected
[2025-12-07 22:10:52.371] [CORC] [critical] UI down, waiting reconnect...
[2025-12-07 22:10:52.371] [CORC] [info] UI reconnected
[2025-12-07 22:10:53.371] [CORC] [critical] UI down, waiting reconnect...
[2025-12-07 22:10:53.371] [CORC] [info] UI reconnected
[2025-12-07 22:10:54.372] [CORC] [critical] UI down, waiting reconnect...
[2025-12-07 22:10:54.372] [CORC] [info] UI reconnected
[2025-12-07 22:10:55.372] [CORC] [critical] UI down, waiting reconnect...
[2025-12-07 22:10:55.372] [CORC] [info] UI reconnected
[2025-12-07 22:10:56.373] [CORC] [critical] UI down, waiting reconnect...
[2025-12-07 22:10:56.373] [CORC] [info] UI reconnected
[2025-12-07 22:10:57.373] [CORC] [critical] UI down, waiting reconnect...
[2025-12-07 22:10:57.373] [CORC] [info] UI reconnected
[2025-12-07 22:10:58.373] [CORC] [critical] UI down, waiting reconnect...
[2025-12-07 22:10:58.374] [CORC] [info] UI reconnected
[2025-12-07 22:10:59.374] [CORC] [critical] UI down, waiting reconnect...
[2025-12-07 22:10:59.374] [CORC] [info] UI reconnected
[2025-12-07 22:11:00.375] [CORC] [critical] UI down, waiting reconnect...
[2025-12-07 22:11:00.375] [CORC] [info] UI reconnected
[2025-12-07 22:11:01.375] [CORC] [critical] UI down, waiting reconnect...
[2025-12-07 22:11:01.375] [CORC] [info] UI reconnected
[2025-12-07 22:11:02.376] [CORC] [critical] UI down, waiting reconnect...
[2025-12-07 22:11:02.376] [CORC] [info] UI reconnected
[2025-12-07 22:11:03.376] [CORC] [critical] UI down, waiting reconnect...
[2025-12-07 22:11:03.376] [CORC] [info] UI reconnected
[2025-12-07 22:11:04.377] [CORC] [critical] UI down, waiting reconnect...
[2025-12-07 22:11:04.377] [CORC] [info] UI reconnected
[2025-12-07 22:11:05.377] [CORC] [critical] UI down, waiting reconnect...
[2025-12-07 22:11:05.377] [CORC] [info] UI reconnected
[2025-12-07 22:11:06.378] [CORC] [critical] UI down, waiting reconnect...
[2025-12-07 22:11:06.378] [CORC] [info] UI reconnected
[2025-12-07 22:11:07.378] [CORC] [critical] UI down, waiting reconnect...
[2025-12-07 22:11:07.378] [CORC] [info] UI reconnected
[2025-12-07 22:11:08.378] [CORC] [critical] UI down, waiting reconnect...
[2025-12-07 22:11:08.378] [CORC] [info] UI reconnected
[2025-12-07 22:11:09.379] [CORC] [critical] UI down, waiting reconnect...
[2025-12-07 22:11:09.379] [CORC] [info] UI reconnected
[2025-12-07 22:11:10.380] [CORC] [critical] UI down, waiting reconnect...
[2025-12-07 22:11:10.380] [CORC] [info] UI reconnected
[2025-12-07 22:11:11.381] [CORC] [critical] UI down, waiting reconnect...
[2025-12-07 22:11:11.381] [CORC] [info] UI reconnected
[2025-12-07 22:11:12.381] [CORC] [critical] UI down, waiting reconnect...
[2025-12-07 22:11:12.381] [CORC] [info] UI reconnected
[2025-12-07 22:11:13.382] [CORC] [critical] UI down, waiting reconnect...
[2025-12-07 22:11:13.382] [CORC] [info] UI reconnected
[2025-12-07 22:11:14.382] [CORC] [critical] UI down, waiting reconnect...
[2025-12-07 22:11:14.382] [CORC] [info] UI reconnected
[2025-12-07 22:11:15.382] [CORC] [critical] UI down, waiting reconnect...
[2025-12-07 22:11:15.383] [CORC] [info] UI reconnected
[2025-12-07 22:11:16.383] [CORC] [critical] UI down, waiting reconnect...
[2025-12-07 22:11:16.383] [CORC] [info] UI reconnected
[2025-12-07 22:11:17.384] [CORC] [critical] UI down, waiting reconnect...
[2025-12-07 22:11:17.384] [CORC] [info] UI reconnected
[2025-12-07 22:11:18.384] [CORC] [critical] UI down, waiting reconnect...
[2025-12-07 22:11:18.384] [CORC] [info] UI reconnected
[2025-12-07 22:11:19.385] [CORC] [critical] UI down, waiting reconnect...
[2025-12-07 22:11:19.385] [CORC] [info] UI reconnected
[2025-12-07 22:11:20.385] [CORC] [critical] UI down, waiting reconnect...
[2025-12-07 22:11:20.385] [CORC] [info] UI reconnected
[2025-12-07 22:11:21.385] [CORC] [critical] UI down, waiting reconnect...
[2025-12-07 22:11:21.385] [CORC] [info] UI reconnected
[2025-12-07 22:11:22.386] [CORC] [critical] UI down, waiting reconnect...
[2025-12-07 22:11:22.386] [CORC] [info] UI reconnected
[2025-12-07 22:11:23.386] [CORC] [critical] UI down, waiting reconnect...
[2025-12-07 22:11:23.386] [CORC] [info] UI reconnected
[2025-12-07 22:11:24.387] [CORC] [critical] UI down, waiting reconnect...
[2025-12-07 22:11:24.387] [CORC] [info] UI reconnected
[2025-12-07 22:11:25.387] [CORC] [critical] UI down, waiting reconnect...
[2025-12-07 22:11:25.387] [CORC] [info] UI reconnected
[2025-12-07 22:11:26.387] [CORC] [critical] UI down, waiting reconnect...
[2025-12-07 22:11:26.387] [CORC] [info] UI reconnected
[2025-12-07 22:11:27.388] [CORC] [critical] UI down, waiting reconnect...
[2025-12-07 22:11:27.388] [CORC] [info] UI reconnected
[2025-12-07 22:11:28.389] [CORC] [critical] UI down, waiting reconnect...
[2025-12-07 22:11:28.389] [CORC] [info] UI reconnected
[2025-12-07 22:11:29.389] [CORC] [critical] UI down, waiting reconnect...
[2025-12-07 22:11:29.390] [CORC] [info] UI reconnected
[2025-12-07 22:11:30.390] [CORC] [critical] UI down, waiting reconnect...
[2025-12-07 22:11:30.390] [CORC] [info] UI reconnected
[2025-12-07 22:11:31.390] [CORC] [critical] UI down, waiting reconnect...
[2025-12-07 22:11:31.390] [CORC] [info] UI reconnected
[2025-12-07 22:11:32.391] [CORC] [critical] UI down, waiting reconnect...
[2025-12-07 22:11:32.391] [CORC] [info] UI reconnected
[2025-12-07 22:11:33.391] [CORC] [critical] UI down, waiting reconnect...
[2025-12-07 22:11:33.391] [CORC] [info] UI reconnected
[2025-12-07 22:11:34.393] [CORC] [critical] UI down, waiting reconnect...
[2025-12-07 22:11:34.393] [CORC] [info] UI reconnected
[2025-12-07 22:11:35.393] [CORC] [critical] UI down, waiting reconnect...
[2025-12-07 22:11:35.393] [CORC] [info] UI reconnected
[2025-12-07 22:11:36.394] [CORC] [critical] UI down, waiting reconnect...
[2025-12-07 22:11:36.394] [CORC] [info] UI reconnected
[2025-12-07 22:11:37.394] [CORC] [critical] UI down, waiting reconnect...
[2025-12-07 22:11:37.394] [CORC] [info] UI reconnected
[2025-12-07 22:11:38.394] [CORC] [critical] UI down, waiting reconnect...
[2025-12-07 22:11:38.395] [CORC] [info] UI reconnected
[2025-12-07 22:11:39.395] [CORC] [critical] UI down, waiting reconnect...
[2025-12-07 22:11:39.395] [CORC] [info] UI reconnected
[2025-12-07 22:11:40.395] [CORC] [critical] UI down, waiting reconnect...
[2025-12-07 22:11:40.395] [CORC] [info] UI reconnected
[2025-12-07 22:11:41.396] [CORC] [critical] UI down, waiting reconnect...
[2025-12-07 22:11:41.396] [CORC] [info] UI reconnected
[2025-12-07 22:11:42.396] [CORC] [critical] UI down, waiting reconnect...
[2025-12-07 22:11:42.396] [CORC] [info] UI reconnected
[2025-12-07 22:11:59.852] [CORC] [warning] Applicaton thread time overflow: 17.443ms (>2.0ms) !
[2025-12-07 22:12:20.261] [CORC] [warning] Applicaton thread time overflow: 21.459ms (>2.0ms) !
[2025-12-07 22:12:30.490] [CORC] [warning] Applicaton thread time overflow: 25.569000000000003ms (>2.0ms) !
[2025-12-07 22:13:17.719] [CORC] [info] [TRANS] accepting BGIN -> toProb
[2025-12-07 22:13:17.720] [CORC] [info] Exited M2 Standby state...
[2025-12-07 22:13:17.720] [CORC] [info] Entering M2 Probabilistic Move state...
[2025-12-07 22:13:17.743] [CORC] [info] [STATIC] Loaded 0 up and 0 left perturbation samples (hard-coded).
[2025-12-07 22:13:17.743] [CORC] [info] [SCHEDULE] Built seeded schedule (total=10, leftCount=5, seed=1661471, attempts=1)
[2025-12-07 22:13:17.743] [CORC] [warning] Applicaton thread time overflow: 23.466ms (>2.0ms) !
[2025-12-07 22:13:20.302] [CORC] [info] TO_A -> WAIT_START (betweenTrials=1)
[2025-12-07 22:13:20.304] [CORC] [info] HLKD -> k_hold=1000.0, d_hold=35.0
[2025-12-07 22:13:21.745] [CORC] [info] WAIT_START cfg: pLeft=0.500, mode=1, targetSucc=10, maxTrials=10, V1=0/0, V2Score=0.000(0), finishedFlag=0
[2025-12-07 22:13:21.745] [CORC] [info] F=(-1.722,1.377), |F|=2.205
[2025-12-07 22:13:23.745] [CORC] [info] WAIT_START cfg: pLeft=0.500, mode=1, targetSucc=10, maxTrials=10, V1=0/0, V2Score=0.000(0), finishedFlag=0
[2025-12-07 22:13:23.745] [CORC] [info] F=(-0.344,2.066), |F|=2.095
[2025-12-07 22:13:24.634] [CORC] [info] BETWEEN-TRIALS: S_MD -> mode=1 (currentMode now = 1)
[2025-12-07 22:13:25.746] [CORC] [info] WAIT_START cfg: pLeft=0.500, mode=1, targetSucc=10, maxTrials=10, V1=0/0, V2Score=0.000(0), finishedFlag=0
[2025-12-07 22:13:25.746] [CORC] [info] F=(-1.033,2.066), |F|=2.310
[2025-12-07 22:13:27.747] [CORC] [info] WAIT_START cfg: pLeft=0.500, mode=1, targetSucc=10, maxTrials=10, V1=0/0, V2Score=0.000(0), finishedFlag=0
[2025-12-07 22:13:27.747] [CORC] [info] F=(0.000,1.722), |F|=1.722
[2025-12-07 22:13:29.747] [CORC] [info] WAIT_START cfg: pLeft=0.500, mode=1, targetSucc=10, maxTrials=10, V1=0/0, V2Score=0.000(0), finishedFlag=0
[2025-12-07 22:13:29.748] [CORC] [info] F=(-1.033,1.722), |F|=2.008
[2025-12-07 22:13:31.749] [CORC] [info] WAIT_START cfg: pLeft=0.500, mode=1, targetSucc=10, maxTrials=10, V1=0/0, V2Score=0.000(0), finishedFlag=0
[2025-12-07 22:13:31.749] [CORC] [info] F=(-1.033,1.722), |F|=2.008
[2025-12-07 22:13:32.890] [CORC] [info] GLOBAL: STRT captured (pendingStart=1, t=15.170)
[2025-12-07 22:13:32.890] [CORC] [info] meanNorm =1.840
[2025-12-07 22:13:32.892] [CORC] [info] WAIT_START: pendingStart consumed -> TRIAL (atA_hold=1)
[2025-12-07 22:13:32.892] [CORC] [warning] Applicaton thread time overflow: 2.343ms (>2.0ms) !
[2025-12-07 22:13:32.892] [CORC] [info] TRIAL direction (deterministic): UP
[2025-12-07 22:13:32.892] [CORC] [info] TRBBBBB
[2025-12-07 22:13:32.892] [CORC] [info] TRIAL_BEGIN cfg: pLeft=0.500, mode=1, targetSucc=10, maxTrials=10, V1=0/0, V2Score=0.000(0)
[2025-12-07 22:13:33.288] [CORC] [info] TRPPPP
[2025-12-07 22:13:33.288] [CORC] [info] EndPosX=0.3210404887857579, EndPosY=0.14317713892450734
[2025-12-07 22:13:33.392] [CORC] [info] TRPPPP
[2025-12-07 22:13:33.392] [CORC] [info] EndPosX=0.32103670373436805, EndPosY=0.2135261040565795
[2025-12-07 22:13:33.392] [CORC] [info] TREEEEEE
[2025-12-07 22:13:33.392] [CORC] [info] [TREN SEND] (t=15.6723, dur=0.500157, reached=1, dist=0.00853708, effort=268.32, trialScore=1, mode=1, cur=1, max=10, v1_suc=1, v1_tar=10, v2_sco=0, dirCode=1)
[2025-12-07 22:13:33.392] [CORC] [info] TRIAL: finished (reachedC=true, timeout=true) -> WAIT_START. Awaiting STRT.
[2025-12-07 22:13:33.750] [CORC] [info] WAIT_START cfg: pLeft=0.500, mode=1, targetSucc=10, maxTrials=10, V1=1/1, V2Score=0.000(0), finishedFlag=0
[2025-12-07 22:13:33.750] [CORC] [info] F=(-0.344,8.265), |F|=8.272
[2025-12-07 22:13:35.417] [CORC] [info] GLOBAL: RSTA -> TO_A
[2025-12-07 22:13:38.152] [CORC] [info] TO_A -> WAIT_START (betweenTrials=1)
[2025-12-07 22:13:38.154] [CORC] [info] HLKD -> k_hold=1000.0, d_hold=35.0
[2025-12-07 22:13:39.753] [CORC] [info] WAIT_START cfg: pLeft=0.500, mode=1, targetSucc=10, maxTrials=10, V1=1/1, V2Score=0.000(0), finishedFlag=0
[2025-12-07 22:13:39.753] [CORC] [info] F=(-0.344,1.377), |F|=1.420
[2025-12-07 22:13:40.450] [CORC] [info] GLOBAL: STRT captured (pendingStart=1, t=22.730)
[2025-12-07 22:13:40.450] [CORC] [info] meanNorm =0.930
[2025-12-07 22:13:40.451] [CORC] [info] WAIT_START: pendingStart consumed -> TRIAL (atA_hold=1)
[2025-12-07 22:13:40.452] [CORC] [info] TRIAL direction (deterministic): UP
[2025-12-07 22:13:40.452] [CORC] [info] TRBBBBB
[2025-12-07 22:13:40.452] [CORC] [info] TRIAL_BEGIN cfg: pLeft=0.500, mode=1, targetSucc=10, maxTrials=10, V1=1/1, V2Score=0.000(0)
[2025-12-07 22:13:40.843] [CORC] [info] TRPPPP
[2025-12-07 22:13:40.843] [CORC] [info] EndPosX=0.32087773157599364, EndPosY=0.14252611008545019
[2025-12-07 22:13:40.953] [CORC] [info] TRPPPP
[2025-12-07 22:13:40.953] [CORC] [info] EndPosX=0.32087773157599364, EndPosY=0.21805302551886072
[2025-12-07 22:13:40.953] [CORC] [info] TREEEEEE
[2025-12-07 22:13:40.953] [CORC] [info] [TREN SEND] (t=23.233, dur=0.50097, reached=1, dist=0.00404339, effort=272.083, trialScore=1, mode=1, cur=2, max=10, v1_suc=2, v1_tar=10, v2_sco=0, dirCode=1)
[2025-12-07 22:13:40.953] [CORC] [info] TRIAL: finished (reachedC=true, timeout=true) -> WAIT_START. Awaiting STRT.
[2025-12-07 22:13:41.755] [CORC] [info] WAIT_START cfg: pLeft=0.500, mode=1, targetSucc=10, maxTrials=10, V1=2/2, V2Score=0.000(0), finishedFlag=0
[2025-12-07 22:13:41.755] [CORC] [info] F=(0.000,0.344), |F|=0.344
[2025-12-07 22:13:42.987] [CORC] [info] GLOBAL: RSTA -> TO_A
[2025-12-07 22:13:45.712] [CORC] [info] TO_A -> WAIT_START (betweenTrials=1)
[2025-12-07 22:13:45.714] [CORC] [info] HLKD -> k_hold=1000.0, d_hold=35.0
[2025-12-07 22:13:45.757] [CORC] [info] WAIT_START cfg: pLeft=0.500, mode=1, targetSucc=10, maxTrials=10, V1=2/2, V2Score=0.000(0), finishedFlag=0
[2025-12-07 22:13:45.757] [CORC] [info] F=(-1.033,0.000), |F|=1.033
[2025-12-07 22:13:47.757] [CORC] [info] WAIT_START cfg: pLeft=0.500, mode=1, targetSucc=10, maxTrials=10, V1=2/2, V2Score=0.000(0), finishedFlag=0
[2025-12-07 22:13:47.757] [CORC] [info] F=(-1.722,1.377), |F|=2.205
[2025-12-07 22:13:48.024] [CORC] [info] GLOBAL: STRT captured (pendingStart=1, t=30.304)
[2025-12-07 22:13:48.024] [CORC] [info] meanNorm =0.743
[2025-12-07 22:13:48.025] [CORC] [info] WAIT_START: pendingStart consumed -> TRIAL (atA_hold=1)
[2025-12-07 22:13:48.026] [CORC] [info] TRIAL direction (deterministic): SIDE
[2025-12-07 22:13:48.026] [CORC] [info] TRBBBBB
[2025-12-07 22:13:48.026] [CORC] [info] TRIAL_BEGIN cfg: pLeft=0.500, mode=1, targetSucc=10, maxTrials=10, V1=2/2, V2Score=0.000(0)
[2025-12-07 22:13:48.526] [CORC] [info] TRPPPP
[2025-12-07 22:13:48.526] [CORC] [info] EndPosX=0.06436101383330223, EndPosY=0.0015821514809644943
[2025-12-07 22:13:48.526] [CORC] [info] TREEEEEE
[2025-12-07 22:13:48.526] [CORC] [info] [TREN SEND] (t=30.8064, dur=0.500233, reached=0, dist=0.337543, effort=189.228, trialScore=0, mode=1, cur=3, max=10, v1_suc=2, v1_tar=10, v2_sco=0, dirCode=-1)
[2025-12-07 22:13:48.526] [CORC] [info] TRIAL: finished (reachedC=false, timeout=true) -> WAIT_START. Awaiting STRT.
[2025-12-07 22:13:49.759] [CORC] [info] WAIT_START cfg: pLeft=0.500, mode=1, targetSucc=10, maxTrials=10, V1=2/3, V2Score=0.000(0), finishedFlag=0
[2025-12-07 22:13:49.759] [CORC] [info] F=(7.920,0.000), |F|=7.920
[2025-12-07 22:13:50.557] [CORC] [info] GLOBAL: RSTA -> TO_A
[2025-12-07 22:13:51.783] [CORC] [info] TO_A -> WAIT_START (betweenTrials=1)
[2025-12-07 22:13:51.785] [CORC] [info] HLKD -> k_hold=1000.0, d_hold=35.0
[2025-12-07 22:13:53.760] [CORC] [info] WAIT_START cfg: pLeft=0.500, mode=1, targetSucc=10, maxTrials=10, V1=2/3, V2Score=0.000(0), finishedFlag=0
[2025-12-07 22:13:53.760] [CORC] [info] F=(3.444,0.000), |F|=3.444
[2025-12-07 22:13:55.593] [CORC] [info] GLOBAL: STRT captured (pendingStart=1, t=37.873)
[2025-12-07 22:13:55.593] [CORC] [info] meanNorm =3.846
[2025-12-07 22:13:55.595] [CORC] [info] WAIT_START: pendingStart consumed -> TRIAL (atA_hold=1)
[2025-12-07 22:13:55.595] [CORC] [warning] Applicaton thread time overflow: 2.5010000000000003ms (>2.0ms) !
[2025-12-07 22:13:55.595] [CORC] [info] TRIAL direction (deterministic): UP
[2025-12-07 22:13:55.595] [CORC] [info] TRBBBBB
[2025-12-07 22:13:55.595] [CORC] [info] TRIAL_BEGIN cfg: pLeft=0.500, mode=1, targetSucc=10, maxTrials=10, V1=2/3, V2Score=0.000(0)
[2025-12-07 22:13:55.762] [CORC] [info] TRIAL status: t=0.166, n=0.156, effort=75.692, pLeft=0.500, mode=1, targetSucc=10, maxTrials=10
[2025-12-07 22:13:55.872] [CORC] [info] TRPPPP
[2025-12-07 22:13:55.872] [CORC] [info] EndPosX=0.324060959794872, EndPosY=0.14259045595907793
[2025-12-07 22:13:56.096] [CORC] [info] TRPPPP
[2025-12-07 22:13:56.096] [CORC] [info] EndPosX=0.35565856879748353, EndPosY=0.3217369382414935
[2025-12-07 22:13:56.096] [CORC] [info] TREEEEEE
[2025-12-07 22:13:56.096] [CORC] [info] [TREN SEND] (t=38.3759, dur=0.50033, reached=0, dist=0.10592, effort=381.135, trialScore=0, mode=1, cur=4, max=10, v1_suc=2, v1_tar=10, v2_sco=0, dirCode=1)
[2025-12-07 22:13:56.096] [CORC] [info] TRIAL: finished (reachedC=false, timeout=true) -> WAIT_START. Awaiting STRT.
[2025-12-07 22:13:57.763] [CORC] [info] WAIT_START cfg: pLeft=0.500, mode=1, targetSucc=10, maxTrials=10, V1=2/4, V2Score=0.000(0), finishedFlag=0
[2025-12-07 22:13:57.763] [CORC] [info] F=(0.344,0.000), |F|=0.344
[2025-12-07 22:13:58.125] [CORC] [info] GLOBAL: RSTA -> TO_A
[2025-12-07 22:14:03.133] [CORC] [info] TO_A -> WAIT_START (betweenTrials=1)
[2025-12-07 22:14:03.135] [CORC] [info] HLKD -> k_hold=1000.0, d_hold=35.0
[2025-12-07 22:14:03.161] [CORC] [info] GLOBAL: STRT captured (pendingStart=1, t=45.441)
[2025-12-07 22:14:03.161] [CORC] [info] meanNorm =14.348
[2025-12-07 22:14:03.161] [CORC] [info] WAIT_START: pendingStart consumed -> TRIAL (atA_hold=1)
[2025-12-07 22:14:03.162] [CORC] [info] TRIAL direction (deterministic): UP
[2025-12-07 22:14:03.162] [CORC] [info] TRBBBBB
[2025-12-07 22:14:03.163] [CORC] [info] TRIAL_BEGIN cfg: pLeft=0.500, mode=1, targetSucc=10, maxTrials=10, V1=2/4, V2Score=0.000(0)
[2025-12-07 22:14:03.571] [CORC] [info] TRPPPP
[2025-12-07 22:14:03.571] [CORC] [info] EndPosX=0.30291009262829394, EndPosY=0.1442104579539411
[2025-12-07 22:14:03.663] [CORC] [info] TRPPPP
[2025-12-07 22:14:03.663] [CORC] [info] EndPosX=0.30543850695672525, EndPosY=0.19968795617522495
[2025-12-07 22:14:03.663] [CORC] [info] TREEEEEE
[2025-12-07 22:14:03.663] [CORC] [info] [TREN SEND] (t=45.943, dur=0.500276, reached=1, dist=0.0266433, effort=276.064, trialScore=1, mode=1, cur=5, max=10, v1_suc=3, v1_tar=10, v2_sco=0, dirCode=1)
[2025-12-07 22:14:03.663] [CORC] [info] TRIAL: finished (reachedC=true, timeout=true) -> WAIT_START. Awaiting STRT.
[2025-12-07 22:14:03.765] [CORC] [info] WAIT_START cfg: pLeft=0.500, mode=1, targetSucc=10, maxTrials=10, V1=3/5, V2Score=0.000(0), finishedFlag=0
[2025-12-07 22:14:03.765] [CORC] [info] F=(0.000,8.609), |F|=8.609
[2025-12-07 22:14:05.696] [CORC] [info] GLOBAL: RSTA -> TO_A
[2025-12-07 22:14:06.696] [CORC] [info] TO_A -> WAIT_START (betweenTrials=1)
[2025-12-07 22:14:06.698] [CORC] [info] HLKD -> k_hold=1000.0, d_hold=35.0
[2025-12-07 22:14:07.766] [CORC] [info] WAIT_START cfg: pLeft=0.500, mode=1, targetSucc=10, maxTrials=10, V1=3/5, V2Score=0.000(0), finishedFlag=0
[2025-12-07 22:14:07.766] [CORC] [info] F=(0.000,0.000), |F|=0.000
[2025-12-07 22:14:09.767] [CORC] [info] WAIT_START cfg: pLeft=0.500, mode=1, targetSucc=10, maxTrials=10, V1=3/5, V2Score=0.000(0), finishedFlag=0
[2025-12-07 22:14:09.767] [CORC] [info] F=(0.000,0.000), |F|=0.000
[2025-12-07 22:14:10.713] [CORC] [info] GLOBAL: STRT captured (pendingStart=1, t=52.994)
[2025-12-07 22:14:10.714] [CORC] [info] meanNorm =0.042
[2025-12-07 22:14:10.714] [CORC] [info] WAIT_START: pendingStart consumed -> TRIAL (atA_hold=1)
[2025-12-07 22:14:10.715] [CORC] [info] TRIAL direction (deterministic): SIDE
[2025-12-07 22:14:10.715] [CORC] [info] TRBBBBB
[2025-12-07 22:14:10.715] [CORC] [info] TRIAL_BEGIN cfg: pLeft=0.500, mode=1, targetSucc=10, maxTrials=10, V1=3/5, V2Score=0.000(0)
[2025-12-07 22:14:10.774] [CORC] [warning] Applicaton thread time overflow: 22.908ms (>2.0ms) !
[2025-12-07 22:14:11.217] [CORC] [info] TRPPPP
[2025-12-07 22:14:11.217] [CORC] [info] EndPosX=0.1230936562498719, EndPosY=0.0016957030226605121
[2025-12-07 22:14:11.217] [CORC] [info] TREEEEEE
[2025-12-07 22:14:11.217] [CORC] [info] [TREN SEND] (t=53.4969, dur=0.501318, reached=0, dist=0.295476, effort=152.904, trialScore=0, mode=1, cur=6, max=10, v1_suc=3, v1_tar=10, v2_sco=0, dirCode=-1)
[2025-12-07 22:14:11.217] [CORC] [info] TRIAL: finished (reachedC=false, timeout=true) -> WAIT_START. Awaiting STRT.
[2025-12-07 22:14:11.789] [CORC] [info] WAIT_START cfg: pLeft=0.500, mode=1, targetSucc=10, maxTrials=10, V1=3/6, V2Score=0.000(0), finishedFlag=0
[2025-12-07 22:14:11.789] [CORC] [info] F=(8.954,0.000), |F|=8.954
[2025-12-07 22:14:13.245] [CORC] [info] GLOBAL: RSTA -> TO_A
[2025-12-07 22:14:17.179] [CORC] [info] TO_A -> WAIT_START (betweenTrials=1)
[2025-12-07 22:14:17.181] [CORC] [info] HLKD -> k_hold=1000.0, d_hold=35.0
[2025-12-07 22:14:17.791] [CORC] [info] WAIT_START cfg: pLeft=0.500, mode=1, targetSucc=10, maxTrials=10, V1=3/6, V2Score=0.000(0), finishedFlag=0
[2025-12-07 22:14:17.791] [CORC] [info] F=(1.722,1.377), |F|=2.205
[2025-12-07 22:14:18.278] [CORC] [info] GLOBAL: STRT captured (pendingStart=1, t=60.558)
[2025-12-07 22:14:18.278] [CORC] [info] meanNorm =2.126
[2025-12-07 22:14:18.280] [CORC] [info] WAIT_START: pendingStart consumed -> TRIAL (atA_hold=1)
[2025-12-07 22:14:18.280] [CORC] [warning] Applicaton thread time overflow: 2.248ms (>2.0ms) !
[2025-12-07 22:14:18.280] [CORC] [info] TRIAL direction (deterministic): SIDE
[2025-12-07 22:14:18.280] [CORC] [info] TRBBBBB
[2025-12-07 22:14:18.280] [CORC] [info] TRIAL_BEGIN cfg: pLeft=0.500, mode=1, targetSucc=10, maxTrials=10, V1=3/6, V2Score=0.000(0)
[2025-12-07 22:14:18.780] [CORC] [info] TRPPPP
[2025-12-07 22:14:18.780] [CORC] [info] EndPosX=0.03153704818037373, EndPosY=0.00048070152651313175
[2025-12-07 22:14:18.780] [CORC] [info] TREEEEEE
[2025-12-07 22:14:18.780] [CORC] [info] [TREN SEND] (t=61.0604, dur=0.500181, reached=0, dist=0.363705, effort=201.161, trialScore=0, mode=1, cur=7, max=10, v1_suc=3, v1_tar=10, v2_sco=0, dirCode=-1)
[2025-12-07 22:14:18.780] [CORC] [info] TRIAL: finished (reachedC=false, timeout=true) -> WAIT_START. Awaiting STRT.
[2025-12-07 22:14:19.793] [CORC] [info] WAIT_START cfg: pLeft=0.500, mode=1, targetSucc=10, maxTrials=10, V1=3/7, V2Score=0.000(0), finishedFlag=0
[2025-12-07 22:14:19.793] [CORC] [info] F=(0.344,-0.344), |F|=0.487
[2025-12-07 22:14:20.815] [CORC] [info] GLOBAL: RSTA -> TO_A
[2025-12-07 22:14:23.310] [CORC] [info] TO_A -> WAIT_START (betweenTrials=1)
[2025-12-07 22:14:23.312] [CORC] [info] HLKD -> k_hold=1000.0, d_hold=35.0
[2025-12-07 22:14:23.795] [CORC] [info] WAIT_START cfg: pLeft=0.500, mode=1, targetSucc=10, maxTrials=10, V1=3/7, V2Score=0.000(0), finishedFlag=0
[2025-12-07 22:14:23.795] [CORC] [info] F=(0.689,1.377), |F|=1.540
[2025-12-07 22:14:25.796] [CORC] [info] WAIT_START cfg: pLeft=0.500, mode=1, targetSucc=10, maxTrials=10, V1=3/7, V2Score=0.000(0), finishedFlag=0
[2025-12-07 22:14:25.796] [CORC] [info] F=(0.689,1.033), |F|=1.242
[2025-12-07 22:14:25.844] [CORC] [info] GLOBAL: STRT captured (pendingStart=1, t=68.124)
[2025-12-07 22:14:25.844] [CORC] [info] meanNorm =1.406
[2025-12-07 22:14:25.844] [CORC] [info] WAIT_START: pendingStart consumed -> TRIAL (atA_hold=1)
[2025-12-07 22:14:25.846] [CORC] [info] TRIAL direction (deterministic): SIDE
[2025-12-07 22:14:25.846] [CORC] [info] TRBBBBB
[2025-12-07 22:14:25.846] [CORC] [info] TRIAL_BEGIN cfg: pLeft=0.500, mode=1, targetSucc=10, maxTrials=10, V1=3/7, V2Score=0.000(0)
[2025-12-07 22:14:26.346] [CORC] [info] TRPPPP
[2025-12-07 22:14:26.346] [CORC] [info] EndPosX=0.029171391061706686, EndPosY=0.00048070152651313175
[2025-12-07 22:14:26.346] [CORC] [info] TREEEEEE
[2025-12-07 22:14:26.346] [CORC] [info] [TREN SEND] (t=68.6262, dur=0.50019, reached=0, dist=0.365585, effort=204.011, trialScore=0, mode=1, cur=8, max=10, v1_suc=3, v1_tar=10, v2_sco=0, dirCode=-1)
[2025-12-07 22:14:26.346] [CORC] [info] TRIAL: finished (reachedC=false, timeout=true) -> WAIT_START. Awaiting STRT.
[2025-12-07 22:14:27.796] [CORC] [info] WAIT_START cfg: pLeft=0.500, mode=1, targetSucc=10, maxTrials=10, V1=3/8, V2Score=0.000(0), finishedFlag=0
[2025-12-07 22:14:27.796] [CORC] [info] F=(0.000,0.344), |F|=0.344
[2025-12-07 22:14:28.389] [CORC] [info] GLOBAL: RSTA -> TO_A
[2025-12-07 22:14:30.880] [CORC] [info] TO_A -> WAIT_START (betweenTrials=1)
[2025-12-07 22:14:30.882] [CORC] [info] HLKD -> k_hold=1000.0, d_hold=35.0
[2025-12-07 22:14:31.798] [CORC] [info] WAIT_START cfg: pLeft=0.500, mode=1, targetSucc=10, maxTrials=10, V1=3/8, V2Score=0.000(0), finishedFlag=0
[2025-12-07 22:14:31.798] [CORC] [info] F=(0.689,1.377), |F|=1.540
[2025-12-07 22:14:33.434] [CORC] [info] GLOBAL: STRT captured (pendingStart=1, t=75.715)
[2025-12-07 22:14:33.435] [CORC] [info] meanNorm =1.368
[2025-12-07 22:14:33.435] [CORC] [info] WAIT_START: pendingStart consumed -> TRIAL (atA_hold=1)
[2025-12-07 22:14:33.436] [CORC] [info] TRIAL direction (deterministic): SIDE
[2025-12-07 22:14:33.436] [CORC] [info] TRBBBBB
[2025-12-07 22:14:33.436] [CORC] [info] TRIAL_BEGIN cfg: pLeft=0.500, mode=1, targetSucc=10, maxTrials=10, V1=3/8, V2Score=0.000(0)
[2025-12-07 22:14:33.799] [CORC] [info] TRIAL status: t=0.362, n=0.290, effort=136.252, pLeft=0.500, mode=1, targetSucc=10, maxTrials=10
[2025-12-07 22:14:33.937] [CORC] [info] TRPPPP
[2025-12-07 22:14:33.937] [CORC] [info] EndPosX=0.028016950387797168, EndPosY=0.0004882716292928732
[2025-12-07 22:14:33.937] [CORC] [info] TREEEEEE
[2025-12-07 22:14:33.937] [CORC] [info] [TREN SEND] (t=76.2167, dur=0.50019, reached=0, dist=0.366499, effort=205.34, trialScore=0, mode=1, cur=9, max=10, v1_suc=3, v1_tar=10, v2_sco=0, dirCode=-1)
[2025-12-07 22:14:33.937] [CORC] [info] TRIAL: finished (reachedC=false, timeout=true) -> WAIT_START. Awaiting STRT.
[2025-12-07 22:14:35.799] [CORC] [info] WAIT_START cfg: pLeft=0.500, mode=1, targetSucc=10, maxTrials=10, V1=3/9, V2Score=0.000(0), finishedFlag=0
[2025-12-07 22:14:35.799] [CORC] [info] F=(-0.344,0.000), |F|=0.344
[2025-12-07 22:14:35.961] [CORC] [info] GLOBAL: RSTA -> TO_A
[2025-12-07 22:14:38.430] [CORC] [info] GLOBAL: HALT -> finishedFlag=1
[2025-12-07 22:14:38.432] [CORC] [info] SESSSSS
[2025-12-07 22:14:38.432] [CORC] [info] Exited M2 Probabilistic Move state...
[2025-12-07 22:14:38.432] [CORC] [info] Entering M2 Standby state...
[2025-12-07 22:14:38.455] [CORC] [warning] Applicaton thread time overflow: 23.398ms (>2.0ms) !
[2025-12-07 22:14:40.482] [CORC] [critical] UI down, waiting reconnect...
[2025-12-07 22:14:40.482] [CORC] [info] UI reconnected
[2025-12-07 22:14:41.483] [CORC] [critical] UI down, waiting reconnect...
[2025-12-07 22:14:41.483] [CORC] [info] UI reconnected
[2025-12-07 22:14:42.484] [CORC] [critical] UI down, waiting reconnect...
[2025-12-07 22:14:42.484] [CORC] [info] UI reconnected
[2025-12-07 22:14:43.484] [CORC] [critical] UI down, waiting reconnect...
[2025-12-07 22:14:43.484] [CORC] [info] UI reconnected
[2025-12-07 22:14:44.337] [CORC] [info] Exited M2 Standby state...
[2025-12-07 22:14:44.337] [CORC] [info] Disabling robot...
[2025-12-07 22:14:44.337] [CORC] [info] CORC End application
[2025-12-07 22:14:44.838] [CORC] [info] Canopend on can0 (nodeId=80) - finished.
[2025-12-07 22:28:46.922] [CORC] [info] ===============================================
[2025-12-07 22:28:46.922] [CORC] [info] ============ Start logging session ============
[2025-12-07 22:28:46.922] [CORC] [warning] Running without root privilege: using non-RT priority threads
[2025-12-07 22:28:46.922] [CORC] [info] vcan0: -
[2025-12-07 22:28:46.922] [CORC] [info] can0: up
[2025-12-07 22:28:46.922] [CORC] [info] Using: can0 (3)
[2025-12-07 22:28:46.922] [CORC] [info] Starting CANopen device with Node ID 80
[2025-12-07 22:28:46.922] [CORC] [info] Using default robot parameters (no YAML file specified).
[2025-12-07 22:28:46.922] [CORC] [info] Could not open joystick (/dev/input/js0)
[2025-12-07 22:28:46.923] [CORC] [info] CORC Start application
[2025-12-07 22:28:46.923] [CORC] [info] Application thread running at 500Hz.
[2025-12-07 22:28:48.038] [CORC] [info] Starting logger M2MachineLog (Time (s), Position_1, Position_2, Velocity_1, Velocity_2, Force_1, Force_2)
[2025-12-07 22:28:48.038] [CORC] [info] Initialised network communication server (0.0.0.0:2048) for M2 robot (state size: 7)
[2025-12-07 22:28:48.038] [CORC] [info] Starting logger M2MachineLog (Time (s), Position_1, Position_2, Velocity_1, Velocity_2, Force_1, Force_2)
[2025-12-07 22:28:48.038] [CORC] [info] Entering M2 Calib State state...
[2025-12-07 22:28:48.060] [CORC] [critical] UI down, waiting reconnect...
[2025-12-07 22:28:48.061] [CORC] [info] UI reconnected
[2025-12-07 22:28:49.061] [CORC] [critical] UI down, waiting reconnect...
[2025-12-07 22:28:49.061] [CORC] [info] UI reconnected
[2025-12-07 22:28:50.062] [CORC] [critical] UI down, waiting reconnect...
[2025-12-07 22:28:50.062] [CORC] [info] UI reconnected
[2025-12-07 22:28:52.095] [CORC] [info] [FourierForceSensor::calibrate]: Force Sensor 3 succesfully zeroed with offset 1508.2686996547757.
[2025-12-07 22:28:54.097] [CORC] [info] [FourierForceSensor::calibrate]: Force Sensor 4 succesfully zeroed with offset 1503.3402417962004.
[2025-12-07 22:28:54.097] [CORC] [warning] Applicaton thread time overflow: 4003.585ms (>2.0ms) !
[2025-12-07 22:28:54.097] [CORC] [critical] UI down, waiting reconnect...
[2025-12-07 22:28:54.097] [CORC] [info] UI reconnected
[2025-12-07 22:28:54.100] [CORC] [info] Exited M2 Calib State state...
[2025-12-07 22:28:54.100] [CORC] [info] Entering M2 Standby state...
[2025-12-07 22:28:54.123] [CORC] [warning] Applicaton thread time overflow: 23.439ms (>2.0ms) !
[2025-12-07 22:28:55.099] [CORC] [critical] UI down, waiting reconnect...
[2025-12-07 22:28:55.099] [CORC] [info] UI reconnected
[2025-12-07 22:28:56.100] [CORC] [critical] UI down, waiting reconnect...
[2025-12-07 22:28:56.100] [CORC] [info] UI reconnected
[2025-12-07 22:28:57.100] [CORC] [critical] UI down, waiting reconnect...
[2025-12-07 22:28:57.100] [CORC] [info] UI reconnected
[2025-12-07 22:29:01.242] [CORC] [info] [TRANS] accepting BGIN -> toProb
[2025-12-07 22:29:01.243] [CORC] [info] Exited M2 Standby state...
[2025-12-07 22:29:01.243] [CORC] [info] Entering M2 Probabilistic Move state...
[2025-12-07 22:29:01.266] [CORC] [info] [STATIC] Loaded 0 up and 0 left perturbation samples (hard-coded).
[2025-12-07 22:29:01.266] [CORC] [info] [SCHEDULE] Built seeded schedule (total=10, leftCount=5, seed=1661471, attempts=1)
[2025-12-07 22:29:01.266] [CORC] [warning] Applicaton thread time overflow: 23.876ms (>2.0ms) !
[2025-12-07 22:29:02.845] [CORC] [info] TO_A -> WAIT_START (betweenTrials=1)
[2025-12-07 22:29:02.847] [CORC] [info] HLKD -> k_hold=1000.0, d_hold=35.0
[2025-12-07 22:29:03.267] [CORC] [info] WAIT_START cfg: pLeft=0.500, mode=1, targetSucc=10, maxTrials=10, V1=0/0, V2Score=0.000(0), finishedFlag=0
[2025-12-07 22:29:03.267] [CORC] [info] F=(2.755,1.722), |F|=3.249
[2025-12-07 22:29:05.268] [CORC] [info] WAIT_START cfg: pLeft=0.500, mode=1, targetSucc=10, maxTrials=10, V1=0/0, V2Score=0.000(0), finishedFlag=0
[2025-12-07 22:29:05.268] [CORC] [info] F=(3.444,1.722), |F|=3.850
[2025-12-07 22:29:07.269] [CORC] [info] WAIT_START cfg: pLeft=0.500, mode=1, targetSucc=10, maxTrials=10, V1=0/0, V2Score=0.000(0), finishedFlag=0
[2025-12-07 22:29:07.269] [CORC] [info] F=(3.444,1.722), |F|=3.850
[2025-12-07 22:29:09.270] [CORC] [info] WAIT_START cfg: pLeft=0.500, mode=1, targetSucc=10, maxTrials=10, V1=0/0, V2Score=0.000(0), finishedFlag=0
[2025-12-07 22:29:09.270] [CORC] [info] F=(3.444,1.377), |F|=3.709
[2025-12-07 22:29:11.271] [CORC] [info] WAIT_START cfg: pLeft=0.500, mode=1, targetSucc=10, maxTrials=10, V1=0/0, V2Score=0.000(0), finishedFlag=0
[2025-12-07 22:29:11.271] [CORC] [info] F=(2.411,2.066), |F|=3.175
[2025-12-07 22:29:13.273] [CORC] [info] WAIT_START cfg: pLeft=0.500, mode=1, targetSucc=10, maxTrials=10, V1=0/0, V2Score=0.000(0), finishedFlag=0
[2025-12-07 22:29:13.273] [CORC] [info] F=(3.444,1.377), |F|=3.709
[2025-12-07 22:29:15.273] [CORC] [info] WAIT_START cfg: pLeft=0.500, mode=1, targetSucc=10, maxTrials=10, V1=0/0, V2Score=0.000(0), finishedFlag=0
[2025-12-07 22:29:15.273] [CORC] [info] F=(3.444,1.377), |F|=3.709
[2025-12-07 22:29:17.274] [CORC] [info] WAIT_START cfg: pLeft=0.500, mode=1, targetSucc=10, maxTrials=10, V1=0/0, V2Score=0.000(0), finishedFlag=0
[2025-12-07 22:29:17.274] [CORC] [info] F=(3.444,1.377), |F|=3.709
[2025-12-07 22:29:17.450] [CORC] [info] GLOBAL: STRT captured (pendingStart=1, t=16.207)
[2025-12-07 22:29:17.450] [CORC] [info] meanNorm =3.778
[2025-12-07 22:29:17.451] [CORC] [info] WAIT_START: pendingStart consumed -> TRIAL (atA_hold=1)
[2025-12-07 22:29:17.452] [CORC] [info] TRIAL direction (deterministic): UP
[2025-12-07 22:29:17.452] [CORC] [info] TRBBBBB
[2025-12-07 22:29:17.452] [CORC] [info] TRIAL_BEGIN cfg: pLeft=0.500, mode=1, targetSucc=10, maxTrials=10, V1=0/0, V2Score=0.000(0)
[2025-12-07 22:29:17.850] [CORC] [info] TRPPPP
[2025-12-07 22:29:17.851] [CORC] [info] EndPosX=0.3160631462080825, EndPosY=0.14304844717725185
[2025-12-07 22:29:17.953] [CORC] [info] TRPPPP
[2025-12-07 22:29:17.953] [CORC] [info] EndPosX=0.31605557610530277, EndPosY=0.2120272237061921
[2025-12-07 22:29:17.953] [CORC] [info] TREEEEEE
[2025-12-07 22:29:17.953] [CORC] [info] [TREN SEND] (t=16.7095, dur=0.500328, reached=1, dist=0.0107245, effort=266.106, trialScore=1, mode=1, cur=1, max=10, v1_suc=1, v1_tar=10, v2_sco=0, dirCode=1)
[2025-12-07 22:29:17.953] [CORC] [info] TRIAL: finished (reachedC=true, timeout=true) -> WAIT_START. Awaiting STRT.
[2025-12-07 22:29:19.275] [CORC] [info] WAIT_START cfg: pLeft=0.500, mode=1, targetSucc=10, maxTrials=10, V1=1/1, V2Score=0.000(0), finishedFlag=0
[2025-12-07 22:29:19.275] [CORC] [info] F=(0.000,-7.232), |F|=7.232
[2025-12-07 22:29:19.969] [CORC] [info] GLOBAL: RSTA -> TO_A
[2025-12-07 22:29:21.702] [CORC] [info] TO_A -> WAIT_START (betweenTrials=1)
[2025-12-07 22:29:21.704] [CORC] [info] HLKD -> k_hold=1000.0, d_hold=35.0
[2025-12-07 22:29:23.277] [CORC] [info] WAIT_START cfg: pLeft=0.500, mode=1, targetSucc=10, maxTrials=10, V1=1/1, V2Score=0.000(0), finishedFlag=0
[2025-12-07 22:29:23.277] [CORC] [info] F=(2.755,-2.755), |F|=3.896
[2025-12-07 22:29:24.991] [CORC] [info] GLOBAL: STRT captured (pendingStart=1, t=23.748)
[2025-12-07 22:29:24.991] [CORC] [info] meanNorm =3.635
[2025-12-07 22:29:24.992] [CORC] [info] WAIT_START: pendingStart consumed -> TRIAL (atA_hold=1)
[2025-12-07 22:29:24.993] [CORC] [info] TRIAL direction (deterministic): UP
[2025-12-07 22:29:24.993] [CORC] [info] TRBBBBB
[2025-12-07 22:29:24.993] [CORC] [info] TRIAL_BEGIN cfg: pLeft=0.500, mode=1, targetSucc=10, maxTrials=10, V1=1/1, V2Score=0.000(0)
[2025-12-07 22:29:25.278] [CORC] [info] TRIAL status: t=0.284, n=0.138, effort=104.075, pLeft=0.500, mode=1, targetSucc=10, maxTrials=10
[2025-12-07 22:29:25.377] [CORC] [info] TRPPPP
[2025-12-07 22:29:25.377] [CORC] [info] EndPosX=0.31708889513473654, EndPosY=0.14233685751595682
[2025-12-07 22:29:25.495] [CORC] [info] TRPPPP
[2025-12-07 22:29:25.495] [CORC] [info] EndPosX=0.31708889513473654, EndPosY=0.2225004609019547
[2025-12-07 22:29:25.495] [CORC] [info] TREEEEEE
[2025-12-07 22:29:25.495] [CORC] [info] [TREN SEND] (t=24.2521, dur=0.501709, reached=1, dist=0.00295381, effort=271.114, trialScore=1, mode=1, cur=2, max=10, v1_suc=2, v1_tar=10, v2_sco=0, dirCode=1)
[2025-12-07 22:29:25.495] [CORC] [info] TRIAL: finished (reachedC=true, timeout=true) -> WAIT_START. Awaiting STRT.
[2025-12-07 22:29:27.280] [CORC] [info] WAIT_START cfg: pLeft=0.500, mode=1, targetSucc=10, maxTrials=10, V1=2/2, V2Score=0.000(0), finishedFlag=0
[2025-12-07 22:29:27.280] [CORC] [info] F=(0.000,0.000), |F|=0.000
[2025-12-07 22:29:27.520] [CORC] [info] GLOBAL: RSTA -> TO_A
[2025-12-07 22:29:29.250] [CORC] [info] TO_A -> WAIT_START (betweenTrials=1)
[2025-12-07 22:29:29.252] [CORC] [info] HLKD -> k_hold=1000.0, d_hold=35.0
[2025-12-07 22:29:29.280] [CORC] [info] WAIT_START cfg: pLeft=0.500, mode=1, targetSucc=10, maxTrials=10, V1=2/2, V2Score=0.000(0), finishedFlag=0
[2025-12-07 22:29:29.280] [CORC] [info] F=(2.411,-34.437), |F|=34.521
[2025-12-07 22:29:31.281] [CORC] [info] WAIT_START cfg: pLeft=0.500, mode=1, targetSucc=10, maxTrials=10, V1=2/2, V2Score=0.000(0), finishedFlag=0
[2025-12-07 22:29:31.281] [CORC] [info] F=(2.411,-2.755), |F|=3.661
[2025-12-07 22:29:32.558] [CORC] [info] GLOBAL: STRT captured (pendingStart=1, t=31.315)
[2025-12-07 22:29:32.558] [CORC] [info] meanNorm =3.637
[2025-12-07 22:29:32.559] [CORC] [info] WAIT_START: pendingStart consumed -> TRIAL (atA_hold=1)
[2025-12-07 22:29:32.560] [CORC] [info] TRIAL direction (deterministic): SIDE
[2025-12-07 22:29:32.560] [CORC] [info] TRBBBBB
[2025-12-07 22:29:32.560] [CORC] [info] TRIAL_BEGIN cfg: pLeft=0.500, mode=1, targetSucc=10, maxTrials=10, V1=2/2, V2Score=0.000(0)
[2025-12-07 22:29:33.060] [CORC] [info] TRPPPP
[2025-12-07 22:29:33.060] [CORC] [info] EndPosX=0.031238029120574218, EndPosY=0.004905426601267908
[2025-12-07 22:29:33.060] [CORC] [info] TREEEEEE
[2025-12-07 22:29:33.060] [CORC] [info] [TREN SEND] (t=31.8169, dur=0.500202, reached=0, dist=0.361267, effort=201.916, trialScore=0, mode=1, cur=3, max=10, v1_suc=2, v1_tar=10, v2_sco=0, dirCode=-1)
[2025-12-07 22:29:33.060] [CORC] [info] TRIAL: finished (reachedC=false, timeout=true) -> WAIT_START. Awaiting STRT.
[2025-12-07 22:29:33.282] [CORC] [info] WAIT_START cfg: pLeft=0.500, mode=1, targetSucc=10, maxTrials=10, V1=2/3, V2Score=0.000(0), finishedFlag=0
[2025-12-07 22:29:33.282] [CORC] [info] F=(7.920,0.000), |F|=7.920
[2025-12-07 22:29:35.085] [CORC] [info] GLOBAL: RSTA -> TO_A
[2025-12-07 22:29:36.397] [CORC] [info] TO_A -> WAIT_START (betweenTrials=1)
[2025-12-07 22:29:36.399] [CORC] [info] HLKD -> k_hold=1000.0, d_hold=35.0
[2025-12-07 22:29:37.284] [CORC] [info] WAIT_START cfg: pLeft=0.500, mode=1, targetSucc=10, maxTrials=10, V1=2/3, V2Score=0.000(0), finishedFlag=0
[2025-12-07 22:29:37.284] [CORC] [info] F=(4.132,-3.099), |F|=5.165
[2025-12-07 22:29:39.284] [CORC] [info] WAIT_START cfg: pLeft=0.500, mode=1, targetSucc=10, maxTrials=10, V1=2/3, V2Score=0.000(0), finishedFlag=0
[2025-12-07 22:29:39.284] [CORC] [info] F=(4.132,-2.755), |F|=4.967
[2025-12-07 22:29:40.107] [CORC] [info] GLOBAL: STRT captured (pendingStart=1, t=38.864)
[2025-12-07 22:29:40.107] [CORC] [info] meanNorm =5.190
[2025-12-07 22:29:40.108] [CORC] [info] WAIT_START: pendingStart consumed -> TRIAL (atA_hold=1)
[2025-12-07 22:29:40.109] [CORC] [info] TRIAL direction (deterministic): UP
[2025-12-07 22:29:40.109] [CORC] [info] TRBBBBB
[2025-12-07 22:29:40.109] [CORC] [info] TRIAL_BEGIN cfg: pLeft=0.500, mode=1, targetSucc=10, maxTrials=10, V1=2/3, V2Score=0.000(0)
[2025-12-07 22:29:40.495] [CORC] [info] TRPPPP
[2025-12-07 22:29:40.495] [CORC] [info] EndPosX=0.3154196874718051, EndPosY=0.14301438171474307
[2025-12-07 22:29:40.609] [CORC] [info] TRPPPP
[2025-12-07 22:29:40.609] [CORC] [info] EndPosX=0.31541590242041523, EndPosY=0.2200742429610498
[2025-12-07 22:29:40.609] [CORC] [info] TREEEEEE
[2025-12-07 22:29:40.609] [CORC] [info] [TREN SEND] (t=39.3661, dur=0.500235, reached=1, dist=0.00497217, effort=269.376, trialScore=1, mode=1, cur=4, max=10, v1_suc=3, v1_tar=10, v2_sco=0, dirCode=1)
[2025-12-07 22:29:40.609] [CORC] [info] TRIAL: finished (reachedC=true, timeout=true) -> WAIT_START. Awaiting STRT.
[2025-12-07 22:29:41.285] [CORC] [info] WAIT_START cfg: pLeft=0.500, mode=1, targetSucc=10, maxTrials=10, V1=3/4, V2Score=0.000(0), finishedFlag=0
[2025-12-07 22:29:41.285] [CORC] [info] F=(0.000,0.000), |F|=0.000
[2025-12-07 22:29:42.628] [CORC] [info] GLOBAL: RSTA -> TO_A
[2025-12-07 22:29:46.408] [CORC] [info] TO_A -> WAIT_START (betweenTrials=1)
[2025-12-07 22:29:46.410] [CORC] [info] HLKD -> k_hold=1000.0, d_hold=35.0
[2025-12-07 22:29:47.288] [CORC] [info] WAIT_START cfg: pLeft=0.500, mode=1, targetSucc=10, maxTrials=10, V1=3/4, V2Score=0.000(0), finishedFlag=0
[2025-12-07 22:29:47.289] [CORC] [info] F=(-1.722,1.377), |F|=2.205
[2025-12-07 22:29:47.657] [CORC] [info] GLOBAL: STRT captured (pendingStart=1, t=46.414)
[2025-12-07 22:29:47.657] [CORC] [info] meanNorm =1.663
[2025-12-07 22:29:47.658] [CORC] [info] WAIT_START: pendingStart consumed -> TRIAL (atA_hold=1)
[2025-12-07 22:29:47.659] [CORC] [info] TRIAL direction (deterministic): UP
[2025-12-07 22:29:47.659] [CORC] [info] TRBBBBB
[2025-12-07 22:29:47.659] [CORC] [info] TRIAL_BEGIN cfg: pLeft=0.500, mode=1, targetSucc=10, maxTrials=10, V1=3/4, V2Score=0.000(0)
[2025-12-07 22:29:48.085] [CORC] [info] TRPPPP
[2025-12-07 22:29:48.085] [CORC] [info] EndPosX=0.32186941504013883, EndPosY=0.14252611008545019
[2025-12-07 22:29:48.159] [CORC] [info] TRPPPP
[2025-12-07 22:29:48.159] [CORC] [info] EndPosX=0.32186941504013883, EndPosY=0.19126243178138053
[2025-12-07 22:29:48.159] [CORC] [info] TREEEEEE
[2025-12-07 22:29:48.159] [CORC] [info] [TREN SEND] (t=46.9161, dur=0.5002, reached=1, dist=0.0307944, effort=242.643, trialScore=1, mode=1, cur=5, max=10, v1_suc=4, v1_tar=10, v2_sco=0, dirCode=1)
[2025-12-07 22:29:48.159] [CORC] [info] TRIAL: finished (reachedC=true, timeout=true) -> WAIT_START. Awaiting STRT.
[2025-12-07 22:29:49.290] [CORC] [info] WAIT_START cfg: pLeft=0.500, mode=1, targetSucc=10, maxTrials=10, V1=4/5, V2Score=0.000(0), finishedFlag=0
[2025-12-07 22:29:49.290] [CORC] [info] F=(0.000,0.000), |F|=0.000
[2025-12-07 22:29:50.188] [CORC] [info] GLOBAL: RSTA -> TO_A
[2025-12-07 22:29:51.909] [CORC] [info] TO_A -> WAIT_START (betweenTrials=1)
[2025-12-07 22:29:51.911] [CORC] [info] HLKD -> k_hold=1000.0, d_hold=35.0
[2025-12-07 22:29:53.291] [CORC] [info] WAIT_START cfg: pLeft=0.500, mode=1, targetSucc=10, maxTrials=10, V1=4/5, V2Score=0.000(0), finishedFlag=0
[2025-12-07 22:29:53.291] [CORC] [info] F=(-1.722,-2.066), |F|=2.690
[2025-12-07 22:29:55.206] [CORC] [info] GLOBAL: STRT captured (pendingStart=1, t=53.963)
[2025-12-07 22:29:55.206] [CORC] [info] meanNorm =1.579
[2025-12-07 22:29:55.207] [CORC] [info] WAIT_START: pendingStart consumed -> TRIAL (atA_hold=1)
[2025-12-07 22:29:55.208] [CORC] [info] TRIAL direction (deterministic): SIDE
[2025-12-07 22:29:55.208] [CORC] [info] TRBBBBB
[2025-12-07 22:29:55.208] [CORC] [info] TRIAL_BEGIN cfg: pLeft=0.500, mode=1, targetSucc=10, maxTrials=10, V1=4/5, V2Score=0.000(0)
[2025-12-07 22:29:55.292] [CORC] [info] TRIAL status: t=0.084, n=0.220, effort=12.241, pLeft=0.500, mode=1, targetSucc=10, maxTrials=10
[2025-12-07 22:29:55.708] [CORC] [info] TRPPPP
[2025-12-07 22:29:55.708] [CORC] [info] EndPosX=0.038456122121050984, EndPosY=0.002827433388230806
[2025-12-07 22:29:55.708] [CORC] [info] TREEEEEE
[2025-12-07 22:29:55.708] [CORC] [info] [TREN SEND] (t=54.4653, dur=0.500232, reached=0, dist=0.356796, effort=199.377, trialScore=0, mode=1, cur=6, max=10, v1_suc=4, v1_tar=10, v2_sco=0, dirCode=-1)
[2025-12-07 22:29:55.708] [CORC] [info] TRIAL: finished (reachedC=false, timeout=true) -> WAIT_START. Awaiting STRT.
[2025-12-07 22:29:57.293] [CORC] [info] WAIT_START cfg: pLeft=0.500, mode=1, targetSucc=10, maxTrials=10, V1=4/6, V2Score=0.000(0), finishedFlag=0
[2025-12-07 22:29:57.293] [CORC] [info] F=(0.000,-0.344), |F|=0.344
[2025-12-07 22:29:57.733] [CORC] [info] GLOBAL: RSTA -> TO_A
[2025-12-07 22:29:59.054] [CORC] [info] TO_A -> WAIT_START (betweenTrials=1)
[2025-12-07 22:29:59.056] [CORC] [info] HLKD -> k_hold=1000.0, d_hold=35.0
[2025-12-07 22:29:59.294] [CORC] [info] WAIT_START cfg: pLeft=0.500, mode=1, targetSucc=10, maxTrials=10, V1=4/6, V2Score=0.000(0), finishedFlag=0
[2025-12-07 22:29:59.294] [CORC] [info] F=(-22.384,-1.033), |F|=22.408
[2025-12-07 22:30:01.295] [CORC] [info] WAIT_START cfg: pLeft=0.500, mode=1, targetSucc=10, maxTrials=10, V1=4/6, V2Score=0.000(0), finishedFlag=0
[2025-12-07 22:30:01.295] [CORC] [info] F=(4.132,-0.344), |F|=4.147
[2025-12-07 22:30:02.757] [CORC] [info] GLOBAL: STRT captured (pendingStart=1, t=61.515)
[2025-12-07 22:30:02.758] [CORC] [info] meanNorm =4.454
[2025-12-07 22:30:02.758] [CORC] [info] WAIT_START: pendingStart consumed -> TRIAL (atA_hold=1)
[2025-12-07 22:30:02.759] [CORC] [info] TRIAL direction (deterministic): SIDE
[2025-12-07 22:30:02.759] [CORC] [info] TRBBBBB
[2025-12-07 22:30:02.759] [CORC] [info] TRIAL_BEGIN cfg: pLeft=0.500, mode=1, targetSucc=10, maxTrials=10, V1=4/6, V2Score=0.000(0)
[2025-12-07 22:30:03.260] [CORC] [info] TRPPPP
[2025-12-07 22:30:03.260] [CORC] [info] EndPosX=0.02986405546605242, EndPosY=0.0028160782340612076
[2025-12-07 22:30:03.260] [CORC] [info] TREEEEEE
[2025-12-07 22:30:03.260] [CORC] [info] [TREN SEND] (t=62.0166, dur=0.500221, reached=0, dist=0.363621, effort=201.633, trialScore=0, mode=1, cur=7, max=10, v1_suc=4, v1_tar=10, v2_sco=0, dirCode=-1)
[2025-12-07 22:30:03.260] [CORC] [info] TRIAL: finished (reachedC=false, timeout=true) -> WAIT_START. Awaiting STRT.
[2025-12-07 22:30:03.295] [CORC] [info] WAIT_START cfg: pLeft=0.500, mode=1, targetSucc=10, maxTrials=10, V1=4/7, V2Score=0.000(0), finishedFlag=0
[2025-12-07 22:30:03.295] [CORC] [info] F=(52.344,0.000), |F|=52.344
[2025-12-07 22:30:05.045] [CORC] [info] HLKD -> k_hold=1000.0, d_hold=35.0
[2025-12-07 22:30:05.285] [CORC] [info] GLOBAL: RSTA -> TO_A
[2025-12-07 22:30:05.535] [CORC] [info] TO_A -> WAIT_START (betweenTrials=1)
[2025-12-07 22:30:07.297] [CORC] [info] WAIT_START cfg: pLeft=0.500, mode=1, targetSucc=10, maxTrials=10, V1=4/7, V2Score=0.000(0), finishedFlag=0
[2025-12-07 22:30:07.297] [CORC] [info] F=(1.377,-0.689), |F|=1.540
[2025-12-07 22:30:09.298] [CORC] [info] WAIT_START cfg: pLeft=0.500, mode=1, targetSucc=10, maxTrials=10, V1=4/7, V2Score=0.000(0), finishedFlag=0
[2025-12-07 22:30:09.298] [CORC] [info] F=(1.377,-0.689), |F|=1.540
[2025-12-07 22:30:10.307] [CORC] [info] GLOBAL: STRT captured (pendingStart=1, t=69.064)
[2025-12-07 22:30:10.307] [CORC] [info] meanNorm =1.587
[2025-12-07 22:30:10.308] [CORC] [info] WAIT_START: pendingStart consumed -> TRIAL (atA_hold=1)
[2025-12-07 22:30:10.309] [CORC] [info] TRIAL direction (deterministic): SIDE
[2025-12-07 22:30:10.309] [CORC] [info] TRBBBBB
[2025-12-07 22:30:10.309] [CORC] [info] TRIAL_BEGIN cfg: pLeft=0.500, mode=1, targetSucc=10, maxTrials=10, V1=4/7, V2Score=0.000(0)
[2025-12-07 22:30:10.809] [CORC] [info] TRPPPP
[2025-12-07 22:30:10.809] [CORC] [info] EndPosX=0.029693728153508347, EndPosY=0.002808508131281473
[2025-12-07 22:30:10.809] [CORC] [info] TREEEEEE
[2025-12-07 22:30:10.809] [CORC] [info] [TREN SEND] (t=69.566, dur=0.500243, reached=0, dist=0.363762, effort=204.101, trialScore=0, mode=1, cur=8, max=10, v1_suc=4, v1_tar=10, v2_sco=0, dirCode=-1)
[2025-12-07 22:30:10.809] [CORC] [info] TRIAL: finished (reachedC=false, timeout=true) -> WAIT_START. Awaiting STRT.
[2025-12-07 22:30:11.299] [CORC] [info] WAIT_START cfg: pLeft=0.500, mode=1, targetSucc=10, maxTrials=10, V1=4/8, V2Score=0.000(0), finishedFlag=0
[2025-12-07 22:30:11.299] [CORC] [info] F=(8.265,0.000), |F|=8.265
[2025-12-07 22:30:12.216] [CORC] [info] GLOBAL: HALT -> finishedFlag=1
[2025-12-07 22:30:12.218] [CORC] [info] SESSSSS
[2025-12-07 22:30:12.218] [CORC] [info] Exited M2 Probabilistic Move state...
[2025-12-07 22:30:12.218] [CORC] [info] Entering M2 Standby state...
[2025-12-07 22:30:12.241] [CORC] [warning] Applicaton thread time overflow: 23.884ms (>2.0ms) !
[2025-12-07 22:30:15.137] [CORC] [critical] UI down, waiting reconnect...
[2025-12-07 22:30:15.137] [CORC] [info] UI reconnected
[2025-12-07 22:30:16.137] [CORC] [critical] UI down, waiting reconnect...
[2025-12-07 22:30:16.138] [CORC] [info] UI reconnected
[2025-12-07 22:30:17.138] [CORC] [critical] UI down, waiting reconnect...
[2025-12-07 22:30:17.138] [CORC] [info] UI reconnected
[2025-12-07 22:30:17.547] [CORC] [info] Exited M2 Standby state...
[2025-12-07 22:30:17.547] [CORC] [info] Disabling robot...
[2025-12-07 22:30:17.547] [CORC] [info] CORC End application
[2025-12-07 22:30:18.048] [CORC] [info] Canopend on can0 (nodeId=80) - finished.
