time,sys_time,session_id,pos_x,pos_y,vel_x,vel_y,internal_fx,internal_fy,user_fx,user_fy,prob_left,score_mode,target_succ,max_trials,effort
8.582800,1765328172.742665,1765328154,0.319417,0.000246,0.000000,0.000000,0.000000,50.000000,0.000000,2.066195,0.500000,1,10,10,0.000000
8.584793,1765328172.744592,1765328154,0.319417,0.000246,0.000000,0.000000,0.000000,50.000000,0.688732,1.377463,0.500000,1,10,10,0.000000
8.586799,1765328172.746602,1765328154,0.319417,0.000246,0.000000,0.000000,0.000000,50.000000,0.000000,2.066195,0.500000,1,10,10,0.000000
8.588796,1765328172.748595,1765328154,0.319417,0.000284,0.000000,0.014665,0.000000,50.000000,0.000000,46.833758,0.500000,1,10,10,0.000000
8.590793,1765328172.750586,1765328154,0.319417,0.000484,0.000000,0.064281,0.000000,50.000000,0.000000,49.933050,0.500000,1,10,10,0.000000
8.592790,1765328172.752582,1765328154,0.319413,0.000659,-0.000806,0.064100,0.000000,50.000000,0.000000,50.621782,0.500000,1,10,10,0.000000
8.594802,1765328172.754599,1765328154,0.319413,0.000647,-0.000935,0.034775,0.000000,50.000000,0.000000,49.933050,0.500000,1,10,10,0.000000
8.596803,1765328172.756604,1765328154,0.319413,0.000628,-0.000946,-0.002575,0.000000,50.000000,0.000000,56.820368,0.500000,1,10,10,0.000000
8.598800,1765328172.758608,1765328154,0.319413,0.000715,-0.000011,0.023028,0.000000,50.000000,0.000000,50.966148,0.500000,1,10,10,0.000000
8.600796,1765328172.760598,1765328154,0.319417,0.000871,0.000940,0.063721,0.000000,50.000000,0.000000,50.277416,0.500000,1,10,10,0.000000
8.602797,1765328172.762599,1765328154,0.319417,0.000973,0.000946,0.061104,0.000000,50.000000,0.000000,49.588685,0.500000,1,10,10,0.000000
8.604795,1765328172.764593,1765328154,0.319417,0.001041,0.000074,0.040977,0.000000,50.000000,0.000000,53.032343,0.500000,1,10,10,0.000000
8.606799,1765328172.766592,1765328154,0.319413,0.001151,-0.000946,0.047230,0.000000,50.000000,0.000000,56.476002,0.500000,1,10,10,0.000000
8.608804,1765328172.768601,1765328154,0.319413,0.001325,-0.000074,0.073352,0.000000,50.000000,0.000000,49.588685,0.500000,1,10,10,0.000000
8.610788,1765328172.770575,1765328154,0.319413,0.001476,-0.000006,0.080311,0.000000,50.000000,0.000000,50.277416,0.500000,1,10,10,0.000000
8.612800,1765328172.772595,1765328154,0.319413,0.001578,0.000000,0.062217,0.000000,50.000000,0.000000,49.588685,0.500000,1,10,10,0.000000
8.614800,1765328172.774594,1765328154,0.319417,0.001703,0.000935,0.058985,0.000000,50.000000,0.000000,56.131636,0.500000,1,10,10,0.000000
8.616799,1765328172.776593,1765328154,0.319413,0.001889,-0.000666,0.080055,0.000000,50.000000,0.000000,55.787270,0.500000,1,10,10,0.000000
8.618787,1765328172.778573,1765328154,0.319413,0.002078,-0.000945,0.093253,0.000000,50.000000,0.000000,58.197831,0.500000,1,10,10,0.000000
8.620799,1765328172.780593,1765328154,0.319413,0.002241,-0.000946,0.086539,0.000000,50.000000,0.000000,57.509099,0.500000,1,10,10,0.000000
8.622799,1765328172.782593,1765328154,0.319413,0.002404,-0.000011,0.081498,0.000000,50.000000,0.000000,55.787270,0.500000,1,10,10,0.000000
8.624799,1765328172.784593,1765328154,0.319413,0.002597,0.000000,0.090700,0.000000,50.000000,0.000000,56.476002,0.500000,1,10,10,0.000000
8.626801,1765328172.786595,1765328154,0.319413,0.002812,0.000000,0.102876,0.000000,50.000000,0.000000,55.787270,0.500000,1,10,10,3.281722
8.628804,1765328172.788601,1765328154,0.319413,0.003020,0.000000,0.105511,0.000000,50.000000,0.000000,56.476002,0.500000,1,10,10,3.579665
8.630807,1765328172.790608,1765328154,0.319413,0.003221,0.000000,0.101887,0.000000,50.000000,0.000000,56.476002,0.500000,1,10,10,3.867373
8.632820,1765328172.792624,1765328154,0.319413,0.003429,0.000000,0.103053,0.000000,50.000000,0.000000,56.476002,0.500000,1,10,10,4.158374
8.634815,1765328172.794623,1765328154,0.319413,0.003656,0.000000,0.109376,0.000000,50.000000,-0.688732,56.820368,0.500000,1,10,10,4.469137
8.636819,1765328172.796629,1765328154,0.319413,0.003887,0.000000,0.115026,0.000000,50.000000,0.000000,56.476002,0.500000,1,10,10,4.793948
8.638821,1765328172.798633,1765328154,0.319413,0.004126,0.000000,0.117553,0.000000,50.000000,0.688732,55.787270,0.500000,1,10,10,5.121871
8.640822,1765328172.800636,1765328154,0.319413,0.004474,0.000000,0.116977,0.000000,50.000000,0.344366,56.131636,0.500000,1,10,10,5.450184
8.642827,1765328172.802647,1765328154,0.319413,0.004595,0.000000,0.117754,0.000000,50.000000,-0.344366,56.476002,0.500000,1,10,10,5.782705
8.644820,1765328172.804630,1765328154,0.319413,0.004845,0.000000,0.122501,0.000000,50.000000,0.000000,56.131636,0.500000,1,10,10,6.126513
8.646822,1765328172.806634,1765328154,0.319413,0.005106,0.000000,0.128729,0.000000,50.000000,0.000000,56.131636,0.500000,1,10,10,6.487802
8.648824,1765328172.808638,1765328154,0.319413,0.005363,0.000000,0.129667,0.000000,50.000000,0.000000,56.131636,0.500000,1,10,10,6.851724
8.650824,1765328172.810638,1765328154,0.319413,0.005749,0.000000,0.128509,0.000000,50.000000,0.000000,56.131636,0.500000,1,10,10,7.212395
8.652829,1765328172.812644,1765328154,0.319413,0.005886,0.000000,0.131483,0.000000,50.000000,0.000000,55.442904,0.500000,1,10,10,7.576886
8.654829,1765328172.814646,1765328154,0.319413,0.006173,0.000000,0.139733,0.000000,50.000000,0.000000,55.787270,0.500000,1,10,10,7.966652
8.656830,1765328172.816648,1765328154,0.319413,0.006472,0.000000,0.146847,0.000000,50.000000,0.000000,55.787270,0.500000,1,10,10,8.376260
8.658841,1765328172.818661,1765328154,0.319413,0.006771,0.000000,0.149359,0.000000,50.000000,0.000000,55.787270,0.500000,1,10,10,8.792877
8.660836,1765328172.820658,1765328154,0.319413,0.007233,0.000000,0.153388,0.000000,50.000000,0.000000,55.787270,0.500000,1,10,10,9.220731
8.662836,1765328172.822658,1765328154,0.319413,0.007392,0.000000,0.156174,0.000000,50.000000,0.000000,55.098538,0.500000,1,10,10,9.650979
8.664836,1765328172.824659,1765328154,0.319413,0.007725,0.000000,0.162782,0.000000,50.000000,0.000000,56.476002,0.500000,1,10,10,10.110644
8.666840,1765328172.826666,1765328154,0.319413,0.008062,0.000000,0.167272,0.000000,50.000000,0.000000,55.787270,0.500000,1,10,10,10.577227
8.668844,1765328172.828673,1765328154,0.319413,0.008573,0.000000,0.170477,0.000000,50.000000,0.000000,56.131636,0.500000,1,10,10,11.055684
8.670844,1765328172.830674,1765328154,0.319413,0.008747,0.000000,0.172339,0.000000,50.000000,0.000000,55.098538,0.500000,1,10,10,11.530465
8.672845,1765328172.832674,1765328154,0.319413,0.009111,0.000000,0.177934,0.000000,50.000000,0.000000,55.442904,0.500000,1,10,10,12.023723
8.674849,1765328172.834685,1765328154,0.319413,0.009482,0.000000,0.183229,0.000000,50.000000,0.000000,55.787270,0.500000,1,10,10,12.534815
8.676850,1765328172.836683,1765328154,0.319413,0.009852,0.000000,0.185760,0.000000,50.000000,0.000000,55.442904,0.500000,1,10,10,13.049769
8.678855,1765328172.838693,1765328154,0.319413,0.010435,0.000000,0.192937,0.000000,50.000000,0.000000,54.754173,0.500000,1,10,10,13.577975
8.680856,1765328172.840693,1765328154,0.319413,0.010636,0.000000,0.196774,0.000000,50.000000,0.000000,55.098538,0.500000,1,10,10,14.120074
8.682856,1765328172.842694,1765328154,0.319413,0.011041,0.000000,0.201342,0.000000,50.000000,0.000000,55.442904,0.500000,1,10,10,14.678224
8.684872,1765328172.844711,1765328154,0.319413,0.011442,0.000000,0.201553,0.000000,50.000000,0.000000,54.754173,0.500000,1,10,10,15.230016
8.686863,1765328172.846707,1765328154,0.319413,0.011855,0.000000,0.204529,0.000000,50.000000,0.000000,54.754173,0.500000,1,10,10,15.789957
8.688864,1765328172.848707,1765328154,0.319413,0.012506,0.000000,0.215208,0.000000,50.000000,0.000000,54.065441,0.500000,1,10,10,16.371723
8.690864,1765328172.850708,1765328154,0.319413,0.012729,0.000000,0.218702,0.000000,50.000000,0.688732,54.409807,0.500000,1,10,10,16.966748
8.692865,1765328172.852708,1765328154,0.319413,0.013172,0.000000,0.221700,0.000000,50.000000,0.000000,55.787270,0.500000,1,10,10,17.585151
8.694865,1765328172.854708,1765328154,0.319413,0.013634,0.000000,0.226638,0.000000,50.000000,0.000000,55.442904,0.500000,1,10,10,18.213426
8.696871,1765328172.856720,1765328154,0.319413,0.014103,0.000000,0.232903,0.000000,50.000000,0.000000,54.409807,0.500000,1,10,10,18.847037
8.698874,1765328172.858723,1765328154,0.319413,0.014803,0.000000,0.233988,0.000000,50.000000,0.000000,54.754173,0.500000,1,10,10,19.487627
8.700867,1765328172.860710,1765328154,0.319413,0.015034,0.000000,0.232941,0.000000,50.000000,0.000000,54.065441,0.500000,1,10,10,20.117330
8.702867,1765328172.862710,1765328154,0.319413,0.015504,0.000000,0.233899,0.000000,50.000000,0.000000,54.409807,0.500000,1,10,10,20.753651
8.704868,1765328172.864712,1765328154,0.319413,0.015988,0.000000,0.238924,0.000000,50.000000,0.000000,54.065441,0.500000,1,10,10,21.399528
8.706877,1765328172.866728,1765328154,0.319413,0.016480,0.000000,0.243962,0.000000,50.000000,0.000000,54.065441,0.500000,1,10,10,22.059025
8.708876,1765328172.868725,1765328154,0.319413,0.017214,0.000000,0.245826,0.000000,50.000000,0.344366,54.754173,0.500000,1,10,10,22.732037
8.710892,1765328172.870743,1765328154,0.319413,0.017464,0.000000,0.245947,0.000000,50.000000,0.000000,54.409807,0.500000,1,10,10,23.401133
8.712877,1765328172.872727,1765328154,0.319413,0.017960,0.000000,0.247404,0.000000,50.000000,0.000000,54.065441,0.500000,1,10,10,24.069934
8.714878,1765328172.874728,1765328154,0.319413,0.018456,0.000000,0.248710,0.000000,50.000000,0.000000,54.409807,0.500000,1,10,10,24.746546
8.716878,1765328172.876727,1765328154,0.319413,0.018952,0.000000,0.248237,0.000000,50.000000,-0.344366,55.098538,0.500000,1,10,10,25.430435
8.718878,1765328172.878728,1765328154,0.319413,0.019459,0.000000,0.250988,0.000000,50.000000,0.000000,54.065441,0.500000,1,10,10,26.108923
8.720887,1765328172.880740,1765328154,0.319413,0.019981,0.000000,0.257985,0.000000,50.000000,0.000000,55.098538,0.500000,1,10,10,26.819653
8.722885,1765328172.882740,1765328154,0.319413,0.020504,0.000000,0.261801,0.000000,50.000000,0.000000,54.754173,0.500000,1,10,10,27.536388
8.724889,1765328172.884747,1765328154,0.319413,0.021022,0.000000,0.259173,0.000000,50.000000,0.000000,54.409807,0.500000,1,10,10,28.241464
8.726890,1765328172.886746,1765328154,0.319413,0.021526,0.000000,0.254986,0.000000,50.000000,0.000000,54.754173,0.500000,1,10,10,28.939542
8.728890,1765328172.888747,1765328154,0.319413,0.022313,0.000000,0.260317,0.000000,50.000000,0.000000,54.409807,0.500000,1,10,10,29.647731
8.730891,1765328172.890749,1765328154,0.319413,0.022578,0.000000,0.263462,0.000000,50.000000,0.000000,54.409807,0.500000,1,10,10,30.364477
8.732892,1765328172.892750,1765328154,0.319413,0.023108,0.000000,0.265236,0.000000,50.000000,0.000000,54.409807,0.500000,1,10,10,31.086050
8.734892,1765328172.894749,1765328154,0.319413,0.023634,0.000000,0.264088,0.000000,50.000000,0.000000,54.065441,0.500000,1,10,10,31.799952
8.736913,1765328172.896772,1765328154,0.319413,0.024164,0.000000,0.264008,0.000000,50.000000,0.000000,54.065441,0.500000,1,10,10,32.513637
8.738893,1765328172.898751,1765328154,0.319413,0.024697,0.000000,0.265503,0.000000,50.000000,0.000000,54.065441,0.500000,1,10,10,33.231365
8.740894,1765328172.900751,1765328154,0.319413,0.025227,0.000000,0.265808,0.000000,50.000000,0.000000,52.687977,0.500000,1,10,10,33.931609
8.742894,1765328172.902750,1765328154,0.319413,0.025765,0.000000,0.267481,0.000000,50.000000,0.000000,54.409807,0.500000,1,10,10,34.659290
8.744896,1765328172.904753,1765328154,0.319413,0.026317,0.000000,0.273233,0.000000,50.000000,0.000000,54.065441,0.500000,1,10,10,35.397913
8.746896,1765328172.906754,1765328154,0.319413,0.026874,0.000000,0.277604,0.000000,50.000000,0.000000,53.376709,0.500000,1,10,10,36.138794
8.748902,1765328172.908756,1765328154,0.319413,0.027423,0.000000,0.275939,0.000000,50.000000,0.000000,54.065441,0.500000,1,10,10,36.884731
8.750882,1765328172.910725,1765328154,0.319413,0.027968,0.000000,0.274205,0.000000,50.000000,0.000000,54.065441,0.500000,1,10,10,37.625982
8.752887,1765328172.912738,1765328154,0.319413,0.028543,0.000000,0.281241,0.000000,50.000000,0.000000,54.065441,0.500000,1,10,10,38.386254
8.754890,1765328172.914739,1765328154,0.319413,0.029134,0.000000,0.291706,0.000000,50.000000,0.000000,54.065441,0.500000,1,10,10,39.174814
8.756891,1765328172.916740,1765328154,0.319413,0.029720,0.000000,0.294627,0.000000,50.000000,0.000000,54.065441,0.500000,1,10,10,39.971270
8.758855,1765328172.918685,1765328154,0.319413,0.030303,0.000000,0.291871,0.000000,50.000000,0.000000,53.721075,0.500000,1,10,10,40.755250
8.760884,1765328172.920727,1765328154,0.319413,0.030897,0.000000,0.293813,0.000000,50.000000,0.000000,53.376709,0.500000,1,10,10,41.539390
8.762907,1765328172.922756,1765328154,0.319413,0.031507,0.000000,0.301639,0.000000,50.000000,0.000000,53.721075,0.500000,1,10,10,42.349609
8.764893,1765328172.924744,1765328154,0.319413,0.032131,0.000000,0.310052,0.000000,50.000000,0.000000,53.376709,0.500000,1,10,10,43.177086
8.766893,1765328172.926743,1765328154,0.319413,0.033081,0.000000,0.315436,0.000000,50.000000,0.000000,53.721075,0.500000,1,10,10,44.024365
8.768892,1765328172.928741,1765328154,0.319413,0.033396,0.000000,0.315322,0.000000,50.000000,0.000000,53.376709,0.500000,1,10,10,44.865907
8.770895,1765328172.930745,1765328154,0.319413,0.034024,0.000000,0.315079,0.000000,50.000000,0.000000,53.376709,0.500000,1,10,10,45.706801
8.772895,1765328172.932745,1765328154,0.319413,0.034671,0.000000,0.320470,0.000000,50.000000,-0.688732,53.376709,0.500000,1,10,10,46.562154
8.774895,1765328172.934745,1765328154,0.319413,0.035345,0.000000,0.331349,0.000000,50.000000,0.000000,53.721075,0.500000,1,10,10,47.452177
8.776905,1765328172.936762,1765328154,0.319413,0.036022,0.000000,0.337544,0.000000,50.000000,0.000000,53.032343,0.500000,1,10,10,48.347214
8.778905,1765328172.938764,1765328154,0.319413,0.037025,0.000000,0.335219,0.000000,50.000000,0.000000,52.687977,0.500000,1,10,10,49.230315
8.780906,1765328172.940765,1765328154,0.319413,0.037362,0.000000,0.335744,0.000000,50.000000,0.000000,52.687977,0.500000,1,10,10,50.114798
8.782897,1765328172.942748,1765328154,0.319413,0.038055,0.000000,0.342883,0.000000,50.000000,0.000000,52.343612,0.500000,1,10,10,51.012184
8.784898,1765328172.944748,1765328154,0.319413,0.038766,0.000000,0.352293,0.000000,50.000000,0.000000,53.032343,0.500000,1,10,10,51.946328
8.786898,1765328172.946747,1765328154,0.319413,0.039834,0.000000,0.355499,0.000000,50.000000,0.000000,52.687977,0.500000,1,10,10,52.882854
8.788870,1765328172.948689,1765328154,0.319413,0.040182,0.000000,0.353345,0.000000,50.000000,0.000000,52.687977,0.500000,1,10,10,53.813706
8.790909,1765328172.950767,1765328154,0.319413,0.040894,0.000000,0.352588,0.000000,50.000000,0.000000,53.032343,0.500000,1,10,10,54.748636
8.792910,1765328172.952765,1765328154,0.319413,0.041624,0.000000,0.361517,0.000000,50.000000,0.000000,52.687977,0.500000,1,10,10,55.701015
8.794902,1765328172.954752,1765328154,0.319413,0.042366,0.000000,0.368626,0.000000,50.000000,0.000000,53.376709,0.500000,1,10,10,56.684817
8.796911,1765328172.956768,1765328154,0.319413,0.043097,0.000000,0.367471,0.000000,50.000000,0.688732,52.687977,0.500000,1,10,10,57.652965
8.798911,1765328172.958767,1765328154,0.319413,0.044190,0.000000,0.364889,0.000000,50.000000,0.000000,51.654880,0.500000,1,10,10,58.595380
8.800912,1765328172.960769,1765328154,0.319413,0.044561,0.000000,0.367228,0.000000,50.000000,0.000000,53.032343,0.500000,1,10,10,59.569129
8.802913,1765328172.962771,1765328154,0.319413,0.045318,0.000000,0.375287,0.000000,50.000000,0.000000,52.687977,0.500000,1,10,10,60.557785
8.804913,1765328172.964770,1765328154,0.319413,0.046075,0.000000,0.377688,0.000000,50.000000,0.000000,51.999246,0.500000,1,10,10,61.539759
8.806914,1765328172.966772,1765328154,0.319413,0.046814,0.000000,0.373298,0.000000,50.000000,0.000000,53.376709,0.500000,1,10,10,62.536031
8.808914,1765328172.968772,1765328154,0.319413,0.047567,0.000000,0.373479,0.000000,50.000000,0.000000,53.032343,0.500000,1,10,10,63.526354
8.810914,1765328172.970772,1765328154,0.319413,0.048331,0.000000,0.379159,0.000000,50.000000,0.000000,52.687977,0.500000,1,10,10,64.525210
8.812916,1765328172.972773,1765328154,0.319413,0.049085,0.000000,0.379584,0.000000,50.000000,0.344366,52.343612,0.500000,1,10,10,65.518671
8.814934,1765328172.974793,1765328154,0.319413,0.049834,0.000000,0.375797,0.000000,50.000000,0.000000,52.343612,0.500000,1,10,10,66.502199
8.816916,1765328172.976774,1765328154,0.319413,0.050591,0.000000,0.376886,0.000000,50.000000,0.000000,51.654880,0.500000,1,10,10,67.475599
8.818918,1765328172.978776,1765328154,0.319413,0.051761,0.000000,0.388315,0.000000,50.000000,0.000000,52.343612,0.500000,1,10,10,68.491889
8.820918,1765328172.980775,1765328154,0.319413,0.052150,0.000000,0.389909,0.000000,50.000000,0.000000,52.687977,0.500000,1,10,10,69.519066
8.822918,1765328172.982774,1765328154,0.319413,0.052915,0.000000,0.386113,0.000000,50.000000,0.000000,53.032343,0.500000,1,10,10,70.542891
8.824919,1765328172.984773,1765328154,0.319413,0.053680,0.000000,0.382384,0.000000,50.000000,0.000000,51.999246,0.500000,1,10,10,71.537075
8.826917,1765328172.986776,1765328154,0.319413,0.054849,0.000000,0.387718,0.000000,50.000000,0.000000,52.343612,0.500000,1,10,10,72.551802
8.828920,1765328172.988778,1765328154,0.319413,0.055235,0.000000,0.388820,0.000000,50.000000,0.000000,52.343612,0.500000,1,10,10,73.569415
8.830921,1765328172.990777,1765328154,0.319413,0.056019,0.000000,0.390275,0.000000,50.000000,0.000000,52.687977,0.500000,1,10,10,74.597556
8.832922,1765328172.992779,1765328154,0.319413,0.056802,0.000000,0.392040,0.000000,50.000000,0.000000,51.654880,0.500000,1,10,10,75.610096
8.834921,1765328172.994779,1765328154,0.319413,0.057597,0.000000,0.394954,0.000000,50.000000,0.000000,53.032343,0.500000,1,10,10,76.657361
8.836922,1765328172.996780,1765328154,0.319413,0.058392,0.000000,0.397266,0.000000,50.000000,0.000000,50.966148,0.500000,1,10,10,77.669718
8.838923,1765328172.998780,1765328154,0.319413,0.059592,0.000000,0.400480,0.000000,50.000000,0.000000,52.687977,0.500000,1,10,10,78.724743
8.840945,1765328173.000803,1765328154,0.319413,0.060001,0.000000,0.403158,0.000000,50.000000,0.000000,52.687977,0.500000,1,10,10,79.786821
8.842924,1765328173.002782,1765328154,0.319413,0.060818,0.000000,0.408069,0.000000,50.000000,0.000000,52.687977,0.500000,1,10,10,80.861837
8.844944,1765328173.004804,1765328154,0.319413,0.061628,0.000000,0.406983,0.000000,50.000000,0.000000,52.687977,0.500000,1,10,10,81.933994
8.846926,1765328173.006783,1765328154,0.319413,0.062453,0.000000,0.409383,0.000000,50.000000,0.000000,51.310514,0.500000,1,10,10,82.984275
8.848926,1765328173.008783,1765328154,0.319413,0.063297,0.000000,0.418042,0.000000,50.000000,0.000000,51.310514,0.500000,1,10,10,84.056773
8.850927,1765328173.010785,1765328154,0.319413,0.064145,0.000000,0.423228,0.000000,50.000000,0.000000,51.999246,0.500000,1,10,10,85.157149
8.852940,1765328173.012807,1765328154,0.319413,0.064997,0.000000,0.424282,0.000000,50.000000,0.000000,50.966148,0.500000,1,10,10,86.238350
8.854929,1765328173.014786,1765328154,0.319413,0.065849,0.000000,0.426772,0.000000,50.000000,-0.688732,51.999246,0.500000,1,10,10,87.348039
8.856929,1765328173.016787,1765328154,0.319413,0.066730,0.000000,0.434665,0.000000,50.000000,0.000000,51.654880,0.500000,1,10,10,88.470669
8.858941,1765328173.018803,1765328154,0.319413,0.067616,0.000000,0.441715,0.000000,50.000000,0.000000,52.343612,0.500000,1,10,10,89.626718
8.860931,1765328173.020787,1765328154,0.319413,0.068494,0.000000,0.441745,0.000000,50.000000,0.344366,51.999246,0.500000,1,10,10,90.775264
8.862943,1765328173.022810,1765328154,0.319413,0.069384,0.000000,0.442996,0.000000,50.000000,0.000000,50.966148,0.500000,1,10,10,91.904155
8.864944,1765328173.024828,1765328154,0.319413,0.070750,0.000000,0.453613,0.000000,50.000000,0.000000,50.966148,0.500000,1,10,10,93.060101
8.866933,1765328173.026778,1765328154,0.319413,0.071212,0.000000,0.457392,0.000000,50.000000,0.000000,51.999246,0.500000,1,10,10,94.249304
8.868917,1765328173.028760,1765328154,0.319413,0.072132,0.000000,0.461771,0.000000,50.000000,0.000000,51.654880,0.500000,1,10,10,95.441940
8.870917,1765328173.030760,1765328154,0.319413,0.073059,0.000000,0.461795,0.000000,50.000000,0.000000,51.654880,0.500000,1,10,10,96.634637
8.872923,1765328173.032771,1765328154,0.319413,0.073990,0.000000,0.464484,0.000000,50.000000,0.000000,50.966148,0.500000,1,10,10,97.818284
8.874926,1765328173.034776,1765328154,0.319413,0.074936,0.000000,0.470069,0.000000,50.000000,0.000000,51.654880,0.500000,1,10,10,99.032352
8.876926,1765328173.036775,1765328154,0.319413,0.076367,0.000000,0.477163,0.000000,50.000000,0.000000,51.654880,0.500000,1,10,10,100.264740
8.878919,1765328173.038768,1765328154,0.319413,0.076840,0.000000,0.475448,0.000000,50.000000,0.000000,51.310514,0.500000,1,10,10,101.484514
8.880927,1765328173.040777,1765328154,0.319413,0.077790,0.000000,0.475382,0.000000,50.000000,0.000000,50.277416,0.500000,1,10,10,102.679561
8.882928,1765328173.042777,1765328154,0.319413,0.079232,0.000000,0.479539,0.000000,50.000000,0.000000,51.654880,0.500000,1,10,10,103.918087
8.884929,1765328173.044778,1765328154,0.319413,0.079717,0.000000,0.481863,0.000000,50.000000,0.000000,51.654880,0.500000,1,10,10,105.162615
8.886929,1765328173.046778,1765328154,0.319413,0.081174,0.000000,0.485813,0.000000,50.000000,0.000000,51.654880,0.500000,1,10,10,106.417345
8.888939,1765328173.048796,1765328154,0.319413,0.081662,0.000000,0.485653,0.000000,50.000000,0.000000,50.621782,0.500000,1,10,10,107.646576
8.890939,1765328173.050794,1765328154,0.319413,0.082624,0.000000,0.483683,0.000000,50.000000,0.000000,51.310514,0.500000,1,10,10,108.887477
8.892953,1765328173.052809,1765328154,0.319413,0.083585,0.000000,0.481440,0.000000,50.000000,0.000000,50.277416,0.500000,1,10,10,110.097755
8.894938,1765328173.054796,1765328154,0.319413,0.084562,0.000000,0.485811,0.000000,50.000000,0.000000,50.621782,0.500000,1,10,10,111.327386
8.896941,1765328173.056798,1765328154,0.319413,0.085550,0.000000,0.490900,0.000000,50.000000,0.000000,50.621782,0.500000,1,10,10,112.569898
8.898949,1765328173.058800,1765328154,0.319413,0.086519,0.000000,0.488115,0.000000,50.000000,0.000000,51.310514,0.500000,1,10,10,113.822171
8.900942,1765328173.060800,1765328154,0.319413,0.087480,0.000000,0.482705,0.000000,50.000000,0.000000,51.310514,0.500000,1,10,10,115.060562
8.902943,1765328173.062801,1765328154,0.319413,0.088449,0.000000,0.483041,0.000000,50.000000,0.000000,49.588685,0.500000,1,10,10,116.258230
8.904889,1765328173.064711,1765328154,0.319413,0.089429,0.000000,0.487993,0.000000,50.000000,0.000000,51.310514,0.500000,1,10,10,117.510189
8.906944,1765328173.066803,1765328154,0.319413,0.090909,0.000000,0.493016,0.000000,50.000000,0.000000,51.310514,0.500000,1,10,10,118.775034
8.908944,1765328173.068802,1765328154,0.319413,0.091405,0.000000,0.493129,0.000000,50.000000,0.000000,51.654880,0.500000,1,10,10,120.048659
8.910945,1765328173.070803,1765328154,0.319413,0.092378,0.000000,0.488978,0.000000,50.000000,0.000000,50.621782,0.500000,1,10,10,121.286306
8.912946,1765328173.072803,1765328154,0.319413,0.093347,0.000000,0.486353,0.000000,50.000000,0.000000,51.654880,0.500000,1,10,10,122.542433
8.914957,1765328173.074824,1765328154,0.319413,0.094335,0.000000,0.489778,0.000000,50.000000,0.000000,50.621782,0.500000,1,10,10,123.782104
8.916959,1765328173.076817,1765328154,0.319413,0.095327,0.000000,0.494676,0.000000,50.000000,0.000000,51.654880,0.500000,1,10,10,125.059726
8.918969,1765328173.078828,1765328154,0.319413,0.096322,0.000000,0.497138,0.000000,50.000000,0.000000,50.621782,0.500000,1,10,10,126.318026
8.920960,1765328173.080824,1765328154,0.319413,0.097317,0.000000,0.498113,0.000000,50.000000,0.000000,51.310514,0.500000,1,10,10,127.595949
8.922960,1765328173.082820,1765328154,0.319413,0.098313,0.000000,0.497742,0.000000,50.000000,0.000000,51.310514,0.500000,1,10,10,128.872918
8.924957,1765328173.084823,1765328154,0.319413,0.099316,0.000000,0.499988,0.000000,50.000000,0.000000,51.310514,0.500000,1,10,10,130.155649
8.926962,1765328173.086829,1765328154,0.319413,0.100334,0.000000,0.505827,0.000000,50.000000,0.000000,51.310514,0.500000,1,10,10,131.453361
8.928963,1765328173.088832,1765328154,0.319413,0.101349,0.000000,0.508350,0.000000,50.000000,0.000000,50.621782,0.500000,1,10,10,132.740040
8.930963,1765328173.090831,1765328154,0.319413,0.102367,0.000000,0.508495,0.000000,50.000000,0.000000,50.966148,0.500000,1,10,10,134.035840
8.932964,1765328173.092825,1765328154,0.319413,0.103392,0.000000,0.511374,0.000000,50.000000,0.000000,51.310514,0.500000,1,10,10,135.347783
8.934953,1765328173.094811,1765328154,0.319413,0.104959,0.000000,0.520372,0.000000,50.000000,0.000000,50.621782,0.500000,1,10,10,136.664892
8.936954,1765328173.096811,1765328154,0.319413,0.105489,0.000000,0.524242,0.000000,50.000000,0.000000,50.621782,0.500000,1,10,10,137.991795
8.938965,1765328173.098832,1765328154,0.319413,0.106549,0.000000,0.529256,0.000000,50.000000,0.344366,50.966148,0.500000,1,10,10,139.340533
8.940969,1765328173.100826,1765328154,0.319413,0.107609,0.000000,0.530585,0.000000,50.000000,0.000000,49.244319,0.500000,1,10,10,140.646947
8.942967,1765328173.102834,1765328154,0.319413,0.108676,0.000000,0.532368,0.000000,50.000000,0.000000,49.244319,0.500000,1,10,10,141.957753
8.944982,1765328173.104841,1765328154,0.319413,0.109759,0.000000,0.538351,0.000000,50.000000,0.000000,50.277416,0.500000,1,10,10,143.311097
8.946969,1765328173.106838,1765328154,0.319413,0.110849,0.000000,0.544136,0.000000,50.000000,0.000000,50.966148,0.500000,1,10,10,144.697724
8.948967,1765328173.108826,1765328154,0.319413,0.111954,0.000000,0.549364,0.000000,50.000000,0.000000,50.966148,0.500000,1,10,10,146.097672
8.950970,1765328173.110837,1765328154,0.319413,0.113063,0.000000,0.553450,0.000000,50.000000,0.000000,50.621782,0.500000,1,10,10,147.498503
8.952970,1765328173.112838,1765328154,0.319413,0.114729,0.000000,0.554949,0.000000,50.000000,0.000000,50.277416,0.500000,1,10,10,148.893573
8.954971,1765328173.114837,1765328154,0.319413,0.115289,0.000000,0.556669,0.000000,50.000000,0.000000,48.899953,0.500000,1,10,10,150.254627
8.956971,1765328173.116839,1765328154,0.319413,0.116409,0.000000,0.560270,0.000000,50.000000,0.000000,49.933050,0.500000,1,10,10,151.653427
8.958972,1765328173.118832,1765328154,0.319413,0.117549,0.000000,0.565119,0.000000,50.000000,0.000000,49.244319,0.500000,1,10,10,153.044872
8.960973,1765328173.120840,1765328154,0.319413,0.118688,0.000000,0.569516,0.000000,50.000000,0.000000,49.588685,0.500000,1,10,10,154.456949
8.962973,1765328173.122840,1765328154,0.319413,0.120399,0.000000,0.570394,0.000000,50.000000,0.000000,49.588685,0.500000,1,10,10,155.871202
8.964975,1765328173.124843,1765328154,0.319413,0.120974,0.000000,0.572279,0.000000,50.000000,0.000000,49.588685,0.500000,1,10,10,157.290130
8.966975,1765328173.126842,1765328154,0.319413,0.122136,0.000000,0.576892,0.000000,50.000000,0.000000,49.588685,0.500000,1,10,10,158.720495
8.968976,1765328173.128843,1765328154,0.319413,0.123294,0.000000,0.579455,0.000000,50.000000,0.000000,50.277416,0.500000,1,10,10,160.177169
8.970996,1765328173.130854,1765328154,0.319413,0.124445,0.000000,0.576937,0.000000,50.000000,0.000000,49.933050,0.500000,1,10,10,161.617580
8.972977,1765328173.132841,1765328154,0.319413,0.125588,0.000000,0.573601,0.000000,50.000000,0.000000,49.933050,0.500000,1,10,10,163.049663
8.974979,1765328173.134836,1765328154,0.319413,0.126735,0.000000,0.573387,0.000000,50.000000,0.000000,49.244319,0.500000,1,10,10,164.461467
8.976979,1765328173.136843,1765328154,0.319413,0.127901,0.000000,0.579153,0.000000,50.000000,0.344366,49.588685,0.500000,1,10,10,165.897473
8.978979,1765328173.138846,1765328154,0.319413,0.129066,0.000000,0.582726,0.000000,50.000000,0.000000,50.277416,0.500000,1,10,10,167.362371
8.980969,1765328173.140825,1765328154,0.319413,0.130225,0.000000,0.580436,0.000000,50.000000,0.000000,49.244319,0.500000,1,10,10,168.791529
8.982910,1765328173.142725,1765328154,0.319413,0.131372,0.000000,0.576152,0.000000,50.000000,0.000000,49.933050,0.500000,1,10,10,170.229979
8.984961,1765328173.144817,1765328154,0.319413,0.132522,0.000000,0.573952,0.000000,50.000000,0.000000,48.555587,0.500000,1,10,10,171.623407
8.986982,1765328173.146849,1765328154,0.319413,0.133684,0.000000,0.577824,0.000000,50.000000,0.000000,49.588685,0.500000,1,10,10,173.056084
8.988998,1765328173.148878,1765328154,0.319413,0.135425,0.000000,0.581289,0.000000,50.000000,0.000000,50.966148,0.500000,1,10,10,174.537388
8.991012,1765328173.150924,1765328154,0.319413,0.136004,0.000000,0.580903,0.000000,50.000000,0.000000,50.277416,0.500000,1,10,10,175.997702
8.993028,1765328173.152939,1765328154,0.319413,0.137159,0.000000,0.577550,0.000000,50.000000,0.000000,49.588685,0.500000,1,10,10,177.429699
8.995029,1765328173.154939,1765328154,0.319413,0.138313,0.000000,0.576798,0.000000,50.000000,0.000000,49.244319,0.500000,1,10,10,178.849900
8.997060,1765328173.156973,1765328154,0.319413,0.139479,0.000000,0.580501,0.000000,50.000000,0.000000,49.933050,0.500000,1,10,10,180.299210
8.999012,1765328173.158904,1765328154,0.319413,0.140653,0.000000,0.585339,0.000000,50.000000,0.000000,48.899953,0.500000,1,10,10,181.730362
9.001016,1765328173.160908,1765328154,0.319413,0.141818,0.000000,0.584862,0.000000,50.000000,0.000000,49.933050,0.500000,1,10,10,183.190560
9.003016,1765328173.162909,1765328154,0.319413,0.142984,0.000000,0.583514,0.000000,50.000000,0.344366,48.899953,0.500000,1,10,10,184.617284
9.005017,1765328173.164910,1765328154,0.319413,0.144154,0.000000,0.584220,0.000000,50.000000,0.000000,50.277416,0.500000,1,10,10,186.085938
9.007018,1765328173.166900,1765328154,0.319413,0.145331,0.000000,0.586946,0.000000,50.000000,0.000000,50.277416,0.500000,1,10,10,187.561444
9.009007,1765328173.168889,1765328154,0.319413,0.147110,0.000000,0.592858,0.000000,50.000000,0.000000,48.899953,0.500000,1,10,10,189.010982
9.011007,1765328173.170885,1765328154,0.319413,0.147704,0.000000,0.593508,0.000000,50.000000,0.000000,49.244319,0.500000,1,10,10,190.472325
9.013003,1765328173.172885,1765328154,0.319413,0.148900,0.000000,0.596539,0.000000,50.000000,0.000000,48.899953,0.500000,1,10,10,191.930861
9.015009,1765328173.174890,1765328154,0.319413,0.150096,0.000000,0.598404,0.000000,50.000000,0.000000,49.933050,0.500000,1,10,10,193.424867
9.017090,1765328173.177059,1765328154,0.319413,0.151304,0.000000,0.601371,0.000000,50.000000,0.000000,49.244319,0.500000,1,10,10,194.905572
9.019011,1765328173.178944,1765328154,0.319413,0.151909,0.000000,0.603040,0.000000,50.000000,0.000000,49.588685,0.500000,1,10,10,196.400769
9.020982,1765328173.180880,1765328154,0.319413,0.153730,0.000000,0.606527,0.000000,50.000000,0.000000,48.899953,0.500000,1,10,10,197.883726
9.022951,1765328173.182741,1765328154,0.319413,0.154952,0.000000,0.609956,0.000000,50.000000,0.000000,49.244319,0.500000,1,10,10,199.385569
9.024910,1765328173.184701,1765328154,0.319413,0.156186,0.000000,0.615001,0.000000,50.000000,0.000000,49.933050,0.500000,1,10,10,200.921012
9.026910,1765328173.186700,1765328154,0.319413,0.157428,0.000000,0.619091,0.000000,50.000000,0.000000,48.555587,0.500000,1,10,10,202.424027
9.028909,1765328173.188697,1765328154,0.319413,0.159294,0.000000,0.622554,0.000000,50.000000,0.000000,48.555587,0.500000,1,10,10,203.935451
9.030925,1765328173.190724,1765328154,0.319413,0.159922,0.000000,0.623441,0.000000,50.000000,0.000000,48.555587,0.500000,1,10,10,205.449027
9.032923,1765328173.192721,1765328154,0.319413,0.161179,0.000000,0.626770,0.000000,50.000000,0.000000,49.933050,0.500000,1,10,10,207.013855
9.034909,1765328173.194698,1765328154,0.319413,0.162439,0.000000,0.629622,0.000000,50.000000,0.000000,49.588685,0.500000,1,10,10,208.574961
9.036927,1765328173.196728,1765328154,0.319413,0.163696,0.000000,0.629984,0.000000,50.000000,0.000000,48.555587,0.500000,1,10,10,210.104422
9.038928,1765328173.198729,1765328154,0.319413,0.164956,0.000000,0.629984,0.000000,50.000000,0.344366,48.899953,0.500000,1,10,10,211.644770
9.040930,1765328173.200733,1765328154,0.319413,0.166232,0.000000,0.634546,0.000000,50.000000,0.000000,47.866855,0.500000,1,10,10,213.163457
9.042932,1765328173.202737,1765328154,0.319413,0.167523,0.000000,0.641680,0.000000,50.000000,0.000000,49.244319,0.500000,1,10,10,214.743412
9.044932,1765328173.204737,1765328154,0.319413,0.168806,0.000000,0.643443,0.000000,50.000000,0.000000,49.244319,0.500000,1,10,10,216.327707
9.046933,1765328173.206740,1765328154,0.319413,0.170089,0.000000,0.641339,0.000000,50.000000,0.000000,48.211221,0.500000,1,10,10,217.873694
9.048943,1765328173.208751,1765328154,0.319413,0.171368,0.000000,0.640260,0.000000,50.000000,0.000000,49.244319,0.500000,1,10,10,219.450151
9.050939,1765328173.210749,1765328154,0.319413,0.172659,0.000000,0.643419,0.000000,50.000000,0.000000,48.555587,0.500000,1,10,10,221.012230
9.052938,1765328173.212748,1765328154,0.319413,0.173953,0.000000,0.647007,0.000000,50.000000,0.000000,48.555587,0.500000,1,10,10,222.583021
9.054941,1765328173.214753,1765328154,0.319413,0.175899,0.000000,0.648153,0.000000,50.000000,0.000000,49.244319,0.500000,1,10,10,224.178915
9.056943,1765328173.216757,1765328154,0.319413,0.176546,0.000000,0.648187,0.000000,50.000000,0.344366,48.555587,0.500000,1,10,10,225.752610
9.058945,1765328173.218761,1765328154,0.319413,0.177844,0.000000,0.648636,0.000000,50.000000,0.000000,47.178124,0.500000,1,10,10,227.282681
9.060948,1765328173.220766,1765328154,0.319413,0.179146,0.000000,0.649940,0.000000,50.000000,0.000000,48.899953,0.500000,1,10,10,228.871782
9.062948,1765328173.222766,1765328154,0.319413,0.180445,0.000000,0.650542,0.000000,50.000000,0.000000,48.211221,0.500000,1,10,10,230.439954
9.064949,1765328173.224767,1765328154,0.319413,0.181754,0.000000,0.651933,0.000000,50.000000,0.000000,49.588685,0.500000,1,10,10,232.056379
9.066954,1765328173.226774,1765328154,0.319413,0.183060,0.000000,0.654077,0.000000,50.000000,0.000000,47.866855,0.500000,1,10,10,233.621808
9.068956,1765328173.228778,1765328154,0.319413,0.184374,0.000000,0.655149,0.000000,50.000000,0.000000,48.899953,0.500000,1,10,10,235.223647
9.070955,1765328173.230778,1765328154,0.319413,0.186331,0.000000,0.653764,0.000000,50.000000,0.000000,48.899953,0.500000,1,10,10,236.822098
9.072958,1765328173.232785,1765328154,0.319417,0.186985,0.000925,0.653053,0.000000,50.000000,0.000000,48.899953,0.500000,1,10,10,238.418812
9.074971,1765328173.234797,1765328154,0.319417,0.188303,0.000944,0.656017,0.000000,50.000000,0.344366,49.244319,0.500000,1,10,10,240.034109
9.076963,1765328173.236792,1765328154,0.319413,0.189620,-0.000676,0.658751,0.000000,50.000000,0.000000,48.211221,0.500000,1,10,10,241.622068
9.078963,1765328173.238793,1765328154,0.319413,0.190941,-0.000945,0.659050,0.000000,50.000000,0.000000,48.555587,0.500000,1,10,10,243.222098
9.080964,1765328173.240793,1765328154,0.319413,0.192250,-0.000000,0.657374,0.000000,50.000000,0.000000,48.555587,0.500000,1,10,10,244.818057
9.082968,1765328173.242803,1765328154,0.319413,0.194241,0.000000,0.661681,0.000000,0.000000,0.000000,48.899953,0.500000,1,10,10,246.435865
16.133238,1765328180.293075,1765328154,0.319417,0.009981,0.000000,0.000000,0.000000,50.000000,0.688732,-8.264781,0.500000,1,10,10,0.000000
16.135247,1765328180.295050,1765328154,0.319417,0.009981,0.000000,0.000000,0.000000,50.000000,0.344366,-6.887317,0.500000,1,10,10,0.000000
16.137252,1765328180.297053,1765328154,0.319417,0.009981,0.000000,0.002255,0.000000,50.000000,0.000000,45.456294,0.500000,1,10,10,0.000000
16.139234,1765328180.299024,1765328154,0.319417,0.010027,0.000000,0.016397,0.000000,50.000000,0.000000,45.111928,0.500000,1,10,10,0.000000
16.141248,1765328180.301046,1765328154,0.319417,0.010246,0.000000,0.072889,0.000000,50.000000,0.000000,48.211221,0.500000,1,10,10,0.000000
16.143234,1765328180.303024,1765328154,0.319417,0.010428,0.000000,0.097339,0.000000,50.000000,0.000000,49.244319,0.500000,1,10,10,0.000000
16.145263,1765328180.305083,1765328154,0.319417,0.010454,0.000000,0.044187,0.000000,50.000000,0.000000,54.409807,0.500000,1,10,10,0.000000
16.147252,1765328180.307055,1765328154,0.319417,0.010424,0.000000,-0.002115,0.000000,50.000000,0.000000,55.442904,0.500000,1,10,10,0.000000
16.149244,1765328180.309047,1765328154,0.319417,0.010496,0.000000,0.016065,0.000000,50.000000,0.000000,55.787270,0.500000,1,10,10,0.000000
16.151240,1765328180.311038,1765328154,0.319417,0.010651,0.000000,0.059329,0.000000,50.000000,0.000000,49.933050,0.500000,1,10,10,0.000000
16.153240,1765328180.313036,1765328154,0.319417,0.010761,0.000000,0.063244,0.000000,50.000000,0.000000,50.277416,0.500000,1,10,10,0.000000
16.155244,1765328180.315042,1765328154,0.319417,0.010821,0.000000,0.040780,0.000000,50.000000,0.000000,49.244319,0.500000,1,10,10,0.000000
16.157244,1765328180.317038,1765328154,0.319413,0.010912,-0.000943,0.040159,0.000000,50.000000,0.000000,56.476002,0.500000,1,10,10,0.000000
16.159234,1765328180.319021,1765328154,0.319413,0.011075,-0.000946,0.066337,0.000000,50.000000,0.000000,56.820368,0.500000,1,10,10,0.000000
16.161233,1765328180.321018,1765328154,0.319413,0.011226,-0.000021,0.077561,0.000000,50.000000,0.000000,49.933050,0.500000,1,10,10,0.000000
16.163233,1765328180.323019,1765328154,0.319413,0.011321,-0.000000,0.059843,0.000000,50.000000,0.000000,49.588685,0.500000,1,10,10,0.000000
16.165233,1765328180.325018,1765328154,0.319417,0.011438,0.000935,0.054497,0.000000,50.000000,0.000000,56.131636,0.500000,1,10,10,0.000000
16.167233,1765328180.327018,1765328154,0.319417,0.011616,0.000264,0.075726,0.000000,50.000000,0.000000,57.164734,0.500000,1,10,10,0.000000
16.169233,1765328180.329019,1765328154,0.319413,0.011802,-0.000681,0.090400,0.000000,50.000000,0.000000,57.509099,0.500000,1,10,10,0.000000
16.171233,1765328180.331018,1765328154,0.319413,0.011953,-0.000925,0.082841,0.000000,50.000000,0.000000,57.164734,0.500000,1,10,10,0.000000
16.173251,1765328180.333045,1765328154,0.319413,0.012101,-0.000946,0.075741,0.000000,50.000000,0.000000,56.476002,0.500000,1,10,10,0.000000
16.175245,1765328180.335038,1765328154,0.319413,0.012282,-0.000021,0.084892,0.000000,50.000000,0.000000,56.131636,0.500000,1,10,10,0.000000
16.177247,1765328180.337040,1765328154,0.319413,0.012585,0.000682,0.099862,0.000000,50.000000,0.000000,56.820368,0.500000,1,10,10,3.281849
16.179247,1765328180.339041,1765328154,0.319417,0.012684,0.000944,0.099824,0.000000,50.000000,0.000000,56.131636,0.500000,1,10,10,3.562025
16.181248,1765328180.341043,1765328154,0.319417,0.012877,0.000264,0.097668,0.000000,50.000000,0.000000,56.820368,0.500000,1,10,10,3.839503
16.183249,1765328180.343044,1765328154,0.319413,0.013081,-0.000805,0.099635,0.000000,50.000000,0.000000,55.787270,0.500000,1,10,10,4.117431
16.185238,1765328180.345028,1765328154,0.319413,0.013297,-0.000946,0.105892,0.000000,50.000000,0.000000,56.131636,0.500000,1,10,10,4.414639
16.187250,1765328180.347047,1765328154,0.319413,0.013524,-0.000140,0.110947,0.000000,50.000000,0.000000,56.131636,0.500000,1,10,10,4.726021
16.189253,1765328180.349049,1765328154,0.319413,0.013747,-0.000001,0.112572,0.000000,50.000000,0.000000,56.131636,0.500000,1,10,10,5.041962
16.191251,1765328180.351047,1765328154,0.319413,0.013974,0.000000,0.112600,0.000000,50.000000,0.000000,56.476002,0.500000,1,10,10,5.359922
16.193251,1765328180.353048,1765328154,0.319417,0.014209,0.000682,0.114979,0.000000,50.000000,0.688732,55.787270,0.500000,1,10,10,5.680669
16.195253,1765328180.355051,1765328154,0.319417,0.014448,0.000925,0.118861,0.000000,50.000000,0.000000,56.131636,0.500000,1,10,10,6.014272
16.197254,1765328180.357053,1765328154,0.319413,0.014690,0.000264,0.120844,0.000000,50.000000,0.000000,55.787270,0.500000,1,10,10,6.351351
16.199263,1765328180.359064,1765328154,0.319413,0.014932,-0.000945,0.121802,0.000000,50.000000,0.000000,55.787270,0.500000,1,10,10,6.691110
16.201257,1765328180.361058,1765328154,0.319413,0.015333,-0.000021,0.131277,0.000000,50.000000,0.000000,55.098538,0.500000,1,10,10,7.052769
16.203258,1765328180.363060,1765328154,0.319413,0.015473,-0.000002,0.136061,0.000000,50.000000,0.000000,56.131636,0.500000,1,10,10,7.434636
16.205260,1765328180.365064,1765328154,0.319413,0.015761,0.000000,0.141739,0.000000,50.000000,0.000000,55.787270,0.500000,1,10,10,7.829998
16.207261,1765328180.367067,1765328154,0.319413,0.016041,0.000000,0.141191,0.000000,50.000000,0.000000,56.131636,0.500000,1,10,10,8.226262
16.209263,1765328180.369069,1765328154,0.319417,0.016329,0.000446,0.142994,0.000000,50.000000,0.000000,55.787270,0.500000,1,10,10,8.625127
16.211265,1765328180.371073,1765328154,0.319417,0.016639,0.000907,0.150759,0.000000,50.000000,0.000000,55.442904,0.500000,1,10,10,9.043060
16.213266,1765328180.373075,1765328154,0.319417,0.016965,0.000946,0.159788,0.000000,50.000000,0.000000,55.787270,0.500000,1,10,10,9.488776
16.215268,1765328180.375079,1765328154,0.319417,0.017294,0.000039,0.164306,0.000000,50.000000,0.000000,55.787270,0.500000,1,10,10,9.947086
16.217270,1765328180.377083,1765328154,0.319413,0.017619,-0.000945,0.163808,0.000000,50.000000,0.000000,55.787270,0.500000,1,10,10,10.404013
16.219273,1765328180.379086,1765328154,0.319413,0.017960,-0.000140,0.166799,0.000000,50.000000,0.000000,55.098538,0.500000,1,10,10,10.863531
16.221275,1765328180.381091,1765328154,0.319413,0.018312,-0.000021,0.173938,0.000000,50.000000,0.688732,55.442904,0.500000,1,10,10,11.345750
16.223275,1765328180.383090,1765328154,0.319413,0.018668,0.000000,0.177085,0.000000,50.000000,0.000000,55.098538,0.500000,1,10,10,11.833607
16.225288,1765328180.385107,1765328154,0.319413,0.019027,0.000000,0.178760,0.000000,50.000000,0.000000,55.098538,0.500000,1,10,10,12.326077
16.227281,1765328180.387101,1765328154,0.319413,0.019410,0.000000,0.186716,0.000000,50.000000,0.344366,55.787270,0.500000,1,10,10,12.846905
16.229281,1765328180.389102,1765328154,0.319413,0.019811,0.000000,0.196989,0.000000,50.000000,0.000000,54.409807,0.500000,1,10,10,13.382812
16.231284,1765328180.391107,1765328154,0.319413,0.020216,0.000000,0.201372,0.000000,50.000000,0.000000,54.754173,0.500000,1,10,10,13.934109
16.233285,1765328180.393108,1765328154,0.319413,0.020613,0.000000,0.200181,0.000000,50.000000,0.000000,55.442904,0.500000,1,10,10,14.489041
16.235289,1765328180.395115,1765328154,0.319413,0.021011,0.000000,0.199932,0.000000,50.000000,0.000000,54.065441,0.500000,1,10,10,15.029513
16.237289,1765328180.397115,1765328154,0.319417,0.021435,0.000682,0.206925,0.000000,50.000000,0.344366,54.754173,0.500000,1,10,10,15.596028
16.239294,1765328180.399120,1765328154,0.319417,0.022112,0.000261,0.223999,0.000000,50.000000,0.000000,56.131636,0.500000,1,10,10,16.224701
16.241294,1765328180.401123,1765328154,0.319413,0.022339,0.000011,0.225686,0.000000,50.000000,0.000000,55.442904,0.500000,1,10,10,16.850336
16.243294,1765328180.403123,1765328154,0.319413,0.022786,-0.000925,0.225994,0.000000,50.000000,0.000000,55.098538,0.500000,1,10,10,17.472940
16.245299,1765328180.405132,1765328154,0.319413,0.023236,-0.000001,0.224956,0.000000,50.000000,0.000000,54.409807,0.500000,1,10,10,18.084931
16.247299,1765328180.407133,1765328154,0.319417,0.023702,0.000806,0.229892,0.000000,50.000000,0.000000,54.754173,0.500000,1,10,10,18.714314
16.249299,1765328180.409133,1765328154,0.319417,0.024186,0.000935,0.238337,0.000000,50.000000,0.000000,55.098538,0.500000,1,10,10,19.370920
16.251309,1765328180.411143,1765328154,0.319417,0.024671,0.000946,0.241455,0.000000,50.000000,0.000000,54.754173,0.500000,1,10,10,20.031957
16.253301,1765328180.413134,1765328154,0.319417,0.025140,-0.000661,0.237878,0.000000,50.000000,0.000000,54.409807,0.500000,1,10,10,20.679104
16.255301,1765328180.415134,1765328154,0.319413,0.025621,-0.000946,0.238067,0.000000,50.000000,0.000000,54.065441,0.500000,1,10,10,21.322669
16.257301,1765328180.417134,1765328154,0.319413,0.026124,-0.000011,0.247455,0.000000,50.000000,0.000000,54.754173,0.500000,1,10,10,22.000129
16.259307,1765328180.419143,1765328154,0.319413,0.026643,-0.000001,0.256428,0.000000,50.000000,0.000000,55.098538,0.500000,1,10,10,22.706568
16.261307,1765328180.421145,1765328154,0.319413,0.027146,0.000000,0.254537,0.000000,50.000000,0.000000,54.754173,0.500000,1,10,10,23.403415
16.263308,1765328180.423146,1765328154,0.319413,0.027631,0.000000,0.246845,0.000000,50.000000,0.000000,54.065441,0.500000,1,10,10,24.070705
16.265309,1765328180.425147,1765328154,0.319413,0.028142,0.000000,0.250192,0.000000,50.000000,0.000000,54.409807,0.500000,1,10,10,24.751352
16.267313,1765328180.427151,1765328154,0.319413,0.028683,0.000000,0.263915,0.000000,50.000000,0.000000,54.409807,0.500000,1,10,10,25.469330
16.269309,1765328180.429147,1765328154,0.319413,0.029224,0.000000,0.270767,0.000000,50.000000,0.000000,54.409807,0.500000,1,10,10,26.205950
16.271310,1765328180.431148,1765328154,0.319413,0.029751,0.000000,0.266094,0.000000,50.000000,0.000000,54.065441,0.500000,1,10,10,26.925274
16.273310,1765328180.433148,1765328154,0.319413,0.030273,0.000000,0.262638,0.000000,50.000000,0.344366,54.065441,0.500000,1,10,10,27.635271
16.275317,1765328180.435161,1765328154,0.319413,0.030818,0.000000,0.267725,0.000000,50.000000,0.000000,53.376709,0.500000,1,10,10,28.349786
16.277335,1765328180.437181,1765328154,0.319417,0.031371,0.000682,0.274600,0.000000,50.000000,0.000000,53.376709,0.500000,1,10,10,29.082651
16.279318,1765328180.439162,1765328154,0.319417,0.031923,0.000925,0.276711,0.000000,50.000000,0.000000,53.376709,0.500000,1,10,10,29.821151
16.281319,1765328180.441162,1765328154,0.319413,0.032480,0.000500,0.277438,0.000000,50.000000,0.000000,54.754173,0.500000,1,10,10,30.580696
16.283319,1765328180.443163,1765328154,0.319413,0.033047,-0.000923,0.280810,0.000000,50.000000,0.000000,54.065441,0.500000,1,10,10,31.339807
16.285328,1765328180.445177,1765328154,0.319413,0.033607,-0.000039,0.281743,0.000000,50.000000,0.000000,53.721075,0.500000,1,10,10,32.096584
16.287327,1765328180.447177,1765328154,0.319413,0.034168,-0.000003,0.280172,0.000000,50.000000,0.000000,53.721075,0.500000,1,10,10,32.849142
16.289328,1765328180.449178,1765328154,0.319417,0.034743,0.000446,0.284743,0.000000,50.000000,0.000000,54.409807,0.500000,1,10,10,33.623783
16.291329,1765328180.451179,1765328154,0.319417,0.035337,0.000943,0.293176,0.000000,50.000000,0.000000,53.721075,0.500000,1,10,10,34.411272
16.293329,1765328180.453179,1765328154,0.319413,0.035928,-0.000767,0.295630,0.000000,50.000000,0.000000,54.065441,0.500000,1,10,10,35.210443
16.295330,1765328180.455179,1765328154,0.319413,0.036511,-0.000944,0.293775,0.000000,50.000000,0.000000,54.409807,0.500000,1,10,10,36.009660
16.297331,1765328180.457181,1765328154,0.319413,0.037109,-0.000946,0.296284,0.000000,50.000000,0.000000,53.721075,0.500000,1,10,10,36.805500
16.299331,1765328180.459181,1765328154,0.319413,0.037722,-0.000011,0.303360,0.000000,50.000000,0.000000,53.376709,0.500000,1,10,10,37.615118
16.301341,1765328180.461200,1765328154,0.319417,0.038343,0.000907,0.308690,0.000000,50.000000,0.000000,53.032343,0.500000,1,10,10,38.433650
16.303349,1765328180.463200,1765328154,0.319417,0.038971,0.000500,0.312759,0.000000,50.000000,0.000000,53.032343,0.500000,1,10,10,39.262967
16.305333,1765328180.465184,1765328154,0.319417,0.039607,0.000006,0.316649,0.000000,50.000000,0.000000,52.343612,0.500000,1,10,10,40.091694
16.307333,1765328180.467183,1765328154,0.319413,0.040239,-0.000907,0.316986,0.000000,50.000000,0.000000,52.687977,0.500000,1,10,10,40.926766
16.309343,1765328180.469202,1765328154,0.319413,0.040882,-0.000946,0.319820,0.000000,50.000000,0.000000,53.721075,0.500000,1,10,10,41.785824
16.311344,1765328180.471202,1765328154,0.319413,0.041552,-0.000039,0.329781,0.000000,50.000000,0.000000,53.376709,0.500000,1,10,10,42.665955
16.313345,1765328180.473203,1765328154,0.319413,0.042230,-0.000000,0.336723,0.000000,50.000000,0.000000,53.376709,0.500000,1,10,10,43.564613
16.315345,1765328180.475203,1765328154,0.319413,0.042892,0.000000,0.334408,0.000000,50.000000,0.000000,53.721075,0.500000,1,10,10,44.462850
16.317345,1765328180.477203,1765328154,0.319413,0.043562,0.000000,0.334202,0.000000,50.000000,0.000000,53.032343,0.500000,1,10,10,45.349025
16.319346,1765328180.479205,1765328154,0.319413,0.044259,0.000000,0.342772,0.000000,50.000000,0.000000,52.343612,0.500000,1,10,10,46.246120
16.321347,1765328180.481206,1765328154,0.319417,0.044970,0.000872,0.352770,0.000000,50.000000,0.000000,53.376709,0.500000,1,10,10,47.187609
16.323347,1765328180.483205,1765328154,0.319417,0.045689,0.000946,0.357845,0.000000,50.000000,0.000000,52.343612,0.500000,1,10,10,48.124156
16.325348,1765328180.485206,1765328154,0.319413,0.046397,0.000500,0.355574,0.000000,50.000000,0.000000,51.999246,0.500000,1,10,10,49.048637
16.327349,1765328180.487207,1765328154,0.319413,0.047109,-0.000937,0.355175,0.000000,50.000000,0.000000,53.032343,0.500000,1,10,10,49.990427
16.329370,1765328180.489230,1765328154,0.319413,0.047847,-0.000500,0.364335,0.000000,50.000000,0.000000,53.032343,0.500000,1,10,10,50.956506
16.331350,1765328180.491209,1765328154,0.319413,0.048600,-0.000000,0.373019,0.000000,50.000000,0.000000,52.687977,0.500000,1,10,10,51.939186
16.333351,1765328180.493209,1765328154,0.319413,0.049334,0.000000,0.370865,0.000000,50.000000,0.000000,52.687977,0.500000,1,10,10,52.916192
16.335334,1765328180.495190,1765328154,0.319413,0.050072,0.000000,0.368775,0.000000,50.000000,0.000000,52.687977,0.500000,1,10,10,53.887692
16.337352,1765328180.497210,1765328154,0.319413,0.050833,0.000000,0.375935,0.000000,50.000000,0.000000,51.310514,0.500000,1,10,10,54.852164
16.339353,1765328180.499211,1765328154,0.319413,0.051613,0.000000,0.385229,0.000000,50.000000,0.000000,53.376709,0.500000,1,10,10,55.880279
16.341353,1765328180.501210,1765328154,0.319413,0.052389,0.000000,0.388937,0.000000,50.000000,0.000000,52.343612,0.500000,1,10,10,56.898197
16.343354,1765328180.503212,1765328154,0.319413,0.053153,0.000000,0.384813,0.000000,50.000000,0.000000,53.376709,0.500000,1,10,10,57.925200
16.345354,1765328180.505212,1765328154,0.319413,0.053926,0.000000,0.384293,0.000000,50.000000,0.000000,52.343612,0.500000,1,10,10,58.930965
16.347355,1765328180.507213,1765328154,0.319413,0.054713,0.000000,0.390371,0.000000,50.000000,0.000000,51.654880,0.500000,1,10,10,59.939195
16.349356,1765328180.509214,1765328154,0.319413,0.055493,0.000000,0.391485,0.000000,50.000000,0.000000,52.343612,0.500000,1,10,10,60.963782
16.351356,1765328180.511214,1765328154,0.319413,0.056280,0.000000,0.392179,0.000000,50.000000,0.000000,51.654880,0.500000,1,10,10,61.976679
16.353355,1765328180.513212,1765328154,0.319413,0.057075,0.000000,0.396462,0.000000,50.000000,0.000000,51.654880,0.500000,1,10,10,63.000639
16.355376,1765328180.515235,1765328154,0.319413,0.057873,0.000000,0.399041,0.000000,50.000000,0.000000,51.999246,0.500000,1,10,10,64.038132
16.357359,1765328180.517217,1765328154,0.319413,0.058676,0.000000,0.399900,0.000000,50.000000,0.000000,51.999246,0.500000,1,10,10,65.077857
16.359358,1765328180.519215,1765328154,0.319413,0.059475,0.000000,0.399867,0.000000,50.000000,0.000000,53.376709,0.500000,1,10,10,66.145037
16.361360,1765328180.521218,1765328154,0.319413,0.060285,0.000000,0.402662,0.000000,50.000000,0.000000,52.687977,0.500000,1,10,10,67.205809
16.363361,1765328180.523219,1765328154,0.319413,0.061098,0.000000,0.405873,0.000000,50.000000,0.000000,52.343612,0.500000,1,10,10,68.268052
16.365361,1765328180.525219,1765328154,0.319413,0.061905,0.000000,0.405461,0.000000,50.000000,0.000000,52.687977,0.500000,1,10,10,69.336199
16.367307,1765328180.527130,1765328154,0.319413,0.062722,0.000000,0.407307,0.000000,50.000000,0.000000,51.999246,0.500000,1,10,10,70.395182
16.369361,1765328180.529220,1765328154,0.319413,0.063555,0.000000,0.413122,0.000000,50.000000,0.000000,52.343612,0.500000,1,10,10,71.476397
16.371362,1765328180.531220,1765328154,0.319413,0.064380,0.000000,0.414440,0.000000,50.000000,0.000000,52.343612,0.500000,1,10,10,72.561061
16.373363,1765328180.533221,1765328154,0.319413,0.065209,0.000000,0.412851,0.000000,50.000000,0.000000,50.966148,0.500000,1,10,10,73.613131
16.375365,1765328180.535222,1765328154,0.319413,0.066042,0.000000,0.415614,0.000000,50.000000,0.000000,51.999246,0.500000,1,10,10,74.693711
16.377364,1765328180.537221,1765328154,0.319413,0.066893,0.000000,0.422680,0.000000,50.000000,0.000000,51.654880,0.500000,1,10,10,75.785386
16.379366,1765328180.539224,1765328154,0.319413,0.067745,0.000000,0.425103,0.000000,50.000000,0.000000,52.343612,0.500000,1,10,10,76.897956
16.381385,1765328180.541243,1765328154,0.319413,0.068589,0.000000,0.423251,0.000000,50.000000,0.000000,51.654880,0.500000,1,10,10,77.991106
16.383356,1765328180.543206,1765328154,0.319413,0.069444,0.000000,0.425822,0.000000,50.000000,0.000000,51.654880,0.500000,1,10,10,79.090895
16.385356,1765328180.545206,1765328154,0.319413,0.070311,0.000000,0.431542,0.000000,50.000000,0.000000,51.654880,0.500000,1,10,10,80.205456
16.387305,1765328180.547122,1765328154,0.319413,0.071189,0.000000,0.437028,0.000000,50.000000,0.000000,51.310514,0.500000,1,10,10,81.326662
16.389350,1765328180.549193,1765328154,0.319417,0.072067,0.000907,0.439586,0.000000,50.000000,0.000000,52.343612,0.500000,1,10,10,82.477140
16.391351,1765328180.551196,1765328154,0.319413,0.073404,0.000005,0.444042,0.000000,50.000000,0.000000,51.654880,0.500000,1,10,10,83.623987
16.393352,1765328180.553196,1765328154,0.319413,0.073850,0.000001,0.445325,0.000000,50.000000,0.000000,51.654880,0.500000,1,10,10,84.774148
16.395360,1765328180.555209,1765328154,0.319413,0.074747,-0.000071,0.448488,0.000000,50.000000,0.000000,51.999246,0.500000,1,10,10,85.940201
16.397361,1765328180.557211,1765328154,0.319413,0.076125,-0.000000,0.457839,0.000000,50.000000,0.000000,50.966148,0.500000,1,10,10,87.106917
16.399361,1765328180.559211,1765328154,0.319413,0.076583,0.000000,0.458406,0.000000,50.000000,0.000000,51.310514,0.500000,1,10,10,88.282968
16.401361,1765328180.561212,1765328154,0.319413,0.077506,0.000000,0.461159,0.000000,50.000000,0.000000,50.966148,0.500000,1,10,10,89.458144
16.403362,1765328180.563213,1765328154,0.319413,0.078426,0.000000,0.461114,0.000000,50.000000,0.000000,50.621782,0.500000,1,10,10,90.625265
16.405364,1765328180.565214,1765328154,0.319413,0.079365,0.000000,0.465255,0.000000,50.000000,0.000000,51.654880,0.500000,1,10,10,91.826900
16.407392,1765328180.567252,1765328154,0.319413,0.080311,0.000000,0.472464,0.000000,50.000000,0.000000,51.654880,0.500000,1,10,10,93.047153
16.409402,1765328180.569285,1765328154,0.319413,0.081265,0.000000,0.475473,0.000000,50.000000,0.000000,51.654880,0.500000,1,10,10,94.275177
16.411415,1765328180.571312,1765328154,0.319413,0.082219,0.000000,0.476553,0.000000,50.000000,0.000000,50.621782,0.500000,1,10,10,95.481374
16.413433,1765328180.573345,1765328154,0.319413,0.083169,0.000000,0.476152,0.000000,50.000000,0.000000,51.310514,0.500000,1,10,10,96.702956
16.415456,1765328180.575421,1765328154,0.319413,0.084138,0.000000,0.480312,0.000000,50.000000,0.000000,51.310514,0.500000,1,10,10,97.935207
16.417428,1765328180.577338,1765328154,0.319413,0.085114,0.000000,0.487085,0.000000,50.000000,0.000000,51.654880,0.500000,1,10,10,99.193222
16.419349,1765328180.579221,1765328154,0.319413,0.086091,0.000000,0.488956,0.000000,50.000000,0.000000,50.966148,0.500000,1,10,10,100.439232
16.421453,1765328180.581413,1765328154,0.319413,0.087068,0.000000,0.487762,0.000000,50.000000,0.000000,51.654880,0.500000,1,10,10,101.698995
16.423359,1765328180.583232,1765328154,0.319413,0.088052,0.000000,0.489527,0.000000,50.000000,0.000000,50.966148,0.500000,1,10,10,102.946460
16.425349,1765328180.585210,1765328154,0.319413,0.089036,0.000000,0.492953,0.000000,50.000000,0.000000,50.277416,0.500000,1,10,10,104.185680
16.427456,1765328180.587414,1765328154,0.319413,0.090031,0.000000,0.496108,0.000000,50.000000,0.000000,50.966148,0.500000,1,10,10,105.449915
16.429460,1765328180.589424,1765328154,0.319413,0.091038,0.000000,0.500492,0.000000,50.000000,0.000000,51.310514,0.500000,1,10,10,106.733941
16.431461,1765328180.591426,1765328154,0.319413,0.092037,0.000000,0.500781,0.000000,50.000000,0.000000,50.621782,0.500000,1,10,10,108.001461
16.433470,1765328180.593401,1765328154,0.319413,0.093033,0.000000,0.498843,0.000000,50.000000,0.688732,51.654880,0.500000,1,10,10,109.289961
16.435438,1765328180.595348,1765328154,0.319417,0.094036,0.000806,0.499454,0.000000,50.000000,0.000000,50.277416,0.500000,1,10,10,110.545526
16.437439,1765328180.597350,1765328154,0.319413,0.095043,0.000480,0.502921,0.000000,50.000000,0.000000,50.966148,0.500000,1,10,10,111.827125
16.439424,1765328180.599317,1765328154,0.319413,0.096053,0.000003,0.504915,0.000000,50.000000,0.344366,51.310514,0.500000,1,10,10,113.122527
16.441425,1765328180.601318,1765328154,0.319413,0.097068,-0.000037,0.506723,0.000000,50.000000,0.000000,50.621782,0.500000,1,10,10,114.405088
16.443426,1765328180.603318,1765328154,0.319413,0.098082,-0.000000,0.507034,0.000000,50.000000,0.000000,50.621782,0.500000,1,10,10,115.688436
16.445426,1765328180.605317,1765328154,0.319413,0.099096,0.000000,0.507151,0.000000,50.000000,0.000000,50.966148,0.500000,1,10,10,116.980813
16.447415,1765328180.607296,1765328154,0.319413,0.100122,0.000000,0.510517,0.000000,50.000000,0.000000,51.310514,0.500000,1,10,10,118.290558
16.449416,1765328180.609295,1765328154,0.319413,0.101144,0.000000,0.511374,0.000000,50.000000,0.000000,50.621782,0.500000,1,10,10,119.584893
16.451401,1765328180.611268,1765328154,0.319413,0.102162,0.000000,0.510082,0.000000,50.000000,0.000000,50.621782,0.500000,1,10,10,120.875956
16.453403,1765328180.613270,1765328154,0.319413,0.103192,0.000000,0.512290,0.000000,50.000000,0.000000,50.966148,0.500000,1,10,10,122.181428
16.455403,1765328180.615270,1765328154,0.319413,0.104225,0.000000,0.515520,0.000000,50.000000,0.000000,50.621782,0.500000,1,10,10,123.486254
16.457403,1765328180.617270,1765328154,0.319413,0.105266,0.000000,0.518807,0.000000,50.000000,0.000000,50.621782,0.500000,1,10,10,124.799400
16.459428,1765328180.619296,1765328154,0.319413,0.106311,0.000000,0.521738,0.000000,50.000000,0.000000,50.966148,0.500000,1,10,10,126.128948
16.461394,1765328180.621251,1765328154,0.319413,0.107352,0.000000,0.521763,0.000000,50.000000,0.000000,50.277416,0.500000,1,10,10,127.440592
16.463394,1765328180.623251,1765328154,0.319413,0.108400,0.000000,0.523060,0.000000,50.000000,0.000000,50.966148,0.500000,1,10,10,128.773509
16.465395,1765328180.625252,1765328154,0.319413,0.109460,0.000000,0.527272,0.000000,50.000000,0.000000,49.933050,0.500000,1,10,10,130.089925
16.467396,1765328180.627254,1765328154,0.319413,0.110524,0.000000,0.530715,0.000000,50.000000,0.688732,51.310514,0.500000,1,10,10,131.451611
16.469397,1765328180.629254,1765328154,0.319413,0.111591,0.000000,0.533382,0.000000,50.000000,0.000000,50.966148,0.500000,1,10,10,132.810832
16.471396,1765328180.631253,1765328154,0.319413,0.112670,0.000000,0.536808,0.000000,50.000000,0.000000,50.621782,0.500000,1,10,10,134.169542
16.473409,1765328180.633277,1765328154,0.319413,0.113748,0.000000,0.538934,0.000000,50.000000,0.000000,49.933050,0.500000,1,10,10,135.515074
16.475399,1765328180.635256,1765328154,0.319417,0.114831,0.000945,0.540921,0.000000,50.000000,0.000000,50.277416,0.500000,1,10,10,136.874881
16.477410,1765328180.637277,1765328154,0.319417,0.115921,0.000140,0.543784,0.000000,50.000000,0.000000,49.588685,0.500000,1,10,10,138.223159
16.479407,1765328180.639276,1765328154,0.319417,0.117019,0.000011,0.547212,0.000000,50.000000,0.000000,50.621782,0.500000,1,10,10,139.608202
16.481411,1765328180.641278,1765328154,0.319413,0.118128,-0.000935,0.551867,0.000000,50.000000,0.000000,50.621782,0.500000,1,10,10,141.005030
16.483401,1765328180.643259,1765328154,0.319413,0.119237,-0.000946,0.555142,0.000000,50.000000,0.000000,50.621782,0.500000,1,10,10,142.410146
16.485420,1765328180.645279,1765328154,0.319413,0.120357,-0.000001,0.557864,0.000000,50.000000,0.000000,50.966148,0.500000,1,10,10,143.831756
16.487402,1765328180.647259,1765328154,0.319417,0.121485,0.000682,0.563025,0.000000,50.000000,0.000000,49.588685,0.500000,1,10,10,145.227741
16.489403,1765328180.649261,1765328154,0.319417,0.122621,0.000925,0.566575,0.000000,50.000000,0.000000,50.621782,0.500000,1,10,10,146.661796
16.491404,1765328180.651261,1765328154,0.319417,0.123756,0.000946,0.567239,0.000000,50.000000,0.000000,49.933050,0.500000,1,10,10,148.077995
16.493404,1765328180.653261,1765328154,0.319413,0.124888,-0.000887,0.566872,0.000000,50.000000,0.000000,50.277416,0.500000,1,10,10,149.503041
16.495405,1765328180.655263,1765328154,0.319413,0.126027,-0.000500,0.567719,0.000000,50.000000,0.000000,49.588685,0.500000,1,10,10,150.910663
16.497406,1765328180.657263,1765328154,0.319413,0.127174,-0.000039,0.572406,0.000000,50.000000,0.000000,49.933050,0.500000,1,10,10,152.339762
16.499406,1765328180.659264,1765328154,0.319413,0.128340,-0.000000,0.578421,0.000000,50.000000,0.000000,49.244319,0.500000,1,10,10,153.763959
16.501410,1765328180.661268,1765328154,0.319413,0.129498,0.000000,0.580685,0.000000,50.000000,0.000000,49.933050,0.500000,1,10,10,155.213728
16.503421,1765328180.663290,1765328154,0.319417,0.130656,0.000806,0.579072,0.000000,50.000000,0.000000,50.277416,0.500000,1,10,10,156.669441
16.505440,1765328180.665321,1765328154,0.319417,0.131811,0.000946,0.578106,0.000000,50.000000,0.000000,49.933050,0.500000,1,10,10,158.112773
16.507452,1765328180.667346,1765328154,0.319417,0.132976,0.000140,0.580690,0.000000,50.000000,0.000000,49.588685,0.500000,1,10,10,159.552557
16.509469,1765328180.669405,1765328154,0.319417,0.133563,0.000000,0.584260,0.000000,50.000000,0.000000,48.555587,0.500000,1,10,10,160.971010
16.511531,1765328180.671540,1765328154,0.319417,0.135327,0.000000,0.587461,0.000000,50.000000,0.000000,49.933050,0.500000,1,10,10,162.437696
16.513495,1765328180.673476,1765328154,0.319417,0.136500,0.000000,0.586794,0.000000,50.000000,0.000000,49.244319,0.500000,1,10,10,163.882509
16.515496,1765328180.675454,1765328154,0.319413,0.137674,-0.000907,0.587490,0.000000,50.000000,0.000000,50.277416,0.500000,1,10,10,165.359384
16.517495,1765328180.677485,1765328154,0.319413,0.138855,-0.000500,0.589681,0.000000,50.000000,0.000000,49.244319,0.500000,1,10,10,166.811306
16.519497,1765328180.679476,1765328154,0.319413,0.140047,-0.000039,0.593677,0.000000,50.000000,0.000000,49.933050,0.500000,1,10,10,168.293511
16.521476,1765328180.681414,1765328154,0.319417,0.141239,0.000806,0.595545,0.000000,50.000000,0.000000,49.244319,0.500000,1,10,10,169.759873
16.523473,1765328180.683403,1765328154,0.319417,0.142424,0.000945,0.594520,0.000000,50.000000,0.000000,49.244319,0.500000,1,10,10,171.223712
16.525497,1765328180.685474,1765328154,0.319417,0.143616,0.000140,0.594255,0.000000,50.000000,0.000000,49.933050,0.500000,1,10,10,172.707360
16.527499,1765328180.687463,1765328154,0.319413,0.144808,-0.000925,0.596061,0.000000,50.000000,0.000000,48.899953,0.500000,1,10,10,174.164728
16.529499,1765328180.689462,1765328154,0.319413,0.146008,-0.000946,0.599205,0.000000,50.000000,0.000000,49.933050,0.500000,1,10,10,175.660736
16.531506,1765328180.691481,1765328154,0.319413,0.147212,-0.000265,0.600833,0.000000,50.000000,0.000000,48.555587,0.500000,1,10,10,177.119426
16.533447,1765328180.693371,1765328154,0.319413,0.148419,-0.000001,0.602314,0.000000,50.000000,0.000000,49.933050,0.500000,1,10,10,178.623195
16.535379,1765328180.695220,1765328154,0.319417,0.149623,0.000935,0.603144,0.000000,50.000000,0.000000,50.277416,0.500000,1,10,10,180.139424
16.537430,1765328180.697308,1765328154,0.319417,0.150834,0.000946,0.604375,0.000000,50.000000,0.688732,48.211221,0.500000,1,10,10,181.596458
16.539428,1765328180.699338,1765328154,0.319417,0.152046,0.000140,0.605532,0.000000,50.000000,0.000000,48.555587,0.500000,1,10,10,183.066557
16.541469,1765328180.701365,1765328154,0.319413,0.153257,-0.000907,0.606299,0.000000,50.000000,0.000000,48.899953,0.500000,1,10,10,184.548959
16.543349,1765328180.703140,1765328154,0.319413,0.154472,-0.000946,0.606934,0.000000,50.000000,0.000000,49.588685,0.500000,1,10,10,186.053815
16.545349,1765328180.705141,1765328154,0.319413,0.155694,-0.000003,0.609987,0.000000,50.000000,0.000000,48.899953,0.500000,1,10,10,187.545230
16.547348,1765328180.707139,1765328154,0.319417,0.157541,0.000682,0.614505,0.000000,50.000000,0.000000,48.899953,0.500000,1,10,10,189.047694
16.549366,1765328180.709164,1765328154,0.319417,0.158151,0.000925,0.614154,0.000000,50.000000,0.000000,48.555587,0.500000,1,10,10,190.538727
16.551363,1765328180.711161,1765328154,0.319417,0.159381,0.000946,0.614594,0.000000,50.000000,0.688732,48.555587,0.500000,1,10,10,192.030978
16.553365,1765328180.713166,1765328154,0.319417,0.160619,0.000011,0.616716,0.000000,50.000000,0.000000,49.933050,0.500000,1,10,10,193.570704
16.555351,1765328180.715143,1765328154,0.319413,0.161856,-0.000945,0.618768,0.000000,50.000000,0.000000,49.244319,0.500000,1,10,10,195.094246
16.557373,1765328180.717182,1765328154,0.319413,0.163715,-0.000140,0.619323,0.000000,50.000000,0.000000,49.244319,0.500000,1,10,10,196.619152
16.559376,1765328180.719186,1765328154,0.319413,0.164332,-0.000021,0.618211,0.000000,50.000000,0.000000,48.211221,0.500000,1,10,10,198.109387
16.561377,1765328180.721190,1765328154,0.319413,0.165570,0.000000,0.619491,0.000000,50.000000,0.000000,48.899953,0.500000,1,10,10,199.624039
16.563392,1765328180.723206,1765328154,0.319413,0.167462,0.000000,0.629294,0.000000,50.000000,0.000000,49.244319,0.500000,1,10,10,201.173498
16.565379,1765328180.725193,1765328154,0.319413,0.168094,0.000000,0.631457,0.000000,50.000000,0.000000,49.588685,0.500000,1,10,10,202.739155
16.567380,1765328180.727194,1765328154,0.319413,0.169355,0.000000,0.631225,0.000000,50.000000,0.000000,49.588685,0.500000,1,10,10,204.304236
16.569382,1765328180.729198,1765328154,0.319413,0.170611,0.000000,0.628577,0.000000,50.000000,0.000000,48.211221,0.500000,1,10,10,205.819459
16.571385,1765328180.731203,1765328154,0.319413,0.171872,0.000000,0.629591,0.000000,50.000000,0.000000,48.899953,0.500000,1,10,10,207.358807
16.573388,1765328180.733208,1765328154,0.319413,0.173147,0.000000,0.635582,0.000000,50.000000,0.000000,49.244319,0.500000,1,10,10,208.923748
16.575388,1765328180.735209,1765328154,0.319413,0.174427,0.000000,0.639046,0.000000,50.000000,0.000000,49.244319,0.500000,1,10,10,210.497216
16.577392,1765328180.737215,1765328154,0.319413,0.175713,0.000000,0.641892,0.000000,50.000000,0.000000,49.244319,0.500000,1,10,10,212.077694
16.579364,1765328180.739171,1765328154,0.319413,0.176993,0.000000,0.642303,0.000000,50.000000,0.000000,49.244319,0.500000,1,10,10,213.659183
16.581364,1765328180.741184,1765328154,0.319413,0.178283,0.000000,0.643193,0.000000,50.000000,0.000000,48.555587,0.500000,1,10,10,215.220713
16.583368,1765328180.743180,1765328154,0.319413,0.179582,0.000000,0.646983,0.000000,50.000000,0.344366,49.244319,0.500000,1,10,10,216.813765
16.585370,1765328180.745184,1765328154,0.319413,0.181542,0.000000,0.653134,0.000000,50.000000,0.000000,49.588685,0.500000,1,10,10,218.433168
16.587377,1765328180.747200,1765328154,0.319413,0.182197,0.000000,0.654492,0.000000,50.000000,0.000000,49.244319,0.500000,1,10,10,220.044669
16.589410,1765328180.749233,1765328154,0.319413,0.183511,0.000000,0.656193,0.000000,50.000000,0.000000,49.244319,0.500000,1,10,10,221.660358
16.591406,1765328180.751247,1765328154,0.319413,0.184832,0.000000,0.658141,0.000000,50.000000,0.000000,48.211221,0.500000,1,10,10,223.246846
16.593379,1765328180.753202,1765328154,0.319413,0.186149,0.000000,0.659744,0.000000,50.000000,0.000000,48.555587,0.500000,1,10,10,224.848560
16.595379,1765328180.755202,1765328154,0.319413,0.187477,0.000000,0.662094,0.000000,50.000000,0.000000,48.555587,0.500000,1,10,10,226.455978
16.597379,1765328180.757204,1765328154,0.319413,0.188810,0.000000,0.665528,0.000000,50.000000,0.000000,48.555587,0.500000,1,10,10,228.071733
16.599420,1765328180.759244,1765328154,0.319413,0.190146,0.000000,0.667037,0.000000,50.000000,0.000000,48.555587,0.500000,1,10,10,229.691152
16.601380,1765328180.761204,1765328154,0.319413,0.191486,0.000000,0.668208,0.000000,50.000000,0.000000,47.522489,0.500000,1,10,10,231.278898
16.603381,1765328180.763205,1765328154,0.319413,0.192822,0.000000,0.669368,0.000000,50.000000,0.000000,48.211221,0.500000,1,10,10,232.892450
16.605381,1765328180.765204,1765328154,0.319413,0.194173,0.000000,0.672911,0.000000,50.000000,0.000000,49.588685,0.500000,1,10,10,234.560888
16.607382,1765328180.767205,1765328154,0.319413,0.195521,0.000000,0.674651,0.000000,50.000000,0.000000,48.211221,0.500000,1,10,10,236.187175
16.609401,1765328180.769259,1765328154,0.319413,0.196868,0.000000,0.673760,0.000000,50.000000,0.000000,48.899953,0.500000,1,10,10,237.834516
16.611402,1765328180.771225,1765328154,0.319413,0.198216,0.000000,0.674185,0.000000,50.000000,0.000000,48.899953,0.500000,1,10,10,239.482897
16.613403,1765328180.773228,1765328154,0.319413,0.199571,0.000000,0.676224,0.000000,50.000000,0.000000,49.244319,0.500000,1,10,10,241.147906
16.615416,1765328180.775240,1765328154,0.319413,0.200918,0.000000,0.675788,0.000000,50.000000,0.000000,48.555587,0.500000,1,10,10,242.788570
16.617421,1765328180.777277,1765328154,0.319413,0.202258,0.000000,0.671660,0.000000,50.000000,0.000000,48.555587,0.500000,1,10,10,244.419213
16.619422,1765328180.779273,1765328154,0.319413,0.203609,0.000000,0.673270,0.000000,50.000000,0.000000,47.178124,0.500000,1,10,10,246.007395
16.621423,1765328180.781246,1765328154,0.319413,0.204972,0.000000,0.678644,0.000000,50.000000,0.000000,48.899953,0.500000,1,10,10,247.666677
16.623423,1765328180.783247,1765328154,0.319413,0.206335,0.000000,0.681383,0.000000,50.000000,0.000000,48.211221,0.500000,1,10,10,249.309193
16.625423,1765328180.785246,1765328154,0.319413,0.207686,0.000000,0.678126,0.000000,50.000000,0.000000,48.555587,0.500000,1,10,10,250.955532
16.627423,1765328180.787278,1765328154,0.319413,0.209033,0.000000,0.674750,0.000000,50.000000,0.000000,48.899953,0.500000,1,10,10,252.605295
16.629424,1765328180.789273,1765328154,0.319413,0.210392,0.000000,0.676929,0.000000,50.000000,0.000000,47.866855,0.500000,1,10,10,254.225419
16.631425,1765328180.791248,1765328154,0.319417,0.211755,0.000806,0.680610,0.000000,50.000000,0.000000,48.211221,0.500000,1,10,10,255.866072
16.633425,1765328180.793250,1765328154,0.319417,0.213121,0.000935,0.682245,0.000000,0.000000,0.000000,48.899953,0.500000,1,10,10,257.534162
23.964441,1765328188.124441,1765328154,0.319958,0.131515,0.000000,-0.147690,-30.000000,0.000000,0.000000,-32.370391,0.500000,1,10,10,0.000000
23.966443,1765328188.126261,1765328154,0.319958,0.131213,0.000000,-0.150636,-30.000000,0.000000,0.000000,-32.370391,0.500000,1,10,10,0.000000
23.968492,1765328188.128341,1765328154,0.319958,0.130914,0.000000,-0.150457,-30.000000,0.000000,0.000000,-32.026025,0.500000,1,10,10,0.000000
23.970494,1765328188.130344,1765328154,0.319947,0.130633,-0.010286,-0.143412,-30.000000,0.000000,-27.893635,-7.231683,0.500000,1,10,10,0.000000
23.972699,1765328188.132711,1765328154,0.319833,0.130403,-0.040831,-0.125825,-30.000000,0.000000,-28.926733,-6.542951,0.500000,1,10,10,0.000000
23.974683,1765328188.134690,1765328154,0.319629,0.130168,-0.069053,-0.117730,-30.000000,0.000000,-29.959830,-6.542951,0.500000,1,10,10,0.000000
23.976644,1765328188.136623,1765328154,0.319576,0.129903,-0.028346,-0.126010,-30.000000,0.000000,-28.926733,-5.854220,0.500000,1,10,10,0.000000
23.978439,1765328188.138240,1765328154,0.319549,0.129623,-0.020857,-0.137033,-30.000000,0.000000,-28.582367,-6.887317,0.500000,1,10,10,0.000000
23.980436,1765328188.140236,1765328154,0.319443,0.129331,-0.033377,-0.143790,-30.000000,0.000000,-31.337294,-6.542951,0.500000,1,10,10,0.000000
23.982433,1765328188.142231,1765328154,0.319307,0.129036,-0.058100,-0.146268,-30.000000,0.000000,-29.615464,-6.887317,0.500000,1,10,10,0.000000
23.984433,1765328188.144230,1765328154,0.319197,0.128764,-0.062319,-0.139961,-30.000000,0.000000,-29.271099,-5.854220,0.500000,1,10,10,0.000000
23.986451,1765328188.146258,1765328154,0.319087,0.128525,-0.056622,-0.126819,-30.000000,0.000000,-35.814050,-5.509854,0.500000,1,10,10,0.000000
23.988468,1765328188.148274,1765328154,0.318804,0.128181,-0.081704,-0.115631,-30.000000,0.000000,-36.158416,-5.854220,0.500000,1,10,10,0.000000
23.990434,1765328188.150230,1765328154,0.318690,0.128060,-0.095436,-0.116265,-30.000000,0.000000,-36.502782,-6.542951,0.500000,1,10,10,3.224784
23.992429,1765328188.152221,1765328154,0.318576,0.127817,-0.110748,-0.119810,-30.000000,0.000000,-36.847148,-6.198586,0.500000,1,10,10,3.529597
23.994430,1765328188.154224,1765328154,0.318236,0.127575,-0.113918,-0.121109,-30.000000,0.000000,-36.158416,-5.854220,0.500000,1,10,10,3.834109
23.996431,1765328188.156226,1765328154,0.318118,0.127329,-0.115986,-0.121994,-30.000000,0.000000,-36.158416,-6.542951,0.500000,1,10,10,4.143379
23.998431,1765328188.158227,1765328154,0.317869,0.127083,-0.122884,-0.122974,-30.000000,0.000000,-36.502782,-6.542951,0.500000,1,10,10,4.465733
24.000437,1765328188.160238,1765328154,0.317486,0.126841,-0.126740,-0.122142,-30.000000,0.000000,-36.158416,-6.542951,0.500000,1,10,10,4.789124
24.002445,1765328188.162243,1765328154,0.317229,0.126602,-0.127255,-0.120236,-30.000000,0.000000,-36.158416,-6.198586,0.500000,1,10,10,5.110258
24.004434,1765328188.164232,1765328154,0.316945,0.126364,-0.133733,-0.118559,-30.000000,0.000000,-35.814050,-6.198586,0.500000,1,10,10,5.435050
24.006434,1765328188.166232,1765328154,0.316620,0.126129,-0.157364,-0.117857,-30.000000,0.000000,-36.502782,-6.542951,0.500000,1,10,10,5.799601
24.008438,1765328188.168241,1765328154,0.316442,0.125898,-0.166885,-0.116713,-30.000000,0.000000,-35.814050,-6.542951,0.500000,1,10,10,6.170310
24.010435,1765328188.170235,1765328154,0.315881,0.125675,-0.182827,-0.113760,-30.000000,0.000000,-34.780952,-6.198586,0.500000,1,10,10,6.550680
24.012437,1765328188.172238,1765328154,0.315696,0.125456,-0.187141,-0.110653,-30.000000,0.000000,-35.125318,-6.542951,0.500000,1,10,10,6.939072
24.014437,1765328188.174237,1765328154,0.315136,0.125240,-0.187263,-0.108183,-30.000000,0.000000,-35.469684,-6.198586,0.500000,1,10,10,7.328429
24.016438,1765328188.176240,1765328154,0.314545,0.125024,-0.193005,-0.107430,-30.000000,0.000000,-34.436587,-5.854220,0.500000,1,10,10,7.714220
24.018440,1765328188.178244,1765328154,0.314545,0.124804,-0.196009,-0.108673,-30.000000,0.000000,-34.780952,-5.854220,0.500000,1,10,10,8.109455
24.020483,1765328188.180321,1765328154,0.313917,0.124581,-0.206147,-0.111314,-30.000000,0.000000,-35.469684,-6.198586,0.500000,1,10,10,8.531244
24.022478,1765328188.182307,1765328154,0.313701,0.124350,-0.212174,-0.113941,-30.000000,0.000000,-35.125318,-5.854220,0.500000,1,10,10,8.960045
24.024488,1765328188.184326,1765328154,0.313277,0.124123,-0.213711,-0.114495,-30.000000,0.000000,-34.436587,-6.542951,0.500000,1,10,10,9.384969
24.026501,1765328188.186351,1765328154,0.312354,0.123900,-0.228303,-0.112214,-30.000000,0.000000,-34.436587,-6.542951,0.500000,1,10,10,9.830822
24.028529,1765328188.188405,1765328154,0.312100,0.123593,-0.244032,-0.103974,-30.000000,0.000000,-34.436587,-6.198586,0.500000,1,10,10,10.294892
24.030537,1765328188.190465,1765328154,0.311574,0.123495,-0.254515,-0.101149,-30.000000,0.000000,-34.780952,-6.542951,0.500000,1,10,10,10.779533
24.032538,1765328188.192442,1765328154,0.311317,0.123298,-0.259308,-0.098496,-30.000000,0.000000,-34.780952,-5.854220,0.500000,1,10,10,11.268703
24.034552,1765328188.194480,1765328154,0.310579,0.123101,-0.247804,-0.098768,-30.000000,0.000000,-34.436587,-6.198586,0.500000,1,10,10,11.735404
24.036541,1765328188.196440,1765328154,0.309791,0.122893,-0.256074,-0.101839,-30.000000,0.000000,-34.092221,-5.854220,0.500000,1,10,10,12.212038
24.038525,1765328188.198412,1765328154,0.309791,0.122685,-0.261864,-0.104007,-30.000000,0.000000,-33.747855,-6.887317,0.500000,1,10,10,12.697282
24.040526,1765328188.200422,1765328154,0.308966,0.122477,-0.274563,-0.104218,-30.000000,0.000000,-34.780952,-6.542951,0.500000,1,10,10,13.216959
24.042527,1765328188.202427,1765328154,0.308432,0.122272,-0.269240,-0.103283,-30.000000,0.000000,-34.092221,-6.198586,0.500000,1,10,10,13.716577
24.044528,1765328188.204422,1765328154,0.307562,0.121985,-0.281955,-0.096346,-30.000000,0.000000,-33.747855,-6.887317,0.500000,1,10,10,14.229718
24.046528,1765328188.206424,1765328154,0.307562,0.121894,-0.293380,-0.093187,-30.000000,0.000000,-34.092221,-6.887317,0.500000,1,10,10,14.765038
24.048530,1765328188.208425,1765328154,0.306937,0.121723,-0.307528,-0.087139,-30.000000,0.000000,-33.747855,-6.542951,0.500000,1,10,10,15.314431
24.050529,1765328188.210423,1765328154,0.306048,0.121564,-0.301341,-0.081860,-30.000000,0.000000,-33.403489,-6.198586,0.500000,1,10,10,15.844866
24.052530,1765328188.212416,1765328154,0.305124,0.121409,-0.302321,-0.078728,-30.000000,0.000000,-33.403489,-6.542951,0.500000,1,10,10,16.376550
24.054579,1765328188.214488,1765328154,0.304806,0.121258,-0.308444,-0.076728,-30.000000,0.000000,-33.403489,-5.854220,0.500000,1,10,10,16.915498
24.056521,1765328188.216398,1765328154,0.304496,0.121103,-0.312932,-0.076519,-30.000000,0.000000,-33.403489,-7.231683,0.500000,1,10,10,17.466012
24.058521,1765328188.218397,1765328154,0.303883,0.120951,-0.310018,-0.076647,-30.000000,0.000000,-33.403489,-6.542951,0.500000,1,10,10,18.009521
24.060521,1765328188.220405,1765328154,0.303243,0.120800,-0.316268,-0.075841,-30.000000,0.000000,-33.403489,-6.887317,0.500000,1,10,10,18.564145
24.062633,1765328188.222599,1765328154,0.302240,0.120728,-0.330241,-0.074840,-30.000000,0.000000,-33.403489,-6.887317,0.500000,1,10,10,19.141586
24.064542,1765328188.224480,1765328154,0.301218,0.120516,-0.338737,-0.069981,-30.000000,0.000000,-33.403489,-7.231683,0.500000,1,10,10,19.732668
24.066448,1765328188.226239,1765328154,0.300870,0.120387,-0.341993,-0.066162,-30.000000,0.000000,-33.747855,-7.231683,0.500000,1,10,10,20.333787
24.068447,1765328188.228239,1765328154,0.300174,0.120262,-0.347024,-0.064271,-30.000000,0.000000,-33.403489,-6.542951,0.500000,1,10,10,20.934435
24.070447,1765328188.230238,1765328154,0.299485,0.120134,-0.346405,-0.063304,-30.000000,0.000000,-33.059123,-7.231683,0.500000,1,10,10,21.530274
24.072449,1765328188.232241,1765328154,0.298429,0.120009,-0.349957,-0.062684,-30.000000,0.000000,-32.714757,-6.887317,0.500000,1,10,10,22.124569
24.074460,1765328188.234256,1765328154,0.298080,0.119884,-0.350605,-0.062584,-30.000000,0.000000,-32.370391,-6.542951,0.500000,1,10,10,22.712657
24.076461,1765328188.236256,1765328154,0.297373,0.119763,-0.351366,-0.061547,-30.000000,0.000000,-32.714757,-7.231683,0.500000,1,10,10,23.310236
24.078459,1765328188.238255,1765328154,0.297009,0.119649,-0.357323,-0.058830,-30.000000,0.000000,-32.714757,-6.542951,0.500000,1,10,10,23.914323
24.080469,1765328188.240268,1765328154,0.295912,0.119539,-0.364993,-0.055575,-30.000000,0.000000,-32.714757,-7.231683,0.500000,1,10,10,24.532816
24.082462,1765328188.242261,1765328154,0.295177,0.119434,-0.367310,-0.053299,-30.000000,0.000000,-32.714757,-6.887317,0.500000,1,10,10,25.153239
24.084463,1765328188.244263,1765328154,0.294042,0.119278,-0.374870,-0.052093,-30.000000,0.000000,-32.714757,-6.542951,0.500000,1,10,10,25.784580
24.086465,1765328188.246266,1765328154,0.293663,0.119225,-0.377729,-0.052284,-30.000000,0.000000,-32.714757,-6.542951,0.500000,1,10,10,26.420689
24.088472,1765328188.248276,1765328154,0.293281,0.119123,-0.380103,-0.051475,-30.000000,0.000000,-32.714757,-6.542951,0.500000,1,10,10,27.060539
24.090469,1765328188.250273,1765328154,0.292509,0.119021,-0.383860,-0.050429,-30.000000,0.000000,-32.370391,-7.920415,0.500000,1,10,10,27.705648
24.092470,1765328188.252275,1765328154,0.291366,0.118926,-0.382381,-0.048565,-30.000000,0.000000,-33.059123,-7.231683,0.500000,1,10,10,28.357850
24.094471,1765328188.254277,1765328154,0.290582,0.118832,-0.388326,-0.047379,-30.000000,0.000000,-33.059123,-6.887317,0.500000,1,10,10,29.018379
24.096474,1765328188.256283,1765328154,0.289791,0.118741,-0.392603,-0.046378,-30.000000,0.000000,-32.370391,-2.066195,0.500000,1,10,10,29.659535
24.098476,1765328188.258286,1765328154,0.289397,0.118658,-0.395241,-0.043282,-30.000000,0.000000,-32.026025,0.000000,0.500000,1,10,10,30.296218
24.100478,1765328188.260290,1765328154,0.288182,0.118589,-0.401129,-0.037689,-30.000000,0.000000,-32.714757,0.688732,0.500000,1,10,10,30.955395
24.102480,1765328188.262294,1765328154,0.287369,0.118521,-0.407658,-0.034143,-30.000000,0.000000,-32.026025,0.344366,0.500000,1,10,10,31.610501
24.104483,1765328188.264298,1765328154,0.286544,0.118446,-0.410933,-0.035779,-30.000000,0.000000,-32.370391,0.688732,0.500000,1,10,10,32.278272
24.106494,1765328188.266310,1765328154,0.286127,0.118359,-0.412934,-0.040201,-30.000000,0.000000,-32.370391,0.000000,0.500000,1,10,10,32.949773
24.108483,1765328188.268298,1765328154,0.285306,0.118272,-0.411961,-0.043870,-30.000000,0.000000,-32.714757,0.000000,0.500000,1,10,10,33.627444
24.110486,1765328188.270303,1765328154,0.283637,0.118188,-0.416761,-0.042663,-30.000000,0.000000,-31.681660,0.000000,0.500000,1,10,10,34.291077
24.112489,1765328188.272309,1765328154,0.283216,0.118120,-0.420711,-0.036192,-30.000000,0.000000,-31.337294,0.000000,0.500000,1,10,10,34.952708
24.114489,1765328188.274310,1765328154,0.282361,0.118067,-0.425796,-0.030121,-30.000000,0.000000,-31.681660,0.688732,0.500000,1,10,10,35.629051
24.116492,1765328188.276315,1765328154,0.281490,0.118014,-0.430709,-0.027467,-30.000000,0.000000,-32.026025,0.688732,0.500000,1,10,10,36.320306
24.118493,1765328188.278315,1765328154,0.281059,0.117954,-0.433329,-0.028314,-30.000000,0.000000,-31.681660,0.688732,0.500000,1,10,10,37.008361
24.120496,1765328188.280322,1765328154,0.279727,0.117893,-0.439616,-0.030134,-30.000000,0.000000,-32.026025,0.000000,0.500000,1,10,10,37.713972
24.122512,1765328188.282351,1765328154,0.278830,0.117840,-0.448852,-0.028087,-30.000000,0.000000,-30.992928,0.000000,0.500000,1,10,10,38.410894
24.124501,1765328188.284330,1765328154,0.277478,0.117791,-0.449455,-0.024520,-30.000000,0.000000,-31.337294,0.000000,0.500000,1,10,10,39.116177
24.126501,1765328188.286331,1765328154,0.277478,0.117753,-0.449347,-0.021087,-30.000000,0.000000,-31.681660,0.688732,0.500000,1,10,10,39.828932
24.128506,1765328188.288340,1765328154,0.276589,0.117723,-0.448508,-0.016549,-30.000000,0.000000,-31.681660,0.000000,0.500000,1,10,10,40.539890
24.130506,1765328188.290339,1765328154,0.275219,0.117696,-0.453252,-0.013897,-30.000000,0.000000,-31.681660,0.000000,0.500000,1,10,10,41.258216
24.132519,1765328188.292353,1765328154,0.274310,0.117670,-0.456747,-0.013933,-30.000000,0.000000,-31.681660,0.000000,0.500000,1,10,10,41.982077
24.134512,1765328188.294350,1765328154,0.272902,0.117636,-0.464007,-0.011631,-30.000000,0.000000,-30.992928,0.000000,0.500000,1,10,10,42.701350
24.136513,1765328188.296354,1765328154,0.272902,0.117628,-0.466819,-0.009823,-30.000000,0.000000,-31.337294,0.000000,0.500000,1,10,10,43.432955
24.138513,1765328188.298351,1765328154,0.271487,0.117617,-0.471597,-0.006875,-30.000000,0.000000,-31.681660,0.000000,0.500000,1,10,10,44.180083
24.140514,1765328188.300352,1765328154,0.270082,0.117613,-0.470368,-0.003962,-30.000000,0.000000,-30.992928,0.000000,0.500000,1,10,10,44.909013
24.142515,1765328188.302352,1765328154,0.269609,0.117609,-0.469426,-0.002054,-30.000000,0.000000,-30.992928,0.000000,0.500000,1,10,10,45.636465
24.144515,1765328188.304353,1765328154,0.269132,0.117609,-0.471145,-0.000522,-30.000000,0.000000,-31.337294,0.000000,0.500000,1,10,10,46.374686
24.146515,1765328188.306354,1765328154,0.268190,0.117609,-0.473122,-0.000003,-30.000000,0.000000,-31.681660,0.000000,0.500000,1,10,10,47.124151
24.148515,1765328188.308353,1765328154,0.266278,0.117613,-0.477229,0.000940,-30.000000,0.000000,-30.992928,-0.344366,0.500000,1,10,10,47.863734
24.150522,1765328188.310365,1765328154,0.265321,0.117620,-0.478860,0.002373,-30.000000,0.000000,-31.681660,-0.344366,0.500000,1,10,10,48.622342
24.152523,1765328188.312366,1765328154,0.265321,0.117624,-0.480426,0.003484,-30.000000,0.000000,-30.648562,0.000000,0.500000,1,10,10,49.358580
24.154523,1765328188.314367,1765328154,0.264352,0.117632,-0.482186,0.003304,-30.000000,0.000000,-31.681660,0.000000,0.500000,1,10,10,50.122420
24.156539,1765328188.316408,1765328154,0.262895,0.117636,-0.484040,0.002634,-30.000000,0.000000,-30.992928,-0.344366,0.500000,1,10,10,50.872568
24.158549,1765328188.318419,1765328154,0.261922,0.117639,-0.487297,0.001930,-30.000000,0.000000,-30.648562,0.000000,0.500000,1,10,10,51.619322
24.160532,1765328188.320401,1765328154,0.260941,0.117647,-0.489779,0.001792,-30.000000,0.000000,-30.648562,0.000000,0.500000,1,10,10,52.369877
24.162533,1765328188.322399,1765328154,0.260446,0.117647,-0.490580,0.001885,-30.000000,0.000000,-31.337294,0.000000,0.500000,1,10,10,53.138556
24.164533,1765328188.324401,1765328154,0.259473,0.117651,-0.489914,0.001893,-30.000000,0.000000,-30.992928,0.000000,0.500000,1,10,10,53.897754
24.166534,1765328188.326404,1765328154,0.257997,0.117655,-0.491410,0.002343,-30.000000,0.000000,-31.337294,0.000000,0.500000,1,10,10,54.667736
24.168534,1765328188.328397,1765328154,0.256509,0.117658,-0.494242,0.001900,-30.000000,0.000000,-30.648562,0.000000,0.500000,1,10,10,55.425132
24.170535,1765328188.330404,1765328154,0.256509,0.117662,-0.495480,0.001313,-30.000000,0.000000,-30.648562,-0.344366,0.500000,1,10,10,56.184471
24.172544,1765328188.332423,1765328154,0.254991,0.117658,-0.503084,0.000023,-30.000000,0.000000,-30.992928,0.000000,0.500000,1,10,10,56.964073
24.174536,1765328188.334405,1765328154,0.253958,0.117658,-0.511791,-0.000806,-30.000000,0.000000,-30.648562,-0.344366,0.500000,1,10,10,57.748406
24.176537,1765328188.336399,1765328154,0.252425,0.117662,-0.512212,0.000786,-30.000000,0.000000,-30.992928,0.000000,0.500000,1,10,10,58.542154
24.178538,1765328188.338406,1765328154,0.251403,0.117662,-0.511004,0.000264,-30.000000,0.000000,-30.304196,-0.344366,0.500000,1,10,10,59.316483
24.180545,1765328188.340416,1765328154,0.251403,0.117658,-0.510985,-0.000786,-30.000000,0.000000,-30.648562,0.000000,0.500000,1,10,10,60.099532
24.182547,1765328188.342427,1765328154,0.249863,0.117658,-0.512536,-0.000945,-30.000000,0.000000,-30.648562,0.000000,0.500000,1,10,10,60.884958
24.184566,1765328188.344446,1765328154,0.248818,0.117655,-0.518302,-0.000961,-30.000000,0.000000,-30.648562,0.000000,0.500000,1,10,10,61.679220
24.186549,1765328188.346425,1765328154,0.247236,0.117655,-0.526425,-0.000946,-30.000000,0.000000,-30.304196,0.000000,0.500000,1,10,10,62.476865
24.188549,1765328188.348425,1765328154,0.247236,0.117655,-0.526403,-0.000006,-30.000000,0.000000,-31.337294,0.000000,0.500000,1,10,10,63.301667
24.190569,1765328188.350465,1765328154,0.245650,0.117658,-0.526569,0.000935,-30.000000,0.000000,-29.959830,0.000000,0.500000,1,10,10,64.090464
24.192550,1765328188.352427,1765328154,0.245116,0.117658,-0.531711,0.000946,-30.000000,0.000000,-29.959830,0.000000,0.500000,1,10,10,64.886964
24.194551,1765328188.354426,1765328154,0.242940,0.117658,-0.543573,0.000011,-30.000000,0.000000,-29.959830,0.000000,0.500000,1,10,10,65.701232
24.196553,1765328188.356430,1765328154,0.242391,0.117658,-0.546486,0.000000,-30.000000,0.000000,-29.959830,-0.344366,0.500000,1,10,10,66.519917
24.198552,1765328188.358432,1765328154,0.241838,0.117658,-0.547936,0.000000,-30.000000,0.000000,-30.648562,0.000000,0.500000,1,10,10,67.359590
24.200497,1765328188.360318,1765328154,0.240211,0.117658,-0.545272,0.000000,-30.000000,0.000000,-30.992928,0.000000,0.500000,1,10,10,68.204569
24.202564,1765328188.362451,1765328154,0.239113,0.117662,-0.546141,0.000940,-30.000000,0.000000,-30.304196,0.000000,0.500000,1,10,10,69.032089
24.204565,1765328188.364458,1765328154,0.237451,0.117662,-0.551738,0.000074,-30.000000,0.000000,-29.959830,0.000000,0.500000,1,10,10,69.858589
24.206565,1765328188.366457,1765328154,0.236895,0.117662,-0.553801,0.000006,-30.000000,0.000000,-30.648562,0.000000,0.500000,1,10,10,70.707249
24.208555,1765328188.368434,1765328154,0.236342,0.117662,-0.556109,0.000000,-30.000000,0.000000,-29.959830,0.000000,0.500000,1,10,10,71.540296
24.210576,1765328188.370458,1765328154,0.234669,0.117662,-0.557242,0.000000,-30.000000,0.000000,-29.615464,0.000000,0.500000,1,10,10,72.365445
24.212555,1765328188.372438,1765328154,0.232981,0.117662,-0.560470,0.000000,-30.000000,0.000000,-29.959830,0.000000,0.500000,1,10,10,73.205024
24.214557,1765328188.374438,1765328154,0.232981,0.117662,-0.561482,0.000000,-30.000000,0.000000,-29.615464,0.000000,0.500000,1,10,10,74.036451
24.216578,1765328188.376468,1765328154,0.231308,0.117658,-0.559780,-0.000940,-30.000000,0.000000,-29.959830,0.000000,0.500000,1,10,10,74.874997
24.218558,1765328188.378460,1765328154,0.230199,0.117658,-0.555661,-0.000946,-30.000000,0.000000,-29.615464,0.000000,0.500000,1,10,10,75.697805
24.220559,1765328188.380438,1765328154,0.228519,0.117658,-0.558574,-0.000006,-30.000000,0.000000,-30.648562,-0.344366,0.500000,1,10,10,76.553835
24.222560,1765328188.382438,1765328154,0.227959,0.117655,-0.562363,-0.000941,-30.000000,0.000000,-30.304196,0.000000,0.500000,1,10,10,77.405934
24.224568,1765328188.384459,1765328154,0.227391,0.117655,-0.562568,-0.000946,-30.000000,0.000000,-30.304196,0.000000,0.500000,1,10,10,78.258343
24.226552,1765328188.386418,1765328154,0.225706,0.117655,-0.563025,-0.000006,-30.000000,0.000000,-29.271099,0.000000,0.500000,1,10,10,79.082361
24.228562,1765328188.388442,1765328154,0.225139,0.117655,-0.563017,0.000000,-30.000000,0.000000,-29.615464,0.000000,0.500000,1,10,10,79.916061
24.230562,1765328188.390441,1765328154,0.222864,0.117655,-0.568447,0.000000,-30.000000,0.000000,-29.959830,0.000000,0.500000,1,10,10,80.767591
24.232563,1765328188.392438,1765328154,0.221728,0.117655,-0.569638,0.000000,-30.000000,0.000000,-29.271099,0.000000,0.500000,1,10,10,81.601287
24.234563,1765328188.394438,1765328154,0.221157,0.117655,-0.569649,0.000000,-30.000000,0.000000,-29.615464,0.000000,0.500000,1,10,10,82.444808
24.236582,1765328188.396463,1765328154,0.220585,0.117655,-0.569223,0.000000,-30.000000,0.000000,-29.615464,-0.344366,0.500000,1,10,10,83.287755
24.238564,1765328188.398447,1765328154,0.218886,0.117655,-0.567655,0.000446,-30.000000,0.000000,-29.271099,0.000000,0.500000,1,10,10,84.118550
24.240565,1765328188.400442,1765328154,0.217746,0.117658,-0.569785,0.000943,-30.000000,0.000000,-29.959830,0.000000,0.500000,1,10,10,84.972084
24.242557,1765328188.402418,1765328154,0.216017,0.117658,-0.574698,0.000500,-30.000000,0.000000,-29.615464,0.000000,0.500000,1,10,10,85.823082
24.244566,1765328188.404436,1765328154,0.216017,0.117658,-0.575235,0.000003,-30.000000,0.000000,-29.615464,0.000000,0.500000,1,10,10,86.674874
24.246567,1765328188.406436,1765328154,0.214272,0.117658,-0.579691,0.000000,-30.000000,0.000000,-29.271099,0.000000,0.500000,1,10,10,87.523283
24.248567,1765328188.408448,1765328154,0.213106,0.117658,-0.583387,0.000000,-30.000000,0.000000,-29.615464,0.000000,0.500000,1,10,10,88.387148
24.250569,1765328188.410446,1765328154,0.212519,0.117658,-0.584965,0.000000,-30.000000,0.000000,-29.615464,0.000000,0.500000,1,10,10,89.253349
24.252560,1765328188.412426,1765328154,0.210184,0.117658,-0.584202,-0.000446,-30.000000,0.000000,-29.271099,0.000000,0.500000,1,10,10,90.108361
24.254561,1765328188.414424,1765328154,0.209011,0.117655,-0.584528,-0.000943,-30.000000,0.000000,-29.615464,0.000000,0.500000,1,10,10,90.973915
24.256561,1765328188.416430,1765328154,0.208416,0.117655,-0.587006,-0.000500,-30.000000,0.000000,-29.615464,0.000000,0.500000,1,10,10,91.843138
24.258578,1765328188.418460,1765328154,0.207826,0.117655,-0.589866,-0.000003,-30.000000,0.000000,-29.271099,0.000000,0.500000,1,10,10,92.706439
24.260562,1765328188.420434,1765328154,0.206043,0.117655,-0.593133,0.000000,-30.000000,0.000000,-29.271099,0.000000,0.500000,1,10,10,93.574522
24.262582,1765328188.422457,1765328154,0.204847,0.117655,-0.598526,0.000000,-30.000000,0.000000,-29.615464,0.000000,0.500000,1,10,10,94.460803
24.264573,1765328188.424450,1765328154,0.203636,0.117655,-0.603472,0.000000,-30.000000,0.000000,-29.959830,-0.344366,0.500000,1,10,10,95.364858
24.266564,1765328188.426433,1765328154,0.203026,0.117655,-0.605168,0.000000,-30.000000,0.000000,-29.271099,0.000000,0.500000,1,10,10,96.250554
24.268573,1765328188.428453,1765328154,0.201202,0.117655,-0.608419,0.000000,-30.000000,0.000000,-29.615464,0.000000,0.500000,1,10,10,97.151485
24.270574,1765328188.430455,1765328154,0.199995,0.117655,-0.606159,0.000000,-30.000000,0.000000,-29.615464,0.000000,0.500000,1,10,10,98.049068
24.272575,1765328188.432455,1765328154,0.198787,0.117655,-0.604440,0.000000,-30.000000,0.000000,-28.926733,-0.344366,0.500000,1,10,10,98.923354
24.274576,1765328188.434455,1765328154,0.197568,0.117655,-0.607150,0.000000,-30.000000,0.000000,-28.926733,0.000000,0.500000,1,10,10,99.801497
24.276567,1765328188.436437,1765328154,0.196959,0.117655,-0.608726,0.000000,-30.000000,0.000000,-29.271099,0.000000,0.500000,1,10,10,100.692400
24.278567,1765328188.438439,1765328154,0.195744,0.117658,-0.608583,0.000925,-30.000000,0.000000,-28.926733,0.000000,0.500000,1,10,10,101.572617
24.280577,1765328188.440458,1765328154,0.193927,0.117658,-0.605207,0.000946,-30.000000,0.000000,-28.238001,0.000000,0.500000,1,10,10,102.427110
24.282577,1765328188.442452,1765328154,0.192708,0.117658,-0.609411,0.000021,-30.000000,0.000000,-29.271099,0.000000,0.500000,1,10,10,103.319016
24.284578,1765328188.444450,1765328154,0.190854,0.117658,-0.615262,0.000000,-30.000000,0.000000,-29.615464,0.000000,0.500000,1,10,10,104.230080
24.286578,1765328188.446455,1765328154,0.190854,0.117658,-0.616712,0.000000,-30.000000,0.000000,-29.615464,0.000000,0.500000,1,10,10,105.143291
24.288619,1765328188.448480,1765328154,0.189010,0.117658,-0.616648,0.000000,-30.000000,0.000000,-29.271099,0.000000,0.500000,1,10,10,106.045789
24.290580,1765328188.450459,1765328154,0.187792,0.117662,-0.611574,0.000926,-30.000000,0.000000,-29.271099,0.000000,0.500000,1,10,10,106.940863
24.292619,1765328188.452485,1765328154,0.185979,0.117662,-0.605732,0.000946,-30.000000,0.000000,-28.926733,0.000000,0.500000,1,10,10,107.816957
24.294582,1765328188.454461,1765328154,0.185365,0.117658,-0.607227,-0.000939,-30.000000,0.000000,-28.582367,0.000000,0.500000,1,10,10,108.684757
24.296582,1765328188.456464,1765328154,0.184143,0.117658,-0.609885,-0.000946,-30.000000,0.000000,-29.271099,0.000000,0.500000,1,10,10,109.577357
24.298582,1765328188.458462,1765328154,0.183530,0.117658,-0.613009,-0.000074,-30.000000,0.000000,-29.271099,0.000000,0.500000,1,10,10,110.474530
24.300583,1765328188.460462,1765328154,0.181066,0.117658,-0.615476,-0.000000,-30.000000,0.000000,-29.271099,-0.344366,0.500000,1,10,10,111.375376
24.302584,1765328188.462463,1765328154,0.180445,0.117658,-0.616793,0.000000,-30.000000,0.000000,-28.926733,0.000000,0.500000,1,10,10,112.267467
24.304584,1765328188.464466,1765328154,0.179824,0.117658,-0.619075,-0.000682,-30.000000,0.000000,-29.615464,0.000000,0.500000,1,10,10,113.184176
24.306584,1765328188.466466,1765328154,0.177947,0.117655,-0.624202,-0.000263,-30.000000,0.000000,-29.959830,0.000000,0.500000,1,10,10,114.119226
24.308586,1765328188.468465,1765328154,0.176084,0.117658,-0.622874,0.000680,-30.000000,0.000000,-29.271099,0.000000,0.500000,1,10,10,115.030837
24.310586,1765328188.470463,1765328154,0.174850,0.117658,-0.618599,0.000263,-30.000000,0.000000,-28.582367,0.000000,0.500000,1,10,10,115.914888
24.312587,1765328188.472466,1765328154,0.174230,0.117658,-0.617963,0.000001,-30.000000,0.000000,-28.926733,0.000000,0.500000,1,10,10,116.808671
24.314628,1765328188.474485,1765328154,0.173609,0.117658,-0.619910,0.000000,-30.000000,0.000000,-28.926733,0.000000,0.500000,1,10,10,117.705270
24.316588,1765328188.476467,1765328154,0.172352,0.117658,-0.625273,0.000000,-30.000000,0.000000,-29.271099,0.000000,0.500000,1,10,10,118.620391
24.318588,1765328188.478468,1765328154,0.169839,0.117658,-0.628118,0.000000,-30.000000,0.000000,-29.271099,-0.344366,0.500000,1,10,10,119.539740
24.320589,1765328188.480468,1765328154,0.168567,0.117658,-0.631848,0.000000,-30.000000,0.000000,-28.926733,0.000000,0.500000,1,10,10,120.453605
24.322589,1765328188.482469,1765328154,0.168567,0.117658,-0.634124,0.000000,-30.000000,0.000000,-28.238001,0.000000,0.500000,1,10,10,121.348925
24.324591,1765328188.484471,1765328154,0.166648,0.117658,-0.639423,0.000000,-30.000000,0.000000,-28.926733,0.000000,0.500000,1,10,10,122.273745
24.326634,1765328188.486494,1765328154,0.166009,0.117658,-0.639260,0.000000,-30.000000,0.000000,-28.926733,0.000000,0.500000,1,10,10,123.198330
24.328592,1765328188.488471,1765328154,0.163469,0.117658,-0.635031,0.000000,-30.000000,0.000000,-29.271099,0.000000,0.500000,1,10,10,124.127733
24.330592,1765328188.490468,1765328154,0.162829,0.117658,-0.637214,0.000000,-30.000000,0.000000,-28.926733,0.000000,0.500000,1,10,10,125.049358
24.332594,1765328188.492472,1765328154,0.162189,0.117658,-0.638949,0.000000,-30.000000,0.000000,-28.926733,0.688732,0.500000,1,10,10,125.973756
24.334594,1765328188.494473,1765328154,0.160259,0.117658,-0.642320,-0.000446,-30.000000,0.000000,-29.271099,0.000000,0.500000,1,10,10,126.913827
24.336595,1765328188.496475,1765328154,0.158984,0.117655,-0.639183,-0.000943,-30.000000,0.000000,-29.271099,0.000000,0.500000,1,10,10,127.849308
24.338595,1765328188.498471,1765328154,0.157712,0.117655,-0.636628,-0.000500,-30.000000,0.000000,-28.926733,0.000000,0.500000,1,10,10,128.770087
24.340636,1765328188.500496,1765328154,0.157072,0.117655,-0.637500,-0.000003,-30.000000,0.000000,-28.926733,0.000000,0.500000,1,10,10,129.692128
24.342596,1765328188.502477,1765328154,0.155138,0.117655,-0.643185,0.000000,-30.000000,0.000000,-28.926733,0.000000,0.500000,1,10,10,130.622390
24.344596,1765328188.504476,1765328154,0.154498,0.117655,-0.643599,0.000000,-30.000000,0.000000,-29.615464,0.000000,0.500000,1,10,10,131.575413
24.346621,1765328188.506475,1765328154,0.151951,0.117655,-0.637046,0.000000,-30.000000,0.000000,-28.582367,0.000000,0.500000,1,10,10,132.485827
24.348614,1765328188.508473,1765328154,0.151311,0.117655,-0.635902,0.000000,-30.000000,0.000000,-28.582367,0.000000,0.500000,1,10,10,133.394606
24.350617,1765328188.510477,1765328154,0.150675,0.117655,-0.637378,0.000000,-30.000000,0.000000,-28.926733,0.000000,0.500000,1,10,10,134.316469
24.352618,1765328188.512477,1765328154,0.149392,0.117655,-0.640754,0.000000,-30.000000,0.000000,-29.271099,0.000000,0.500000,1,10,10,135.254247
24.354619,1765328188.514481,1765328154,0.148109,0.117655,-0.641547,0.000000,-30.000000,0.000000,-29.271099,0.000000,0.500000,1,10,10,136.193187
24.356619,1765328188.516477,1765328154,0.146186,0.117655,-0.640631,0.000000,-30.000000,0.000000,-29.271099,0.000000,0.500000,1,10,10,137.130786
24.358626,1765328188.518486,1765328154,0.144899,0.117655,-0.641697,0.000000,-30.000000,0.000000,-28.926733,0.000000,0.500000,1,10,10,138.058896
24.360643,1765328188.520504,1765328154,0.144256,0.117658,-0.642704,0.000935,-30.000000,0.000000,-28.926733,0.000000,0.500000,1,10,10,138.988464
24.362621,1765328188.522481,1765328154,0.142329,0.117655,-0.642603,0.000074,-30.000000,0.000000,-28.926733,0.000000,0.500000,1,10,10,139.917883
24.364623,1765328188.524482,1765328154,0.141042,0.117655,-0.643668,-0.000935,-30.000000,0.000000,-28.238001,0.000000,0.500000,1,10,10,140.826679
24.366644,1765328188.526503,1765328154,0.139748,0.117655,-0.645756,-0.000006,-30.000000,0.000000,-29.271099,0.000000,0.500000,1,10,10,141.771778
24.368596,1765328188.528467,1765328154,0.139101,0.117658,-0.646899,0.000872,-30.000000,0.000000,-28.582367,0.000000,0.500000,1,10,10,142.696275
24.370597,1765328188.530469,1765328154,0.137155,0.117655,-0.648186,0.000039,-30.000000,0.000000,-28.238001,0.000000,0.500000,1,10,10,143.611448
24.372597,1765328188.532466,1765328154,0.135861,0.117655,-0.647049,-0.000872,-30.000000,0.000000,-28.926733,0.000000,0.500000,1,10,10,144.547299
24.374626,1765328188.534486,1765328154,0.133919,0.117655,-0.647045,0.000643,-30.000000,0.000000,-28.582367,0.000000,0.500000,1,10,10,145.472003
24.376625,1765328188.536484,1765328154,0.133919,0.117658,-0.648356,0.000263,-30.000000,0.000000,-28.582367,0.000000,0.500000,1,10,10,146.398580
24.378616,1765328188.538468,1765328154,0.132609,0.117655,-0.653084,-0.000680,-30.000000,0.000000,-28.238001,-0.344366,0.500000,1,10,10,147.320739
24.380617,1765328188.540468,1765328154,0.130637,0.117655,-0.656849,-0.000263,-30.000000,0.000000,-28.926733,-0.344366,0.500000,1,10,10,148.270831
24.382618,1765328188.542469,1765328154,0.129982,0.117658,-0.656291,0.000934,-30.000000,0.000000,-28.926733,0.000000,0.500000,1,10,10,149.220049
24.384628,1765328188.544488,1765328154,0.128014,0.117658,-0.657688,0.000264,-30.000000,0.000000,-28.926733,0.000000,0.500000,1,10,10,150.171288
24.386616,1765328188.546467,1765328154,0.126678,0.117655,-0.663654,-0.000934,-30.000000,0.000000,-28.238001,0.000000,0.500000,1,10,10,151.108302
24.388620,1765328188.548472,1765328154,0.126012,0.117655,-0.665907,-0.000265,-30.000000,0.000000,-28.926733,0.000000,0.500000,1,10,10,152.071427
24.390633,1765328188.550492,1765328154,0.124683,0.117655,-0.665294,-0.000002,-30.000000,0.000000,-28.582367,0.000000,0.500000,1,10,10,153.022211
24.392651,1765328188.552512,1765328154,0.123362,0.117655,-0.662045,0.000000,-30.000000,0.000000,-27.893635,0.000000,0.500000,1,10,10,153.945552
24.394654,1765328188.554506,1765328154,0.121368,0.117658,-0.663862,0.000935,-30.000000,0.000000,-28.926733,0.000000,0.500000,1,10,10,154.905721
24.396632,1765328188.556489,1765328154,0.119362,0.117658,-0.668885,0.000140,-30.000000,0.000000,-29.271099,0.000000,0.500000,1,10,10,155.884672
24.398631,1765328188.558500,1765328154,0.119362,0.117658,-0.668308,0.000011,-30.000000,0.000000,-28.582367,-0.344366,0.500000,1,10,10,156.839832
24.400614,1765328188.560459,1765328154,0.117378,0.117658,-0.663001,0.000000,-30.000000,0.000000,-28.238001,0.000000,0.500000,1,10,10,157.775924
24.402614,1765328188.562459,1765328154,0.116057,0.117658,-0.661292,0.000000,-30.000000,0.000000,-28.926733,0.000000,0.500000,1,10,10,158.732375
24.404623,1765328188.564474,1765328154,0.114055,0.117658,-0.665767,0.000000,-30.000000,0.000000,-28.582367,0.000000,0.500000,1,10,10,159.683835
24.406623,1765328188.566474,1765328154,0.113381,0.117658,-0.668328,0.000000,-30.000000,0.000000,-27.893635,0.000000,0.500000,1,10,10,160.615940
24.408625,1765328188.568476,1765328154,0.112711,0.117658,-0.669907,0.000000,-30.000000,0.000000,-28.926733,0.000000,0.500000,1,10,10,161.584851
24.410630,1765328188.570481,1765328154,0.110709,0.117658,-0.667425,0.000000,-30.000000,0.000000,-28.238001,0.000000,0.500000,1,10,10,162.527188
24.412612,1765328188.572456,1765328154,0.108703,0.117658,-0.667817,0.000000,-30.000000,0.000000,-28.582367,0.000000,0.500000,1,10,10,163.481579
24.414625,1765328188.574476,1765328154,0.108041,0.117658,-0.667597,0.000000,-30.000000,0.000000,-28.926733,0.000000,0.500000,1,10,10,164.447148
24.416627,1765328188.576478,1765328154,0.107371,0.117655,-0.667582,-0.000907,-30.000000,0.000000,-28.238001,0.000000,0.500000,1,10,10,165.389708
24.418644,1765328188.578496,1765328154,0.106034,0.117655,-0.668009,-0.000946,-30.000000,0.000000,-28.238001,0.000000,0.500000,1,10,10,166.332870
24.420629,1765328188.580480,1765328154,0.103347,0.117658,-0.671165,0.000833,-30.000000,0.000000,-28.926733,0.000000,0.500000,1,10,10,167.303602
24.422629,1765328188.582479,1765328154,0.102666,0.117658,-0.677347,0.000946,-30.000000,0.000000,-28.926733,0.000000,0.500000,1,10,10,168.283275
24.424626,1765328188.584476,1765328154,0.101981,0.117655,-0.680317,-0.000733,-30.000000,0.000000,-28.926733,-0.344366,0.500000,1,10,10,169.267312
24.426626,1765328188.586477,1765328154,0.100622,0.117655,-0.680886,-0.000945,-30.000000,0.000000,-28.238001,0.000000,0.500000,1,10,10,170.228655
24.428647,1765328188.588497,1765328154,0.098597,0.117655,-0.675451,-0.000140,-30.000000,0.000000,-28.238001,0.000000,0.500000,1,10,10,171.182325
24.430631,1765328188.590482,1765328154,0.097919,0.117655,-0.675257,-0.000001,-30.000000,0.000000,-27.893635,0.000000,0.500000,1,10,10,172.124094
24.432633,1765328188.592484,1765328154,0.095872,0.117655,-0.680866,0.000000,-30.000000,0.000000,-28.582367,0.000000,0.500000,1,10,10,173.097131
24.434634,1765328188.594485,1765328154,0.095186,0.117655,-0.683908,0.000129,-30.000000,0.000000,-28.582367,-0.344366,0.500000,1,10,10,174.074589
24.436634,1765328188.596484,1765328154,0.093143,0.117655,-0.681821,0.000001,-30.000000,0.000000,-27.893635,0.000000,0.500000,1,10,10,175.025512
24.438632,1765328188.598482,1765328154,0.091099,0.117655,-0.681174,-0.000129,-30.000000,0.000000,-28.238001,0.000000,0.500000,1,10,10,175.987262
24.440635,1765328188.600484,1765328154,0.091099,0.117658,-0.682542,0.000871,-30.000000,0.000000,-28.238001,0.000000,0.500000,1,10,10,176.950943
24.442636,1765328188.602486,1765328154,0.089713,0.117658,-0.688878,0.000946,-30.000000,0.000000,-28.238001,0.000000,0.500000,1,10,10,177.923571
24.444654,1765328188.604506,1765328154,0.087635,0.117658,-0.692596,-0.000060,-30.000000,0.000000,-28.238001,-0.344366,0.500000,1,10,10,178.901519
24.446636,1765328188.606484,1765328154,0.086258,0.117655,-0.691052,-0.000936,-30.000000,0.000000,-28.238001,-0.344366,0.500000,1,10,10,179.877289
24.448636,1765328188.608487,1765328154,0.084880,0.117655,-0.689364,-0.000812,-30.000000,0.000000,-28.238001,0.000000,0.500000,1,10,10,180.850603
24.450637,1765328188.610487,1765328154,0.084187,0.117655,-0.690056,-0.000010,-30.000000,0.000000,-27.893635,0.000000,0.500000,1,10,10,181.813012
24.452638,1765328188.612489,1765328154,0.082117,0.117655,-0.690510,0.000000,-30.000000,0.000000,-27.549269,0.000000,0.500000,1,10,10,182.764165
24.454635,1765328188.614485,1765328154,0.080065,0.117655,-0.685787,0.000000,-30.000000,0.000000,-28.238001,0.000000,0.500000,1,10,10,183.732427
24.456640,1765328188.616491,1765328154,0.079388,0.117655,-0.683090,0.000000,-30.000000,0.000000,-27.893635,0.000000,0.500000,1,10,10,184.685120
24.458644,1765328188.618495,1765328154,0.078706,0.117655,-0.681340,0.000000,-30.000000,0.000000,-28.238001,0.000000,0.500000,1,10,10,185.647104
24.460640,1765328188.620491,1765328154,0.076647,0.117655,-0.684645,0.000000,-30.000000,0.000000,-27.893635,0.000000,0.500000,1,10,10,186.601965
24.462653,1765328188.622503,1765328154,0.074569,0.117655,-0.690452,0.000000,-30.000000,0.000000,-27.893635,0.000000,0.500000,1,10,10,187.564926
24.464640,1765328188.624492,1765328154,0.073884,0.117655,-0.690324,0.000000,0.000000,0.000000,-27.893635,0.000000,0.500000,1,10,10,188.527709
