time,sys_time,session_id,pos_x,pos_y,vel_x,vel_y,internal_fx,internal_fy,user_fx,user_fy,prob_left,score_mode,target_succ,max_trials,effort
7.162254,1763940222.139350,1763940205,0.450879,0.000220,0.000000,0.000000,0.000000,50.000000,0.000000,0.000000,0.500000,1,10,10,200.000000
7.164294,1763940222.141300,1763940205,0.450879,0.000220,0.000000,0.000000,0.000000,50.000000,0.000000,0.000000,0.500000,1,10,10,200.000000
7.166295,1763940222.143301,1763940205,0.450879,0.000220,0.000000,0.000000,0.000000,50.000000,0.000000,33.403489,0.500000,1,10,10,200.000000
7.168294,1763940222.145303,1763940205,0.450879,0.000227,0.000000,0.002701,0.000000,50.000000,0.000000,46.833758,0.500000,1,10,10,199.993675
7.170253,1763940222.147225,1763940205,0.450879,0.000394,0.000000,0.049750,0.000000,50.000000,0.000000,47.866855,0.500000,1,10,10,199.874606
7.172258,1763940222.149243,1763940205,0.450879,0.000587,0.000000,0.087771,0.000000,50.000000,0.000000,49.588685,0.500000,1,10,10,199.656984
7.174329,1763940222.151446,1763940205,0.450879,0.000651,0.000000,0.064345,0.000000,50.000000,0.000000,50.277416,0.500000,1,10,10,199.495228
7.176349,1763940222.153457,1763940205,0.450875,0.000613,-0.000926,0.004060,0.000000,50.000000,0.344366,49.244319,0.500000,1,10,10,199.484974
7.178230,1763940222.155134,1763940205,0.450875,0.000613,-0.000945,-0.004434,0.000000,50.000000,0.000000,55.098538,0.500000,1,10,10,199.472484
7.180232,1763940222.157140,1763940205,0.450879,0.000799,0.000542,0.050430,0.000000,50.000000,0.000000,56.820368,0.500000,1,10,10,199.329204
7.182230,1763940222.159135,1763940205,0.450879,0.000946,0.000944,0.074983,0.000000,50.000000,0.000000,50.277416,0.500000,1,10,10,199.140693
7.184231,1763940222.161135,1763940205,0.450879,0.001011,0.000011,0.054045,0.000000,50.000000,0.344366,57.509099,0.500000,1,10,10,198.985287
7.186235,1763940222.163142,1763940205,0.450875,0.001083,-0.000907,0.035203,0.000000,50.000000,0.344366,56.820368,0.500000,1,10,10,198.885238
7.188247,1763940222.165165,1763940205,0.450872,0.001325,-0.001872,0.070459,0.000000,50.000000,0.000000,56.820368,0.500000,1,10,10,198.684992
7.190229,1763940222.167128,1763940205,0.450872,0.001325,-0.001872,0.070459,0.000000,50.000000,0.000000,56.820368,0.500000,1,10,10,198.484747
7.192241,1763940222.169154,1763940205,0.450872,0.001541,-0.000268,0.077416,0.000000,50.000000,0.000000,49.588685,0.500000,1,10,10,198.292798
7.194305,1763940222.171335,1763940205,0.450872,0.001646,-0.000003,0.060086,0.000000,50.000000,-0.344366,55.787270,0.500000,1,10,10,198.125192
7.196270,1763940222.173252,1763940205,0.450872,0.001794,0.000000,0.063214,0.000000,50.000000,0.344366,56.476002,0.500000,1,10,10,197.946684
7.198252,1763940222.175195,1763940205,0.450872,0.002082,0.000000,0.091700,0.000000,50.000000,0.000000,56.820368,0.500000,1,10,10,197.686162
7.200243,1763940222.177160,1763940205,0.450872,0.002165,0.000000,0.092778,0.000000,50.000000,0.000000,56.820368,0.500000,1,10,10,197.422579
7.202257,1763940222.179184,1763940205,0.450872,0.002324,0.000000,0.084502,0.000000,50.000000,0.000000,57.164734,0.500000,1,10,10,197.181053
7.204245,1763940222.181169,1763940205,0.450868,0.002494,-0.000682,0.082066,0.000000,50.000000,0.000000,55.442904,0.500000,1,10,10,196.953546
7.206241,1763940222.183160,1763940205,0.450868,0.002703,-0.000946,0.094302,0.000000,50.000000,0.000000,56.820368,0.500000,1,10,10,196.685619
7.208251,1763940222.185177,1763940205,0.450868,0.003017,-0.000039,0.105896,0.000000,50.000000,0.000000,56.476002,0.500000,1,10,10,196.386590
7.210241,1763940222.187160,1763940205,0.450868,0.003115,-0.000002,0.103293,0.000000,50.000000,0.000000,56.820368,0.500000,1,10,10,196.093132
7.212241,1763940222.189156,1763940205,0.450868,0.003304,0.000000,0.097947,0.000000,50.000000,0.000000,56.476002,0.500000,1,10,10,195.816549
7.214246,1763940222.191171,1763940205,0.450868,0.003513,0.000000,0.099453,0.000000,50.000000,0.000000,56.131636,0.500000,1,10,10,195.537426
7.216304,1763940222.193322,1763940205,0.450864,0.003740,-0.000926,0.107975,0.000000,50.000000,0.344366,56.820368,0.500000,1,10,10,195.230651
7.218300,1763940222.195317,1763940205,0.450864,0.003971,-0.000946,0.114092,0.000000,50.000000,0.000000,56.131636,0.500000,1,10,10,194.910431
7.220279,1763940222.197268,1763940205,0.450864,0.004194,-0.000500,0.113748,0.000000,50.000000,0.000000,56.476002,0.500000,1,10,10,194.589227
7.222275,1763940222.199256,1763940205,0.450864,0.004417,-0.000002,0.112316,0.000000,50.000000,0.000000,56.476002,0.500000,1,10,10,194.272070
7.224277,1763940222.201253,1763940205,0.450864,0.004656,0.000000,0.115505,0.000000,50.000000,0.000000,55.787270,0.500000,1,10,10,193.949884
7.226271,1763940222.203242,1763940205,0.450864,0.004909,0.000000,0.122289,0.000000,50.000000,0.000000,56.131636,0.500000,1,10,10,193.606671
7.228292,1763940222.205251,1763940205,0.450864,0.005284,0.000000,0.125949,0.000000,50.000000,0.000000,56.131636,0.500000,1,10,10,193.253184
7.230253,1763940222.207183,1763940205,0.450864,0.005409,0.000000,0.125179,0.000000,50.000000,0.000000,56.131636,0.500000,1,10,10,192.901860
7.232280,1763940222.209251,1763940205,0.450864,0.005662,0.000000,0.125555,0.000000,50.000000,0.344366,55.787270,0.500000,1,10,10,192.551635
7.234266,1763940222.211215,1763940205,0.450864,0.005935,0.000000,0.131493,0.000000,50.000000,0.000000,56.131636,0.500000,1,10,10,192.182588
7.236243,1763940222.213149,1763940205,0.450864,0.006219,0.000000,0.138579,0.000000,50.000000,-0.344366,56.476002,0.500000,1,10,10,191.791260
7.238240,1763940222.215143,1763940205,0.450864,0.006507,0.000000,0.142433,0.000000,50.000000,0.000000,56.476002,0.500000,1,10,10,191.389057
7.240238,1763940222.217139,1763940205,0.450864,0.006802,0.000000,0.145933,0.000000,50.000000,-0.344366,55.787270,0.500000,1,10,10,190.981990
7.242251,1763940222.219165,1763940205,0.450864,0.007112,0.000000,0.152023,0.000000,50.000000,0.000000,56.131636,0.500000,1,10,10,190.555324
7.244294,1763940222.221277,1763940205,0.450864,0.007434,0.000000,0.157637,0.000000,50.000000,0.000000,55.787270,0.500000,1,10,10,190.115618
7.246291,1763940222.223264,1763940205,0.450860,0.007756,-0.000907,0.160628,0.000000,50.000000,0.000000,56.131636,0.500000,1,10,10,189.664794
7.248256,1763940222.225193,1763940205,0.450864,0.008085,-0.000137,0.163023,0.000000,50.000000,-0.344366,55.787270,0.500000,1,10,10,189.210056
7.250252,1763940222.227180,1763940205,0.450864,0.008426,0.000445,0.167687,0.000000,50.000000,0.000000,55.787270,0.500000,1,10,10,188.742316
7.252254,1763940222.229182,1763940205,0.450864,0.008770,0.000259,0.171361,0.000000,50.000000,0.000000,55.098538,0.500000,1,10,10,188.270228
7.254261,1763940222.231182,1763940205,0.450864,0.009126,0.000000,0.175394,0.000000,50.000000,-0.344366,55.442904,0.500000,1,10,10,187.784002
7.256250,1763940222.233174,1763940205,0.450864,0.009497,0.000000,0.181327,0.000000,50.000000,0.000000,55.787270,0.500000,1,10,10,187.278214
7.258255,1763940222.235183,1763940205,0.450864,0.009875,0.000000,0.187293,0.000000,50.000000,0.000000,55.787270,0.500000,1,10,10,186.755786
7.260248,1763940222.237167,1763940205,0.450864,0.010261,0.000000,0.191255,0.000000,50.000000,0.000000,55.098538,0.500000,1,10,10,186.228892
7.262261,1763940222.239169,1763940205,0.450864,0.010659,0.000000,0.196088,0.000000,50.000000,0.000000,55.098538,0.500000,1,10,10,185.688684
7.264242,1763940222.241143,1763940205,0.450864,0.011064,0.000000,0.200220,0.000000,50.000000,0.344366,55.098538,0.500000,1,10,10,185.137083
7.266254,1763940222.243171,1763940205,0.450864,0.011472,0.000000,0.203785,0.000000,50.000000,0.000000,54.754173,0.500000,1,10,10,184.579180
7.268251,1763940222.245165,1763940205,0.450864,0.011896,0.000000,0.208127,0.000000,50.000000,0.000000,54.754173,0.500000,1,10,10,184.009389
7.270241,1763940222.247142,1763940205,0.450864,0.012328,0.000000,0.213374,0.000000,50.000000,0.000000,54.754173,0.500000,1,10,10,183.425233
7.272267,1763940222.249217,1763940205,0.450864,0.012767,0.000000,0.217516,0.000000,50.000000,0.344366,54.409807,0.500000,1,10,10,182.833470
7.274266,1763940222.251219,1763940205,0.450864,0.013217,0.000000,0.222422,0.000000,50.000000,0.000000,55.098538,0.500000,1,10,10,182.220712
7.276290,1763940222.253263,1763940205,0.450864,0.013918,0.000000,0.231836,0.000000,50.000000,0.000000,55.098538,0.500000,1,10,10,181.582022
7.278261,1763940222.255199,1763940205,0.450864,0.014156,0.000000,0.234195,0.000000,50.000000,0.000000,54.065441,0.500000,1,10,10,180.948930
7.280269,1763940222.257198,1763940205,0.450864,0.014625,0.000000,0.236082,0.000000,50.000000,0.000000,54.754173,0.500000,1,10,10,180.302607
7.282263,1763940222.259198,1763940205,0.450864,0.015087,0.000000,0.233108,0.000000,50.000000,0.000000,54.754173,0.500000,1,10,10,179.664426
7.284253,1763940222.261174,1763940205,0.450864,0.015557,0.000000,0.232970,0.000000,50.000000,0.000000,54.065441,0.500000,1,10,10,179.034646
7.286251,1763940222.263169,1763940205,0.450864,0.016291,0.000000,0.243046,0.000000,50.000000,0.000000,54.409807,0.500000,1,10,10,178.373441
7.288256,1763940222.265179,1763940205,0.450864,0.016541,0.000000,0.245604,0.000000,50.000000,0.000000,54.409807,0.500000,1,10,10,177.705277
7.290247,1763940222.267154,1763940205,0.450864,0.017037,0.000000,0.248234,0.000000,50.000000,0.000000,54.754173,0.500000,1,10,10,177.025685
7.292263,1763940222.269180,1763940205,0.450864,0.017529,0.000000,0.247652,0.000000,50.000000,0.000000,54.409807,0.500000,1,10,10,176.351949
7.294256,1763940222.271169,1763940205,0.450864,0.018028,0.000000,0.248360,0.000000,50.000000,0.000000,53.721075,0.500000,1,10,10,175.684842
7.296243,1763940222.273168,1763940205,0.450864,0.018532,0.000000,0.250030,0.000000,50.000000,0.000000,54.065441,0.500000,1,10,10,175.008942
7.298270,1763940222.275231,1763940205,0.450864,0.019031,0.000000,0.250586,0.000000,50.000000,0.000000,54.409807,0.500000,1,10,10,174.327225
7.300318,1763940222.277302,1763940205,0.450864,0.019542,0.000000,0.252913,0.000000,50.000000,0.000000,54.065441,0.500000,1,10,10,173.643533
7.302271,1763940222.279215,1763940205,0.450864,0.020333,0.000000,0.261672,0.000000,50.000000,0.000000,55.098538,0.500000,1,10,10,172.922645
7.304264,1763940222.281199,1763940205,0.450864,0.020594,0.000000,0.263398,0.000000,50.000000,0.344366,54.409807,0.500000,1,10,10,172.206058
7.306273,1763940222.283204,1763940205,0.450864,0.021113,0.000000,0.260904,0.000000,50.000000,0.000000,54.409807,0.500000,1,10,10,171.496271
7.308253,1763940222.285170,1763940205,0.450864,0.021624,0.000000,0.256918,0.000000,50.000000,0.000000,54.065441,0.500000,1,10,10,170.801753
7.310251,1763940222.287164,1763940205,0.450864,0.022150,0.000000,0.259811,0.000000,50.000000,0.000000,54.065441,0.500000,1,10,10,170.099413
7.312253,1763940222.289168,1763940205,0.450864,0.022688,0.000000,0.266182,0.000000,50.000000,0.000000,54.409807,0.500000,1,10,10,169.375266
7.314261,1763940222.291183,1763940205,0.450864,0.023221,0.000000,0.267952,0.000000,50.000000,0.000000,54.409807,0.500000,1,10,10,168.646306
7.316259,1763940222.293174,1763940205,0.450864,0.023751,0.000000,0.265375,0.000000,50.000000,0.000000,54.065441,0.500000,1,10,10,167.928925
7.318249,1763940222.295154,1763940205,0.450864,0.024285,0.000000,0.265147,0.000000,50.000000,0.000000,53.721075,0.500000,1,10,10,167.216724
7.320280,1763940222.297223,1763940205,0.450864,0.024822,0.000000,0.268083,0.000000,50.000000,0.000000,53.721075,0.500000,1,10,10,166.496640
7.322273,1763940222.299214,1763940205,0.450864,0.025364,0.000000,0.270088,0.000000,50.000000,0.000000,54.065441,0.500000,1,10,10,165.766519
7.324261,1763940222.301183,1763940205,0.450864,0.025912,0.000000,0.272888,0.000000,50.000000,-0.344366,54.065441,0.500000,1,10,10,165.028814
7.326255,1763940222.303166,1763940205,0.450864,0.026476,0.000000,0.278244,0.000000,50.000000,0.000000,54.065441,0.500000,1,10,10,164.276645
7.328250,1763940222.305158,1763940205,0.450864,0.027040,0.000000,0.281204,0.000000,50.000000,0.000000,54.065441,0.500000,1,10,10,163.516475
7.330334,1763940222.307269,1763940205,0.450864,0.027873,0.000000,0.278959,0.000000,50.000000,0.000000,54.065441,0.500000,1,10,10,162.762374
7.332344,1763940222.309278,1763940205,0.450864,0.028452,0.000000,0.282923,0.000000,50.000000,0.000000,54.065441,0.500000,1,10,10,161.997557
7.334327,1763940222.311251,1763940205,0.450864,0.029050,0.000000,0.293799,0.000000,50.000000,0.000000,53.721075,0.500000,1,10,10,161.208397
7.336326,1763940222.313248,1763940205,0.450864,0.029648,0.000000,0.299469,0.000000,50.000000,0.000000,54.065441,0.500000,1,10,10,160.398850
7.338334,1763940222.315263,1763940205,0.450864,0.030243,0.000000,0.298239,0.000000,50.000000,0.000000,54.065441,0.500000,1,10,10,159.592629
7.340342,1763940222.317326,1763940205,0.450864,0.030844,0.000000,0.299168,0.000000,50.000000,0.000000,53.721075,0.500000,1,10,10,158.789048
7.342375,1763940222.319382,1763940205,0.450864,0.031469,0.000000,0.306376,0.000000,50.000000,0.344366,52.687977,0.500000,1,10,10,157.981915
7.344358,1763940222.321324,1763940205,0.450864,0.032105,0.000000,0.316516,0.000000,50.000000,0.000000,54.065441,0.500000,1,10,10,157.126287
7.346347,1763940222.323302,1763940205,0.450864,0.033074,0.000000,0.321745,0.000000,50.000000,0.344366,53.376709,0.500000,1,10,10,156.267584
7.348340,1763940222.325287,1763940205,0.450864,0.033396,0.000000,0.322537,0.000000,50.000000,0.000000,53.376709,0.500000,1,10,10,155.406786
7.350326,1763940222.327249,1763940205,0.450864,0.034035,0.000000,0.320992,0.000000,50.000000,0.000000,53.376709,0.500000,1,10,10,154.550111
7.352340,1763940222.329278,1763940205,0.450864,0.034698,0.000000,0.325504,0.000000,50.000000,-0.344366,53.721075,0.500000,1,10,10,153.675772
7.354325,1763940222.331245,1763940205,0.450864,0.035386,0.000000,0.337752,0.000000,50.000000,0.000000,53.376709,0.500000,1,10,10,152.774367
7.356325,1763940222.333242,1763940205,0.450864,0.036079,0.000000,0.345389,0.000000,50.000000,0.000000,53.721075,0.500000,1,10,10,151.846633
7.358341,1763940222.335263,1763940205,0.450864,0.036764,0.000000,0.343832,0.000000,50.000000,0.000000,53.721075,0.500000,1,10,10,150.923082
7.360335,1763940222.337261,1763940205,0.450864,0.037453,0.000000,0.343444,0.000000,50.000000,0.000000,52.687977,0.500000,1,10,10,150.018314
7.362326,1763940222.339266,1763940205,0.450864,0.037805,0.000000,0.345850,0.000000,50.000000,0.000000,51.999246,0.500000,1,10,10,149.119117
7.364339,1763940222.341261,1763940205,0.450864,0.038891,0.000000,0.360359,0.000000,50.000000,0.000000,53.376709,0.500000,1,10,10,148.157378
7.366336,1763940222.343254,1763940205,0.450864,0.039618,0.000000,0.364218,0.000000,50.000000,0.000000,53.032343,0.500000,1,10,10,147.191611
7.368326,1763940222.345241,1763940205,0.450864,0.039974,0.000000,0.362816,0.000000,50.000000,0.000000,51.999246,0.500000,1,10,10,146.248304
7.370343,1763940222.347265,1763940205,0.450864,0.041056,0.000000,0.360135,0.000000,50.000000,0.000000,52.687977,0.500000,1,10,10,145.299566
7.372325,1763940222.349228,1763940205,0.450864,0.041810,0.000000,0.369275,0.000000,50.000000,0.344366,52.687977,0.500000,1,10,10,144.326728
7.374348,1763940222.351292,1763940205,0.450864,0.042567,0.000000,0.376611,0.000000,50.000000,0.000000,53.032343,0.500000,1,10,10,143.328101
7.376341,1763940222.353268,1763940205,0.450864,0.043309,0.000000,0.374628,0.000000,50.000000,0.000000,53.032343,0.500000,1,10,10,142.334732
7.378332,1763940222.355248,1763940205,0.450864,0.044425,0.000000,0.371599,0.000000,50.000000,0.000000,51.999246,0.500000,1,10,10,141.368589
7.380330,1763940222.357242,1763940205,0.450864,0.044807,0.000000,0.375111,0.000000,50.000000,0.000000,52.343612,0.500000,1,10,10,140.386855
7.382332,1763940222.359248,1763940205,0.450864,0.045583,0.000000,0.384043,0.000000,50.000000,0.000000,53.032343,0.500000,1,10,10,139.368519
7.384339,1763940222.361251,1763940205,0.450864,0.046348,0.000000,0.384359,0.000000,50.000000,0.344366,53.376709,0.500000,1,10,10,138.342706
7.386338,1763940222.363254,1763940205,0.450864,0.047097,0.000000,0.378351,0.000000,50.000000,0.000000,52.687977,0.500000,1,10,10,137.345979
7.388344,1763940222.365327,1763940205,0.450860,0.047866,-0.000806,0.379569,0.000000,50.000000,0.344366,52.687977,0.500000,1,10,10,136.346020
7.390342,1763940222.367266,1763940205,0.450860,0.048645,-0.000945,0.387008,0.000000,50.000000,0.000000,52.343612,0.500000,1,10,10,135.333147
7.392326,1763940222.369236,1763940205,0.450864,0.049414,0.000795,0.387199,0.000000,50.000000,0.000000,51.999246,0.500000,1,10,10,134.326441
7.394334,1763940222.371249,1763940205,0.450864,0.050175,0.000264,0.382686,0.000000,50.000000,0.000000,51.999246,0.500000,1,10,10,133.331472
7.396336,1763940222.373250,1763940205,0.450864,0.050951,0.000011,0.384327,0.000000,50.000000,0.000000,52.343612,0.500000,1,10,10,132.325618
7.398336,1763940222.375250,1763940205,0.450860,0.051742,-0.000925,0.391193,0.000000,50.000000,0.000000,51.999246,0.500000,1,10,10,131.308529
7.400336,1763940222.377249,1763940205,0.450860,0.052529,-0.000946,0.394756,0.000000,50.000000,0.000000,51.999246,0.500000,1,10,10,130.282175
7.402346,1763940222.379275,1763940205,0.450864,0.053301,0.000661,0.390247,0.000000,50.000000,0.000000,51.999246,0.500000,1,10,10,129.267546
7.404329,1763940222.381239,1763940205,0.450864,0.054081,0.000946,0.388304,0.000000,50.000000,0.344366,52.343612,0.500000,1,10,10,128.251258
7.406332,1763940222.383244,1763940205,0.450860,0.055269,-0.000920,0.394845,0.000000,50.000000,0.000000,52.343612,0.500000,1,10,10,127.217875
7.408328,1763940222.385234,1763940205,0.450860,0.055667,-0.000943,0.396165,0.000000,50.000000,0.000000,53.032343,0.500000,1,10,10,126.167393
7.410340,1763940222.387252,1763940205,0.450864,0.056462,0.000861,0.396701,0.000000,50.000000,0.000000,51.654880,0.500000,1,10,10,125.142814
7.412343,1763940222.389265,1763940205,0.450864,0.057264,0.000945,0.399134,0.000000,50.000000,0.000000,52.343612,0.500000,1,10,10,124.098205
7.414327,1763940222.391229,1763940205,0.450864,0.058066,0.000001,0.401748,0.000000,50.000000,0.000000,51.654880,0.500000,1,10,10,123.060592
7.416343,1763940222.393295,1763940205,0.450864,0.059281,0.000000,0.404363,0.000000,50.000000,0.000000,51.999246,0.500000,1,10,10,122.009262
7.418352,1763940222.395294,1763940205,0.450864,0.059690,0.000000,0.406203,0.000000,50.000000,0.000000,52.343612,0.500000,1,10,10,120.946156
7.420344,1763940222.397269,1763940205,0.450864,0.060519,0.000000,0.411259,0.000000,50.000000,0.344366,52.343612,0.500000,1,10,10,119.869794
7.422333,1763940222.399247,1763940205,0.450864,0.061348,0.000000,0.413959,0.000000,50.000000,0.000000,51.999246,0.500000,1,10,10,118.793516
7.424334,1763940222.401248,1763940205,0.450864,0.062173,0.000000,0.413342,0.000000,50.000000,0.000000,51.999246,0.500000,1,10,10,117.718843
7.426347,1763940222.403269,1763940205,0.450864,0.063453,0.000000,0.423817,0.000000,50.000000,0.000000,51.654880,0.500000,1,10,10,116.624233
7.428331,1763940222.405240,1763940205,0.450864,0.063884,0.000000,0.428607,0.000000,50.000000,0.000000,51.999246,0.500000,1,10,10,115.509870
7.430346,1763940222.407272,1763940205,0.450864,0.064747,0.000000,0.432196,0.000000,50.000000,0.000000,51.654880,0.500000,1,10,10,114.393618
7.432341,1763940222.409263,1763940205,0.450864,0.065606,0.000000,0.430027,0.000000,50.000000,0.000000,51.999246,0.500000,1,10,10,113.275563
7.434333,1763940222.411243,1763940205,0.450864,0.066484,0.000000,0.433752,0.000000,50.000000,0.000000,51.999246,0.500000,1,10,10,112.147824
7.436348,1763940222.413268,1763940205,0.450864,0.067381,0.000000,0.443441,0.000000,50.000000,0.000000,51.654880,0.500000,1,10,10,111.002529
7.438337,1763940222.415290,1763940205,0.450864,0.068275,0.000000,0.447929,0.000000,50.000000,0.344366,51.654880,0.500000,1,10,10,109.845617
7.440339,1763940222.417254,1763940205,0.450864,0.069176,0.000000,0.449283,0.000000,50.000000,0.000000,50.966148,0.500000,1,10,10,108.700706
7.442335,1763940222.419245,1763940205,0.450864,0.070088,0.000000,0.452985,0.000000,50.000000,0.000000,51.310514,0.500000,1,10,10,107.538561
7.444343,1763940222.421269,1763940205,0.450864,0.071011,0.000000,0.458593,0.000000,50.000000,0.000000,52.687977,0.500000,1,10,10,106.330443
7.446351,1763940222.423281,1763940205,0.450864,0.072419,0.000000,0.467789,0.000000,50.000000,0.000000,52.343612,0.500000,1,10,10,105.106154
7.448337,1763940222.425257,1763940205,0.450864,0.072885,0.000000,0.468543,0.000000,50.000000,0.000000,51.999246,0.500000,1,10,10,103.887960
7.450336,1763940222.427251,1763940205,0.450864,0.073824,0.000000,0.469207,0.000000,50.000000,-0.344366,51.310514,0.500000,1,10,10,102.684169
7.452337,1763940222.429252,1763940205,0.450864,0.074766,0.000000,0.470156,0.000000,50.000000,0.000000,51.310514,0.500000,1,10,10,101.477971
7.454350,1763940222.431277,1763940205,0.450864,0.075735,0.000000,0.477747,0.000000,50.000000,0.000000,50.966148,0.500000,1,10,10,100.260526
7.456346,1763940222.433267,1763940205,0.450864,0.077177,0.000000,0.481374,0.000000,50.000000,0.000000,51.654880,0.500000,1,10,10,99.017261
7.458336,1763940222.435250,1763940205,0.450864,0.077658,0.000000,0.480754,0.000000,50.000000,0.000000,49.933050,0.500000,1,10,10,97.816985
7.460352,1763940222.437286,1763940205,0.450864,0.078619,0.000000,0.479963,0.000000,50.000000,0.344366,50.966148,0.500000,1,10,10,96.593863
7.462354,1763940222.439283,1763940205,0.450864,0.079600,0.000000,0.485063,0.000000,50.000000,-0.344366,50.966148,0.500000,1,10,10,95.357744
7.464343,1763940222.441264,1763940205,0.450864,0.080580,0.000000,0.489945,0.000000,50.000000,0.000000,51.310514,0.500000,1,10,10,94.100777
7.466337,1763940222.443250,1763940205,0.450864,0.082045,0.000000,0.489354,0.000000,50.000000,0.344366,50.621782,0.500000,1,10,10,92.862149
7.468351,1763940222.445276,1763940205,0.450864,0.082533,0.000000,0.488993,0.000000,50.000000,0.000000,50.966148,0.500000,1,10,10,91.616045
7.470346,1763940222.447267,1763940205,0.450864,0.083506,0.000000,0.487183,0.000000,50.000000,0.000000,50.966148,0.500000,1,10,10,90.374554
7.472352,1763940222.449284,1763940205,0.450864,0.084494,-0.000137,0.489368,0.000000,50.000000,0.000000,49.933050,0.500000,1,10,10,89.152772
7.474339,1763940222.451256,1763940205,0.450864,0.085485,0.000907,0.494606,0.000000,50.000000,0.000000,51.310514,0.500000,1,10,10,87.883846
7.476336,1763940222.453247,1763940205,0.450864,0.086958,0.000011,0.492089,0.000000,50.000000,0.000000,51.310514,0.500000,1,10,10,86.621379
7.478346,1763940222.455269,1763940205,0.450864,0.087446,-0.000680,0.490315,0.000000,50.000000,0.000000,50.966148,0.500000,1,10,10,85.371905
7.480353,1763940222.457285,1763940205,0.450860,0.088426,-0.000945,0.488510,0.000000,50.000000,0.000000,49.933050,0.500000,1,10,10,84.152262
7.482350,1763940222.459274,1763940205,0.450860,0.089410,-0.000140,0.491006,0.000000,50.000000,0.000000,51.310514,0.500000,1,10,10,82.892573
7.484351,1763940222.461280,1763940205,0.450864,0.090410,0.000872,0.495883,0.000000,50.000000,0.000000,50.277416,0.500000,1,10,10,81.645986
7.486344,1763940222.463266,1763940205,0.450864,0.091409,0.000940,0.498866,0.000000,50.000000,0.000000,51.654880,0.500000,1,10,10,80.357541
7.488355,1763940222.465278,1763940205,0.450860,0.092393,0.000500,0.495587,0.000000,50.000000,0.000000,50.966148,0.500000,1,10,10,79.094633
7.490346,1763940222.467269,1763940205,0.450860,0.093373,-0.000937,0.491771,0.000000,50.000000,0.344366,51.654880,0.500000,1,10,10,77.824483
7.492339,1763940222.469253,1763940205,0.450860,0.094369,-0.000039,0.494209,0.000000,50.000000,-0.344366,50.966148,0.500000,1,10,10,76.565058
7.494341,1763940222.471256,1763940205,0.450860,0.095368,-0.000000,0.498466,0.000000,50.000000,0.000000,50.966148,0.500000,1,10,10,75.294814
7.496354,1763940222.473279,1763940205,0.450864,0.096367,0.000806,0.500037,0.000000,50.000000,0.000000,51.654880,0.500000,1,10,10,74.003344
7.498342,1763940222.475256,1763940205,0.450864,0.097374,0.000945,0.501251,0.000000,50.000000,0.000000,50.966148,0.500000,1,10,10,72.725999
7.500343,1763940222.477261,1763940205,0.450860,0.098377,-0.000767,0.501906,0.000000,50.000000,0.000000,51.310514,0.500000,1,10,10,71.438344
7.502352,1763940222.479278,1763940205,0.450860,0.099388,-0.000945,0.503364,0.000000,50.000000,-0.688732,50.966148,0.500000,1,10,10,70.155498
7.504340,1763940222.481254,1763940205,0.450864,0.100414,0.000679,0.509316,0.000000,50.000000,0.000000,51.310514,0.500000,1,10,10,68.848835
7.506344,1763940222.483264,1763940205,0.450864,0.101947,0.000944,0.511911,0.000000,50.000000,0.000000,50.621782,0.500000,1,10,10,67.553141
7.508347,1763940222.485268,1763940205,0.450864,0.102461,0.000946,0.512373,0.000000,50.000000,0.000000,50.966148,0.500000,1,10,10,66.247455
7.510357,1763940222.487287,1763940205,0.450864,0.103498,0.000021,0.515990,0.000000,50.000000,0.000000,50.277416,0.500000,1,10,10,64.950324
7.512340,1763940222.489249,1763940205,0.450860,0.104543,-0.000872,0.519986,0.000000,50.000000,0.000000,50.966148,0.500000,1,10,10,63.625238
7.514372,1763940222.491315,1763940205,0.450860,0.105599,-0.000500,0.525210,0.000000,50.000000,0.000000,50.621782,0.500000,1,10,10,62.295885
7.516359,1763940222.493296,1763940205,0.450864,0.106667,0.000922,0.531559,0.000000,50.000000,-0.344366,49.933050,0.500000,1,10,10,60.968733
7.518353,1763940222.495285,1763940205,0.450864,0.107738,0.000944,0.534471,0.000000,50.000000,0.000000,50.277416,0.500000,1,10,10,59.625141
7.520356,1763940222.497290,1763940205,0.450864,0.108275,0.000946,0.535307,0.000000,50.000000,0.000000,50.277416,0.500000,1,10,10,58.279446
7.522358,1763940222.499288,1763940205,0.450864,0.109903,0.000001,0.541745,0.000000,50.000000,0.344366,50.621782,0.500000,1,10,10,56.908210
7.524343,1763940222.501256,1763940205,0.450864,0.110993,0.000000,0.544492,0.000000,50.000000,0.000000,50.621782,0.500000,1,10,10,55.530053
7.526348,1763940222.503267,1763940205,0.450864,0.112658,0.000000,0.552587,0.000000,50.000000,0.000000,50.277416,0.500000,1,10,10,54.140920
7.528368,1763940222.505303,1763940205,0.450860,0.113218,-0.000872,0.555848,0.000000,50.000000,0.000000,50.277416,0.500000,1,10,10,52.743589
7.530356,1763940222.507286,1763940205,0.450860,0.114339,-0.000946,0.559062,0.000000,50.000000,0.000000,50.277416,0.500000,1,10,10,51.338178
7.532349,1763940222.509272,1763940205,0.450864,0.115463,0.000940,0.561053,0.000000,50.000000,0.000000,49.933050,0.500000,1,10,10,49.937421
7.534347,1763940222.511267,1763940205,0.450864,0.116587,0.000140,0.561825,0.000000,50.000000,0.344366,50.621782,0.500000,1,10,10,48.515360
7.536343,1763940222.513257,1763940205,0.450864,0.117726,0.000011,0.565855,0.000000,50.000000,0.000000,49.588685,0.500000,1,10,10,47.112361
7.538349,1763940222.515265,1763940205,0.450864,0.118877,0.000000,0.572638,0.000000,50.000000,0.000000,50.277416,0.500000,1,10,10,45.672821
7.540351,1763940222.517259,1763940205,0.450864,0.120024,0.000000,0.574615,0.000000,50.000000,0.000000,49.588685,0.500000,1,10,10,44.248102
7.542351,1763940222.519273,1763940205,0.450860,0.121175,-0.000806,0.574383,0.000000,50.000000,0.000000,49.588685,0.500000,1,10,10,42.823955
7.544354,1763940222.521278,1763940205,0.450860,0.122333,-0.000945,0.576805,0.000000,50.000000,0.000000,50.966148,0.500000,1,10,10,41.354078
7.546348,1763940222.523268,1763940205,0.450860,0.123495,-0.000946,0.579742,0.000000,50.000000,0.000000,50.621782,0.500000,1,10,10,39.886697
7.548468,1763940222.525414,1763940205,0.450864,0.124657,0.000861,0.580417,0.000000,50.000000,0.000000,50.277416,0.500000,1,10,10,38.427602
7.550454,1763940222.527374,1763940205,0.450864,0.125808,0.000946,0.578344,0.000000,50.000000,0.344366,49.933050,0.500000,1,10,10,36.983643
7.552453,1763940222.529369,1763940205,0.450860,0.126958,-0.000372,0.576512,0.000000,50.000000,0.000000,49.933050,0.500000,1,10,10,35.544293
7.554458,1763940222.531378,1763940205,0.450860,0.128711,-0.000943,0.581753,0.000000,50.000000,-0.344366,49.244319,0.500000,1,10,10,34.111855
7.556461,1763940222.533388,1763940205,0.450860,0.129294,-0.000039,0.583615,0.000000,50.000000,0.000000,49.588685,0.500000,1,10,10,32.664821
7.558459,1763940222.535383,1763940205,0.450860,0.130459,-0.000003,0.582255,0.000000,50.000000,0.000000,49.588685,0.500000,1,10,10,31.221159
7.560453,1763940222.537369,1763940205,0.450860,0.131610,0.000000,0.579341,0.000000,50.000000,0.000000,49.933050,0.500000,1,10,10,29.774746
7.562454,1763940222.539369,1763940205,0.450860,0.132768,0.000000,0.577943,0.000000,50.000000,0.000000,49.244319,0.500000,1,10,10,28.351725
7.564451,1763940222.541363,1763940205,0.450860,0.133938,0.000000,0.581475,0.000000,50.000000,0.000000,48.555587,0.500000,1,10,10,26.940033
7.566464,1763940222.543375,1763940205,0.450860,0.135104,0.000000,0.583073,0.000000,50.000000,0.000000,48.899953,0.500000,1,10,10,25.514422
7.568469,1763940222.545398,1763940205,0.450860,0.136266,0.000000,0.582222,0.000000,50.000000,0.000000,49.933050,0.500000,1,10,10,24.060815
7.570463,1763940222.547391,1763940205,0.450860,0.137424,0.000000,0.580346,0.000000,50.000000,0.000000,49.933050,0.500000,1,10,10,22.611892
7.572455,1763940222.549373,1763940205,0.450860,0.138590,0.000000,0.580827,0.000000,50.000000,0.000000,48.899953,0.500000,1,10,10,21.191772
7.574455,1763940222.551372,1763940205,0.450860,0.140350,0.000000,0.586108,0.000000,50.000000,0.000000,48.899953,0.500000,1,10,10,19.758740
7.576453,1763940222.553369,1763940205,0.450860,0.140940,0.000000,0.587444,0.000000,50.000000,0.000000,48.899953,0.500000,1,10,10,18.322440
7.578454,1763940222.555406,1763940205,0.450860,0.142110,0.000000,0.586300,0.000000,50.000000,0.344366,50.277416,0.500000,1,10,10,16.848523
7.580460,1763940222.557380,1763940205,0.450860,0.143283,0.000000,0.586249,0.000000,50.000000,0.000000,48.899953,0.500000,1,10,10,15.415145
7.582451,1763940222.559359,1763940205,0.450860,0.144460,0.000000,0.587993,0.000000,50.000000,0.000000,48.555587,0.500000,1,10,10,13.987627
7.584450,1763940222.561354,1763940205,0.450860,0.145645,0.000000,0.590762,0.000000,50.000000,0.000000,49.244319,0.500000,1,10,10,12.533043
7.586453,1763940222.563361,1763940205,0.450860,0.146837,0.000000,0.593939,0.000000,50.000000,0.000000,48.899953,0.500000,1,10,10,11.080863
7.588466,1763940222.565390,1763940205,0.450860,0.148030,0.000000,0.596033,0.000000,50.000000,0.000000,49.933050,0.500000,1,10,10,9.592776
7.590476,1763940222.567417,1763940205,0.450860,0.149229,0.000000,0.598542,0.000000,50.000000,0.344366,49.588685,0.500000,1,10,10,8.108696
7.592486,1763940222.569424,1763940205,0.450860,0.150437,0.000000,0.601471,0.000000,50.000000,0.000000,48.899953,0.500000,1,10,10,6.638101
7.594457,1763940222.571373,1763940205,0.450860,0.151648,0.000682,0.604350,0.000000,50.000000,0.344366,48.555587,0.500000,1,10,10,5.170834
7.596453,1763940222.573361,1763940205,0.450864,0.152863,0.000945,0.606458,0.000000,50.000000,0.000000,49.588685,0.500000,1,10,10,3.667160
7.598460,1763940222.575377,1763940205,0.450860,0.154082,-0.000608,0.608807,0.000000,50.000000,0.000000,48.555587,0.500000,1,10,10,0.000000
7.600466,1763940222.577387,1763940205,0.450860,0.155316,-0.000500,0.613410,0.000000,50.000000,0.000000,49.244319,0.500000,1,10,10,0.000000
7.602466,1763940222.579387,1763940205,0.450860,0.156554,-0.000003,0.618244,0.000000,50.000000,0.344366,49.244319,0.500000,1,10,10,0.000000
7.604461,1763940222.581381,1763940205,0.450860,0.157795,-0.000000,0.619756,0.000000,50.000000,0.000000,48.555587,0.500000,1,10,10,0.000000
7.606467,1763940222.583391,1763940205,0.450860,0.159040,0.000000,0.621391,0.000000,50.000000,0.000000,48.899953,0.500000,1,10,10,3.867456
7.608455,1763940222.585365,1763940205,0.450860,0.160297,0.000000,0.624798,0.000000,50.000000,0.000000,48.899953,0.500000,1,10,10,5.395085
7.610463,1763940222.587396,1763940205,0.450860,0.161561,0.000000,0.629765,0.000000,50.000000,0.000000,48.899953,0.500000,1,10,10,6.934859
7.612460,1763940222.589379,1763940205,0.450860,0.162822,0.000000,0.631215,0.000000,50.000000,0.000000,49.244319,0.500000,1,10,10,8.489046
7.614470,1763940222.591395,1763940205,0.450860,0.164082,0.000000,0.630288,0.000000,50.000000,0.000000,48.555587,0.500000,1,10,10,10.019246
7.616468,1763940222.593390,1763940205,0.450860,0.165346,0.000000,0.631353,0.000000,50.000000,0.000000,49.588685,0.500000,1,10,10,11.584645
7.618481,1763940222.595410,1763940205,0.450860,0.166629,0.000000,0.637381,0.000000,50.000000,0.000000,48.211221,0.500000,1,10,10,13.121090
7.620459,1763940222.597377,1763940205,0.450860,0.167924,0.000000,0.644077,0.000000,50.000000,0.000000,49.244319,0.500000,1,10,10,14.706948
7.622458,1763940222.599371,1763940205,0.450860,0.169207,0.000000,0.644492,0.000000,50.000000,0.000000,49.588685,0.500000,1,10,10,16.304924
7.624457,1763940222.601370,1763940205,0.450860,0.170490,0.000000,0.641891,0.000000,50.000000,0.000000,48.555587,0.500000,1,10,10,17.863294
7.626455,1763940222.603364,1763940205,0.450860,0.171777,0.000000,0.641715,0.000000,50.000000,0.000000,48.555587,0.500000,1,10,10,19.421236
7.628478,1763940222.605413,1763940205,0.450860,0.173075,0.000000,0.646274,0.000000,50.000000,0.344366,49.244319,0.500000,1,10,10,21.012540
7.630470,1763940222.607395,1763940205,0.450860,0.174374,0.000000,0.649515,0.000000,50.000000,0.000000,48.555587,0.500000,1,10,10,22.589419
7.632470,1763940222.609394,1763940205,0.450860,0.175676,0.000000,0.650079,0.000000,50.000000,0.000000,49.244319,0.500000,1,10,10,24.190055
7.634472,1763940222.611405,1763940205,0.450860,0.177625,0.000000,0.650029,0.000000,50.000000,0.000000,48.899953,0.500000,1,10,10,25.779375
7.636459,1763940222.613376,1763940205,0.450860,0.178276,0.000000,0.650080,0.000000,50.000000,0.000000,48.899953,0.500000,1,10,10,27.368819
7.638457,1763940222.615368,1763940205,0.450860,0.179578,0.000000,0.652060,0.000000,50.000000,0.000000,48.899953,0.500000,1,10,10,28.963104
7.640466,1763940222.617389,1763940205,0.450860,0.180888,0.000000,0.652658,0.000000,50.000000,0.344366,48.211221,0.500000,1,10,10,30.536416
7.642459,1763940222.619372,1763940205,0.450860,0.182201,0.000000,0.655128,0.000000,50.000000,0.000000,48.211221,0.500000,1,10,10,32.115641
7.644486,1763940222.621426,1763940205,0.450860,0.183511,0.000000,0.656327,0.000000,50.000000,0.000000,47.522489,0.500000,1,10,10,33.675155
7.646474,1763940222.623400,1763940205,0.450860,0.184828,0.000000,0.656445,0.000000,50.000000,0.000000,48.555587,0.500000,1,10,10,35.268860
7.648472,1763940222.625395,1763940205,0.450860,0.186137,0.000000,0.656134,0.000000,50.000000,0.000000,48.899953,0.500000,1,10,10,36.873106
7.650470,1763940222.627390,1763940205,0.450860,0.187451,0.000000,0.656284,0.000000,50.000000,0.000000,48.555587,0.500000,1,10,10,38.466419
7.652479,1763940222.629414,1763940205,0.450860,0.188772,0.000000,0.658924,0.000000,50.000000,0.344366,47.522489,0.500000,1,10,10,40.032144
7.654465,1763940222.631385,1763940205,0.450860,0.190755,0.000000,0.661247,0.000000,50.000000,0.000000,48.211221,0.500000,1,10,10,41.626121
7.656460,1763940222.633374,1763940205,0.450860,0.191418,0.000000,0.660911,0.000000,50.000000,0.000000,47.522489,0.500000,1,10,10,43.196527
7.658467,1763940222.635387,1763940205,0.450860,0.192735,0.000000,0.659839,0.000000,50.000000,0.000000,48.555587,0.500000,1,10,10,44.798471
7.660461,1763940222.637376,1763940205,0.450860,0.194063,0.000000,0.662521,0.000000,50.000000,0.000000,48.899953,0.500000,1,10,10,46.418334
7.662459,1763940222.639361,1763940205,0.450860,0.195392,0.000000,0.664758,0.000000,0.000000,-0.344366,48.211221,0.500000,1,10,10,48.020815
14.705303,1763940229.682372,1763940205,0.450811,0.001518,0.000000,0.000000,0.000000,50.000000,0.000000,0.000000,0.500000,1,10,10,200.000000
14.707348,1763940229.684352,1763940205,0.450811,0.001518,0.000000,0.000000,0.000000,50.000000,0.000000,0.000000,0.500000,1,10,10,200.000000
14.709340,1763940229.686329,1763940205,0.450811,0.001514,0.000000,-0.000872,0.000000,50.000000,0.344366,0.000000,0.500000,1,10,10,199.999985
14.711342,1763940229.688336,1763940205,0.450811,0.001522,0.000000,0.003434,0.000000,50.000000,0.688732,46.489392,0.500000,1,10,10,199.992003
14.713343,1763940229.690337,1763940205,0.450811,0.001673,0.000000,0.045168,0.000000,50.000000,0.000000,48.211221,0.500000,1,10,10,199.883123
14.715471,1763940229.692670,1763940205,0.450811,0.001851,0.000000,0.082465,0.000000,50.000000,0.344366,49.588685,0.500000,1,10,10,199.678650
14.717361,1763940229.694430,1763940205,0.450811,0.001900,0.000000,0.076639,0.000000,50.000000,0.000000,50.277416,0.500000,1,10,10,199.485989
14.719394,1763940229.696444,1763940205,0.450811,0.001874,0.000000,0.002912,0.000000,50.000000,0.000000,48.555587,0.500000,1,10,10,199.478919
14.721284,1763940229.698187,1763940205,0.450811,0.001964,0.000000,0.024358,0.000000,50.000000,-0.344366,56.820368,0.500000,1,10,10,199.409717
14.723289,1763940229.700198,1763940205,0.450815,0.002123,0.000940,0.065068,0.000000,50.000000,0.000000,50.621782,0.500000,1,10,10,199.245007
14.725285,1763940229.702193,1763940205,0.450815,0.002229,0.000946,0.062307,0.000000,50.000000,0.344366,50.277416,0.500000,1,10,10,199.088354
14.727298,1763940229.704217,1763940205,0.450815,0.002271,0.000074,0.035141,0.000000,50.000000,0.000000,55.098538,0.500000,1,10,10,198.991544
14.729298,1763940229.706214,1763940205,0.450811,0.002362,-0.000935,0.036684,0.000000,50.000000,0.000000,55.787270,0.500000,1,10,10,198.889187
14.731283,1763940229.708184,1763940205,0.450807,0.002536,-0.001086,0.069299,0.000000,50.000000,0.000000,50.621782,0.500000,1,10,10,198.713763
14.733287,1763940229.710192,1763940205,0.450811,0.002691,0.000731,0.081173,0.000000,50.000000,0.344366,49.588685,0.500000,1,10,10,198.512486
14.735392,1763940229.712484,1763940205,0.450811,0.002786,0.000929,0.060115,0.000000,50.000000,0.000000,53.376709,0.500000,1,10,10,198.352031
14.737363,1763940229.714411,1763940205,0.450811,0.002903,0.000946,0.054018,0.000000,50.000000,0.000000,56.131636,0.500000,1,10,10,198.200401
14.739352,1763940229.716389,1763940205,0.450807,0.003085,-0.000671,0.077387,0.000000,50.000000,-0.344366,56.820368,0.500000,1,10,10,197.980530
14.741359,1763940229.718391,1763940205,0.450807,0.003183,-0.000945,0.088291,0.000000,50.000000,0.000000,56.476002,0.500000,1,10,10,197.731199
14.743366,1763940229.720408,1763940205,0.450807,0.003425,-0.000140,0.083391,0.000000,50.000000,0.000000,57.164734,0.500000,1,10,10,197.492849
14.745364,1763940229.722384,1763940205,0.450807,0.003497,-0.000021,0.077923,0.000000,50.000000,0.000000,56.820368,0.500000,1,10,10,197.271467
14.747349,1763940229.724364,1763940205,0.450807,0.003766,0.000000,0.088038,0.000000,50.000000,0.000000,56.476002,0.500000,1,10,10,197.022864
14.749335,1763940229.726340,1763940205,0.450807,0.003986,0.000000,0.103633,0.000000,50.000000,0.000000,56.820368,0.500000,1,10,10,196.728441
14.751328,1763940229.728314,1763940205,0.450811,0.004190,0.000935,0.104403,0.000000,50.000000,0.000000,56.820368,0.500000,1,10,10,196.431818
14.753327,1763940229.730303,1763940205,0.450811,0.004379,0.000945,0.097475,0.000000,50.000000,0.344366,56.820368,0.500000,1,10,10,196.154870
14.755320,1763940229.732288,1763940205,0.450811,0.004576,0.000140,0.098053,0.000000,50.000000,0.000000,56.476002,0.500000,1,10,10,195.877986
14.757332,1763940229.734314,1763940205,0.450807,0.004803,-0.000872,0.107167,0.000000,50.000000,0.000000,56.476002,0.500000,1,10,10,195.575357
14.759329,1763940229.736272,1763940205,0.450807,0.005038,-0.000946,0.115132,0.000000,50.000000,0.000000,56.476002,0.500000,1,10,10,195.250235
14.761293,1763940229.738197,1763940205,0.450807,0.005151,-0.000074,0.116292,0.000000,50.000000,0.344366,56.820368,0.500000,1,10,10,194.919842
14.763314,1763940229.740247,1763940205,0.450807,0.005485,-0.000000,0.111323,0.000000,50.000000,0.000000,56.476002,0.500000,1,10,10,194.605489
14.765332,1763940229.742291,1763940205,0.450811,0.005712,0.000806,0.112650,0.000000,50.000000,0.000000,55.787270,0.500000,1,10,10,194.291258
14.767303,1763940229.744231,1763940205,0.450807,0.005958,0.000001,0.119868,0.000000,50.000000,0.000000,56.131636,0.500000,1,10,10,193.954840
14.769299,1763940229.746219,1763940205,0.450807,0.006344,-0.000254,0.127993,0.000000,50.000000,0.000000,55.442904,0.500000,1,10,10,193.600024
14.771310,1763940229.748227,1763940205,0.450807,0.006472,-0.000020,0.128335,0.000000,50.000000,0.344366,56.131636,0.500000,1,10,10,193.239834
14.773298,1763940229.750211,1763940205,0.450807,0.006734,0.000000,0.130243,0.000000,50.000000,0.000000,55.787270,0.500000,1,10,10,192.876538
14.775296,1763940229.752208,1763940205,0.450807,0.007014,0.000000,0.136161,0.000000,50.000000,0.000000,56.476002,0.500000,1,10,10,192.492045
14.777316,1763940229.754256,1763940205,0.450807,0.007305,0.000000,0.143053,0.000000,50.000000,0.344366,56.820368,0.500000,1,10,10,192.085621
14.779302,1763940229.756216,1763940205,0.450807,0.007449,0.000000,0.145325,0.000000,50.000000,0.000000,55.787270,0.500000,1,10,10,191.680257
14.781292,1763940229.758192,1763940205,0.450811,0.007899,0.000872,0.149199,0.000000,50.000000,0.344366,55.442904,0.500000,1,10,10,191.266642
14.783311,1763940229.760242,1763940205,0.450811,0.008210,0.000946,0.153729,0.000000,50.000000,0.000000,56.476002,0.500000,1,10,10,190.832535
14.785318,1763940229.762259,1763940205,0.450807,0.008535,-0.000920,0.159145,0.000000,50.000000,0.344366,55.787270,0.500000,1,10,10,190.388606
14.787310,1763940229.764238,1763940205,0.450807,0.009035,-0.000946,0.166595,0.000000,50.000000,0.344366,55.442904,0.500000,1,10,10,189.926765
14.789310,1763940229.766235,1763940205,0.450807,0.009205,-0.000265,0.168782,0.000000,50.000000,-0.344366,55.787270,0.500000,1,10,10,189.455961
14.791303,1763940229.768220,1763940205,0.450807,0.009557,-0.000002,0.173403,0.000000,50.000000,0.000000,56.131636,0.500000,1,10,10,188.969292
14.793295,1763940229.770200,1763940205,0.450811,0.009913,0.000925,0.177168,0.000000,50.000000,0.000000,55.442904,0.500000,1,10,10,188.478151
14.795310,1763940229.772232,1763940205,0.450811,0.010276,0.000264,0.181064,0.000000,50.000000,0.000000,55.442904,0.500000,1,10,10,187.976215
14.797317,1763940229.774239,1763940205,0.450811,0.010655,0.000001,0.186446,0.000000,50.000000,0.344366,55.098538,0.500000,1,10,10,187.462559
14.799310,1763940229.776237,1763940205,0.450811,0.011049,0.000000,0.193187,0.000000,50.000000,0.344366,55.442904,0.500000,1,10,10,186.927005
14.801309,1763940229.778235,1763940205,0.450811,0.011454,0.000000,0.199305,0.000000,50.000000,0.000000,55.098538,0.500000,1,10,10,186.377934
14.803308,1763940229.780231,1763940205,0.450811,0.011859,0.000000,0.203079,0.000000,50.000000,0.000000,55.098538,0.500000,1,10,10,185.818465
14.805307,1763940229.782230,1763940205,0.450807,0.012267,-0.000935,0.204210,0.000000,50.000000,0.000000,54.754173,0.500000,1,10,10,185.259391
14.807314,1763940229.784240,1763940205,0.450807,0.012903,-0.000946,0.210864,0.000000,50.000000,0.000000,54.409807,0.500000,1,10,10,184.685732
14.809308,1763940229.786222,1763940205,0.450807,0.013127,-0.000140,0.216617,0.000000,50.000000,0.000000,54.754173,0.500000,1,10,10,184.092699
14.811315,1763940229.788244,1763940205,0.450811,0.013596,0.000940,0.228149,0.000000,50.000000,0.000000,54.754173,0.500000,1,10,10,183.468088
14.813308,1763940229.790230,1763940205,0.450807,0.014069,-0.000372,0.235122,0.000000,50.000000,0.000000,55.098538,0.500000,1,10,10,182.820343
14.815303,1763940229.792217,1763940205,0.450807,0.014762,-0.000943,0.231762,0.000000,50.000000,-0.344366,54.754173,0.500000,1,10,10,182.185828
14.817298,1763940229.794206,1763940205,0.450807,0.014993,-0.000946,0.230510,0.000000,50.000000,0.344366,53.721075,0.500000,1,10,10,181.566646
14.819302,1763940229.796215,1763940205,0.450807,0.015466,-0.000039,0.234589,0.000000,50.000000,0.344366,55.098538,0.500000,1,10,10,180.920357
14.821311,1763940229.798229,1763940205,0.450811,0.015969,0.000925,0.246028,0.000000,50.000000,0.000000,54.754173,0.500000,1,10,10,180.246799
14.823302,1763940229.800202,1763940205,0.450811,0.016726,0.000946,0.251959,0.000000,50.000000,0.000000,54.065441,0.500000,1,10,10,179.565681
14.825304,1763940229.802217,1763940205,0.450807,0.016972,-0.000542,0.249792,0.000000,50.000000,0.000000,54.065441,0.500000,1,10,10,178.890425
14.827300,1763940229.804205,1763940205,0.450807,0.017468,-0.000944,0.248317,0.000000,50.000000,0.344366,54.409807,0.500000,1,10,10,178.214861
14.829300,1763940229.806206,1763940205,0.450807,0.017987,-0.000140,0.255085,0.000000,50.000000,0.000000,54.409807,0.500000,1,10,10,177.520905
14.831302,1763940229.808213,1763940205,0.450807,0.018516,0.000000,0.261834,0.000000,50.000000,0.000000,54.065441,0.500000,1,10,10,176.813096
14.833301,1763940229.810211,1763940205,0.450807,0.019296,0.000000,0.260447,0.000000,50.000000,0.000000,53.721075,0.500000,1,10,10,176.113522
14.835329,1763940229.812255,1763940205,0.450807,0.019557,0.000000,0.260987,0.000000,50.000000,0.000000,54.754173,0.500000,1,10,10,175.399014
14.837312,1763940229.814232,1763940205,0.450807,0.019826,0.000000,0.263088,0.000000,50.000000,0.344366,53.376709,0.500000,1,10,10,174.696861
14.839303,1763940229.816215,1763940205,0.450807,0.020651,0.000000,0.274105,0.000000,50.000000,-0.344366,53.721075,0.500000,1,10,10,173.960586
14.841301,1763940229.818249,1763940205,0.450807,0.021196,0.000000,0.273738,0.000000,50.000000,0.000000,54.065441,0.500000,1,10,10,173.220598
14.843305,1763940229.820219,1763940205,0.450807,0.022006,0.000000,0.270401,0.000000,50.000000,0.344366,54.409807,0.500000,1,10,10,172.484961
14.845301,1763940229.822208,1763940205,0.450807,0.022286,0.000000,0.273419,0.000000,50.000000,0.000000,54.409807,0.500000,1,10,10,171.741127
14.847303,1763940229.824214,1763940205,0.450807,0.022854,0.000000,0.281361,0.000000,50.000000,0.000000,53.721075,0.500000,1,10,10,170.985377
14.849333,1763940229.826263,1763940205,0.450807,0.023418,0.000000,0.282958,0.000000,50.000000,0.000000,53.721075,0.500000,1,10,10,170.225337
14.851315,1763940229.828238,1763940205,0.450807,0.023975,0.000000,0.280760,0.000000,50.000000,0.000000,54.409807,0.500000,1,10,10,169.461533
14.853319,1763940229.830248,1763940205,0.450807,0.024542,0.000000,0.280989,0.000000,50.000000,0.000000,53.721075,0.500000,1,10,10,168.706783
14.855307,1763940229.832222,1763940205,0.450807,0.025110,0.000000,0.283231,0.000000,50.000000,-0.344366,53.721075,0.500000,1,10,10,167.945993
14.857303,1763940229.834213,1763940205,0.450807,0.025678,0.000000,0.284591,0.000000,50.000000,0.000000,53.376709,0.500000,1,10,10,167.186465
14.859307,1763940229.836222,1763940205,0.450807,0.026261,0.000000,0.287909,0.000000,50.000000,0.000000,53.032343,0.500000,1,10,10,166.423042
14.861308,1763940229.838227,1763940205,0.450807,0.026847,0.000000,0.292943,0.000000,50.000000,0.344366,53.032343,0.500000,1,10,10,165.646254
14.863322,1763940229.840260,1763940205,0.450807,0.027714,0.000000,0.289341,0.000000,50.000000,0.000000,53.032343,0.500000,1,10,10,164.879032
14.865317,1763940229.842248,1763940205,0.450807,0.028002,0.000000,0.288667,0.000000,50.000000,0.000000,53.721075,0.500000,1,10,10,164.103657
14.867328,1763940229.844271,1763940205,0.450807,0.028604,0.000000,0.295753,0.000000,50.000000,0.000000,53.032343,0.500000,1,10,10,163.319432
14.869331,1763940229.846264,1763940205,0.450807,0.029228,0.000000,0.306976,0.000000,50.000000,0.000000,53.721075,0.500000,1,10,10,162.494877
14.871305,1763940229.848219,1763940205,0.450807,0.029841,0.000000,0.308726,0.000000,50.000000,0.000000,54.065441,0.500000,1,10,10,161.660306
14.873312,1763940229.850234,1763940205,0.450807,0.030447,0.000000,0.304458,0.000000,50.000000,0.344366,53.721075,0.500000,1,10,10,160.842500
14.875317,1763940229.852234,1763940205,0.450807,0.031064,0.000000,0.306667,0.000000,50.000000,0.000000,53.032343,0.500000,1,10,10,160.029337
14.877306,1763940229.854216,1763940205,0.450807,0.031707,0.000000,0.315777,0.000000,50.000000,0.344366,53.032343,0.500000,1,10,10,159.192001
14.879317,1763940229.856241,1763940205,0.450811,0.032358,0.000943,0.324441,0.000000,50.000000,0.000000,53.376709,0.500000,1,10,10,158.326119
14.881320,1763940229.858247,1763940205,0.450811,0.033350,0.000500,0.330061,0.000000,50.000000,-0.344366,52.687977,0.500000,1,10,10,157.456586
14.883320,1763940229.860244,1763940205,0.450807,0.033679,-0.000643,0.329484,0.000000,50.000000,-0.344366,52.687977,0.500000,1,10,10,156.588574
14.885318,1763940229.862241,1763940205,0.450807,0.034338,-0.000944,0.329171,0.000000,50.000000,0.000000,53.721075,0.500000,1,10,10,155.704398
14.887318,1763940229.864241,1763940205,0.450807,0.035023,-0.000265,0.337377,0.000000,50.000000,0.000000,54.065441,0.500000,1,10,10,154.792377
14.889335,1763940229.866284,1763940205,0.450811,0.036079,0.000925,0.350672,0.000000,50.000000,0.000000,53.376709,0.500000,1,10,10,153.856487
14.891320,1763940229.868252,1763940205,0.450811,0.036427,0.000944,0.351033,0.000000,50.000000,0.344366,53.376709,0.500000,1,10,10,152.919615
14.893310,1763940229.870229,1763940205,0.450811,0.037128,0.000264,0.350088,0.000000,50.000000,0.000000,53.376709,0.500000,1,10,10,151.985288
14.895309,1763940229.872225,1763940205,0.450807,0.037843,-0.000907,0.354766,0.000000,50.000000,0.000000,52.343612,0.500000,1,10,10,151.056799
14.897311,1763940229.874226,1763940205,0.450807,0.038581,-0.000946,0.364085,0.000000,50.000000,0.000000,53.721075,0.500000,1,10,10,150.078845
14.899306,1763940229.876215,1763940205,0.450811,0.039330,-0.000054,0.372724,0.000000,50.000000,0.000000,53.032343,0.500000,1,10,10,149.090524
14.901314,1763940229.878218,1763940205,0.450807,0.040072,0.000494,0.373197,0.000000,50.000000,0.000000,52.343612,0.500000,1,10,10,148.113800
14.903324,1763940229.880249,1763940205,0.450807,0.040822,-0.000443,0.372811,0.000000,50.000000,0.000000,52.687977,0.500000,1,10,10,147.131665
14.905319,1763940229.882240,1763940205,0.450807,0.041594,-0.000039,0.381907,0.000000,50.000000,0.000000,52.687977,0.500000,1,10,10,146.125569
14.907318,1763940229.884238,1763940205,0.450807,0.042389,-0.000000,0.392535,0.000000,50.000000,0.000000,53.032343,0.500000,1,10,10,145.084718
14.909353,1763940229.886338,1763940205,0.450807,0.043169,0.000000,0.392800,0.000000,50.000000,0.000000,53.376709,0.500000,1,10,10,144.036399
14.911351,1763940229.888330,1763940205,0.450807,0.043941,0.000000,0.388185,0.000000,50.000000,0.000000,51.999246,0.500000,1,10,10,143.027134
14.913334,1763940229.890291,1763940205,0.450807,0.044736,0.000000,0.392623,0.000000,50.000000,-0.344366,51.999246,0.500000,1,10,10,142.006307
14.915340,1763940229.892304,1763940205,0.450807,0.045553,0.000000,0.404410,0.000000,50.000000,0.000000,51.999246,0.500000,1,10,10,140.954856
14.917336,1763940229.894281,1763940205,0.450807,0.046772,0.000000,0.406853,0.000000,50.000000,0.344366,52.687977,0.500000,1,10,10,139.883020
14.919314,1763940229.896232,1763940205,0.450807,0.047173,0.000000,0.403848,0.000000,50.000000,0.000000,52.687977,0.500000,1,10,10,138.819124
14.921321,1763940229.898245,1763940205,0.450807,0.047979,0.000000,0.402499,0.000000,50.000000,-0.344366,51.310514,0.500000,1,10,10,137.786480
14.923310,1763940229.900251,1763940205,0.450807,0.048801,0.000000,0.407375,0.000000,50.000000,0.000000,52.687977,0.500000,1,10,10,136.713291
14.925323,1763940229.902243,1763940205,0.450811,0.050031,0.000446,0.409793,0.000000,50.000000,0.000000,51.999246,0.500000,1,10,10,135.647846
14.927327,1763940229.904243,1763940205,0.450811,0.050440,0.000907,0.410182,0.000000,50.000000,0.344366,51.654880,0.500000,1,10,10,134.588424
14.929322,1763940229.906241,1763940205,0.450811,0.051272,0.000946,0.412919,0.000000,50.000000,0.000000,52.687977,0.500000,1,10,10,133.500628
14.931314,1763940229.908230,1763940205,0.450807,0.052113,-0.000901,0.418647,0.000000,50.000000,0.000000,52.687977,0.500000,1,10,10,132.397743
14.933316,1763940229.910232,1763940205,0.450807,0.052945,-0.000074,0.418630,0.000000,50.000000,0.000000,51.654880,0.500000,1,10,10,131.316528
14.935313,1763940229.912226,1763940205,0.450807,0.054194,-0.000000,0.415848,0.000000,50.000000,0.000000,51.999246,0.500000,1,10,10,130.235338
14.937310,1763940229.914216,1763940205,0.450807,0.054615,0.000000,0.417568,0.000000,50.000000,0.000000,51.654880,0.500000,1,10,10,129.156867
14.939309,1763940229.916214,1763940205,0.450807,0.055451,0.000000,0.419437,0.000000,50.000000,0.000000,52.343612,0.500000,1,10,10,128.059123
14.941329,1763940229.918254,1763940205,0.450807,0.056303,0.000000,0.421997,0.000000,50.000000,0.000000,51.654880,0.500000,1,10,10,126.969213
14.943325,1763940229.920250,1763940205,0.450807,0.057150,0.000000,0.425151,0.000000,50.000000,0.000000,52.687977,0.500000,1,10,10,125.849195
14.945313,1763940229.922229,1763940205,0.450807,0.057998,0.000000,0.424653,0.000000,50.000000,0.000000,51.999246,0.500000,1,10,10,124.745112
14.947315,1763940229.924231,1763940205,0.450807,0.058850,0.000000,0.424544,0.000000,50.000000,-0.344366,50.966148,0.500000,1,10,10,123.663219
14.949317,1763940229.926233,1763940205,0.450807,0.059705,0.000000,0.426314,0.000000,50.000000,0.000000,52.343612,0.500000,1,10,10,122.547477
14.951321,1763940229.928244,1763940205,0.450807,0.060568,0.000000,0.429737,0.000000,50.000000,0.000000,51.999246,0.500000,1,10,10,121.430177
14.953335,1763940229.930258,1763940205,0.450807,0.061859,0.000000,0.431380,0.000000,50.000000,0.000000,51.999246,0.500000,1,10,10,120.308604
14.955313,1763940229.932222,1763940205,0.450807,0.062294,0.000000,0.432234,0.000000,50.000000,0.000000,51.999246,0.500000,1,10,10,119.184811
14.957333,1763940229.934267,1763940205,0.450807,0.063169,0.000000,0.434786,0.000000,50.000000,0.000000,50.277416,0.500000,1,10,10,118.091815
14.959327,1763940229.936266,1763940205,0.450807,0.064054,0.000000,0.439773,0.000000,50.000000,0.000000,51.310514,0.500000,1,10,10,116.963567
14.961314,1763940229.938229,1763940205,0.450807,0.064940,0.000000,0.442749,0.000000,50.000000,0.000000,51.654880,0.500000,1,10,10,115.820060
14.963321,1763940229.940242,1763940205,0.450807,0.066280,0.000000,0.446808,0.000000,50.000000,0.000000,51.999246,0.500000,1,10,10,114.658376
14.965318,1763940229.942235,1763940205,0.450807,0.066730,0.000000,0.449029,0.000000,50.000000,0.000000,51.654880,0.500000,1,10,10,113.498648
14.967332,1763940229.944270,1763940205,0.450807,0.067646,0.000000,0.454913,0.000000,50.000000,0.000000,51.654880,0.500000,1,10,10,112.323725
14.969335,1763940229.946274,1763940205,0.450807,0.068559,0.000000,0.457577,0.000000,50.000000,0.000000,51.999246,0.500000,1,10,10,111.134042
14.971326,1763940229.948256,1763940205,0.450807,0.069020,0.000000,0.457959,0.000000,50.000000,0.000000,51.310514,0.500000,1,10,10,109.959137
14.973335,1763940229.950276,1763940205,0.450807,0.070413,0.000000,0.463598,0.000000,50.000000,0.000000,51.654880,0.500000,1,10,10,108.761781
14.975333,1763940229.952271,1763940205,0.450807,0.071360,0.000000,0.468971,0.000000,50.000000,0.000000,51.310514,0.500000,1,10,10,107.558624
14.977332,1763940229.954268,1763940205,0.450807,0.072310,0.000000,0.474817,0.000000,50.000000,0.000000,52.343612,0.500000,1,10,10,106.315941
14.979342,1763940229.956271,1763940205,0.450807,0.073267,0.000020,0.478115,0.000000,50.000000,0.000000,51.310514,0.500000,1,10,10,105.089324
14.981321,1763940229.958276,1763940205,0.450807,0.074713,-0.000872,0.480949,0.000000,50.000000,0.000000,51.310514,0.500000,1,10,10,103.855434
14.983330,1763940229.960265,1763940205,0.450807,0.075205,-0.000259,0.484524,0.000000,50.000000,0.000000,51.310514,0.500000,1,10,10,102.612375
14.985325,1763940229.962253,1763940205,0.450807,0.076189,-0.000002,0.490209,0.000000,50.000000,-0.344366,50.966148,0.500000,1,10,10,101.363142
14.987331,1763940229.964258,1763940205,0.450807,0.077173,0.000000,0.492340,0.000000,50.000000,0.000000,51.310514,0.500000,1,10,10,100.100032
14.989314,1763940229.966220,1763940205,0.450807,0.078165,0.000000,0.493969,0.000000,50.000000,0.000000,51.310514,0.500000,1,10,10,98.832742
14.991328,1763940229.968253,1763940205,0.450807,0.079672,0.000000,0.501153,0.000000,50.000000,0.000000,50.966148,0.500000,1,10,10,97.555651
14.993320,1763940229.970237,1763940205,0.450807,0.080179,0.000000,0.504598,0.000000,50.000000,0.000000,50.966148,0.500000,1,10,10,96.269779
14.995319,1763940229.972231,1763940205,0.450807,0.081193,0.000000,0.506988,0.000000,50.000000,0.000000,50.966148,0.500000,1,10,10,94.977818
14.997322,1763940229.974240,1763940205,0.450807,0.082215,0.000000,0.508751,0.000000,50.000000,0.344366,49.933050,0.500000,1,10,10,93.707613
14.999318,1763940229.976231,1763940205,0.450807,0.083229,0.000000,0.509106,0.000000,50.000000,0.000000,50.966148,0.500000,1,10,10,92.410255
15.001316,1763940229.978225,1763940205,0.450807,0.084263,0.000000,0.512375,0.000000,50.000000,-0.344366,49.588685,0.500000,1,10,10,91.139824
15.003335,1763940229.980270,1763940205,0.450807,0.085304,0.000000,0.518106,0.000000,50.000000,0.000000,51.654880,0.500000,1,10,10,89.801689
15.005339,1763940229.982261,1763940205,0.450807,0.086341,0.000000,0.519556,0.000000,50.000000,0.000000,50.277416,0.500000,1,10,10,88.495593
15.007330,1763940229.984251,1763940205,0.450807,0.087367,0.000000,0.516006,0.000000,50.000000,0.000000,50.966148,0.500000,1,10,10,87.180652
15.009329,1763940229.986249,1763940205,0.450807,0.088400,0.000000,0.514843,0.000000,50.000000,0.000000,50.966148,0.500000,1,10,10,85.868674
15.011335,1763940229.988263,1763940205,0.450807,0.089441,0.000000,0.518769,0.000000,50.000000,0.000000,50.277416,0.500000,1,10,10,84.564556
15.013329,1763940229.990263,1763940205,0.450807,0.090493,0.000000,0.524161,0.000000,50.000000,0.000000,49.933050,0.500000,1,10,10,83.255908
15.015326,1763940229.992250,1763940205,0.450807,0.091545,0.000000,0.526397,0.000000,50.000000,0.000000,50.966148,0.500000,1,10,10,81.914487
15.017330,1763940229.994259,1763940205,0.450807,0.092586,0.000000,0.523045,0.000000,50.000000,0.000000,50.966148,0.500000,1,10,10,80.581607
15.019331,1763940229.996258,1763940205,0.450807,0.094146,0.000000,0.519415,0.000000,50.000000,0.000000,50.621782,0.500000,1,10,10,79.266922
15.021322,1763940229.998239,1763940205,0.450807,0.094668,0.000000,0.520744,0.000000,50.000000,0.000000,50.277416,0.500000,1,10,10,77.957839
15.023325,1763940230.000245,1763940205,0.450807,0.095720,0.000000,0.524120,0.000000,50.000000,0.000000,50.966148,0.500000,1,10,10,76.622220
15.025325,1763940230.002242,1763940205,0.450807,0.096776,0.000000,0.526521,0.000000,50.000000,0.000000,50.277416,0.500000,1,10,10,75.298614
15.027321,1763940230.004230,1763940205,0.450807,0.097825,0.000000,0.526495,0.000000,50.000000,0.000000,50.621782,0.500000,1,10,10,73.966009
15.029325,1763940230.006233,1763940205,0.450807,0.099399,0.000000,0.524682,0.000000,50.000000,0.344366,50.966148,0.500000,1,10,10,72.628927
15.031337,1763940230.008254,1763940205,0.450807,0.099929,0.000000,0.527071,0.000000,50.000000,0.000000,50.966148,0.500000,1,10,10,71.285788
15.033349,1763940230.010298,1763940205,0.450807,0.100993,0.000000,0.530262,0.000000,50.000000,0.344366,50.277416,0.500000,1,10,10,69.952746
15.035332,1763940230.012261,1763940205,0.450807,0.102053,0.000000,0.530168,0.000000,50.000000,0.000000,50.966148,0.500000,1,10,10,68.601715
15.037325,1763940230.014242,1763940205,0.450807,0.103112,0.000000,0.529909,0.000000,50.000000,0.000000,50.277416,0.500000,1,10,10,67.269593
15.039324,1763940230.016238,1763940205,0.450807,0.104176,0.000000,0.531496,0.000000,50.000000,0.000000,50.621782,0.500000,1,10,10,65.924330
15.041330,1763940230.018253,1763940205,0.450807,0.105255,0.000000,0.536470,0.000000,50.000000,0.000000,49.933050,0.500000,1,10,10,64.584951
15.043323,1763940230.020234,1763940205,0.450807,0.106341,0.000000,0.541457,0.000000,50.000000,0.000000,50.621782,0.500000,1,10,10,63.214476
15.045322,1763940230.022231,1763940205,0.450807,0.107424,0.000000,0.542234,0.000000,50.000000,0.000000,50.277416,0.500000,1,10,10,61.851370
15.047334,1763940230.024252,1763940205,0.450807,0.108510,0.000000,0.542214,0.000000,50.000000,0.000000,50.277416,0.500000,1,10,10,60.488315
15.049330,1763940230.026244,1763940205,0.450807,0.109608,0.000000,0.546275,0.000000,50.000000,0.000000,50.277416,0.500000,1,10,10,59.115051
15.051329,1763940230.028243,1763940205,0.450807,0.110709,0.000000,0.550350,0.000000,50.000000,0.344366,50.966148,0.500000,1,10,10,57.712557
15.053330,1763940230.030244,1763940205,0.450807,0.111822,0.000137,0.554745,0.000000,50.000000,0.000000,50.621782,0.500000,1,10,10,56.308447
15.055358,1763940230.032318,1763940205,0.450807,0.113502,-0.000445,0.559632,0.000000,50.000000,0.000000,49.588685,0.500000,1,10,10,54.920875
15.057367,1763940230.034322,1763940205,0.450807,0.114066,-0.000907,0.561698,0.000000,50.000000,0.000000,50.277416,0.500000,1,10,10,53.508837
15.059342,1763940230.036285,1763940205,0.450807,0.115202,-0.000011,0.565128,0.000000,50.000000,0.344366,48.899953,0.500000,1,10,10,52.127066
15.061330,1763940230.038254,1763940205,0.450811,0.116334,0.000682,0.567207,0.000000,50.000000,0.000000,50.277416,0.500000,1,10,10,50.701180
15.063332,1763940230.040257,1763940205,0.450811,0.117480,0.000946,0.570724,0.000000,50.000000,0.000000,49.933050,0.500000,1,10,10,49.276278
15.065334,1763940230.042260,1763940205,0.450811,0.118642,0.000264,0.576859,0.000000,50.000000,0.000000,50.277416,0.500000,1,10,10,47.826130
15.067330,1763940230.044250,1763940205,0.450811,0.119804,0.000001,0.580831,0.000000,50.000000,0.000000,49.933050,0.500000,1,10,10,46.375996
15.069326,1763940230.046239,1763940205,0.450807,0.120970,-0.000940,0.582357,0.000000,50.000000,0.000000,49.244319,0.500000,1,10,10,44.942105
15.071333,1763940230.048247,1763940205,0.450807,0.122144,-0.000946,0.585485,0.000000,50.000000,0.000000,48.899953,0.500000,1,10,10,43.510595
15.073327,1763940230.050236,1763940205,0.450807,0.123325,-0.000000,0.589601,0.000000,50.000000,0.000000,50.277416,0.500000,1,10,10,42.028414
15.075340,1763940230.052272,1763940205,0.450807,0.124513,0.000000,0.591494,0.000000,50.000000,0.000000,49.588685,0.500000,1,10,10,40.561842
15.077332,1763940230.054253,1763940205,0.450807,0.125690,0.000000,0.591651,0.000000,50.000000,0.000000,48.899953,0.500000,1,10,10,39.115258
15.079341,1763940230.056267,1763940205,0.450807,0.126879,0.000000,0.592744,0.000000,50.000000,0.000000,50.277416,0.500000,1,10,10,37.625175
15.081328,1763940230.058241,1763940205,0.450807,0.128082,0.000000,0.598229,0.000000,50.000000,0.000000,48.555587,0.500000,1,10,10,36.172807
15.083335,1763940230.060246,1763940205,0.450807,0.129286,0.000000,0.602093,0.000000,50.000000,0.000000,49.933050,0.500000,1,10,10,34.669591
15.085327,1763940230.062236,1763940205,0.450807,0.130493,0.000000,0.602065,0.000000,50.000000,0.000000,49.933050,0.500000,1,10,10,33.166443
15.087332,1763940230.064245,1763940205,0.450807,0.131693,0.000000,0.601874,0.000000,50.000000,0.000000,49.588685,0.500000,1,10,10,31.674136
15.089339,1763940230.066263,1763940205,0.450807,0.132901,0.000000,0.602505,0.000000,50.000000,0.344366,49.244319,0.500000,1,10,10,30.190602
15.091324,1763940230.068231,1763940205,0.450807,0.134112,0.000000,0.605011,0.000000,50.000000,0.000000,49.933050,0.500000,1,10,10,28.680098
15.093323,1763940230.070227,1763940205,0.450807,0.135327,0.000000,0.607212,0.000000,50.000000,0.000000,49.588685,0.500000,1,10,10,27.174557
15.095326,1763940230.072233,1763940205,0.450807,0.136546,0.000000,0.607859,0.000000,50.000000,0.344366,49.588685,0.500000,1,10,10,25.667373
15.097327,1763940230.074236,1763940205,0.450807,0.137757,0.000000,0.607267,0.000000,50.000000,0.344366,48.899953,0.500000,1,10,10,24.182570
15.099331,1763940230.076241,1763940205,0.450807,0.138976,0.000000,0.608011,0.000000,50.000000,0.344366,48.211221,0.500000,1,10,10,22.716884
15.101331,1763940230.078247,1763940205,0.450807,0.140202,0.000000,0.611093,0.000000,50.000000,0.000000,48.899953,0.500000,1,10,10,21.222763
15.103346,1763940230.080277,1763940205,0.450807,0.141428,0.000000,0.612615,0.000000,50.000000,0.000000,49.244319,0.500000,1,10,10,19.714372
15.105336,1763940230.082257,1763940205,0.450807,0.142651,0.000000,0.612560,0.000000,50.000000,0.000000,48.899953,0.500000,1,10,10,18.216665
15.107329,1763940230.084241,1763940205,0.450807,0.143874,0.000000,0.612114,0.000000,50.000000,0.000000,49.244319,0.500000,1,10,10,16.709507
15.109335,1763940230.086243,1763940205,0.450807,0.145104,0.000000,0.612847,0.000000,50.000000,0.000000,48.899953,0.500000,1,10,10,15.211099
15.111329,1763940230.088240,1763940205,0.450807,0.146338,0.000000,0.615554,0.000000,50.000000,0.000000,48.555587,0.500000,1,10,10,13.716668
15.113327,1763940230.090233,1763940205,0.450807,0.147575,0.000000,0.617812,0.000000,50.000000,0.344366,48.899953,0.500000,1,10,10,12.206082
15.115328,1763940230.092240,1763940205,0.450807,0.148813,0.000000,0.619516,0.000000,50.000000,0.000000,48.899953,0.500000,1,10,10,10.691367
15.117328,1763940230.094237,1763940205,0.450807,0.150051,0.000000,0.618860,0.000000,50.000000,0.000000,49.244319,0.500000,1,10,10,9.167600
15.119348,1763940230.096281,1763940205,0.450807,0.151292,0.000000,0.619781,0.000000,50.000000,0.000000,48.555587,0.500000,1,10,10,7.662907
15.121331,1763940230.098245,1763940205,0.450807,0.151913,0.000000,0.620673,0.000000,50.000000,0.344366,48.555587,0.500000,1,10,10,6.156012
15.123331,1763940230.100286,1763940205,0.450807,0.153779,0.000000,0.622145,0.000000,50.000000,-0.344366,49.244319,0.500000,1,10,10,4.624120
15.125342,1763940230.102266,1763940205,0.450807,0.155032,0.000000,0.624349,0.000000,50.000000,0.000000,48.899953,0.500000,1,10,10,3.097589
15.127349,1763940230.104284,1763940205,0.450807,0.156285,0.000000,0.627017,0.000000,50.000000,0.000000,50.277416,0.500000,1,10,10,0.000000
15.129348,1763940230.106282,1763940205,0.450807,0.157545,0.000000,0.628707,0.000000,50.000000,0.000000,48.899953,0.500000,1,10,10,0.000000
15.131342,1763940230.108270,1763940205,0.450807,0.158802,0.000000,0.628891,0.000000,50.000000,0.000000,49.933050,0.500000,1,10,10,0.000000
15.133332,1763940230.110247,1763940205,0.450807,0.160062,0.000000,0.629465,0.000000,50.000000,0.344366,48.555587,0.500000,1,10,10,3.114200
15.135342,1763940230.112256,1763940205,0.450807,0.161966,0.000000,0.634703,0.000000,50.000000,0.000000,48.899953,0.500000,1,10,10,4.666049
15.137348,1763940230.114280,1763940205,0.450807,0.162602,0.000000,0.634924,0.000000,50.000000,0.000000,49.244319,0.500000,1,10,10,6.229368
15.139337,1763940230.116257,1763940205,0.450807,0.163874,0.000000,0.635067,0.000000,50.000000,0.000000,48.899953,0.500000,1,10,10,7.782105
15.141352,1763940230.118288,1763940205,0.450807,0.165138,0.000000,0.635135,0.000000,50.000000,0.000000,49.244319,0.500000,1,10,10,9.345945
15.143340,1763940230.120265,1763940205,0.450807,0.167072,0.000000,0.643807,0.000000,50.000000,0.000000,48.899953,0.500000,1,10,10,10.920051
15.145335,1763940230.122255,1763940205,0.450807,0.167727,0.000000,0.646673,0.000000,50.000000,0.000000,49.244319,0.500000,1,10,10,12.512300
15.147333,1763940230.124246,1763940205,0.450807,0.169021,0.000000,0.648376,0.000000,50.000000,-0.344366,49.588685,0.500000,1,10,10,14.119946
15.149341,1763940230.126264,1763940205,0.450807,0.170316,0.000000,0.647347,0.000000,50.000000,0.000000,48.211221,0.500000,1,10,10,15.680415
15.151346,1763940230.128273,1763940205,0.450807,0.171610,0.000000,0.647657,0.000000,50.000000,-0.344366,47.866855,0.500000,1,10,10,17.230520
15.153352,1763940230.130287,1763940205,0.450807,0.172916,0.000000,0.651094,0.000000,50.000000,0.000000,48.211221,0.500000,1,10,10,18.800021
15.155340,1763940230.132263,1763940205,0.450807,0.174230,0.000000,0.655400,0.000000,50.000000,0.000000,48.211221,0.500000,1,10,10,20.379902
15.157336,1763940230.134253,1763940205,0.450807,0.175554,0.000000,0.659548,0.000000,50.000000,0.344366,49.244319,0.500000,1,10,10,22.003891
15.159337,1763940230.136253,1763940205,0.450807,0.177538,0.000000,0.661671,0.000000,50.000000,0.000000,48.555587,0.500000,1,10,10,23.610283
15.161350,1763940230.138272,1763940205,0.450807,0.178200,0.000000,0.661902,0.000000,50.000000,0.000000,48.211221,0.500000,1,10,10,25.205838
15.163341,1763940230.140259,1763940205,0.450807,0.179533,0.000000,0.664986,0.000000,50.000000,0.000000,48.211221,0.500000,1,10,10,26.808828
15.165353,1763940230.142289,1763940205,0.450811,0.180876,0.000446,0.669928,0.000000,50.000000,0.000000,47.866855,0.500000,1,10,10,28.412197
15.167338,1763940230.144258,1763940205,0.450811,0.182231,0.000943,0.675123,0.000000,50.000000,0.000000,48.211221,0.500000,1,10,10,30.039623
15.169335,1763940230.146248,1763940205,0.450807,0.183583,0.000073,0.676052,0.000000,50.000000,-0.344366,48.555587,0.500000,1,10,10,31.680970
15.171338,1763940230.148254,1763940205,0.450807,0.184941,-0.000907,0.677447,0.000000,50.000000,0.344366,47.178124,0.500000,1,10,10,33.279047
15.173337,1763940230.150254,1763940205,0.450807,0.186296,-0.000006,0.678886,0.000000,50.000000,0.000000,48.899953,0.500000,1,10,10,34.938923
15.175335,1763940230.152243,1763940205,0.450807,0.188348,0.000000,0.682750,0.000000,50.000000,-0.344366,48.555587,0.500000,1,10,10,36.596530
15.177342,1763940230.154263,1763940205,0.450807,0.189033,0.000000,0.684720,0.000000,50.000000,0.000000,48.211221,0.500000,1,10,10,38.247090
15.179367,1763940230.156312,1763940205,0.450807,0.190411,0.000000,0.687380,0.000000,50.000000,0.000000,48.899953,0.500000,1,10,10,39.927733
15.181341,1763940230.158267,1763940205,0.450807,0.191785,0.000000,0.687182,0.000000,50.000000,0.344366,47.866855,0.500000,1,10,10,41.572438
15.183338,1763940230.160252,1763940205,0.450807,0.193155,0.000000,0.686373,0.000000,50.000000,0.000000,48.211221,0.500000,1,10,10,43.226981
15.185344,1763940230.162265,1763940205,0.450807,0.195229,0.000000,0.689859,0.000000,50.000000,0.000000,47.522489,0.500000,1,10,10,44.866172
15.187349,1763940230.164266,1763940205,0.450807,0.195914,0.000000,0.690274,0.000000,50.000000,0.000000,47.522489,0.500000,1,10,10,46.506349
15.189356,1763940230.166298,1763940205,0.450807,0.197296,0.000000,0.690279,0.000000,50.000000,0.000000,48.555587,0.500000,1,10,10,48.182195
15.191353,1763940230.168289,1763940205,0.450807,0.198677,0.000000,0.690670,0.000000,50.000000,0.000000,48.211221,0.500000,1,10,10,49.847096
15.193358,1763940230.170294,1763940205,0.450807,0.200748,0.000000,0.689547,0.000000,50.000000,0.000000,48.899953,0.500000,1,10,10,51.533037
15.195339,1763940230.172254,1763940205,0.450807,0.201433,0.000000,0.688316,0.000000,50.000000,0.000000,48.555587,0.500000,1,10,10,53.204116
15.197339,1763940230.174255,1763940205,0.450807,0.202803,0.000000,0.685268,0.000000,50.000000,0.000000,49.244319,0.500000,1,10,10,54.891394
15.199341,1763940230.176257,1763940205,0.450807,0.204188,0.000000,0.688675,0.000000,50.000000,0.000000,47.522489,0.500000,1,10,10,56.527772
15.201341,1763940230.178258,1763940205,0.450807,0.205577,0.000000,0.693839,0.000000,50.000000,0.000000,48.555587,0.500000,1,10,10,58.212259
15.203357,1763940230.180297,1763940205,0.450807,0.206963,0.000000,0.693992,0.000000,50.000000,0.000000,49.244319,0.500000,1,10,10,59.921016
15.205350,1763940230.182263,1763940205,0.450807,0.208337,0.000000,0.689387,0.000000,0.000000,0.000000,47.866855,0.500000,1,10,10,61.570955
22.238407,1763940237.215471,1763940205,0.450743,0.001548,0.000000,0.000000,-30.000000,0.000000,0.000000,0.000000,0.500000,1,10,10,263.500000
22.240452,1763940237.217458,1763940205,0.450743,0.001548,0.000000,0.000000,-30.000000,0.000000,0.000000,0.000000,0.500000,1,10,10,263.500000
22.242453,1763940237.219458,1763940205,0.450735,0.001548,-0.002380,0.000000,-30.000000,0.000000,-27.549269,0.000000,0.500000,1,10,10,263.496722
22.244462,1763940237.221467,1763940205,0.450626,0.001548,-0.029345,0.000000,-30.000000,0.000000,-27.893635,0.000000,0.500000,1,10,10,263.455794
22.246446,1763940237.223441,1763940205,0.450520,0.001548,-0.048157,0.000000,-30.000000,0.000000,-28.582367,0.000000,0.500000,1,10,10,263.386973
22.248462,1763940237.225490,1763940205,0.450224,0.001548,-0.117298,0.000000,-30.000000,0.000000,-27.549269,0.000000,0.500000,1,10,10,263.225398
22.250478,1763940237.227578,1763940205,0.450039,0.001548,-0.145954,-0.000446,-30.000000,0.000000,-27.549269,0.000000,0.500000,1,10,10,263.024351
22.252496,1763940237.229615,1763940205,0.449600,0.001544,-0.154757,-0.000946,-30.000000,0.000000,-34.436587,0.000000,0.500000,1,10,10,262.757881
22.254464,1763940237.231475,1763940205,0.449604,0.001544,-0.060111,0.000643,-30.000000,0.000000,-35.125318,0.000000,0.500000,1,10,10,262.652303
22.256395,1763940237.233306,1763940205,0.449452,0.001548,-0.035579,0.000944,-30.000000,0.000000,-35.125318,0.000000,0.500000,1,10,10,262.589796
22.258390,1763940237.235296,1763940205,0.449361,0.001544,-0.059553,-0.000306,-30.000000,0.000000,-35.469684,0.000000,0.500000,1,10,10,262.484179
22.260392,1763940237.237301,1763940205,0.449149,0.001541,-0.091325,-0.001880,-30.000000,0.000000,-37.535879,0.000000,0.500000,1,10,10,262.312743
22.262407,1763940237.239324,1763940205,0.448964,0.001541,-0.099069,-0.001020,-30.000000,0.000000,-37.191513,0.000000,0.500000,1,10,10,262.128508
22.264399,1763940237.241312,1763940205,0.448729,0.001541,-0.079256,-0.000021,-30.000000,0.000000,-35.469684,0.000000,0.500000,1,10,10,261.987949
22.266401,1763940237.243315,1763940205,0.448597,0.001544,-0.091629,0.000935,-30.000000,0.000000,-35.814050,0.000000,0.500000,1,10,10,261.823859
22.268473,1763940237.245505,1763940205,0.448279,0.001544,-0.131005,0.000946,-30.000000,0.000000,-37.535879,0.000000,0.500000,1,10,10,261.577984
22.270419,1763940237.247383,1763940205,0.447995,0.001544,-0.150293,-0.000676,-30.000000,0.000000,-36.502782,0.000000,0.500000,1,10,10,261.303674
22.272413,1763940237.249361,1763940205,0.447734,0.001541,-0.136830,-0.000945,-30.000000,0.000000,-35.814050,0.000000,0.500000,1,10,10,261.058646
22.274420,1763940237.251373,1763940205,0.447264,0.001541,-0.150526,-0.000265,-30.000000,0.000000,-35.814050,0.000000,0.500000,1,10,10,260.789100
22.276412,1763940237.253358,1763940205,0.446950,0.001544,-0.158794,0.000871,-30.000000,0.000000,-35.814050,0.000000,0.500000,1,10,10,260.504743
22.278409,1763940237.255348,1763940205,0.446799,0.001544,-0.157024,0.000945,-30.000000,0.000000,-36.158416,0.000000,0.500000,1,10,10,260.220850
22.280412,1763940237.257355,1763940205,0.446488,0.001541,-0.154599,-0.000801,-30.000000,0.000000,-35.125318,0.000000,0.500000,1,10,10,259.949329
22.282407,1763940237.259338,1763940205,0.446148,0.001544,-0.162757,0.000372,-30.000000,0.000000,-35.469684,0.000000,0.500000,1,10,10,259.660681
22.284412,1763940237.261354,1763940205,0.445591,0.001544,-0.182775,0.000943,-30.000000,0.000000,-35.469684,0.000000,0.500000,1,10,10,259.336527
22.286433,1763940237.263393,1763940205,0.445198,0.001544,-0.191261,0.000006,-30.000000,0.000000,-35.469684,0.000000,0.500000,1,10,10,258.997329
22.288468,1763940237.265410,1763940205,0.444990,0.001544,-0.196957,0.000001,-30.000000,0.000000,-35.125318,0.000000,0.500000,1,10,10,258.651420
22.290394,1763940237.267295,1763940205,0.444539,0.001544,-0.214406,0.000000,-30.000000,0.000000,-35.125318,-0.344366,0.500000,1,10,10,258.274848
22.292398,1763940237.269305,1763940205,0.443881,0.001544,-0.221130,0.000446,-30.000000,0.000000,-35.814050,-0.344366,0.500000,1,10,10,257.878851
22.294393,1763940237.271292,1763940205,0.443483,0.001548,-0.206894,0.000940,-30.000000,0.000000,-35.125318,0.000000,0.500000,1,10,10,257.515488
22.296411,1763940237.273332,1763940205,0.443275,0.001548,-0.203782,0.000265,-30.000000,0.000000,-34.436587,0.000000,0.500000,1,10,10,257.164610
22.298449,1763940237.275441,1763940205,0.442821,0.001544,-0.215711,-0.000943,-30.000000,0.000000,-34.780952,0.000000,0.500000,1,10,10,256.789474
22.300415,1763940237.277362,1763940205,0.442325,0.001544,-0.237431,-0.000265,-30.000000,0.000000,-34.780952,0.000000,0.500000,1,10,10,256.376569
22.302417,1763940237.279365,1763940205,0.441587,0.001544,-0.246640,-0.000002,-30.000000,0.000000,-35.814050,-0.344366,0.500000,1,10,10,255.934890
22.304414,1763940237.281354,1763940205,0.441341,0.001544,-0.246076,0.000000,-30.000000,0.000000,-34.092221,0.000000,0.500000,1,10,10,255.515426
22.306412,1763940237.283347,1763940205,0.440800,0.001544,-0.257562,0.000446,-30.000000,0.000000,-33.747855,0.000000,0.500000,1,10,10,255.080817
22.308413,1763940237.285349,1763940205,0.440205,0.001548,-0.283271,0.000943,-30.000000,0.000000,-34.092221,0.000000,0.500000,1,10,10,254.597947
22.310411,1763940237.287343,1763940205,0.439630,0.001548,-0.292304,0.000946,-30.000000,0.000000,-34.092221,0.000000,0.500000,1,10,10,254.099681
22.312408,1763940237.289336,1763940205,0.438835,0.001548,-0.269179,0.000006,-30.000000,0.000000,-33.403489,0.000000,0.500000,1,10,10,253.650105
22.314444,1763940237.291368,1763940205,0.438260,0.001548,-0.275856,0.000000,-30.000000,0.000000,-33.059123,0.000000,0.500000,1,10,10,253.194127
22.316407,1763940237.293331,1763940205,0.437953,0.001548,-0.286672,0.000000,-30.000000,0.000000,-33.747855,0.000000,0.500000,1,10,10,252.710398
22.318406,1763940237.295319,1763940205,0.437344,0.001548,-0.301405,-0.000446,-30.000000,0.000000,-34.092221,0.000000,0.500000,1,10,10,252.196620
22.320417,1763940237.297339,1763940205,0.436750,0.001544,-0.301261,-0.000943,-30.000000,0.000000,-33.747855,0.000000,0.500000,1,10,10,251.688272
22.322410,1763940237.299325,1763940205,0.435773,0.001544,-0.318477,0.000181,-30.000000,0.000000,-33.747855,-0.344366,0.500000,1,10,10,251.150848
22.324412,1763940237.301346,1763940205,0.435073,0.001548,-0.340755,0.000944,-30.000000,0.000000,-34.436587,0.000000,0.500000,1,10,10,250.564125
22.326408,1763940237.303329,1763940205,0.434407,0.001552,-0.341540,0.001075,-30.000000,0.000000,-32.714757,0.000000,0.500000,1,10,10,250.005452
22.328414,1763940237.305341,1763940205,0.434077,0.001548,-0.336173,0.000021,-30.000000,0.000000,-33.747855,-0.344366,0.500000,1,10,10,249.438166
22.330408,1763940237.307326,1763940205,0.433404,0.001548,-0.333118,-0.001607,-30.000000,0.000000,-32.370391,0.000000,0.500000,1,10,10,248.899001
22.332403,1763940237.309315,1763940205,0.432726,0.001544,-0.337427,-0.000966,-30.000000,0.000000,-32.714757,0.000000,0.500000,1,10,10,248.347057
22.334406,1763940237.311320,1763940205,0.431685,0.001548,-0.345217,0.000785,-30.000000,0.000000,-33.403489,0.000000,0.500000,1,10,10,247.770483
22.336416,1763940237.313339,1763940205,0.431333,0.001544,-0.348370,0.000138,-30.000000,0.000000,-33.403489,-0.344366,0.500000,1,10,10,247.188614
22.338418,1763940237.315339,1763940205,0.430637,0.001544,-0.350087,-0.000925,-30.000000,0.000000,-32.714757,0.000000,0.500000,1,10,10,246.615961
22.340406,1763940237.317307,1763940205,0.429899,0.001544,-0.358277,0.000608,-30.000000,0.000000,-32.370391,0.000000,0.500000,1,10,10,246.036082
22.342415,1763940237.319333,1763940205,0.429111,0.001548,-0.380963,0.000942,-30.000000,0.000000,-32.714757,0.000000,0.500000,1,10,10,245.412923
22.344422,1763940237.321352,1763940205,0.427995,0.001548,-0.378393,-0.000182,-30.000000,0.000000,-32.370391,0.000000,0.500000,1,10,10,244.800487
22.346430,1763940237.323371,1763940205,0.427223,0.001544,-0.377074,-0.000942,-30.000000,0.000000,-32.370391,0.000000,0.500000,1,10,10,244.190183
22.348421,1763940237.325349,1763940205,0.426829,0.001548,-0.382687,0.000767,-30.000000,0.000000,-33.059123,0.000000,0.500000,1,10,10,243.557616
22.350413,1763940237.327328,1763940205,0.426083,0.001544,-0.384092,0.000038,-30.000000,0.000000,-32.714757,0.000000,0.500000,1,10,10,242.929342
22.352406,1763940237.329314,1763940205,0.424929,0.001544,-0.380208,-0.001554,-30.000000,0.000000,-32.026025,0.000000,0.500000,1,10,10,242.320509
22.354415,1763940237.331333,1763940205,0.424531,0.001541,-0.385725,-0.001018,-30.000000,0.000000,-31.681660,0.000000,0.500000,1,10,10,241.709486
22.356411,1763940237.333322,1763940205,0.423748,0.001544,-0.394324,0.000732,-30.000000,0.000000,-32.370391,0.000000,0.500000,1,10,10,241.071263
22.358417,1763940237.335346,1763940205,0.422930,0.001544,-0.399982,0.000945,-30.000000,0.000000,-32.026025,0.000000,0.500000,1,10,10,240.430771
22.360420,1763940237.337342,1763940205,0.421693,0.001544,-0.413288,0.000140,-30.000000,0.000000,-32.026025,0.000000,0.500000,1,10,10,239.768972
22.362418,1763940237.339339,1763940205,0.420864,0.001544,-0.412184,0.000001,-30.000000,0.000000,-32.370391,0.000000,0.500000,1,10,10,239.101845
22.364410,1763940237.341321,1763940205,0.420440,0.001544,-0.415361,0.000000,-30.000000,0.000000,-31.681660,0.000000,0.500000,1,10,10,238.443879
22.366415,1763940237.343321,1763940205,0.419611,0.001544,-0.417746,0.000000,-30.000000,0.000000,-32.026025,0.000000,0.500000,1,10,10,237.774941
22.368419,1763940237.345336,1763940205,0.418789,0.001544,-0.413475,0.000000,-30.000000,0.000000,-32.026025,0.000000,0.500000,1,10,10,237.112844
22.370420,1763940237.347340,1763940205,0.417556,0.001541,-0.411627,-0.000806,-30.000000,0.000000,-32.714757,0.000000,0.500000,1,10,10,236.439529
22.372407,1763940237.349341,1763940205,0.416708,0.001544,-0.415272,-0.000039,-30.000000,0.000000,-31.337294,0.000000,0.500000,1,10,10,235.788854
22.374408,1763940237.351316,1763940205,0.416269,0.001544,-0.423737,0.000871,-30.000000,0.000000,-32.026025,0.000000,0.500000,1,10,10,235.110322
22.376407,1763940237.353312,1763940205,0.415402,0.001544,-0.434346,0.000499,-30.000000,0.000000,-32.370391,0.000000,0.500000,1,10,10,234.407324
22.378417,1763940237.355334,1763940205,0.414520,0.001544,-0.437463,0.000003,-30.000000,0.000000,-32.026025,0.000000,0.500000,1,10,10,233.706814
22.380423,1763940237.357349,1763940205,0.413176,0.001548,-0.445990,0.000907,-30.000000,0.000000,-31.681660,0.000000,0.500000,1,10,10,233.000328
22.382411,1763940237.359321,1763940205,0.412733,0.001548,-0.446609,0.000946,-30.000000,0.000000,-31.681660,-0.344366,0.500000,1,10,10,232.292818
22.384416,1763940237.361334,1763940205,0.411840,0.001544,-0.445611,-0.000887,-30.000000,0.000000,-31.681660,0.000000,0.500000,1,10,10,231.586932
22.386416,1763940237.363334,1763940205,0.410973,0.001544,-0.439915,-0.000946,-30.000000,0.000000,-30.992928,0.000000,0.500000,1,10,10,230.905218
22.388411,1763940237.365321,1763940205,0.409630,0.001544,-0.444082,-0.000021,-30.000000,0.000000,-32.370391,0.000000,0.500000,1,10,10,230.186463
22.390432,1763940237.367383,1763940205,0.408721,0.001544,-0.452171,0.000000,-30.000000,0.000000,-31.337294,0.000000,0.500000,1,10,10,229.477972
22.392433,1763940237.369359,1763940205,0.407798,0.001544,-0.458159,0.000682,-30.000000,0.000000,-30.992928,0.000000,0.500000,1,10,10,228.767987
22.394412,1763940237.371325,1763940205,0.407328,0.001548,-0.462129,0.000944,-30.000000,0.000000,-30.992928,0.000000,0.500000,1,10,10,228.051850
22.396414,1763940237.373330,1763940205,0.406371,0.001548,-0.473100,0.000500,-30.000000,0.000000,-31.337294,0.000000,0.500000,1,10,10,227.310567
22.398417,1763940237.375335,1763940205,0.404902,0.001548,-0.487497,0.000003,-30.000000,0.000000,-32.026025,0.000000,0.500000,1,10,10,226.529938
22.400424,1763940237.377347,1763940205,0.403941,0.001548,-0.484300,0.000000,-30.000000,0.000000,-32.026025,0.000000,0.500000,1,10,10,225.754427
22.402414,1763940237.379328,1763940205,0.403464,0.001548,-0.481240,0.000000,-30.000000,0.000000,-30.648562,0.000000,0.500000,1,10,10,225.016962
22.404422,1763940237.381345,1763940205,0.402506,0.001544,-0.478332,-0.000935,-30.000000,0.000000,-30.304196,0.000000,0.500000,1,10,10,224.292187
22.406415,1763940237.383332,1763940205,0.401530,0.001544,-0.482849,-0.000946,-30.000000,0.000000,-30.992928,0.000000,0.500000,1,10,10,223.543940
22.408414,1763940237.385327,1763940205,0.400061,0.001544,-0.490360,-0.000006,-30.000000,0.000000,-31.337294,-0.344366,0.500000,1,10,10,222.775566
22.410423,1763940237.387346,1763940205,0.399054,0.001544,-0.495990,0.000000,-30.000000,0.000000,-31.337294,0.000000,0.500000,1,10,10,221.998416
22.412413,1763940237.389321,1763940205,0.398543,0.001544,-0.502338,0.000000,-30.000000,0.000000,-31.337294,0.000000,0.500000,1,10,10,221.211321
22.414420,1763940237.391339,1763940205,0.397506,0.001548,-0.513955,0.000872,-30.000000,0.000000,-30.992928,0.000000,0.500000,1,10,10,220.414871
22.416419,1763940237.393337,1763940205,0.395947,0.001548,-0.520164,0.000946,-30.000000,0.000000,-30.992928,0.000000,0.500000,1,10,10,219.608800
22.418445,1763940237.395383,1763940205,0.394898,0.001548,-0.520677,0.000039,-30.000000,0.000000,-30.304196,0.000000,0.500000,1,10,10,218.819865
22.420422,1763940237.397346,1763940205,0.393857,0.001548,-0.521943,0.000000,-30.000000,0.000000,-30.304196,-0.344366,0.500000,1,10,10,218.028960
22.422420,1763940237.399341,1763940205,0.393335,0.001544,-0.522196,-0.000935,-30.000000,0.000000,-31.337294,0.000000,0.500000,1,10,10,217.210748
22.424417,1763940237.401334,1763940205,0.392290,0.001544,-0.522318,-0.000946,-30.000000,0.000000,-30.304196,0.000000,0.500000,1,10,10,216.419326
22.426434,1763940237.403364,1763940205,0.391242,0.001544,-0.523019,0.000425,-30.000000,0.000000,-30.992928,0.000000,0.500000,1,10,10,215.608831
22.428435,1763940237.405373,1763940205,0.389652,0.001544,-0.528940,0.000037,-30.000000,0.000000,-30.648562,0.000000,0.500000,1,10,10,214.798268
22.430423,1763940237.407345,1763940205,0.388566,0.001544,-0.536416,-0.000682,-30.000000,0.000000,-30.304196,0.000000,0.500000,1,10,10,213.985485
22.432417,1763940237.409331,1763940205,0.388017,0.001544,-0.541879,-0.000071,-30.000000,0.000000,-30.304196,1.033098,0.500000,1,10,10,213.163948
22.434421,1763940237.411342,1763940205,0.386919,0.001548,-0.548184,0.000935,-30.000000,0.000000,-29.959830,0.000000,0.500000,1,10,10,212.342772
22.436417,1763940237.413330,1763940205,0.385833,0.001548,-0.545769,0.000946,-30.000000,0.000000,-29.959830,0.000000,0.500000,1,10,10,211.525214
22.438418,1763940237.415334,1763940205,0.384209,0.001548,-0.540883,0.000006,-30.000000,0.000000,-30.304196,0.344366,0.500000,1,10,10,210.705609
22.440440,1763940237.417385,1763940205,0.383146,0.001544,-0.536334,-0.000872,-30.000000,0.000000,-30.648562,0.000000,0.500000,1,10,10,209.883715
22.442433,1763940237.419372,1763940205,0.382616,0.001544,-0.534208,-0.000935,-30.000000,0.000000,-29.959830,0.000000,0.500000,1,10,10,209.083475
22.444447,1763940237.421388,1763940205,0.381548,0.001544,-0.533080,-0.000946,-30.000000,0.000000,-29.959830,-0.344366,0.500000,1,10,10,208.284872
22.446438,1763940237.423373,1763940205,0.380462,0.001544,-0.538337,-0.000006,-30.000000,0.000000,-30.648562,0.000000,0.500000,1,10,10,207.459909
22.448420,1763940237.425337,1763940205,0.378808,0.001544,-0.549663,0.000000,-30.000000,0.000000,-30.648562,0.000000,0.500000,1,10,10,206.617589
22.450418,1763940237.427330,1763940205,0.377691,0.001548,-0.555520,0.000925,-30.000000,0.000000,-29.959830,0.000000,0.500000,1,10,10,205.785424
22.452422,1763940237.429340,1763940205,0.377135,0.001548,-0.557081,0.000946,-30.000000,0.000000,-30.648562,0.000000,0.500000,1,10,10,204.931736
22.454437,1763940237.431378,1763940205,0.376015,0.001548,-0.557842,0.000011,-30.000000,0.000000,-29.615464,0.000000,0.500000,1,10,10,204.105699
22.456431,1763940237.433366,1763940205,0.374349,0.001544,-0.556679,-0.000907,-30.000000,0.000000,-29.615464,-0.344366,0.500000,1,10,10,203.281326
22.458428,1763940237.435358,1763940205,0.373244,0.001544,-0.554183,-0.000265,-30.000000,0.000000,-29.615464,0.000000,0.500000,1,10,10,202.460706
22.460434,1763940237.437369,1763940205,0.372691,0.001548,-0.553590,0.000924,-30.000000,0.000000,-30.648562,0.000000,0.500000,1,10,10,201.612369
22.462455,1763940237.439418,1763940205,0.371578,0.001548,-0.554135,-0.000182,-30.000000,0.000000,-29.615464,0.000000,0.500000,1,10,10,200.791821
22.464427,1763940237.441347,1763940205,0.370458,0.001544,-0.558281,-0.000942,-30.000000,0.000000,-29.615464,0.000000,0.500000,1,10,10,199.965133
22.466425,1763940237.443345,1763940205,0.368743,0.001544,-0.569405,-0.000140,-30.000000,0.000000,-29.959830,0.000000,0.500000,1,10,10,199.112169
22.468422,1763940237.445338,1763940205,0.367581,0.001544,-0.577104,0.000000,-30.000000,0.000000,-29.959830,-0.344366,0.500000,1,10,10,198.247615
22.470438,1763940237.447359,1763940205,0.366999,0.001544,-0.579137,0.000000,-30.000000,0.000000,-30.304196,0.000000,0.500000,1,10,10,197.370101
22.472433,1763940237.449357,1763940205,0.365821,0.001544,-0.585355,0.000682,-30.000000,0.000000,-29.615464,0.000000,0.500000,1,10,10,196.503323
22.474423,1763940237.451338,1763940205,0.364077,0.001548,-0.583789,0.000945,-30.000000,0.000000,-29.959830,0.000000,0.500000,1,10,10,195.628811
22.476443,1763940237.453382,1763940205,0.363494,0.001548,-0.581840,-0.000306,-30.000000,0.000000,-29.271099,0.000000,0.500000,1,10,10,194.777256
22.478422,1763940237.455339,1763940205,0.362332,0.001544,-0.580828,-0.000939,-30.000000,0.000000,-29.615464,0.000000,0.500000,1,10,10,193.917181
22.480424,1763940237.457342,1763940205,0.361162,0.001544,-0.582770,-0.000946,-30.000000,0.000000,-28.926733,0.000000,0.500000,1,10,10,193.074298
22.482430,1763940237.459355,1763940205,0.359383,0.001544,-0.589723,-0.000003,-30.000000,0.000000,-29.959830,0.000000,0.500000,1,10,10,192.190898
22.484422,1763940237.461336,1763940205,0.358183,0.001544,-0.597007,0.000000,-30.000000,0.000000,-29.615464,0.000000,0.500000,1,10,10,191.306867
22.486423,1763940237.463335,1763940205,0.357574,0.001548,-0.601445,0.000872,-30.000000,0.000000,-29.271099,0.000000,0.500000,1,10,10,190.426618
22.488440,1763940237.465367,1763940205,0.356351,0.001548,-0.608345,0.000946,-30.000000,0.000000,-29.615464,0.000000,0.500000,1,10,10,189.525795
22.490426,1763940237.467342,1763940205,0.355121,0.001544,-0.613478,-0.000833,-30.000000,0.000000,-29.271099,0.000000,0.500000,1,10,10,188.627935
22.492423,1763940237.469339,1763940205,0.353289,0.001544,-0.612071,-0.000946,-30.000000,0.000000,-29.959830,0.000000,0.500000,1,10,10,187.711057
22.494426,1763940237.471344,1763940205,0.352687,0.001544,-0.608541,-0.000021,-30.000000,0.000000,-29.615464,0.000000,0.500000,1,10,10,186.809945
22.496433,1763940237.473346,1763940205,0.351484,0.001544,-0.603852,-0.000000,-30.000000,0.000000,-29.959830,0.000000,0.500000,1,10,10,185.905380
22.498422,1763940237.475335,1763940205,0.350280,0.001548,-0.601770,0.000925,-30.000000,0.000000,-29.271099,0.000000,0.500000,1,10,10,185.024656
22.500428,1763940237.477346,1763940205,0.348444,0.001544,-0.608482,0.000006,-30.000000,0.000000,-28.582367,0.000000,0.500000,1,10,10,184.155064
22.502437,1763940237.479361,1763940205,0.347203,0.001544,-0.617855,-0.000072,-30.000000,0.000000,-28.926733,0.000000,0.500000,1,10,10,183.261438
22.504421,1763940237.481329,1763940205,0.346586,0.001544,-0.618708,-0.000011,-30.000000,0.000000,-29.959830,0.000000,0.500000,1,10,10,182.334619
22.506429,1763940237.483349,1763940205,0.345356,0.001548,-0.617262,0.000935,-30.000000,0.000000,-29.271099,0.000000,0.500000,1,10,10,181.431222
22.508426,1763940237.485343,1763940205,0.343509,0.001548,-0.615625,0.000946,-30.000000,0.000000,-29.271099,0.000000,0.500000,1,10,10,180.530219
22.510429,1763940237.487370,1763940205,0.342267,0.001548,-0.617386,0.000021,-30.000000,0.000000,-29.271099,-0.344366,0.500000,1,10,10,179.626578
22.512428,1763940237.489347,1763940205,0.341654,0.001548,-0.617262,-0.000682,-30.000000,0.000000,-28.926733,0.000000,0.500000,1,10,10,178.733810
22.514427,1763940237.491343,1763940205,0.340428,0.001544,-0.615513,-0.000945,-30.000000,0.000000,-28.926733,0.000000,0.500000,1,10,10,177.843570
22.516442,1763940237.493372,1763940205,0.339213,0.001544,-0.610113,-0.000500,-30.000000,0.000000,-29.615464,0.000000,0.500000,1,10,10,176.940131
22.518424,1763940237.495332,1763940205,0.337381,0.001548,-0.609437,0.000932,-30.000000,0.000000,-29.271099,0.000000,0.500000,1,10,10,176.048185
22.520443,1763940237.497377,1763940205,0.336135,0.001548,-0.616710,0.000946,-30.000000,0.000000,-29.271099,0.000000,0.500000,1,10,10,175.145596
22.522439,1763940237.499356,1763940205,0.335507,0.001548,-0.621844,0.000006,-30.000000,0.000000,-28.926733,0.000000,0.500000,1,10,10,174.246200
22.524431,1763940237.501351,1763940205,0.334247,0.001548,-0.627334,0.000000,-30.000000,0.000000,-29.271099,0.000000,0.500000,1,10,10,173.328063
22.526426,1763940237.503342,1763940205,0.332982,0.001548,-0.631066,0.000000,-30.000000,0.000000,-29.271099,0.000000,0.500000,1,10,10,172.404462
22.528427,1763940237.505342,1763940205,0.331109,0.001548,-0.626414,0.000000,-30.000000,0.000000,-28.926733,0.000000,0.500000,1,10,10,171.498458
22.530443,1763940237.507372,1763940205,0.330473,0.001548,-0.627677,0.000000,-30.000000,0.000000,-29.271099,0.000000,0.500000,1,10,10,170.579818
22.532440,1763940237.509367,1763940205,0.329197,0.001548,-0.634393,0.000000,-30.000000,0.000000,-28.926733,0.000000,0.500000,1,10,10,169.662271
22.534440,1763940237.511369,1763940205,0.327933,0.001548,-0.634561,0.000000,-30.000000,0.000000,-28.582367,0.000000,0.500000,1,10,10,168.755408
22.536439,1763940237.513368,1763940205,0.326673,0.001548,-0.631222,0.000000,-30.000000,0.000000,-28.926733,0.000000,0.500000,1,10,10,167.842449
22.538427,1763940237.515342,1763940205,0.324742,0.001548,-0.640813,0.000000,-30.000000,0.000000,-28.238001,0.000000,0.500000,1,10,10,166.937685
22.540426,1763940237.517337,1763940205,0.324087,0.001548,-0.645867,0.000000,-30.000000,0.000000,-28.582367,0.000000,0.500000,1,10,10,166.014664
22.542438,1763940237.519364,1763940205,0.322778,0.001548,-0.653163,0.000000,-30.000000,0.000000,-28.238001,0.000000,0.500000,1,10,10,165.092464
22.544444,1763940237.521373,1763940205,0.321461,0.001544,-0.656508,-0.000262,-30.000000,0.000000,-28.926733,0.000000,0.500000,1,10,10,164.142932
22.546441,1763940237.523368,1763940205,0.319492,0.001548,-0.657307,-0.000362,-30.000000,0.000000,-28.238001,0.000000,0.500000,1,10,10,163.214880
22.548442,1763940237.525363,1763940205,0.318171,0.001548,-0.658243,0.000475,-30.000000,0.000000,-28.582367,0.000000,0.500000,1,10,10,162.274173
22.550440,1763940237.527367,1763940205,0.317513,0.001548,-0.658873,0.000685,-30.000000,0.000000,-28.926733,0.000000,0.500000,1,10,10,161.321221
22.552427,1763940237.529340,1763940205,0.316203,0.001548,-0.657248,0.000010,-30.000000,0.000000,-28.582367,0.000000,0.500000,1,10,10,160.381936
22.554454,1763940237.531403,1763940205,0.314220,0.001548,-0.659680,-0.000682,-30.000000,0.000000,-28.582367,-0.688732,0.500000,1,10,10,159.438901
22.556437,1763940237.533365,1763940205,0.312884,0.001544,-0.664872,-0.000945,-30.000000,0.000000,-28.582367,0.000000,0.500000,1,10,10,158.488719
22.558434,1763940237.535357,1763940205,0.312214,0.001548,-0.666874,0.000425,-30.000000,0.000000,-28.238001,0.000000,0.500000,1,10,10,157.547159
22.560436,1763940237.537360,1763940205,0.310870,0.001544,-0.670727,0.000019,-30.000000,0.000000,-28.582367,0.000000,0.500000,1,10,10,156.588611
22.562431,1763940237.539346,1763940205,0.309534,0.001544,-0.669839,-0.000935,-30.000000,0.000000,-28.238001,0.000000,0.500000,1,10,10,155.642864
22.564429,1763940237.541340,1763940205,0.307539,0.001544,-0.666694,-0.000021,-30.000000,0.000000,-28.926733,-0.344366,0.500000,1,10,10,154.678531
22.566438,1763940237.543354,1763940205,0.306877,0.001544,-0.664257,0.000129,-30.000000,0.000000,-28.582367,-0.344366,0.500000,1,10,10,153.729160
22.568433,1763940237.545345,1763940205,0.305571,0.001544,-0.658693,0.000000,-30.000000,0.000000,-28.926733,0.000000,0.500000,1,10,10,152.776469
22.570431,1763940237.547341,1763940205,0.304254,0.001544,-0.656245,-0.000068,-30.000000,0.000000,-28.926733,0.000000,0.500000,1,10,10,151.827319
22.572436,1763940237.549352,1763940205,0.302259,0.001544,-0.662846,0.000034,-30.000000,0.000000,-28.582367,0.000000,0.500000,1,10,10,150.880034
22.574451,1763940237.551381,1763940205,0.300938,0.001544,-0.662961,0.000000,-30.000000,0.000000,-28.926733,0.000000,0.500000,1,10,10,149.921168
22.576438,1763940237.553363,1763940205,0.300279,0.001544,-0.661748,-0.000018,-30.000000,0.000000,-28.582367,0.000000,0.500000,1,10,10,148.975453
22.578455,1763940237.555403,1763940205,0.298951,0.001544,-0.662058,0.000000,-30.000000,0.000000,-28.582367,0.000000,0.500000,1,10,10,148.029293
22.580447,1763940237.557384,1763940205,0.297615,0.001544,-0.665559,0.000000,-30.000000,0.000000,-28.582367,0.000000,0.500000,1,10,10,147.078130
22.582444,1763940237.559371,1763940205,0.296275,0.001544,-0.668472,0.000000,-30.000000,0.000000,-29.271099,0.000000,0.500000,1,10,10,146.099785
22.584437,1763940237.561354,1763940205,0.294310,0.001548,-0.658731,0.000940,-30.000000,0.000000,-27.893635,0.000000,0.500000,1,10,10,145.181063
22.586443,1763940237.563366,1763940205,0.292997,0.001548,-0.654897,0.000074,-30.000000,0.000000,-28.926733,0.000000,0.500000,1,10,10,144.233861
22.588444,1763940237.565368,1763940205,0.292335,0.001548,-0.656942,0.000006,-30.000000,0.000000,-27.893635,0.000000,0.500000,1,10,10,143.317636
22.590436,1763940237.567352,1763940205,0.290999,0.001548,-0.664543,0.000000,-30.000000,0.000000,-28.238001,0.000000,0.500000,1,10,10,142.379368
22.592442,1763940237.569364,1763940205,0.288985,0.001548,-0.670871,-0.000446,-30.000000,0.000000,-28.582367,0.000000,0.500000,1,10,10,141.420614
22.594434,1763940237.571347,1763940205,0.287645,0.001544,-0.669547,-0.000943,-30.000000,0.000000,-28.926733,0.000000,0.500000,1,10,10,140.452222
22.596433,1763940237.573348,1763940205,0.286971,0.001548,-0.669894,0.000643,-30.000000,0.000000,-28.582367,0.000000,0.500000,1,10,10,139.494864
22.598437,1763940237.575353,1763940205,0.285609,0.001548,-0.676605,0.000944,-30.000000,0.000000,-28.582367,0.000000,0.500000,1,10,10,138.527914
22.600462,1763940237.577404,1763940205,0.284250,0.001548,-0.680173,-0.000767,-30.000000,0.000000,-29.959830,0.000000,0.500000,1,10,10,137.509020
22.602448,1763940237.579384,1763940205,0.282229,0.001544,-0.675576,-0.000944,-30.000000,0.000000,-27.893635,0.000000,0.500000,1,10,10,136.566806
22.604448,1763940237.581384,1763940205,0.280874,0.001548,-0.675333,0.000886,-30.000000,0.000000,-27.893635,0.000000,0.500000,1,10,10,135.624931
22.606449,1763940237.583380,1763940205,0.280188,0.001548,-0.678415,0.000944,-30.000000,0.000000,-28.582367,0.000000,0.500000,1,10,10,134.655396
22.608440,1763940237.585362,1763940205,0.278814,0.001548,-0.683801,0.000500,-30.000000,0.000000,-27.893635,0.000000,0.500000,1,10,10,133.701710
22.610449,1763940237.587378,1763940205,0.277437,0.001548,-0.687685,0.000003,-30.000000,0.000000,-28.238001,0.000000,0.500000,1,10,10,132.730768
22.612454,1763940237.589390,1763940205,0.275359,0.001548,-0.691963,0.000000,-30.000000,0.000000,-28.582367,0.000000,0.500000,1,10,10,131.741871
22.614450,1763940237.591382,1763940205,0.273966,0.001548,-0.695083,0.000000,-30.000000,0.000000,-28.582367,0.000000,0.500000,1,10,10,130.748514
22.616437,1763940237.593354,1763940205,0.273269,0.001548,-0.696789,0.000000,-30.000000,0.000000,-27.893635,0.000000,0.500000,1,10,10,129.776716
22.618454,1763940237.595394,1763940205,0.271869,0.001548,-0.698198,0.000000,-30.000000,0.000000,-28.926733,0.000000,0.500000,1,10,10,128.766886
22.620450,1763940237.597382,1763940205,0.269802,0.001548,-0.692560,0.000000,-30.000000,0.000000,-28.582367,-0.344366,0.500000,1,10,10,127.777065
22.622453,1763940237.599385,1763940205,0.268436,0.001548,-0.685170,0.000000,-30.000000,0.000000,-27.893635,0.000000,0.500000,1,10,10,126.821470
22.624454,1763940237.601390,1763940205,0.267751,0.001548,-0.684228,0.000000,-30.000000,0.000000,-28.238001,0.000000,0.500000,1,10,10,125.855409
22.626469,1763940237.603400,1763940205,0.266365,0.001548,-0.687540,0.000000,-30.000000,0.000000,-27.893635,0.000000,0.500000,1,10,10,124.896509
22.628440,1763940237.605360,1763940205,0.264973,0.001548,-0.694445,0.000000,-30.000000,0.000000,-28.582367,0.000000,0.500000,1,10,10,123.904064
22.630438,1763940237.607352,1763940205,0.262883,0.001548,-0.697355,0.000000,-30.000000,0.000000,-28.582367,0.000000,0.500000,1,10,10,122.907461
22.632443,1763940237.609364,1763940205,0.261494,0.001548,-0.695654,0.000000,-30.000000,0.000000,-27.893635,0.000000,0.500000,1,10,10,121.937245
22.634453,1763940237.611383,1763940205,0.260794,0.001548,-0.696321,0.000000,-30.000000,0.000000,-27.893635,0.000000,0.500000,1,10,10,120.966099
22.636456,1763940237.613395,1763940205,0.259397,0.001548,-0.696894,0.000000,-30.000000,0.000000,-28.238001,0.000000,0.500000,1,10,10,119.982154
22.638445,1763940237.615370,1763940205,0.258004,0.001548,-0.697523,0.000000,-30.000000,0.000000,-27.893635,0.000000,0.500000,1,10,10,119.009331
22.640454,1763940237.617388,1763940205,0.255930,0.001548,-0.692477,0.000000,-30.000000,0.000000,-27.893635,0.000000,0.500000,1,10,10,118.043546
22.642440,1763940237.619357,1763940205,0.254541,0.001544,-0.692486,-0.000907,-30.000000,0.000000,-27.893635,0.000000,0.500000,1,10,10,117.077748
22.644445,1763940237.621369,1763940205,0.253837,0.001544,-0.695457,-0.000946,-30.000000,0.000000,-27.549269,0.000000,0.500000,1,10,10,116.119781
22.646440,1763940237.623355,1763940205,0.252425,0.001548,-0.703453,0.000241,-30.000000,0.000000,-27.549269,0.000000,0.500000,1,10,10,115.150801
22.648443,1763940237.625361,1763940205,0.251021,0.001548,-0.703451,0.000463,-30.000000,0.000000,-27.893635,0.000000,0.500000,1,10,10,114.169711
22.650455,1763940237.627415,1763940205,0.248897,0.001548,-0.706407,0.000451,-30.000000,0.000000,-27.549269,0.000000,0.500000,1,10,10,113.196661
22.652452,1763940237.629371,1763940205,0.247474,0.001548,-0.710268,0.000071,-30.000000,0.000000,-27.893635,0.000000,0.500000,1,10,10,112.206063
22.654440,1763940237.631354,1763940205,0.246766,0.001548,-0.710628,-0.000806,-30.000000,0.000000,-27.893635,0.000000,0.500000,1,10,10,111.214963
22.656447,1763940237.633370,1763940205,0.245343,0.001544,-0.710643,-0.000945,-30.000000,0.000000,-28.582367,0.000000,0.500000,1,10,10,110.199369
22.658440,1763940237.635355,1763940205,0.243231,0.001548,-0.706377,0.000671,-30.000000,0.000000,-27.549269,0.000000,0.500000,1,10,10,109.226359
22.660457,1763940237.637387,1763940205,0.241816,0.001548,-0.704874,0.000944,-30.000000,0.000000,-27.893635,0.000000,0.500000,1,10,10,108.243284
22.662460,1763940237.639395,1763940205,0.241100,0.001548,-0.707640,0.000011,-30.000000,0.000000,-28.582367,0.000000,0.500000,1,10,10,107.231982
22.664459,1763940237.641394,1763940205,0.239666,0.001548,-0.714403,0.000000,-30.000000,0.000000,-27.204903,0.000000,0.500000,1,10,10,106.260220
22.666457,1763940237.643389,1763940205,0.238231,0.001548,-0.717407,0.000000,-30.000000,0.000000,-27.549269,0.000000,0.500000,1,10,10,105.272018
22.668449,1763940237.645389,1763940205,0.236070,0.001544,-0.719736,-0.000935,-30.000000,0.000000,-27.893635,0.000000,0.500000,1,10,10,104.268214
22.670443,1763940237.647361,1763940205,0.234628,0.001548,-0.721029,-0.000140,-30.000000,0.000000,-27.893635,0.000000,0.500000,1,10,10,103.262608
22.672442,1763940237.649356,1763940205,0.233912,0.001548,-0.719857,0.000925,-30.000000,0.000000,-27.893635,0.000000,0.500000,1,10,10,102.258635
22.674447,1763940237.651361,1763940205,0.232478,0.001544,-0.717581,-0.000861,-30.000000,0.000000,-27.893635,-0.344366,0.500000,1,10,10,101.257762
22.676466,1763940237.653408,1763940205,0.231051,0.001544,-0.715076,-0.000140,-30.000000,0.000000,-27.893635,0.000000,0.500000,1,10,10,100.260458
22.678457,1763940237.655378,1763940205,0.228939,0.001548,-0.705986,0.000934,-30.000000,0.000000,-27.893635,0.000000,0.500000,1,10,10,99.275831
22.680443,1763940237.657357,1763940205,0.227519,0.001548,-0.705835,-0.000795,-30.000000,0.000000,-27.549269,0.000000,0.500000,1,10,10,98.303569
22.682441,1763940237.659353,1763940205,0.226804,0.001544,-0.709622,-0.000924,-30.000000,0.000000,-28.238001,0.000000,0.500000,1,10,10,97.301652
22.684442,1763940237.661353,1763940205,0.225366,0.001544,-0.716751,-0.000946,-30.000000,0.000000,-28.238001,0.000000,0.500000,1,10,10,96.289671
22.686442,1763940237.663353,1763940205,0.223216,0.001544,-0.716977,-0.000011,-30.000000,0.000000,-27.549269,0.000000,0.500000,1,10,10,95.302061
22.688449,1763940237.665372,1763940205,0.221774,0.001544,-0.719223,0.000000,-30.000000,0.000000,-27.549269,0.000000,0.500000,1,10,10,94.311358
22.690466,1763940237.667410,1763940205,0.221051,0.001548,-0.720297,0.000806,-30.000000,0.000000,-28.582367,0.000000,0.500000,1,10,10,93.281969
22.692463,1763940237.669403,1763940205,0.219620,0.001548,-0.719063,0.000946,-30.000000,0.000000,-27.893635,0.000000,0.500000,1,10,10,92.279104
22.694458,1763940237.671387,1763940205,0.218197,0.001548,-0.713517,0.000140,-30.000000,0.000000,-27.893635,0.000000,0.500000,1,10,10,91.283975
22.696452,1763940237.673376,1763940205,0.216762,0.001548,-0.714101,0.000001,-30.000000,0.000000,-27.549269,0.000000,0.500000,1,10,10,90.300327
22.698445,1763940237.675360,1763940205,0.214597,0.001548,-0.721054,0.000000,-30.000000,0.000000,-27.549269,0.000000,0.500000,1,10,10,89.307102
22.700444,1763940237.677356,1763940205,0.213144,0.001548,-0.725088,0.000000,-30.000000,0.000000,-27.893635,0.000000,0.500000,1,10,10,88.295835
22.702452,1763940237.679374,1763940205,0.212417,0.001548,-0.726175,0.000000,-30.000000,0.000000,-27.893635,0.000000,0.500000,1,10,10,87.283052
22.704469,1763940237.681399,1763940205,0.210967,0.001548,-0.725854,0.000000,-30.000000,0.000000,-27.549269,-0.688732,0.500000,1,10,10,86.282902
22.706454,1763940237.683379,1763940205,0.208776,0.001548,-0.728278,0.000000,-30.000000,0.000000,-27.549269,0.000000,0.500000,1,10,10,85.279725
22.708447,1763940237.685364,1763940205,0.207307,0.001548,-0.733243,0.000000,-30.000000,0.000000,-26.860537,-0.344366,0.500000,1,10,10,84.294879
22.710463,1763940237.687398,1763940205,0.206573,0.001548,-0.733783,-0.000446,-30.000000,0.000000,-27.549269,0.000000,0.500000,1,10,10,83.284119
22.712457,1763940237.689382,1763940205,0.205112,0.001544,-0.731701,-0.000945,-30.000000,0.000000,-27.549269,0.000000,0.500000,1,10,10,82.276227
22.714447,1763940237.691362,1763940205,0.203647,0.001548,-0.731370,0.000671,-30.000000,0.000000,-27.549269,0.000000,0.500000,1,10,10,81.268792
22.716455,1763940237.693375,1763940205,0.201437,0.001548,-0.736506,0.000943,-30.000000,0.000000,-27.204903,0.000000,0.500000,1,10,10,80.266963
22.718466,1763940237.695405,1763940205,0.199964,0.001548,-0.737358,0.000011,-30.000000,0.000000,-28.238001,0.000000,0.500000,1,10,10,79.225888
22.720451,1763940237.697373,1763940205,0.199226,0.001544,-0.736702,-0.000925,-30.000000,0.000000,-27.549269,0.000000,0.500000,1,10,10,78.211107
22.722452,1763940237.699373,1763940205,0.197754,0.001548,-0.736642,-0.000003,-30.000000,0.000000,-27.549269,0.000000,0.500000,1,10,10,77.196410
22.724466,1763940237.701400,1763940205,0.196266,0.001548,-0.740120,0.000489,-30.000000,0.000000,-27.204903,0.000000,0.500000,1,10,10,76.189665
22.726449,1763940237.703366,1763940205,0.194052,0.001548,-0.740625,0.000006,-30.000000,0.000000,-27.549269,-1.033098,0.500000,1,10,10,75.168764
22.728448,1763940237.705360,1763940205,0.192595,0.001548,-0.732530,0.000000,-30.000000,0.000000,-27.549269,0.000000,0.500000,1,10,10,74.159731
22.730455,1763940237.707366,1763940205,0.191872,0.001548,-0.728739,0.000000,-30.000000,0.000000,-27.893635,0.000000,0.500000,1,10,10,73.143372
22.732470,1763940237.709411,1763940205,0.191145,0.001548,-0.727152,0.000000,-30.000000,0.000000,-27.204903,0.000000,0.500000,1,10,10,72.154268
22.734459,1763940237.711388,1763940205,0.191145,0.001548,-0.727152,0.000000,-30.000000,0.000000,-27.204903,0.000000,0.500000,1,10,10,71.165163
22.736451,1763940237.713370,1763940205,0.189684,0.001548,-0.727981,0.000682,-30.000000,0.000000,-27.549269,0.000000,0.500000,1,10,10,70.162396
22.738454,1763940237.715364,1763940205,0.186013,0.001548,-0.733631,-0.000137,0.000000,0.000000,-27.549269,0.000000,0.500000,1,10,10,69.151845
29.773488,1763940244.750600,1763940205,0.452143,0.001552,0.000021,0.000000,-30.000000,0.000000,-0.688732,0.000000,0.500000,1,10,10,263.499999
29.775530,1763940244.752548,1763940205,0.452143,0.001552,0.000000,0.000000,-30.000000,0.000000,-0.688732,0.000000,0.500000,1,10,10,263.499999
29.777531,1763940244.754552,1763940205,0.452140,0.001552,-0.001128,0.000000,-30.000000,0.000000,-28.238001,0.000000,0.500000,1,10,10,263.498407
29.779547,1763940244.756560,1763940205,0.452113,0.001552,-0.007320,0.000000,-30.000000,0.000000,-28.582367,0.000000,0.500000,1,10,10,263.487946
29.781524,1763940244.758529,1763940205,0.452041,0.001552,-0.025217,0.000000,-30.000000,0.000000,-29.271099,0.000000,0.500000,1,10,10,263.451039
29.783581,1763940244.760780,1763940205,0.451992,0.001552,-0.028850,0.000000,-30.000000,0.000000,-29.615464,0.000000,0.500000,1,10,10,263.408318
29.785638,1763940244.762825,1763940205,0.451954,0.001552,-0.022245,0.000000,-30.000000,0.000000,-29.615464,0.000000,0.500000,1,10,10,263.375378
29.787546,1763940244.764633,1763940205,0.451848,0.001552,-0.033337,0.000000,-30.000000,0.000000,-29.271099,0.000000,0.500000,1,10,10,263.326588
29.789474,1763940244.766402,1763940205,0.451761,0.001548,-0.040174,-0.000925,-30.000000,0.000000,-29.615464,-0.344366,0.500000,1,10,10,263.267080
29.791469,1763940244.768392,1763940205,0.451719,0.001548,-0.041455,-0.000946,-30.000000,0.000000,-29.615464,0.000000,0.500000,1,10,10,263.205678
29.793470,1763940244.770393,1763940205,0.451640,0.001552,-0.040953,0.000886,-30.000000,0.000000,-29.271099,0.000000,0.500000,1,10,10,263.145727
29.795466,1763940244.772386,1763940205,0.451481,0.001552,-0.049776,0.000946,-30.000000,0.000000,-29.271099,0.000000,0.500000,1,10,10,263.072863
29.797471,1763940244.774394,1763940205,0.451360,0.001552,-0.057849,0.000039,-30.000000,0.000000,-29.271099,0.000000,0.500000,1,10,10,262.988199
29.799471,1763940244.776387,1763940205,0.451242,0.001552,-0.060050,0.000000,-30.000000,0.000000,-28.926733,0.000000,0.500000,1,10,10,262.901347
29.801471,1763940244.778392,1763940205,0.451242,0.001552,-0.060050,0.000000,-30.000000,0.000000,-28.926733,0.000000,0.500000,1,10,10,262.814495
29.803518,1763940244.780512,1763940205,0.450943,0.001552,-0.073134,0.000000,-30.000000,0.000000,-36.158416,0.000000,0.500000,1,10,10,262.682275
29.805501,1763940244.782455,1763940205,0.450853,0.001552,-0.080761,0.000000,-30.000000,0.000000,-36.847148,0.000000,0.500000,1,10,10,262.533484
29.807479,1763940244.784423,1763940205,0.450678,0.001552,-0.087124,0.000000,-30.000000,0.000000,-36.847148,0.000000,0.500000,1,10,10,262.372970
29.809505,1763940244.786479,1763940205,0.450410,0.001552,-0.088546,0.000000,-30.000000,0.000000,-36.847148,0.000000,0.500000,1,10,10,262.209837
29.811478,1763940244.788420,1763940205,0.450311,0.001552,-0.091789,0.000000,-30.000000,0.000000,-36.502782,0.000000,0.500000,1,10,10,262.042308
29.813473,1763940244.790405,1763940205,0.450103,0.001552,-0.100150,0.000000,-30.000000,0.000000,-36.502782,0.000000,0.500000,1,10,10,261.859521
29.815475,1763940244.792403,1763940205,0.449891,0.001552,-0.105279,0.000000,-30.000000,0.000000,-36.158416,0.000000,0.500000,1,10,10,261.669185
29.817471,1763940244.794393,1763940205,0.449569,0.001552,-0.106663,0.000000,-30.000000,0.000000,-36.847148,0.000000,0.500000,1,10,10,261.472675
29.819474,1763940244.796399,1763940205,0.449456,0.001552,-0.108907,0.000000,-30.000000,0.000000,-36.502782,0.000000,0.500000,1,10,10,261.273904
29.821480,1763940244.798400,1763940205,0.449210,0.001552,-0.117082,0.000000,-30.000000,0.000000,-36.502782,-0.344366,0.500000,1,10,10,261.060204
29.823461,1763940244.800361,1763940205,0.448953,0.001552,-0.125855,0.000000,-30.000000,0.000000,-35.469684,0.000000,0.500000,1,10,10,260.837001
29.825472,1763940244.802384,1763940205,0.448551,0.001552,-0.133058,0.000000,-30.000000,0.000000,-35.469684,0.000000,0.500000,1,10,10,260.601025
29.827472,1763940244.804385,1763940205,0.448279,0.001552,-0.135116,0.000000,-30.000000,0.000000,-36.502782,0.000000,0.500000,1,10,10,260.354420
29.829477,1763940244.806400,1763940205,0.448143,0.001552,-0.136427,0.000000,-30.000000,0.000000,-35.814050,0.000000,0.500000,1,10,10,260.110119
29.831513,1763940244.808469,1763940205,0.447859,0.001552,-0.139381,0.000000,-30.000000,0.000000,-35.814050,0.000000,0.500000,1,10,10,259.860528
29.833485,1763940244.810430,1763940205,0.447575,0.001552,-0.141329,0.000000,-30.000000,0.000000,-35.814050,0.000000,0.500000,1,10,10,259.607450
29.835489,1763940244.812442,1763940205,0.447136,0.001552,-0.145039,0.000000,-30.000000,0.000000,-36.158416,0.000000,0.500000,1,10,10,259.345231
29.837480,1763940244.814418,1763940205,0.446818,0.001552,-0.153612,0.000000,-30.000000,0.000000,-36.158416,0.000000,0.500000,1,10,10,259.067514
29.839479,1763940244.816413,1763940205,0.446492,0.001552,-0.160805,0.000000,-30.000000,0.000000,-35.814050,0.000000,0.500000,1,10,10,258.779560
29.841478,1763940244.818409,1763940205,0.446329,0.001552,-0.161666,0.000000,-30.000000,0.000000,-36.158416,0.000000,0.500000,1,10,10,258.487280
29.843520,1763940244.820511,1763940205,0.446012,0.001552,-0.160969,0.000000,-30.000000,0.000000,-36.158416,0.000000,0.500000,1,10,10,258.196261
29.845502,1763940244.822456,1763940205,0.445516,0.001552,-0.163703,0.000000,-30.000000,0.000000,-35.469684,0.000000,0.500000,1,10,10,257.905937
29.847478,1763940244.824405,1763940205,0.445171,0.001552,-0.169377,0.000000,-30.000000,0.000000,-35.469684,0.000000,0.500000,1,10,10,257.605549
29.849479,1763940244.826394,1763940205,0.444819,0.001552,-0.174413,0.000000,-30.000000,0.000000,-35.125318,0.000000,0.500000,1,10,10,257.299234
29.851471,1763940244.828378,1763940205,0.444634,0.001552,-0.177814,0.000000,-30.000000,0.000000,-35.814050,0.000000,0.500000,1,10,10,256.980821
29.853475,1763940244.830388,1763940205,0.444267,0.001552,-0.182412,0.000000,-30.000000,0.000000,-35.125318,0.000000,0.500000,1,10,10,256.660458
29.855476,1763940244.832388,1763940205,0.443903,0.001552,-0.182881,0.000000,-30.000000,0.000000,-35.125318,0.000000,0.500000,1,10,10,256.339270
29.857483,1763940244.834396,1763940205,0.443351,0.001552,-0.183946,0.000000,-30.000000,0.000000,-35.125318,0.000000,0.500000,1,10,10,256.016213
29.859542,1763940244.836562,1763940205,0.442968,0.001552,-0.187848,0.000000,-30.000000,0.000000,-34.780952,-0.344366,0.500000,1,10,10,255.689520
29.861494,1763940244.838488,1763940205,0.442772,0.001552,-0.192236,0.000000,-30.000000,0.000000,-34.780952,0.000000,0.500000,1,10,10,255.355212
29.863539,1763940244.840560,1763940205,0.442359,0.001552,-0.200285,0.000000,-30.000000,0.000000,-34.780952,0.000000,0.500000,1,10,10,255.006906
29.865530,1763940244.842544,1763940205,0.441753,0.001552,-0.203610,0.000000,-30.000000,0.000000,-35.814050,0.000000,0.500000,1,10,10,254.642301
29.867529,1763940244.844541,1763940205,0.441352,0.001552,-0.200104,0.000000,-30.000000,0.000000,-35.469684,0.000000,0.500000,1,10,10,254.287420
29.869531,1763940244.846539,1763940205,0.441152,0.001552,-0.199696,0.000000,-30.000000,0.000000,-34.780952,0.000000,0.500000,1,10,10,253.940139
29.871516,1763940244.848488,1763940205,0.440739,0.001552,-0.203462,0.000000,-30.000000,0.000000,-34.436587,0.000000,0.500000,1,10,10,253.589812
29.873486,1763940244.850422,1763940205,0.440300,0.001552,-0.212506,0.000000,-30.000000,0.000000,-34.436587,0.000000,0.500000,1,10,10,253.223914
29.875490,1763940244.852428,1763940205,0.439649,0.001552,-0.217737,0.000000,-30.000000,0.000000,-35.125318,0.000000,0.500000,1,10,10,252.841510
29.877505,1763940244.854461,1763940205,0.439444,0.001552,-0.214606,0.000000,-30.000000,0.000000,-35.469684,0.000000,0.500000,1,10,10,252.460910
29.879482,1763940244.856402,1763940205,0.439024,0.001552,-0.209470,0.000000,-30.000000,0.000000,-34.436587,0.000000,0.500000,1,10,10,252.100239
29.881494,1763940244.858435,1763940205,0.438358,0.001552,-0.219137,0.000000,-30.000000,0.000000,-34.092221,0.000000,0.500000,1,10,10,251.726694
29.883493,1763940244.860418,1763940205,0.438131,0.001552,-0.223181,0.000000,-30.000000,0.000000,-35.125318,0.000000,0.500000,1,10,10,251.334730
29.885484,1763940244.862411,1763940205,0.437469,0.001552,-0.222423,0.000000,-30.000000,0.000000,-34.436587,0.000000,0.500000,1,10,10,250.951756
29.887481,1763940244.864400,1763940205,0.437257,0.001552,-0.218697,0.000000,-30.000000,0.000000,-34.780952,-0.344366,0.500000,1,10,10,250.571413
29.889475,1763940244.866387,1763940205,0.436821,0.001552,-0.215175,0.000000,-30.000000,0.000000,-34.436587,0.000000,0.500000,1,10,10,250.200917
29.891487,1763940244.868407,1763940205,0.436363,0.001552,-0.222872,0.000000,-30.000000,0.000000,-34.436587,0.000000,0.500000,1,10,10,249.817169
29.893485,1763940244.870406,1763940205,0.435890,0.001552,-0.232542,0.000000,-30.000000,0.000000,-34.780952,0.000000,0.500000,1,10,10,249.412767
29.895474,1763940244.872380,1763940205,0.435228,0.001552,-0.225212,0.000000,-30.000000,0.000000,-35.125318,0.000000,0.500000,1,10,10,249.017235
29.897475,1763940244.874382,1763940205,0.435012,0.001552,-0.219978,0.000000,-30.000000,0.000000,-34.436587,0.000000,0.500000,1,10,10,248.638470
29.899477,1763940244.876387,1763940205,0.434573,0.001556,-0.217074,0.000907,-30.000000,0.000000,-34.436587,0.000000,0.500000,1,10,10,248.264702
29.901488,1763940244.878409,1763940205,0.433869,0.001556,-0.231398,0.000946,-30.000000,0.000000,-34.780952,0.000000,0.500000,1,10,10,247.862286
29.903480,1763940244.880394,1763940205,0.433411,0.001552,-0.233150,-0.000896,-30.000000,0.000000,-34.780952,-0.344366,0.500000,1,10,10,247.456804
29.905486,1763940244.882405,1763940205,0.433195,0.001552,-0.227369,-0.000946,-30.000000,0.000000,-34.780952,-0.344366,0.500000,1,10,10,247.061375
29.907481,1763940244.884431,1763940205,0.432764,0.001552,-0.218500,0.000795,-30.000000,0.000000,-34.092221,0.000000,0.500000,1,10,10,246.688914
29.909493,1763940244.886408,1763940205,0.432317,0.001556,-0.219540,0.000945,-30.000000,0.000000,-35.125318,0.000000,0.500000,1,10,10,246.303341
29.911485,1763940244.888404,1763940205,0.431613,0.001556,-0.231971,0.000140,-30.000000,0.000000,-35.125318,0.000000,0.500000,1,10,10,245.895938
29.913484,1763940244.890402,1763940205,0.431170,0.001556,-0.228346,0.000001,-30.000000,0.000000,-35.125318,0.000000,0.500000,1,10,10,245.494902
29.915475,1763940244.892383,1763940205,0.430958,0.001556,-0.222270,0.000000,-30.000000,0.000000,-35.125318,-0.688732,0.500000,1,10,10,245.104462
29.917483,1763940244.894413,1763940205,0.430531,0.001556,-0.214738,0.000000,-30.000000,0.000000,-34.092221,0.000000,0.500000,1,10,10,244.738416
29.919488,1763940244.896407,1763940205,0.430080,0.001556,-0.219210,0.000000,-30.000000,0.000000,-34.780952,0.000000,0.500000,1,10,10,244.357201
29.921492,1763940244.898420,1763940205,0.429849,0.001556,-0.223868,0.000000,-30.000000,0.000000,-35.125318,0.000000,0.500000,1,10,10,243.964029
29.923478,1763940244.900389,1763940205,0.428960,0.001556,-0.223016,0.000000,-30.000000,0.000000,-34.780952,0.000000,0.500000,1,10,10,243.576194
29.925481,1763940244.902410,1763940205,0.428752,0.001556,-0.216173,0.000000,-30.000000,0.000000,-35.814050,0.000000,0.500000,1,10,10,243.189091
29.927481,1763940244.904397,1763940205,0.428335,0.001559,-0.208229,0.000935,-30.000000,0.000000,-35.469684,-0.344366,0.500000,1,10,10,242.819780
29.929479,1763940244.906392,1763940205,0.427892,0.001559,-0.215005,0.000946,-30.000000,0.000000,-34.780952,0.000000,0.500000,1,10,10,242.445873
29.931496,1763940244.908425,1763940205,0.427450,0.001559,-0.221389,0.000011,-30.000000,0.000000,-34.780952,0.000000,0.500000,1,10,10,242.060867
29.933503,1763940244.910438,1763940205,0.426844,0.001563,-0.206369,0.000926,-30.000000,0.000000,-34.436587,0.000000,0.500000,1,10,10,241.705530
29.935500,1763940244.912427,1763940205,0.426454,0.001563,-0.196696,0.001753,-30.000000,0.000000,-34.436587,0.000000,0.500000,1,10,10,241.366839
29.937481,1763940244.914397,1763940205,0.426257,0.001567,-0.196387,0.000984,-30.000000,0.000000,-34.780952,0.000000,0.500000,1,10,10,241.025309
29.939488,1763940244.916411,1763940205,0.425852,0.001571,-0.199281,0.001047,-30.000000,0.000000,-34.780952,0.000000,0.500000,1,10,10,240.678745
29.941484,1763940244.918403,1763940205,0.425262,0.001571,-0.198002,0.000947,-30.000000,0.000000,-35.125318,0.000000,0.500000,1,10,10,240.330998
29.943484,1763940244.920399,1763940205,0.424899,0.001575,-0.187629,0.001425,-30.000000,0.000000,-34.780952,0.000000,0.500000,1,10,10,240.004692
29.945501,1763940244.922441,1763940205,0.424543,0.001578,-0.180364,0.002696,-30.000000,0.000000,-34.780952,0.000000,0.500000,1,10,10,239.690995
29.947493,1763940244.924425,1763940205,0.424369,0.001586,-0.177475,0.002359,-30.000000,0.000000,-35.125318,0.000000,0.500000,1,10,10,239.379275
29.949483,1763940244.926399,1763940205,0.424020,0.001590,-0.174711,0.002024,-30.000000,0.000000,-35.125318,0.000000,0.500000,1,10,10,239.072416
29.951481,1763940244.928394,1763940205,0.423687,0.001594,-0.169310,0.002608,-30.000000,0.000000,-35.125318,0.000000,0.500000,1,10,10,238.775026
29.953491,1763940244.930414,1763940205,0.423210,0.001601,-0.160915,0.002809,-30.000000,0.000000,-35.814050,0.000000,0.500000,1,10,10,238.486832
29.955485,1763940244.932400,1763940205,0.422919,0.001609,-0.151722,0.003029,-30.000000,0.000000,-35.814050,0.000000,0.500000,1,10,10,238.215089
29.957485,1763940244.934396,1763940205,0.422639,0.001620,-0.143049,0.004228,-30.000000,0.000000,-35.469684,0.000000,0.500000,1,10,10,237.961284
29.959505,1763940244.936449,1763940205,0.422506,0.001624,-0.139286,0.004501,-30.000000,0.000000,-36.158416,0.000000,0.500000,1,10,10,237.709334
29.961511,1763940244.938450,1763940205,0.422253,0.001635,-0.131166,0.005441,-30.000000,0.000000,-35.125318,0.000000,0.500000,1,10,10,237.478774
29.963505,1763940244.940445,1763940205,0.421901,0.001650,-0.119783,0.006567,-30.000000,0.000000,-35.469684,0.000000,0.500000,1,10,10,237.266021
29.965489,1763940244.942416,1763940205,0.421787,0.001665,-0.116846,0.008125,-30.000000,0.000000,-35.469684,0.000000,0.500000,1,10,10,237.058296
29.967495,1763940244.944422,1763940205,0.421571,0.001684,-0.111011,0.009119,-30.000000,0.000000,-36.158416,0.000000,0.500000,1,10,10,236.856920
29.969500,1763940244.946426,1763940205,0.421371,0.001703,-0.103754,0.009696,-30.000000,0.000000,-36.502782,0.000000,0.500000,1,10,10,236.666729
29.971489,1763940244.948407,1763940205,0.421106,0.001726,-0.090578,0.010582,-30.000000,0.000000,-35.469684,0.000000,0.500000,1,10,10,236.504998
29.973503,1763940244.950446,1763940205,0.421026,0.001752,-0.086336,0.012663,-30.000000,0.000000,-36.158416,0.000000,0.500000,1,10,10,236.347239
29.975503,1763940244.952442,1763940205,0.420883,0.001783,-0.076344,0.014616,-30.000000,0.000000,-36.847148,0.000000,0.500000,1,10,10,236.204031
29.977501,1763940244.954438,1763940205,0.420754,0.001821,-0.068308,0.017396,-30.000000,0.000000,-36.502782,0.000000,0.500000,1,10,10,236.075379
29.979501,1763940244.956439,1763940205,0.420591,0.001862,-0.056019,0.020219,-30.000000,0.000000,-36.502782,0.000000,0.500000,1,10,10,235.966681
29.981502,1763940244.958442,1763940205,0.420546,0.001908,-0.051720,0.022416,-30.000000,0.000000,-37.191513,0.000000,0.500000,1,10,10,235.861858
29.983500,1763940244.960458,1763940205,0.420470,0.001957,-0.042899,0.025132,-30.000000,0.000000,-36.502782,0.000000,0.500000,1,10,10,235.771115
29.985507,1763940244.962455,1763940205,0.420409,0.002017,-0.034903,0.028201,-30.000000,0.000000,-36.847148,-0.688732,0.500000,1,10,10,235.688431
29.987516,1763940244.964452,1763940205,0.420356,0.002086,-0.028304,0.032729,-30.000000,0.000000,-30.304196,0.000000,0.500000,1,10,10,235.622868
29.989495,1763940244.966423,1763940205,0.420326,0.002165,-0.013855,0.037899,-30.000000,0.000000,-29.271099,-0.688732,0.500000,1,10,10,235.563793
29.991487,1763940244.968400,1763940205,0.420326,0.002298,-0.003570,0.044960,-30.000000,0.000000,-29.271099,-0.688732,0.500000,1,10,10,235.497766
29.993486,1763940244.970399,1763940205,0.420330,0.002347,-0.000345,0.047443,-30.000000,0.000000,-29.271099,-0.688732,0.500000,1,10,10,235.428310
29.995488,1763940244.972404,1763940205,0.420341,0.002456,0.004018,0.052240,-30.000000,0.000000,-29.615464,0.000000,0.500000,1,10,10,235.350726
29.997497,1763940244.974421,1763940205,0.420364,0.002578,0.008522,0.058185,-30.000000,0.000000,-29.959830,-1.033098,0.500000,1,10,10,235.262582
29.999499,1763940244.976424,1763940205,0.420394,0.002710,0.012858,0.065060,-30.000000,0.000000,-29.959830,4.476756,0.500000,1,10,10,235.162134
30.001501,1763940244.978434,1763940205,0.420447,0.002861,0.017669,0.073998,-30.000000,0.000000,-29.959830,5.854220,0.500000,1,10,10,235.046014
30.003490,1763940244.980409,1763940205,0.420470,0.003047,0.019207,0.087954,-30.000000,0.000000,-29.959830,6.198586,0.500000,1,10,10,234.908299
30.005503,1763940244.982440,1763940205,0.420523,0.003255,0.022717,0.100788,-30.000000,0.000000,-29.959830,6.887317,0.500000,1,10,10,234.749496
30.007503,1763940244.984438,1763940205,0.420580,0.003467,0.027066,0.105603,-30.000000,0.000000,-29.615464,6.542951,0.500000,1,10,10,234.584175
30.009502,1763940244.986431,1763940205,0.420682,0.003785,0.032738,0.105980,-30.000000,0.000000,-29.959830,6.887317,0.500000,1,10,10,234.413682
30.011489,1763940244.988404,1763940205,0.420758,0.003887,0.036277,0.105109,-30.000000,0.000000,-30.648562,5.854220,0.500000,1,10,10,234.240205
30.013515,1763940244.990446,1763940205,0.420803,0.004095,0.039661,0.104110,-30.000000,0.000000,-29.959830,6.198586,0.500000,1,10,10,234.069782
30.015496,1763940244.992420,1763940205,0.420894,0.004315,0.044079,0.108703,-30.000000,0.000000,-29.959830,6.198586,0.500000,1,10,10,233.890346
30.017497,1763940244.994420,1763940205,0.420992,0.004561,0.047149,0.120041,-30.000000,0.000000,-29.959830,5.509854,0.500000,1,10,10,233.693912
30.019496,1763940244.996418,1763940205,0.421151,0.004845,0.052388,0.135992,-30.000000,0.000000,-31.337294,5.854220,0.500000,1,10,10,233.461617
30.021492,1763940244.998413,1763940205,0.421269,0.005155,0.056077,0.151255,-30.000000,0.000000,-30.648562,5.854220,0.500000,1,10,10,233.209944
30.023501,1763940245.000434,1763940205,0.421394,0.005481,0.059977,0.160727,-30.000000,0.000000,-23.761245,5.509854,0.500000,1,10,10,233.000720
30.025502,1763940245.002426,1763940205,0.421465,0.005810,0.064128,0.163776,-30.000000,0.000000,-22.383781,6.198586,0.500000,1,10,10,232.796465
30.027489,1763940245.004397,1763940205,0.421624,0.006128,0.073541,0.159932,-30.000000,0.000000,-22.728147,6.198586,0.500000,1,10,10,232.589116
30.029504,1763940245.006430,1763940205,0.421783,0.006435,0.079718,0.154988,-30.000000,0.000000,-23.761245,5.854220,0.500000,1,10,10,232.375860
30.031508,1763940245.008448,1763940205,0.421958,0.006741,0.083335,0.153756,-30.000000,0.000000,-23.072513,5.165488,0.500000,1,10,10,232.169111
30.033506,1763940245.010439,1763940205,0.422151,0.007241,0.091465,0.167299,-30.000000,0.000000,-23.072513,5.509854,0.500000,1,10,10,231.942965
30.035494,1763940245.012412,1763940205,0.422476,0.007616,0.106494,0.183199,-30.000000,0.000000,-23.761245,5.854220,0.500000,1,10,10,231.683683
30.037494,1763940245.014410,1763940205,0.422590,0.007812,0.109254,0.190030,-30.000000,0.000000,-23.072513,5.165488,0.500000,1,10,10,231.424551
30.039504,1763940245.016420,1763940205,0.422821,0.008217,0.114110,0.200436,-30.000000,0.000000,-23.072513,4.821122,0.500000,1,10,10,231.152730
30.041510,1763940245.018470,1763940205,0.423214,0.008626,0.127892,0.202899,-30.000000,0.000000,-22.728147,4.821122,0.500000,1,10,10,230.874107
30.043506,1763940245.020433,1763940205,0.423498,0.009220,0.137648,0.199033,-30.000000,0.000000,-23.416879,5.165488,0.500000,1,10,10,230.583958
30.045509,1763940245.022442,1763940205,0.423642,0.009421,0.141046,0.198740,-30.000000,0.000000,-24.105611,4.476756,0.500000,1,10,10,230.285205
30.047493,1763940245.024407,1763940205,0.423948,0.009822,0.147777,0.201116,-30.000000,0.000000,-24.105611,4.821122,0.500000,1,10,10,229.978445
30.049498,1763940245.026418,1763940205,0.424448,0.010242,0.163256,0.207194,-30.000000,0.000000,-24.105611,4.821122,0.500000,1,10,10,229.654215
30.051493,1763940245.028407,1763940205,0.424796,0.010890,0.171650,0.215908,-30.000000,0.000000,-23.761245,5.165488,0.500000,1,10,10,229.318862
30.053492,1763940245.030403,1763940205,0.424970,0.011113,0.173283,0.218632,-30.000000,0.000000,-23.416879,5.165488,0.500000,1,10,10,228.984373
30.055500,1763940245.032419,1763940205,0.425326,0.011567,0.176741,0.225326,-30.000000,0.000000,-24.105611,5.509854,0.500000,1,10,10,228.630313
30.057508,1763940245.034434,1763940205,0.425705,0.012029,0.183826,0.230413,-30.000000,0.000000,-24.105611,4.821122,0.500000,1,10,10,228.268012
30.059510,1763940245.036443,1763940205,0.426098,0.012949,0.192869,0.230174,-30.000000,0.000000,-24.449976,4.476756,0.500000,1,10,10,227.894795
30.061497,1763940245.038417,1763940205,0.426712,0.013176,0.202855,0.229143,-30.000000,0.000000,-24.105611,4.476756,0.500000,1,10,10,227.519631
30.063501,1763940245.040424,1763940205,0.426916,0.013410,0.204207,0.230561,-30.000000,0.000000,-25.138708,4.821122,0.500000,1,10,10,227.125451
30.065510,1763940245.042429,1763940205,0.427336,0.013884,0.207036,0.236004,-30.000000,0.000000,-24.794342,4.476756,0.500000,1,10,10,226.729955
30.067499,1763940245.044419,1763940205,0.427995,0.014376,0.217412,0.243687,-30.000000,0.000000,-24.794342,4.132390,0.500000,1,10,10,226.319509
30.069494,1763940245.046404,1763940205,0.428453,0.014879,0.225540,0.250202,-30.000000,0.000000,-24.794342,4.476756,0.500000,1,10,10,225.895156
30.071494,1763940245.048405,1763940205,0.428918,0.015647,0.231180,0.256640,-30.000000,0.000000,-25.138708,4.476756,0.500000,1,10,10,225.454167
30.073519,1763940245.050465,1763940205,0.429149,0.015909,0.231783,0.258132,-30.000000,0.000000,-24.449976,4.476756,0.500000,1,10,10,225.023004
30.075497,1763940245.052414,1763940205,0.429611,0.016435,0.231563,0.262382,-30.000000,0.000000,-25.483074,4.132390,0.500000,1,10,10,224.571287
30.077497,1763940245.054414,1763940205,0.430349,0.016968,0.242358,0.264735,-30.000000,0.000000,-25.483074,3.788025,0.500000,1,10,10,224.108945
30.079498,1763940245.056416,1763940205,0.430864,0.017498,0.252500,0.265700,-30.000000,0.000000,-25.483074,4.132390,0.500000,1,10,10,223.635814
30.081496,1763940245.058408,1763940205,0.431114,0.018040,0.254083,0.268930,-30.000000,0.000000,-25.138708,4.476756,0.500000,1,10,10,223.163463
30.083495,1763940245.060401,1763940205,0.431609,0.018596,0.251216,0.276176,-30.000000,0.000000,-25.483074,3.788025,0.500000,1,10,10,222.682543
30.085514,1763940245.062451,1763940205,0.432124,0.019164,0.252058,0.282886,-30.000000,0.000000,-25.483074,3.788025,0.500000,1,10,10,222.194475
30.087499,1763940245.064417,1763940205,0.432949,0.019743,0.270992,0.288129,-30.000000,0.000000,-25.138708,4.476756,0.500000,1,10,10,221.689481
30.089506,1763940245.066429,1763940205,0.433498,0.020337,0.276238,0.295127,-30.000000,0.000000,-24.794342,3.788025,0.500000,1,10,10,221.182527
30.091529,1763940245.068471,1763940205,0.433767,0.020943,0.274303,0.301546,-30.000000,0.000000,-25.138708,3.788025,0.500000,1,10,10,220.664363
30.093516,1763940245.070453,1763940205,0.434308,0.021556,0.271315,0.305050,-30.000000,0.000000,-25.483074,3.443659,0.500000,1,10,10,220.139462
30.095512,1763940245.072448,1763940205,0.434887,0.022177,0.280501,0.309860,-30.000000,0.000000,-25.138708,3.788025,0.500000,1,10,10,219.608177
30.097517,1763940245.074450,1763940205,0.435478,0.023146,0.291820,0.321673,-30.000000,0.000000,-25.138708,3.788025,0.500000,1,10,10,219.056103
30.099496,1763940245.076400,1763940205,0.436341,0.023471,0.288976,0.324597,-30.000000,0.000000,-25.827440,3.099293,0.500000,1,10,10,218.490857
30.101514,1763940245.078440,1763940205,0.436636,0.024130,0.289766,0.329356,-30.000000,0.000000,-25.827440,3.099293,0.500000,1,10,10,217.920294
30.103508,1763940245.080432,1763940205,0.437253,0.025140,0.302503,0.334695,-30.000000,0.000000,-25.483074,3.099293,0.500000,1,10,10,217.341235
30.105500,1763940245.082414,1763940205,0.437866,0.025485,0.307376,0.339305,-30.000000,0.000000,-26.171806,3.788025,0.500000,1,10,10,216.735880
30.107499,1763940245.084410,1763940205,0.438759,0.026177,0.299201,0.345049,-30.000000,0.000000,-26.171806,2.410561,0.500000,1,10,10,216.135710
30.109502,1763940245.086414,1763940205,0.439380,0.027260,0.304044,0.360699,-30.000000,0.000000,-26.171806,2.754927,0.500000,1,10,10,215.514974
30.111499,1763940245.088410,1763940205,0.439694,0.027627,0.308770,0.363772,-30.000000,0.000000,-26.171806,3.443659,0.500000,1,10,10,214.885203
30.113506,1763940245.090422,1763940205,0.440323,0.028358,0.314038,0.365742,-30.000000,0.000000,-26.516172,2.754927,0.500000,1,10,10,214.242636
30.115519,1763940245.092448,1763940205,0.441261,0.029096,0.312307,0.368344,-30.000000,0.000000,-25.827440,2.410561,0.500000,1,10,10,213.616295
30.117525,1763940245.094450,1763940205,0.441893,0.030235,0.314747,0.379727,-30.000000,0.000000,-26.860537,2.754927,0.500000,1,10,10,212.950423
30.119512,1763940245.096436,1763940205,0.442211,0.030625,0.316329,0.384705,-30.000000,0.000000,-26.171806,2.754927,0.500000,1,10,10,212.295067
30.121518,1763940245.098452,1763940205,0.442851,0.031412,0.318707,0.391900,-30.000000,0.000000,-26.516172,2.754927,0.500000,1,10,10,211.621752
30.123505,1763940245.100423,1763940205,0.443816,0.032203,0.321705,0.394570,-30.000000,0.000000,-25.483074,2.410561,0.500000,1,10,10,210.970189
30.125517,1763940245.102447,1763940205,0.444134,0.032998,0.320987,0.397071,-30.000000,0.000000,-26.171806,2.754927,0.500000,1,10,10,210.298349
30.127508,1763940245.104430,1763940205,0.444770,0.033804,0.318255,0.402095,-30.000000,0.000000,-26.516172,1.721829,0.500000,1,10,10,209.617039
30.129502,1763940245.106415,1763940205,0.445417,0.034622,0.320369,0.407943,-30.000000,0.000000,-26.171806,2.410561,0.500000,1,10,10,208.935395
30.131508,1763940245.108428,1763940205,0.446068,0.035451,0.324882,0.412782,-30.000000,0.000000,-26.516172,2.066195,0.500000,1,10,10,208.236840
30.133517,1763940245.110442,1763940205,0.446708,0.036711,0.322412,0.419612,-30.000000,0.000000,-26.171806,2.066195,0.500000,1,10,10,207.542215
30.135523,1763940245.112466,1763940205,0.447666,0.037559,0.318800,0.422810,-30.000000,0.000000,-26.516172,1.721829,0.500000,1,10,10,206.838681
30.137519,1763940245.114463,1763940205,0.447991,0.037983,0.320437,0.424645,-30.000000,0.000000,-25.827440,2.066195,0.500000,1,10,10,206.149502
30.139520,1763940245.116455,1763940205,0.448631,0.038842,0.321707,0.427370,-30.000000,0.000000,-25.827440,2.066195,0.500000,1,10,10,205.456514
30.141506,1763940245.118423,1763940205,0.449267,0.039709,0.319240,0.432045,-30.000000,0.000000,-25.483074,2.066195,0.500000,1,10,10,204.769800
30.143514,1763940245.120429,1763940205,0.450213,0.040576,0.316204,0.434221,-30.000000,0.000000,-25.483074,2.066195,0.500000,1,10,10,204.083138
30.145512,1763940245.122437,1763940205,0.450523,0.041450,0.314510,0.435705,-30.000000,0.000000,-26.860537,1.721829,0.500000,1,10,10,203.359968
30.147520,1763940245.124447,1763940205,0.451148,0.042336,0.311873,0.440957,-30.000000,0.000000,-26.516172,1.721829,0.500000,1,10,10,202.642391
30.149524,1763940245.126464,1763940205,0.451769,0.043233,0.311333,0.447478,-30.000000,0.000000,-26.171806,1.377463,0.500000,1,10,10,201.928054
30.151511,1763940245.128436,1763940205,0.452673,0.044141,0.303851,0.452547,-30.000000,0.000000,-26.516172,1.721829,0.500000,1,10,10,201.203845
30.153507,1763940245.130438,1763940205,0.453267,0.045050,0.297868,0.454191,-30.000000,0.000000,-26.171806,1.377463,0.500000,1,10,10,200.492097
30.155506,1763940245.132421,1763940205,0.453566,0.045966,0.297185,0.456735,-30.000000,0.000000,-26.860537,2.066195,0.500000,1,10,10,199.758108
30.157511,1763940245.134432,1763940205,0.454165,0.046882,0.298689,0.457969,-30.000000,0.000000,-25.483074,0.688732,0.500000,1,10,10,199.061193
30.159505,1763940245.136418,1763940205,0.454759,0.047794,0.298211,0.457640,-30.000000,0.000000,-26.171806,1.377463,0.500000,1,10,10,198.345416
30.161521,1763940245.138450,1763940205,0.455622,0.048725,0.289957,0.462643,-30.000000,0.000000,-25.827440,1.377463,0.500000,1,10,10,197.639328
30.163519,1763940245.140445,1763940205,0.455913,0.049667,0.288715,0.470413,-30.000000,0.000000,-27.204903,1.377463,0.500000,1,10,10,196.887584
30.165540,1763940245.142489,1763940205,0.456496,0.050625,0.290418,0.475749,-30.000000,0.000000,-26.171806,1.033098,0.500000,1,10,10,196.157626
30.167520,1763940245.144451,1763940205,0.457340,0.051579,0.284411,0.477421,-30.000000,0.000000,-26.171806,1.377463,0.500000,1,10,10,195.429414
30.169548,1763940245.146499,1763940205,0.457912,0.052533,0.282457,0.477375,-30.000000,0.000000,-25.827440,2.066195,0.500000,1,10,10,194.710829
30.171533,1763940245.148487,1763940205,0.457912,0.052533,0.282457,0.477375,-30.000000,0.000000,-25.827440,2.066195,0.500000,1,10,10,193.992243
30.173534,1763940245.150518,1763940205,0.458203,0.053490,0.285190,0.477961,-30.000000,0.000000,-25.827440,1.377463,0.500000,1,10,10,193.272472
30.175532,1763940245.152496,1763940205,0.459320,0.055958,0.277971,0.496754,-30.000000,0.000000,-25.827440,1.033098,0.500000,1,10,10,192.536785
30.177549,1763940245.154502,1763940205,0.459589,0.055958,0.274260,0.498108,-30.000000,0.000000,-26.516172,1.721829,0.500000,1,10,10,191.781314
30.179526,1763940245.158065,1763940205,0.460145,0.056965,0.274108,0.503157,-30.000000,0.000000,-25.483074,0.688732,0.500000,1,10,10,191.050988
30.181530,1763940245.158482,1763940205,0.460989,0.058979,0.281069,0.502735,-30.000000,0.000000,-25.483074,0.344366,0.500000,1,10,10,190.317046
30.183525,1763940245.160469,1763940205,0.461515,0.059978,0.269181,0.500912,-30.000000,0.000000,-26.171806,0.344366,0.500000,1,10,10,189.572842
30.185533,1763940245.162477,1763940205,0.462041,0.060481,0.263545,0.501494,-30.000000,0.000000,-25.827440,1.033098,0.500000,1,10,10,188.840660
30.187550,1763940245.164511,1763940205,0.462582,0.061500,0.266161,0.505295,-30.000000,0.000000,-26.171806,0.344366,0.500000,1,10,10,188.093248
30.189532,1763940245.166482,1763940205,0.463109,0.062533,0.266532,0.514614,-30.000000,0.000000,-25.483074,1.033098,0.500000,1,10,10,187.354218
30.191538,1763940245.168498,1763940205,0.463616,0.063581,0.258018,0.521660,-30.000000,0.000000,-25.827440,0.000000,0.500000,1,10,10,186.602664
30.193535,1763940245.170484,1763940205,0.464377,0.064637,0.253351,0.527293,-30.000000,0.000000,-25.483074,1.033098,0.500000,1,10,10,185.856672
30.195548,1763940245.172497,1763940205,0.464876,0.066216,0.252339,0.526660,-30.000000,0.000000,-25.138708,0.688732,0.500000,1,10,10,185.122356
30.197533,1763940245.174471,1763940205,0.465118,0.066742,0.249756,0.526164,-30.000000,0.000000,-25.138708,0.000000,0.500000,1,10,10,184.390277
30.199516,1763940245.176441,1763940205,0.465584,0.067802,0.239473,0.528756,-30.000000,0.000000,-25.138708,0.000000,0.500000,1,10,10,183.660680
30.201512,1763940245.178427,1763940205,0.466042,0.069410,0.231009,0.536467,-30.000000,0.000000,-25.138708,0.344366,0.500000,1,10,10,182.926448
30.203518,1763940245.180440,1763940205,0.466731,0.069955,0.228580,0.539758,-30.000000,0.000000,-24.449976,0.344366,0.500000,1,10,10,182.209792
30.205540,1763940245.182485,1763940205,0.466947,0.071049,0.226157,0.546061,-30.000000,0.000000,-24.794342,0.688732,0.500000,1,10,10,181.476786
30.207530,1763940245.184461,1763940205,0.467352,0.072147,0.212311,0.547870,-30.000000,0.000000,-25.138708,0.688732,0.500000,1,10,10,180.737972
30.209529,1763940245.186467,1763940205,0.467734,0.073241,0.196796,0.547098,-30.000000,0.000000,-26.171806,0.688732,0.500000,1,10,10,179.976873
30.211529,1763940245.188460,1763940205,0.468116,0.074331,0.190822,0.546005,-30.000000,0.000000,-25.138708,1.033098,0.500000,1,10,10,179.249261
30.213535,1763940245.190474,1763940205,0.468669,0.075429,0.186649,0.547557,-30.000000,0.000000,-24.449976,0.688732,0.500000,1,10,10,178.541770
30.215527,1763940245.192463,1763940205,0.468991,0.076538,0.171198,0.552782,-30.000000,0.000000,-24.449976,0.000000,0.500000,1,10,10,177.834328
30.217535,1763940245.194576,1763940205,0.468991,0.077654,0.171198,0.557584,-30.000000,0.000000,-24.794342,0.000000,0.500000,1,10,10,177.111232
30.219521,1763940245.196447,1763940205,0.469293,0.078214,0.156497,0.559852,-30.000000,0.000000,-24.449976,0.000000,0.500000,1,10,10,176.400577
30.221527,1763940245.198445,1763940205,0.469740,0.080470,0.149416,0.563883,-30.000000,0.000000,-24.105611,0.000000,0.500000,1,10,10,175.697484
30.223525,1763940245.200454,1763940205,0.470009,0.081034,0.139391,0.564417,-30.000000,0.000000,-24.105611,0.000000,0.500000,1,10,10,174.996764
30.225528,1763940245.202456,1763940205,0.470368,0.082158,0.123210,0.562243,-30.000000,0.000000,-23.761245,-0.344366,0.500000,1,10,10,174.312861
30.227519,1763940245.204440,1763940205,0.470584,0.083835,0.111525,0.558639,-30.000000,0.000000,-23.416879,-0.344366,0.500000,1,10,10,173.645803
30.229525,1763940245.206454,1763940205,0.470682,0.084392,0.107098,0.557070,-30.000000,0.000000,-23.416879,0.000000,0.500000,1,10,10,172.981617
30.231529,1763940245.208459,1763940205,0.470868,0.085501,0.097745,0.555681,-30.000000,0.000000,-23.416879,0.000000,0.500000,1,10,10,172.321012
30.233516,1763940245.210432,1763940205,0.471027,0.086621,0.086021,0.559022,-30.000000,0.000000,-23.416879,0.000000,0.500000,1,10,10,171.658781
30.235517,1763940245.212433,1763940205,0.471171,0.088320,0.076006,0.566131,-30.000000,0.000000,-23.072513,0.344366,0.500000,1,10,10,170.999746
30.237525,1763940245.214452,1763940205,0.471360,0.088888,0.064525,0.567119,-30.000000,0.000000,-22.728147,0.000000,0.500000,1,10,10,170.351110
30.239516,1763940245.216429,1763940205,0.471409,0.090016,0.059875,0.564704,-30.000000,0.000000,-22.383781,0.344366,0.500000,1,10,10,169.715481
30.241527,1763940245.218451,1763940205,0.471496,0.091133,0.048830,0.560403,-30.000000,0.000000,-22.728147,0.000000,0.500000,1,10,10,169.076223
30.243526,1763940245.220451,1763940205,0.471564,0.092253,0.038689,0.559248,-30.000000,0.000000,-22.728147,0.000000,0.500000,1,10,10,168.439170
30.245529,1763940245.222458,1763940205,0.471636,0.093373,0.025760,0.560613,-30.000000,0.000000,-30.304196,0.000000,0.500000,1,10,10,167.588828
30.247534,1763940245.224457,1763940205,0.471644,0.094501,0.012952,0.562720,-30.000000,0.000000,-30.304196,0.344366,0.500000,1,10,10,166.735909
30.249518,1763940245.226433,1763940205,0.471640,0.095626,0.006248,0.562578,-30.000000,0.000000,-30.304196,0.344366,0.500000,1,10,10,165.883377
30.251525,1763940245.228449,1763940205,0.471629,0.096746,-0.003244,0.559813,-30.000000,0.000000,-29.615464,-0.688732,0.500000,1,10,10,165.054183
30.253535,1763940245.230467,1763940205,0.471606,0.097859,-0.008499,0.557638,-30.000000,0.000000,-29.271099,0.000000,0.500000,1,10,10,164.237955
30.255533,1763940245.232464,1763940205,0.471538,0.098975,-0.020434,0.557350,-30.000000,0.000000,-29.959830,0.000000,0.500000,1,10,10,163.402488
30.257518,1763940245.234433,1763940205,0.471477,0.100652,-0.027589,0.558413,-30.000000,0.000000,-29.959830,0.000000,0.500000,1,10,10,162.564970
30.259528,1763940245.236454,1763940205,0.471443,0.101205,-0.030384,0.557668,-30.000000,0.000000,-29.615464,0.344366,0.500000,1,10,10,161.737910
30.261523,1763940245.238443,1763940205,0.471371,0.102310,-0.034157,0.553806,-30.000000,0.000000,-29.615464,0.000000,0.500000,1,10,10,160.916290
30.263519,1763940245.240434,1763940205,0.471281,0.103419,-0.040456,0.552700,-30.000000,0.000000,-28.926733,0.000000,0.500000,1,10,10,160.114761
30.265525,1763940245.242446,1763940205,0.471178,0.105088,-0.048133,0.557030,-30.000000,0.000000,-29.271099,0.688732,0.500000,1,10,10,159.296252
30.267534,1763940245.244461,1763940205,0.471004,0.105648,-0.056948,0.558576,-30.000000,0.000000,-29.271099,0.000000,0.500000,1,10,10,158.474507
30.269526,1763940245.246451,1763940205,0.470944,0.106765,-0.058914,0.558748,-30.000000,0.000000,-28.926733,0.000000,0.500000,1,10,10,157.661890
30.271520,1763940245.248435,1763940205,0.470807,0.107878,-0.064518,0.556138,-30.000000,0.000000,-29.271099,0.000000,0.500000,1,10,10,156.842492
30.273541,1763940245.250454,1763940205,0.470652,0.108979,-0.072609,0.552554,0.000000,0.000000,-36.847148,-0.344366,0.500000,1,10,10,155.815695
37.329482,1763940252.306529,1763940205,0.457950,0.001896,0.000000,0.037467,0.000000,50.000000,-2.410561,-1.721829,0.500000,1,10,10,199.994450
37.331529,1763940252.308550,1763940205,0.457950,0.001972,0.000000,0.038060,0.000000,50.000000,-2.410561,-1.377463,0.500000,1,10,10,199.989167
37.333530,1763940252.310549,1763940205,0.457950,0.002051,0.000000,0.038748,0.000000,50.000000,-1.033098,-1.721829,0.500000,1,10,10,199.985277
37.335522,1763940252.312522,1763940205,0.457950,0.002051,0.000682,0.040487,0.000000,50.000000,-0.344366,44.767562,0.500000,1,10,10,199.894635
37.337523,1763940252.314529,1763940205,0.457961,0.002532,0.003621,0.118374,0.000000,50.000000,0.000000,48.211221,0.500000,1,10,10,199.609155
37.339599,1763940252.316808,1763940205,0.457980,0.002763,0.005654,0.137466,0.000000,50.000000,0.000000,50.277416,0.500000,1,10,10,199.263291
37.341541,1763940252.318628,1763940205,0.457980,0.002824,0.005654,0.120261,0.000000,50.000000,0.000000,50.277416,0.500000,1,10,10,198.960637
37.343455,1763940252.320359,1763940205,0.457999,0.002937,0.005756,0.046525,0.000000,50.000000,0.000000,55.098538,0.500000,1,10,10,198.831487
37.345458,1763940252.322365,1763940205,0.458010,0.003153,0.006143,0.069168,0.000000,50.000000,0.000000,55.098538,0.500000,1,10,10,198.640184
37.347464,1763940252.324370,1763940205,0.458025,0.003433,0.006573,0.118045,0.000000,50.000000,0.000000,50.277416,0.500000,1,10,10,198.342976
37.349471,1763940252.326395,1763940205,0.458040,0.003660,0.007779,0.128955,0.000000,50.000000,0.000000,55.098538,0.500000,1,10,10,197.987067
37.351462,1763940252.328380,1763940205,0.458063,0.003849,0.007897,0.106913,0.000000,50.000000,0.000000,55.787270,0.500000,1,10,10,197.688035
37.353476,1763940252.330407,1763940205,0.458078,0.003959,0.007577,0.103479,0.000000,50.000000,0.000000,55.787270,0.500000,1,10,10,197.398620
37.355477,1763940252.332407,1763940205,0.458086,0.004410,0.007571,0.135594,0.000000,50.000000,0.000000,56.131636,0.500000,1,10,10,197.017472
37.357555,1763940252.334598,1763940205,0.458101,0.004724,0.007570,0.156035,0.000000,50.000000,0.344366,56.820368,0.500000,1,10,10,196.573644
37.359542,1763940252.336593,1763940205,0.458116,0.005015,0.007570,0.152599,0.000000,50.000000,0.344366,56.131636,0.500000,1,10,10,196.144827
37.361517,1763940252.338513,1763940205,0.458131,0.005314,0.007570,0.147825,0.000000,50.000000,0.000000,55.787270,0.500000,1,10,10,195.731949
37.363524,1763940252.340532,1763940205,0.458154,0.005644,0.007570,0.155202,0.000000,50.000000,0.000000,56.131636,0.500000,1,10,10,195.295844
37.365482,1763940252.342437,1763940205,0.458169,0.006170,0.007268,0.172783,0.000000,50.000000,0.344366,55.787270,0.500000,1,10,10,194.813453
37.367488,1763940252.344445,1763940205,0.458177,0.006348,0.007245,0.175562,0.000000,50.000000,0.000000,55.787270,0.500000,1,10,10,194.323329
37.369484,1763940252.346438,1763940205,0.458192,0.006707,0.007243,0.179190,0.000000,50.000000,0.000000,55.442904,0.500000,1,10,10,193.826182
37.371475,1763940252.348410,1763940205,0.458207,0.007093,0.007566,0.185238,0.000000,50.000000,0.000000,55.098538,0.500000,1,10,10,193.315439
37.373499,1763940252.350446,1763940205,0.458233,0.007498,0.009079,0.196016,0.000000,50.000000,0.000000,55.098538,0.500000,1,10,10,192.774851
37.375474,1763940252.352404,1763940205,0.458245,0.007915,0.010128,0.204326,0.000000,50.000000,0.000000,55.442904,0.500000,1,10,10,192.207733
37.377474,1763940252.354390,1763940205,0.458268,0.008327,0.011119,0.207429,0.000000,50.000000,0.000000,55.098538,0.500000,1,10,10,191.635460
37.379474,1763940252.356391,1763940205,0.458294,0.008747,0.012226,0.208115,0.000000,50.000000,0.000000,55.098538,0.500000,1,10,10,191.061131
37.381471,1763940252.358385,1763940205,0.458336,0.009190,0.014048,0.214212,0.000000,50.000000,0.000000,54.754173,0.500000,1,10,10,190.473420
37.383476,1763940252.360397,1763940205,0.458366,0.009421,0.015065,0.224389,0.000000,50.000000,0.000000,54.754173,0.500000,1,10,10,189.857726
37.385513,1763940252.362488,1763940205,0.458377,0.010125,0.014328,0.233017,0.000000,50.000000,0.000000,54.754173,0.500000,1,10,10,189.218589
37.387478,1763940252.364417,1763940205,0.458408,0.010594,0.014195,0.234168,0.000000,50.000000,0.000000,55.098538,0.500000,1,10,10,188.572288
37.389488,1763940252.366436,1763940205,0.458434,0.011079,0.014093,0.237742,0.000000,50.000000,0.000000,54.754173,0.500000,1,10,10,187.920278
37.391485,1763940252.368431,1763940205,0.458472,0.011855,0.012823,0.253801,0.000000,50.000000,0.000000,55.098538,0.500000,1,10,10,187.220183
37.393474,1763940252.370404,1763940205,0.458483,0.012116,0.012408,0.258290,0.000000,50.000000,0.000000,54.409807,0.500000,1,10,10,186.516698
37.395470,1763940252.372390,1763940205,0.458506,0.012377,0.011486,0.261789,0.000000,50.000000,0.000000,53.721075,0.500000,1,10,10,185.812843
37.397482,1763940252.374416,1763940205,0.458529,0.013176,0.010844,0.264129,0.000000,50.000000,0.000000,54.065441,0.500000,1,10,10,185.098229
37.399482,1763940252.376398,1763940205,0.458540,0.013463,0.010567,0.269629,0.000000,50.000000,0.000000,53.721075,0.500000,1,10,10,184.373435
37.401472,1763940252.378383,1763940205,0.458574,0.014357,0.008875,0.294095,0.000000,50.000000,0.000000,53.376709,0.500000,1,10,10,183.588187
37.403466,1763940252.380372,1763940205,0.458582,0.014947,0.008610,0.297954,0.000000,50.000000,0.000000,53.721075,0.500000,1,10,10,182.787533
37.405477,1763940252.382411,1763940205,0.458597,0.015541,0.007902,0.296259,0.000000,50.000000,0.000000,53.376709,0.500000,1,10,10,181.996584
37.407477,1763940252.384405,1763940205,0.458612,0.016170,0.007270,0.303493,0.000000,50.000000,0.000000,54.409807,0.500000,1,10,10,181.170698
37.409475,1763940252.386399,1763940205,0.458623,0.016828,0.006672,0.319550,0.000000,50.000000,0.000000,53.721075,0.500000,1,10,10,180.312183
37.411489,1763940252.388427,1763940205,0.458642,0.017502,0.005782,0.332275,0.000000,50.000000,0.000000,53.721075,0.500000,1,10,10,179.419541
37.413470,1763940252.390386,1763940205,0.458650,0.018183,0.004806,0.338347,0.000000,50.000000,0.000000,53.376709,0.500000,1,10,10,178.516457
37.415471,1763940252.392385,1763940205,0.458654,0.018872,0.004507,0.341725,0.000000,50.000000,0.000000,52.687977,0.500000,1,10,10,177.616138
37.417469,1763940252.394375,1763940205,0.458661,0.019584,0.003554,0.348562,0.000000,50.000000,0.000000,52.343612,0.500000,1,10,10,176.703841
37.419491,1763940252.396410,1763940205,0.458665,0.020337,0.002858,0.363784,0.000000,50.000000,0.000000,53.032343,0.500000,1,10,10,175.739196
37.421494,1763940252.398437,1763940205,0.458673,0.020727,0.001896,0.379007,0.000000,50.000000,0.688732,51.999246,0.500000,1,10,10,174.753694
37.423474,1763940252.400394,1763940205,0.458673,0.022275,0.000967,0.387134,0.000000,50.000000,0.000000,52.687977,0.500000,1,10,10,173.733826
37.425490,1763940252.402414,1763940205,0.458673,0.022672,0.000056,0.389155,0.000000,50.000000,0.000000,52.687977,0.500000,1,10,10,172.708638
37.427474,1763940252.404392,1763940205,0.458669,0.023494,-0.000940,0.399782,0.000000,50.000000,0.000000,52.343612,0.500000,1,10,10,171.662333
37.429469,1763940252.406378,1763940205,0.458669,0.024345,-0.000074,0.415909,0.000000,50.000000,0.000000,52.343612,0.500000,1,10,10,170.573824
37.431471,1763940252.408382,1763940205,0.458669,0.024777,-0.000000,0.427851,0.000000,50.000000,0.000000,52.343612,0.500000,1,10,10,169.454059
37.433495,1763940252.410413,1763940205,0.458665,0.026075,-0.000806,0.432029,0.000000,50.000000,-0.688732,51.654880,0.500000,1,10,10,168.338137
37.435468,1763940252.412370,1763940205,0.458665,0.026972,-0.000946,0.439266,0.000000,50.000000,0.000000,50.966148,0.500000,1,10,10,167.218750
37.437476,1763940252.414388,1763940205,0.458665,0.027896,-0.000265,0.453317,0.000000,50.000000,0.000000,50.966148,0.500000,1,10,10,166.063558
37.439485,1763940252.416415,1763940205,0.458665,0.029319,-0.000001,0.470133,0.000000,50.000000,0.000000,51.654880,0.500000,1,10,10,164.849326
37.441500,1763940252.418460,1763940205,0.458665,0.030284,0.000000,0.477796,0.000000,50.000000,0.000000,51.310514,0.500000,1,10,10,163.623527
37.443493,1763940252.420430,1763940205,0.458665,0.030284,0.000000,0.482342,0.000000,50.000000,0.000000,51.999246,0.500000,1,10,10,162.369456
37.445480,1763940252.422418,1763940205,0.458665,0.031772,0.000000,0.491194,0.000000,50.000000,0.000000,49.933050,0.500000,1,10,10,161.143116
37.447478,1763940252.424397,1763940205,0.458665,0.032790,0.000000,0.502031,0.000000,50.000000,0.000000,51.654880,0.500000,1,10,10,159.846500
37.449471,1763940252.426379,1763940205,0.458665,0.033312,0.000000,0.513872,0.000000,50.000000,0.000000,50.966148,0.500000,1,10,10,158.536995
37.451493,1763940252.428414,1763940205,0.458665,0.034361,0.000000,0.523218,0.000000,50.000000,0.000000,51.310514,0.500000,1,10,10,157.194665
37.453479,1763940252.430421,1763940205,0.458665,0.035950,-0.000446,0.528000,0.000000,50.000000,0.000000,50.621782,0.500000,1,10,10,155.858250
37.455470,1763940252.432374,1763940205,0.458661,0.037041,-0.000941,0.536732,0.000000,50.000000,0.000000,50.621782,0.500000,1,10,10,154.499732
37.457480,1763940252.434394,1763940205,0.458661,0.038146,-0.000039,0.547341,0.000000,50.000000,0.000000,49.244319,0.500000,1,10,10,153.152061
37.459477,1763940252.436388,1763940205,0.458661,0.039266,-0.000000,0.555818,0.000000,50.000000,0.000000,50.277416,0.500000,1,10,10,151.754807
37.461506,1763940252.438461,1763940205,0.458661,0.040966,0.000000,0.564207,0.000000,50.000000,0.000000,50.277416,0.500000,1,10,10,150.336465
37.463503,1763940252.440455,1763940205,0.458661,0.041541,0.000000,0.567669,0.000000,50.000000,0.000000,50.277416,0.500000,1,10,10,148.909418
37.465479,1763940252.442402,1763940205,0.458661,0.042124,0.000000,0.575394,0.000000,50.000000,0.000000,49.933050,0.500000,1,10,10,147.472860
37.467480,1763940252.444402,1763940205,0.458661,0.044482,0.000000,0.589024,0.000000,50.000000,0.000000,50.277416,0.500000,1,10,10,145.992129
37.469485,1763940252.446413,1763940205,0.458661,0.045678,0.000000,0.594662,0.000000,50.000000,0.000000,50.966148,0.500000,1,10,10,144.476748
37.471478,1763940252.448396,1763940205,0.458661,0.046284,0.000000,0.597963,0.000000,50.000000,0.000000,49.588685,0.500000,1,10,10,142.994137
37.473477,1763940252.450391,1763940205,0.458661,0.047495,0.000000,0.603181,0.000000,50.000000,0.000000,50.277416,0.500000,1,10,10,141.477818
37.475489,1763940252.452414,1763940205,0.458661,0.048717,0.000000,0.608089,0.000000,50.000000,0.000000,49.588685,0.500000,1,10,10,139.970101
37.477488,1763940252.454401,1763940205,0.458661,0.049940,0.000000,0.611093,0.000000,50.000000,0.000000,48.555587,0.500000,1,10,10,138.486502
37.479470,1763940252.456369,1763940205,0.458661,0.051181,0.000000,0.615270,0.000000,50.000000,0.000000,48.555587,0.500000,1,10,10,136.992762
37.481509,1763940252.458482,1763940205,0.458657,0.052446,-0.000941,0.624646,0.000000,50.000000,0.000000,48.555587,0.500000,1,10,10,135.476256
37.483509,1763940252.460473,1763940205,0.458657,0.053721,-0.000946,0.633736,0.000000,50.000000,0.000000,49.244319,0.500000,1,10,10,133.915860
37.485498,1763940252.462439,1763940205,0.458657,0.055004,-0.000000,0.639330,0.000000,50.000000,0.000000,49.244319,0.500000,1,10,10,132.341691
37.487486,1763940252.464412,1763940205,0.458657,0.056284,0.000000,0.640454,0.000000,50.000000,0.000000,48.211221,0.500000,1,10,10,130.797837
37.489478,1763940252.466392,1763940205,0.458661,0.058241,0.000806,0.648264,0.000000,50.000000,0.000000,48.211221,0.500000,1,10,10,129.235157
37.491476,1763940252.468389,1763940205,0.458661,0.058903,0.000935,0.653192,0.000000,50.000000,0.000000,49.244319,0.500000,1,10,10,127.626854
37.493482,1763940252.470398,1763940205,0.458661,0.060243,0.000946,0.663814,0.000000,50.000000,0.000000,49.588685,0.500000,1,10,10,125.980968
37.495487,1763940252.472402,1763940205,0.458661,0.061590,0.000011,0.671293,0.000000,50.000000,0.000000,48.899953,0.500000,1,10,10,124.339660
37.497471,1763940252.474372,1763940205,0.458661,0.062264,0.000000,0.673447,0.000000,50.000000,0.000000,47.866855,0.500000,1,10,10,122.727869
37.499483,1763940252.476396,1763940205,0.458661,0.065012,0.000000,0.685543,0.000000,50.000000,0.000000,47.522489,0.500000,1,10,10,121.098933
37.501484,1763940252.478398,1763940205,0.458661,0.065716,0.000000,0.691805,0.000000,50.000000,0.000000,47.178124,0.500000,1,10,10,119.467031
37.503515,1763940252.480460,1763940205,0.458661,0.067147,0.000000,0.705919,0.000000,50.000000,-0.688732,48.555587,0.500000,1,10,10,117.753043
37.505500,1763940252.482443,1763940205,0.458661,0.068578,0.000000,0.714672,0.000000,50.000000,0.000000,48.555587,0.500000,1,10,10,116.017976
37.507480,1763940252.484403,1763940205,0.458657,0.070027,-0.000940,0.719500,0.000000,50.000000,0.000000,47.866855,0.500000,1,10,10,114.295965
37.509491,1763940252.486423,1763940205,0.458657,0.071492,-0.000946,0.727159,0.000000,50.000000,0.000000,46.489392,0.500000,1,10,10,112.605704
37.511484,1763940252.488406,1763940205,0.458657,0.072987,-0.000074,0.738289,0.000000,50.000000,0.000000,48.211221,0.500000,1,10,10,110.826013
37.513483,1763940252.490402,1763940205,0.458657,0.074497,-0.000000,0.749902,0.000000,50.000000,0.000000,47.866855,0.500000,1,10,10,109.031241
37.515481,1763940252.492395,1763940205,0.458657,0.076019,0.000000,0.757428,0.000000,50.000000,0.000000,48.211221,0.500000,1,10,10,107.205416
37.517483,1763940252.494394,1763940205,0.458657,0.077556,0.000000,0.763556,0.000000,50.000000,0.000000,48.211221,0.500000,1,10,10,105.364818
37.519488,1763940252.496406,1763940205,0.458657,0.079104,0.000000,0.769913,0.000000,50.000000,0.000000,46.833758,0.500000,1,10,10,103.561923
37.521486,1763940252.498402,1763940205,0.458654,0.080678,-0.000926,0.779558,0.000000,50.000000,0.000000,46.833758,0.500000,1,10,10,101.736439
37.523521,1763940252.500482,1763940205,0.458654,0.082272,-0.000946,0.790729,0.000000,50.000000,0.688732,46.145026,0.500000,1,10,10,99.911824
37.525496,1763940252.502437,1763940205,0.458654,0.083865,-0.000002,0.795924,0.000000,50.000000,0.000000,46.489392,0.500000,1,10,10,98.061722
37.527488,1763940252.504414,1763940205,0.458654,0.085470,-0.000000,0.799296,0.000000,50.000000,0.000000,47.178124,0.500000,1,10,10,96.176258
37.529512,1763940252.506453,1763940205,0.458654,0.087083,-0.000446,0.803908,0.000000,50.000000,0.000000,47.178124,0.500000,1,10,10,94.279915
37.531486,1763940252.508408,1763940205,0.458650,0.087896,-0.000941,0.808967,0.000000,50.000000,0.000000,46.489392,0.500000,1,10,10,92.399494
37.533484,1763940252.510401,1763940205,0.458650,0.090353,-0.000039,0.816188,0.000000,50.000000,0.000000,46.489392,0.500000,1,10,10,90.502290
37.535500,1763940252.512438,1763940205,0.458650,0.092003,-0.000000,0.821784,0.000000,50.000000,0.000000,45.800660,0.500000,1,10,10,88.620378
37.537497,1763940252.514413,1763940205,0.458650,0.093661,0.000000,0.826779,0.000000,50.000000,0.000000,47.178124,0.500000,1,10,10,86.670084
37.539488,1763940252.516401,1763940205,0.458650,0.094494,0.000000,0.829318,0.000000,50.000000,0.000000,46.145026,0.500000,1,10,10,84.756639
37.541489,1763940252.518402,1763940205,0.458646,0.096984,-0.000872,0.830524,0.000000,50.000000,0.000000,45.456294,0.500000,1,10,10,82.869010
37.543496,1763940252.520426,1763940205,0.458646,0.098657,-0.000946,0.833240,0.000000,50.000000,0.000000,46.489392,0.500000,1,10,10,80.932168
37.545518,1763940252.522497,1763940205,0.458646,0.099501,-0.000452,0.839227,0.000000,50.000000,0.000000,46.489392,0.500000,1,10,10,78.981410
37.547521,1763940252.524487,1763940205,0.458642,0.102037,-0.000943,0.844187,0.000000,50.000000,0.000000,45.111928,0.500000,1,10,10,77.077265
37.549516,1763940252.526472,1763940205,0.458642,0.104573,-0.000500,0.844946,0.000000,50.000000,0.000000,46.833758,0.500000,1,10,10,75.098664
37.551495,1763940252.528421,1763940205,0.458638,0.105425,-0.000846,0.846686,0.000000,50.000000,0.000000,46.145026,0.500000,1,10,10,73.145146
37.553492,1763940252.530418,1763940205,0.458638,0.107143,-0.000946,0.852511,0.000000,50.000000,0.000000,45.800660,0.500000,1,10,10,71.192865
37.555502,1763940252.532419,1763940205,0.458635,0.108869,-0.000946,0.860172,0.000000,50.000000,0.000000,46.145026,0.500000,1,10,10,69.208232
37.557487,1763940252.534403,1763940205,0.458635,0.110595,-0.000946,0.862120,0.000000,50.000000,0.000000,45.800660,0.500000,1,10,10,67.233947
37.559499,1763940252.536418,1763940205,0.458631,0.112314,-0.001012,0.861179,0.000000,50.000000,0.000000,45.800660,0.500000,1,10,10,65.261818
37.561481,1763940252.538385,1763940205,0.458631,0.113181,-0.000947,0.861906,0.000000,50.000000,0.000000,45.111928,0.500000,1,10,10,63.317704
37.563493,1763940252.540405,1763940205,0.458627,0.114914,-0.000952,0.866712,0.000000,50.000000,0.000000,45.800660,0.500000,1,10,10,61.332904
37.565511,1763940252.542459,1763940205,0.458623,0.118404,-0.001009,0.872123,0.000000,50.000000,0.000000,45.800660,0.500000,1,10,10,59.335713
37.567492,1763940252.544417,1763940205,0.458623,0.119275,-0.000951,0.872193,0.000000,50.000000,0.000000,46.489392,0.500000,1,10,10,57.308327
37.569487,1763940252.546401,1763940205,0.458620,0.121019,-0.000946,0.872572,0.000000,50.000000,0.000000,46.145026,0.500000,1,10,10,55.295083
37.571492,1763940252.548412,1763940205,0.458620,0.122772,-0.000946,0.874024,0.000000,50.000000,0.000000,45.800660,0.500000,1,10,10,53.293538
37.573485,1763940252.550398,1763940205,0.458620,0.124524,-0.000011,0.875939,0.000000,50.000000,0.000000,46.145026,0.500000,1,10,10,51.272527
37.575483,1763940252.552385,1763940205,0.458620,0.126266,-0.000001,0.873743,0.000000,50.000000,0.000000,45.111928,0.500000,1,10,10,49.301716
37.577492,1763940252.554404,1763940205,0.458620,0.128007,0.000000,0.870749,0.000000,50.000000,0.000000,45.111928,0.500000,1,10,10,47.337658
37.579502,1763940252.556427,1763940205,0.458620,0.130645,0.000000,0.876889,0.000000,50.000000,0.000000,45.800660,0.500000,1,10,10,45.329554
37.581516,1763940252.558453,1763940205,0.458620,0.131523,0.000000,0.878841,0.000000,50.000000,0.000000,45.456294,0.500000,1,10,10,43.332112
37.583493,1763940252.560416,1763940205,0.458620,0.133275,0.000000,0.878141,0.000000,50.000000,0.000000,45.456294,0.500000,1,10,10,41.336259
37.585493,1763940252.562414,1763940205,0.458620,0.135028,0.000000,0.876299,0.000000,50.000000,0.000000,44.078831,0.500000,1,10,10,39.404947
37.587489,1763940252.564407,1763940205,0.458620,0.135906,0.000000,0.877166,0.000000,50.000000,0.000000,45.111928,0.500000,1,10,10,37.426415
37.589488,1763940252.566400,1763940205,0.458620,0.137666,0.000000,0.880270,0.000000,50.000000,0.000000,45.800660,0.500000,1,10,10,35.410567
37.591496,1763940252.568413,1763940205,0.458620,0.140319,0.000000,0.883458,0.000000,50.000000,0.000000,44.767562,0.500000,1,10,10,33.433055
37.593484,1763940252.570422,1763940205,0.458620,0.141205,0.000000,0.884672,0.000000,50.000000,0.000000,45.456294,0.500000,1,10,10,31.422359
37.595494,1763940252.572406,1763940205,0.458620,0.143870,0.000000,0.887173,0.000000,50.000000,0.000000,45.111928,0.500000,1,10,10,29.421254
37.597490,1763940252.574401,1763940205,0.458620,0.145649,0.000000,0.889011,0.000000,50.000000,0.000000,44.767562,0.500000,1,10,10,27.431311
37.599518,1763940252.576469,1763940205,0.458620,0.147439,0.000000,0.891537,0.000000,50.000000,0.000000,45.111928,0.500000,1,10,10,25.420363
37.601505,1763940252.578441,1763940205,0.458620,0.149237,0.000000,0.896241,0.000000,50.000000,0.000000,45.456294,0.500000,1,10,10,23.383374
37.603493,1763940252.580415,1763940205,0.458620,0.150134,0.000000,0.899207,0.000000,50.000000,0.000000,45.456294,0.500000,1,10,10,21.339643
37.605499,1763940252.582427,1763940205,0.458620,0.152837,0.000000,0.900205,0.000000,50.000000,0.000000,46.145026,0.500000,1,10,10,19.262644
37.607508,1763940252.584432,1763940205,0.458620,0.154631,0.000000,0.898820,0.000000,50.000000,0.000000,45.456294,0.500000,1,10,10,17.219792
37.609491,1763940252.586406,1763940205,0.458620,0.156436,0.000000,0.899545,0.000000,50.000000,0.000000,45.111928,0.500000,1,10,10,15.190783
37.611499,1763940252.588415,1763940205,0.458620,0.158245,0.000000,0.902695,0.000000,50.000000,0.000000,45.456294,0.500000,1,10,10,13.139125
37.613505,1763940252.590432,1763940205,0.458620,0.160952,0.000000,0.903668,0.000000,50.000000,0.000000,45.800660,0.500000,1,10,10,11.069695
37.615490,1763940252.592402,1763940205,0.458620,0.161849,0.000000,0.901680,0.000000,50.000000,0.000000,45.800660,0.500000,1,10,10,9.004818
37.617486,1763940252.594390,1763940205,0.458620,0.163639,0.000000,0.897907,0.000000,50.000000,0.688732,45.456294,0.500000,1,10,10,6.963807
37.619494,1763940252.596407,1763940205,0.458620,0.165422,0.000000,0.893747,0.000000,50.000000,0.000000,44.767562,0.500000,1,10,10,4.963264
37.621489,1763940252.598398,1763940205,0.458620,0.167208,0.000000,0.892349,0.000000,50.000000,0.000000,45.111928,0.500000,1,10,10,0.000000
37.623498,1763940252.600416,1763940205,0.458620,0.169003,0.000000,0.894725,0.000000,50.000000,0.000000,45.111928,0.500000,1,10,10,0.000000
37.625496,1763940252.602411,1763940205,0.458620,0.170785,0.000000,0.894355,0.000000,50.000000,0.000000,44.423197,0.500000,1,10,10,0.000000
37.627488,1763940252.604394,1763940205,0.458620,0.172545,0.000000,0.886898,0.000000,50.000000,0.000000,44.767562,0.500000,1,10,10,3.039373
37.629491,1763940252.606402,1763940205,0.458620,0.173420,0.000000,0.877808,0.000000,50.000000,0.000000,45.111928,0.500000,1,10,10,5.019355
37.631506,1763940252.608436,1763940205,0.458620,0.176925,0.000000,0.876349,0.000000,50.000000,0.000000,44.767562,0.500000,1,10,10,6.980955
37.633509,1763940252.610432,1763940205,0.458620,0.177803,0.000000,0.877500,0.000000,50.000000,0.000000,45.456294,0.500000,1,10,10,8.975350
37.635495,1763940252.612410,1763940205,0.458623,0.179548,0.000907,0.875887,0.000000,50.000000,0.000000,45.456294,0.500000,1,10,10,10.966081
37.637503,1763940252.614424,1763940205,0.458623,0.181274,0.000500,0.868767,0.000000,50.000000,0.000000,44.767562,0.500000,1,10,10,12.910710
37.639496,1763940252.616416,1763940205,0.458623,0.183000,0.000003,0.863575,0.000000,50.000000,0.000000,45.800660,0.500000,1,10,10,14.888326
37.641503,1763940252.618425,1763940205,0.458623,0.184729,0.000000,0.863902,0.000000,50.000000,0.000000,46.489392,0.500000,1,10,10,16.896441
37.643506,1763940252.620433,1763940205,0.458623,0.186444,0.000000,0.861778,0.000000,50.000000,0.000000,46.489392,0.500000,1,10,10,18.899618
37.645493,1763940252.622407,1763940205,0.458623,0.187292,0.000000,0.854554,0.000000,50.000000,0.000000,46.145026,0.500000,1,10,10,20.871288
37.647498,1763940252.624416,1763940205,0.458623,0.189843,0.000000,0.850115,0.000000,50.000000,0.000000,45.800660,0.500000,1,10,10,22.818081
37.649496,1763940252.626414,1763940205,0.458620,0.192371,-0.000935,0.844928,0.000000,50.000000,0.000000,46.145026,0.500000,1,10,10,24.767543
37.651493,1763940252.628405,1763940205,0.458620,0.193212,-0.000945,0.842580,0.000000,50.000000,0.000000,46.145026,0.500000,1,10,10,26.711588
37.653507,1763940252.630437,1763940205,0.458620,0.194885,-0.000265,0.838395,0.000000,50.000000,0.000000,46.489392,0.500000,1,10,10,28.660411
37.655508,1763940252.632437,1763940205,0.458620,0.196550,0.000000,0.835304,0.000000,50.000000,0.000000,46.489392,0.500000,1,10,10,30.602050
37.657494,1763940252.634408,1763940205,0.458620,0.198212,0.000000,0.829759,0.000000,50.000000,0.000000,46.489392,0.500000,1,10,10,32.530800
37.659504,1763940252.636418,1763940205,0.458620,0.199862,0.000000,0.828314,0.000000,50.000000,0.000000,45.800660,0.500000,1,10,10,34.427666
37.661502,1763940252.638425,1763940205,0.458620,0.201493,0.000000,0.821722,0.000000,50.000000,0.000000,47.178124,0.500000,1,10,10,36.366030
37.663493,1763940252.640400,1763940205,0.458620,0.203113,0.000000,0.814398,0.000000,50.000000,0.000000,46.489392,0.500000,1,10,10,38.259073
37.665514,1763940252.642448,1763940205,0.458620,0.203927,0.000000,0.810227,0.000000,50.000000,0.000000,46.833758,0.500000,1,10,10,40.156371
37.667502,1763940252.644426,1763940205,0.458620,0.205543,0.000000,0.810639,0.000000,50.000000,0.000000,46.145026,0.500000,1,10,10,42.026719
37.669496,1763940252.646412,1763940205,0.458620,0.207973,0.000000,0.810219,0.000000,50.000000,0.000000,46.833758,0.500000,1,10,10,43.924000
37.671496,1763940252.648411,1763940205,0.458620,0.209571,0.000000,0.804187,0.000000,50.000000,0.000000,45.800660,0.500000,1,10,10,45.765615
37.673498,1763940252.650414,1763940205,0.458620,0.210362,0.000000,0.796517,0.000000,50.000000,0.000000,46.489392,0.500000,1,10,10,47.617093
37.675500,1763940252.652415,1763940205,0.458620,0.213530,0.000000,0.792154,0.000000,50.000000,0.000000,46.833758,0.500000,1,10,10,49.472071
37.677504,1763940252.654430,1763940205,0.458620,0.214325,0.000000,0.792905,0.000000,50.000000,0.000000,47.178124,0.500000,1,10,10,51.342458
37.679510,1763940252.656438,1763940205,0.458620,0.215899,0.000000,0.791216,0.000000,50.000000,0.000000,46.833758,0.500000,1,10,10,53.195240
37.681497,1763940252.658414,1763940205,0.458620,0.217459,0.000000,0.784597,0.000000,50.000000,0.000000,46.833758,0.500000,1,10,10,55.032521
37.683495,1763940252.660406,1763940205,0.458620,0.219018,0.000000,0.780151,0.000000,50.000000,0.000000,47.522489,0.500000,1,10,10,56.886256
37.685506,1763940252.662418,1763940205,0.458620,0.220566,0.000000,0.776968,0.000000,50.000000,0.000000,47.522489,0.500000,1,10,10,58.732430
37.687501,1763940252.664414,1763940205,0.458616,0.222111,-0.000926,0.773303,0.000000,50.000000,0.000000,47.178124,0.500000,1,10,10,60.556580
37.689504,1763940252.666427,1763940205,0.458616,0.222887,-0.000946,0.773760,0.000000,50.000000,0.000000,46.145026,0.500000,1,10,10,62.341839
37.691514,1763940252.668446,1763940205,0.458616,0.225207,-0.000021,0.774041,0.000000,50.000000,0.000000,46.833758,0.500000,1,10,10,64.154402
37.693498,1763940252.670413,1763940205,0.458620,0.226732,0.000907,0.768895,0.000000,50.000000,0.000000,46.489392,0.500000,1,10,10,65.941676
37.695501,1763940252.672419,1763940205,0.458620,0.228239,0.000943,0.759325,0.000000,50.000000,0.000000,47.178124,0.500000,1,10,10,67.732853
37.697503,1763940252.674422,1763940205,0.458620,0.229734,0.000500,0.750965,0.000000,50.000000,0.000000,46.489392,0.500000,1,10,10,69.478450
37.699501,1763940252.676417,1763940205,0.458616,0.231229,-0.000932,0.747944,0.000000,50.000000,0.000000,47.522489,0.500000,1,10,10,71.255658
37.701511,1763940252.678440,1763940205,0.458616,0.232716,-0.000140,0.745978,0.000000,50.000000,0.000000,48.555587,0.500000,1,10,10,73.066729
37.703507,1763940252.680434,1763940205,0.458620,0.234904,0.000871,0.734703,0.000000,50.000000,0.000000,47.866855,0.500000,1,10,10,74.825126
37.705511,1763940252.682440,1763940205,0.458620,0.235623,0.000943,0.728417,0.000000,50.000000,0.000000,46.145026,0.500000,1,10,10,76.505769
37.707499,1763940252.684414,1763940205,0.458620,0.237050,0.000500,0.718378,0.000000,50.000000,0.000000,48.211221,0.500000,1,10,10,78.237463
37.709507,1763940252.686429,1763940205,0.458620,0.238454,0.000003,0.709373,0.000000,50.000000,0.000000,47.522489,0.500000,1,10,10,79.923022
37.711510,1763940252.688424,1763940205,0.458620,0.239151,0.000000,0.699928,0.000000,50.000000,0.000000,48.555587,0.500000,1,10,10,81.622292
37.713516,1763940252.690449,1763940205,0.458620,0.241903,0.000000,0.688923,0.000000,50.000000,0.000000,47.866855,0.500000,1,10,10,83.271121
37.715507,1763940252.692430,1763940205,0.458620,0.242580,0.000000,0.685204,0.000000,50.000000,0.000000,47.866855,0.500000,1,10,10,84.911050
37.717504,1763940252.694426,1763940205,0.458620,0.243916,0.000000,0.675943,0.000000,50.000000,0.000000,48.211221,0.500000,1,10,10,86.540452
37.719502,1763940252.696418,1763940205,0.458620,0.245226,0.000000,0.662977,0.000000,50.000000,0.000000,48.899953,0.500000,1,10,10,88.161429
37.721503,1763940252.698418,1763940205,0.458620,0.247171,0.000000,0.650964,0.000000,50.000000,0.000000,48.899953,0.500000,1,10,10,89.753035
37.723504,1763940252.700421,1763940205,0.458620,0.247811,0.000000,0.647155,0.000000,50.000000,0.000000,48.555587,0.500000,1,10,10,91.324183
37.725516,1763940252.702449,1763940205,0.458620,0.249068,0.000000,0.636688,0.000000,50.000000,0.000000,48.555587,0.500000,1,10,10,92.869922
37.727519,1763940252.704555,1763940205,0.458620,0.250305,0.000000,0.625445,0.000000,50.000000,0.000000,48.555587,0.500000,1,10,10,94.388364
37.729505,1763940252.706426,1763940205,0.458620,0.251536,0.000000,0.617765,0.000000,50.000000,0.000000,48.899953,0.500000,1,10,10,95.898799
37.731507,1763940252.708427,1763940205,0.458620,0.252743,0.000000,0.610218,0.000000,50.000000,0.000000,48.555587,0.500000,1,10,10,97.380273
37.733507,1763940252.710427,1763940205,0.458620,0.253928,0.000000,0.599454,0.000000,50.000000,0.000000,48.899953,0.500000,1,10,10,98.845936
37.735503,1763940252.712496,1763940205,0.458620,0.254511,0.000000,0.589866,0.000000,50.000000,0.000000,49.244319,0.500000,1,10,10,100.298314
37.737513,1763940252.714427,1763940205,0.458620,0.255669,0.000000,0.580194,0.000000,50.000000,0.000000,49.244319,0.500000,1,10,10,101.726876
37.739525,1763940252.716463,1763940205,0.458620,0.257391,0.000000,0.575770,0.000000,50.000000,0.000000,49.933050,0.500000,1,10,10,103.164375
37.741505,1763940252.718419,1763940205,0.458620,0.258515,0.000000,0.568811,0.000000,50.000000,0.000000,49.588685,0.500000,1,10,10,104.574703
37.743503,1763940252.720414,1763940205,0.458620,0.259068,0.000000,0.559582,0.000000,50.000000,0.000000,49.244319,0.500000,1,10,10,105.952515
37.745507,1763940252.722425,1763940205,0.458620,0.260711,0.000000,0.549888,0.000000,50.000000,0.000000,49.933050,0.500000,1,10,10,107.325395
37.747504,1763940252.724419,1763940205,0.458620,0.261789,0.000000,0.544012,0.000000,50.000000,0.000000,50.621782,0.500000,1,10,10,108.702339
37.749504,1763940252.726414,1763940205,0.458620,0.262860,0.000000,0.538013,0.000000,50.000000,0.000000,50.621782,0.500000,1,10,10,110.064099
37.751524,1763940252.728496,1763940205,0.458620,0.263387,0.000000,0.531731,0.000000,50.000000,0.000000,50.966148,0.500000,1,10,10,111.419114
37.753522,1763940252.730458,1763940205,0.458620,0.264950,0.000000,0.523653,0.000000,50.000000,0.000000,50.277416,0.500000,1,10,10,112.735508
37.755506,1763940252.732422,1763940205,0.458620,0.265979,0.000000,0.518084,0.000000,50.000000,0.000000,50.966148,0.500000,1,10,10,114.055746
37.757517,1763940252.734444,1763940205,0.458620,0.267509,0.000000,0.511984,0.000000,50.000000,0.000000,49.933050,0.500000,1,10,10,115.333992
37.759508,1763940252.736428,1763940205,0.458620,0.268008,0.000000,0.508254,0.000000,50.000000,0.000000,50.277416,0.500000,1,10,10,116.611677
37.761512,1763940252.738434,1763940205,0.458620,0.269007,0.000000,0.500689,0.000000,50.000000,0.000000,50.621782,0.500000,1,10,10,117.878964
37.763533,1763940252.740462,1763940205,0.458620,0.269507,0.000000,0.498381,0.000000,50.000000,0.000000,50.966148,0.500000,1,10,10,119.148993
37.765520,1763940252.742448,1763940205,0.458620,0.270979,0.000000,0.493962,0.000000,50.000000,0.000000,50.621782,0.500000,1,10,10,120.399254
37.767521,1763940252.744460,1763940205,0.458620,0.272444,0.000000,0.488367,0.000000,50.000000,0.000000,50.966148,0.500000,1,10,10,121.643764
37.769522,1763940252.746455,1763940205,0.458620,0.272929,0.000000,0.487407,0.000000,50.000000,0.000000,51.310514,0.500000,1,10,10,122.894218
37.771507,1763940252.748421,1763940205,0.458620,0.273879,0.000000,0.481737,0.000000,50.000000,0.000000,50.966148,0.500000,1,10,10,124.121831
37.773508,1763940252.750423,1763940205,0.458620,0.274817,0.000000,0.473267,0.000000,50.000000,0.000000,50.966148,0.500000,1,10,10,125.327862
37.775513,1763940252.752434,1763940205,0.458620,0.275752,0.000000,0.469073,0.000000,50.000000,0.000000,50.966148,0.500000,1,10,10,126.523205
37.777507,1763940252.754421,1763940205,0.458620,0.276672,0.000000,0.464202,0.000000,50.000000,0.000000,51.654880,0.500000,1,10,10,127.722119
37.779517,1763940252.756441,1763940205,0.458620,0.277581,0.000000,0.458083,0.000000,50.000000,0.000000,50.621782,0.500000,1,10,10,128.881568
37.781507,1763940252.758418,1763940205,0.458620,0.278493,0.000000,0.455611,0.000000,50.000000,0.000000,50.966148,0.500000,1,10,10,130.042606
37.783503,1763940252.760405,1763940205,0.458620,0.279394,0.000000,0.452934,0.000000,50.000000,0.000000,50.966148,0.500000,1,10,10,131.196821
37.785522,1763940252.762448,1763940205,0.458620,0.280692,0.000000,0.438492,0.000000,50.000000,0.000000,51.654880,0.500000,1,10,10,132.329334
37.787529,1763940252.764468,1763940205,0.458620,0.280692,0.000000,0.434864,0.000000,50.000000,0.000000,51.654880,0.500000,1,10,10,133.452477
37.789520,1763940252.766436,1763940205,0.458620,0.281986,0.000000,0.431491,0.000000,50.000000,0.000000,51.654880,0.500000,1,10,10,134.566908
37.791510,1763940252.768443,1763940205,0.458620,0.282827,0.000000,0.426669,0.000000,50.000000,0.000000,52.687977,0.500000,1,10,10,135.690925
37.793511,1763940252.770427,1763940205,0.458620,0.283652,0.000000,0.417755,0.000000,50.000000,0.000000,51.310514,0.500000,1,10,10,136.762686
37.795507,1763940252.772417,1763940205,0.458620,0.284874,0.000000,0.408886,0.000000,50.000000,0.000000,52.687977,0.500000,1,10,10,137.839854
37.797526,1763940252.774462,1763940205,0.458620,0.285276,0.000000,0.406669,0.000000,50.000000,0.000000,52.687977,0.500000,1,10,10,138.911181
37.799528,1763940252.776468,1763940205,0.458620,0.286059,0.000000,0.397911,0.000000,50.000000,0.000000,52.343612,0.500000,1,10,10,139.952586
37.801529,1763940252.778467,1763940205,0.458620,0.286827,0.000000,0.388835,0.000000,50.000000,0.000000,51.999246,0.500000,1,10,10,140.963543
37.803510,1763940252.780425,1763940205,0.458620,0.287592,0.000000,0.383809,0.000000,50.000000,0.000000,52.343612,0.500000,1,10,10,141.968040
37.805510,1763940252.782422,1763940205,0.458620,0.288341,0.000000,0.379922,0.000000,50.000000,0.000000,52.343612,0.500000,1,10,10,142.962364
37.807510,1763940252.784423,1763940205,0.458620,0.289068,0.000000,0.370762,0.000000,50.000000,0.000000,52.343612,0.500000,1,10,10,143.932715
37.809509,1763940252.786419,1763940205,0.458620,0.289787,0.000000,0.362014,0.000000,50.000000,0.000000,52.687977,0.500000,1,10,10,144.886404
37.811520,1763940252.788443,1763940205,0.458620,0.290491,0.000000,0.356309,0.000000,50.000000,0.000000,52.343612,0.500000,1,10,10,145.818930
37.813530,1763940252.790464,1763940205,0.458620,0.291180,0.000000,0.349283,0.000000,50.000000,0.000000,52.687977,0.500000,1,10,10,146.739081
37.815538,1763940252.792472,1763940205,0.458620,0.291858,0.000000,0.342363,0.000000,50.000000,0.000000,52.343612,0.500000,1,10,10,147.635108
37.817521,1763940252.794448,1763940205,0.458620,0.292528,0.000000,0.337620,0.000000,50.000000,0.000000,53.721075,0.500000,1,10,10,148.541973
37.819517,1763940252.796440,1763940205,0.458620,0.293183,0.000000,0.331731,0.000000,50.000000,0.000000,52.687977,0.500000,1,10,10,149.415885
37.821515,1763940252.798434,1763940205,0.458620,0.293826,0.000000,0.325548,0.000000,50.000000,0.000000,53.721075,0.500000,1,10,10,150.290324
37.823515,1763940252.800433,1763940205,0.458620,0.294765,0.000000,0.316174,0.000000,50.000000,0.000000,53.032343,0.500000,1,10,10,151.128696
37.825520,1763940252.802440,1763940205,0.458620,0.294765,0.000000,0.312829,0.000000,50.000000,0.000000,53.376709,0.500000,1,10,10,151.963585
37.827534,1763940252.804468,1763940205,0.458620,0.295692,0.000000,0.308610,0.000000,50.000000,0.000000,53.376709,0.500000,1,10,10,152.787213
37.829529,1763940252.806446,1763940205,0.458620,0.296305,0.000000,0.308076,0.000000,0.000000,0.000000,53.376709,0.500000,1,10,10,153.609419
44.874145,1763940259.851176,1763940205,0.455671,0.000700,0.000000,0.000000,-30.000000,0.000000,-2.066195,0.344366,0.500000,1,10,10,263.500000
44.876192,1763940259.853187,1763940205,0.455671,0.000700,0.000000,0.000000,-30.000000,0.000000,-1.721829,0.344366,0.500000,1,10,10,263.500000
44.878192,1763940259.855190,1763940205,0.455671,0.000700,0.000000,0.000000,-30.000000,0.000000,-2.066195,0.344366,0.500000,1,10,10,263.500000
44.880193,1763940259.857190,1763940205,0.455671,0.000696,-0.001128,-0.000682,-30.000000,0.000000,-28.238001,0.000000,0.500000,1,10,10,263.498140
44.882182,1763940259.859194,1763940205,0.455591,0.000696,-0.024331,-0.000945,-30.000000,0.000000,-28.926733,-0.344366,0.500000,1,10,10,263.462920
44.884228,1763940259.861331,1763940205,0.455398,0.000696,-0.082445,-0.000265,-30.000000,0.000000,-29.271099,0.000000,0.500000,1,10,10,263.342256
44.886320,1763940259.863512,1763940205,0.455088,0.000696,-0.132007,-0.000002,-30.000000,0.000000,-29.271099,0.000000,0.500000,1,10,10,263.149057
44.888123,1763940259.865064,1763940205,0.454664,0.000696,-0.191931,0.000000,-30.000000,0.000000,-29.959830,-0.344366,0.500000,1,10,10,262.861527
44.890143,1763940259.867070,1763940205,0.454301,0.000696,-0.134599,0.000000,-30.000000,0.000000,-37.535879,0.344366,0.500000,1,10,10,262.608901
44.892132,1763940259.869054,1763940205,0.454305,0.000696,-0.077599,0.000000,-30.000000,0.000000,-35.469684,0.000000,0.500000,1,10,10,262.471281
44.894131,1763940259.871052,1763940205,0.454274,0.000700,-0.018076,0.000935,-30.000000,0.000000,-35.814050,0.000000,0.500000,1,10,10,262.438869
44.896139,1763940259.873068,1763940205,0.454017,0.000696,-0.077424,0.000140,-30.000000,0.000000,-36.158416,0.000000,0.500000,1,10,10,262.298891
44.898146,1763940259.875086,1763940205,0.453778,0.000693,-0.107731,-0.001889,-30.000000,0.000000,-29.959830,0.000000,0.500000,1,10,10,262.137487
44.900140,1763940259.877069,1763940205,0.453676,0.000693,-0.109588,-0.001466,-30.000000,0.000000,-30.992928,0.000000,0.500000,1,10,10,261.967649
44.902152,1763940259.879066,1763940205,0.453536,0.000693,-0.087826,-0.000029,-30.000000,0.000000,-35.469684,-0.344366,0.500000,1,10,10,261.811883
44.904264,1763940259.881332,1763940205,0.453241,0.000696,-0.094433,0.000872,-30.000000,0.000000,-35.814050,0.000000,0.500000,1,10,10,261.642774
44.906203,1763940259.883243,1763940205,0.452938,0.000696,-0.133819,0.000961,-30.000000,0.000000,-36.847148,0.000000,0.500000,1,10,10,261.396226
44.908182,1763940259.885195,1763940205,0.452802,0.000696,-0.141284,-0.000407,-30.000000,0.000000,-36.158416,0.000000,0.500000,1,10,10,261.140795
44.910203,1763940259.887227,1763940205,0.452563,0.000693,-0.130150,-0.000943,-30.000000,0.000000,-36.502782,0.000000,0.500000,1,10,10,260.903247
44.912183,1763940259.889186,1763940205,0.452295,0.000696,-0.128581,-0.000039,-30.000000,0.000000,-35.469684,-0.344366,0.500000,1,10,10,260.675200
44.914170,1763940259.891160,1763940205,0.451810,0.000700,-0.157697,0.001386,-30.000000,0.000000,-35.814050,-0.344366,0.500000,1,10,10,260.392788
44.916223,1763940259.893246,1763940205,0.451488,0.000696,-0.161847,0.000284,-30.000000,0.000000,-36.502782,0.000000,0.500000,1,10,10,260.097395
44.918181,1763940259.895189,1763940205,0.451326,0.000696,-0.161132,-0.000680,-30.000000,0.000000,-35.814050,0.344366,0.500000,1,10,10,259.808839
44.920179,1763940259.897173,1763940205,0.451000,0.000696,-0.162470,-0.000497,-30.000000,0.000000,-35.469684,0.000000,0.500000,1,10,10,259.520700
44.922196,1763940259.899206,1763940205,0.450656,0.000696,-0.169056,-0.000003,-30.000000,0.000000,-35.469684,0.000000,0.500000,1,10,10,259.220882
44.924194,1763940259.901214,1763940205,0.450285,0.000693,-0.179492,-0.000907,-30.000000,0.000000,-35.469684,0.344366,0.500000,1,10,10,258.902537
44.926178,1763940259.903165,1763940205,0.449921,0.000689,-0.183467,-0.001872,-30.000000,0.000000,-35.469684,-0.344366,0.500000,1,10,10,258.577129
44.928157,1763940259.905092,1763940205,0.449365,0.000689,-0.185477,-0.000967,-30.000000,0.000000,-34.780952,0.000000,0.500000,1,10,10,258.254572
44.930143,1763940259.907067,1763940205,0.449168,0.000693,-0.189592,0.000795,-30.000000,0.000000,-35.125318,0.000000,0.500000,1,10,10,257.921594
44.932157,1763940259.909093,1763940205,0.448752,0.000696,-0.201906,0.001751,-30.000000,0.000000,-35.125318,0.000000,0.500000,1,10,10,257.566980
44.934196,1763940259.911202,1763940205,0.448324,0.000696,-0.212096,0.001086,-30.000000,0.000000,-34.092221,-0.344366,0.500000,1,10,10,257.205415
44.936183,1763940259.913152,1763940205,0.447692,0.000696,-0.210840,0.000075,-30.000000,0.000000,-34.780952,0.000000,0.500000,1,10,10,256.838754
44.938186,1763940259.915173,1763940205,0.447272,0.000693,-0.210757,-0.000682,-30.000000,0.000000,-35.125318,0.000000,0.500000,1,10,10,256.468607
44.940183,1763940259.917165,1763940205,0.447052,0.000693,-0.213869,-0.000925,-30.000000,0.000000,-35.125318,-0.344366,0.500000,1,10,10,256.092975
44.942187,1763940259.919155,1763940205,0.446587,0.000689,-0.225994,-0.001752,-30.000000,0.000000,-34.436587,0.000000,0.500000,1,10,10,255.703841
44.944163,1763940259.921112,1763940205,0.445864,0.000689,-0.239252,-0.000966,-30.000000,0.000000,-34.780952,0.000000,0.500000,1,10,10,255.287766
44.946143,1763940259.923070,1763940205,0.445395,0.000693,-0.237250,0.000915,-30.000000,0.000000,-34.436587,0.000000,0.500000,1,10,10,254.879260
44.948137,1763940259.925053,1763940205,0.445156,0.000693,-0.237301,0.000945,-30.000000,0.000000,-34.436587,0.000000,0.500000,1,10,10,254.470665
44.950153,1763940259.927082,1763940205,0.444660,0.000693,-0.243402,0.000140,-30.000000,0.000000,-34.436587,0.000000,0.500000,1,10,10,254.051568
44.952137,1763940259.929050,1763940205,0.443865,0.000693,-0.262298,0.000001,-30.000000,0.000000,-34.436587,-0.344366,0.500000,1,10,10,253.599914
44.954140,1763940259.931055,1763940205,0.443351,0.000689,-0.261057,-0.000925,-30.000000,0.000000,-34.780952,0.344366,0.500000,1,10,10,253.145899
44.956145,1763940259.933068,1763940205,0.443097,0.000689,-0.258163,-0.000946,-30.000000,0.000000,-34.092221,0.000000,0.500000,1,10,10,252.705828
44.958144,1763940259.935061,1763940205,0.442563,0.000693,-0.264897,0.000795,-30.000000,0.000000,-34.092221,0.000000,0.500000,1,10,10,252.254280
44.960132,1763940259.937039,1763940205,0.441980,0.000693,-0.281038,0.000945,-30.000000,0.000000,-35.125318,0.344366,0.500000,1,10,10,251.760675
44.962143,1763940259.939059,1763940205,0.441121,0.000693,-0.287200,0.000264,-30.000000,0.000000,-34.092221,0.000000,0.500000,1,10,10,251.271111
44.964133,1763940259.941037,1763940205,0.440565,0.000689,-0.280483,-0.000682,-30.000000,0.000000,-33.403489,-0.344366,0.500000,1,10,10,250.802629
44.966148,1763940259.943077,1763940205,0.440277,0.000689,-0.282504,-0.000925,-30.000000,0.000000,-33.403489,0.000000,0.500000,1,10,10,250.330795
44.968149,1763940259.945070,1763940205,0.439668,0.000689,-0.295959,-0.000946,-30.000000,0.000000,-34.092221,0.000000,0.500000,1,10,10,249.826298
44.970134,1763940259.947046,1763940205,0.439066,0.000689,-0.302195,-0.000011,-30.000000,0.000000,-33.747855,0.000000,0.500000,1,10,10,249.316376
44.972155,1763940259.949075,1763940205,0.438173,0.000689,-0.298130,0.000000,-30.000000,0.000000,-34.092221,-0.344366,0.500000,1,10,10,248.808155
44.974142,1763940259.951056,1763940205,0.437560,0.000693,-0.302469,0.000494,-30.000000,0.000000,-33.747855,-0.344366,0.500000,1,10,10,248.297744
44.976135,1763940259.953042,1763940205,0.437253,0.000689,-0.304902,0.000073,-30.000000,0.000000,-33.403489,0.000000,0.500000,1,10,10,247.788504
44.978129,1763940259.955027,1763940205,0.436640,0.000689,-0.307255,-0.000872,-30.000000,0.000000,-33.403489,0.000000,0.500000,1,10,10,247.275331
44.980157,1763940259.957092,1763940205,0.435686,0.000689,-0.316014,-0.000039,-30.000000,0.000000,-33.747855,-0.344366,0.500000,1,10,10,246.742064
44.982162,1763940259.959111,1763940205,0.435061,0.000689,-0.315504,0.000000,-30.000000,0.000000,-33.403489,0.344366,0.500000,1,10,10,246.215089
44.984159,1763940259.961099,1763940205,0.434755,0.000689,-0.313012,0.000000,-30.000000,0.000000,-33.747855,0.000000,0.500000,1,10,10,245.686914
44.986152,1763940259.963080,1763940205,0.434119,0.000689,-0.313835,0.000000,-30.000000,0.000000,-32.714757,0.000000,0.500000,1,10,10,245.173562
44.988137,1763940259.965048,1763940205,0.433468,0.000689,-0.321732,0.000000,-30.000000,0.000000,-33.403489,0.000000,0.500000,1,10,10,244.636214
44.990151,1763940259.967077,1763940205,0.432518,0.000689,-0.317964,0.000000,-30.000000,0.000000,-33.059123,0.000000,0.500000,1,10,10,244.110633
44.992156,1763940259.969088,1763940205,0.431878,0.000689,-0.318558,0.000000,-30.000000,0.000000,-33.059123,-0.344366,0.500000,1,10,10,243.584043
44.994165,1763940259.971089,1763940205,0.431549,0.000689,-0.321795,0.000000,-30.000000,0.000000,-33.747855,-0.344366,0.500000,1,10,10,243.041019
44.996144,1763940259.973089,1763940205,0.430902,0.000689,-0.324085,0.000000,-30.000000,0.000000,-33.747855,-0.344366,0.500000,1,10,10,242.494131
44.998145,1763940259.975058,1763940205,0.430270,0.000689,-0.319634,0.000000,-30.000000,0.000000,-33.403489,0.000000,0.500000,1,10,10,241.960286
45.000151,1763940259.977070,1763940205,0.429301,0.000693,-0.321538,0.000907,-30.000000,0.000000,-33.059123,0.344366,0.500000,1,10,10,241.428767
45.002141,1763940259.979048,1763940205,0.428665,0.000693,-0.320410,0.000264,-30.000000,0.000000,-33.059123,0.344366,0.500000,1,10,10,240.899114
45.004152,1763940259.981070,1763940205,0.428347,0.000693,-0.319200,0.000039,-30.000000,0.000000,-33.403489,-0.344366,0.500000,1,10,10,240.365966
45.006138,1763940259.983040,1763940205,0.427703,0.000693,-0.320201,0.000000,-30.000000,0.000000,-33.059123,0.000000,0.500000,1,10,10,239.836688
45.008159,1763940259.985086,1763940205,0.427067,0.000693,-0.319528,0.000000,-30.000000,0.000000,-33.059123,0.344366,0.500000,1,10,10,239.308494
45.010164,1763940259.987103,1763940205,0.426144,0.000693,-0.309283,0.000000,-30.000000,0.000000,-33.059123,0.000000,0.500000,1,10,10,238.797263
45.012147,1763940259.989068,1763940205,0.425515,0.000696,-0.310210,0.000806,-30.000000,0.000000,-33.059123,0.000000,0.500000,1,10,10,238.284498
45.014159,1763940259.991088,1763940205,0.425201,0.000696,-0.312276,0.000946,-30.000000,0.000000,-32.714757,0.000000,0.500000,1,10,10,237.773694
45.016147,1763940259.993063,1763940205,0.424581,0.000696,-0.311955,0.000074,-30.000000,0.000000,-33.403489,0.000000,0.500000,1,10,10,237.252675
45.018154,1763940259.995076,1763940205,0.423979,0.000696,-0.304863,0.000001,-30.000000,0.000000,-33.403489,-0.344366,0.500000,1,10,10,236.743473
45.020156,1763940259.997072,1763940205,0.423384,0.000700,-0.298530,0.000446,-30.000000,0.000000,-33.403489,0.000000,0.500000,1,10,10,236.244876
45.022156,1763940259.999075,1763940205,0.422495,0.000700,-0.296682,0.000943,-30.000000,0.000000,-32.714757,0.000000,0.500000,1,10,10,235.759580
45.024141,1763940260.001046,1763940205,0.421912,0.000704,-0.293276,0.000928,-30.000000,0.000000,-34.436587,0.000000,0.500000,1,10,10,235.254605
45.026140,1763940260.003041,1763940205,0.421624,0.000704,-0.290976,0.000945,-30.000000,0.000000,-34.092221,-0.344366,0.500000,1,10,10,234.758576
45.028142,1763940260.005047,1763940205,0.421053,0.000704,-0.286211,0.000500,-30.000000,0.000000,-33.403489,0.000000,0.500000,1,10,10,234.280553
45.030181,1763940260.007137,1763940205,0.420496,0.000704,-0.281126,0.000003,-30.000000,0.000000,-34.092221,-0.344366,0.500000,1,10,10,233.801319
45.032172,1763940260.009123,1763940205,0.419702,0.000704,-0.266814,0.000000,-30.000000,0.000000,-33.403489,0.000000,0.500000,1,10,10,233.355692
45.034165,1763940260.011106,1763940205,0.419437,0.000708,-0.264417,0.000940,-30.000000,0.000000,-33.403489,0.000000,0.500000,1,10,10,232.914066
45.036149,1763940260.013068,1763940205,0.418907,0.000708,-0.264240,0.000946,-30.000000,0.000000,-34.092221,-0.344366,0.500000,1,10,10,232.463613
45.038148,1763940260.015064,1763940205,0.418392,0.000708,-0.259916,0.000449,-30.000000,0.000000,-34.092221,0.000000,0.500000,1,10,10,232.020557
45.040159,1763940260.017098,1763940205,0.417684,0.000712,-0.239352,0.000940,-30.000000,0.000000,-34.780952,0.000000,0.500000,1,10,10,231.604309
45.042147,1763940260.019059,1763940205,0.417207,0.000715,-0.236316,0.001872,-30.000000,0.000000,-33.403489,-0.344366,0.500000,1,10,10,231.209587
45.044146,1763940260.021055,1763940205,0.416965,0.000719,-0.237571,0.001878,-30.000000,0.000000,-33.403489,0.344366,0.500000,1,10,10,230.812768
45.046173,1763940260.023094,1763940205,0.416503,0.000723,-0.235201,0.001892,-30.000000,0.000000,-34.780952,0.000000,0.500000,1,10,10,230.403730
45.048154,1763940260.025070,1763940205,0.416083,0.000734,-0.218312,0.003226,-30.000000,0.000000,-34.780952,0.000000,0.500000,1,10,10,230.024034
45.050178,1763940260.027142,1763940205,0.415493,0.000746,-0.199047,0.004891,-30.000000,0.000000,-34.092221,-0.344366,0.500000,1,10,10,229.684616
45.052158,1763940260.029086,1763940205,0.415080,0.000765,-0.201767,0.006567,-30.000000,0.000000,-34.780952,0.344366,0.500000,1,10,10,229.333530
45.054150,1763940260.031068,1763940205,0.414879,0.000776,-0.202443,0.007492,-30.000000,0.000000,-35.125318,0.000000,0.500000,1,10,10,228.977743
45.056150,1763940260.033066,1763940205,0.414509,0.000799,-0.193194,0.009978,-30.000000,0.000000,-35.469684,-0.344366,0.500000,1,10,10,228.634644
45.058150,1763940260.035064,1763940205,0.414016,0.000829,-0.166983,0.012930,-30.000000,0.000000,-35.125318,0.000000,0.500000,1,10,10,228.340499
45.060147,1763940260.037056,1763940205,0.413691,0.000867,-0.162443,0.016480,-30.000000,0.000000,-35.125318,-0.344366,0.500000,1,10,10,228.053728
45.062156,1763940260.039070,1763940205,0.413528,0.000908,-0.162608,0.020131,-30.000000,0.000000,-35.469684,-0.344366,0.500000,1,10,10,227.763130
45.064145,1763940260.041077,1763940205,0.413210,0.000961,-0.160508,0.023774,-30.000000,0.000000,-35.125318,0.000000,0.500000,1,10,10,227.478161
45.066149,1763940260.043062,1763940205,0.412911,0.001022,-0.152971,0.028458,-30.000000,0.000000,-35.469684,0.000000,0.500000,1,10,10,227.202214
45.068154,1763940260.045067,1763940205,0.412635,0.001094,-0.141927,0.032645,-30.000000,0.000000,-35.125318,0.000000,0.500000,1,10,10,226.946444
45.070160,1763940260.047082,1763940205,0.412245,0.001177,-0.130560,0.038024,-30.000000,0.000000,-35.469684,-0.344366,0.500000,1,10,10,226.705266
45.072172,1763940260.049101,1763940205,0.412003,0.001272,-0.124036,0.043459,-30.000000,0.000000,-35.469684,-1.033098,0.500000,1,10,10,226.472079
45.074157,1763940260.051083,1763940205,0.411889,0.001374,-0.119541,0.048555,-30.000000,0.000000,-35.814050,-0.344366,0.500000,1,10,10,226.241022
45.076175,1763940260.053118,1763940205,0.411674,0.001491,-0.111776,0.054162,-30.000000,0.000000,-36.502782,-0.688732,0.500000,1,10,10,226.014286
45.078154,1763940260.055074,1763940205,0.411465,0.001620,-0.105513,0.061503,-30.000000,0.000000,-36.847148,-0.688732,0.500000,1,10,10,225.789241
45.080151,1763940260.057068,1763940205,0.411174,0.001764,-0.098233,0.067576,-30.000000,0.000000,-36.502782,4.132390,0.500000,1,10,10,225.570236
45.082153,1763940260.059067,1763940205,0.410996,0.001927,-0.092562,0.074882,-30.000000,0.000000,-36.502782,6.198586,0.500000,1,10,10,225.349825
45.084156,1763940260.061062,1763940205,0.410909,0.002123,-0.089488,0.087884,-30.000000,0.000000,-36.847148,6.198586,0.500000,1,10,10,225.115499
45.086156,1763940260.063069,1763940205,0.410746,0.002332,-0.083756,0.099986,-30.000000,0.000000,-36.502782,6.542951,0.500000,1,10,10,224.873650
45.088171,1763940260.065071,1763940205,0.410587,0.002555,-0.079680,0.107090,-30.000000,0.000000,-36.502782,6.887317,0.500000,1,10,10,224.625729
45.090158,1763940260.067072,1763940205,0.410443,0.002786,-0.074740,0.112630,-30.000000,0.000000,-36.158416,6.198586,0.500000,1,10,10,224.377784
45.092177,1763940260.069122,1763940205,0.410258,0.003024,-0.063620,0.116861,-30.000000,0.000000,-37.191513,5.854220,0.500000,1,10,10,224.127308
45.094180,1763940260.071138,1763940205,0.410201,0.003270,-0.059974,0.120688,-30.000000,0.000000,-36.502782,5.854220,0.500000,1,10,10,223.878195
45.096165,1763940260.073105,1763940205,0.410099,0.003531,-0.053084,0.125902,-30.000000,0.000000,-36.847148,6.198586,0.500000,1,10,10,223.622927
45.098184,1763940260.075130,1763940205,0.410012,0.003815,-0.046472,0.134805,-30.000000,0.000000,-36.847148,6.542951,0.500000,1,10,10,223.356116
45.100171,1763940260.077111,1763940205,0.409917,0.004114,-0.032932,0.145971,-30.000000,0.000000,-37.191513,6.198586,0.500000,1,10,10,223.074012
45.102169,1763940260.079108,1763940205,0.409872,0.004432,-0.023371,0.153153,-30.000000,0.000000,-29.959830,5.509854,0.500000,1,10,10,222.838041
45.104163,1763940260.081079,1763940205,0.409861,0.004762,-0.018940,0.160749,-30.000000,0.000000,-29.271099,5.509854,0.500000,1,10,10,222.596989
45.106157,1763940260.083069,1763940205,0.409861,0.005117,-0.007019,0.169891,-30.000000,0.000000,-29.271099,5.509854,0.500000,1,10,10,222.343761
45.108148,1763940260.085047,1763940205,0.409868,0.005488,0.002299,0.181381,-30.000000,0.000000,-29.271099,5.509854,0.500000,1,10,10,222.073616
45.110157,1763940260.087061,1763940205,0.409883,0.005874,0.007118,0.189260,-30.000000,0.000000,-29.615464,5.509854,0.500000,1,10,10,221.788355
45.112206,1763940260.089202,1763940205,0.409932,0.006264,0.015319,0.193676,-30.000000,0.000000,-29.615464,5.509854,0.500000,1,10,10,221.495732
45.114191,1763940260.091165,1763940205,0.409982,0.006654,0.021007,0.194788,-30.000000,0.000000,-29.271099,5.165488,0.500000,1,10,10,221.204565
45.116192,1763940260.093163,1763940205,0.410004,0.007052,0.022511,0.196416,-30.000000,0.000000,-29.959830,5.509854,0.500000,1,10,10,220.903442
45.118192,1763940260.095163,1763940205,0.410054,0.007468,0.024937,0.202413,-30.000000,0.000000,-29.959830,5.509854,0.500000,1,10,10,220.592814
45.120175,1763940260.097129,1763940205,0.410114,0.007907,0.027891,0.213876,-30.000000,0.000000,-30.304196,5.165488,0.500000,1,10,10,220.261289
45.122179,1763940260.099119,1763940205,0.410216,0.008365,0.034580,0.223858,-30.000000,0.000000,-29.959830,5.165488,0.500000,1,10,10,219.916968
45.124179,1763940260.101108,1763940205,0.410292,0.008834,0.036683,0.230894,-30.000000,0.000000,-30.648562,4.821122,0.500000,1,10,10,219.554297
45.126158,1763940260.103073,1763940205,0.410371,0.009319,0.039114,0.237897,-30.000000,0.000000,-29.959830,4.821122,0.500000,1,10,10,219.188498
45.128171,1763940260.105104,1763940205,0.410417,0.009811,0.041248,0.244245,-30.000000,0.000000,-29.615464,5.165488,0.500000,1,10,10,218.816168
45.130153,1763940260.107083,1763940205,0.410512,0.010318,0.045178,0.249784,-30.000000,0.000000,-30.304196,4.132390,0.500000,1,10,10,218.427993
45.132170,1763940260.109099,1763940205,0.410606,0.010829,0.047232,0.254150,-30.000000,0.000000,-30.304196,4.132390,0.500000,1,10,10,218.032684
45.134193,1763940260.111169,1763940205,0.410705,0.011348,0.048248,0.257031,-30.000000,0.000000,-29.959830,4.476756,0.500000,1,10,10,217.636579
45.136189,1763940260.113193,1763940205,0.410860,0.011881,0.052264,0.262517,-30.000000,0.000000,-29.959830,4.476756,0.500000,1,10,10,217.231161
45.138181,1763940260.115119,1763940205,0.410973,0.012706,0.054718,0.272586,-30.000000,0.000000,-30.992928,4.821122,0.500000,1,10,10,216.795142
45.140161,1763940260.117079,1763940205,0.411030,0.012979,0.055507,0.274561,-30.000000,0.000000,-29.959830,3.443659,0.500000,1,10,10,216.372768
45.142160,1763940260.119075,1763940205,0.411140,0.013539,0.056273,0.277348,-30.000000,0.000000,-23.416879,3.788025,0.500000,1,10,10,216.037113
45.144160,1763940260.121073,1763940205,0.411276,0.014114,0.063010,0.282739,-30.000000,0.000000,-23.072513,3.788025,0.500000,1,10,10,215.698463
45.146177,1763940260.123115,1763940205,0.411503,0.014701,0.075270,0.289776,-30.000000,0.000000,-22.728147,4.132390,0.500000,1,10,10,215.352654
45.148172,1763940260.125103,1763940205,0.411658,0.015606,0.077443,0.299364,-30.000000,0.000000,-22.383781,4.132390,0.500000,1,10,10,215.000731
45.150215,1763940260.127133,1763940205,0.411742,0.015912,0.078834,0.301810,-30.000000,0.000000,-23.072513,3.788025,0.500000,1,10,10,214.636056
45.152158,1763940260.129062,1763940205,0.411916,0.016541,0.084380,0.309313,-30.000000,0.000000,-23.072513,3.788025,0.500000,1,10,10,214.261234
45.154178,1763940260.131118,1763940205,0.412192,0.017177,0.091544,0.315275,-30.000000,0.000000,-23.416879,3.443659,0.500000,1,10,10,213.872715
45.156164,1763940260.133083,1763940205,0.412378,0.017812,0.092646,0.316924,-30.000000,0.000000,-23.416879,3.443659,0.500000,1,10,10,213.481959
45.158163,1763940260.135078,1763940205,0.412468,0.018463,0.093409,0.322163,-30.000000,0.000000,-23.761245,3.443659,0.500000,1,10,10,213.079283
45.160163,1763940260.137077,1763940205,0.412665,0.019130,0.096580,0.329411,-30.000000,0.000000,-23.072513,3.443659,0.500000,1,10,10,212.678882
45.162162,1763940260.139075,1763940205,0.412877,0.019807,0.102357,0.335044,-30.000000,0.000000,-23.416879,3.788025,0.500000,1,10,10,212.263368
45.164161,1763940260.141072,1763940205,0.413199,0.020504,0.106840,0.343152,-30.000000,0.000000,-23.416879,3.788025,0.500000,1,10,10,211.837097
45.166165,1763940260.143094,1763940205,0.413418,0.021219,0.109105,0.352728,-30.000000,0.000000,-23.416879,2.754927,0.500000,1,10,10,211.401821
45.168171,1763940260.145087,1763940205,0.413532,0.021942,0.110967,0.359017,-30.000000,0.000000,-23.416879,3.443659,0.500000,1,10,10,210.957115
45.170157,1763940260.147058,1763940205,0.413763,0.022684,0.114018,0.365174,-30.000000,0.000000,-23.416879,2.754927,0.500000,1,10,10,210.506107
45.172168,1763940260.149081,1763940205,0.413990,0.023445,0.114815,0.374334,-30.000000,0.000000,-23.416879,2.066195,0.500000,1,10,10,210.045887
45.174177,1763940260.151104,1763940205,0.414327,0.024217,0.113151,0.382173,-30.000000,0.000000,-24.105611,2.410561,0.500000,1,10,10,209.563100
45.176178,1763940260.153097,1763940205,0.414562,0.025398,0.115133,0.391659,-30.000000,0.000000,-23.416879,2.410561,0.500000,1,10,10,209.082601
45.178171,1763940260.155095,1763940205,0.414683,0.025795,0.118226,0.394781,-30.000000,0.000000,-23.761245,2.066195,0.500000,1,10,10,208.591149
45.180167,1763940260.157086,1763940205,0.414925,0.026609,0.120594,0.401103,-30.000000,0.000000,-23.072513,2.066195,0.500000,1,10,10,208.106031
45.182162,1763940260.159072,1763940205,0.415273,0.027449,0.116273,0.411735,-30.000000,0.000000,-23.072513,2.066195,0.500000,1,10,10,207.610492
45.184166,1763940260.161095,1763940205,0.415500,0.028301,0.114969,0.421402,-30.000000,0.000000,-23.761245,1.721829,0.500000,1,10,10,207.090181
45.186161,1763940260.163069,1763940205,0.415618,0.029160,0.115282,0.426972,-30.000000,0.000000,-23.761245,2.754927,0.500000,1,10,10,206.561228
45.188165,1763940260.165077,1763940205,0.415852,0.030034,0.116374,0.432849,-30.000000,0.000000,-23.416879,1.721829,0.500000,1,10,10,206.035015
45.190168,1763940260.167080,1763940205,0.416076,0.030928,0.113871,0.441761,-30.000000,0.000000,-23.072513,1.721829,0.500000,1,10,10,205.507266
45.192157,1763940260.169061,1763940205,0.416405,0.031844,0.110601,0.451883,-30.000000,0.000000,-23.761245,2.066195,0.500000,1,10,10,204.952468
45.194168,1763940260.171080,1763940205,0.416636,0.032767,0.113096,0.458863,-30.000000,0.000000,-23.416879,2.066195,0.500000,1,10,10,204.396984
45.196189,1763940260.173134,1763940205,0.416753,0.033706,0.114290,0.465074,-30.000000,0.000000,-23.416879,1.377463,0.500000,1,10,10,203.835284
45.198168,1763940260.175089,1763940205,0.416976,0.034656,0.113700,0.472254,-30.000000,0.000000,-23.761245,1.721829,0.500000,1,10,10,203.256672
45.200166,1763940260.177080,1763940205,0.417196,0.035617,0.111156,0.476888,-30.000000,0.000000,-23.416879,1.721829,0.500000,1,10,10,202.681795
45.202178,1763940260.179097,1763940205,0.417544,0.036590,0.114972,0.482749,-30.000000,0.000000,-23.761245,1.033098,0.500000,1,10,10,202.091661
45.204165,1763940260.181078,1763940205,0.417786,0.038081,0.118795,0.494370,-30.000000,0.000000,-23.416879,0.344366,0.500000,1,10,10,201.496290
45.206166,1763940260.183079,1763940205,0.417904,0.038581,0.119195,0.497215,-30.000000,0.000000,-23.072513,0.344366,0.500000,1,10,10,200.906372
45.208170,1763940260.185084,1763940205,0.418131,0.039592,0.116134,0.501607,-30.000000,0.000000,-23.761245,1.377463,0.500000,1,10,10,200.293642
45.210171,1763940260.187085,1763940205,0.418358,0.040606,0.114171,0.506486,-30.000000,0.000000,-23.416879,0.000000,0.500000,1,10,10,199.685746
45.212171,1763940260.189085,1763940205,0.418718,0.041632,0.119217,0.510723,-30.000000,0.000000,-23.761245,0.688732,0.500000,1,10,10,199.062402
45.214171,1763940260.191081,1763940205,0.418842,0.042676,0.121352,0.517335,-30.000000,0.000000,-23.416879,0.688732,0.500000,1,10,10,198.439973
45.216181,1763940260.193153,1763940205,0.419088,0.043736,0.123004,0.524784,-30.000000,0.000000,-23.072513,0.688732,0.500000,1,10,10,197.817884
45.218180,1763940260.195115,1763940205,0.419334,0.044807,0.122550,0.531772,-30.000000,0.000000,-23.072513,0.000000,0.500000,1,10,10,197.188337
45.220178,1763940260.197112,1763940205,0.419588,0.045886,0.125171,0.536836,-30.000000,0.000000,-23.072513,0.688732,0.500000,1,10,10,196.552135
45.222173,1763940260.199100,1763940205,0.419982,0.046969,0.131192,0.540667,-30.000000,0.000000,-23.416879,0.344366,0.500000,1,10,10,195.900658
45.224173,1763940260.201097,1763940205,0.420247,0.048051,0.131777,0.541890,-30.000000,0.000000,-23.416879,0.000000,0.500000,1,10,10,195.247699
45.226175,1763940260.203102,1763940205,0.420375,0.049149,0.130868,0.544258,-30.000000,0.000000,-23.072513,0.344366,0.500000,1,10,10,194.601861
45.228229,1763940260.205190,1763940205,0.420633,0.050262,0.128873,0.551126,-30.000000,0.000000,-23.416879,0.344366,0.500000,1,10,10,193.939100
45.230205,1763940260.207148,1763940205,0.420901,0.051382,0.132060,0.557737,-30.000000,0.000000,-24.105611,0.000000,0.500000,1,10,10,193.248284
45.232209,1763940260.209157,1763940205,0.421322,0.052506,0.139367,0.560977,-30.000000,0.000000,-23.072513,0.344366,0.500000,1,10,10,192.581380
45.234190,1763940260.211110,1763940205,0.421594,0.053638,0.138297,0.563426,-30.000000,0.000000,-23.761245,0.000000,0.500000,1,10,10,191.892125
45.236207,1763940260.213142,1763940205,0.421867,0.055345,0.136413,0.567804,-30.000000,0.000000,-23.761245,0.000000,0.500000,1,10,10,191.198343
45.238202,1763940260.215130,1763940205,0.422003,0.055924,0.136714,0.571698,-30.000000,0.000000,-23.761245,0.000000,0.500000,1,10,10,190.499979
45.240197,1763940260.217119,1763940205,0.422279,0.057090,0.136756,0.578558,-30.000000,0.000000,-24.105611,0.000000,0.500000,1,10,10,189.783438
45.242186,1763940260.219096,1763940205,0.422677,0.058256,0.132861,0.582191,-30.000000,0.000000,-23.761245,0.344366,0.500000,1,10,10,189.073902
45.244186,1763940260.221096,1763940205,0.422938,0.060012,0.131574,0.585304,-30.000000,0.000000,-23.416879,0.344366,0.500000,1,10,10,188.371425
45.246195,1763940260.223112,1763940205,0.423074,0.060595,0.132852,0.584366,-30.000000,0.000000,-23.416879,0.344366,0.500000,1,10,10,187.669689
45.248190,1763940260.225101,1763940205,0.423347,0.061764,0.135217,0.584579,-30.000000,0.000000,-23.416879,0.000000,0.500000,1,10,10,186.967167
45.250203,1763940260.227135,1763940205,0.423612,0.062942,0.134002,0.586332,-30.000000,0.000000,-23.761245,0.344366,0.500000,1,10,10,186.252532
45.252198,1763940260.229129,1763940205,0.424001,0.064134,0.129817,0.591824,-30.000000,0.000000,-23.761245,0.000000,0.500000,1,10,10,185.532692
45.254203,1763940260.231122,1763940205,0.424259,0.065341,0.129555,0.598882,-30.000000,0.000000,-23.416879,-0.688732,0.500000,1,10,10,184.814965
45.256195,1763940260.233112,1763940205,0.424388,0.066545,0.128884,0.602333,-30.000000,0.000000,-23.416879,0.000000,0.500000,1,10,10,184.093764
45.258186,1763940260.235094,1763940205,0.424634,0.067760,0.125152,0.604599,-30.000000,0.000000,-24.105611,0.000000,0.500000,1,10,10,183.349603
45.260185,1763940260.237091,1763940205,0.424868,0.068975,0.119712,0.606960,-30.000000,0.000000,-24.105611,0.000000,0.500000,1,10,10,182.603953
45.262201,1763940260.239119,1763940205,0.425216,0.070198,0.116949,0.609070,-30.000000,0.000000,-23.416879,-1.033098,0.500000,1,10,10,181.877094
45.264193,1763940260.241101,1763940205,0.425447,0.071435,0.115966,0.615108,-30.000000,0.000000,-24.105611,0.688732,0.500000,1,10,10,181.122347
45.266202,1763940260.243129,1763940205,0.425561,0.072677,0.114803,0.619431,-30.000000,0.000000,-23.416879,-0.344366,0.500000,1,10,10,180.384659
45.268193,1763940260.245109,1763940205,0.425780,0.073930,0.111045,0.622967,-30.000000,0.000000,-23.072513,0.000000,0.500000,1,10,10,179.654660
45.270196,1763940260.247114,1763940205,0.425992,0.075179,0.107531,0.625172,-30.000000,0.000000,-23.416879,0.000000,0.500000,1,10,10,178.911932
45.272186,1763940260.249093,1763940205,0.426303,0.076443,0.104242,0.628605,-30.000000,0.000000,-23.072513,-0.344366,0.500000,1,10,10,178.176772
45.274193,1763940260.251190,1763940205,0.426500,0.077715,0.100781,0.633597,-30.000000,0.000000,-23.072513,-0.688732,0.500000,1,10,10,177.436320
45.276204,1763940260.253141,1763940205,0.426598,0.078994,0.098341,0.637077,-30.000000,0.000000,-23.416879,-0.344366,0.500000,1,10,10,176.681486
45.278205,1763940260.255143,1763940205,0.426783,0.080285,0.094380,0.642000,-30.000000,0.000000,-23.416879,-1.033098,0.500000,1,10,10,175.920986
45.280214,1763940260.257140,1763940205,0.426969,0.081583,0.092888,0.646727,-30.000000,0.000000,-23.072513,-0.688732,0.500000,1,10,10,175.166913
45.282192,1763940260.259107,1763940205,0.427241,0.082889,0.091116,0.650896,-30.000000,0.000000,-23.416879,-1.033098,0.500000,1,10,10,174.396636
45.284189,1763940260.261098,1763940205,0.427419,0.084195,0.089254,0.652912,-30.000000,0.000000,-23.072513,-0.688732,0.500000,1,10,10,173.636076
45.286195,1763940260.263113,1763940205,0.427586,0.085493,0.086162,0.651060,-30.000000,0.000000,-23.072513,-0.688732,0.500000,1,10,10,172.878110
45.288194,1763940260.265109,1763940205,0.427673,0.086795,0.085242,0.650094,-30.000000,0.000000,-23.416879,-1.377463,0.500000,1,10,10,172.109109
45.290203,1763940260.267128,1763940205,0.427843,0.088112,0.084928,0.653943,-30.000000,0.000000,-22.728147,-0.344366,0.500000,1,10,10,171.359636
45.292210,1763940260.269149,1763940205,0.428010,0.089437,0.083550,0.659576,-30.000000,0.000000,-23.072513,-1.033098,0.500000,1,10,10,170.591883
45.294198,1763940260.271121,1763940205,0.428252,0.090766,0.080974,0.663259,-30.000000,0.000000,-22.383781,-0.688732,0.500000,1,10,10,169.843706
45.296202,1763940260.273129,1763940205,0.428332,0.092098,0.080475,0.665077,-30.000000,0.000000,-23.072513,-1.377463,0.500000,1,10,10,169.069484
45.298197,1763940260.275117,1763940205,0.428483,0.093434,0.077760,0.666954,-30.000000,0.000000,-23.416879,-1.033098,0.500000,1,10,10,168.282531
45.300192,1763940260.277105,1763940205,0.428634,0.094770,0.075937,0.667921,-30.000000,0.000000,-24.105611,-1.033098,0.500000,1,10,10,167.471568
45.302200,1763940260.279124,1763940205,0.428782,0.096099,0.074830,0.666664,-30.000000,0.000000,-22.728147,0.000000,0.500000,1,10,10,166.709209
45.304196,1763940260.281113,1763940205,0.428994,0.097431,0.071053,0.665521,-30.000000,0.000000,-22.728147,0.000000,0.500000,1,10,10,165.948608
45.306223,1763940260.283152,1763940205,0.429066,0.098760,0.070300,0.665415,-30.000000,0.000000,-23.072513,-1.033098,0.500000,1,10,10,165.175922
45.308210,1763940260.285142,1763940205,0.429206,0.100088,0.070065,0.664745,-30.000000,0.000000,-23.416879,-1.033098,0.500000,1,10,10,164.392537
45.310194,1763940260.287110,1763940205,0.429342,0.101417,0.069183,0.664420,-30.000000,0.000000,-22.728147,-1.033098,0.500000,1,10,10,163.632619
45.312196,1763940260.289113,1763940205,0.429535,0.102734,0.064717,0.661093,-30.000000,0.000000,-23.072513,-0.688732,0.500000,1,10,10,162.865978
45.314199,1763940260.291120,1763940205,0.429656,0.104706,0.061819,0.657349,-30.000000,0.000000,-22.039415,-0.688732,0.500000,1,10,10,162.138047
45.316194,1763940260.293107,1763940205,0.429717,0.105364,0.060850,0.657035,-30.000000,0.000000,-22.728147,-1.377463,0.500000,1,10,10,161.386817
45.318207,1763940260.295133,1763940205,0.429838,0.106682,0.060562,0.659127,-30.000000,0.000000,-23.761245,-1.033098,0.500000,1,10,10,160.599692
45.320216,1763940260.297171,1763940205,0.430005,0.107999,0.056521,0.658795,-30.000000,0.000000,-22.383781,-1.721829,0.500000,1,10,10,159.857481
45.322196,1763940260.299114,1763940205,0.430107,0.109948,0.052530,0.651687,-30.000000,0.000000,-22.383781,-1.033098,0.500000,1,10,10,159.124975
45.324200,1763940260.301120,1763940205,0.430160,0.110595,0.051335,0.649999,-30.000000,0.000000,-22.383781,-1.033098,0.500000,1,10,10,158.394462
45.326211,1763940260.303144,1763940205,0.430254,0.111890,0.048141,0.647410,-30.000000,0.000000,-22.728147,-1.377463,0.500000,1,10,10,157.655356
45.328196,1763940260.305111,1763940205,0.430338,0.113181,0.044268,0.646304,-30.000000,0.000000,-22.039415,-0.344366,0.500000,1,10,10,156.941391
45.330195,1763940260.307107,1763940205,0.430413,0.114468,0.040247,0.645221,-30.000000,0.000000,-30.304196,-1.721829,0.500000,1,10,10,155.960267
45.332227,1763940260.309157,1763940205,0.430500,0.115751,0.029999,0.642175,-30.000000,0.000000,-29.959830,-1.377463,0.500000,1,10,10,154.996228
45.334209,1763940260.311134,1763940205,0.430519,0.117022,0.025708,0.638386,-30.000000,0.000000,-30.648562,-0.688732,0.500000,1,10,10,154.016908
45.336198,1763940260.313117,1763940205,0.430561,0.118294,0.020080,0.636053,-30.000000,0.000000,-30.648562,-1.033098,0.500000,1,10,10,153.041163
45.338207,1763940260.315136,1763940205,0.430599,0.119566,0.019191,0.635890,-30.000000,0.000000,-30.304196,-0.688732,0.500000,1,10,10,152.076968
45.340203,1763940260.317126,1763940205,0.430622,0.120830,0.013748,0.634570,-30.000000,0.000000,-29.959830,-1.033098,0.500000,1,10,10,151.125599
45.342197,1763940260.319118,1763940205,0.430629,0.122094,0.003741,0.632409,-30.000000,0.000000,-30.304196,0.000000,0.500000,1,10,10,150.167349
45.344204,1763940260.321127,1763940205,0.430629,0.123351,0.002103,0.630330,-30.000000,0.000000,-29.959830,0.000000,0.500000,1,10,10,149.223114
45.346202,1763940260.323123,1763940205,0.430625,0.124600,-0.000535,0.626823,-30.000000,0.000000,-30.304196,-0.688732,0.500000,1,10,10,148.273101
45.348204,1763940260.325123,1763940205,0.430614,0.125845,-0.004038,0.623915,-30.000000,0.000000,-30.648562,-0.344366,0.500000,1,10,10,147.316915
45.350210,1763940260.327135,1763940205,0.430599,0.127087,-0.007317,0.621782,-30.000000,0.000000,-30.304196,-1.033098,0.500000,1,10,10,146.374173
45.352194,1763940260.329100,1763940205,0.430565,0.128325,-0.010319,0.620106,-30.000000,0.000000,-29.615464,-0.344366,0.500000,1,10,10,145.455746
45.354196,1763940260.331101,1763940205,0.430553,0.129555,-0.011654,0.617324,-30.000000,0.000000,-29.615464,-0.688732,0.500000,1,10,10,144.541219
45.356215,1763940260.333150,1763940205,0.430527,0.130781,-0.013089,0.614348,-30.000000,0.000000,-29.959830,-1.033098,0.500000,1,10,10,143.620174
45.358223,1763940260.335152,1763940205,0.430493,0.132011,-0.015079,0.614548,-30.000000,0.000000,-29.959830,0.000000,0.500000,1,10,10,142.699310
45.360200,1763940260.337118,1763940205,0.430440,0.133245,-0.017457,0.615492,-30.000000,0.000000,-29.615464,-1.033098,0.500000,1,10,10,141.786984
45.362204,1763940260.339124,1763940205,0.430402,0.134472,-0.018095,0.615118,-30.000000,0.000000,-29.615464,0.000000,0.500000,1,10,10,140.875740
45.364198,1763940260.341110,1763940205,0.430383,0.135683,-0.019306,0.609935,-30.000000,0.000000,-29.959830,0.000000,0.500000,1,10,10,139.961605
45.366213,1763940260.343138,1763940205,0.430341,0.136879,-0.020299,0.601986,-30.000000,0.000000,-29.271099,0.000000,0.500000,1,10,10,139.080065
45.368215,1763940260.345147,1763940205,0.430300,0.138056,-0.021041,0.593619,-30.000000,0.000000,-28.582367,0.000000,0.500000,1,10,10,138.231180
45.370218,1763940260.347172,1763940205,0.430228,0.139237,-0.023501,0.589844,-30.000000,0.000000,-29.271099,-1.033098,0.500000,1,10,10,137.366688
45.372220,1763940260.349155,1763940205,0.430175,0.140425,-0.025695,0.591952,-30.000000,0.000000,-29.959830,0.344366,0.500000,1,10,10,136.479055
45.374212,1763940260.351125,1763940205,0.430148,0.141610,-0.026377,0.593281,0.000000,0.000000,-28.926733,-0.344366,0.500000,1,10,10,135.620062
52.431138,1763940267.408140,1763940205,0.448002,0.000791,0.000861,0.000000,-30.000000,0.000000,0.000000,0.000000,0.500000,1,10,10,263.500000
52.433169,1763940267.410126,1763940205,0.448002,0.000791,0.000946,0.000000,-30.000000,0.000000,1.377463,0.344366,0.500000,1,10,10,263.499933
52.435152,1763940267.412100,1763940205,0.448002,0.000791,-0.002374,0.000000,-30.000000,0.000000,-27.204903,0.344366,0.500000,1,10,10,263.496703
52.437146,1763940267.414087,1763940205,0.447980,0.000791,-0.011096,0.000000,-30.000000,0.000000,-28.238001,0.344366,0.500000,1,10,10,263.481036
52.439147,1763940267.416094,1763940205,0.447843,0.000791,-0.052395,0.000000,-30.000000,0.000000,-28.926733,0.000000,0.500000,1,10,10,263.405255
52.441120,1763940267.418040,1763940205,0.447734,0.000791,-0.081053,0.000000,-30.000000,0.000000,-28.926733,-0.344366,0.500000,1,10,10,263.288016
52.443133,1763940267.420061,1763940205,0.447022,0.000791,-0.170197,0.000000,-30.000000,0.000000,-36.502782,0.000000,0.500000,1,10,10,262.977382
52.445127,1763940267.422050,1763940205,0.446799,0.000791,-0.199675,0.000000,-30.000000,0.000000,-37.880245,0.000000,0.500000,1,10,10,262.599195
52.447135,1763940267.424067,1763940205,0.446560,0.000791,-0.158776,0.000000,-30.000000,0.000000,-38.224611,0.000000,0.500000,1,10,10,262.295737
52.449126,1763940267.426048,1763940205,0.446557,0.000791,-0.041586,0.000000,-30.000000,0.000000,-35.125318,-0.344366,0.500000,1,10,10,262.222697
52.451133,1763940267.428060,1763940205,0.446492,0.000791,-0.024560,0.000000,-30.000000,0.000000,-34.780952,-0.344366,0.500000,1,10,10,262.179984
52.453141,1763940267.430074,1763940205,0.446189,0.000787,-0.097004,-0.000682,-30.000000,0.000000,-29.271099,-0.344366,0.500000,1,10,10,262.037999
52.455134,1763940267.432061,1763940205,0.445959,0.000784,-0.112032,-0.001751,-30.000000,0.000000,-29.615464,0.344366,0.500000,1,10,10,261.872074
52.457139,1763940267.434070,1763940205,0.445868,0.000784,-0.103821,-0.001210,-30.000000,0.000000,-33.747855,0.000000,0.500000,1,10,10,261.696875
52.459163,1763940267.436112,1763940205,0.445739,0.000787,-0.077965,0.000731,-30.000000,0.000000,-35.469684,-0.344366,0.500000,1,10,10,261.558593
52.461148,1763940267.438101,1763940205,0.445554,0.000791,-0.086345,0.001817,-30.000000,0.000000,-36.158416,0.344366,0.500000,1,10,10,261.402446
52.463132,1763940267.440078,1763940205,0.445141,0.000791,-0.132639,0.001020,-30.000000,0.000000,-37.535879,0.344366,0.500000,1,10,10,261.153493
52.465128,1763940267.442047,1763940205,0.445016,0.000787,-0.132425,-0.000798,-30.000000,0.000000,-36.847148,-0.344366,0.500000,1,10,10,260.909504
52.467124,1763940267.444062,1763940205,0.444785,0.000791,-0.121878,-0.000010,-30.000000,0.000000,-35.469684,0.000000,0.500000,1,10,10,260.693355
52.469134,1763940267.446052,1763940205,0.444509,0.000791,-0.131497,0.000872,-30.000000,0.000000,-35.469684,-0.344366,0.500000,1,10,10,260.460132
52.471134,1763940267.448056,1763940205,0.444032,0.000791,-0.157093,0.000456,-30.000000,0.000000,-36.502782,-0.344366,0.500000,1,10,10,260.173401
52.473120,1763940267.450033,1763940205,0.443733,0.000791,-0.153238,0.000021,-30.000000,0.000000,-36.158416,0.000000,0.500000,1,10,10,259.896360
52.475127,1763940267.452039,1763940205,0.443582,0.000791,-0.151352,-0.000444,-30.000000,0.000000,-35.814050,0.000000,0.500000,1,10,10,259.625332
52.477128,1763940267.454047,1763940205,0.443279,0.000791,-0.151678,-0.000262,-30.000000,0.000000,-35.814050,-0.344366,0.500000,1,10,10,259.353709
52.479125,1763940267.456144,1763940205,0.442779,0.000787,-0.166824,-0.000909,-30.000000,0.000000,-36.158416,0.344366,0.500000,1,10,10,259.052086
52.481144,1763940267.458081,1763940205,0.442412,0.000780,-0.179074,-0.002563,-30.000000,0.000000,-35.814050,0.000000,0.500000,1,10,10,258.731384
52.483142,1763940267.460074,1763940205,0.442234,0.000776,-0.181288,-0.002802,-30.000000,0.000000,-35.814050,0.000000,0.500000,1,10,10,258.406712
52.485140,1763940267.462061,1763940205,0.441878,0.000780,-0.178941,-0.000315,-30.000000,0.000000,-35.469684,-0.344366,0.500000,1,10,10,258.089348
52.487125,1763940267.464039,1763940205,0.441519,0.000784,-0.179257,0.002242,-30.000000,0.000000,-35.469684,0.000000,0.500000,1,10,10,257.771414
52.489130,1763940267.466049,1763940205,0.440947,0.000791,-0.191300,0.002800,-30.000000,0.000000,-35.469684,0.344366,0.500000,1,10,10,257.432094
52.491146,1763940267.468085,1763940205,0.440523,0.000791,-0.206181,0.001467,-30.000000,0.000000,-35.814050,-0.344366,0.500000,1,10,10,257.062859
52.493149,1763940267.470090,1763940205,0.440300,0.000787,-0.211875,-0.000795,-30.000000,0.000000,-35.469684,-0.344366,0.500000,1,10,10,256.687081
52.495144,1763940267.472081,1763940205,0.439868,0.000787,-0.216707,-0.000945,-30.000000,0.000000,-34.780952,0.000000,0.500000,1,10,10,256.310214
52.497139,1763940267.474071,1763940205,0.439448,0.000784,-0.212357,-0.001014,-30.000000,0.000000,-34.436587,0.000000,0.500000,1,10,10,255.944566
52.499142,1763940267.476075,1763940205,0.439017,0.000784,-0.215247,-0.000947,-30.000000,0.000000,-34.780952,0.000000,0.500000,1,10,10,255.570237
52.501147,1763940267.478083,1763940205,0.438320,0.000784,-0.231791,-0.000006,-30.000000,0.000000,-34.436587,0.344366,0.500000,1,10,10,255.171113
52.503132,1763940267.480052,1763940205,0.438074,0.000784,-0.237254,0.000000,-30.000000,0.000000,-34.780952,0.000000,0.500000,1,10,10,254.758517
52.505137,1763940267.482058,1763940205,0.437597,0.000784,-0.239635,0.000000,-30.000000,0.000000,-34.436587,0.344366,0.500000,1,10,10,254.345885
52.507149,1763940267.484091,1763940205,0.437132,0.000784,-0.234959,0.000000,-30.000000,0.000000,-34.436587,0.000000,0.500000,1,10,10,253.941325
52.509137,1763940267.486061,1763940205,0.436390,0.000784,-0.247504,0.000000,-30.000000,0.000000,-33.747855,0.000000,0.500000,1,10,10,253.523689
52.511151,1763940267.488081,1763940205,0.435852,0.000784,-0.261990,0.000000,-30.000000,0.000000,-34.780952,0.000000,0.500000,1,10,10,253.068077
52.513139,1763940267.490066,1763940205,0.435584,0.000784,-0.267226,0.000000,-30.000000,0.000000,-34.092221,0.000000,0.500000,1,10,10,252.612560
52.515128,1763940267.492044,1763940205,0.435065,0.000784,-0.262278,0.000000,-30.000000,0.000000,-34.436587,-0.344366,0.500000,1,10,10,252.160940
52.517131,1763940267.494047,1763940205,0.434270,0.000784,-0.265887,0.000000,-30.000000,0.000000,-34.092221,-0.344366,0.500000,1,10,10,251.707683
52.519148,1763940267.496074,1763940205,0.433687,0.000784,-0.282867,0.000000,-30.000000,0.000000,-34.436587,0.000000,0.500000,1,10,10,251.220635
52.521154,1763940267.498087,1763940205,0.433396,0.000784,-0.287669,0.000000,-30.000000,0.000000,-34.092221,0.000000,0.500000,1,10,10,250.730272
52.523131,1763940267.500048,1763940205,0.432840,0.000780,-0.283284,-0.000682,-30.000000,0.000000,-33.747855,-0.344366,0.500000,1,10,10,250.252234
52.525146,1763940267.502079,1763940205,0.432291,0.000780,-0.276348,-0.000945,-30.000000,0.000000,-33.403489,0.000000,0.500000,1,10,10,249.790681
52.527137,1763940267.504061,1763940205,0.431708,0.000784,-0.287218,0.000417,-30.000000,0.000000,-34.436587,0.344366,0.500000,1,10,10,249.296115
52.529133,1763940267.506052,1763940205,0.430803,0.000784,-0.299602,0.000943,-30.000000,0.000000,-34.436587,0.000000,0.500000,1,10,10,248.780248
52.531136,1763940267.508054,1763940205,0.430516,0.000784,-0.294771,0.000264,-30.000000,0.000000,-33.747855,0.344366,0.500000,1,10,10,248.282829
52.533149,1763940267.510084,1763940205,0.429940,0.000784,-0.289228,0.000001,-30.000000,0.000000,-33.403489,0.000000,0.500000,1,10,10,247.799767
52.535136,1763940267.512058,1763940205,0.429331,0.000784,-0.299925,0.000000,-30.000000,0.000000,-33.747855,-0.344366,0.500000,1,10,10,247.293649
52.537145,1763940267.514062,1763940205,0.428415,0.000784,-0.305516,0.000000,-30.000000,0.000000,-33.747855,-0.344366,0.500000,1,10,10,246.778096
52.539133,1763940267.516085,1763940205,0.428116,0.000784,-0.302636,0.000000,-30.000000,0.000000,-33.747855,0.000000,0.500000,1,10,10,246.267430
52.541132,1763940267.518048,1763940205,0.427503,0.000787,-0.303997,0.000872,-30.000000,0.000000,-34.092221,-0.344366,0.500000,1,10,10,245.749205
52.543141,1763940267.520066,1763940205,0.426882,0.000787,-0.309064,0.000946,-30.000000,0.000000,-33.747855,-0.344366,0.500000,1,10,10,245.227663
52.545155,1763940267.522092,1763940205,0.425958,0.000784,-0.308317,-0.000867,-30.000000,0.000000,-33.403489,0.000000,0.500000,1,10,10,244.712717
52.547149,1763940267.524081,1763940205,0.425330,0.000787,-0.311641,0.000435,-30.000000,0.000000,-33.747855,0.000000,0.500000,1,10,10,244.186855
52.549134,1763940267.526054,1763940205,0.425020,0.000784,-0.312410,0.000015,-30.000000,0.000000,-33.747855,0.344366,0.500000,1,10,10,243.659669
52.551134,1763940267.528051,1763940205,0.424403,0.000784,-0.309411,-0.000480,-30.000000,0.000000,-33.403489,0.000000,0.500000,1,10,10,243.142899
52.553131,1763940267.530044,1763940205,0.423793,0.000787,-0.305780,0.000923,-30.000000,0.000000,-33.747855,0.000000,0.500000,1,10,10,242.626925
52.555150,1763940267.532082,1763940205,0.422870,0.000791,-0.308205,0.001182,-30.000000,0.000000,-33.059123,0.000000,0.500000,1,10,10,242.117471
52.557158,1763940267.534103,1763940205,0.422264,0.000791,-0.303633,0.000948,-30.000000,0.000000,-33.403489,0.000000,0.500000,1,10,10,241.610348
52.559151,1763940267.536085,1763940205,0.421965,0.000791,-0.301257,0.000265,-30.000000,0.000000,-33.403489,0.000000,0.500000,1,10,10,241.107197
52.561149,1763940267.538082,1763940205,0.421363,0.000795,-0.300861,0.000808,-30.000000,0.000000,-33.059123,0.344366,0.500000,1,10,10,240.609859
52.563144,1763940267.540062,1763940205,0.420758,0.000795,-0.301401,0.000946,-30.000000,0.000000,-33.403489,0.344366,0.500000,1,10,10,240.106438
52.565136,1763940267.542051,1763940205,0.419891,0.000795,-0.289822,0.000140,-30.000000,0.000000,-33.747855,0.000000,0.500000,1,10,10,239.617394
52.567142,1763940267.544065,1763940205,0.419316,0.000799,-0.287228,0.000940,-30.000000,0.000000,-33.059123,-0.344366,0.500000,1,10,10,239.142591
52.569150,1763940267.546102,1763940205,0.419020,0.000802,-0.290847,0.001752,-30.000000,0.000000,-34.092221,0.344366,0.500000,1,10,10,238.646775
52.571149,1763940267.548082,1763940205,0.418430,0.000802,-0.293801,0.001465,-30.000000,0.000000,-33.747855,0.000000,0.500000,1,10,10,238.151011
52.573153,1763940267.550087,1763940205,0.417873,0.000810,-0.283509,0.001890,-30.000000,0.000000,-34.780952,0.344366,0.500000,1,10,10,237.657941
52.575138,1763940267.552058,1763940205,0.417041,0.000818,-0.278223,0.003054,-30.000000,0.000000,-33.059123,-0.344366,0.500000,1,10,10,237.197997
52.577133,1763940267.554045,1763940205,0.416469,0.000821,-0.283657,0.003405,-30.000000,0.000000,-34.092221,0.000000,0.500000,1,10,10,236.714438
52.579147,1763940267.556073,1763940205,0.416193,0.000829,-0.281180,0.003048,-30.000000,0.000000,-34.092221,0.000000,0.500000,1,10,10,236.235107
52.581138,1763940267.558051,1763940205,0.415667,0.000836,-0.268452,0.003210,-30.000000,0.000000,-33.747855,0.000000,0.500000,1,10,10,235.782090
52.583152,1763940267.560078,1763940205,0.414868,0.000848,-0.266001,0.004498,-30.000000,0.000000,-33.747855,0.344366,0.500000,1,10,10,235.333154
52.585142,1763940267.562066,1763940205,0.414327,0.000859,-0.268355,0.005478,-30.000000,0.000000,-34.436587,0.000000,0.500000,1,10,10,234.870996
52.587154,1763940267.564085,1763940205,0.414069,0.000871,-0.265391,0.006313,-30.000000,0.000000,-34.436587,-0.344366,0.500000,1,10,10,234.413886
52.589149,1763940267.566071,1763940205,0.413574,0.000889,-0.253050,0.008123,-30.000000,0.000000,-33.747855,0.000000,0.500000,1,10,10,233.986672
52.591138,1763940267.568055,1763940205,0.413074,0.000912,-0.250054,0.009609,-30.000000,0.000000,-34.436587,0.000000,0.500000,1,10,10,233.555805
52.593141,1763940267.570060,1763940205,0.412291,0.000935,-0.258330,0.010635,-30.000000,0.000000,-34.780952,0.000000,0.500000,1,10,10,233.106175
52.595156,1763940267.572086,1763940205,0.411814,0.000973,-0.247435,0.012712,-30.000000,0.000000,-34.780952,0.000000,0.500000,1,10,10,232.675306
52.597147,1763940267.574073,1763940205,0.411586,0.000988,-0.236846,0.013652,-30.000000,0.000000,-34.092221,0.000000,0.500000,1,10,10,232.270906
52.599142,1763940267.576060,1763940205,0.411125,0.001018,-0.231290,0.014997,-30.000000,0.000000,-34.092221,0.000000,0.500000,1,10,10,231.875819
52.601157,1763940267.578090,1763940205,0.410390,0.001056,-0.242880,0.016886,-30.000000,0.000000,-34.780952,0.000000,0.500000,1,10,10,231.452419
52.603148,1763940267.580075,1763940205,0.409932,0.001117,-0.232740,0.020224,-30.000000,0.000000,-34.436587,0.000000,0.500000,1,10,10,231.050171
52.605137,1763940267.582052,1763940205,0.409724,0.001143,-0.222490,0.021453,-30.000000,0.000000,-34.436587,0.000000,0.500000,1,10,10,230.665305
52.607153,1763940267.584079,1763940205,0.409315,0.001192,-0.207563,0.023980,-30.000000,0.000000,-34.436587,0.000000,0.500000,1,10,10,230.305540
52.609156,1763940267.586091,1763940205,0.408892,0.001249,-0.210630,0.027128,-30.000000,0.000000,-34.436587,-0.344366,0.500000,1,10,10,229.939857
52.611142,1763940267.588064,1763940205,0.408256,0.001310,-0.210754,0.029245,-30.000000,0.000000,-34.780952,0.000000,0.500000,1,10,10,229.569834
52.613139,1763940267.590053,1763940205,0.407870,0.001378,-0.197010,0.031876,-30.000000,0.000000,-34.436587,-0.688732,0.500000,1,10,10,229.226135
52.615152,1763940267.592070,1763940205,0.407688,0.001450,-0.191370,0.035141,-30.000000,0.000000,-35.125318,-0.344366,0.500000,1,10,10,228.884402
52.617147,1763940267.594069,1763940205,0.407321,0.001529,-0.184648,0.038331,-30.000000,0.000000,-35.125318,-0.344366,0.500000,1,10,10,228.553182
52.619156,1763940267.596082,1763940205,0.406946,0.001620,-0.185319,0.042339,-30.000000,0.000000,-35.125318,-0.344366,0.500000,1,10,10,228.219310
52.621159,1763940267.598088,1763940205,0.406579,0.001715,-0.184661,0.045916,-30.000000,0.000000,-35.125318,0.000000,0.500000,1,10,10,227.885122
52.623141,1763940267.600052,1763940205,0.406057,0.001817,-0.173494,0.049459,-30.000000,0.000000,-35.814050,0.000000,0.500000,1,10,10,227.562068
52.625159,1763940267.602092,1763940205,0.405898,0.001930,-0.167389,0.054043,-30.000000,0.000000,-35.125318,0.000000,0.500000,1,10,10,227.253146
52.627152,1763940267.604078,1763940205,0.405583,0.002051,-0.158883,0.058298,-30.000000,0.000000,-34.780952,-1.377463,0.500000,1,10,10,226.958597
52.629143,1763940267.606057,1763940205,0.405129,0.002180,-0.152077,0.062638,-30.000000,0.000000,-35.814050,-0.688732,0.500000,1,10,10,226.664023
52.631142,1763940267.608054,1763940205,0.404830,0.002332,-0.148734,0.070096,-30.000000,0.000000,-36.158416,6.198586,0.500000,1,10,10,226.362421
52.633160,1763940267.610093,1763940205,0.404683,0.002517,-0.147895,0.083423,-30.000000,0.000000,-35.125318,6.542951,0.500000,1,10,10,226.059076
52.635159,1763940267.612087,1763940205,0.404391,0.002718,-0.146496,0.096188,-30.000000,0.000000,-35.469684,5.854220,0.500000,1,10,10,225.744065
52.637159,1763940267.614084,1763940205,0.404115,0.002930,-0.140895,0.103289,-30.000000,0.000000,-35.469684,7.231683,0.500000,1,10,10,225.427865
52.639155,1763940267.616081,1763940205,0.403721,0.003145,-0.130489,0.106799,-30.000000,0.000000,-35.125318,6.887317,0.500000,1,10,10,225.126081
52.641157,1763940267.618071,1763940205,0.403471,0.003369,-0.126257,0.109491,-30.000000,0.000000,-35.125318,6.887317,0.500000,1,10,10,224.826986
52.643147,1763940267.620062,1763940205,0.403350,0.003592,-0.124660,0.111347,-30.000000,0.000000,-36.158416,6.542951,0.500000,1,10,10,224.519888
52.645152,1763940267.622072,1763940205,0.403112,0.003823,-0.120383,0.113901,-30.000000,0.000000,-36.158416,6.198586,0.500000,1,10,10,224.215896
52.647149,1763940267.624064,1763940205,0.402877,0.004077,-0.118364,0.121455,-30.000000,0.000000,-36.502782,6.198586,0.500000,1,10,10,223.901937
52.649162,1763940267.626088,1763940205,0.402533,0.004353,-0.114342,0.131942,-30.000000,0.000000,-36.158416,6.198586,0.500000,1,10,10,223.581681
52.651197,1763940267.628179,1763940205,0.402313,0.004648,-0.109790,0.144058,-30.000000,0.000000,-36.158416,6.542951,0.500000,1,10,10,223.248902
52.653161,1763940267.630091,1763940205,0.402113,0.005140,-0.103252,0.160414,-30.000000,0.000000,-36.158416,5.509854,0.500000,1,10,10,222.900022
52.655149,1763940267.632065,1763940205,0.402014,0.005314,-0.099985,0.166062,-30.000000,0.000000,-36.502782,5.854220,0.500000,1,10,10,222.541719
52.657150,1763940267.634066,1763940205,0.401829,0.005666,-0.094454,0.174070,-30.000000,0.000000,-36.847148,6.198586,0.500000,1,10,10,222.171722
52.659148,1763940267.636062,1763940205,0.401567,0.006018,-0.086658,0.176589,-30.000000,0.000000,-36.502782,5.854220,0.500000,1,10,10,221.808118
52.661147,1763940267.638060,1763940205,0.401416,0.006366,-0.078313,0.175261,-30.000000,0.000000,-36.847148,5.165488,0.500000,1,10,10,221.450998
52.663158,1763940267.640090,1763940205,0.401348,0.006718,-0.073526,0.174811,-30.000000,0.000000,-36.847148,4.476756,0.500000,1,10,10,221.099037
52.665167,1763940267.642102,1763940205,0.401215,0.007086,-0.067858,0.179149,-30.000000,0.000000,-37.191513,5.509854,0.500000,1,10,10,220.738910
52.667161,1763940267.644080,1763940205,0.401087,0.007479,-0.064550,0.189721,-30.000000,0.000000,-36.847148,5.509854,0.500000,1,10,10,220.365594
52.669159,1763940267.646084,1763940205,0.400969,0.007903,-0.060357,0.204175,-30.000000,0.000000,-37.191513,5.854220,0.500000,1,10,10,219.964798
52.671150,1763940267.648066,1763940205,0.400814,0.008346,-0.051137,0.216777,-30.000000,0.000000,-36.847148,4.821122,0.500000,1,10,10,219.550957
52.673149,1763940267.650061,1763940205,0.400769,0.008796,-0.048741,0.223022,-30.000000,0.000000,-36.847148,5.509854,0.500000,1,10,10,219.125696
52.675153,1763940267.652071,1763940205,0.400682,0.009247,-0.044798,0.225159,-30.000000,0.000000,-36.847148,4.476756,0.500000,1,10,10,218.699633
52.677157,1763940267.654108,1763940205,0.400602,0.009705,-0.040476,0.227469,-30.000000,0.000000,-31.681660,5.509854,0.500000,1,10,10,218.328149
52.679171,1763940267.656107,1763940205,0.400527,0.010174,-0.025610,0.232036,-30.000000,0.000000,-29.271099,4.821122,0.500000,1,10,10,217.981886
52.681158,1763940267.658084,1763940205,0.400500,0.010901,-0.015057,0.240443,-30.000000,0.000000,-29.271099,4.132390,0.500000,1,10,10,217.625799
52.683155,1763940267.660074,1763940205,0.400489,0.011147,-0.012708,0.243164,-30.000000,0.000000,-29.271099,4.476756,0.500000,1,10,10,217.265286
52.685151,1763940267.662064,1763940205,0.400474,0.011658,-0.008438,0.250611,-30.000000,0.000000,-29.959830,4.132390,0.500000,1,10,10,216.886103
52.687152,1763940267.664067,1763940205,0.400477,0.012184,-0.000955,0.258515,-30.000000,0.000000,-29.271099,4.821122,0.500000,1,10,10,216.502652
52.689151,1763940267.666066,1763940205,0.400493,0.012714,0.005862,0.264078,-30.000000,0.000000,-30.304196,4.132390,0.500000,1,10,10,216.098716
52.691168,1763940267.668107,1763940205,0.400519,0.013248,0.008476,0.266235,-30.000000,0.000000,-29.959830,3.099293,0.500000,1,10,10,215.697566
52.693179,1763940267.670109,1763940205,0.400527,0.013789,0.009195,0.268996,-30.000000,0.000000,-29.959830,5.165488,0.500000,1,10,10,215.288428
52.695153,1763940267.672069,1763940205,0.400557,0.014345,0.012881,0.274597,-30.000000,0.000000,-29.959830,3.443659,0.500000,1,10,10,214.873920
52.697154,1763940267.674072,1763940205,0.400591,0.014913,0.016592,0.280625,-30.000000,0.000000,-29.615464,3.443659,0.500000,1,10,10,214.454847
52.699170,1763940267.676106,1763940205,0.400648,0.015492,0.017977,0.286692,-30.000000,0.000000,-29.959830,3.443659,0.500000,1,10,10,214.021708
52.701157,1763940267.678080,1763940205,0.400667,0.016090,0.018490,0.294048,-30.000000,0.000000,-29.959830,4.132390,0.500000,1,10,10,213.576178
52.703171,1763940267.680101,1763940205,0.400708,0.016696,0.021327,0.300423,-30.000000,0.000000,-29.959830,3.788025,0.500000,1,10,10,213.121422
52.705153,1763940267.682062,1763940205,0.400761,0.017301,0.024410,0.302775,-30.000000,0.000000,-29.959830,3.788025,0.500000,1,10,10,212.662774
52.707167,1763940267.684092,1763940205,0.400814,0.017907,0.026044,0.303235,-30.000000,0.000000,-30.304196,3.443659,0.500000,1,10,10,212.198650
52.709169,1763940267.686098,1763940205,0.400894,0.018532,0.026609,0.307589,-30.000000,0.000000,-29.959830,3.788025,0.500000,1,10,10,211.732480
52.711164,1763940267.688092,1763940205,0.400950,0.019168,0.028238,0.314560,-30.000000,0.000000,-29.959830,3.099293,0.500000,1,10,10,211.256853
52.713165,1763940267.690093,1763940205,0.400981,0.019811,0.029182,0.319952,-30.000000,0.000000,-30.648562,3.099293,0.500000,1,10,10,210.762003
52.715153,1763940267.692065,1763940205,0.401041,0.020473,0.030705,0.326357,-30.000000,0.000000,-30.648562,2.754927,0.500000,1,10,10,210.257650
52.717159,1763940267.694078,1763940205,0.401106,0.021147,0.031223,0.334031,-30.000000,0.000000,-30.304196,3.788025,0.500000,1,10,10,209.745361
52.719164,1763940267.696077,1763940205,0.401200,0.021828,0.031227,0.338842,-30.000000,0.000000,-29.959830,3.443659,0.500000,1,10,10,209.232272
52.721170,1763940267.698096,1763940205,0.401261,0.022873,0.031908,0.346120,-30.000000,0.000000,-30.304196,3.099293,0.500000,1,10,10,208.702856
52.723168,1763940267.700093,1763940205,0.401295,0.023225,0.031706,0.349247,-30.000000,0.000000,-30.304196,3.099293,0.500000,1,10,10,208.168727
52.725167,1763940267.702091,1763940205,0.401355,0.023937,0.032036,0.354293,-30.000000,0.000000,-29.959830,2.754927,0.500000,1,10,10,207.633585
52.727166,1763940267.704089,1763940205,0.401454,0.024663,0.032609,0.359182,-30.000000,0.000000,-30.648562,3.443659,0.500000,1,10,10,207.077423
52.729172,1763940267.706111,1763940205,0.401518,0.025398,0.032987,0.365296,-30.000000,0.000000,-30.304196,2.754927,0.500000,1,10,10,206.519380
52.731182,1763940267.708152,1763940205,0.401552,0.026143,0.032748,0.370165,-30.000000,0.000000,-30.304196,2.754927,0.500000,1,10,10,205.953990
52.733161,1763940267.710083,1763940205,0.401617,0.026912,0.032891,0.378256,-30.000000,0.000000,-29.959830,2.066195,0.500000,1,10,10,205.383876
52.735165,1763940267.712092,1763940205,0.401685,0.027699,0.032609,0.388507,-30.000000,0.000000,-29.959830,2.410561,0.500000,1,10,10,204.797963
52.737156,1763940267.714069,1763940205,0.401783,0.028494,0.033935,0.394909,-30.000000,0.000000,-29.959830,2.410561,0.500000,1,10,10,204.202294
52.739157,1763940267.716070,1763940205,0.401851,0.029705,0.033253,0.402335,-30.000000,0.000000,-29.959830,2.410561,0.500000,1,10,10,203.595590
52.741165,1763940267.718084,1763940205,0.401882,0.030114,0.032323,0.405172,-30.000000,0.000000,-30.304196,2.066195,0.500000,1,10,10,202.978289
52.743152,1763940267.720054,1763940205,0.401942,0.030950,0.030432,0.413143,-30.000000,0.000000,-30.304196,2.754927,0.500000,1,10,10,202.348006
52.745161,1763940267.722065,1763940205,0.402003,0.031802,0.030281,0.421651,-30.000000,0.000000,-30.304196,1.721829,0.500000,1,10,10,201.706437
52.747162,1763940267.724076,1763940205,0.402090,0.033096,0.028692,0.430485,-30.000000,0.000000,-30.992928,2.754927,0.500000,1,10,10,201.035222
52.749152,1763940267.726053,1763940205,0.402113,0.033536,0.027082,0.433541,-30.000000,0.000000,-29.615464,2.066195,0.500000,1,10,10,200.390430
52.751168,1763940267.728101,1763940205,0.402162,0.034425,0.024656,0.440849,-30.000000,0.000000,-30.648562,2.410561,0.500000,1,10,10,199.711715
52.753173,1763940267.730112,1763940205,0.402207,0.035326,0.023437,0.447042,-30.000000,0.000000,-30.648562,1.721829,0.500000,1,10,10,199.024633
52.755175,1763940267.732113,1763940205,0.402271,0.036234,0.021351,0.452540,-30.000000,0.000000,-29.959830,1.377463,0.500000,1,10,10,198.345262
52.757165,1763940267.734091,1763940205,0.402309,0.037162,0.018599,0.458853,-30.000000,0.000000,-30.304196,2.066195,0.500000,1,10,10,197.647817
52.759183,1763940267.736127,1763940205,0.402324,0.038097,0.017346,0.465452,-30.000000,0.000000,-30.648562,1.033098,0.500000,1,10,10,196.933645
52.761164,1763940267.738108,1763940205,0.402351,0.039039,0.015159,0.469471,-30.000000,0.000000,-29.615464,1.377463,0.500000,1,10,10,196.237351
52.763161,1763940267.740078,1763940205,0.402381,0.039993,0.013393,0.474130,-30.000000,0.000000,-30.648562,1.033098,0.500000,1,10,10,195.510078
52.765159,1763940267.742069,1763940205,0.402404,0.040954,0.012596,0.479004,-30.000000,0.000000,-30.648562,0.688732,0.500000,1,10,10,194.775600
52.767160,1763940267.744179,1763940205,0.402430,0.041931,0.009540,0.483977,-30.000000,0.000000,-29.959830,1.377463,0.500000,1,10,10,194.049700
52.769168,1763940267.746095,1763940205,0.402438,0.042919,0.008721,0.491003,-30.000000,0.000000,-29.271099,1.377463,0.500000,1,10,10,193.330181
52.771224,1763940267.748225,1763940205,0.402457,0.043922,0.008053,0.497817,-30.000000,0.000000,-29.959830,1.033098,0.500000,1,10,10,192.583914
52.773198,1763940267.750176,1763940205,0.402468,0.044932,0.007596,0.503702,-30.000000,0.000000,-30.304196,0.688732,0.500000,1,10,10,191.820417
52.775183,1763940267.752142,1763940205,0.402487,0.045954,0.005736,0.507769,-30.000000,0.000000,-29.615464,1.377463,0.500000,1,10,10,191.067665
52.777196,1763940267.754166,1763940205,0.402499,0.046972,0.005283,0.509293,-30.000000,0.000000,-29.615464,0.688732,0.500000,1,10,10,190.313273
52.779187,1763940267.756136,1763940205,0.402502,0.047991,0.005010,0.509767,-30.000000,0.000000,-30.304196,1.721829,0.500000,1,10,10,189.539586
52.781169,1763940267.758096,1763940205,0.402514,0.049028,0.005255,0.514405,-30.000000,0.000000,-30.304196,0.688732,0.500000,1,10,10,188.759913
52.783175,1763940267.760106,1763940205,0.402521,0.050084,0.004753,0.522896,-30.000000,0.000000,-30.304196,1.033098,0.500000,1,10,10,187.967122
52.785160,1763940267.762068,1763940205,0.402529,0.051144,0.004085,0.528543,-30.000000,0.000000,-30.648562,0.344366,0.500000,1,10,10,187.157092
52.787158,1763940267.764059,1763940205,0.402540,0.052211,0.003049,0.531516,-30.000000,0.000000,-30.304196,0.000000,0.500000,1,10,10,186.351721
52.789160,1763940267.766064,1763940205,0.402544,0.053808,0.002840,0.532744,-30.000000,0.000000,-30.304196,0.000000,0.500000,1,10,10,185.544490
52.791180,1763940267.768109,1763940205,0.402548,0.054346,0.002839,0.533618,-30.000000,0.000000,-29.615464,0.000000,0.500000,1,10,10,184.754312
52.793173,1763940267.770110,1763940205,0.402552,0.055432,0.002142,0.539055,-30.000000,0.000000,-29.615464,0.344366,0.500000,1,10,10,183.956032
52.795174,1763940267.772107,1763940205,0.402555,0.056537,0.001859,0.547664,-30.000000,0.000000,-30.648562,0.000000,0.500000,1,10,10,183.116772
52.797187,1763940267.774119,1763940205,0.402555,0.057646,0.000948,0.553322,-30.000000,0.000000,-29.615464,0.344366,0.500000,1,10,10,182.297371
52.799167,1763940267.776087,1763940205,0.402559,0.059312,0.000941,0.555431,-30.000000,0.000000,-30.648562,0.688732,0.500000,1,10,10,181.445996
52.801178,1763940267.778111,1763940205,0.402559,0.059864,0.000946,0.555218,-30.000000,0.000000,-29.615464,0.344366,0.500000,1,10,10,180.623787
52.803185,1763940267.780127,1763940205,0.402559,0.060970,0.000140,0.553482,-30.000000,0.000000,-30.304196,0.344366,0.500000,1,10,10,179.785091
52.805172,1763940267.782090,1763940205,0.402559,0.062082,-0.000806,0.554195,-30.000000,0.000000,-30.648562,0.000000,0.500000,1,10,10,178.935826
52.807167,1763940267.784076,1763940205,0.402555,0.063210,-0.000946,0.560122,-30.000000,0.000000,-29.615464,-0.344366,0.500000,1,10,10,178.106355
52.809158,1763940267.786057,1763940205,0.402555,0.064353,-0.000140,0.567642,-30.000000,0.000000,-30.304196,-0.344366,0.500000,1,10,10,177.246202
52.811159,1763940267.788060,1763940205,0.402555,0.065508,-0.000001,0.574113,-30.000000,0.000000,-29.615464,0.000000,0.500000,1,10,10,176.396071
52.813202,1763940267.790164,1763940205,0.402555,0.066659,0.000000,0.576227,-30.000000,0.000000,-30.304196,0.000000,0.500000,1,10,10,175.522966
52.815175,1763940267.792105,1763940205,0.402555,0.067813,0.000000,0.576279,-30.000000,0.000000,-29.615464,0.000000,0.500000,1,10,10,174.669628
52.817175,1763940267.794146,1763940205,0.402555,0.068971,0.000000,0.578533,-30.000000,0.000000,-29.615464,0.000000,0.500000,1,10,10,173.812952
52.819173,1763940267.796099,1763940205,0.402555,0.070141,0.000000,0.582011,-30.000000,0.000000,-30.304196,0.344366,0.500000,1,10,10,172.931026
52.821168,1763940267.798086,1763940205,0.402555,0.071322,0.000000,0.587594,-30.000000,0.000000,-30.304196,0.000000,0.500000,1,10,10,172.040697
52.823180,1763940267.800097,1763940205,0.402555,0.072510,0.000000,0.592560,-30.000000,0.000000,-29.959830,0.344366,0.500000,1,10,10,171.152989
52.825225,1763940267.802181,1763940205,0.402555,0.073706,0.000000,0.595906,-30.000000,0.000000,-29.615464,0.000000,0.500000,1,10,10,170.270587
52.827213,1763940267.804139,1763940205,0.402555,0.074902,0.000000,0.597761,-30.000000,0.000000,-29.615464,0.000000,0.500000,1,10,10,169.385438
52.829208,1763940267.806130,1763940205,0.402555,0.076106,-0.000806,0.599208,-30.000000,0.000000,-29.615464,-0.344366,0.500000,1,10,10,168.498087
52.831208,1763940267.808122,1763940205,0.402552,0.077317,-0.000946,0.603438,-30.000000,0.000000,-30.304196,0.000000,0.500000,1,10,10,167.583751
52.833241,1763940267.810210,1763940205,0.402552,0.078536,-0.000140,0.607749,-30.000000,0.000000,-30.304196,-0.344366,0.500000,1,10,10,166.662825
52.835252,1763940267.812241,1763940205,0.402552,0.079766,0.000000,0.612277,-30.000000,0.000000,-29.615464,-0.344366,0.500000,1,10,10,165.756119
52.837243,1763940267.814222,1763940205,0.402552,0.081004,0.000000,0.617005,-30.000000,0.000000,-29.615464,0.000000,0.500000,1,10,10,164.842474
52.839234,1763940267.816202,1763940205,0.402552,0.082253,0.000000,0.621453,-30.000000,0.000000,-30.304196,-1.033098,0.500000,1,10,10,163.900295
52.841225,1763940267.818182,1763940205,0.402552,0.083502,0.000000,0.624375,-30.000000,0.000000,-29.615464,0.000000,0.500000,1,10,10,162.975737
52.843225,1763940267.820170,1763940205,0.402552,0.084744,0.000000,0.622791,-30.000000,0.000000,-29.615464,0.000000,0.500000,1,10,10,162.053525
52.845213,1763940267.822142,1763940205,0.402552,0.085985,0.000000,0.621346,-30.000000,0.000000,-29.615464,-0.344366,0.500000,1,10,10,161.133390
52.847209,1763940267.824127,1763940205,0.402552,0.087242,0.000000,0.624106,-30.000000,0.000000,-29.615464,-0.688732,0.500000,1,10,10,160.208981
52.849207,1763940267.826112,1763940205,0.402552,0.088513,0.000000,0.632181,-30.000000,0.000000,-29.615464,-1.033098,0.500000,1,10,10,159.272295
52.851203,1763940267.828109,1763940205,0.402552,0.089793,0.000000,0.638454,-30.000000,0.000000,-30.304196,-0.344366,0.500000,1,10,10,158.304842
52.853216,1763940267.830146,1763940205,0.402552,0.091076,0.000000,0.641103,-30.000000,0.000000,-29.615464,-1.033098,0.500000,1,10,10,157.354935
52.855249,1763940267.832236,1763940205,0.402552,0.092367,0.000000,0.643152,-30.000000,0.000000,-29.615464,-1.033098,0.500000,1,10,10,156.401994
52.857245,1763940267.834224,1763940205,0.402552,0.093657,0.000000,0.645199,-30.000000,0.000000,-30.304196,-1.033098,0.500000,1,10,10,155.423814
52.859234,1763940267.836198,1763940205,0.402552,0.095603,0.000000,0.647753,-30.000000,0.000000,-30.304196,-1.033098,0.500000,1,10,10,154.441762
52.861229,1763940267.838187,1763940205,0.402552,0.096254,0.000000,0.648838,-30.000000,0.000000,-29.615464,-1.033098,0.500000,1,10,10,153.480396
52.863219,1763940267.840152,1763940205,0.402552,0.097556,0.000000,0.649941,-30.000000,0.000000,-29.615464,0.000000,0.500000,1,10,10,152.517981
52.865207,1763940267.842124,1763940205,0.402552,0.098862,0.000000,0.651699,-30.000000,0.000000,-30.304196,-1.033098,0.500000,1,10,10,151.529948
52.867223,1763940267.844154,1763940205,0.402552,0.100168,0.000000,0.652846,-30.000000,0.000000,-29.615464,-1.033098,0.500000,1,10,10,150.562643
52.869213,1763940267.846127,1763940205,0.402552,0.101477,0.000000,0.654052,-30.000000,0.000000,-30.304196,-1.033098,0.500000,1,10,10,149.571042
52.871200,1763940267.848099,1763940205,0.402552,0.102779,0.000000,0.652996,-30.000000,0.000000,-30.304196,-1.721829,0.500000,1,10,10,148.580019
52.873214,1763940267.850129,1763940205,0.402552,0.104081,0.000000,0.651109,-30.000000,0.000000,-30.304196,-1.377463,0.500000,1,10,10,147.592434
52.875248,1763940267.852200,1763940205,0.402552,0.105391,0.000000,0.653283,-30.000000,0.000000,-29.615464,-1.377463,0.500000,1,10,10,146.624025
52.877213,1763940267.854134,1763940205,0.402552,0.106712,0.000000,0.657849,-30.000000,0.000000,-30.304196,-1.033098,0.500000,1,10,10,145.626666
52.879210,1763940267.856128,1763940205,0.402552,0.108695,0.000000,0.661177,-30.000000,0.000000,-30.304196,-0.688732,0.500000,1,10,10,144.624585
52.881207,1763940267.858119,1763940205,0.402552,0.109354,0.000000,0.660545,-30.000000,0.000000,-30.304196,-1.033098,0.500000,1,10,10,143.623139
52.883206,1763940267.860116,1763940205,0.402552,0.110667,0.000000,0.657441,-30.000000,0.000000,-29.615464,-1.033098,0.500000,1,10,10,142.649026
52.885211,1763940267.862125,1763940205,0.402552,0.111977,0.000000,0.655424,-30.000000,0.000000,-29.615464,-1.377463,0.500000,1,10,10,141.677442
52.887214,1763940267.864128,1763940205,0.402552,0.113953,0.000000,0.658054,-30.000000,0.000000,-30.304196,-1.033098,0.500000,1,10,10,140.679774
52.889232,1763940267.866178,1763940205,0.402552,0.114611,0.000000,0.658936,-30.000000,0.000000,-29.615464,-0.344366,0.500000,1,10,10,139.703973
52.891219,1763940267.868153,1763940205,0.402552,0.115932,0.000000,0.658881,-30.000000,0.000000,-30.304196,-1.377463,0.500000,1,10,10,138.704599
52.893223,1763940267.870154,1763940205,0.402552,0.117250,-0.000806,0.658926,-30.000000,0.000000,-30.304196,-0.688732,0.500000,1,10,10,137.705929
52.895208,1763940267.872122,1763940205,0.402548,0.118571,-0.000946,0.659977,-30.000000,0.000000,-30.304196,-1.033098,0.500000,1,10,10,136.705343
52.897213,1763940267.874135,1763940205,0.402548,0.119895,-0.000140,0.661966,-30.000000,0.000000,-29.615464,-1.033098,0.500000,1,10,10,135.724525
52.899211,1763940267.876125,1763940205,0.402544,0.121216,-0.000926,0.661005,-30.000000,0.000000,-29.615464,-1.033098,0.500000,1,10,10,134.745131
52.901223,1763940267.878138,1763940205,0.402544,0.122537,-0.001392,0.659868,-30.000000,0.000000,-29.615464,-1.033098,0.500000,1,10,10,133.767420
52.903216,1763940267.880131,1763940205,0.402540,0.123854,-0.000964,0.660083,-30.000000,0.000000,-30.304196,-0.688732,0.500000,1,10,10,132.766997
52.905225,1763940267.882155,1763940205,0.402540,0.125175,-0.000039,0.659994,-30.000000,0.000000,-30.304196,-1.033098,0.500000,1,10,10,131.766386
52.907218,1763940267.884140,1763940205,0.402536,0.127159,-0.000907,0.661274,-30.000000,0.000000,-29.615464,-1.033098,0.500000,1,10,10,130.786592
52.909213,1763940267.886129,1763940205,0.402536,0.127821,-0.000943,0.660979,-30.000000,0.000000,-29.615464,-0.688732,0.500000,1,10,10,129.807567
52.911206,1763940267.888113,1763940205,0.402536,0.129138,-0.001307,0.660208,-30.000000,0.000000,-30.304196,-1.377463,0.500000,1,10,10,128.806179
52.913219,1763940267.890136,1763940205,0.402533,0.130459,-0.000946,0.659559,-30.000000,0.000000,-30.304196,-1.033098,0.500000,1,10,10,127.806227
52.915221,1763940267.892144,1763940205,0.402533,0.131780,-0.000822,0.660182,-30.000000,0.000000,-30.304196,-1.033098,0.500000,1,10,10,126.805330
52.917215,1763940267.894124,1763940205,0.402529,0.133113,-0.000946,0.663674,-30.000000,0.000000,-30.304196,-1.033098,0.500000,1,10,10,125.799140
52.919209,1763940267.896117,1763940205,0.402525,0.134449,-0.001200,0.666797,-30.000000,0.000000,-30.304196,-1.033098,0.500000,1,10,10,124.788214
52.921209,1763940267.898118,1763940205,0.402521,0.135777,-0.001081,0.666432,-30.000000,0.000000,-29.615464,-1.033098,0.500000,1,10,10,123.800779
52.923210,1763940267.900117,1763940205,0.402521,0.137095,-0.000957,0.661713,-30.000000,0.000000,-30.304196,-1.033098,0.500000,1,10,10,122.797562
52.925212,1763940267.902121,1763940205,0.402518,0.138400,-0.001009,0.655601,-30.000000,0.000000,-30.304196,-1.033098,0.500000,1,10,10,121.803610
52.927228,1763940267.904146,1763940205,0.402514,0.139702,-0.001854,0.651946,-30.000000,0.000000,-29.615464,-1.033098,0.500000,1,10,10,120.837634
52.929215,1763940267.906130,1763940205,0.402510,0.141020,-0.001442,0.654441,-30.000000,0.000000,-30.304196,-1.377463,0.500000,1,10,10,119.844993
52.931212,1763940267.908118,1763940205,0.402506,0.142995,-0.001890,0.659420,0.000000,0.000000,-30.304196,-1.377463,0.500000,1,10,10,118.844797
60.000571,1763940274.977636,1763940205,0.447397,0.119032,0.000000,0.000000,0.000000,50.000000,1.377463,-40.635172,0.500000,1,10,10,200.000000
60.002547,1763940274.979493,1763940205,0.447397,0.119032,0.000000,0.000000,0.000000,50.000000,0.688732,-40.635172,0.500000,1,10,10,200.000000
60.004596,1763940274.981611,1763940205,0.447397,0.119032,0.000000,0.000000,0.000000,50.000000,0.000000,-33.747855,0.500000,1,10,10,200.000000
60.006590,1763940274.983612,1763940205,0.447393,0.119108,-0.000806,0.025779,0.000000,50.000000,0.000000,46.145026,0.500000,1,10,10,199.940492
60.008564,1763940274.985545,1763940205,0.447393,0.119403,-0.000945,0.102136,0.000000,50.000000,0.000000,48.555587,0.500000,1,10,10,199.692517
60.010724,1763940274.987995,1763940205,0.447393,0.119645,-0.000140,0.130728,0.000000,50.000000,-0.344366,49.588685,0.500000,1,10,10,199.368378
60.012693,1763940274.989916,1763940205,0.447389,0.119706,-0.000946,0.065102,0.000000,50.000000,0.000000,49.933050,0.500000,1,10,10,199.205823
60.014704,1763940274.991946,1763940205,0.447389,0.119706,-0.000946,0.014257,0.000000,50.000000,0.000000,55.098538,0.500000,1,10,10,199.166460
60.016673,1763940274.993607,1763940205,0.447389,0.119846,-0.000011,0.042703,0.000000,50.000000,0.000000,55.098538,0.500000,1,10,10,199.048816
60.018533,1763940274.995458,1763940205,0.447393,0.120103,0.000446,0.103398,0.000000,50.000000,0.000000,56.476002,0.500000,1,10,10,198.756837
60.020535,1763940274.997455,1763940205,0.447393,0.120319,0.000946,0.116228,0.000000,50.000000,0.344366,49.933050,0.500000,1,10,10,198.466640
60.022523,1763940274.999430,1763940205,0.447393,0.120471,0.000946,0.090051,0.000000,50.000000,0.688732,51.310514,0.500000,1,10,10,198.235577
60.024535,1763940275.001463,1763940205,0.447389,0.120667,-0.000901,0.090072,0.000000,50.000000,0.000000,55.787270,0.500000,1,10,10,197.984320
60.026538,1763940275.003459,1763940205,0.447389,0.120959,-0.000946,0.121773,0.000000,50.000000,0.000000,56.476002,0.500000,1,10,10,197.640448
60.028567,1763940275.005526,1763940205,0.447389,0.121258,-0.000039,0.147069,0.000000,50.000000,0.000000,56.476002,0.500000,1,10,10,197.225153
60.030546,1763940275.007497,1763940205,0.447389,0.121512,-0.000000,0.135832,0.000000,50.000000,0.000000,56.131636,0.500000,1,10,10,196.843931
60.032584,1763940275.009578,1763940205,0.447389,0.121773,0.000000,0.129720,0.000000,50.000000,0.000000,56.131636,0.500000,1,10,10,196.479859
60.034546,1763940275.011498,1763940205,0.447389,0.122238,0.000000,0.152054,0.000000,50.000000,0.000000,55.098538,0.500000,1,10,10,196.060962
60.036539,1763940275.013474,1763940205,0.447393,0.122405,0.000872,0.158790,0.000000,50.000000,0.000000,56.476002,0.500000,1,10,10,195.612563
60.038566,1763940275.015533,1763940205,0.447393,0.122723,0.000945,0.161376,0.000000,50.000000,0.000000,56.476002,0.500000,1,10,10,195.156860
60.040538,1763940275.017470,1763940205,0.447389,0.123044,-0.000937,0.160407,0.000000,50.000000,0.000000,55.787270,0.500000,1,10,10,194.709420
60.042541,1763940275.019476,1763940205,0.447389,0.123389,-0.000945,0.165668,0.000000,50.000000,0.344366,55.098538,0.500000,1,10,10,194.253001
60.044544,1763940275.021477,1763940205,0.447389,0.123748,-0.000074,0.175790,0.000000,50.000000,0.000000,55.442904,0.500000,1,10,10,193.765686
60.046529,1763940275.023435,1763940205,0.447389,0.124108,-0.000000,0.179346,0.000000,50.000000,0.000000,55.787270,0.500000,1,10,10,193.265426
60.048526,1763940275.025427,1763940205,0.447393,0.124449,0.000872,0.175307,0.000000,50.000000,0.344366,55.098538,0.500000,1,10,10,192.782452
60.050536,1763940275.027447,1763940205,0.447393,0.124812,0.000940,0.177372,0.000000,50.000000,0.000000,55.098538,0.500000,1,10,10,192.293799
60.052526,1763940275.029426,1763940205,0.447393,0.125206,0.000946,0.190207,0.000000,50.000000,0.000000,55.442904,0.500000,1,10,10,191.766512
60.054593,1763940275.031584,1763940205,0.447393,0.125607,0.000006,0.199208,0.000000,50.000000,0.000000,55.442904,0.500000,1,10,10,191.214278
60.056546,1763940275.033487,1763940205,0.447393,0.125993,0.000000,0.196662,0.000000,50.000000,0.000000,55.442904,0.500000,1,10,10,190.669101
60.058541,1763940275.035471,1763940205,0.447389,0.126372,-0.000945,0.191225,0.000000,50.000000,0.000000,54.754173,0.500000,1,10,10,190.145577
60.060541,1763940275.037472,1763940205,0.447389,0.126777,-0.000265,0.196174,0.000000,50.000000,0.000000,55.098538,0.500000,1,10,10,189.605131
60.062539,1763940275.039463,1763940205,0.447389,0.127212,-0.000011,0.211107,0.000000,50.000000,0.000000,54.754173,0.500000,1,10,10,189.027181
60.064536,1763940275.041455,1763940205,0.447389,0.127643,0.000446,0.216616,0.000000,50.000000,0.000000,55.442904,0.500000,1,10,10,188.426688
60.066539,1763940275.043464,1763940205,0.447393,0.128063,0.000946,0.212005,0.000000,50.000000,0.000000,55.098538,0.500000,1,10,10,187.842624
60.068541,1763940275.045466,1763940205,0.447397,0.128484,0.000974,0.210769,0.000000,50.000000,0.344366,54.409807,0.500000,1,10,10,187.269211
60.070534,1763940275.047444,1763940205,0.447397,0.128938,0.000948,0.221118,0.000000,50.000000,0.000000,54.409807,0.500000,1,10,10,186.667656
60.072526,1763940275.049423,1763940205,0.447397,0.129426,0.000586,0.237005,0.000000,50.000000,0.344366,54.754173,0.500000,1,10,10,186.018790
60.074547,1763940275.051474,1763940205,0.447401,0.129914,0.000944,0.243459,0.000000,50.000000,-0.344366,54.754173,0.500000,1,10,10,185.352253
60.076546,1763940275.053481,1763940205,0.447404,0.130387,0.001373,0.239359,0.000000,50.000000,0.000000,54.409807,0.500000,1,10,10,184.701069
60.078545,1763940275.055477,1763940205,0.447408,0.130864,0.002328,0.237979,0.000000,50.000000,0.344366,54.754173,0.500000,1,10,10,184.049508
60.080558,1763940275.057491,1763940205,0.447412,0.131383,0.001926,0.252004,0.000000,50.000000,0.688732,54.409807,0.500000,1,10,10,183.363859
60.082538,1763940275.059457,1763940205,0.447416,0.131939,0.002708,0.269103,0.000000,50.000000,0.000000,54.065441,0.500000,1,10,10,182.636363
60.084535,1763940275.061449,1763940205,0.447423,0.132488,0.002339,0.275395,0.000000,50.000000,0.000000,54.409807,0.500000,1,10,10,181.887126
60.086540,1763940275.063459,1763940205,0.447427,0.133037,0.002589,0.274580,0.000000,50.000000,0.000000,54.409807,0.500000,1,10,10,181.140099
60.088541,1763940275.065454,1763940205,0.447435,0.133908,0.002809,0.288478,0.000000,50.000000,0.000000,53.721075,0.500000,1,10,10,180.365196
60.090528,1763940275.067428,1763940205,0.447438,0.134210,0.002836,0.294638,0.000000,50.000000,0.000000,53.376709,0.500000,1,10,10,179.578818
60.092541,1763940275.069454,1763940205,0.447442,0.134816,0.003214,0.302004,0.000000,50.000000,0.000000,53.376709,0.500000,1,10,10,178.772774
60.094541,1763940275.071455,1763940205,0.447450,0.135437,0.002876,0.307471,0.000000,50.000000,0.000000,54.409807,0.500000,1,10,10,177.936265
60.096585,1763940275.073630,1763940205,0.447457,0.136413,0.002022,0.323264,0.000000,50.000000,0.000000,53.721075,0.500000,1,10,10,177.067942
60.098561,1763940275.075511,1763940205,0.447461,0.136743,0.002348,0.327272,0.000000,50.000000,0.000000,53.721075,0.500000,1,10,10,176.188849
60.100548,1763940275.077485,1763940205,0.447461,0.137409,0.001910,0.331936,0.000000,50.000000,0.000000,53.032343,0.500000,1,10,10,175.308668
60.102545,1763940275.079475,1763940205,0.447465,0.138094,0.001020,0.338623,0.000000,50.000000,0.000000,53.376709,0.500000,1,10,10,174.404934
60.104547,1763940275.081475,1763940205,0.447465,0.138798,0.000952,0.348630,0.000000,50.000000,0.344366,53.376709,0.500000,1,10,10,173.474475
60.106556,1763940275.083478,1763940205,0.447469,0.139521,0.000951,0.356876,0.000000,50.000000,-0.688732,53.376709,0.500000,1,10,10,172.521948
60.108543,1763940275.085466,1763940205,0.447469,0.140251,0.000946,0.363525,0.000000,50.000000,0.000000,53.721075,0.500000,1,10,10,171.545496
60.110551,1763940275.087485,1763940205,0.447473,0.140986,0.000946,0.367517,0.000000,50.000000,0.000000,52.687977,0.500000,1,10,10,170.577306
60.112541,1763940275.089459,1763940205,0.447473,0.142117,0.000140,0.374494,0.000000,50.000000,0.344366,52.687977,0.500000,1,10,10,169.590718
60.114539,1763940275.091454,1763940205,0.447473,0.142503,0.000011,0.380137,0.000000,50.000000,0.000000,53.032343,0.500000,1,10,10,168.582739
60.116547,1763940275.093462,1763940205,0.447473,0.143283,0.000000,0.388046,0.000000,50.000000,0.000000,52.343612,0.500000,1,10,10,167.567153
60.118534,1763940275.095437,1763940205,0.447473,0.144070,0.000000,0.391553,0.000000,50.000000,0.000000,53.032343,0.500000,1,10,10,166.528905
60.120532,1763940275.097431,1763940205,0.447473,0.145259,0.000000,0.396168,0.000000,50.000000,0.000000,51.654880,0.500000,1,10,10,165.505703
60.122544,1763940275.099457,1763940205,0.447473,0.145660,0.000000,0.397712,0.000000,50.000000,0.344366,51.654880,0.500000,1,10,10,164.478493
60.124574,1763940275.101535,1763940205,0.447473,0.146470,0.000000,0.402566,0.000000,50.000000,0.344366,52.343612,0.500000,1,10,10,163.424884
60.126554,1763940275.103495,1763940205,0.447473,0.147295,0.000000,0.409289,0.000000,50.000000,0.000000,51.999246,0.500000,1,10,10,162.360748
60.128553,1763940275.105490,1763940205,0.447473,0.148537,0.000000,0.412990,0.000000,50.000000,0.000000,53.376709,0.500000,1,10,10,161.258546
60.130548,1763940275.107480,1763940205,0.447473,0.148949,0.000000,0.413314,0.000000,50.000000,0.344366,52.687977,0.500000,1,10,10,160.169688
60.132556,1763940275.109479,1763940205,0.447469,0.149778,-0.000907,0.413981,0.000000,50.000000,0.344366,51.654880,0.500000,1,10,10,159.100456
60.134549,1763940275.111473,1763940205,0.447469,0.150626,-0.000946,0.420485,0.000000,50.000000,0.000000,52.343612,0.500000,1,10,10,157.999967
60.136542,1763940275.113459,1763940205,0.447469,0.151482,-0.000003,0.426773,0.000000,50.000000,0.000000,51.654880,0.500000,1,10,10,156.897721
60.138540,1763940275.115453,1763940205,0.447469,0.152329,-0.000000,0.424864,0.000000,50.000000,0.344366,52.343612,0.500000,1,10,10,155.785752
60.140551,1763940275.117469,1763940205,0.447469,0.153181,0.000000,0.424310,0.000000,50.000000,0.344366,52.343612,0.500000,1,10,10,154.675231
60.142546,1763940275.119457,1763940205,0.447469,0.154040,0.000000,0.429364,0.000000,50.000000,0.000000,51.999246,0.500000,1,10,10,153.558901
60.144555,1763940275.121481,1763940205,0.447469,0.154918,0.000000,0.435388,0.000000,50.000000,0.000000,51.654880,0.500000,1,10,10,152.434405
60.146553,1763940275.123486,1763940205,0.447469,0.155797,0.000000,0.438443,0.000000,50.000000,0.000000,51.654880,0.500000,1,10,10,151.302018
60.148548,1763940275.125470,1763940205,0.447465,0.157121,-0.000935,0.441165,0.000000,50.000000,0.000000,51.999246,0.500000,1,10,10,150.155004
60.150544,1763940275.127461,1763940205,0.447465,0.157568,-0.000946,0.443545,0.000000,50.000000,0.000000,51.654880,0.500000,1,10,10,149.009438
60.152545,1763940275.129462,1763940205,0.447465,0.158473,-0.000140,0.450569,0.000000,50.000000,0.000000,51.999246,0.500000,1,10,10,147.837975
60.154539,1763940275.131445,1763940205,0.447465,0.159381,-0.000682,0.454455,0.000000,50.000000,0.000000,51.654880,0.500000,1,10,10,146.664232
60.156560,1763940275.133496,1763940205,0.447461,0.160762,-0.000945,0.460699,0.000000,50.000000,0.000000,52.343612,0.500000,1,10,10,145.458497
60.158561,1763940275.135480,1763940205,0.447461,0.161232,-0.000946,0.462944,0.000000,50.000000,0.000000,51.310514,0.500000,1,10,10,144.270799
60.160547,1763940275.137460,1763940205,0.447457,0.162182,-0.000961,0.471640,0.000000,50.000000,0.000000,51.310514,0.500000,1,10,10,143.060791
60.162541,1763940275.139447,1763940205,0.447457,0.163136,-0.000500,0.477309,0.000000,50.000000,0.000000,51.654880,0.500000,1,10,10,141.828022
60.164551,1763940275.141471,1763940205,0.447457,0.164105,-0.000000,0.481357,0.000000,50.000000,0.000000,50.621782,0.500000,1,10,10,140.609664
60.166551,1763940275.143481,1763940205,0.447457,0.165089,0.000000,0.488622,0.000000,50.000000,-0.688732,50.966148,0.500000,1,10,10,139.364392
60.168551,1763940275.145478,1763940205,0.447457,0.166107,0.000000,0.502892,0.000000,50.000000,0.000000,50.277416,0.500000,1,10,10,138.100187
60.170554,1763940275.147485,1763940205,0.447457,0.167148,0.000000,0.516084,0.000000,50.000000,0.344366,51.310514,0.500000,1,10,10,136.776131
60.172547,1763940275.149466,1763940205,0.447457,0.168189,0.000000,0.520830,0.000000,50.000000,0.000000,50.277416,0.500000,1,10,10,135.466831
60.174549,1763940275.151462,1763940205,0.447457,0.169241,0.000000,0.524068,0.000000,50.000000,0.000000,50.966148,0.500000,1,10,10,134.131344
60.176550,1763940275.153468,1763940205,0.447457,0.170876,0.000000,0.540132,0.000000,50.000000,0.000000,50.277416,0.500000,1,10,10,132.773521
60.178546,1763940275.155459,1763940205,0.447457,0.171433,0.000000,0.549103,0.000000,50.000000,0.688732,49.933050,0.500000,1,10,10,131.402470
60.180552,1763940275.157467,1763940205,0.447457,0.172568,0.000682,0.560546,0.000000,50.000000,0.000000,49.933050,0.500000,1,10,10,130.002980
60.182544,1763940275.159450,1763940205,0.447461,0.173711,0.000944,0.569056,0.000000,50.000000,0.000000,50.966148,0.500000,1,10,10,128.552848
60.184557,1763940275.161468,1763940205,0.447461,0.174866,0.000021,0.576041,0.000000,50.000000,0.000000,50.621782,0.500000,1,10,10,127.094837
60.186555,1763940275.163474,1763940205,0.447457,0.176663,-0.000872,0.594626,0.000000,50.000000,0.000000,48.555587,0.500000,1,10,10,125.651215
60.188570,1763940275.165514,1763940205,0.447457,0.177273,-0.000943,0.603063,0.000000,50.000000,0.000000,49.588685,0.500000,1,10,10,124.155957
60.190549,1763940275.167468,1763940205,0.447457,0.178503,-0.000946,0.611185,0.000000,50.000000,0.344366,48.899953,0.500000,1,10,10,122.661572
60.192550,1763940275.169469,1763940205,0.447457,0.179748,-0.000000,0.619379,0.000000,50.000000,0.000000,48.899953,0.500000,1,10,10,121.147192
60.194552,1763940275.171476,1763940205,0.447457,0.181016,0.000000,0.627861,0.000000,50.000000,0.000000,48.211221,0.500000,1,10,10,119.633696
60.196546,1763940275.173458,1763940205,0.447457,0.182307,0.000000,0.641739,0.000000,50.000000,-0.688732,49.244319,0.500000,1,10,10,118.053441
60.198551,1763940275.175463,1763940205,0.447457,0.183620,0.000000,0.651775,0.000000,50.000000,0.000000,48.555587,0.500000,1,10,10,116.471074
60.200555,1763940275.177470,1763940205,0.447457,0.184949,0.000000,0.659635,0.000000,50.000000,0.344366,48.555587,0.500000,1,10,10,114.869586
60.202545,1763940275.179453,1763940205,0.447457,0.186285,0.000000,0.667074,0.000000,50.000000,0.000000,49.244319,0.500000,1,10,10,113.227105
60.204540,1763940275.181440,1763940205,0.447457,0.187640,0.000000,0.674440,0.000000,50.000000,0.000000,48.555587,0.500000,1,10,10,111.589713
60.206555,1763940275.183472,1763940205,0.447457,0.189022,0.000000,0.685554,0.000000,50.000000,0.000000,48.211221,0.500000,1,10,10,109.937143
60.208561,1763940275.185496,1763940205,0.447457,0.190415,0.000000,0.694188,0.000000,50.000000,0.000000,48.555587,0.500000,1,10,10,108.251809
60.210572,1763940275.187504,1763940205,0.447457,0.191815,0.000000,0.698724,0.000000,50.000000,0.344366,47.866855,0.500000,1,10,10,106.579480
60.212557,1763940275.189489,1763940205,0.447457,0.193223,0.000000,0.702625,0.000000,50.000000,0.000000,47.866855,0.500000,1,10,10,104.897858
60.214554,1763940275.191476,1763940205,0.447457,0.194654,0.000000,0.709951,0.000000,50.000000,0.000000,48.555587,0.500000,1,10,10,103.174254
60.216549,1763940275.193466,1763940205,0.447457,0.196811,0.000000,0.718455,0.000000,50.000000,0.000000,47.522489,0.500000,1,10,10,101.467116
60.218549,1763940275.195461,1763940205,0.447457,0.197534,0.000000,0.721105,0.000000,50.000000,0.000000,48.211221,0.500000,1,10,10,99.728850
60.220548,1763940275.197451,1763940205,0.447454,0.198984,-0.000907,0.724650,0.000000,50.000000,0.000000,48.211221,0.500000,1,10,10,97.982036
60.222559,1763940275.199476,1763940205,0.447457,0.200449,0.000435,0.728503,0.000000,50.000000,0.000000,48.899953,0.500000,1,10,10,96.200847
60.224560,1763940275.201486,1763940205,0.447457,0.202633,0.000943,0.729279,0.000000,50.000000,0.000000,47.866855,0.500000,1,10,10,94.455431
60.226555,1763940275.203478,1763940205,0.447457,0.203367,0.000140,0.730608,0.000000,50.000000,0.000000,47.178124,0.500000,1,10,10,92.731997
60.228575,1763940275.205523,1763940205,0.447457,0.204847,0.000001,0.737726,0.000000,50.000000,0.000000,48.211221,0.500000,1,10,10,90.953662
60.230567,1763940275.207504,1763940205,0.447454,0.206346,-0.000940,0.744405,0.000000,50.000000,1.033098,47.522489,0.500000,1,10,10,89.184443
60.232551,1763940275.209470,1763940205,0.447454,0.207833,-0.000946,0.745891,0.000000,50.000000,0.344366,46.833758,0.500000,1,10,10,87.437749
60.234551,1763940275.211464,1763940205,0.447454,0.209321,-0.000074,0.743915,0.000000,50.000000,0.000000,47.522489,0.500000,1,10,10,85.670115
60.236567,1763940275.213490,1763940205,0.447457,0.210816,0.000872,0.745923,0.000000,50.000000,0.000000,47.522489,0.500000,1,10,10,83.897708
60.238548,1763940275.215495,1763940205,0.447457,0.212326,0.000946,0.752205,0.000000,50.000000,0.000000,46.833758,0.500000,1,10,10,82.136279
60.240558,1763940275.217478,1763940205,0.447457,0.213844,0.000006,0.757506,0.000000,50.000000,0.000000,47.522489,0.500000,1,10,10,80.336350
60.242552,1763940275.219462,1763940205,0.447457,0.216115,0.000000,0.758402,0.000000,50.000000,0.344366,46.489392,0.500000,1,10,10,78.573419
60.244549,1763940275.221454,1763940205,0.447457,0.216876,0.000000,0.758010,0.000000,50.000000,0.000000,46.489392,0.500000,1,10,10,76.811449
60.246544,1763940275.223447,1763940205,0.447457,0.218405,0.000000,0.762664,0.000000,50.000000,0.344366,46.489392,0.500000,1,10,10,75.038611
60.248589,1763940275.225584,1763940205,0.447457,0.219942,0.000446,0.767485,0.000000,50.000000,0.000000,47.866855,0.500000,1,10,10,73.201756
60.250562,1763940275.227499,1763940205,0.447461,0.221486,0.000946,0.770168,0.000000,50.000000,0.344366,46.833758,0.500000,1,10,10,71.398213
60.252560,1763940275.229489,1763940205,0.447461,0.223821,0.000039,0.777750,0.000000,50.000000,0.344366,47.522489,0.500000,1,10,10,69.550135
60.254567,1763940275.231507,1763940205,0.447461,0.224613,0.000001,0.782372,0.000000,50.000000,0.688732,47.522489,0.500000,1,10,10,67.690926
60.256557,1763940275.233481,1763940205,0.447461,0.226195,0.000000,0.789347,0.000000,50.000000,-0.688732,47.522489,0.500000,1,10,10,65.815143
60.258555,1763940275.235474,1763940205,0.447461,0.227773,0.000000,0.790249,0.000000,50.000000,0.000000,46.833758,0.500000,1,10,10,63.964626
60.260565,1763940275.237492,1763940205,0.447461,0.230139,0.000000,0.788993,0.000000,50.000000,0.000000,47.178124,0.500000,1,10,10,62.103465
60.262566,1763940275.239480,1763940205,0.447461,0.230937,0.000000,0.791529,0.000000,50.000000,0.000000,46.489392,0.500000,1,10,10,60.263581
60.264554,1763940275.241459,1763940205,0.447461,0.232542,0.000000,0.798534,0.000000,50.000000,0.000000,47.178124,0.500000,1,10,10,58.379915
60.266549,1763940275.243452,1763940205,0.447461,0.234158,0.000000,0.805487,0.000000,50.000000,0.000000,46.833758,0.500000,1,10,10,56.493717
60.268567,1763940275.245492,1763940205,0.447461,0.235767,0.000000,0.806277,0.000000,50.000000,0.000000,47.178124,0.500000,1,10,10,54.591784
60.270564,1763940275.247489,1763940205,0.447457,0.237368,-0.000446,0.802737,0.000000,50.000000,0.000000,46.145026,0.500000,1,10,10,52.739667
60.272560,1763940275.249481,1763940205,0.447457,0.238969,-0.000946,0.800635,0.000000,50.000000,0.000000,46.489392,0.500000,1,10,10,50.878614
60.274556,1763940275.251473,1763940205,0.447461,0.241388,0.000833,0.806035,0.000000,50.000000,0.344366,45.456294,0.500000,1,10,10,49.046592
60.276554,1763940275.253467,1763940205,0.447461,0.242202,0.000937,0.808562,0.000000,50.000000,-0.688732,45.456294,0.500000,1,10,10,47.208669
60.278559,1763940275.255480,1763940205,0.447461,0.243825,0.000264,0.810909,0.000000,50.000000,0.000000,46.489392,0.500000,1,10,10,45.323735
60.280570,1763940275.257499,1763940205,0.447461,0.245438,0.000000,0.808499,0.000000,50.000000,0.000000,45.800660,0.500000,1,10,10,43.472246
60.282567,1763940275.259490,1763940205,0.447461,0.247047,0.000000,0.805447,0.000000,50.000000,0.000000,46.833758,0.500000,1,10,10,41.586140
60.284557,1763940275.261471,1763940205,0.447461,0.248663,0.000000,0.806107,0.000000,50.000000,0.000000,46.489392,0.500000,1,10,10,39.712370
60.286558,1763940275.263471,1763940205,0.447461,0.250275,0.000000,0.807819,0.000000,50.000000,0.344366,46.145026,0.500000,1,10,10,37.848477
60.288573,1763940275.265493,1763940205,0.447461,0.251895,0.000000,0.808130,0.000000,50.000000,0.000000,45.800660,0.500000,1,10,10,35.997832
60.290561,1763940275.267477,1763940205,0.447461,0.253500,0.000000,0.805579,0.000000,50.000000,0.000000,45.800660,0.500000,1,10,10,34.153029
60.292564,1763940275.269482,1763940205,0.447461,0.255907,0.000000,0.802445,0.000000,50.000000,0.000000,46.489392,0.500000,1,10,10,32.287770
60.294553,1763940275.271460,1763940205,0.447461,0.256710,0.000000,0.802878,0.000000,50.000000,0.344366,46.145026,0.500000,1,10,10,30.435278
60.296553,1763940275.273460,1763940205,0.447461,0.258322,0.000000,0.804971,0.000000,50.000000,0.000000,46.833758,0.500000,1,10,10,28.550286
60.298553,1763940275.275459,1763940205,0.447461,0.259935,0.000000,0.805694,0.000000,50.000000,0.000000,47.178124,0.500000,1,10,10,26.649729
60.300570,1763940275.277490,1763940205,0.447461,0.262334,0.000000,0.801146,0.000000,50.000000,0.000000,47.178124,0.500000,1,10,10,24.759900
60.302568,1763940275.279497,1763940205,0.447461,0.263133,0.000000,0.799268,0.000000,50.000000,0.000000,46.833758,0.500000,1,10,10,22.888265
60.304564,1763940275.281482,1763940205,0.447461,0.264723,0.000000,0.796361,0.000000,50.000000,0.000000,46.145026,0.500000,1,10,10,21.050859
60.306560,1763940275.283474,1763940205,0.447461,0.266309,-0.000446,0.794079,0.000000,50.000000,0.000000,46.489392,0.500000,1,10,10,19.205047
60.308562,1763940275.285491,1763940205,0.447457,0.267895,-0.000946,0.792362,0.000000,50.000000,0.000000,46.489392,0.500000,1,10,10,17.363226
60.310568,1763940275.287488,1763940205,0.447457,0.269473,-0.000500,0.790470,0.000000,50.000000,0.000000,46.833758,0.500000,1,10,10,15.512191
60.312562,1763940275.289478,1763940205,0.447457,0.271040,-0.000003,0.785786,0.000000,50.000000,0.000000,45.800660,0.500000,1,10,10,13.712715
60.314575,1763940275.291495,1763940205,0.447457,0.272599,0.000000,0.781365,0.000000,50.000000,0.000000,47.522489,0.500000,1,10,10,11.856094
60.316557,1763940275.293466,1763940205,0.447457,0.274927,0.000000,0.776393,0.000000,50.000000,0.000000,47.522489,0.500000,1,10,10,10.011288
60.318558,1763940275.295469,1763940205,0.447457,0.275696,0.000000,0.773099,0.000000,50.000000,0.000000,46.833758,0.500000,1,10,10,8.200931
60.320565,1763940275.297482,1763940205,0.447457,0.277213,0.000000,0.764472,0.000000,50.000000,-0.688732,45.800660,0.500000,1,10,10,6.450067
60.322577,1763940275.299518,1763940205,0.447457,0.278735,0.000000,0.759249,0.000000,50.000000,0.000000,47.178124,0.500000,1,10,10,4.659070
60.324576,1763940275.301508,1763940205,0.447454,0.280257,-0.000946,0.759393,0.000000,50.000000,0.688732,47.522489,0.500000,1,10,10,0.000000
60.326562,1763940275.303483,1763940205,0.447457,0.282520,0.000785,0.754518,0.000000,50.000000,0.000000,47.866855,0.500000,1,10,10,0.000000
60.328562,1763940275.305479,1763940205,0.447457,0.283262,0.000940,0.751929,0.000000,50.000000,0.000000,47.522489,0.500000,1,10,10,0.000000
60.330566,1763940275.307487,1763940205,0.447457,0.284746,0.000264,0.743382,0.000000,50.000000,0.000000,47.866855,0.500000,1,10,10,0.000000
60.332573,1763940275.309499,1763940205,0.447457,0.286229,0.000001,0.741198,0.000000,50.000000,0.000000,47.178124,0.500000,1,10,10,4.265616
60.334579,1763940275.311521,1763940205,0.447457,0.287709,0.000682,0.740925,0.000000,50.000000,0.000000,47.522489,0.500000,1,10,10,6.026148
60.336576,1763940275.313511,1763940205,0.447461,0.289916,0.000946,0.736100,0.000000,50.000000,0.000000,47.178124,0.500000,1,10,10,7.762539
60.338576,1763940275.315513,1763940205,0.447461,0.290643,0.000265,0.733884,0.000000,50.000000,0.688732,46.833758,0.500000,1,10,10,9.481253
60.340587,1763940275.317526,1763940205,0.447461,0.292096,0.000001,0.728427,0.000000,50.000000,0.000000,46.833758,0.500000,1,10,10,11.187002
60.342579,1763940275.319514,1763940205,0.447461,0.293546,0.000000,0.725820,0.000000,50.000000,0.000000,48.211221,0.500000,1,10,10,12.936635
60.344565,1763940275.321485,1763940205,0.447461,0.294999,0.000000,0.724527,0.000000,50.000000,0.344366,47.522489,0.500000,1,10,10,14.658247
60.346580,1763940275.323510,1763940205,0.447461,0.296438,0.000000,0.721649,0.000000,50.000000,0.000000,46.489392,0.500000,1,10,10,16.335699
60.348566,1763940275.325482,1763940205,0.447461,0.297865,0.000000,0.716158,0.000000,50.000000,0.344366,48.211221,0.500000,1,10,10,18.062087
60.350574,1763940275.327497,1763940205,0.447461,0.299280,0.000000,0.710548,0.000000,50.000000,0.000000,47.866855,0.500000,1,10,10,19.762671
60.352580,1763940275.329523,1763940205,0.447461,0.300700,0.000000,0.708896,0.000000,50.000000,0.000000,47.522489,0.500000,1,10,10,21.447096
60.354577,1763940275.331507,1763940205,0.447461,0.302815,0.000000,0.704938,0.000000,50.000000,0.000000,46.833758,0.500000,1,10,10,23.097841
60.356566,1763940275.333485,1763940205,0.447461,0.303512,0.000000,0.702538,0.000000,50.000000,0.344366,47.522489,0.500000,1,10,10,24.767201
60.358570,1763940275.335493,1763940205,0.447461,0.304905,0.000000,0.697457,0.000000,50.000000,0.000000,46.833758,0.500000,1,10,10,26.400429
60.360564,1763940275.337479,1763940205,0.447457,0.306290,-0.000943,0.693908,0.000000,50.000000,0.000000,47.866855,0.500000,1,10,10,28.061190
60.362569,1763940275.339489,1763940205,0.447457,0.307660,-0.000946,0.689368,0.000000,50.000000,0.344366,48.555587,0.500000,1,10,10,29.734867
60.364578,1763940275.341520,1763940205,0.447457,0.309027,0.000372,0.683975,0.000000,50.000000,0.000000,47.866855,0.500000,1,10,10,31.371854
60.366576,1763940275.343492,1763940205,0.447461,0.310374,0.000944,0.678562,0.000000,50.000000,0.000000,48.899953,0.500000,1,10,10,33.030938
60.368570,1763940275.345493,1763940205,0.447461,0.311714,0.000039,0.670995,0.000000,50.000000,0.000000,48.211221,0.500000,1,10,10,34.648413
60.370565,1763940275.347479,1763940205,0.447461,0.313039,0.000000,0.665041,0.000000,50.000000,0.000000,48.555587,0.500000,1,10,10,36.262986
60.372568,1763940275.349501,1763940205,0.447461,0.314345,0.000000,0.656187,0.000000,50.000000,0.344366,48.899953,0.500000,1,10,10,37.867403
60.374573,1763940275.351496,1763940205,0.447461,0.315635,0.000000,0.647777,0.000000,50.000000,0.000000,48.211221,0.500000,1,10,10,39.428910
60.376565,1763940275.353480,1763940205,0.447461,0.316915,0.000000,0.642623,0.000000,50.000000,0.000000,47.522489,0.500000,1,10,10,40.955862
60.378567,1763940275.355479,1763940205,0.447461,0.318190,0.000000,0.638924,0.000000,50.000000,0.000000,48.555587,0.500000,1,10,10,42.507028
60.380565,1763940275.357509,1763940205,0.447461,0.319439,0.000000,0.630165,0.000000,50.000000,0.344366,48.899953,0.500000,1,10,10,44.047819
60.382566,1763940275.359491,1763940205,0.447461,0.320666,0.000000,0.617825,0.000000,50.000000,0.000000,49.588685,0.500000,1,10,10,45.579674
60.384568,1763940275.361480,1763940205,0.447461,0.321881,0.000000,0.610339,0.000000,50.000000,0.344366,48.211221,0.500000,1,10,10,47.050971
60.386565,1763940275.363475,1763940205,0.447457,0.323084,-0.000872,0.604215,0.000000,50.000000,0.000000,49.244319,0.500000,1,10,10,48.538682
60.388575,1763940275.365505,1763940205,0.447457,0.324277,-0.000946,0.597630,0.000000,50.000000,0.000000,49.588685,0.500000,1,10,10,50.020469
60.390584,1763940275.367518,1763940205,0.447457,0.325439,-0.000003,0.586705,0.000000,50.000000,0.344366,49.244319,0.500000,1,10,10,51.465098
60.392585,1763940275.369523,1763940205,0.447457,0.326586,-0.000000,0.576209,0.000000,50.000000,0.000000,50.277416,0.500000,1,10,10,52.913614
60.394572,1763940275.371492,1763940205,0.447457,0.327721,0.000000,0.569691,0.000000,50.000000,0.344366,49.933050,0.500000,1,10,10,54.335968
60.396566,1763940275.373476,1763940205,0.447457,0.328834,0.000000,0.561625,0.000000,50.000000,0.000000,49.244319,0.500000,1,10,10,55.718809
60.398569,1763940275.375485,1763940205,0.447457,0.329935,0.000000,0.552809,0.000000,50.000000,0.000000,49.588685,0.500000,1,10,10,57.089464
60.400577,1763940275.377499,1763940205,0.447457,0.331018,0.000000,0.545135,0.000000,50.000000,0.000000,50.621782,0.500000,1,10,10,58.469250
60.402578,1763940275.379499,1763940205,0.447457,0.332089,0.000000,0.537569,0.000000,50.000000,0.000000,49.244319,0.500000,1,10,10,59.792862
60.404577,1763940275.381497,1763940205,0.447457,0.333145,0.000000,0.530892,0.000000,50.000000,0.688732,50.966148,0.500000,1,10,10,61.145861
60.406576,1763940275.383495,1763940205,0.447457,0.334182,0.000000,0.522051,0.000000,50.000000,0.000000,50.621782,0.500000,1,10,10,62.467218
60.408576,1763940275.385505,1763940205,0.447457,0.335200,0.000000,0.513536,0.000000,50.000000,0.000000,50.277416,0.500000,1,10,10,63.758181
60.410584,1763940275.387516,1763940205,0.447457,0.336215,0.000000,0.507662,0.000000,50.000000,0.000000,49.588685,0.500000,1,10,10,65.016896
60.412572,1763940275.389503,1763940205,0.447457,0.337206,0.000000,0.500239,0.000000,50.000000,0.000000,50.621782,0.500000,1,10,10,66.283046
60.414573,1763940275.391492,1763940205,0.447457,0.338183,0.000000,0.491250,0.000000,50.000000,0.344366,50.966148,0.500000,1,10,10,67.534930
60.416578,1763940275.393501,1763940205,0.447457,0.339152,0.000000,0.486136,0.000000,50.000000,-0.688732,51.310514,0.500000,1,10,10,68.782236
60.418580,1763940275.395498,1763940205,0.447457,0.340106,0.000000,0.479848,0.000000,50.000000,0.000000,51.310514,0.500000,1,10,10,70.013298
60.420573,1763940275.397490,1763940205,0.447457,0.341510,0.000000,0.469768,0.000000,50.000000,0.000000,50.966148,0.500000,1,10,10,71.210411
60.422573,1763940275.399490,1763940205,0.447457,0.341976,0.000000,0.467189,0.000000,50.000000,0.344366,50.966148,0.500000,1,10,10,72.400979
60.424571,1763940275.401483,1763940205,0.447457,0.342895,0.000000,0.461873,0.000000,50.000000,0.000000,50.621782,0.500000,1,10,10,73.570021
60.426567,1763940275.403474,1763940205,0.447457,0.343796,0.000000,0.454287,0.000000,50.000000,0.000000,51.654880,0.500000,1,10,10,74.743327
60.428581,1763940275.405504,1763940205,0.447457,0.344697,0.000000,0.450229,0.000000,50.000000,0.344366,51.310514,0.500000,1,10,10,75.898427
60.430578,1763940275.407504,1763940205,0.447457,0.345575,0.000000,0.444452,0.000000,50.000000,0.000000,51.654880,0.500000,1,10,10,77.046333
60.432584,1763940275.409519,1763940205,0.447457,0.346438,0.000000,0.435741,0.000000,50.000000,0.000000,50.966148,0.500000,1,10,10,78.156736
60.434579,1763940275.411505,1763940205,0.447457,0.347294,0.000000,0.429003,0.000000,50.000000,0.000000,51.654880,0.500000,1,10,10,79.264741
60.436578,1763940275.413503,1763940205,0.447457,0.348573,0.000000,0.426163,0.000000,50.000000,0.000000,51.310514,0.500000,1,10,10,80.358072
60.438573,1763940275.415504,1763940205,0.447457,0.348986,0.000000,0.421721,0.000000,50.000000,-0.688732,51.999246,0.500000,1,10,10,81.454627
60.440574,1763940275.417488,1763940205,0.447457,0.349799,0.000000,0.411347,0.000000,50.000000,0.344366,51.999246,0.500000,1,10,10,82.524138
60.442572,1763940275.419484,1763940205,0.447457,0.350613,0.000000,0.406959,0.000000,50.000000,0.344366,52.687977,0.500000,1,10,10,83.596252
60.444585,1763940275.421498,1763940205,0.447457,0.351416,0.000000,0.403128,0.000000,50.000000,0.000000,52.343612,0.500000,1,10,10,84.651312
60.446569,1763940275.423475,1763940205,0.447457,0.352180,0.000000,0.390079,0.000000,50.000000,0.000000,32.026025,0.500000,1,10,10,85.275946
60.448571,1763940275.425476,1763940205,0.447457,0.352922,0.000000,0.374749,0.000000,50.000000,0.344366,30.304196,0.500000,1,10,10,85.843805
60.450586,1763940275.427519,1763940205,0.447457,0.353634,0.000000,0.362735,0.000000,50.000000,0.000000,28.582367,0.500000,1,10,10,86.362197
60.452601,1763940275.429561,1763940205,0.447457,0.354360,0.000000,0.360223,0.000000,50.000000,0.000000,29.271099,0.500000,1,10,10,86.889403
60.454595,1763940275.431534,1763940205,0.447457,0.355087,0.000000,0.362780,0.000000,50.000000,0.344366,29.271099,0.500000,1,10,10,87.420389
60.456574,1763940275.433489,1763940205,0.447457,0.355780,0.000000,0.353178,0.000000,50.000000,0.000000,27.204903,0.500000,1,10,10,87.900798
60.458581,1763940275.435504,1763940205,0.447454,0.356431,-0.000943,0.334214,0.000000,50.000000,-0.688732,26.171806,0.500000,1,10,10,88.338299
60.460576,1763940275.437489,1763940205,0.447454,0.357067,-0.000946,0.320296,0.000000,50.000000,0.000000,25.483074,0.500000,1,10,10,88.746407
60.462573,1763940275.439480,1763940205,0.447454,0.357680,-0.000003,0.311022,0.000000,50.000000,0.344366,24.794342,0.500000,1,10,10,89.132024
60.464589,1763940275.441519,1763940205,0.447457,0.358274,0.000935,0.302318,0.000000,50.000000,0.000000,24.449976,0.500000,1,10,10,89.501609
60.466580,1763940275.443500,1763940205,0.447457,0.359137,0.000946,0.287980,0.000000,50.000000,0.000000,24.794342,0.500000,1,10,10,89.858625
60.468572,1763940275.445481,1763940205,0.447457,0.359413,0.000140,0.283564,0.000000,50.000000,0.000000,23.761245,0.500000,1,10,10,90.195517
60.470584,1763940275.447698,1763940205,0.447457,0.359951,0.000001,0.272546,0.000000,50.000000,0.000000,23.761245,0.500000,1,10,10,90.519318
60.472580,1763940275.449495,1763940205,0.447457,0.360466,0.000000,0.262321,0.000000,50.000000,0.000000,22.728147,0.500000,1,10,10,90.817422
60.474571,1763940275.451473,1763940205,0.447457,0.360965,0.000000,0.252823,0.000000,50.000000,0.000000,22.728147,0.500000,1,10,10,91.104732
60.476584,1763940275.453501,1763940205,0.447457,0.361438,0.000000,0.243721,0.000000,50.000000,0.000000,22.383781,0.500000,1,10,10,91.377502
60.478586,1763940275.455523,1763940205,0.447454,0.362112,-0.000925,0.225184,0.000000,50.000000,0.000000,22.039415,0.500000,1,10,10,91.625650
60.480602,1763940275.457551,1763940205,0.447454,0.362328,-0.000945,0.221896,0.000000,50.000000,0.000000,22.728147,0.500000,1,10,10,91.877816
60.482589,1763940275.459518,1763940205,0.447454,0.362752,-0.000265,0.214580,0.000000,50.000000,0.000000,22.039415,0.500000,1,10,10,92.114277
60.484578,1763940275.461496,1763940205,0.447457,0.363172,0.000681,0.210118,0.000000,50.000000,0.000000,21.350684,0.500000,1,10,10,92.338587
60.486575,1763940275.463485,1763940205,0.447454,0.363566,0.000073,0.201488,0.000000,50.000000,0.000000,21.350684,0.500000,1,10,10,92.553682
60.488580,1763940275.465521,1763940205,0.447454,0.363933,-0.000679,0.188902,0.000000,50.000000,0.000000,20.661952,0.500000,1,10,10,92.748837
60.490593,1763940275.467531,1763940205,0.447454,0.364285,-0.000943,0.180661,0.000000,50.000000,0.000000,20.661952,0.500000,1,10,10,92.935480
60.492590,1763940275.469522,1763940205,0.447457,0.364637,0.000679,0.176111,0.000000,50.000000,0.000000,20.317586,0.500000,1,10,10,93.114389
60.494591,1763940275.471524,1763940205,0.447457,0.364989,0.000943,0.175694,0.000000,50.000000,0.344366,20.317586,0.500000,1,10,10,93.292901
60.496599,1763940275.473522,1763940205,0.447457,0.365333,0.000039,0.173810,0.000000,50.000000,-0.688732,21.006318,0.500000,1,10,10,93.475555
60.498577,1763940275.475488,1763940205,0.447454,0.365647,-0.000869,0.163565,0.000000,50.000000,0.000000,19.973220,0.500000,1,10,10,93.638903
60.500582,1763940275.477488,1763940205,0.447454,0.365935,-0.000946,0.149238,0.000000,0.000000,0.000000,19.284488,0.500000,1,10,10,93.782805
67.555548,1763940282.532611,1763940205,0.447677,0.121432,0.000872,0.000000,0.000000,50.000000,0.688732,-42.701367,0.500000,1,10,10,199.998137
67.557539,1763940282.534483,1763940205,0.447677,0.121432,0.000946,0.000000,0.000000,50.000000,0.688732,-41.323904,0.500000,1,10,10,199.996183
67.559584,1763940282.536590,1763940205,0.447677,0.121432,0.000074,0.000000,0.000000,50.000000,0.688732,-40.635172,0.500000,1,10,10,199.996033
67.561577,1763940282.538576,1763940205,0.447677,0.121481,0.000000,0.024878,0.000000,50.000000,0.344366,46.833758,0.500000,1,10,10,199.937774
67.563538,1763940282.540491,1763940205,0.447673,0.121761,-0.000446,0.092542,0.000000,50.000000,0.000000,49.933050,0.500000,1,10,10,199.706726
67.565707,1763940282.542919,1763940205,0.447673,0.122060,-0.000907,0.142036,0.000000,50.000000,0.344366,49.244319,0.500000,1,10,10,199.356986
67.567621,1763940282.544759,1763940205,0.447673,0.122132,-0.000943,0.127196,0.000000,50.000000,0.000000,50.966148,0.500000,1,10,10,199.032844
67.569591,1763940282.546696,1763940205,0.447669,0.122197,-0.000929,0.018364,0.000000,50.000000,0.000000,55.098538,0.500000,1,10,10,198.982187
67.571641,1763940282.548556,1763940205,0.447673,0.122272,-0.000263,0.034651,0.000000,50.000000,0.344366,55.098538,0.500000,1,10,10,198.886722
67.573522,1763940282.550428,1763940205,0.447673,0.122386,0.000680,0.073894,0.000000,50.000000,0.000000,51.654880,0.500000,1,10,10,198.695866
67.575526,1763940282.552436,1763940205,0.447673,0.122761,0.000263,0.120321,0.000000,50.000000,0.000000,49.588685,0.500000,1,10,10,198.397536
67.577523,1763940282.554430,1763940205,0.447673,0.122927,0.000001,0.096522,0.000000,50.000000,0.000000,55.098538,0.500000,1,10,10,198.131626
67.579528,1763940282.556437,1763940205,0.447673,0.123120,0.000000,0.092145,0.000000,50.000000,0.000000,55.442904,0.500000,1,10,10,197.876186
67.581525,1763940282.558434,1763940205,0.447673,0.123400,0.000000,0.122560,0.000000,50.000000,0.000000,56.476002,0.500000,1,10,10,197.530100
67.583529,1763940282.560442,1763940205,0.447669,0.123703,-0.000935,0.146828,0.000000,50.000000,0.344366,56.820368,0.500000,1,10,10,197.112943
67.585528,1763940282.562437,1763940205,0.447669,0.123968,-0.000946,0.139598,0.000000,50.000000,0.000000,56.131636,0.500000,1,10,10,196.721141
67.587534,1763940282.564457,1763940205,0.447669,0.124233,-0.000001,0.133835,0.000000,50.000000,0.000000,55.098538,0.500000,1,10,10,196.352434
67.589606,1763940282.566661,1763940205,0.447673,0.124543,0.000872,0.148869,0.000000,50.000000,0.344366,55.787270,0.500000,1,10,10,195.937169
67.591571,1763940282.568571,1763940205,0.447673,0.124876,0.000946,0.161800,0.000000,50.000000,0.000000,55.787270,0.500000,1,10,10,195.485841
67.593584,1763940282.570609,1763940205,0.447673,0.125198,0.000074,0.163309,0.000000,50.000000,0.000000,55.787270,0.500000,1,10,10,195.030314
67.595573,1763940282.572577,1763940205,0.447673,0.125524,0.000000,0.163189,0.000000,50.000000,0.000000,55.442904,0.500000,1,10,10,194.577931
67.597585,1763940282.574576,1763940205,0.447673,0.125876,0.000000,0.171523,0.000000,50.000000,0.000000,55.787270,0.500000,1,10,10,194.099490
67.599568,1763940282.576556,1763940205,0.447673,0.126247,0.000000,0.182168,0.000000,50.000000,0.688732,55.442904,0.500000,1,10,10,193.594455
67.601564,1763940282.578540,1763940205,0.447673,0.126618,0.000000,0.185427,0.000000,50.000000,0.000000,54.754173,0.500000,1,10,10,193.086809
67.603561,1763940282.580537,1763940205,0.447669,0.126981,-0.000682,0.183754,0.000000,50.000000,0.000000,55.098538,0.500000,1,10,10,192.580578
67.605563,1763940282.582534,1763940205,0.447669,0.127352,-0.000946,0.184664,0.000000,50.000000,0.000000,55.442904,0.500000,1,10,10,192.068657
67.607556,1763940282.584516,1763940205,0.447673,0.127749,0.000425,0.193295,0.000000,50.000000,0.000000,54.409807,0.500000,1,10,10,191.542797
67.609563,1763940282.586532,1763940205,0.447673,0.128150,0.000906,0.199425,0.000000,50.000000,0.000000,54.754173,0.500000,1,10,10,190.996824
67.611555,1763940282.588507,1763940205,0.447669,0.128548,0.000073,0.199015,0.000000,50.000000,0.000000,54.409807,0.500000,1,10,10,190.455405
67.613552,1763940282.590498,1763940205,0.447669,0.128953,-0.000907,0.201183,0.000000,50.000000,0.344366,54.754173,0.500000,1,10,10,189.904608
67.615551,1763940282.592492,1763940205,0.447669,0.129377,-0.000006,0.209655,0.000000,50.000000,0.000000,55.098538,0.500000,1,10,10,189.327024
67.617548,1763940282.594487,1763940205,0.447669,0.129816,-0.000000,0.217095,0.000000,50.000000,0.000000,55.098538,0.500000,1,10,10,188.728942
67.619533,1763940282.596437,1763940205,0.447669,0.130247,0.000000,0.217923,0.000000,50.000000,0.000000,54.754173,0.500000,1,10,10,188.132331
67.621534,1763940282.598436,1763940205,0.447669,0.130679,0.000000,0.216399,0.000000,50.000000,0.000000,54.754173,0.500000,1,10,10,187.539893
67.623541,1763940282.600445,1763940205,0.447688,0.131129,0.003852,0.222147,0.000000,50.000000,0.000000,55.098538,0.500000,1,10,10,186.927803
67.625559,1763940282.602502,1763940205,0.447730,0.131606,0.012829,0.232864,0.000000,50.000000,0.344366,54.409807,0.500000,1,10,10,186.293325
67.627539,1763940282.604454,1763940205,0.447756,0.132095,0.018808,0.243051,0.000000,50.000000,0.000000,55.098538,0.500000,1,10,10,185.621736
67.629542,1763940282.606461,1763940205,0.447813,0.132587,0.026187,0.245476,0.000000,50.000000,0.000000,53.721075,0.500000,1,10,10,184.958632
67.631536,1763940282.608447,1763940205,0.447862,0.133082,0.026543,0.247597,0.000000,50.000000,0.000000,54.409807,0.500000,1,10,10,184.281187
67.633534,1763940282.610440,1763940205,0.447931,0.133597,0.022793,0.254452,0.000000,50.000000,0.000000,54.409807,0.500000,1,10,10,183.586181
67.635548,1763940282.612466,1763940205,0.447976,0.134135,0.022617,0.263636,0.000000,50.000000,0.000000,54.065441,0.500000,1,10,10,182.870884
67.637542,1763940282.614453,1763940205,0.448025,0.134683,0.023606,0.273279,0.000000,50.000000,0.000000,54.065441,0.500000,1,10,10,182.129385
67.639542,1763940282.616454,1763940205,0.448048,0.135247,0.024013,0.278882,0.000000,50.000000,0.000000,54.409807,0.500000,1,10,10,181.367882
67.641543,1763940282.618455,1763940205,0.448097,0.135827,0.024128,0.286667,0.000000,50.000000,0.000000,54.754173,0.500000,1,10,10,180.580297
67.643560,1763940282.620526,1763940205,0.448146,0.136417,0.024550,0.292854,0.000000,50.000000,0.000000,54.065441,0.500000,1,10,10,179.785855
67.645548,1763940282.622478,1763940205,0.448226,0.137015,0.026213,0.298268,0.000000,50.000000,0.000000,53.721075,0.500000,1,10,10,178.981602
67.647572,1763940282.624532,1763940205,0.448248,0.137636,0.025667,0.306584,0.000000,50.000000,-1.033098,54.409807,0.500000,1,10,10,178.144474
67.649561,1763940282.626491,1763940205,0.448294,0.138283,0.023808,0.318845,0.000000,50.000000,0.000000,53.721075,0.500000,1,10,10,177.285654
67.651543,1763940282.628464,1763940205,0.448366,0.138942,0.023328,0.326964,0.000000,50.000000,0.000000,53.032343,0.500000,1,10,10,176.416466
67.653549,1763940282.630530,1763940205,0.448392,0.139612,0.024077,0.332405,0.000000,50.000000,-0.688732,53.376709,0.500000,1,10,10,175.526933
67.655543,1763940282.632462,1763940205,0.448438,0.140297,0.023939,0.340913,0.000000,50.000000,-0.688732,53.721075,0.500000,1,10,10,174.608893
67.657541,1763940282.634454,1763940205,0.448483,0.141001,0.022916,0.348614,0.000000,50.000000,0.000000,52.343612,0.500000,1,10,10,173.694537
67.659550,1763940282.636468,1763940205,0.448548,0.141716,0.022008,0.355745,0.000000,50.000000,0.000000,52.687977,0.500000,1,10,10,172.755571
67.661545,1763940282.638463,1763940205,0.448597,0.142450,0.023152,0.364196,0.000000,50.000000,-0.344366,52.687977,0.500000,1,10,10,171.794177
67.663542,1763940282.640455,1763940205,0.448619,0.143192,0.023315,0.369212,0.000000,50.000000,0.000000,53.032343,0.500000,1,10,10,170.813218
67.665543,1763940282.642456,1763940205,0.448657,0.143946,0.021462,0.374121,0.000000,50.000000,0.000000,53.032343,0.500000,1,10,10,169.819562
67.667538,1763940282.644443,1763940205,0.448718,0.144718,0.019647,0.383096,0.000000,50.000000,0.000000,51.999246,0.500000,1,10,10,168.822219
67.669541,1763940282.646451,1763940205,0.448756,0.145501,0.019219,0.389864,0.000000,50.000000,0.000000,53.032343,0.500000,1,10,10,167.787195
67.671553,1763940282.648476,1763940205,0.448775,0.146292,0.019309,0.395635,0.000000,50.000000,0.000000,51.654880,0.500000,1,10,10,166.764155
67.673542,1763940282.650455,1763940205,0.448812,0.147098,0.019151,0.399559,0.000000,50.000000,0.000000,52.687977,0.500000,1,10,10,165.710348
67.675551,1763940282.652462,1763940205,0.448847,0.147908,0.017765,0.404290,0.000000,50.000000,0.000000,53.032343,0.500000,1,10,10,164.637291
67.677541,1763940282.654451,1763940205,0.448888,0.148722,0.015147,0.407523,0.000000,50.000000,0.688732,52.687977,0.500000,1,10,10,163.562879
67.679538,1763940282.656444,1763940205,0.448918,0.149960,0.014971,0.412714,0.000000,50.000000,-0.344366,52.343612,0.500000,1,10,10,162.481997
67.681550,1763940282.658469,1763940205,0.448930,0.150380,0.014321,0.414650,0.000000,50.000000,0.344366,52.343612,0.500000,1,10,10,161.396112
67.683549,1763940282.660467,1763940205,0.448953,0.151220,0.012463,0.418801,0.000000,50.000000,0.000000,50.966148,0.500000,1,10,10,160.328406
67.685539,1763940282.662446,1763940205,0.448975,0.152061,0.008928,0.419797,0.000000,50.000000,0.000000,51.999246,0.500000,1,10,10,159.236702
67.687541,1763940282.664450,1763940205,0.448990,0.152901,0.007913,0.420517,0.000000,50.000000,0.000000,50.966148,0.500000,1,10,10,158.164905
67.689550,1763940282.666466,1763940205,0.448998,0.153753,0.007427,0.424019,0.000000,50.000000,0.000000,51.654880,0.500000,1,10,10,157.069606
67.691552,1763940282.668476,1763940205,0.449002,0.154612,0.005075,0.427650,0.000000,50.000000,0.000000,52.343612,0.500000,1,10,10,155.950291
67.693543,1763940282.670458,1763940205,0.449006,0.155467,0.002490,0.429745,0.000000,50.000000,0.000000,51.654880,0.500000,1,10,10,154.840352
67.695543,1763940282.672457,1763940205,0.449006,0.156330,0.000076,0.430250,0.000000,50.000000,0.000000,51.999246,0.500000,1,10,10,153.721717
67.697544,1763940282.674455,1763940205,0.449002,0.157205,-0.000935,0.433843,0.000000,50.000000,0.000000,51.310514,0.500000,1,10,10,152.608680
67.699559,1763940282.676498,1763940205,0.448998,0.158071,-0.001752,0.435437,0.000000,50.000000,-0.344366,51.310514,0.500000,1,10,10,151.491521
67.701563,1763940282.678489,1763940205,0.448990,0.158934,-0.002693,0.433349,0.000000,50.000000,-0.344366,51.654880,0.500000,1,10,10,150.372244
67.703557,1763940282.680483,1763940205,0.448983,0.159820,-0.003639,0.437930,0.000000,50.000000,0.688732,51.310514,0.500000,1,10,10,149.248584
67.705546,1763940282.682461,1763940205,0.448975,0.160717,-0.002855,0.445665,0.000000,50.000000,0.000000,51.310514,0.500000,1,10,10,148.105196
67.707547,1763940282.684465,1763940205,0.448971,0.162053,-0.002786,0.446309,0.000000,50.000000,0.000000,51.654880,0.500000,1,10,10,146.952471
67.709545,1763940282.686458,1763940205,0.448968,0.162492,-0.002769,0.443614,0.000000,50.000000,0.000000,51.654880,0.500000,1,10,10,145.806708
67.711559,1763940282.688490,1763940205,0.448960,0.163393,-0.003520,0.447120,0.000000,50.000000,0.344366,51.999246,0.500000,1,10,10,144.644152
67.713558,1763940282.690486,1763940205,0.448953,0.164309,-0.003038,0.456578,0.000000,50.000000,0.000000,51.310514,0.500000,1,10,10,143.472765
67.715551,1763940282.692473,1763940205,0.448945,0.165244,-0.002850,0.464531,0.000000,50.000000,0.000000,51.654880,0.500000,1,10,10,142.272979
67.717548,1763940282.694465,1763940205,0.448941,0.166190,-0.002648,0.471488,0.000000,50.000000,0.000000,50.966148,0.500000,1,10,10,141.071463
67.719548,1763940282.696464,1763940205,0.448941,0.167140,-0.002018,0.475088,0.000000,50.000000,0.000000,51.310514,0.500000,1,10,10,139.852602
67.721546,1763940282.698458,1763940205,0.448937,0.168105,-0.001927,0.480147,0.000000,50.000000,0.000000,50.621782,0.500000,1,10,10,138.637297
67.723564,1763940282.700495,1763940205,0.448934,0.169101,-0.001902,0.491266,0.000000,50.000000,0.000000,51.654880,0.500000,1,10,10,137.368472
67.725553,1763940282.702477,1763940205,0.448934,0.170123,-0.000140,0.504212,0.000000,50.000000,0.000000,50.966148,0.500000,1,10,10,136.083584
67.727576,1763940282.704513,1763940205,0.448934,0.171141,-0.000011,0.510560,0.000000,50.000000,0.000000,51.310514,0.500000,1,10,10,134.773729
67.729551,1763940282.706472,1763940205,0.448934,0.172186,0.000000,0.519201,0.000000,50.000000,0.000000,50.621782,0.500000,1,10,10,133.459584
67.731549,1763940282.708467,1763940205,0.448934,0.173257,0.000000,0.530587,0.000000,50.000000,0.000000,51.654880,0.500000,1,10,10,132.089214
67.733548,1763940282.710461,1763940205,0.448934,0.174351,0.000000,0.542360,0.000000,50.000000,0.000000,50.277416,0.500000,1,10,10,130.725790
67.735547,1763940282.712455,1763940205,0.448934,0.175464,0.000000,0.554648,0.000000,50.000000,0.000000,50.621782,0.500000,1,10,10,129.321927
67.737569,1763940282.714509,1763940205,0.448934,0.176603,0.000000,0.563754,0.000000,50.000000,0.000000,50.277416,0.500000,1,10,10,127.904721
67.739551,1763940282.716468,1763940205,0.448934,0.177754,0.000000,0.572932,0.000000,50.000000,0.688732,50.621782,0.500000,1,10,10,126.454445
67.741551,1763940282.718468,1763940205,0.448934,0.178931,0.000000,0.583396,0.000000,50.000000,0.000000,49.244319,0.500000,1,10,10,125.017997
67.743556,1763940282.720479,1763940205,0.448934,0.180127,0.000000,0.594751,0.000000,50.000000,0.000000,50.277416,0.500000,1,10,10,123.522869
67.745552,1763940282.722471,1763940205,0.448934,0.181349,0.000000,0.607027,0.000000,50.000000,0.000000,50.277416,0.500000,1,10,10,121.996882
67.747550,1763940282.724463,1763940205,0.448934,0.182591,0.000000,0.617401,0.000000,50.000000,0.000000,49.244319,0.500000,1,10,10,120.476707
67.749556,1763940282.726472,1763940205,0.448934,0.183851,0.000000,0.626916,0.000000,50.000000,0.000000,49.588685,0.500000,1,10,10,118.922311
67.751594,1763940282.728537,1763940205,0.448934,0.185127,0.000000,0.634825,0.000000,50.000000,0.000000,48.899953,0.500000,1,10,10,117.370167
67.753603,1763940282.730543,1763940205,0.448934,0.186414,0.000000,0.642471,0.000000,50.000000,0.000000,48.899953,0.500000,1,10,10,115.799327
67.755574,1763940282.732493,1763940205,0.448930,0.187727,-0.000907,0.650483,0.000000,50.000000,-0.688732,48.899953,0.500000,1,10,10,114.208739
67.757571,1763940282.734486,1763940205,0.448930,0.189063,-0.000943,0.664703,0.000000,50.000000,0.000000,48.555587,0.500000,1,10,10,112.594986
67.759577,1763940282.736500,1763940205,0.448930,0.190411,-0.000500,0.672518,0.000000,50.000000,0.000000,48.555587,0.500000,1,10,10,110.962259
67.761575,1763940282.738493,1763940205,0.448930,0.191766,-0.000003,0.676015,0.000000,50.000000,0.000000,48.555587,0.500000,1,10,10,109.321044
67.763582,1763940282.740509,1763940205,0.448930,0.193128,0.000000,0.679556,0.000000,50.000000,0.000000,47.866855,0.500000,1,10,10,107.694634
67.765576,1763940282.742522,1763940205,0.448930,0.194514,0.000000,0.688455,0.000000,50.000000,0.000000,48.211221,0.500000,1,10,10,106.035072
67.767574,1763940282.744491,1763940205,0.448930,0.195899,0.000000,0.693429,0.000000,50.000000,0.000000,48.555587,0.500000,1,10,10,104.351580
67.769571,1763940282.746484,1763940205,0.448930,0.197292,0.000000,0.694516,0.000000,50.000000,0.000000,47.866855,0.500000,1,10,10,102.689366
67.771573,1763940282.748487,1763940205,0.448930,0.198689,0.000000,0.697958,0.000000,50.000000,0.000000,48.899953,0.500000,1,10,10,100.982860
67.773580,1763940282.750502,1763940205,0.448930,0.200104,0.000000,0.703606,0.000000,50.000000,-0.344366,48.555587,0.500000,1,10,10,99.274617
67.775589,1763940282.752531,1763940205,0.448930,0.201505,0.000000,0.703428,0.000000,50.000000,0.000000,48.211221,0.500000,1,10,10,97.578961
67.777589,1763940282.754525,1763940205,0.448930,0.202901,0.000000,0.699802,0.000000,50.000000,0.000000,48.555587,0.500000,1,10,10,95.879997
67.779600,1763940282.756537,1763940205,0.448926,0.204313,-0.000907,0.701999,0.000000,50.000000,0.000000,47.522489,0.500000,1,10,10,94.211959
67.781578,1763940282.758501,1763940205,0.448926,0.205729,-0.000500,0.706573,0.000000,50.000000,0.000000,48.555587,0.500000,1,10,10,92.496556
67.783574,1763940282.760488,1763940205,0.448922,0.207137,-0.000910,0.705990,0.000000,50.000000,0.000000,47.866855,0.500000,1,10,10,90.806878
67.785579,1763940282.762498,1763940205,0.448922,0.208534,-0.000943,0.700785,0.000000,50.000000,0.000000,47.866855,0.500000,1,10,10,89.129659
67.787578,1763940282.764498,1763940205,0.448922,0.209923,-0.000500,0.695820,0.000000,50.000000,0.000000,47.522489,0.500000,1,10,10,87.476304
67.789588,1763940282.766518,1763940205,0.448922,0.211316,-0.000003,0.696187,0.000000,50.000000,0.000000,48.211221,0.500000,1,10,10,85.798104
67.791592,1763940282.768525,1763940205,0.448922,0.212016,0.000000,0.696665,0.000000,50.000000,0.000000,47.522489,0.500000,1,10,10,84.142742
67.793588,1763940282.770555,1763940205,0.448922,0.214771,0.000000,0.689912,0.000000,50.000000,0.000000,47.522489,0.500000,1,10,10,82.503425
67.795579,1763940282.772500,1763940205,0.448922,0.215453,0.000000,0.684224,0.000000,50.000000,0.688732,48.211221,0.500000,1,10,10,80.853892
67.797577,1763940282.774495,1763940205,0.448922,0.216808,0.000000,0.678506,0.000000,50.000000,0.000000,47.866855,0.500000,1,10,10,79.229994
67.799577,1763940282.776495,1763940205,0.448922,0.218155,0.000000,0.675568,0.000000,50.000000,0.000000,48.211221,0.500000,1,10,10,77.601497
67.801579,1763940282.778497,1763940205,0.448930,0.219488,0.001627,0.669453,0.000000,50.000000,0.344366,48.899953,0.500000,1,10,10,75.964640
67.803586,1763940282.780511,1763940205,0.448930,0.220801,0.001084,0.659019,0.000000,50.000000,0.344366,48.211221,0.500000,1,10,10,74.375991
67.805607,1763940282.782548,1763940205,0.448930,0.222107,0.000957,0.654272,0.000000,50.000000,0.000000,48.555587,0.500000,1,10,10,72.787561
67.807593,1763940282.784527,1763940205,0.448930,0.223413,0.000021,0.652968,0.000000,50.000000,0.000000,48.899953,0.500000,1,10,10,71.191056
67.809587,1763940282.786515,1763940205,0.448930,0.224711,0.000000,0.649996,0.000000,50.000000,0.000000,48.555587,0.500000,1,10,10,69.613008
67.811578,1763940282.788511,1763940205,0.448926,0.225979,-0.000446,0.638550,0.000000,50.000000,0.000000,48.899953,0.500000,1,10,10,68.051754
67.813579,1763940282.790494,1763940205,0.448926,0.227856,-0.000943,0.625688,0.000000,50.000000,0.000000,48.211221,0.500000,1,10,10,66.543493
67.815587,1763940282.792513,1763940205,0.448926,0.228473,-0.000946,0.622770,0.000000,50.000000,0.000000,48.555587,0.500000,1,10,10,65.031542
67.817591,1763940282.794515,1763940205,0.448926,0.229692,-0.000039,0.614279,0.000000,50.000000,0.344366,48.555587,0.500000,1,10,10,63.540170
67.819592,1763940282.796519,1763940205,0.448926,0.230903,0.000000,0.606152,0.000000,50.000000,0.000000,48.899953,0.500000,1,10,10,62.058129
67.821591,1763940282.798517,1763940205,0.448926,0.232686,0.000000,0.594869,0.000000,50.000000,0.000000,49.588685,0.500000,1,10,10,60.583192
67.823596,1763940282.800530,1763940205,0.448926,0.233273,0.000000,0.591158,0.000000,50.000000,0.344366,48.899953,0.500000,1,10,10,59.137776
67.825578,1763940282.802504,1763940205,0.448926,0.234416,0.000000,0.577141,0.000000,50.000000,0.000000,50.966148,0.500000,1,10,10,57.667044
67.827588,1763940282.804519,1763940205,0.448926,0.235540,0.000000,0.566200,0.000000,50.000000,0.000000,49.933050,0.500000,1,10,10,56.253439
67.829578,1763940282.806490,1763940205,0.448926,0.236096,0.000000,0.560227,0.000000,50.000000,0.000000,49.933050,0.500000,1,10,10,54.854748
67.831589,1763940282.808500,1763940205,0.448926,0.237728,0.000000,0.543730,0.000000,50.000000,0.000000,49.933050,0.500000,1,10,10,53.497243
67.833581,1763940282.810494,1763940205,0.448926,0.238776,0.000000,0.530843,0.000000,50.000000,-0.688732,49.933050,0.500000,1,10,10,52.171788
67.835595,1763940282.812524,1763940205,0.448926,0.239817,0.000000,0.520993,0.000000,50.000000,0.344366,49.933050,0.500000,1,10,10,50.871017
67.837597,1763940282.814528,1763940205,0.448926,0.240831,0.000000,0.511599,0.000000,50.000000,0.000000,50.621782,0.500000,1,10,10,49.576113
67.839585,1763940282.816508,1763940205,0.448926,0.241831,0.000000,0.502748,0.000000,50.000000,0.000000,49.244319,0.500000,1,10,10,48.338240
67.841580,1763940282.818492,1763940205,0.448922,0.242796,-0.000446,0.489405,0.000000,50.000000,0.000000,50.621782,0.500000,1,10,10,47.099513
67.843579,1763940282.820490,1763940205,0.448926,0.243735,-0.000262,0.474444,0.000000,50.000000,0.000000,50.621782,0.500000,1,10,10,45.898653
67.845585,1763940282.822503,1763940205,0.448926,0.244651,0.000907,0.461160,0.000000,50.000000,0.688732,51.310514,0.500000,1,10,10,44.715425
67.847585,1763940282.824499,1763940205,0.448926,0.245990,0.000020,0.446161,0.000000,50.000000,-0.344366,50.966148,0.500000,1,10,10,43.578444
67.849582,1763940282.826495,1763940205,0.448926,0.246422,0.000001,0.441767,0.000000,50.000000,0.000000,51.310514,0.500000,1,10,10,42.445080
67.851601,1763940282.828555,1763940205,0.448922,0.247266,-0.000446,0.426131,0.000000,50.000000,0.688732,51.654880,0.500000,1,10,10,41.344395
67.853582,1763940282.830505,1763940205,0.448922,0.248099,-0.000946,0.417313,0.000000,50.000000,-0.344366,51.310514,0.500000,1,10,10,40.273742
67.855581,1763940282.832494,1763940205,0.448922,0.248901,-0.000039,0.404315,0.000000,50.000000,0.000000,53.032343,0.500000,1,10,10,39.201653
67.857600,1763940282.834521,1763940205,0.448922,0.249670,-0.000000,0.389799,0.000000,50.000000,0.344366,51.654880,0.500000,1,10,10,38.194879
67.859582,1763940282.836495,1763940205,0.448922,0.250427,0.000000,0.380808,0.000000,50.000000,0.000000,51.999246,0.500000,1,10,10,37.204793
67.861585,1763940282.838498,1763940205,0.448922,0.251161,0.000000,0.370683,0.000000,50.000000,-0.344366,52.687977,0.500000,1,10,10,36.228246
67.863581,1763940282.840492,1763940205,0.448922,0.251865,0.000000,0.357976,0.000000,50.000000,0.000000,53.032343,0.500000,1,10,10,35.279031
67.865601,1763940282.842539,1763940205,0.448918,0.252535,-0.000941,0.341791,0.000000,50.000000,0.000000,52.687977,0.500000,1,10,10,34.378614
67.867589,1763940282.844512,1763940205,0.448918,0.253193,-0.000946,0.331336,0.000000,50.000000,0.000000,53.376709,0.500000,1,10,10,33.494330
67.869595,1763940282.846521,1763940205,0.448915,0.253844,-0.000880,0.325591,0.000000,50.000000,0.000000,53.032343,0.500000,1,10,10,32.630984
67.871587,1763940282.848508,1763940205,0.448915,0.254458,-0.000946,0.312075,0.000000,50.000000,0.000000,53.376709,0.500000,1,10,10,31.798105
67.873582,1763940282.850496,1763940205,0.448911,0.255033,-0.000822,0.295661,0.000000,50.000000,0.000000,53.032343,0.500000,1,10,10,31.014121
67.875591,1763940282.852515,1763940205,0.448911,0.255608,-0.000946,0.286948,0.000000,50.000000,-0.344366,53.032343,0.500000,1,10,10,30.253225
67.877600,1763940282.854530,1763940205,0.448911,0.256176,-0.000021,0.285367,0.000000,50.000000,0.000000,53.721075,0.500000,1,10,10,29.486713
67.879599,1763940282.856530,1763940205,0.448911,0.256452,-0.000002,0.279882,0.000000,50.000000,0.344366,54.065441,0.500000,1,10,10,28.730100
67.881588,1763940282.858508,1763940205,0.448911,0.257217,0.000000,0.256266,0.000000,50.000000,0.000000,53.721075,0.500000,1,10,10,28.041755
67.883595,1763940282.860513,1763940205,0.448911,0.257713,0.000000,0.248880,0.000000,50.000000,0.000000,54.065441,0.500000,1,10,10,27.368965
67.885588,1763940282.862505,1763940205,0.448911,0.258201,0.000000,0.245773,0.000000,50.000000,0.000000,54.065441,0.500000,1,10,10,26.704575
67.887589,1763940282.864510,1763940205,0.448911,0.258667,0.000000,0.235862,0.000000,50.000000,0.000000,54.409807,0.500000,1,10,10,26.062914
67.889588,1763940282.866505,1763940205,0.448911,0.259109,0.000000,0.226910,0.000000,50.000000,0.000000,54.409807,0.500000,1,10,10,25.445609
67.891602,1763940282.868533,1763940205,0.448911,0.259552,0.000000,0.220689,0.000000,50.000000,0.000000,54.409807,0.500000,1,10,10,24.845227
67.893590,1763940282.870508,1763940205,0.448911,0.259980,0.000000,0.216175,0.000000,50.000000,0.000000,54.409807,0.500000,1,10,10,24.257125
67.895602,1763940282.872533,1763940205,0.448911,0.260381,0.000000,0.205459,0.000000,50.000000,0.000000,54.065441,0.500000,1,10,10,23.701712
67.897598,1763940282.874527,1763940205,0.448911,0.260760,0.000000,0.192403,0.000000,50.000000,0.000000,54.754173,0.500000,1,10,10,23.174968
67.899597,1763940282.876524,1763940205,0.448911,0.261134,0.000000,0.188747,0.000000,50.000000,0.688732,55.442904,0.500000,1,10,10,22.651695
67.901586,1763940282.878501,1763940205,0.448911,0.261513,0.000000,0.188854,0.000000,50.000000,0.344366,55.787270,0.500000,1,10,10,22.124902
67.903588,1763940282.880505,1763940205,0.448911,0.261873,0.000000,0.182895,0.000000,50.000000,0.000000,56.131636,0.500000,1,10,10,21.611592
67.905605,1763940282.882537,1763940205,0.448911,0.262202,0.000000,0.169403,0.000000,50.000000,0.000000,55.442904,0.500000,1,10,10,21.141982
67.907606,1763940282.884542,1763940205,0.448911,0.262527,0.000000,0.163554,0.000000,50.000000,0.344366,55.098538,0.500000,1,10,10,20.691395
67.909598,1763940282.886516,1763940205,0.448911,0.262845,0.000000,0.159868,0.000000,50.000000,0.000000,55.442904,0.500000,1,10,10,20.248218
67.911602,1763940282.888535,1763940205,0.448911,0.263144,0.000000,0.151636,0.000000,50.000000,-0.344366,55.442904,0.500000,1,10,10,19.827854
67.913588,1763940282.890504,1763940205,0.448907,0.263424,-0.000806,0.143708,0.000000,50.000000,0.344366,55.787270,0.500000,1,10,10,19.426987
67.915587,1763940282.892499,1763940205,0.448907,0.263705,-0.000946,0.140263,0.000000,50.000000,0.344366,56.131636,0.500000,1,10,10,19.033311
67.917598,1763940282.894518,1763940205,0.448907,0.263977,-0.000946,0.137377,0.000000,50.000000,0.000000,55.787270,0.500000,1,10,10,18.650108
67.919607,1763940282.896544,1763940205,0.448907,0.264227,-0.000011,0.129787,0.000000,50.000000,0.000000,56.131636,0.500000,1,10,10,18.285849
67.921600,1763940282.898529,1763940205,0.448907,0.264462,0.000000,0.119354,0.000000,50.000000,0.344366,55.442904,0.500000,1,10,10,17.954977
67.923595,1763940282.900519,1763940205,0.448907,0.264692,0.000000,0.116117,0.000000,50.000000,0.000000,56.131636,0.500000,1,10,10,17.629084
67.925601,1763940282.902529,1763940205,0.448907,0.264912,0.000000,0.112122,0.000000,50.000000,0.000000,55.787270,0.500000,1,10,10,17.316334
67.927589,1763940282.904506,1763940205,0.448911,0.265116,0.000806,0.104846,0.000000,50.000000,0.000000,56.476002,0.500000,1,10,10,17.020263
67.929607,1763940282.906542,1763940205,0.448911,0.265306,0.000945,0.096628,0.000000,50.000000,0.000000,55.787270,0.500000,1,10,10,16.750719
67.931591,1763940282.908506,1763940205,0.448907,0.265484,-0.000934,0.090841,0.000000,50.000000,0.000000,56.476002,0.500000,1,10,10,16.494189
67.933608,1763940282.910542,1763940205,0.448907,0.265571,-0.000945,0.087910,0.000000,50.000000,0.000000,55.787270,0.500000,1,10,10,16.248961
67.935610,1763940282.912576,1763940205,0.448907,0.265730,-0.000140,0.081482,0.000000,50.000000,0.000000,56.476002,0.500000,1,10,10,16.018872
67.937607,1763940282.914530,1763940205,0.448911,0.265938,0.000907,0.070139,0.000000,50.000000,-0.344366,56.820368,0.500000,1,10,10,15.819585
67.939590,1763940282.916506,1763940205,0.448911,0.266066,0.000946,0.064828,0.000000,50.000000,0.000000,56.476002,0.500000,1,10,10,15.636505
67.941598,1763940282.918521,1763940205,0.448907,0.266184,-0.000887,0.061021,0.000000,50.000000,0.344366,56.476002,0.500000,1,10,10,15.464173
67.943597,1763940282.920516,1763940205,0.448907,0.266290,-0.000265,0.054921,0.000000,50.000000,0.000000,57.164734,0.500000,1,10,10,15.307193
67.945587,1763940282.922493,1763940205,0.448907,0.266381,-0.000002,0.047553,0.000000,50.000000,0.000000,56.476002,0.500000,1,10,10,15.172913
67.947607,1763940282.924536,1763940205,0.448907,0.266456,0.000000,0.041103,0.000000,50.000000,0.688732,56.820368,0.500000,1,10,10,15.056130
67.949598,1763940282.926522,1763940205,0.448907,0.266528,0.000000,0.036674,0.000000,50.000000,0.344366,56.131636,0.500000,1,10,10,14.953200
67.951593,1763940282.928511,1763940205,0.448907,0.266581,0.000000,0.029617,0.000000,50.000000,0.000000,49.588685,0.500000,1,10,10,14.879767
67.953596,1763940282.930517,1763940205,0.448911,0.266608,0.000944,0.019196,0.000000,50.000000,0.000000,49.244319,0.500000,1,10,10,14.832446
67.955590,1763940282.932502,1763940205,0.448907,0.266638,-0.000182,0.013855,0.000000,50.000000,0.000000,48.899953,0.500000,1,10,10,14.798566
67.957590,1763940282.934514,1763940205,0.448907,0.266661,-0.000887,0.012124,0.000000,50.000000,-0.344366,49.933050,0.500000,1,10,10,14.768216
67.959610,1763940282.936540,1763940205,0.448907,0.266664,-0.000946,0.005919,0.000000,50.000000,0.688732,49.933050,0.500000,1,10,10,14.753249
67.961601,1763940282.938513,1763940205,0.448907,0.266657,-0.000039,-0.001771,0.000000,50.000000,0.000000,50.277416,0.500000,1,10,10,14.748796
67.963611,1763940282.940546,1763940205,0.448907,0.266646,0.000000,-0.005157,0.000000,50.000000,0.000000,49.244319,0.500000,1,10,10,14.736098
67.965603,1763940282.942531,1763940205,0.448911,0.266634,0.000806,-0.006343,0.000000,50.000000,0.000000,49.933050,0.500000,1,10,10,14.720134
67.967607,1763940282.944549,1763940205,0.448911,0.266608,0.000935,-0.010498,0.000000,50.000000,-0.688732,49.933050,0.500000,1,10,10,14.693818
67.969594,1763940282.946511,1763940205,0.448907,0.266581,0.000500,-0.013192,0.000000,50.000000,-0.688732,49.588685,0.500000,1,10,10,14.661082
67.971601,1763940282.948524,1763940205,0.448907,0.266558,-0.000945,-0.012413,0.000000,50.000000,0.000000,49.244319,0.500000,1,10,10,14.630430
67.973600,1763940282.950520,1763940205,0.448907,0.266532,-0.000039,-0.012239,0.000000,50.000000,0.688732,49.588685,0.500000,1,10,10,14.600082
67.975608,1763940282.952536,1763940205,0.448907,0.266502,-0.000003,-0.014042,0.000000,50.000000,0.000000,49.588685,0.500000,1,10,10,14.565265
67.977612,1763940282.954546,1763940205,0.448911,0.266479,0.000935,-0.013377,0.000000,50.000000,0.000000,49.933050,0.500000,1,10,10,14.531785
67.979598,1763940282.956519,1763940205,0.448911,0.266456,0.000946,-0.010719,0.000000,50.000000,0.000000,50.277416,0.500000,1,10,10,14.504733
67.981606,1763940282.958534,1763940205,0.448907,0.266437,-0.000934,-0.010421,0.000000,50.000000,-0.344366,49.588685,0.500000,1,10,10,14.478792
67.983605,1763940282.960545,1763940205,0.448911,0.266415,-0.000264,-0.009984,0.000000,50.000000,0.344366,49.933050,0.500000,1,10,10,14.453855
67.985611,1763940282.962544,1763940205,0.448911,0.266403,0.000805,-0.007877,0.000000,50.000000,0.344366,49.588685,0.500000,1,10,10,14.434222
67.987613,1763940282.964535,1763940205,0.448911,0.266388,0.000264,-0.006202,0.000000,50.000000,0.688732,49.244319,0.500000,1,10,10,14.418936
67.989614,1763940282.966549,1763940205,0.448907,0.266381,-0.000907,-0.005686,0.000000,50.000000,0.000000,49.244319,0.500000,1,10,10,14.404759
67.991604,1763940282.968530,1763940205,0.448907,0.266373,-0.000946,-0.004108,0.000000,50.000000,0.344366,49.933050,0.500000,1,10,10,14.394234
67.993596,1763940282.970512,1763940205,0.448907,0.266369,-0.000500,-0.002055,0.000000,50.000000,0.000000,49.933050,0.500000,1,10,10,14.388953
67.995608,1763940282.972537,1763940205,0.448911,0.266365,0.000932,-0.001212,0.000000,50.000000,-0.344366,49.588685,0.500000,1,10,10,14.385162
67.997596,1763940282.974511,1763940205,0.448911,0.266365,0.000946,-0.001631,0.000000,50.000000,0.344366,49.588685,0.500000,1,10,10,14.380487
67.999596,1763940282.976510,1763940205,0.448911,0.266362,0.000001,-0.000965,0.000000,50.000000,0.344366,49.588685,0.500000,1,10,10,14.378093
68.001620,1763940282.978566,1763940205,0.448911,0.266365,0.000000,0.000608,0.000000,50.000000,0.688732,49.588685,0.500000,1,10,10,14.376587
68.003616,1763940282.980553,1763940205,0.448911,0.266365,0.000000,0.000945,0.000000,50.000000,0.000000,49.588685,0.500000,1,10,10,14.374244
68.005597,1763940282.982512,1763940205,0.448911,0.266365,0.000000,0.000074,0.000000,50.000000,0.000000,49.933050,0.500000,1,10,10,14.374060
68.007601,1763940282.984522,1763940205,0.448907,0.266365,-0.000925,0.000000,0.000000,50.000000,0.688732,49.588685,0.500000,1,10,10,14.371765
68.009602,1763940282.986524,1763940205,0.448907,0.266365,-0.000265,0.000000,0.000000,50.000000,0.000000,49.933050,0.500000,1,10,10,14.371104
68.011597,1763940282.988511,1763940205,0.448911,0.266362,0.000852,-0.000925,0.000000,50.000000,0.000000,49.588685,0.500000,1,10,10,14.367986
68.013620,1763940282.990545,1763940205,0.448907,0.266362,0.000139,-0.000946,0.000000,50.000000,0.000000,49.933050,0.500000,1,10,10,14.365599
68.015617,1763940282.992554,1763940205,0.448907,0.266362,-0.000872,-0.000011,0.000000,50.000000,0.344366,49.588685,0.500000,1,10,10,14.363437
68.017600,1763940282.994518,1763940205,0.448907,0.266362,-0.000011,0.000000,0.000000,50.000000,0.000000,49.588685,0.500000,1,10,10,14.363410
68.019600,1763940282.996517,1763940205,0.448907,0.266362,0.000000,0.000000,0.000000,50.000000,0.000000,49.588685,0.500000,1,10,10,14.363410
68.021599,1763940282.998513,1763940205,0.448907,0.266358,0.000000,-0.000943,0.000000,50.000000,0.000000,50.621782,0.500000,1,10,10,14.361022
68.023603,1763940283.000524,1763940205,0.448907,0.266358,0.000000,-0.000500,0.000000,50.000000,-0.344366,49.244319,0.500000,1,10,10,14.359790
68.025613,1763940283.002540,1763940205,0.448907,0.266358,0.000000,-0.000006,0.000000,50.000000,0.000000,49.933050,0.500000,1,10,10,14.359776
68.027602,1763940283.004521,1763940205,0.448907,0.266358,0.000000,0.000000,0.000000,50.000000,0.344366,49.933050,0.500000,1,10,10,14.359776
68.029602,1763940283.006520,1763940205,0.448907,0.266358,0.000000,0.000000,0.000000,50.000000,0.000000,49.933050,0.500000,1,10,10,14.359776
68.031602,1763940283.008519,1763940205,0.448907,0.266358,0.000000,0.000000,0.000000,50.000000,0.000000,50.621782,0.500000,1,10,10,14.359776
68.033599,1763940283.010514,1763940205,0.448907,0.266358,0.000000,0.000682,0.000000,50.000000,0.000000,49.933050,0.500000,1,10,10,14.358074
68.035600,1763940283.012512,1763940205,0.448907,0.266362,0.000000,0.000944,0.000000,50.000000,0.000000,49.588685,0.500000,1,10,10,14.355733
68.037610,1763940283.014536,1763940205,0.448907,0.266362,0.000000,0.000140,0.000000,50.000000,0.000000,49.244319,0.500000,1,10,10,14.355388
68.039621,1763940283.016548,1763940205,0.448907,0.266362,0.000000,0.000001,0.000000,50.000000,0.000000,49.244319,0.500000,1,10,10,14.355385
68.041611,1763940283.018537,1763940205,0.448907,0.266365,0.000000,0.000926,0.000000,50.000000,0.000000,50.621782,0.500000,1,10,10,14.353042
68.043606,1763940283.020529,1763940205,0.448907,0.266369,0.000000,0.001819,0.000000,50.000000,0.344366,49.933050,0.500000,1,10,10,14.348502
68.045602,1763940283.022519,1763940205,0.448907,0.266373,0.000000,0.001773,0.000000,50.000000,0.000000,49.933050,0.500000,1,10,10,14.344075
68.047602,1763940283.024517,1763940205,0.448907,0.266377,0.000000,0.001826,0.000000,50.000000,0.000000,49.933050,0.500000,1,10,10,14.339517
68.049604,1763940283.026521,1763940205,0.448911,0.266381,0.000682,0.001892,0.000000,50.000000,0.000000,49.933050,0.500000,1,10,10,14.334496
68.051620,1763940283.028551,1763940205,0.448911,0.266384,0.000944,0.001958,0.000000,50.000000,0.000000,50.621782,0.500000,1,10,10,14.328993
68.053605,1763940283.030523,1763940205,0.448911,0.266388,0.000264,0.002458,0.000000,50.000000,0.344366,49.588685,0.500000,1,10,10,14.322863
68.055613,1763940283.032526,1763940205,0.448911,0.266396,0.000000,0.003302,0.000000,0.000000,0.000000,49.588685,0.500000,1,10,10,14.314677
75.108498,1763940290.085544,1763940205,0.448812,0.093824,0.000000,0.000000,-30.000000,0.000000,0.688732,-32.370391,0.500000,1,10,10,263.500000
75.110538,1763940290.087543,1763940205,0.448812,0.093824,0.000000,0.000000,-30.000000,0.000000,0.000000,-31.681660,0.500000,1,10,10,263.500000
75.112539,1763940290.089545,1763940205,0.448812,0.093824,0.000000,0.000000,-30.000000,0.000000,0.344366,-31.681660,0.500000,1,10,10,263.500000
75.114554,1763940290.091557,1763940205,0.448703,0.093839,-0.022548,0.006639,-30.000000,0.000000,-28.582367,-1.377463,0.500000,1,10,10,263.466370
75.116500,1763940290.093456,1763940205,0.448476,0.093907,-0.082031,0.025760,-30.000000,0.000000,-28.582367,0.000000,0.500000,1,10,10,263.343494
75.118487,1763940290.095421,1763940205,0.448317,0.093979,-0.112601,0.035703,-30.000000,0.000000,-28.926733,0.000000,0.500000,1,10,10,263.172644
75.120584,1763940290.097698,1763940205,0.447919,0.094043,-0.169426,0.025211,-30.000000,0.000000,-36.502782,0.000000,0.500000,1,10,10,262.860014
75.122544,1763940290.099606,1763940205,0.447643,0.094066,-0.166518,0.015975,-30.000000,0.000000,-37.880245,-0.344366,0.500000,1,10,10,262.543165
75.124474,1763940290.101377,1763940205,0.447647,0.094074,-0.084388,0.010438,-30.000000,0.000000,-35.125318,-0.344366,0.500000,1,10,10,262.393821
75.126475,1763940290.103380,1763940205,0.447552,0.094089,-0.018450,0.009843,-30.000000,0.000000,-35.125318,-0.344366,0.500000,1,10,10,262.357092
75.128474,1763940290.105377,1763940205,0.447367,0.094176,-0.064818,0.027719,-30.000000,0.000000,-36.502782,0.000000,0.500000,1,10,10,262.228426
75.130474,1763940290.107377,1763940205,0.447268,0.094217,-0.087523,0.034886,-30.000000,0.000000,-32.026025,-0.344366,0.500000,1,10,10,262.077544
75.132494,1763940290.109415,1763940205,0.447105,0.094308,-0.089495,0.042961,-30.000000,0.000000,-36.158416,0.688732,0.500000,1,10,10,261.898036
75.134487,1763940290.111403,1763940205,0.446905,0.094392,-0.069003,0.042042,-30.000000,0.000000,-36.502782,0.000000,0.500000,1,10,10,261.750562
75.136492,1763940290.113416,1763940205,0.446822,0.094460,-0.071517,0.035996,-30.000000,0.000000,-36.158416,-0.688732,0.500000,1,10,10,261.605785
75.138540,1763940290.115585,1763940205,0.446617,0.094524,-0.087316,0.034011,-30.000000,0.000000,-36.158416,0.000000,0.500000,1,10,10,261.436371
75.140551,1763940290.117540,1763940205,0.446405,0.094641,-0.103990,0.037024,-30.000000,0.000000,-37.535879,0.000000,0.500000,1,10,10,261.229203
75.142519,1763940290.119486,1763940205,0.446208,0.094687,-0.102874,0.041237,-30.000000,0.000000,-36.502782,-0.344366,0.500000,1,10,10,261.026912
75.144513,1763940290.121467,1763940205,0.445860,0.094781,-0.111237,0.046406,-30.000000,0.000000,-36.158416,-1.033098,0.500000,1,10,10,260.808917
75.146506,1763940290.123443,1763940205,0.445584,0.094880,-0.128128,0.048215,-30.000000,0.000000,-36.158416,0.000000,0.500000,1,10,10,260.561413
75.148544,1763940290.125534,1763940205,0.445451,0.094967,-0.134262,0.045299,-30.000000,0.000000,-36.158416,-0.344366,0.500000,1,10,10,260.305224
75.150551,1763940290.127552,1763940205,0.445194,0.095050,-0.133135,0.042637,-30.000000,0.000000,-35.814050,-1.033098,0.500000,1,10,10,260.054788
75.152510,1763940290.129459,1763940205,0.444933,0.095145,-0.129797,0.045743,-30.000000,0.000000,-35.814050,-1.033098,0.500000,1,10,10,259.808246
75.154506,1763940290.131442,1763940205,0.444505,0.095251,-0.138616,0.051289,-30.000000,0.000000,-35.469684,0.000000,0.500000,1,10,10,259.546124
75.156504,1763940290.133434,1763940205,0.444214,0.095361,-0.144601,0.054747,-30.000000,0.000000,-36.158416,0.000000,0.500000,1,10,10,259.266587
75.158508,1763940290.135444,1763940205,0.444070,0.095470,-0.145401,0.054927,-30.000000,0.000000,-36.502782,4.476756,0.500000,1,10,10,258.980781
75.160498,1763940290.137415,1763940205,0.443793,0.095584,-0.140814,0.056201,-30.000000,0.000000,-36.158416,6.887317,0.500000,1,10,10,258.701745
75.162507,1763940290.139426,1763940205,0.443343,0.095709,-0.146465,0.060859,-30.000000,0.000000,-36.158416,6.887317,0.500000,1,10,10,258.409843
75.164501,1763940290.141415,1763940205,0.443018,0.095902,-0.158227,0.064322,-30.000000,0.000000,-35.814050,7.920415,0.500000,1,10,10,258.096598
75.166508,1763940290.143421,1763940205,0.442843,0.095966,-0.163274,0.064344,-30.000000,0.000000,-35.469684,6.887317,0.500000,1,10,10,257.779547
75.168501,1763940290.145415,1763940205,0.442491,0.096095,-0.171040,0.063646,-30.000000,0.000000,-35.125318,6.542951,0.500000,1,10,10,257.453520
75.170549,1763940290.147542,1763940205,0.441950,0.096220,-0.180103,0.063180,-30.000000,0.000000,-35.125318,7.231683,0.500000,1,10,10,257.111283
75.172515,1763940290.149464,1763940205,0.441587,0.096348,-0.181605,0.064080,-30.000000,0.000000,-35.814050,6.887317,0.500000,1,10,10,256.760114
75.174512,1763940290.151582,1763940205,0.441401,0.096485,-0.182353,0.066818,-30.000000,0.000000,-35.469684,6.887317,0.500000,1,10,10,256.409254
75.176548,1763940290.153543,1763940205,0.441030,0.096629,-0.184881,0.071183,-30.000000,0.000000,-35.125318,7.576049,0.500000,1,10,10,256.053316
75.178530,1763940290.155504,1763940205,0.440644,0.096780,-0.188546,0.074565,-30.000000,0.000000,-34.436587,6.198586,0.500000,1,10,10,255.698597
75.180541,1763940290.157528,1763940205,0.440027,0.096931,-0.203027,0.075679,-30.000000,0.000000,-35.125318,6.887317,0.500000,1,10,10,255.310814
75.182535,1763940290.159509,1763940205,0.439622,0.097083,-0.204923,0.076147,-30.000000,0.000000,-35.469684,6.542951,0.500000,1,10,10,254.916566
75.184529,1763940290.161495,1763940205,0.439426,0.097242,-0.202500,0.078803,-30.000000,0.000000,-34.780952,6.542951,0.500000,1,10,10,254.532054
75.186530,1763940290.163493,1763940205,0.439021,0.097412,-0.200625,0.083003,-30.000000,0.000000,-34.436587,7.231683,0.500000,1,10,10,254.150062
75.188527,1763940290.165481,1763940205,0.438593,0.097586,-0.206628,0.086752,-30.000000,0.000000,-34.780952,6.887317,0.500000,1,10,10,253.752773
75.190504,1763940290.167423,1763940205,0.437908,0.097764,-0.223933,0.088730,-30.000000,0.000000,-35.125318,6.887317,0.500000,1,10,10,253.321685
75.192519,1763940290.169445,1763940205,0.437454,0.097942,-0.228876,0.088448,-30.000000,0.000000,-34.780952,6.542951,0.500000,1,10,10,252.887486
75.194507,1763940290.171428,1763940205,0.437234,0.098116,-0.226751,0.088005,-30.000000,0.000000,-34.436587,6.542951,0.500000,1,10,10,252.461193
75.196517,1763940290.173448,1763940205,0.436787,0.098302,-0.223349,0.090745,-30.000000,0.000000,-35.125318,6.542951,0.500000,1,10,10,252.030509
75.198572,1763940290.175598,1763940205,0.436310,0.098495,-0.229511,0.095984,-30.000000,0.000000,-34.092221,6.542951,0.500000,1,10,10,251.598708
75.200538,1763940290.177607,1763940205,0.435807,0.098699,-0.243503,0.100051,-30.000000,0.000000,-35.125318,6.542951,0.500000,1,10,10,251.128406
75.202536,1763940290.179522,1763940205,0.435092,0.098903,-0.241758,0.101745,-30.000000,0.000000,-34.436587,6.542951,0.500000,1,10,10,250.668698
75.204543,1763940290.181513,1763940205,0.434630,0.099206,-0.233614,0.102076,-30.000000,0.000000,-34.436587,6.542951,0.500000,1,10,10,250.221880
75.206512,1763940290.183448,1763940205,0.434388,0.099312,-0.234389,0.102993,-30.000000,0.000000,-34.092221,6.198586,0.500000,1,10,10,249.778313
75.208511,1763940290.185440,1763940205,0.433873,0.099528,-0.245765,0.106753,-30.000000,0.000000,-34.436587,6.198586,0.500000,1,10,10,249.309536
75.210516,1763940290.187450,1763940205,0.433358,0.099755,-0.256483,0.111709,-30.000000,0.000000,-34.436587,6.542951,0.500000,1,10,10,248.819229
75.212506,1763940290.189426,1763940205,0.432877,0.099990,-0.250471,0.116189,-30.000000,0.000000,-34.436587,6.542951,0.500000,1,10,10,248.335313
75.214504,1763940290.191419,1763940205,0.432132,0.100221,-0.245742,0.116572,-30.000000,0.000000,-33.747855,6.542951,0.500000,1,10,10,247.867814
75.216533,1763940290.193484,1763940205,0.431863,0.100448,-0.251106,0.114133,-30.000000,0.000000,-34.092221,6.887317,0.500000,1,10,10,247.388138
75.218538,1763940290.195487,1763940205,0.431318,0.100675,-0.268087,0.113520,-30.000000,0.000000,-35.125318,6.198586,0.500000,1,10,10,246.868934
75.220521,1763940290.197460,1763940205,0.430807,0.100909,-0.265716,0.116482,-30.000000,0.000000,-34.436587,6.198586,0.500000,1,10,10,246.361358
75.222510,1763940290.199434,1763940205,0.430058,0.101155,-0.249785,0.121444,-30.000000,0.000000,-33.747855,5.509854,0.500000,1,10,10,245.886490
75.224513,1763940290.201441,1763940205,0.429516,0.101409,-0.259119,0.125524,-30.000000,0.000000,-34.092221,6.198586,0.500000,1,10,10,245.387650
75.226514,1763940290.203440,1763940205,0.429236,0.101663,-0.267257,0.126791,-30.000000,0.000000,-34.780952,6.198586,0.500000,1,10,10,244.865120
75.228514,1763940290.205440,1763940205,0.428706,0.101913,-0.271771,0.125882,-30.000000,0.000000,-35.125318,6.198586,0.500000,1,10,10,244.330973
75.230525,1763940290.207457,1763940205,0.428195,0.102166,-0.260663,0.125813,-30.000000,0.000000,-33.747855,6.198586,0.500000,1,10,10,243.834409
75.232514,1763940290.209439,1763940205,0.427397,0.102423,-0.263781,0.128506,-30.000000,0.000000,-33.747855,6.542951,0.500000,1,10,10,243.330077
75.234504,1763940290.211415,1763940205,0.426859,0.102688,-0.268495,0.130538,-30.000000,0.000000,-34.780952,4.821122,0.500000,1,10,10,242.805927
75.236501,1763940290.213405,1763940205,0.426341,0.103071,-0.264769,0.128185,-30.000000,0.000000,-34.092221,6.198586,0.500000,1,10,10,242.296266
75.238522,1763940290.215451,1763940205,0.426083,0.103196,-0.261218,0.127478,-30.000000,0.000000,-34.092221,6.198586,0.500000,1,10,10,241.792675
75.240509,1763940290.217427,1763940205,0.425553,0.103453,-0.260645,0.128326,-30.000000,0.000000,-34.092221,5.509854,0.500000,1,10,10,241.291021
75.242508,1763940290.219423,1763940205,0.424751,0.103726,-0.267456,0.133693,-30.000000,0.000000,-34.092221,6.887317,0.500000,1,10,10,240.771029
75.244518,1763940290.221433,1763940205,0.424236,0.104009,-0.262315,0.140208,-30.000000,0.000000,-33.403489,5.509854,0.500000,1,10,10,240.267548
75.246519,1763940290.223450,1763940205,0.423983,0.104297,-0.259529,0.142129,-30.000000,0.000000,-33.747855,6.198586,0.500000,1,10,10,239.759898
75.248520,1763940290.225455,1763940205,0.423464,0.104573,-0.256389,0.139786,-30.000000,0.000000,-34.092221,5.165488,0.500000,1,10,10,239.256437
75.250520,1763940290.227448,1763940205,0.422942,0.104850,-0.259852,0.138914,-30.000000,0.000000,-33.747855,5.165488,0.500000,1,10,10,238.753452
75.252509,1763940290.229424,1763940205,0.422188,0.105137,-0.254229,0.142831,-30.000000,0.000000,-33.403489,5.509854,0.500000,1,10,10,238.259840
75.254507,1763940290.231421,1763940205,0.421693,0.105595,-0.248125,0.152288,-30.000000,0.000000,-34.092221,6.198586,0.500000,1,10,10,237.755439
75.256514,1763940290.233436,1763940205,0.421439,0.105754,-0.249425,0.154770,-30.000000,0.000000,-33.403489,6.542951,0.500000,1,10,10,237.255857
75.258515,1763940290.235434,1763940205,0.420928,0.106072,-0.253095,0.158779,-30.000000,0.000000,-34.092221,5.854220,0.500000,1,10,10,236.739104
75.260517,1763940290.237448,1763940205,0.420205,0.106394,-0.246333,0.160482,-30.000000,0.000000,-34.092221,5.509854,0.500000,1,10,10,236.231450
75.262516,1763940290.239443,1763940205,0.419739,0.106716,-0.236106,0.161544,-30.000000,0.000000,-34.092221,5.509854,0.500000,1,10,10,235.737465
75.264508,1763940290.241422,1763940205,0.419497,0.107049,-0.235692,0.165140,-30.000000,0.000000,-34.436587,5.509854,0.500000,1,10,10,235.235641
75.266508,1763940290.243422,1763940205,0.418998,0.107397,-0.242705,0.172108,-30.000000,0.000000,-34.436587,5.165488,0.500000,1,10,10,234.717606
75.268511,1763940290.245427,1763940205,0.418521,0.107764,-0.244842,0.181046,-30.000000,0.000000,-35.125318,6.198586,0.500000,1,10,10,234.174546
75.270518,1763940290.247432,1763940205,0.417858,0.108146,-0.224355,0.189075,-30.000000,0.000000,-34.436587,5.509854,0.500000,1,10,10,233.662933
75.272513,1763940290.249429,1763940205,0.417408,0.108741,-0.220932,0.197824,-30.000000,0.000000,-33.747855,5.165488,0.500000,1,10,10,233.156698
75.274521,1763940290.251453,1763940205,0.417173,0.108941,-0.224193,0.199327,-30.000000,0.000000,-34.092221,5.509854,0.500000,1,10,10,232.638697
75.276515,1763940290.253436,1763940205,0.416700,0.109346,-0.233963,0.202072,-30.000000,0.000000,-34.780952,6.198586,0.500000,1,10,10,232.092604
75.278510,1763940290.255424,1763940205,0.416057,0.109763,-0.221746,0.207165,-30.000000,0.000000,-34.780952,4.821122,0.500000,1,10,10,231.559825
75.280520,1763940290.257447,1763940205,0.415644,0.110440,-0.208730,0.225931,-30.000000,0.000000,-33.747855,5.165488,0.500000,1,10,10,231.034752
75.282512,1763940290.259429,1763940205,0.415428,0.110682,-0.208903,0.232814,-30.000000,0.000000,-34.092221,5.165488,0.500000,1,10,10,230.495466
75.284516,1763940290.261438,1763940205,0.414985,0.111171,-0.215257,0.241785,-30.000000,0.000000,-34.436587,4.821122,0.500000,1,10,10,229.932638
75.286530,1763940290.263474,1763940205,0.414338,0.111659,-0.217461,0.244121,-30.000000,0.000000,-35.469684,4.476756,0.500000,1,10,10,229.348228
75.288529,1763940290.265469,1763940205,0.413945,0.112151,-0.205991,0.246991,-30.000000,0.000000,-34.780952,4.132390,0.500000,1,10,10,228.784989
75.290527,1763940290.267459,1763940205,0.413551,0.112942,-0.197471,0.262913,-30.000000,0.000000,-34.780952,4.476756,0.500000,1,10,10,228.208449
75.292517,1763940290.269444,1763940205,0.413343,0.113222,-0.199234,0.270472,-30.000000,0.000000,-34.780952,4.132390,0.500000,1,10,10,227.620141
75.294515,1763940290.271435,1763940205,0.412923,0.113794,-0.206103,0.283381,-30.000000,0.000000,-35.469684,4.476756,0.500000,1,10,10,226.993774
75.296536,1763940290.273467,1763940205,0.412340,0.114380,-0.200400,0.290904,-30.000000,0.000000,-35.469684,3.788025,0.500000,1,10,10,226.363730
75.298517,1763940290.275437,1763940205,0.411980,0.115274,-0.185720,0.298700,-30.000000,0.000000,-34.436587,2.754927,0.500000,1,10,10,225.756177
75.300531,1763940290.277466,1763940205,0.411798,0.115580,-0.182765,0.301564,-30.000000,0.000000,-34.436587,3.788025,0.500000,1,10,10,225.145355
75.302513,1763940290.279431,1763940205,0.411428,0.116197,-0.183686,0.308305,-30.000000,0.000000,-35.125318,2.410561,0.500000,1,10,10,224.513590
75.304523,1763940290.281452,1763940205,0.411053,0.116841,-0.186123,0.318805,-30.000000,0.000000,-35.469684,3.443659,0.500000,1,10,10,223.855814
75.306512,1763940290.283427,1763940205,0.410512,0.117518,-0.182308,0.333800,-30.000000,0.000000,-35.469684,3.443659,0.500000,1,10,10,223.178114
75.308514,1763940290.285428,1763940205,0.410337,0.118219,-0.179732,0.346070,-30.000000,0.000000,-34.436587,3.443659,0.500000,1,10,10,222.503322
75.310528,1763940290.287461,1763940205,0.409993,0.118930,-0.174618,0.353861,-30.000000,0.000000,-35.469684,4.132390,0.500000,1,10,10,221.798772
75.312516,1763940290.289431,1763940205,0.409664,0.119653,-0.169226,0.360810,-30.000000,0.000000,-35.125318,3.099293,0.500000,1,10,10,221.096138
75.314531,1763940290.291466,1763940205,0.409183,0.120384,-0.161225,0.364587,-30.000000,0.000000,-35.469684,3.099293,0.500000,1,10,10,220.386456
75.316525,1763940290.293455,1763940205,0.408854,0.121122,-0.162597,0.367777,-30.000000,0.000000,-35.814050,2.754927,0.500000,1,10,10,219.664257
75.318526,1763940290.295454,1763940205,0.408691,0.121879,-0.163304,0.375481,-30.000000,0.000000,-35.469684,2.066195,0.500000,1,10,10,218.936862
75.320515,1763940290.297432,1763940205,0.408373,0.122651,-0.161989,0.383632,-30.000000,0.000000,-35.814050,2.410561,0.500000,1,10,10,218.189473
75.322529,1763940290.299453,1763940205,0.408070,0.123847,-0.154786,0.394769,-30.000000,0.000000,-35.814050,3.099293,0.500000,1,10,10,217.427323
75.324515,1763940290.301431,1763940205,0.407642,0.124256,-0.144272,0.404577,-30.000000,0.000000,-35.469684,2.410561,0.500000,1,10,10,216.663800
75.326529,1763940290.303461,1763940205,0.407359,0.125509,-0.142105,0.416535,-30.000000,0.000000,-35.814050,2.410561,0.500000,1,10,10,215.873914
75.328527,1763940290.305456,1763940205,0.407222,0.125929,-0.140700,0.418796,-30.000000,0.000000,-36.158416,2.410561,0.500000,1,10,10,215.073403
75.330533,1763940290.307469,1763940205,0.406950,0.126765,-0.137525,0.419202,-30.000000,0.000000,-35.814050,2.410561,0.500000,1,10,10,214.281587
75.332524,1763940290.309452,1763940205,0.406681,0.127609,-0.135432,0.420566,-30.000000,0.000000,-36.502782,2.754927,0.500000,1,10,10,213.472884
75.334535,1763940290.311471,1763940205,0.406303,0.128457,-0.128778,0.423327,-30.000000,0.000000,-36.158416,1.721829,0.500000,1,10,10,212.672006
75.336517,1763940290.313437,1763940205,0.406075,0.129752,-0.119537,0.432070,-30.000000,0.000000,-36.158416,2.066195,0.500000,1,10,10,211.860192
75.338535,1763940290.315508,1763940205,0.405966,0.130198,-0.114769,0.438897,-30.000000,0.000000,-35.814050,2.066195,0.500000,1,10,10,211.046480
75.340536,1763940290.317481,1763940205,0.405750,0.131110,-0.109244,0.451753,-30.000000,0.000000,-36.847148,2.410561,0.500000,1,10,10,210.188370
75.342534,1763940290.319475,1763940205,0.405443,0.132030,-0.104452,0.458688,-30.000000,0.000000,-36.502782,1.721829,0.500000,1,10,10,209.328815
75.344530,1763940290.321467,1763940205,0.405258,0.132942,-0.097584,0.456936,-30.000000,0.000000,-36.502782,1.377463,0.500000,1,10,10,208.475430
75.346536,1763940290.323479,1763940205,0.405171,0.133843,-0.093370,0.451718,-30.000000,0.000000,-35.814050,1.377463,0.500000,1,10,10,207.648828
75.348546,1763940290.325480,1763940205,0.405000,0.134744,-0.087746,0.450069,-30.000000,0.000000,-36.502782,1.377463,0.500000,1,10,10,206.811329
75.350534,1763940290.327474,1763940205,0.404838,0.135645,-0.084156,0.452022,-30.000000,0.000000,-37.191513,1.721829,0.500000,1,10,10,205.955401
75.352530,1763940290.329465,1763940205,0.404622,0.136568,-0.073340,0.458766,-30.000000,0.000000,-36.847148,1.377463,0.500000,1,10,10,205.098860
75.354541,1763940290.331482,1763940205,0.404501,0.137507,-0.066358,0.466966,-30.000000,0.000000,-36.502782,1.721829,0.500000,1,10,10,204.237062
75.356526,1763940290.333450,1763940205,0.404444,0.138450,-0.062569,0.470645,-30.000000,0.000000,-36.502782,1.377463,0.500000,1,10,10,203.369896
75.358522,1763940290.335440,1763940205,0.404331,0.139392,-0.058059,0.470789,-30.000000,0.000000,-37.191513,1.377463,0.500000,1,10,10,202.487190
75.360519,1763940290.337435,1763940205,0.404232,0.140327,-0.052884,0.468463,-30.000000,0.000000,-36.847148,1.377463,0.500000,1,10,10,201.618025
75.362530,1763940290.339456,1763940205,0.404119,0.141258,-0.041756,0.465301,-30.000000,0.000000,-37.191513,1.033098,0.500000,1,10,10,200.748950
75.364536,1763940290.341477,1763940205,0.404054,0.142651,-0.034988,0.465034,-30.000000,0.000000,-37.191513,1.377463,0.500000,1,10,10,199.881146
75.366538,1763940290.343477,1763940205,0.404024,0.143120,-0.032550,0.467454,-30.000000,0.000000,-32.370391,1.033098,0.500000,1,10,10,199.122344
75.368526,1763940290.345454,1763940205,0.403990,0.144070,-0.025341,0.472606,-30.000000,0.000000,-30.304196,1.721829,0.500000,1,10,10,198.404062
75.370525,1763940290.347449,1763940205,0.403971,0.145028,-0.007598,0.477354,-30.000000,0.000000,-29.271099,1.033098,0.500000,1,10,10,197.704905
75.372521,1763940290.349438,1763940205,0.403967,0.145989,-0.004127,0.480988,-30.000000,0.000000,-30.304196,2.066195,0.500000,1,10,10,196.974389
75.374531,1763940290.351445,1763940205,0.403979,0.147435,0.000626,0.480864,-30.000000,0.000000,-29.959830,1.377463,0.500000,1,10,10,196.253298
75.376527,1763940290.353448,1763940205,0.403990,0.147908,0.005328,0.478715,-30.000000,0.000000,-28.926733,1.033098,0.500000,1,10,10,195.560431
75.378536,1763940290.355466,1763940205,0.404020,0.148862,0.012449,0.476091,-30.000000,0.000000,-29.271099,1.033098,0.500000,1,10,10,194.862973
75.380545,1763940290.357485,1763940205,0.404054,0.150293,0.016011,0.477000,-30.000000,0.000000,-30.304196,0.688732,0.500000,1,10,10,194.139624
75.382532,1763940290.359461,1763940205,0.404115,0.150778,0.019445,0.480012,-30.000000,0.000000,-29.959830,1.377463,0.500000,1,10,10,193.419220
75.384524,1763940290.361442,1763940205,0.404172,0.152242,0.023709,0.487163,-30.000000,0.000000,-29.959830,1.377463,0.500000,1,10,10,192.687819
75.386521,1763940290.363434,1763940205,0.404202,0.152731,0.027027,0.488631,-30.000000,0.000000,-29.615464,1.377463,0.500000,1,10,10,191.962378
75.388529,1763940290.365452,1763940205,0.404262,0.153703,0.030112,0.488208,-30.000000,0.000000,-30.648562,1.377463,0.500000,1,10,10,191.212056
75.390530,1763940290.367454,1763940205,0.404357,0.154676,0.031187,0.487265,-30.000000,0.000000,-30.648562,1.377463,0.500000,1,10,10,190.463075
75.392520,1763940290.369429,1763940205,0.404391,0.155664,0.032542,0.490504,-30.000000,0.000000,-30.648562,0.688732,0.500000,1,10,10,189.709570
75.394536,1763940290.371456,1763940205,0.404467,0.156659,0.035592,0.496369,-30.000000,0.000000,-30.648562,0.688732,0.500000,1,10,10,188.946775
75.396519,1763940290.373426,1763940205,0.404546,0.157666,0.038629,0.501122,-30.000000,0.000000,-30.992928,0.688732,0.500000,1,10,10,188.167716
75.398540,1763940290.375473,1763940205,0.404660,0.158669,0.038226,0.502457,-30.000000,0.000000,-30.648562,0.688732,0.500000,1,10,10,187.395317
75.400540,1763940290.377477,1763940205,0.404701,0.159173,0.038392,0.502531,-30.000000,0.000000,-29.615464,0.688732,0.500000,1,10,10,186.648812
75.402523,1763940290.379436,1763940205,0.404781,0.161156,0.040148,0.495962,-30.000000,0.000000,-29.615464,0.688732,0.500000,1,10,10,185.911804
75.404522,1763940290.381432,1763940205,0.404868,0.161656,0.042054,0.496657,-30.000000,0.000000,-31.337294,1.033098,0.500000,1,10,10,185.130400
75.406529,1763940290.383449,1763940205,0.404959,0.162659,0.043929,0.500359,-30.000000,0.000000,-29.959830,1.033098,0.500000,1,10,10,184.377536
75.408528,1763940290.385449,1763940205,0.405053,0.163673,0.046151,0.506214,-30.000000,0.000000,-30.304196,1.377463,0.500000,1,10,10,183.606539
75.410537,1763940290.387464,1763940205,0.405152,0.164695,0.048097,0.509898,-30.000000,0.000000,-29.959830,0.688732,0.500000,1,10,10,182.839123
75.412541,1763940290.389483,1763940205,0.405307,0.165713,0.050951,0.508753,-30.000000,0.000000,-30.648562,0.000000,0.500000,1,10,10,182.055596
75.414541,1763940290.391475,1763940205,0.405356,0.166221,0.051538,0.507745,-30.000000,0.000000,-30.648562,0.000000,0.500000,1,10,10,181.273516
75.416526,1763940290.393442,1763940205,0.405462,0.168261,0.051956,0.509683,-30.000000,0.000000,-22.728147,0.000000,0.500000,1,10,10,180.691307
75.418525,1763940290.395437,1763940205,0.405583,0.168772,0.055538,0.511509,-30.000000,0.000000,-22.728147,0.688732,0.500000,1,10,10,180.106339
75.420523,1763940290.397433,1763940205,0.405720,0.169801,0.063561,0.513758,-30.000000,0.000000,-22.039415,0.688732,0.500000,1,10,10,179.535598
75.422523,1763940290.399434,1763940205,0.405916,0.170835,0.066511,0.515932,-30.000000,0.000000,-23.072513,0.688732,0.500000,1,10,10,178.935213
75.424538,1763940290.401462,1763940205,0.406060,0.171856,0.067774,0.513935,-30.000000,0.000000,-22.728147,0.688732,0.500000,1,10,10,178.345846
75.426551,1763940290.403479,1763940205,0.406136,0.172878,0.071023,0.510208,-30.000000,0.000000,-22.383781,1.033098,0.500000,1,10,10,177.768707
75.428527,1763940290.405444,1763940205,0.406291,0.173893,0.075226,0.508385,-30.000000,0.000000,-22.039415,0.688732,0.500000,1,10,10,177.202105
75.430537,1763940290.407465,1763940205,0.406450,0.174915,0.078389,0.509656,-30.000000,0.000000,-22.383781,0.688732,0.500000,1,10,10,176.624724
75.432531,1763940290.409452,1763940205,0.406685,0.175937,0.078387,0.511176,-30.000000,0.000000,-23.072513,1.033098,0.500000,1,10,10,176.027527
75.434526,1763940290.411440,1763940205,0.406859,0.176955,0.083315,0.509665,-30.000000,0.000000,-23.416879,1.377463,0.500000,1,10,10,175.421823
75.436531,1763940290.413450,1763940205,0.406954,0.177966,0.087077,0.506218,-30.000000,0.000000,-23.072513,0.344366,0.500000,1,10,10,174.829194
75.438544,1763940290.415486,1763940205,0.407131,0.178972,0.089715,0.503587,-30.000000,0.000000,-22.728147,1.033098,0.500000,1,10,10,174.247303
75.440546,1763940290.417488,1763940205,0.407302,0.180479,0.087491,0.502731,-30.000000,0.000000,-23.416879,0.688732,0.500000,1,10,10,173.649578
75.442543,1763940290.419472,1763940205,0.407567,0.180982,0.087474,0.502450,-30.000000,0.000000,-23.072513,1.033098,0.500000,1,10,10,173.060631
75.444523,1763940290.421429,1763940205,0.407752,0.182485,0.090031,0.500595,-30.000000,0.000000,-22.728147,1.033098,0.500000,1,10,10,172.482027
75.446524,1763940290.423429,1763940205,0.407843,0.182981,0.091459,0.499702,-30.000000,0.000000,-22.728147,0.688732,0.500000,1,10,10,171.904464
75.448549,1763940290.425490,1763940205,0.408025,0.183976,0.091785,0.497592,-30.000000,0.000000,-23.072513,0.688732,0.500000,1,10,10,171.320484
75.450543,1763940290.427478,1763940205,0.408206,0.184964,0.090862,0.494650,-30.000000,0.000000,-23.072513,0.688732,0.500000,1,10,10,170.740038
75.452538,1763940290.429452,1763940205,0.408479,0.185941,0.090841,0.489953,-30.000000,0.000000,-22.728147,1.721829,0.500000,1,10,10,170.172140
75.454533,1763940290.431452,1763940205,0.408570,0.186913,0.090841,0.487129,-30.000000,0.000000,-22.383781,1.377463,0.500000,1,10,10,169.616502
75.456526,1763940290.433437,1763940205,0.408744,0.188378,0.089219,0.487978,-30.000000,0.000000,-23.416879,1.377463,0.500000,1,10,10,169.034681
75.458531,1763940290.435443,1763940205,0.409009,0.188866,0.087525,0.487822,-30.000000,0.000000,-23.416879,1.033098,0.500000,1,10,10,168.453832
75.460539,1763940290.437463,1763940205,0.409179,0.189832,0.086651,0.483886,-30.000000,0.000000,-22.383781,1.033098,0.500000,1,10,10,167.903072
75.462540,1763940290.439464,1763940205,0.409266,0.190309,0.086679,0.480525,-30.000000,0.000000,-23.761245,1.377463,0.500000,1,10,10,167.321990
75.464548,1763940290.441481,1763940205,0.409433,0.191720,0.084829,0.471586,-30.000000,0.000000,-22.728147,1.377463,0.500000,1,10,10,166.776476
75.466531,1763940290.443436,1763940205,0.409599,0.192655,0.083029,0.468468,0.000000,0.000000,-22.383781,0.688732,0.500000,1,10,10,166.243749
75.468530,1763940290.445435,1763940205,0.409758,0.193590,0.081225,0.467493,0.000000,0.000000,-22.728147,0.688732,0.500000,1,10,10,165.704279
75.470528,1763940290.447430,1763940205,0.409993,0.194529,0.078068,0.468380,0.000000,0.000000,4.476756,1.377463,0.500000,1,10,10,165.593074
75.472527,1763940290.449430,1763940205,0.410103,0.195464,0.084115,0.467120,0.000000,0.000000,4.476756,0.344366,0.500000,1,10,10,165.486520
75.474540,1763940290.451448,1763940205,0.410345,0.196380,0.108477,0.460937,0.000000,0.000000,5.509854,1.377463,0.500000,1,10,10,165.352051
75.476525,1763940290.453423,1763940205,0.410591,0.197284,0.121641,0.452434,0.000000,0.000000,6.887317,1.377463,0.500000,1,10,10,165.187520
75.478550,1763940290.455458,1763940205,0.410970,0.198170,0.126113,0.445806,0.000000,0.000000,5.854220,1.721829,0.500000,1,10,10,165.046163
75.480541,1763940290.457449,1763940205,0.411234,0.199495,0.129251,0.441041,0.000000,0.000000,5.165488,1.377463,0.500000,1,10,10,164.923314
75.482546,1763940290.459461,1763940205,0.411367,0.199934,0.130708,0.441771,0.000000,0.000000,6.198586,1.377463,0.500000,1,10,10,164.777046
75.484565,1763940290.461498,1763940205,0.411651,0.200816,0.136813,0.440297,0.000000,0.000000,6.198586,1.721829,0.500000,1,10,10,164.628739
75.486537,1763940290.463451,1763940205,0.412090,0.201690,0.145726,0.436348,0.000000,0.000000,6.198586,1.721829,0.500000,1,10,10,164.480761
75.488536,1763940290.465448,1763940205,0.412389,0.202534,0.148693,0.426773,0.000000,0.000000,5.165488,2.066195,0.500000,1,10,10,164.355046
75.490533,1763940290.467441,1763940205,0.412540,0.203359,0.149441,0.414973,0.000000,0.000000,5.509854,2.066195,0.500000,1,10,10,164.225274
75.492561,1763940290.469490,1763940205,0.412836,0.204158,0.149091,0.404238,0.000000,0.000000,5.854220,1.377463,0.500000,1,10,10,164.095714
75.494552,1763940290.471470,1763940205,0.413131,0.204953,0.147237,0.397930,0.000000,0.000000,6.198586,2.066195,0.500000,1,10,10,163.957099
75.496532,1763940290.473437,1763940205,0.413577,0.205759,0.148263,0.401281,0.000000,0.000000,6.198586,1.721829,0.500000,1,10,10,163.819493
75.498544,1763940290.475452,1763940205,0.413729,0.206573,0.149869,0.405475,0.000000,0.000000,5.509854,2.066195,0.500000,1,10,10,163.692303
75.500539,1763940290.477442,1763940205,0.414043,0.207368,0.153565,0.400390,0.000000,0.000000,5.509854,2.410561,0.500000,1,10,10,163.563352
75.502539,1763940290.479442,1763940205,0.414365,0.208140,0.158509,0.388161,0.000000,0.000000,5.854220,2.066195,0.500000,1,10,10,163.433205
75.504546,1763940290.481448,1763940205,0.414686,0.208878,0.161353,0.374765,0.000000,0.000000,5.509854,2.066195,0.500000,1,10,10,163.313154
75.506538,1763940290.483440,1763940205,0.415171,0.209605,0.161685,0.364324,0.000000,0.000000,5.509854,2.754927,0.500000,1,10,10,163.190384
75.508537,1763940290.485438,1763940205,0.415504,0.210668,0.162918,0.355693,0.000000,0.000000,5.509854,2.410561,0.500000,1,10,10,163.072740
75.510537,1763940290.487437,1763940205,0.415678,0.211020,0.165701,0.353596,0.000000,0.000000,4.821122,2.410561,0.500000,1,10,10,162.967498
75.512537,1763940290.489437,1763940205,0.416045,0.211724,0.176406,0.351218,0.000000,0.000000,5.165488,2.754927,0.500000,1,10,10,162.852453
75.514538,1763940290.491439,1763940205,0.416602,0.212417,0.185409,0.347270,0.000000,0.000000,5.854220,2.754927,0.500000,1,10,10,162.725101
75.516541,1763940290.493445,1763940205,0.416965,0.213405,0.183659,0.330966,0.000000,0.000000,5.509854,2.754927,0.500000,1,10,10,162.608517
75.518543,1763940290.495449,1763940205,0.417147,0.213727,0.181779,0.325876,0.000000,0.000000,5.165488,2.754927,0.500000,1,10,10,162.499292
75.520545,1763940290.497452,1763940205,0.417503,0.214370,0.179876,0.320670,0.000000,0.000000,5.509854,2.410561,0.500000,1,10,10,162.388731
75.522546,1763940290.499454,1763940205,0.418044,0.214995,0.179716,0.315165,0.000000,0.000000,4.821122,3.099293,0.500000,1,10,10,162.284762
75.524548,1763940290.501458,1763940205,0.418415,0.215914,0.183934,0.306098,0.000000,0.000000,4.821122,3.443659,0.500000,1,10,10,162.178974
75.526549,1763940290.503460,1763940205,0.418600,0.216213,0.184434,0.302872,0.000000,0.000000,4.476756,3.788025,0.500000,1,10,10,162.074996
75.528552,1763940290.505465,1763940205,0.418967,0.216793,0.184146,0.292508,0.000000,0.000000,5.165488,3.788025,0.500000,1,10,10,161.964293
75.530562,1763940290.507477,1763940205,0.419331,0.217341,0.182709,0.278839,0.000000,0.000000,5.165488,3.788025,0.500000,1,10,10,161.857523
75.532555,1763940290.509471,1763940205,0.419876,0.217875,0.182129,0.268750,0.000000,0.000000,5.165488,3.443659,0.500000,1,10,10,161.756750
75.534556,1763940290.511473,1763940205,0.420065,0.218405,0.183001,0.265430,0.000000,0.000000,5.509854,3.788025,0.500000,1,10,10,161.648965
75.536558,1763940290.513477,1763940205,0.420440,0.218927,0.186668,0.262472,0.000000,0.000000,4.821122,3.443659,0.500000,1,10,10,161.553553
75.538562,1763940290.515483,1763940205,0.421011,0.219435,0.190119,0.255587,0.000000,0.000000,5.509854,4.132390,0.500000,1,10,10,161.443858
75.540565,1763940290.517486,1763940205,0.421390,0.219919,0.189752,0.245783,0.000000,0.000000,5.509854,4.476756,0.500000,1,10,10,161.333639
75.542565,1763940290.519490,1763940205,0.421579,0.220385,0.189273,0.234671,0.000000,0.000000,4.476756,4.476756,0.500000,1,10,10,161.238201
75.544568,1763940290.521493,1763940205,0.421958,0.220827,0.189208,0.224310,0.000000,0.000000,4.821122,4.132390,0.500000,1,10,10,161.145033
75.546566,1763940290.523491,1763940205,0.422347,0.221255,0.191741,0.216320,0.000000,0.000000,5.165488,4.476756,0.500000,1,10,10,161.046238
75.548569,1763940290.525496,1763940205,0.422741,0.221675,0.195273,0.211141,0.000000,0.000000,5.509854,5.509854,0.500000,1,10,10,160.934188
75.550572,1763940290.527502,1763940205,0.423332,0.222092,0.196829,0.208488,0.000000,0.000000,5.165488,5.165488,0.500000,1,10,10,160.829462
75.552573,1763940290.529504,1763940205,0.423718,0.222697,0.195081,0.200820,0.000000,0.000000,5.509854,5.165488,0.500000,1,10,10,160.723737
75.554578,1763940290.531511,1763940205,0.423911,0.222883,0.194004,0.195182,0.000000,0.000000,4.821122,4.821122,0.500000,1,10,10,160.629921
75.556589,1763940290.533523,1763940205,0.424297,0.223239,0.193049,0.181638,0.000000,0.000000,5.854220,5.509854,0.500000,1,10,10,160.523373
75.558582,1763940290.535519,1763940205,0.424887,0.223575,0.195796,0.170614,0.000000,0.000000,4.821122,5.854220,0.500000,1,10,10,160.424896
75.560581,1763940290.537517,1763940205,0.425281,0.223905,0.196801,0.165924,0.000000,0.000000,5.165488,5.165488,0.500000,1,10,10,160.330874
75.562581,1763940290.539517,1763940205,0.425470,0.224238,0.195503,0.166044,0.000000,0.000000,4.821122,5.165488,0.500000,1,10,10,160.240256
75.564582,1763940290.541518,1763940205,0.425849,0.224563,0.191603,0.164050,0.000000,0.000000,5.165488,5.165488,0.500000,1,10,10,160.148124
75.566587,1763940290.543528,1763940205,0.426223,0.224874,0.188396,0.155939,0.000000,0.000000,5.509854,5.509854,0.500000,1,10,10,160.052842
75.568587,1763940290.545528,1763940205,0.426799,0.225150,0.190136,0.143058,0.000000,0.000000,5.165488,5.854220,0.500000,1,10,10,159.959957
75.570587,1763940290.547528,1763940205,0.427181,0.225525,0.191731,0.124833,0.000000,0.000000,5.165488,5.854220,0.500000,1,10,10,159.870646
75.572587,1763940290.549529,1763940205,0.427370,0.225642,0.191232,0.121904,0.000000,0.000000,5.509854,5.854220,0.500000,1,10,10,159.779488
75.574594,1763940290.551534,1763940205,0.427741,0.225884,0.187563,0.120201,0.000000,0.000000,4.821122,5.854220,0.500000,1,10,10,159.695013
75.576592,1763940290.553540,1763940205,0.428286,0.226130,0.182718,0.122852,0.000000,0.000000,5.509854,6.198586,0.500000,1,10,10,159.603712
75.578593,1763940290.555539,1763940205,0.428653,0.226490,0.182648,0.119282,0.000000,0.000000,4.476756,6.542951,0.500000,1,10,10,159.517239
75.580595,1763940290.557540,1763940205,0.428839,0.226600,0.183502,0.114303,0.000000,0.000000,5.165488,6.542951,0.500000,1,10,10,159.427128
75.582611,1763940290.559558,1763940205,0.429210,0.226796,0.184510,0.102134,0.000000,0.000000,4.821122,6.198586,0.500000,1,10,10,159.344324
75.584600,1763940290.561553,1763940205,0.429573,0.226967,0.183168,0.088639,0.000000,0.000000,5.165488,6.198586,0.500000,1,10,10,159.262230
75.586601,1763940290.563553,1763940205,0.430092,0.227118,0.176051,0.078239,0.000000,0.000000,4.821122,6.198586,0.500000,1,10,10,159.186587
75.588602,1763940290.565554,1763940205,0.430247,0.227262,0.170396,0.073942,0.000000,0.000000,5.165488,6.887317,0.500000,1,10,10,159.106630
75.590603,1763940290.567555,1763940205,0.430519,0.227410,0.149125,0.072638,0.000000,0.000000,6.198586,6.542951,0.500000,1,10,10,159.031879
75.592609,1763940290.569570,1763940205,0.430871,0.227554,0.121981,0.072001,0.000000,0.000000,5.854220,6.887317,0.500000,1,10,10,158.967861
75.594611,1763940290.571568,1763940205,0.431110,0.227686,0.118272,0.067944,0.000000,0.000000,6.198586,6.887317,0.500000,1,10,10,158.904668
75.596612,1763940290.573569,1763940205,0.431235,0.227800,0.120282,0.059481,0.000000,0.000000,6.198586,6.887317,0.500000,1,10,10,158.842500
75.598613,1763940290.575571,1763940205,0.431488,0.227894,0.124308,0.049880,0.000000,0.000000,5.854220,7.231683,0.500000,1,10,10,158.780189
75.600613,1763940290.577570,1763940205,0.431867,0.227970,0.126113,0.040838,0.000000,0.000000,6.542951,7.231683,0.500000,1,10,10,158.715550
75.602613,1763940290.579571,1763940205,0.432094,0.228038,0.120771,0.034109,0.000000,0.000000,6.198586,1.377463,0.500000,1,10,10,158.675707
75.604614,1763940290.581572,1763940205,0.432196,0.228091,0.115291,0.027612,0.000000,0.000000,6.198586,0.000000,0.500000,1,10,10,158.638964
75.606615,1763940290.583573,1763940205,0.432389,0.228121,0.101131,0.018720,0.000000,0.000000,6.542951,0.000000,0.500000,1,10,10,158.605318
75.608631,1763940290.585590,1763940205,0.432575,0.228136,0.095175,0.010444,0.000000,0.000000,5.854220,-0.344366,0.500000,1,10,10,158.577243
