time,sys_time,session_id,mode,trial,fx,fy,pos_x,pos_y,vel_x,vel_y,prob_left,preload_flag
10.871782,1765099436.086017,1765099402,1,1,-2.410561,-5.854220,0.323259,0.056193,0.000000,0.000000,0.500000,0
10.873783,1765099436.086017,1765099402,1,1,-2.410561,-5.854220,0.323259,0.056193,0.000000,0.000000,0.500000,0
10.875784,1765099436.086017,1765099402,1,1,-3.099293,-5.854220,0.323259,0.056193,0.000000,0.000000,0.500000,0
10.877785,1765099436.086017,1765099402,1,1,-2.410561,-5.509854,0.323259,0.056193,0.000000,0.000000,0.500000,0
10.879785,1765099436.086017,1765099402,1,1,-3.443659,-5.854220,0.323259,0.056193,0.000000,0.000000,0.500000,0
10.881786,1765099436.086017,1765099402,1,1,-2.410561,-5.509854,0.323259,0.056193,0.000000,0.000000,0.500000,0
10.883787,1765099436.086017,1765099402,1,1,-2.410561,-5.854220,0.323259,0.056193,0.000000,0.000000,0.500000,0
10.885787,1765099436.086017,1765099402,1,1,-3.099293,-5.854220,0.323259,0.056193,0.000000,0.000000,0.500000,0
10.887788,1765099436.086017,1765099402,1,1,-3.099293,-5.509854,0.323259,0.056193,0.000000,0.000000,0.500000,0
10.889801,1765099436.086017,1765099402,1,1,-3.788025,-5.854220,0.323259,0.056193,0.000000,0.000000,0.500000,0
10.891790,1765099436.086017,1765099402,1,1,-3.443659,-6.198586,0.323259,0.056193,0.000000,0.000000,0.500000,0
10.893790,1765099436.086017,1765099402,1,1,-3.099293,-5.854220,0.323259,0.056193,0.000000,0.000000,0.500000,0
10.895810,1765099436.086017,1765099402,1,1,-2.410561,-5.509854,0.323259,0.056193,0.000000,0.000000,0.500000,0
10.897792,1765099436.086017,1765099402,1,1,-3.099293,-5.509854,0.323259,0.056193,0.000000,0.000000,0.500000,0
10.899792,1765099436.086017,1765099402,1,1,-2.410561,-5.854220,0.323259,0.056193,0.000000,0.000000,0.500000,0
10.901794,1765099436.086017,1765099402,1,1,-3.099293,-6.198586,0.323259,0.056193,0.000000,0.000000,0.500000,0
10.903793,1765099436.086017,1765099402,1,1,-2.410561,-5.509854,0.323259,0.056193,0.000000,0.000000,0.500000,0
10.905795,1765099436.086017,1765099402,1,1,-3.443659,-6.198586,0.323259,0.056193,0.000000,0.000000,0.500000,0
10.907795,1765099436.086017,1765099402,1,1,-2.754927,-6.198586,0.323259,0.056193,0.000000,0.000000,0.500000,0
10.909808,1765099436.086017,1765099402,1,1,-2.410561,-5.854220,0.323259,0.056193,0.000000,0.000000,0.500000,0
10.911799,1765099436.086017,1765099402,1,1,-3.099293,-5.509854,0.323259,0.056193,0.000000,0.000000,0.500000,0
10.913747,1765099436.086017,1765099402,1,1,-3.099293,-5.854220,0.323259,0.056193,0.000000,0.000000,0.500000,0
10.915835,1765099436.086017,1765099402,1,1,-3.443659,-5.854220,0.323259,0.056193,0.000000,0.000000,0.500000,0
10.917853,1765099436.086017,1765099402,1,1,-2.410561,-5.854220,0.323259,0.056193,0.000000,0.000000,0.500000,0
10.919854,1765099436.086017,1765099402,1,1,-2.410561,-5.854220,0.323259,0.056193,0.000000,0.000000,0.500000,0
10.921944,1765099436.086017,1765099402,1,1,-2.410561,-5.854220,0.323259,0.056193,0.000000,0.000000,0.500000,0
10.923880,1765099436.086017,1765099402,1,1,-2.410561,-5.509854,0.323259,0.056193,0.000000,0.000000,0.500000,0
10.925881,1765099436.086017,1765099402,1,1,-3.443659,-5.854220,0.323259,0.056193,0.000000,0.000000,0.500000,0
10.927881,1765099436.086017,1765099402,1,1,-3.443659,-5.854220,0.323259,0.056193,0.000000,0.000000,0.500000,0
10.929883,1765099436.086017,1765099402,1,1,-2.410561,-5.854220,0.323259,0.056193,0.000000,0.000000,0.500000,0
10.931885,1765099436.086017,1765099402,1,1,-2.410561,-5.854220,0.323259,0.056193,0.000000,0.000000,0.500000,0
10.933867,1765099436.086017,1765099402,1,1,-3.099293,-5.509854,0.323259,0.056193,0.000000,0.000000,0.500000,0
10.935863,1765099436.086017,1765099402,1,1,-2.754927,-5.854220,0.323259,0.056193,0.000000,0.000000,0.500000,0
10.937865,1765099436.086017,1765099402,1,1,-2.754927,-5.509854,0.323259,0.056193,0.000000,0.000000,0.500000,0
10.939865,1765099436.086017,1765099402,1,1,-3.443659,-6.198586,0.323259,0.056193,0.000000,0.000000,0.500000,0
10.941867,1765099436.086017,1765099402,1,1,-2.410561,-5.854220,0.323259,0.056193,0.000000,0.000000,0.500000,0
10.943851,1765099436.086017,1765099402,1,1,-2.410561,-5.509854,0.323259,0.056193,0.000000,0.000000,0.500000,0
10.945851,1765099436.086017,1765099402,1,1,-3.443659,-5.509854,0.323259,0.056193,0.000000,0.000000,0.500000,0
10.947881,1765099436.086017,1765099402,1,1,-3.099293,-5.509854,0.323259,0.056193,0.000000,0.000000,0.500000,0
10.949854,1765099436.086017,1765099402,1,1,-2.410561,-5.854220,0.323259,0.056193,0.000000,0.000000,0.500000,0
10.951850,1765099436.086017,1765099402,1,1,-2.410561,-5.854220,0.323259,0.056193,0.000000,0.000000,0.500000,0
10.953855,1765099436.086017,1765099402,1,1,-3.099293,-5.509854,0.323259,0.056193,0.000000,0.000000,0.500000,0
10.955845,1765099436.086017,1765099402,1,1,-3.443659,-5.854220,0.323259,0.056193,0.000000,0.000000,0.500000,0
10.957845,1765099436.086017,1765099402,1,1,-3.443659,-6.198586,0.323259,0.056193,0.000000,0.000000,0.500000,0
10.959846,1765099436.086017,1765099402,1,1,-2.410561,-5.509854,0.323259,0.056193,0.000000,0.000000,0.500000,0
10.961846,1765099436.086017,1765099402,1,1,-2.410561,-5.854220,0.323259,0.056193,0.000000,0.000000,0.500000,0
10.963847,1765099436.086017,1765099402,1,1,-3.443659,-5.854220,0.323259,0.056193,0.000000,0.000000,0.500000,0
10.965849,1765099436.086017,1765099402,1,1,-3.099293,-5.854220,0.323259,0.056193,0.000000,0.000000,0.500000,0
10.967849,1765099436.086017,1765099402,1,1,-2.410561,-5.854220,0.323259,0.056193,0.000000,0.000000,0.500000,0
10.969850,1765099436.086017,1765099402,1,1,-2.754927,-6.198586,0.323259,0.056193,0.000000,0.000000,0.500000,0
10.971852,1765099436.086017,1765099402,1,1,-3.443659,-5.854220,0.323259,0.056193,0.000000,0.000000,0.500000,0
10.973877,1765099436.086017,1765099402,1,1,-3.443659,-5.854220,0.323259,0.056193,0.000000,0.000000,0.500000,0
10.975856,1765099436.086017,1765099402,1,1,-3.099293,-5.509854,0.323259,0.056193,0.000000,0.000000,0.500000,0
10.977839,1765099436.086017,1765099402,1,1,-3.099293,-5.854220,0.323259,0.056193,0.000000,0.000000,0.500000,0
10.979839,1765099436.086017,1765099402,1,1,-3.443659,-6.198586,0.323259,0.056193,0.000000,0.000000,0.500000,0
10.981841,1765099436.086017,1765099402,1,1,-3.099293,-5.854220,0.323259,0.056193,0.000000,0.000000,0.500000,0
10.983842,1765099436.086017,1765099402,1,1,-3.443659,-5.854220,0.323259,0.056193,0.000000,0.000000,0.500000,0
10.985842,1765099436.086017,1765099402,1,1,-3.443659,-5.854220,0.323259,0.056193,0.000000,0.000000,0.500000,0
10.987844,1765099436.086017,1765099402,1,1,-3.443659,-5.854220,0.323259,0.056193,0.000000,0.000000,0.500000,0
10.989830,1765099436.086017,1765099402,1,1,-3.099293,-5.509854,0.323259,0.056193,0.000000,0.000000,0.500000,0
10.991770,1765099436.086017,1765099402,1,1,-2.410561,-6.198586,0.323259,0.056193,0.000000,0.000000,0.500000,0
10.993767,1765099436.086017,1765099402,1,1,-3.099293,-6.198586,0.323259,0.056193,0.000000,0.000000,0.500000,0
10.995771,1765099436.086017,1765099402,1,1,-3.099293,-5.854220,0.323259,0.056193,0.000000,0.000000,0.500000,0
10.997775,1765099436.086017,1765099402,1,1,-2.410561,-5.509854,0.323259,0.056193,0.000000,0.000000,0.500000,0
10.999806,1765099436.086017,1765099402,1,1,-3.443659,-5.854220,0.323259,0.056193,0.000000,0.000000,0.500000,0
11.001790,1765099436.086017,1765099402,1,1,-3.443659,-5.854220,0.323259,0.056193,0.000000,0.000000,0.500000,0
11.003797,1765099436.086017,1765099402,1,1,-3.443659,-5.509854,0.323259,0.056193,0.000000,0.000000,0.500000,0
11.005799,1765099436.086017,1765099402,1,1,-3.443659,-5.854220,0.323259,0.056193,0.000000,0.000000,0.500000,0
11.007799,1765099436.086017,1765099402,1,1,-2.410561,-5.854220,0.323259,0.056193,0.000000,0.000000,0.500000,0
11.009800,1765099436.086017,1765099402,1,1,-3.443659,-6.198586,0.323259,0.056193,0.000000,0.000000,0.500000,0
11.011800,1765099436.086017,1765099402,1,1,-3.099293,-5.509854,0.323259,0.056193,0.000000,0.000000,0.500000,0
11.013802,1765099436.086017,1765099402,1,1,-3.443659,-5.854220,0.323259,0.056193,0.000000,0.000000,0.500000,0
11.015801,1765099436.086017,1765099402,1,1,-2.410561,-5.854220,0.323259,0.056193,0.000000,0.000000,0.500000,0
11.017805,1765099436.086017,1765099402,1,1,-2.410561,-5.854220,0.323259,0.056193,0.000000,0.000000,0.500000,0
11.019803,1765099436.086017,1765099402,1,1,-3.443659,-6.198586,0.323259,0.056193,0.000000,0.000000,0.500000,0
11.021804,1765099436.086017,1765099402,1,1,-3.099293,-5.509854,0.323259,0.056193,0.000000,0.000000,0.500000,0
11.023798,1765099436.086017,1765099402,1,1,-3.099293,-5.854220,0.323259,0.056193,0.000000,0.000000,0.500000,0
11.025814,1765099436.086017,1765099402,1,1,-2.410561,-6.198586,0.323259,0.056193,0.000000,0.000000,0.500000,0
11.027799,1765099436.086017,1765099402,1,1,-3.099293,-5.509854,0.323259,0.056193,0.000000,0.000000,0.500000,0
11.029801,1765099436.086017,1765099402,1,1,-3.443659,-5.854220,0.323259,0.056193,0.000000,0.000000,0.500000,0
11.031884,1765099436.086017,1765099402,1,1,-2.410561,-5.509854,0.323259,0.056193,0.000000,0.000000,0.500000,0
11.033803,1765099436.086017,1765099402,1,1,-3.443659,-5.509854,0.323259,0.056193,0.000000,0.000000,0.500000,0
11.035808,1765099436.086017,1765099402,1,1,-2.410561,-5.854220,0.323259,0.056193,0.000000,0.000000,0.500000,0
11.037809,1765099436.086017,1765099402,1,1,-3.443659,-6.198586,0.323259,0.056193,0.000000,0.000000,0.500000,0
11.039809,1765099436.086017,1765099402,1,1,-3.099293,-5.854220,0.323259,0.056193,0.000000,0.000000,0.500000,0
11.041969,1765099436.086017,1765099402,1,1,-2.410561,-5.509854,0.323259,0.056193,0.000000,0.000000,0.500000,0
11.043952,1765099436.086017,1765099402,1,1,-3.443659,-5.854220,0.323259,0.056193,0.000000,0.000000,0.500000,0
11.045960,1765099436.086017,1765099402,1,1,-3.443659,-6.198586,0.323259,0.056193,0.000000,0.000000,0.500000,0
11.047958,1765099436.086017,1765099402,1,1,-3.099293,-6.198586,0.323259,0.056193,0.000000,0.000000,0.500000,0
11.049952,1765099436.086017,1765099402,1,1,-3.443659,-5.854220,0.323259,0.056193,0.000000,0.000000,0.500000,0
11.051868,1765099436.086017,1765099402,1,1,-3.099293,-5.854220,0.323259,0.056193,0.000000,0.000000,0.500000,0
11.053828,1765099436.086017,1765099402,1,1,-3.443659,-5.854220,0.323259,0.056193,0.000000,0.000000,0.500000,0
11.055979,1765099436.086017,1765099402,1,1,-3.099293,-5.509854,0.323259,0.056193,0.000000,0.000000,0.500000,0
11.057966,1765099436.086017,1765099402,1,1,-2.410561,-5.854220,0.323259,0.056193,0.000000,0.000000,0.500000,0
11.059940,1765099436.086017,1765099402,1,1,-3.099293,-5.854220,0.323259,0.056193,0.000000,0.000000,0.500000,0
11.061951,1765099436.086017,1765099402,1,1,-3.099293,-5.854220,0.323259,0.056193,0.000000,0.000000,0.500000,0
11.063950,1765099436.086017,1765099402,1,1,-3.443659,-5.509854,0.323259,0.056193,0.000000,0.000000,0.500000,0
11.065948,1765099436.086017,1765099402,1,1,-3.099293,-5.854220,0.323259,0.056193,0.000000,0.000000,0.500000,0
11.067938,1765099436.086017,1765099402,1,1,-2.410561,-5.509854,0.323259,0.056193,0.000000,0.000000,0.500000,0
11.069905,1765099436.086017,1765099402,1,1,-3.443659,-6.198586,0.323259,0.056193,0.000000,0.000000,0.500000,0
18.419423,1765099443.633420,1765099402,1,2,-3.099293,8.609147,0.323285,0.041545,0.000000,0.000000,0.500000,1
18.421423,1765099443.633420,1765099402,1,2,-3.099293,7.231683,0.323285,0.041545,0.000000,0.000000,0.500000,1
18.423424,1765099443.633420,1765099402,1,2,-2.754927,7.576049,0.323285,0.041545,0.000000,0.000000,0.500000,1
18.425425,1765099443.633420,1765099402,1,2,-2.754927,7.920415,0.323285,0.041545,0.000000,0.000000,0.500000,1
18.427425,1765099443.633420,1765099402,1,2,-2.410561,8.609147,0.323285,0.041545,0.000000,0.000000,0.500000,1
18.429427,1765099443.633420,1765099402,1,2,-3.099293,7.920415,0.323285,0.041545,0.000000,0.000000,0.500000,1
18.431428,1765099443.633420,1765099402,1,2,-2.410561,7.920415,0.323285,0.041545,0.000000,0.000000,0.500000,1
18.433428,1765099443.633420,1765099402,1,2,-2.754927,8.609147,0.323285,0.041545,0.000000,0.000000,0.500000,1
18.435429,1765099443.633420,1765099402,1,2,-3.443659,7.920415,0.323285,0.041545,0.000000,0.000000,0.500000,1
18.437431,1765099443.633420,1765099402,1,2,-3.099293,8.609147,0.323285,0.041545,0.000000,0.000000,0.500000,1
18.439457,1765099443.633420,1765099402,1,2,-3.099293,8.609147,0.323285,0.041545,0.000000,0.000000,0.500000,1
18.441432,1765099443.633420,1765099402,1,2,-3.099293,7.920415,0.323285,0.041545,0.000000,0.000000,0.500000,1
18.443432,1765099443.633420,1765099402,1,2,-3.443659,8.609147,0.323285,0.041545,0.000000,0.000000,0.500000,1
18.445434,1765099443.633420,1765099402,1,2,-3.788025,8.609147,0.323285,0.041545,0.000000,0.000000,0.500000,1
18.447419,1765099443.633420,1765099402,1,2,-2.410561,8.264781,0.323285,0.041545,0.000000,0.000000,0.500000,1
18.449421,1765099443.633420,1765099402,1,2,-3.099293,7.920415,0.323285,0.041545,0.000000,0.000000,0.500000,1
18.451437,1765099443.633420,1765099402,1,2,-3.788025,7.920415,0.323285,0.041545,0.000000,0.000000,0.500000,1
18.453422,1765099443.633420,1765099402,1,2,-3.099293,8.264781,0.323285,0.041545,0.000000,0.000000,0.500000,1
18.455423,1765099443.633420,1765099402,1,2,-3.099293,8.953512,0.323285,0.041545,0.000000,0.000000,0.500000,1
18.457440,1765099443.633420,1765099402,1,2,-3.099293,7.920415,0.323285,0.041545,0.000000,0.000000,0.500000,1
18.459432,1765099443.633420,1765099402,1,2,-3.443659,7.920415,0.323285,0.041545,0.000000,0.000000,0.500000,1
18.461441,1765099443.633420,1765099402,1,2,-2.410561,8.609147,0.323285,0.041545,0.000000,0.000000,0.500000,1
18.463443,1765099443.633420,1765099402,1,2,-2.410561,8.609147,0.323285,0.041545,0.000000,0.000000,0.500000,1
18.465470,1765099443.633420,1765099402,1,2,-3.099293,8.609147,0.323285,0.041545,0.000000,0.000000,0.500000,1
18.467443,1765099443.633420,1765099402,1,2,-2.410561,8.264781,0.323285,0.041545,0.000000,0.000000,0.500000,1
18.469445,1765099443.633420,1765099402,1,2,-2.410561,8.264781,0.323285,0.041545,0.000000,0.000000,0.500000,1
18.471445,1765099443.633420,1765099402,1,2,-3.443659,8.264781,0.323285,0.041545,0.000000,0.000000,0.500000,1
18.473446,1765099443.633420,1765099402,1,2,-2.410561,7.576049,0.323285,0.041545,0.000000,0.000000,0.500000,1
18.475447,1765099443.633420,1765099402,1,2,-3.099293,7.920415,0.323285,0.041545,0.000000,0.000000,0.500000,1
18.477448,1765099443.633420,1765099402,1,2,-3.443659,8.264781,0.323285,0.041545,0.000000,0.000000,0.500000,1
18.479450,1765099443.633420,1765099402,1,2,-2.410561,8.264781,0.323285,0.041545,0.000000,0.000000,0.500000,1
18.481450,1765099443.633420,1765099402,1,2,-2.754927,7.576049,0.323285,0.041545,0.000000,0.000000,0.500000,1
18.483452,1765099443.633420,1765099402,1,2,-3.443659,7.920415,0.323285,0.041545,0.000000,0.000000,0.500000,1
18.485438,1765099443.633420,1765099402,1,2,-3.788025,8.264781,0.323285,0.041545,0.000000,0.000000,0.500000,1
18.487453,1765099443.633420,1765099402,1,2,-3.443659,8.609147,0.323285,0.041545,0.000000,0.000000,0.500000,1
18.489483,1765099443.633420,1765099402,1,2,-3.443659,8.264781,0.323285,0.041545,0.000000,0.000000,0.500000,1
18.491545,1765099443.633420,1765099402,1,2,-2.410561,8.264781,0.323285,0.041545,0.000000,0.000000,0.500000,1
18.493509,1765099443.633420,1765099402,1,2,-2.410561,8.264781,0.323285,0.041545,0.000000,0.000000,0.500000,1
18.495510,1765099443.633420,1765099402,1,2,-2.410561,8.264781,0.323285,0.041545,0.000000,0.000000,0.500000,1
18.497512,1765099443.633420,1765099402,1,2,-3.099293,8.264781,0.323285,0.041545,0.000000,0.000000,0.500000,1
18.499511,1765099443.633420,1765099402,1,2,-3.443659,8.264781,0.323285,0.041545,0.000000,0.000000,0.500000,1
18.501513,1765099443.633420,1765099402,1,2,-2.410561,8.264781,0.323285,0.041545,0.000000,0.000000,0.500000,1
18.503515,1765099443.633420,1765099402,1,2,-2.754927,8.264781,0.323285,0.041545,0.000000,0.000000,0.500000,1
18.505516,1765099443.633420,1765099402,1,2,-3.099293,8.609147,0.323285,0.041545,0.000000,0.000000,0.500000,1
18.507517,1765099443.633420,1765099402,1,2,-2.754927,8.264781,0.323285,0.041545,0.000000,0.000000,0.500000,1
18.509518,1765099443.633420,1765099402,1,2,-3.099293,8.609147,0.323285,0.041545,0.000000,0.000000,0.500000,1
18.511520,1765099443.633420,1765099402,1,2,-2.410561,8.609147,0.323285,0.041545,0.000000,0.000000,0.500000,1
18.513520,1765099443.633420,1765099402,1,2,-3.443659,8.264781,0.323285,0.041545,0.000000,0.000000,0.500000,1
18.515521,1765099443.633420,1765099402,1,2,-3.099293,8.264781,0.323285,0.041545,0.000000,0.000000,0.500000,1
18.517557,1765099443.633420,1765099402,1,2,-3.099293,8.264781,0.323285,0.041545,0.000000,0.000000,0.500000,1
18.519523,1765099443.633420,1765099402,1,2,-2.410561,8.609147,0.323285,0.041545,0.000000,0.000000,0.500000,1
18.521524,1765099443.633420,1765099402,1,2,-2.754927,8.609147,0.323285,0.041545,0.000000,0.000000,0.500000,1
18.523503,1765099443.633420,1765099402,1,2,-2.410561,8.264781,0.323285,0.041545,0.000000,0.000000,0.500000,1
18.525504,1765099443.633420,1765099402,1,2,-3.099293,7.920415,0.323285,0.041545,0.000000,0.000000,0.500000,1
18.527505,1765099443.633420,1765099402,1,2,-2.410561,8.609147,0.323285,0.041545,0.000000,0.000000,0.500000,1
18.529507,1765099443.633420,1765099402,1,2,-3.443659,7.920415,0.323285,0.041545,0.000000,0.000000,0.500000,1
18.531507,1765099443.633420,1765099402,1,2,-3.099293,8.264781,0.323285,0.041545,0.000000,0.000000,0.500000,1
18.533509,1765099443.633420,1765099402,1,2,-3.099293,8.264781,0.323285,0.041545,0.000000,0.000000,0.500000,1
18.535510,1765099443.633420,1765099402,1,2,-3.099293,7.920415,0.323285,0.041545,0.000000,0.000000,0.500000,1
18.537493,1765099443.633420,1765099402,1,2,-2.410561,8.264781,0.323285,0.041545,0.000000,0.000000,0.500000,1
18.539495,1765099443.633420,1765099402,1,2,-3.443659,7.920415,0.323285,0.041545,0.000000,0.000000,0.500000,1
18.541496,1765099443.633420,1765099402,1,2,-2.754927,8.609147,0.323285,0.041545,0.000000,0.000000,0.500000,1
18.543525,1765099443.633420,1765099402,1,2,-2.410561,8.264781,0.323285,0.041545,0.000000,0.000000,0.500000,1
18.545497,1765099443.633420,1765099402,1,2,-3.099293,7.920415,0.323285,0.041545,0.000000,0.000000,0.500000,1
18.547500,1765099443.633420,1765099402,1,2,-3.099293,8.609147,0.323285,0.041545,0.000000,0.000000,0.500000,1
18.549391,1765099443.633420,1765099402,1,2,-2.410561,8.264781,0.323285,0.041545,0.000000,0.000000,0.500000,1
18.551391,1765099443.633420,1765099402,1,2,-2.754927,8.264781,0.323285,0.041545,0.000000,0.000000,0.500000,1
18.553426,1765099443.633420,1765099402,1,2,-2.410561,8.264781,0.323285,0.041545,0.000000,0.000000,0.500000,1
18.555433,1765099443.633420,1765099402,1,2,-3.099293,8.264781,0.323285,0.041545,0.000000,0.000000,0.500000,1
18.557392,1765099443.633420,1765099402,1,2,-3.099293,8.264781,0.323285,0.041545,0.000000,0.000000,0.500000,1
18.559423,1765099443.633420,1765099402,1,2,-2.410561,8.264781,0.323285,0.041545,0.000000,0.000000,0.500000,1
18.561427,1765099443.633420,1765099402,1,2,-3.443659,8.264781,0.323285,0.041545,0.000000,0.000000,0.500000,1
18.563440,1765099443.633420,1765099402,1,2,-3.443659,8.264781,0.323285,0.041545,0.000000,0.000000,0.500000,1
18.565441,1765099443.633420,1765099402,1,2,-2.754927,7.920415,0.323285,0.041545,0.000000,0.000000,0.500000,1
18.567447,1765099443.633420,1765099402,1,2,-3.443659,7.576049,0.323285,0.041545,0.000000,0.000000,0.500000,1
18.569401,1765099443.633420,1765099402,1,2,-2.410561,8.264781,0.323285,0.041545,0.000000,0.000000,0.500000,1
18.571418,1765099443.633420,1765099402,1,2,-3.099293,8.264781,0.323285,0.041545,0.000000,0.000000,0.500000,1
18.573425,1765099443.633420,1765099402,1,2,-3.788025,8.609147,0.323285,0.041545,0.000000,0.000000,0.500000,1
18.575421,1765099443.633420,1765099402,1,2,-2.754927,8.264781,0.323285,0.041545,0.000000,0.000000,0.500000,1
18.577425,1765099443.633420,1765099402,1,2,-2.410561,7.576049,0.323285,0.041545,0.000000,0.000000,0.500000,1
18.579430,1765099443.633420,1765099402,1,2,-2.410561,8.609147,0.323285,0.041545,0.000000,0.000000,0.500000,1
18.581439,1765099443.633420,1765099402,1,2,-3.443659,7.920415,0.323285,0.041545,0.000000,0.000000,0.500000,1
18.583431,1765099443.633420,1765099402,1,2,-2.754927,8.609147,0.323285,0.041545,0.000000,0.000000,0.500000,1
18.585440,1765099443.633420,1765099402,1,2,-3.099293,8.264781,0.323285,0.041545,0.000000,0.000000,0.500000,1
18.587433,1765099443.633420,1765099402,1,2,-3.099293,7.920415,0.323285,0.041545,0.000000,0.000000,0.500000,1
18.589414,1765099443.633420,1765099402,1,2,-3.443659,7.920415,0.323285,0.041545,0.000000,0.000000,0.500000,1
18.591405,1765099443.633420,1765099402,1,2,-2.410561,8.609147,0.323285,0.041545,0.000000,0.000000,0.500000,1
18.593400,1765099443.633420,1765099402,1,2,-3.443659,7.920415,0.323285,0.041545,0.000000,0.000000,0.500000,1
18.595409,1765099443.633420,1765099402,1,2,-3.099293,7.920415,0.323285,0.041545,0.000000,0.000000,0.500000,1
18.597406,1765099443.633420,1765099402,1,2,-3.099293,8.609147,0.323285,0.041545,0.000000,0.000000,0.500000,1
18.599413,1765099443.633420,1765099402,1,2,-3.099293,8.264781,0.323285,0.041545,0.000000,0.000000,0.500000,1
18.601415,1765099443.633420,1765099402,1,2,-3.099293,8.264781,0.323285,0.041545,0.000000,0.000000,0.500000,1
18.603422,1765099443.633420,1765099402,1,2,-3.443659,7.920415,0.323285,0.041545,0.000000,0.000000,0.500000,1
18.605427,1765099443.633420,1765099402,1,2,-3.788025,7.920415,0.323285,0.041545,0.000000,0.000000,0.500000,1
18.607435,1765099443.633420,1765099402,1,2,-3.099293,8.264781,0.323285,0.041545,0.000000,0.000000,0.500000,1
18.609444,1765099443.633420,1765099402,1,2,-3.099293,8.264781,0.323285,0.041545,0.000000,0.000000,0.500000,1
18.611453,1765099443.633420,1765099402,1,2,-2.754927,7.920415,0.323285,0.041545,0.000000,0.000000,0.500000,1
18.613456,1765099443.633420,1765099402,1,2,-2.754927,8.264781,0.323285,0.041545,0.000000,0.000000,0.500000,1
18.615457,1765099443.633420,1765099402,1,2,-3.443659,7.920415,0.323285,0.041545,0.000000,0.000000,0.500000,1
18.617457,1765099443.633420,1765099402,1,2,-3.443659,8.264781,0.323285,0.041545,0.000000,0.000000,0.500000,1
25.985057,1765099451.199157,1765099402,1,3,-3.788025,1.033098,0.323940,0.048869,0.000000,0.000000,0.500000,0
25.987067,1765099451.199157,1765099402,1,3,-3.443659,1.033098,0.323940,0.048869,0.000000,0.000000,0.500000,0
25.989067,1765099451.199157,1765099402,1,3,-4.476756,1.377463,0.323940,0.048869,0.000000,0.000000,0.500000,0
25.991067,1765099451.199157,1765099402,1,3,-3.443659,1.377463,0.323940,0.048869,0.000000,0.000000,0.500000,0
25.993068,1765099451.199157,1765099402,1,3,-3.788025,1.033098,0.323940,0.048869,0.000000,0.000000,0.500000,0
25.995069,1765099451.199157,1765099402,1,3,-3.443659,1.033098,0.323940,0.048869,0.000000,0.000000,0.500000,0
25.997070,1765099451.199157,1765099402,1,3,-3.788025,1.033098,0.323940,0.048869,0.000000,0.000000,0.500000,0
25.999070,1765099451.199157,1765099402,1,3,-3.443659,0.688732,0.323940,0.048869,0.000000,0.000000,0.500000,0
26.001070,1765099451.199157,1765099402,1,3,-3.788025,1.033098,0.323940,0.048869,0.000000,0.000000,0.500000,0
26.003071,1765099451.199157,1765099402,1,3,-3.788025,0.688732,0.323940,0.048869,0.000000,0.000000,0.500000,0
26.005072,1765099451.199157,1765099402,1,3,-3.788025,1.033098,0.323940,0.048869,0.000000,0.000000,0.500000,0
26.007085,1765099451.199157,1765099402,1,3,-3.443659,0.688732,0.323940,0.048869,0.000000,0.000000,0.500000,0
26.009107,1765099451.199157,1765099402,1,3,-3.443659,1.033098,0.323940,0.048869,0.000000,0.000000,0.500000,0
26.011087,1765099451.199157,1765099402,1,3,-3.443659,1.033098,0.323940,0.048869,0.000000,0.000000,0.500000,0
26.013087,1765099451.199157,1765099402,1,3,-3.443659,1.033098,0.323940,0.048869,0.000000,-0.000806,0.500000,0
26.015088,1765099451.199157,1765099402,1,3,-3.788025,1.377463,0.323940,0.048865,0.000000,-0.000940,0.500000,0
26.017076,1765099451.199157,1765099402,1,3,-3.443659,1.377463,0.323940,0.048865,0.000000,-0.000946,0.500000,0
26.019077,1765099451.199157,1765099402,1,3,-3.443659,1.033098,0.323940,0.048869,0.000000,0.000924,0.500000,0
26.021078,1765099451.199157,1765099402,1,3,-3.443659,1.033098,0.323940,0.048869,0.000000,0.000946,0.500000,0
26.023090,1765099451.199157,1765099402,1,3,-4.132390,1.033098,0.323940,0.048865,0.000000,-0.000867,0.500000,0
26.025089,1765099451.199157,1765099402,1,3,-3.788025,0.688732,0.323940,0.048865,0.000000,-0.000945,0.500000,0
26.027092,1765099451.199157,1765099402,1,3,-3.443659,1.377463,0.323940,0.048865,0.000000,-0.000074,0.500000,0
26.029093,1765099451.199157,1765099402,1,3,-3.788025,1.377463,0.323940,0.048865,0.000000,-0.000001,0.500000,0
26.031094,1765099451.199157,1765099402,1,3,-3.443659,1.033098,0.323940,0.048865,0.000000,0.000000,0.500000,0
26.033095,1765099451.199157,1765099402,1,3,-4.476756,1.033098,0.323940,0.048865,0.000000,0.000000,0.500000,0
26.035115,1765099451.199157,1765099402,1,3,-3.443659,1.033098,0.323940,0.048865,0.000000,0.000000,0.500000,0
26.037096,1765099451.199157,1765099402,1,3,-4.132390,1.377463,0.323940,0.048865,0.000000,0.000000,0.500000,0
26.039096,1765099451.199157,1765099402,1,3,-3.443659,1.033098,0.323940,0.048865,0.000000,0.000000,0.500000,0
26.041098,1765099451.199157,1765099402,1,3,-4.132390,1.377463,0.323940,0.048865,0.000000,0.000000,0.500000,0
26.043099,1765099451.199157,1765099402,1,3,-3.788025,1.033098,0.323940,0.048865,0.000000,0.000000,0.500000,0
26.045090,1765099451.199157,1765099402,1,3,-3.443659,1.033098,0.323940,0.048865,0.000000,0.000682,0.500000,0
26.047116,1765099451.199157,1765099402,1,3,-3.443659,1.033098,0.323940,0.048869,0.000000,0.000944,0.500000,0
26.049082,1765099451.199157,1765099402,1,3,-3.443659,1.033098,0.323940,0.048865,0.000000,-0.000661,0.500000,0
26.051170,1765099451.199157,1765099402,1,3,-3.788025,0.688732,0.323940,0.048865,0.000000,-0.000945,0.500000,0
26.053166,1765099451.199157,1765099402,1,3,-3.443659,1.033098,0.323940,0.048865,0.000000,-0.000021,0.500000,0
26.055028,1765099451.199157,1765099402,1,3,-4.476756,1.377463,0.323940,0.048869,0.000000,0.000682,0.500000,0
26.057028,1765099451.199157,1765099402,1,3,-3.443659,0.688732,0.323940,0.048869,0.000000,0.000943,0.500000,0
26.059029,1765099451.199157,1765099402,1,3,-4.132390,0.688732,0.323940,0.048869,0.000000,0.000500,0.500000,0
26.061039,1765099451.199157,1765099402,1,3,-3.443659,1.033098,0.323940,0.048865,0.000000,-0.000942,0.500000,0
26.063032,1765099451.199157,1765099402,1,3,-3.443659,1.033098,0.323940,0.048865,0.000000,-0.000946,0.500000,0
26.065036,1765099451.199157,1765099402,1,3,-4.132390,1.033098,0.323940,0.048865,0.000000,0.000800,0.500000,0
26.067040,1765099451.199157,1765099402,1,3,-3.443659,0.688732,0.323940,0.048869,0.000000,0.000945,0.500000,0
26.069042,1765099451.199157,1765099402,1,3,-4.476756,1.033098,0.323940,0.048869,0.000000,0.000074,0.500000,0
26.071047,1765099451.199157,1765099402,1,3,-3.443659,1.033098,0.323940,0.048869,0.000000,0.000001,0.500000,0
26.073053,1765099451.199157,1765099402,1,3,-3.788025,0.688732,0.323940,0.048869,0.000000,0.000000,0.500000,0
26.075059,1765099451.199157,1765099402,1,3,-3.099293,1.377463,0.323940,0.048869,0.000000,0.000000,0.500000,0
26.077059,1765099451.199157,1765099402,1,3,-3.788025,1.033098,0.323940,0.048869,0.000000,0.000000,0.500000,0
26.079060,1765099451.199157,1765099402,1,3,-3.788025,1.033098,0.323940,0.048869,0.000000,0.000000,0.500000,0
26.081064,1765099451.199157,1765099402,1,3,-4.132390,1.033098,0.323940,0.048869,0.000000,0.000000,0.500000,0
26.083064,1765099451.199157,1765099402,1,3,-3.099293,0.688732,0.323940,0.048869,0.000000,0.000000,0.500000,0
26.085068,1765099451.199157,1765099402,1,3,-4.476756,0.688732,0.323940,0.048869,0.000000,0.000000,0.500000,0
26.087082,1765099451.199157,1765099402,1,3,-3.443659,0.688732,0.323940,0.048869,0.000000,0.000000,0.500000,0
26.089069,1765099451.199157,1765099402,1,3,-3.443659,1.033098,0.323940,0.048869,0.000000,0.000000,0.500000,0
26.091074,1765099451.199157,1765099402,1,3,-3.443659,1.033098,0.323940,0.048869,0.000000,0.000000,0.500000,0
26.093075,1765099451.199157,1765099402,1,3,-3.443659,0.688732,0.323940,0.048869,0.000000,0.000000,0.500000,0
26.095075,1765099451.199157,1765099402,1,3,-3.443659,1.033098,0.323940,0.048869,0.000000,0.000000,0.500000,0
26.097075,1765099451.199157,1765099402,1,3,-3.443659,1.033098,0.323940,0.048869,0.000000,0.000000,0.500000,0
26.099076,1765099451.199157,1765099402,1,3,-3.099293,0.688732,0.323940,0.048869,0.000000,0.000000,0.500000,0
26.101076,1765099451.199157,1765099402,1,3,-3.443659,1.033098,0.323940,0.048869,0.000000,0.000000,0.500000,0
26.103082,1765099451.199157,1765099402,1,3,-3.443659,1.377463,0.323940,0.048869,0.000000,0.000000,0.500000,0
26.105082,1765099451.199157,1765099402,1,3,-3.788025,0.688732,0.323940,0.048869,0.000000,0.000000,0.500000,0
26.107083,1765099451.199157,1765099402,1,3,-3.443659,1.033098,0.323940,0.048869,0.000000,0.000000,0.500000,0
26.109083,1765099451.199157,1765099402,1,3,-4.476756,1.033098,0.323940,0.048865,0.000000,-0.000925,0.500000,0
26.111090,1765099451.199157,1765099402,1,3,-3.443659,1.033098,0.323940,0.048865,0.000000,-0.000265,0.500000,0
26.113106,1765099451.199157,1765099402,1,3,-4.476756,0.688732,0.323940,0.048865,0.000000,0.000679,0.500000,0
26.115091,1765099451.199157,1765099402,1,3,-3.443659,0.688732,0.323940,0.048869,0.000000,0.000925,0.500000,0
26.117092,1765099451.199157,1765099402,1,3,-4.132390,0.688732,0.323940,0.048869,0.000000,0.000946,0.500000,0
26.119099,1765099451.199157,1765099402,1,3,-3.443659,1.377463,0.323940,0.048865,0.000000,-0.000905,0.500000,0
26.121100,1765099451.199157,1765099402,1,3,-4.132390,1.377463,0.323940,0.048865,0.000000,-0.000946,0.500000,0
26.123101,1765099451.199157,1765099402,1,3,-3.788025,1.033098,0.323940,0.048865,0.000000,-0.000002,0.500000,0
26.125102,1765099451.199157,1765099402,1,3,-3.443659,1.377463,0.323940,0.048865,0.000000,0.000000,0.500000,0
26.127102,1765099451.199157,1765099402,1,3,-3.443659,0.688732,0.323940,0.048865,0.000000,0.000000,0.500000,0
26.129103,1765099451.199157,1765099402,1,3,-3.788025,1.033098,0.323940,0.048865,0.000000,0.000000,0.500000,0
26.131113,1765099451.199157,1765099402,1,3,-4.476756,0.688732,0.323940,0.048865,0.000000,0.000000,0.500000,0
26.133113,1765099451.199157,1765099402,1,3,-4.476756,1.033098,0.323940,0.048865,0.000000,0.000000,0.500000,0
26.135114,1765099451.199157,1765099402,1,3,-3.788025,1.033098,0.323940,0.048865,0.000000,0.000000,0.500000,0
26.137114,1765099451.199157,1765099402,1,3,-3.443659,1.033098,0.323940,0.048865,0.000000,0.000000,0.500000,0
26.139136,1765099451.199157,1765099402,1,3,-4.132390,1.033098,0.323940,0.048865,0.000000,0.000000,0.500000,0
26.141116,1765099451.199157,1765099402,1,3,-3.443659,1.377463,0.323940,0.048865,0.000000,0.000000,0.500000,0
26.143117,1765099451.199157,1765099402,1,3,-3.099293,0.688732,0.323940,0.048865,0.000000,0.000000,0.500000,0
26.145117,1765099451.199157,1765099402,1,3,-3.443659,1.033098,0.323940,0.048865,0.000000,0.000000,0.500000,0
26.147130,1765099451.199157,1765099402,1,3,-4.132390,0.688732,0.323940,0.048865,0.000000,0.000000,0.500000,0
26.149133,1765099451.199157,1765099402,1,3,-3.443659,1.033098,0.323940,0.048869,0.000000,0.000907,0.500000,0
26.151128,1765099451.199157,1765099402,1,3,-3.788025,1.033098,0.323940,0.048869,0.000000,0.000946,0.500000,0
26.153121,1765099451.199157,1765099402,1,3,-3.443659,1.033098,0.323940,0.048869,0.000000,0.000074,0.500000,0
26.155133,1765099451.199157,1765099402,1,3,-3.788025,1.377463,0.323940,0.048865,0.000000,-0.000907,0.500000,0
26.157122,1765099451.199157,1765099402,1,3,-3.788025,1.033098,0.323940,0.048865,0.000000,-0.000946,0.500000,0
26.159135,1765099451.199157,1765099402,1,3,-3.443659,1.033098,0.323940,0.048865,0.000000,0.000767,0.500000,0
26.161135,1765099451.199157,1765099402,1,3,-4.132390,1.033098,0.323940,0.048869,0.000000,0.000945,0.500000,0
26.163136,1765099451.199157,1765099402,1,3,-3.443659,0.688732,0.323940,0.048869,0.000000,0.000140,0.500000,0
26.165168,1765099451.199157,1765099402,1,3,-3.788025,1.033098,0.323940,0.048865,0.000000,-0.000925,0.500000,0
26.167138,1765099451.199157,1765099402,1,3,-4.132390,1.033098,0.323940,0.048865,0.000000,-0.000946,0.500000,0
26.169139,1765099451.199157,1765099402,1,3,-3.443659,0.688732,0.323940,0.048865,0.000000,-0.000011,0.500000,0
26.171139,1765099451.199157,1765099402,1,3,-3.443659,0.688732,0.323940,0.048869,0.000000,0.000940,0.500000,0
26.173140,1765099451.199157,1765099402,1,3,-3.443659,1.377463,0.323940,0.048869,0.000000,0.000946,0.500000,0
26.175141,1765099451.199157,1765099402,1,3,-3.788025,1.377463,0.323940,0.048869,0.000000,0.000011,0.500000,0
26.177142,1765099451.199157,1765099402,1,3,-3.443659,1.033098,0.323940,0.048869,0.000000,0.000000,0.500000,0
26.179143,1765099451.199157,1765099402,1,3,-3.788025,1.033098,0.323940,0.048869,0.000000,0.000000,0.500000,0
26.181144,1765099451.199157,1765099402,1,3,-3.788025,0.688732,0.323940,0.048869,0.000000,0.000000,0.500000,0
26.183144,1765099451.199157,1765099402,1,3,-4.132390,1.033098,0.323940,0.048869,0.000000,0.000000,0.500000,0
33.553379,1765099458.769391,1765099402,1,4,4.132390,0.688732,0.315957,0.048808,0.000039,0.000000,0.500000,0
33.555379,1765099458.769391,1765099402,1,4,3.788025,1.033098,0.315953,0.048808,-0.000945,0.000000,0.500000,0
33.557380,1765099458.769391,1765099402,1,4,3.788025,1.033098,0.315953,0.048808,-0.000074,0.000000,0.500000,0
33.559381,1765099458.769391,1765099402,1,4,3.788025,1.033098,0.315953,0.048808,-0.000006,0.000000,0.500000,0
33.561375,1765099458.769391,1765099402,1,4,3.443659,1.033098,0.315953,0.048808,0.000000,0.000000,0.500000,0
33.563383,1765099458.769391,1765099402,1,4,3.788025,1.033098,0.315957,0.048808,0.000940,0.000000,0.500000,0
33.565368,1765099458.769391,1765099402,1,4,3.443659,1.377463,0.315953,0.048808,0.000264,0.000000,0.500000,0
33.567383,1765099458.769391,1765099402,1,4,3.443659,1.033098,0.315953,0.048808,-0.000852,0.000000,0.500000,0
33.569385,1765099458.769391,1765099402,1,4,3.788025,1.033098,0.315953,0.048808,-0.000946,0.000000,0.500000,0
33.571386,1765099458.769391,1765099402,1,4,3.788025,0.688732,0.315953,0.048808,-0.000002,0.000000,0.500000,0
33.573387,1765099458.769391,1765099402,1,4,3.788025,0.688732,0.315953,0.048808,0.000000,0.000000,0.500000,0
33.575388,1765099458.769391,1765099402,1,4,4.132390,1.033098,0.315957,0.048808,0.000806,0.000000,0.500000,0
33.577416,1765099458.769391,1765099402,1,4,3.788025,1.033098,0.315957,0.048808,0.000945,0.000000,0.500000,0
33.579390,1765099458.769391,1765099402,1,4,4.132390,1.377463,0.315957,0.048808,0.000140,0.000000,0.500000,0
33.581389,1765099458.769391,1765099402,1,4,3.788025,1.033098,0.315953,0.048808,-0.000925,0.000000,0.500000,0
33.583391,1765099458.769391,1765099402,1,4,3.443659,1.033098,0.315953,0.048808,-0.000946,0.000000,0.500000,0
33.585393,1765099458.769391,1765099402,1,4,3.788025,1.377463,0.315957,0.048808,0.000417,0.000000,0.500000,0
33.587393,1765099458.769391,1765099402,1,4,3.788025,0.688732,0.315957,0.048808,0.000943,0.000000,0.500000,0
33.589395,1765099458.769391,1765099402,1,4,3.788025,0.688732,0.315957,0.048808,0.000264,0.000000,0.500000,0
33.591395,1765099458.769391,1765099402,1,4,3.788025,0.688732,0.315957,0.048804,0.000000,-0.000872,0.500000,0
33.593395,1765099458.769391,1765099402,1,4,4.132390,1.033098,0.315957,0.048804,0.000000,-0.000946,0.500000,0
33.595396,1765099458.769391,1765099402,1,4,3.788025,0.688732,0.315957,0.048804,0.000000,-0.000074,0.500000,0
33.597397,1765099458.769391,1765099402,1,4,3.788025,1.033098,0.315957,0.048808,0.000000,0.000940,0.500000,0
33.599399,1765099458.769391,1765099402,1,4,3.788025,1.377463,0.315957,0.048808,0.000000,0.000946,0.500000,0
33.601399,1765099458.769391,1765099402,1,4,3.788025,1.033098,0.315957,0.048804,0.000000,-0.000901,0.500000,0
33.603424,1765099458.769391,1765099402,1,4,3.788025,1.033098,0.315957,0.048804,0.000000,-0.000500,0.500000,0
33.605402,1765099458.769391,1765099402,1,4,3.788025,1.033098,0.315953,0.048804,-0.000682,-0.000039,0.500000,0
33.607402,1765099458.769391,1765099402,1,4,3.788025,1.377463,0.315957,0.048804,-0.000138,-0.000000,0.500000,0
33.609403,1765099458.769391,1765099402,1,4,3.788025,1.033098,0.315957,0.048804,0.000925,0.000000,0.500000,0
33.611404,1765099458.769391,1765099402,1,4,3.788025,1.377463,0.315957,0.048804,0.000011,0.000000,0.500000,0
33.613390,1765099458.769391,1765099402,1,4,3.788025,1.033098,0.315957,0.048804,0.000001,0.000000,0.500000,0
33.615390,1765099458.769391,1765099402,1,4,3.443659,0.688732,0.315957,0.048804,0.000000,0.000000,0.500000,0
33.617391,1765099458.769391,1765099402,1,4,3.788025,0.688732,0.315953,0.048804,-0.000872,0.000000,0.500000,0
33.619391,1765099458.769391,1765099402,1,4,3.788025,1.377463,0.315953,0.048804,-0.000946,0.000000,0.500000,0
33.621391,1765099458.769391,1765099402,1,4,3.788025,1.033098,0.315957,0.048804,-0.000265,0.000000,0.500000,0
33.623393,1765099458.769391,1765099402,1,4,3.788025,1.033098,0.315957,0.048804,0.000940,0.000000,0.500000,0
33.625393,1765099458.769391,1765099402,1,4,3.788025,1.033098,0.315957,0.048808,0.000140,0.000935,0.500000,0
33.627394,1765099458.769391,1765099402,1,4,3.788025,1.377463,0.315953,0.048808,-0.000907,0.000946,0.500000,0
33.629418,1765099458.769391,1765099402,1,4,3.443659,1.377463,0.315953,0.048808,-0.000946,-0.000671,0.500000,0
33.631396,1765099458.769391,1765099402,1,4,3.443659,1.033098,0.315953,0.048804,-0.000500,-0.000945,0.500000,0
33.633396,1765099458.769391,1765099402,1,4,4.132390,1.033098,0.315957,0.048804,0.000680,-0.000265,0.500000,0
33.635398,1765099458.769391,1765099402,1,4,3.788025,0.688732,0.315957,0.048804,0.000944,-0.000002,0.500000,0
33.637399,1765099458.769391,1765099402,1,4,3.788025,0.688732,0.315953,0.048808,-0.000925,0.000925,0.500000,0
33.639398,1765099458.769391,1765099402,1,4,3.788025,1.033098,0.315957,0.048808,0.000801,0.000946,0.500000,0
33.641399,1765099458.769391,1765099402,1,4,3.788025,0.688732,0.315957,0.048804,0.000945,-0.000906,0.500000,0
33.643400,1765099458.769391,1765099402,1,4,3.788025,1.033098,0.315957,0.048804,0.000074,-0.000943,0.500000,0
33.645400,1765099458.769391,1765099402,1,4,3.788025,1.033098,0.315957,0.048804,0.000000,-0.000500,0.500000,0
33.647341,1765099458.769391,1765099402,1,4,3.443659,1.033098,0.315957,0.048808,-0.000446,0.000924,0.500000,0
33.649347,1765099458.769391,1765099402,1,4,3.788025,1.033098,0.315953,0.048808,-0.000946,0.000946,0.500000,0
33.651339,1765099458.769391,1765099402,1,4,3.788025,1.033098,0.315957,0.048808,0.000767,0.000003,0.500000,0
33.653338,1765099458.769391,1765099402,1,4,3.788025,0.688732,0.315957,0.048808,0.000932,0.000000,0.500000,0
33.655358,1765099458.769391,1765099402,1,4,3.788025,1.033098,0.315957,0.048808,0.000946,0.000000,0.500000,0
33.657342,1765099458.769391,1765099402,1,4,3.788025,1.033098,0.315953,0.048808,-0.000671,0.000000,0.500000,0
33.659337,1765099458.769391,1765099402,1,4,3.788025,1.033098,0.315953,0.048808,-0.000946,0.000000,0.500000,0
33.661338,1765099458.769391,1765099402,1,4,3.788025,0.688732,0.315953,0.048808,0.000425,0.000000,0.500000,0
33.663339,1765099458.769391,1765099402,1,4,3.788025,0.688732,0.315957,0.048808,0.000869,0.000000,0.500000,0
33.665339,1765099458.769391,1765099402,1,4,3.443659,1.377463,0.315953,0.048808,0.000264,0.000000,0.500000,0
33.667340,1765099458.769391,1765099402,1,4,3.443659,1.377463,0.315953,0.048808,-0.000906,0.000000,0.500000,0
33.669339,1765099458.769391,1765099402,1,4,3.788025,1.377463,0.315953,0.048808,-0.000264,0.000000,0.500000,0
33.671351,1765099458.769391,1765099402,1,4,3.788025,1.377463,0.315957,0.048808,0.000946,0.000000,0.500000,0
33.673341,1765099458.769391,1765099402,1,4,3.788025,1.377463,0.315953,0.048808,-0.000798,0.000000,0.500000,0
33.675341,1765099458.769391,1765099402,1,4,3.788025,0.688732,0.315953,0.048808,-0.000935,0.000000,0.500000,0
33.677342,1765099458.769391,1765099402,1,4,3.788025,1.033098,0.315957,0.048808,-0.000265,0.000000,0.500000,0
33.679342,1765099458.769391,1765099402,1,4,3.788025,1.033098,0.315957,0.048808,0.000939,0.000000,0.500000,0
33.681359,1765099458.769391,1765099402,1,4,4.132390,1.033098,0.315957,0.048808,-0.000182,0.000000,0.500000,0
33.683351,1765099458.769391,1765099402,1,4,3.443659,1.377463,0.315953,0.048808,-0.000946,0.000000,0.500000,0
33.685343,1765099458.769391,1765099402,1,4,3.788025,1.033098,0.315953,0.048804,-0.000039,-0.000872,0.500000,0
33.687343,1765099458.769391,1765099402,1,4,3.788025,1.033098,0.315953,0.048804,-0.000003,-0.000940,0.500000,0
33.689344,1765099458.769391,1765099402,1,4,4.132390,1.033098,0.315957,0.048808,0.000806,-0.000011,0.500000,0
33.691344,1765099458.769391,1765099402,1,4,3.788025,1.033098,0.315957,0.048808,0.000945,0.000940,0.500000,0
33.693347,1765099458.769391,1765099402,1,4,3.443659,1.033098,0.315957,0.048804,0.000140,-0.000861,0.500000,0
33.695354,1765099458.769391,1765099402,1,4,3.788025,1.033098,0.315957,0.048804,0.000000,-0.000946,0.500000,0
33.697346,1765099458.769391,1765099402,1,4,3.443659,1.377463,0.315953,0.048804,-0.000925,-0.000006,0.500000,0
33.699346,1765099458.769391,1765099402,1,4,4.132390,1.377463,0.315953,0.048804,-0.000943,-0.000000,0.500000,0
33.701347,1765099458.769391,1765099402,1,4,4.132390,1.033098,0.315953,0.048804,-0.000265,0.000000,0.500000,0
33.703347,1765099458.769391,1765099402,1,4,3.788025,1.377463,0.315957,0.048804,0.000939,0.000000,0.500000,0
33.705356,1765099458.769391,1765099402,1,4,3.788025,1.033098,0.315957,0.048804,0.000074,0.000000,0.500000,0
33.707358,1765099458.769391,1765099402,1,4,3.788025,1.033098,0.315953,0.048804,-0.000934,0.000000,0.500000,0
33.709348,1765099458.769391,1765099402,1,4,3.443659,1.033098,0.315953,0.048804,-0.000946,0.000000,0.500000,0
33.711348,1765099458.769391,1765099402,1,4,3.788025,1.377463,0.315957,0.048804,0.000861,0.000000,0.500000,0
33.713351,1765099458.769391,1765099402,1,4,3.788025,1.033098,0.315953,0.048804,0.000005,0.000000,0.500000,0
33.715359,1765099458.769391,1765099402,1,4,3.788025,1.033098,0.315953,0.048804,-0.000073,0.000000,0.500000,0
33.717350,1765099458.769391,1765099402,1,4,3.788025,1.377463,0.315953,0.048804,-0.000001,0.000000,0.500000,0
33.719351,1765099458.769391,1765099402,1,4,3.788025,1.377463,0.315953,0.048804,0.000000,0.000000,0.500000,0
33.721350,1765099458.769391,1765099402,1,4,3.443659,1.033098,0.315953,0.048804,0.000000,0.000000,0.500000,0
33.723355,1765099458.769391,1765099402,1,4,3.788025,1.377463,0.315953,0.048804,0.000000,0.000000,0.500000,0
33.725366,1765099458.769391,1765099402,1,4,3.788025,1.033098,0.315957,0.048804,0.000940,0.000000,0.500000,0
33.727356,1765099458.769391,1765099402,1,4,3.788025,0.688732,0.315953,0.048804,0.000039,0.000000,0.500000,0
33.729358,1765099458.769391,1765099402,1,4,3.788025,1.033098,0.315953,0.048804,-0.000869,0.000000,0.500000,0
33.731354,1765099458.769391,1765099402,1,4,3.788025,1.033098,0.315957,0.048808,0.000182,0.000925,0.500000,0
33.733364,1765099458.769391,1765099402,1,4,3.788025,1.377463,0.315957,0.048808,0.000942,0.000946,0.500000,0
33.735355,1765099458.769391,1765099402,1,4,3.788025,1.377463,0.315957,0.048804,0.000264,-0.000861,0.500000,0
33.737363,1765099458.769391,1765099402,1,4,3.788025,1.377463,0.315957,0.048804,0.000000,-0.000945,0.500000,0
33.739355,1765099458.769391,1765099402,1,4,3.788025,0.688732,0.315957,0.048804,0.000000,-0.000011,0.500000,0
33.741355,1765099458.769391,1765099402,1,4,4.132390,1.033098,0.315957,0.048804,0.000000,-0.000001,0.500000,0
33.743356,1765099458.769391,1765099402,1,4,3.788025,1.033098,0.315957,0.048804,0.000000,0.000000,0.500000,0
33.745356,1765099458.769391,1765099402,1,4,3.788025,1.033098,0.315953,0.048808,-0.000682,0.000872,0.500000,0
33.747366,1765099458.769391,1765099402,1,4,3.788025,0.688732,0.315953,0.048808,-0.000946,0.000946,0.500000,0
33.749357,1765099458.769391,1765099402,1,4,3.788025,1.033098,0.315953,0.048808,-0.000039,0.000074,0.500000,0
33.751358,1765099458.769391,1765099402,1,4,3.443659,1.033098,0.315957,0.048808,0.000805,0.000000,0.500000,0
33.753358,1765099458.769391,1765099402,1,4,3.788025,0.688732,0.315953,0.048808,0.000073,0.000000,0.500000,0
41.146306,1765099466.360451,1765099402,1,5,-1.721829,-0.344366,0.321938,0.050591,0.000000,0.000021,0.500000,0
41.148284,1765099466.360451,1765099402,1,5,-1.721829,-0.344366,0.321938,0.050591,0.000000,0.000000,0.500000,0
41.150213,1765099466.360451,1765099402,1,5,-1.721829,-0.344366,0.321938,0.050591,0.000000,0.000000,0.500000,0
41.152269,1765099466.360451,1765099402,1,5,-1.033098,-0.344366,0.321938,0.050591,0.000000,0.000000,0.500000,0
41.154271,1765099466.360451,1765099402,1,5,-1.721829,-0.344366,0.321938,0.050591,0.000000,0.000000,0.500000,0
41.156283,1765099466.360451,1765099402,1,5,-2.066195,-0.344366,0.321934,0.050591,-0.000264,0.000000,0.500000,0
41.158287,1765099466.360451,1765099402,1,5,-1.033098,-0.344366,0.321938,0.050591,0.000803,0.000000,0.500000,0
41.160274,1765099466.360451,1765099402,1,5,-1.721829,-0.344366,0.321938,0.050591,0.000940,0.000000,0.500000,0
41.162290,1765099466.360451,1765099402,1,5,-1.721829,-0.344366,0.321938,0.050591,0.000021,0.000000,0.500000,0
41.164289,1765099466.360451,1765099402,1,5,-1.721829,-0.344366,0.321938,0.050591,0.000000,0.000000,0.500000,0
41.166274,1765099466.360451,1765099402,1,5,-1.721829,-0.344366,0.321938,0.050591,0.000000,0.000000,0.500000,0
41.168276,1765099466.360451,1765099402,1,5,-1.033098,-0.344366,0.321938,0.050591,0.000000,0.000000,0.500000,0
41.170278,1765099466.360451,1765099402,1,5,-1.721829,-0.344366,0.321938,0.050591,0.000000,0.000000,0.500000,0
41.172302,1765099466.360451,1765099402,1,5,-1.721829,-0.688732,0.321938,0.050591,0.000000,0.000000,0.500000,0
41.174280,1765099466.360451,1765099402,1,5,-1.721829,-0.344366,0.321938,0.050591,0.000000,0.000000,0.500000,0
41.176280,1765099466.360451,1765099402,1,5,-1.721829,-0.344366,0.321938,0.050591,0.000000,0.000000,0.500000,0
41.178283,1765099466.360451,1765099402,1,5,-1.033098,-0.344366,0.321938,0.050591,0.000000,0.000000,0.500000,0
41.180282,1765099466.360451,1765099402,1,5,-1.721829,-0.344366,0.321938,0.050591,0.000000,0.000000,0.500000,0
41.182201,1765099466.360451,1765099402,1,5,-3.099293,-0.344366,0.321938,0.050591,0.000000,0.000000,0.500000,0
41.184261,1765099466.360451,1765099402,1,5,-1.721829,-0.344366,0.321938,0.050591,0.000000,0.000000,0.500000,0
41.186263,1765099466.360451,1765099402,1,5,-1.721829,-0.344366,0.321938,0.050587,0.000000,-0.000940,0.500000,0
41.188263,1765099466.360451,1765099402,1,5,-1.721829,-0.344366,0.321938,0.050587,0.000000,-0.000946,0.500000,0
41.190257,1765099466.360451,1765099402,1,5,-1.721829,-0.344366,0.321938,0.050587,0.000000,-0.000011,0.500000,0
41.192264,1765099466.360451,1765099402,1,5,-2.410561,-0.344366,0.321938,0.050587,0.000000,0.000000,0.500000,0
41.194286,1765099466.360451,1765099402,1,5,-1.721829,-0.344366,0.321938,0.050591,0.000000,0.000944,0.500000,0
41.196287,1765099466.360451,1765099402,1,5,-1.721829,0.000000,0.321938,0.050591,0.000000,0.000946,0.500000,0
41.198328,1765099466.360451,1765099402,1,5,-1.721829,-0.344366,0.321938,0.050587,0.000000,-0.000887,0.500000,0
41.200304,1765099466.360451,1765099402,1,5,-1.721829,-0.344366,0.321938,0.050587,0.000000,-0.000946,0.500000,0
41.202305,1765099466.360451,1765099402,1,5,-2.410561,-0.344366,0.321938,0.050587,0.000000,-0.000039,0.500000,0
41.204278,1765099466.360451,1765099402,1,5,-1.721829,-0.344366,0.321938,0.050591,0.000000,0.000806,0.500000,0
41.206257,1765099466.360451,1765099402,1,5,-1.721829,-0.344366,0.321938,0.050591,0.000000,0.000945,0.500000,0
41.208235,1765099466.360451,1765099402,1,5,-1.033098,-0.344366,0.321938,0.050591,0.000000,0.000140,0.500000,0
41.210221,1765099466.360451,1765099402,1,5,-1.721829,-0.344366,0.321938,0.050587,0.000000,-0.000945,0.500000,0
41.212215,1765099466.360451,1765099402,1,5,-1.721829,-0.344366,0.321938,0.050587,0.000000,-0.000946,0.500000,0
41.214211,1765099466.360451,1765099402,1,5,-1.033098,-0.344366,0.321938,0.050587,0.000000,-0.000021,0.500000,0
41.216210,1765099466.360451,1765099402,1,5,-1.721829,-0.344366,0.321938,0.050591,0.000000,0.000682,0.500000,0
41.218211,1765099466.360451,1765099402,1,5,-1.721829,-0.344366,0.321938,0.050591,0.000000,0.000944,0.500000,0
41.220211,1765099466.360451,1765099402,1,5,-2.410561,-0.344366,0.321938,0.050591,0.000000,0.000264,0.500000,0
41.222213,1765099466.360451,1765099402,1,5,-1.721829,-0.344366,0.321938,0.050587,0.000000,-0.000805,0.500000,0
41.224223,1765099466.360451,1765099402,1,5,-1.033098,-0.344366,0.321938,0.050587,0.000000,-0.000945,0.500000,0
41.226221,1765099466.360451,1765099402,1,5,-1.721829,-0.344366,0.321938,0.050587,0.000000,-0.000140,0.500000,0
41.228226,1765099466.360451,1765099402,1,5,-1.721829,-0.344366,0.321938,0.050591,0.000000,0.000871,0.500000,0
41.230231,1765099466.360451,1765099402,1,5,-1.721829,-0.344366,0.321938,0.050591,0.000000,0.000946,0.500000,0
41.232237,1765099466.360451,1765099402,1,5,-1.721829,-0.344366,0.321938,0.050591,0.000000,0.000074,0.500000,0
41.234244,1765099466.360451,1765099402,1,5,-1.721829,-0.344366,0.321934,0.050591,-0.000872,0.000000,0.500000,0
41.236251,1765099466.360451,1765099402,1,5,-1.721829,-0.344366,0.321938,0.050591,-0.000011,0.000000,0.500000,0
41.238256,1765099466.360451,1765099402,1,5,-1.721829,-0.344366,0.321938,0.050591,0.000940,0.000000,0.500000,0
41.240256,1765099466.360451,1765099402,1,5,-1.721829,-0.688732,0.321938,0.050591,0.000139,0.000000,0.500000,0
41.242257,1765099466.360451,1765099402,1,5,-1.721829,-0.344366,0.321938,0.050591,0.000000,0.000000,0.500000,0
41.244263,1765099466.360451,1765099402,1,5,-1.721829,-0.688732,0.321938,0.050591,0.000000,0.000000,0.500000,0
41.246263,1765099466.360451,1765099402,1,5,-1.721829,-0.344366,0.321938,0.050591,0.000000,0.000000,0.500000,0
41.248264,1765099466.360451,1765099402,1,5,-1.721829,-0.344366,0.321938,0.050591,0.000000,0.000000,0.500000,0
41.250284,1765099466.360451,1765099402,1,5,-1.721829,-0.344366,0.321938,0.050591,0.000000,0.000000,0.500000,0
41.252271,1765099466.360451,1765099402,1,5,-2.066195,-0.344366,0.321938,0.050591,0.000000,0.000000,0.500000,0
41.254271,1765099466.360451,1765099402,1,5,-1.033098,-0.344366,0.321938,0.050591,0.000000,0.000000,0.500000,0
41.256273,1765099466.360451,1765099402,1,5,-1.033098,-0.344366,0.321938,0.050591,0.000000,0.000000,0.500000,0
41.258280,1765099466.360451,1765099402,1,5,-1.721829,-0.344366,0.321938,0.050591,0.000000,0.000000,0.500000,0
41.260280,1765099466.360451,1765099402,1,5,-1.721829,-0.688732,0.321938,0.050591,0.000000,0.000000,0.500000,0
41.262281,1765099466.360451,1765099402,1,5,-1.721829,-0.344366,0.321938,0.050591,0.000000,0.000000,0.500000,0
41.264282,1765099466.360451,1765099402,1,5,-1.721829,-0.344366,0.321938,0.050591,0.000000,0.000000,0.500000,0
41.266293,1765099466.360451,1765099402,1,5,-1.721829,-0.344366,0.321938,0.050591,0.000000,0.000000,0.500000,0
41.268292,1765099466.360451,1765099402,1,5,-1.721829,-0.344366,0.321938,0.050591,0.000000,0.000000,0.500000,0
41.270292,1765099466.360451,1765099402,1,5,-1.721829,-0.344366,0.321938,0.050591,0.000000,0.000000,0.500000,0
41.272293,1765099466.360451,1765099402,1,5,-1.721829,-0.344366,0.321934,0.050591,-0.000907,0.000000,0.500000,0
41.274294,1765099466.360451,1765099402,1,5,-1.721829,-0.344366,0.321934,0.050591,-0.000943,0.000000,0.500000,0
41.276316,1765099466.360451,1765099402,1,5,-1.721829,-0.344366,0.321934,0.050591,0.000181,-0.000446,0.500000,0
41.278296,1765099466.360451,1765099402,1,5,-1.721829,-0.688732,0.321938,0.050587,0.000944,-0.000943,0.500000,0
41.280296,1765099466.360451,1765099402,1,5,-1.721829,-0.344366,0.321938,0.050587,0.000140,-0.000500,0.500000,0
41.282297,1765099466.360451,1765099402,1,5,-2.410561,-0.344366,0.321938,0.050587,0.000000,-0.000003,0.500000,0
41.284241,1765099466.360451,1765099402,1,5,-1.721829,-0.688732,0.321938,0.050587,0.000000,0.000446,0.500000,0
41.286298,1765099466.360451,1765099402,1,5,-1.721829,-0.344366,0.321938,0.050591,0.000000,0.000943,0.500000,0
41.288299,1765099466.360451,1765099402,1,5,-1.721829,-0.344366,0.321938,0.050591,0.000000,0.000500,0.500000,0
41.290301,1765099466.360451,1765099402,1,5,-1.721829,-0.688732,0.321938,0.050591,0.000000,0.000003,0.500000,0
41.292292,1765099466.360451,1765099402,1,5,-1.721829,-0.344366,0.321934,0.050587,-0.000907,-0.000872,0.500000,0
41.294246,1765099466.360451,1765099402,1,5,-1.721829,-0.344366,0.321934,0.050587,-0.000943,-0.000946,0.500000,0
41.296313,1765099466.360451,1765099402,1,5,-1.721829,-0.688732,0.321938,0.050587,-0.000011,-0.000074,0.500000,0
41.298330,1765099466.360451,1765099402,1,5,-2.066195,-0.688732,0.321938,0.050591,0.000943,0.000925,0.500000,0
41.300342,1765099466.360451,1765099402,1,5,-2.410561,-0.344366,0.321938,0.050591,0.000006,0.000946,0.500000,0
41.302393,1765099466.360451,1765099402,1,5,-2.066195,-0.688732,0.321938,0.050587,-0.000682,-0.000887,0.500000,0
41.304384,1765099466.360451,1765099402,1,5,-1.721829,-0.344366,0.321934,0.050587,-0.000945,-0.000946,0.500000,0
41.306386,1765099466.360451,1765099402,1,5,-1.033098,-0.344366,0.321934,0.050587,-0.000946,-0.000039,0.500000,0
41.308386,1765099466.360451,1765099402,1,5,-1.721829,-0.344366,0.321934,0.050587,-0.000011,-0.000000,0.500000,0
41.310388,1765099466.360451,1765099402,1,5,-1.033098,-0.344366,0.321934,0.050587,0.000000,0.000000,0.500000,0
41.312390,1765099466.360451,1765099402,1,5,-1.721829,-0.344366,0.321934,0.050587,0.000000,0.000000,0.500000,0
41.314391,1765099466.360451,1765099402,1,5,-1.033098,-0.688732,0.321934,0.050587,0.000682,0.000000,0.500000,0
41.316392,1765099466.360451,1765099402,1,5,-1.721829,-0.344366,0.321934,0.050587,0.000264,0.000000,0.500000,0
41.318393,1765099466.360451,1765099402,1,5,-1.033098,-0.344366,0.321934,0.050587,-0.000923,0.000000,0.500000,0
41.320394,1765099466.360451,1765099402,1,5,-1.721829,-0.344366,0.321934,0.050587,-0.000945,0.000000,0.500000,0
41.322395,1765099466.360451,1765099402,1,5,-1.721829,-0.344366,0.321934,0.050587,-0.000039,0.000000,0.500000,0
41.324396,1765099466.360451,1765099402,1,5,-1.721829,-0.344366,0.321934,0.050587,0.000000,0.000000,0.500000,0
41.326374,1765099466.360451,1765099402,1,5,-1.033098,-0.688732,0.321934,0.050587,0.000000,0.000000,0.500000,0
41.328405,1765099466.360451,1765099402,1,5,-2.066195,-0.344366,0.321934,0.050587,0.000000,0.000000,0.500000,0
41.330376,1765099466.360451,1765099402,1,5,-1.721829,-0.344366,0.321934,0.050587,0.000000,0.000446,0.500000,0
41.332378,1765099466.360451,1765099402,1,5,-1.721829,-0.688732,0.321934,0.050591,0.000000,0.000943,0.500000,0
41.334379,1765099466.360451,1765099402,1,5,-1.721829,-0.344366,0.321934,0.050591,0.000000,0.000500,0.500000,0
41.336380,1765099466.360451,1765099402,1,5,-1.721829,-0.344366,0.321934,0.050587,0.000000,-0.000923,0.500000,0
41.338381,1765099466.360451,1765099402,1,5,-1.721829,-0.344366,0.321934,0.050587,0.000000,-0.000946,0.500000,0
41.340365,1765099466.360451,1765099402,1,5,-1.721829,-0.344366,0.321934,0.050591,0.000682,0.000661,0.500000,0
41.342368,1765099466.360451,1765099402,1,5,-2.410561,-0.344366,0.321938,0.050591,0.000935,0.000944,0.500000,0
41.344367,1765099466.360451,1765099402,1,5,-1.721829,-0.344366,0.321934,0.050591,0.000074,0.000264,0.500000,0
48.704492,1765099473.920337,1765099402,1,6,-1.721829,9.297878,0.321926,0.041223,0.000000,0.000000,0.500000,1
48.706493,1765099473.920337,1765099402,1,6,-1.721829,8.609147,0.321926,0.041223,0.000000,0.000000,0.500000,1
48.708494,1765099473.920337,1765099402,1,6,-1.721829,9.297878,0.321926,0.041223,0.000000,0.000000,0.500000,1
48.710497,1765099473.920337,1765099402,1,6,-0.688732,9.297878,0.321926,0.041223,0.000000,0.000000,0.500000,1
48.712496,1765099473.920337,1765099402,1,6,-1.721829,8.264781,0.321926,0.041223,0.000000,0.000000,0.500000,1
48.714498,1765099473.920337,1765099402,1,6,-1.721829,7.920415,0.321926,0.041223,0.000000,0.000000,0.500000,1
48.716522,1765099473.920337,1765099402,1,6,-1.721829,7.920415,0.321926,0.041223,0.000000,0.000000,0.500000,1
48.718499,1765099473.920337,1765099402,1,6,-1.721829,8.609147,0.321926,0.041223,0.000000,0.000000,0.500000,1
48.720501,1765099473.920337,1765099402,1,6,-1.721829,9.297878,0.321926,0.041223,0.000000,0.000000,0.500000,1
48.722501,1765099473.920337,1765099402,1,6,-1.721829,8.609147,0.321926,0.041223,0.000000,0.000000,0.500000,1
48.724502,1765099473.920337,1765099402,1,6,-1.721829,9.297878,0.321926,0.041223,0.000000,0.000000,0.500000,1
48.726503,1765099473.920337,1765099402,1,6,-1.721829,7.920415,0.321926,0.041223,0.000000,0.000000,0.500000,1
48.728504,1765099473.920337,1765099402,1,6,-1.721829,8.609147,0.321926,0.041223,0.000000,0.000000,0.500000,1
48.730504,1765099473.920337,1765099402,1,6,-1.721829,9.297878,0.321926,0.041223,0.000000,0.000000,0.500000,1
48.732505,1765099473.920337,1765099402,1,6,-1.721829,8.609147,0.321926,0.041223,0.000000,0.000000,0.500000,1
48.734507,1765099473.920337,1765099402,1,6,-1.721829,8.264781,0.321926,0.041223,0.000000,0.000000,0.500000,1
48.736493,1765099473.920337,1765099402,1,6,-1.721829,8.609147,0.321926,0.041223,0.000000,0.000000,0.500000,1
48.738493,1765099473.920337,1765099402,1,6,-1.721829,8.609147,0.321926,0.041223,0.000000,0.000000,0.500000,1
48.740494,1765099473.920337,1765099402,1,6,-1.721829,8.609147,0.321926,0.041223,0.000000,0.000000,0.500000,1
48.742517,1765099473.920337,1765099402,1,6,-1.033098,8.264781,0.321926,0.041223,0.000000,0.000000,0.500000,1
48.744495,1765099473.920337,1765099402,1,6,-1.721829,8.264781,0.321926,0.041223,0.000000,0.000000,0.500000,1
48.746497,1765099473.920337,1765099402,1,6,-1.033098,8.609147,0.321926,0.041223,0.000000,0.000000,0.500000,1
48.748497,1765099473.920337,1765099402,1,6,-1.721829,7.920415,0.321926,0.041223,0.000000,0.000000,0.500000,1
48.750513,1765099473.920337,1765099402,1,6,-1.721829,8.264781,0.321926,0.041223,0.000000,0.000000,0.500000,1
48.752515,1765099473.920337,1765099402,1,6,-1.721829,8.609147,0.321926,0.041223,0.000000,0.000000,0.500000,1
48.754511,1765099473.920337,1765099402,1,6,-1.721829,8.264781,0.321926,0.041223,0.000000,0.000000,0.500000,1
48.756516,1765099473.920337,1765099402,1,6,-1.721829,9.297878,0.321926,0.041223,0.000000,0.000000,0.500000,1
48.758518,1765099473.920337,1765099402,1,6,-1.721829,8.264781,0.321926,0.041223,0.000000,0.000000,0.500000,1
48.760518,1765099473.920337,1765099402,1,6,-1.033098,8.264781,0.321926,0.041223,0.000000,0.000000,0.500000,1
48.762519,1765099473.920337,1765099402,1,6,-1.033098,8.609147,0.321926,0.041223,0.000000,0.000000,0.500000,1
48.764520,1765099473.920337,1765099402,1,6,-1.033098,9.297878,0.321926,0.041223,0.000000,0.000000,0.500000,1
48.766520,1765099473.920337,1765099402,1,6,-1.721829,7.920415,0.321926,0.041223,0.000000,0.000000,0.500000,1
48.768547,1765099473.920337,1765099402,1,6,-1.721829,8.609147,0.321926,0.041223,0.000000,0.000000,0.500000,1
48.770523,1765099473.920337,1765099402,1,6,-1.033098,8.264781,0.321926,0.041223,0.000000,0.000000,0.500000,1
48.772524,1765099473.920337,1765099402,1,6,-1.721829,8.609147,0.321926,0.041223,0.000000,0.000000,0.500000,1
48.774526,1765099473.920337,1765099402,1,6,-1.721829,8.609147,0.321926,0.041223,0.000000,0.000000,0.500000,1
48.776527,1765099473.920337,1765099402,1,6,-1.721829,8.264781,0.321926,0.041223,0.000000,0.000000,0.500000,1
48.778526,1765099473.920337,1765099402,1,6,-1.721829,8.609147,0.321926,0.041223,0.000000,0.000000,0.500000,1
48.780527,1765099473.920337,1765099402,1,6,-1.721829,8.609147,0.321926,0.041223,0.000000,0.000000,0.500000,1
48.782528,1765099473.920337,1765099402,1,6,-1.721829,9.297878,0.321926,0.041223,0.000000,0.000000,0.500000,1
48.784530,1765099473.920337,1765099402,1,6,-1.033098,8.609147,0.321926,0.041223,0.000000,0.000000,0.500000,1
48.786530,1765099473.920337,1765099402,1,6,-1.721829,7.920415,0.321926,0.041223,0.000000,0.000000,0.500000,1
48.788531,1765099473.920337,1765099402,1,6,-1.721829,8.264781,0.321926,0.041223,0.000000,0.000000,0.500000,1
48.790534,1765099473.920337,1765099402,1,6,-1.721829,8.609147,0.321926,0.041223,0.000000,0.000000,0.500000,1
48.792533,1765099473.920337,1765099402,1,6,-0.688732,8.264781,0.321926,0.041223,0.000000,0.000000,0.500000,1
48.794560,1765099473.920337,1765099402,1,6,-1.721829,9.297878,0.321926,0.041223,0.000000,0.000000,0.500000,1
48.796535,1765099473.920337,1765099402,1,6,-1.721829,9.297878,0.321926,0.041223,0.000000,0.000000,0.500000,1
48.798536,1765099473.920337,1765099402,1,6,-1.721829,7.920415,0.321926,0.041223,0.000000,0.000000,0.500000,1
48.800536,1765099473.920337,1765099402,1,6,-1.721829,8.264781,0.321926,0.041223,0.000000,0.000000,0.500000,1
48.802538,1765099473.920337,1765099402,1,6,-1.721829,8.264781,0.321926,0.041223,0.000000,0.000000,0.500000,1
48.804538,1765099473.920337,1765099402,1,6,-1.721829,8.609147,0.321926,0.041223,0.000000,0.000000,0.500000,1
48.806539,1765099473.920337,1765099402,1,6,-1.721829,8.264781,0.321926,0.041223,0.000000,0.000000,0.500000,1
48.808540,1765099473.920337,1765099402,1,6,-1.721829,9.297878,0.321926,0.041223,0.000000,0.000000,0.500000,1
48.810540,1765099473.920337,1765099402,1,6,-1.721829,9.297878,0.321926,0.041223,0.000000,0.000000,0.500000,1
48.812542,1765099473.920337,1765099402,1,6,-1.721829,8.609147,0.321926,0.041223,0.000000,0.000000,0.500000,1
48.814543,1765099473.920337,1765099402,1,6,-1.721829,8.264781,0.321926,0.041223,0.000000,0.000000,0.500000,1
48.816545,1765099473.920337,1765099402,1,6,-1.033098,8.264781,0.321926,0.041223,0.000000,0.000000,0.500000,1
48.818546,1765099473.920337,1765099402,1,6,-1.721829,8.264781,0.321926,0.041223,0.000000,0.000000,0.500000,1
48.820570,1765099473.920337,1765099402,1,6,-1.033098,8.609147,0.321926,0.041223,0.000000,0.000000,0.500000,1
48.822547,1765099473.920337,1765099402,1,6,-1.721829,9.297878,0.321926,0.041223,0.000000,0.000000,0.500000,1
48.824548,1765099473.920337,1765099402,1,6,-1.721829,8.264781,0.321926,0.041223,0.000000,0.000000,0.500000,1
48.826550,1765099473.920337,1765099402,1,6,-1.033098,9.297878,0.321926,0.041223,0.000000,0.000000,0.500000,1
48.828550,1765099473.920337,1765099402,1,6,-1.721829,9.297878,0.321926,0.041223,0.000000,0.000000,0.500000,1
48.830551,1765099473.920337,1765099402,1,6,-1.033098,8.264781,0.321926,0.041223,0.000000,0.000000,0.500000,1
48.832552,1765099473.920337,1765099402,1,6,-1.721829,8.609147,0.321926,0.041223,0.000000,0.000000,0.500000,1
48.834553,1765099473.920337,1765099402,1,6,-1.721829,8.264781,0.321926,0.041223,0.000000,0.000000,0.500000,1
48.836553,1765099473.920337,1765099402,1,6,-1.721829,9.297878,0.321926,0.041223,0.000000,0.000000,0.500000,1
48.838556,1765099473.920337,1765099402,1,6,-1.721829,9.297878,0.321926,0.041223,0.000000,0.000000,0.500000,1
48.840557,1765099473.920337,1765099402,1,6,-0.688732,8.609147,0.321926,0.041223,0.000000,0.000000,0.500000,1
48.842558,1765099473.920337,1765099402,1,6,-1.033098,8.264781,0.321926,0.041223,0.000000,0.000000,0.500000,1
48.844559,1765099473.920337,1765099402,1,6,-1.721829,8.264781,0.321926,0.041223,0.000000,0.000000,0.500000,1
48.846586,1765099473.920337,1765099402,1,6,-1.721829,8.609147,0.321926,0.041223,0.000000,0.000000,0.500000,1
48.848560,1765099473.920337,1765099402,1,6,-1.721829,8.264781,0.321926,0.041223,0.000000,0.000000,0.500000,1
48.850545,1765099473.920337,1765099402,1,6,-1.721829,8.609147,0.321926,0.041223,0.000000,0.000000,0.500000,1
48.852546,1765099473.920337,1765099402,1,6,-1.721829,8.264781,0.321926,0.041223,0.000000,0.000000,0.500000,1
48.854548,1765099473.920337,1765099402,1,6,-1.721829,8.609147,0.321926,0.041223,0.000000,0.000000,0.500000,1
48.856549,1765099473.920337,1765099402,1,6,-1.721829,8.264781,0.321926,0.041223,0.000000,0.000000,0.500000,1
48.858549,1765099473.920337,1765099402,1,6,-1.033098,8.264781,0.321926,0.041223,0.000000,0.000000,0.500000,1
48.860550,1765099473.920337,1765099402,1,6,-1.721829,8.264781,0.321926,0.041223,0.000000,0.000000,0.500000,1
48.862550,1765099473.920337,1765099402,1,6,-1.721829,8.264781,0.321926,0.041223,0.000000,0.000000,0.500000,1
48.864551,1765099473.920337,1765099402,1,6,-1.721829,7.920415,0.321926,0.041223,0.000000,0.000000,0.500000,1
48.866568,1765099473.920337,1765099402,1,6,-1.721829,8.609147,0.321926,0.041223,0.000000,0.000000,0.500000,1
48.868568,1765099473.920337,1765099402,1,6,-1.721829,8.609147,0.321926,0.041223,0.000000,0.000000,0.500000,1
48.870569,1765099473.920337,1765099402,1,6,-1.721829,8.609147,0.321926,0.041223,0.000000,0.000000,0.500000,1
48.872578,1765099473.920337,1765099402,1,6,-1.721829,8.264781,0.321926,0.041223,0.000000,0.000000,0.500000,1
48.874572,1765099473.920337,1765099402,1,6,-1.721829,9.297878,0.321926,0.041223,0.000000,0.000000,0.500000,1
48.876557,1765099473.920337,1765099402,1,6,-0.688732,9.297878,0.321926,0.041223,0.000000,0.000000,0.500000,1
48.878573,1765099473.920337,1765099402,1,6,-1.721829,8.264781,0.321926,0.041223,0.000000,0.000000,0.500000,1
48.880574,1765099473.920337,1765099402,1,6,-1.721829,8.264781,0.321926,0.041223,0.000000,0.000000,0.500000,1
48.882575,1765099473.920337,1765099402,1,6,-1.721829,8.264781,0.321926,0.041223,0.000000,0.000000,0.500000,1
48.884478,1765099473.920337,1765099402,1,6,-1.721829,9.297878,0.321926,0.041223,0.000000,0.000000,0.500000,1
48.886479,1765099473.920337,1765099402,1,6,-1.721829,9.297878,0.321926,0.041223,0.000000,0.000000,0.500000,1
48.888479,1765099473.920337,1765099402,1,6,-1.721829,8.264781,0.321926,0.041223,0.000000,0.000000,0.500000,1
48.890479,1765099473.920337,1765099402,1,6,-1.721829,8.609147,0.321926,0.041223,0.000000,0.000000,0.500000,1
48.892479,1765099473.920337,1765099402,1,6,-1.721829,8.264781,0.321926,0.041223,0.000000,0.000000,0.500000,1
48.894479,1765099473.920337,1765099402,1,6,-1.721829,8.609147,0.321926,0.041223,0.000000,0.000000,0.500000,1
48.896478,1765099473.920337,1765099402,1,6,-1.721829,9.297878,0.321926,0.041223,0.000000,0.000000,0.500000,1
48.898485,1765099473.920337,1765099402,1,6,-1.721829,8.264781,0.321926,0.041223,0.000000,0.000000,0.500000,1
48.900470,1765099473.920337,1765099402,1,6,-1.721829,9.297878,0.321926,0.041223,0.000000,0.000000,0.500000,1
48.902470,1765099473.920337,1765099402,1,6,-1.721829,8.609147,0.321926,0.041223,0.000000,0.000000,0.500000,1
48.904471,1765099473.920337,1765099402,1,6,-1.721829,8.264781,0.321926,0.041223,0.000000,0.000000,0.500000,1
56.272295,1765099481.486409,1765099402,1,7,4.132390,8.264781,0.315927,0.041310,0.000000,0.000000,0.500000,1
56.274295,1765099481.486409,1765099402,1,7,3.788025,8.264781,0.315927,0.041310,0.000000,0.000000,0.500000,1
56.276297,1765099481.486409,1765099402,1,7,3.788025,8.264781,0.315927,0.041310,0.000000,0.000000,0.500000,1
56.278297,1765099481.486409,1765099402,1,7,3.788025,9.297878,0.315927,0.041310,0.000000,0.000000,0.500000,1
56.280311,1765099481.486409,1765099402,1,7,3.443659,7.920415,0.315927,0.041310,0.000000,0.000000,0.500000,1
56.282298,1765099481.486409,1765099402,1,7,3.788025,8.264781,0.315927,0.041310,0.000000,0.000000,0.500000,1
56.284313,1765099481.486409,1765099402,1,7,3.788025,8.264781,0.315927,0.041310,0.000000,0.000000,0.500000,1
56.286323,1765099481.486409,1765099402,1,7,3.443659,8.264781,0.315927,0.041310,0.000000,0.000000,0.500000,1
56.288301,1765099481.486409,1765099402,1,7,3.788025,8.264781,0.315927,0.041310,0.000000,0.000000,0.500000,1
56.290313,1765099481.486409,1765099402,1,7,3.788025,7.920415,0.315927,0.041310,0.000000,0.000000,0.500000,1
56.292329,1765099481.486409,1765099402,1,7,3.788025,9.297878,0.315927,0.041310,0.000000,0.000000,0.500000,1
56.294342,1765099481.486409,1765099402,1,7,3.788025,9.297878,0.315927,0.041310,0.000000,0.000000,0.500000,1
56.296360,1765099481.486409,1765099402,1,7,3.443659,8.264781,0.315927,0.041310,0.000000,0.000000,0.500000,1
56.298385,1765099481.486409,1765099402,1,7,3.443659,8.264781,0.315927,0.041310,0.000000,0.000000,0.500000,1
56.300385,1765099481.486409,1765099402,1,7,3.788025,8.264781,0.315927,0.041310,0.000000,0.000000,0.500000,1
56.302386,1765099481.486409,1765099402,1,7,3.443659,8.264781,0.315927,0.041310,0.000000,0.000000,0.500000,1
56.304389,1765099481.486409,1765099402,1,7,3.788025,8.264781,0.315927,0.041310,0.000000,0.000000,0.500000,1
56.306390,1765099481.486409,1765099402,1,7,3.788025,8.264781,0.315927,0.041310,0.000000,0.000000,0.500000,1
56.308391,1765099481.486409,1765099402,1,7,3.099293,8.264781,0.315927,0.041314,0.000000,0.000494,0.500000,1
56.310391,1765099481.486409,1765099402,1,7,3.788025,8.264781,0.315927,0.041310,0.000000,0.000003,0.500000,1
56.312431,1765099481.486409,1765099402,1,7,3.788025,8.264781,0.315927,0.041310,0.000000,-0.000495,0.500000,1
56.314394,1765099481.486409,1765099402,1,7,3.788025,9.297878,0.315927,0.041310,0.000000,-0.000003,0.500000,1
56.316395,1765099481.486409,1765099402,1,7,3.788025,8.264781,0.315927,0.041310,0.000000,0.000000,0.500000,1
56.318396,1765099481.486409,1765099402,1,7,3.788025,8.609147,0.315927,0.041310,0.000000,0.000000,0.500000,1
56.320374,1765099481.486409,1765099402,1,7,3.788025,9.297878,0.315927,0.041310,0.000000,0.000000,0.500000,1
56.322376,1765099481.486409,1765099402,1,7,3.443659,8.264781,0.315927,0.041310,0.000000,0.000000,0.500000,1
56.324376,1765099481.486409,1765099402,1,7,3.788025,9.297878,0.315927,0.041310,0.000000,0.000000,0.500000,1
56.326377,1765099481.486409,1765099402,1,7,3.788025,8.264781,0.315927,0.041310,0.000000,0.000000,0.500000,1
56.328380,1765099481.486409,1765099402,1,7,3.443659,8.264781,0.315927,0.041310,0.000000,0.000000,0.500000,1
56.330364,1765099481.486409,1765099402,1,7,3.443659,7.920415,0.315927,0.041310,0.000000,0.000000,0.500000,1
56.332365,1765099481.486409,1765099402,1,7,3.443659,8.264781,0.315927,0.041310,0.000000,0.000000,0.500000,1
56.334365,1765099481.486409,1765099402,1,7,3.788025,9.297878,0.315927,0.041310,0.000000,0.000000,0.500000,1
56.336366,1765099481.486409,1765099402,1,7,4.132390,8.953512,0.315927,0.041314,0.000000,0.000872,0.500000,1
56.338393,1765099481.486409,1765099402,1,7,3.788025,7.920415,0.315927,0.041310,0.000000,0.000073,0.500000,1
56.340286,1765099481.486409,1765099402,1,7,3.788025,8.264781,0.315927,0.041310,0.000000,-0.000872,0.500000,1
56.342369,1765099481.486409,1765099402,1,7,3.788025,9.297878,0.315927,0.041310,0.000000,-0.000073,0.500000,1
56.344370,1765099481.486409,1765099402,1,7,3.788025,8.264781,0.315927,0.041310,0.000000,0.000000,0.500000,1
56.346372,1765099481.486409,1765099402,1,7,3.788025,8.264781,0.315927,0.041310,0.000000,0.000000,0.500000,1
56.348372,1765099481.486409,1765099402,1,7,3.788025,9.297878,0.315927,0.041310,0.000000,0.000000,0.500000,1
56.350371,1765099481.486409,1765099402,1,7,3.788025,8.264781,0.315927,0.041310,0.000000,0.000000,0.500000,1
56.352362,1765099481.486409,1765099402,1,7,3.443659,7.920415,0.315927,0.041310,0.000000,0.000000,0.500000,1
56.354363,1765099481.486409,1765099402,1,7,3.788025,8.264781,0.315927,0.041310,0.000000,0.000000,0.500000,1
56.356363,1765099481.486409,1765099402,1,7,3.788025,8.264781,0.315927,0.041310,0.000000,0.000000,0.500000,1
56.358364,1765099481.486409,1765099402,1,7,3.443659,8.264781,0.315927,0.041310,0.000000,0.000000,0.500000,1
56.360365,1765099481.486409,1765099402,1,7,3.788025,8.264781,0.315927,0.041310,0.000000,0.000000,0.500000,1
56.362366,1765099481.486409,1765099402,1,7,3.788025,9.297878,0.315927,0.041310,0.000000,0.000000,0.500000,1
56.364394,1765099481.486409,1765099402,1,7,3.788025,8.264781,0.315927,0.041310,0.000000,0.000000,0.500000,1
56.366369,1765099481.486409,1765099402,1,7,3.788025,8.264781,0.315927,0.041310,0.000000,0.000000,0.500000,1
56.368368,1765099481.486409,1765099402,1,7,4.132390,8.264781,0.315927,0.041310,0.000000,0.000000,0.500000,1
56.370369,1765099481.486409,1765099402,1,7,3.788025,8.264781,0.315927,0.041310,0.000000,0.000000,0.500000,1
56.372371,1765099481.486409,1765099402,1,7,3.788025,7.920415,0.315927,0.041310,0.000000,0.000000,0.500000,1
56.374371,1765099481.486409,1765099402,1,7,3.788025,9.297878,0.315927,0.041310,0.000000,0.000000,0.500000,1
56.376372,1765099481.486409,1765099402,1,7,3.788025,8.264781,0.315927,0.041310,0.000000,0.000000,0.500000,1
56.378373,1765099481.486409,1765099402,1,7,3.788025,9.297878,0.315927,0.041310,0.000000,0.000000,0.500000,1
56.380374,1765099481.486409,1765099402,1,7,3.788025,8.264781,0.315927,0.041310,0.000000,0.000000,0.500000,1
56.382374,1765099481.486409,1765099402,1,7,3.788025,8.264781,0.315927,0.041310,0.000000,0.000000,0.500000,1
56.384376,1765099481.486409,1765099402,1,7,3.788025,8.264781,0.315927,0.041310,0.000000,0.000446,0.500000,1
56.386376,1765099481.486409,1765099402,1,7,3.788025,8.264781,0.315927,0.041314,0.000000,0.000943,0.500000,1
56.388377,1765099481.486409,1765099402,1,7,3.788025,9.297878,0.315927,0.041310,0.000000,-0.000440,0.500000,1
56.390402,1765099481.486409,1765099402,1,7,4.132390,8.264781,0.315927,0.041310,0.000000,-0.000074,0.500000,1
56.392376,1765099481.486409,1765099402,1,7,3.788025,8.264781,0.315927,0.041310,0.000000,-0.000006,0.500000,1
56.394364,1765099481.486409,1765099402,1,7,3.788025,8.264781,0.315927,0.041314,0.000000,0.000907,0.500000,1
56.396365,1765099481.486409,1765099402,1,7,3.788025,8.264781,0.315927,0.041314,0.000000,0.000946,0.500000,1
56.398365,1765099481.486409,1765099402,1,7,3.788025,8.264781,0.315927,0.041310,0.000000,-0.000887,0.500000,1
56.400366,1765099481.486409,1765099402,1,7,3.788025,8.264781,0.315927,0.041310,0.000000,-0.000946,0.500000,1
56.402368,1765099481.486409,1765099402,1,7,3.788025,8.264781,0.315927,0.041310,0.000000,-0.000021,0.500000,1
56.404357,1765099481.486409,1765099402,1,7,3.788025,8.953512,0.315927,0.041310,0.000000,0.000806,0.500000,1
56.406365,1765099481.486409,1765099402,1,7,3.443659,8.264781,0.315927,0.041314,0.000000,0.000264,0.500000,1
56.408370,1765099481.486409,1765099402,1,7,3.788025,8.264781,0.315927,0.041310,0.000000,-0.000805,0.500000,1
56.410370,1765099481.486409,1765099402,1,7,3.788025,8.264781,0.315927,0.041310,0.000000,0.000418,0.500000,1
56.412371,1765099481.486409,1765099402,1,7,4.132390,8.264781,0.315927,0.041310,0.000000,0.000071,0.500000,1
56.414371,1765099481.486409,1765099402,1,7,3.443659,8.264781,0.315927,0.041310,0.000000,-0.000681,0.500000,1
56.416396,1765099481.486409,1765099402,1,7,3.788025,8.264781,0.315927,0.041310,0.000000,-0.000072,0.500000,1
56.418373,1765099481.486409,1765099402,1,7,3.788025,8.609147,0.315927,0.041310,0.000000,-0.000000,0.500000,1
56.420374,1765099481.486409,1765099402,1,7,3.443659,8.264781,0.315927,0.041310,0.000000,0.000000,0.500000,1
56.422374,1765099481.486409,1765099402,1,7,3.788025,8.264781,0.315927,0.041310,0.000000,0.000000,0.500000,1
56.424375,1765099481.486409,1765099402,1,7,3.788025,8.264781,0.315927,0.041310,0.000000,0.000000,0.500000,1
56.426376,1765099481.486409,1765099402,1,7,3.788025,8.264781,0.315927,0.041310,0.000000,0.000000,0.500000,1
56.428377,1765099481.486409,1765099402,1,7,3.788025,8.264781,0.315927,0.041310,0.000000,0.000000,0.500000,1
56.430377,1765099481.486409,1765099402,1,7,3.443659,8.264781,0.315927,0.041310,0.000000,0.000000,0.500000,1
56.432378,1765099481.486409,1765099402,1,7,3.788025,8.264781,0.315927,0.041310,0.000000,0.000682,0.500000,1
56.434379,1765099481.486409,1765099402,1,7,3.443659,8.264781,0.315927,0.041310,0.000000,0.000037,0.500000,1
56.436380,1765099481.486409,1765099402,1,7,3.788025,8.264781,0.315927,0.041310,0.000000,-0.000682,0.500000,1
56.438381,1765099481.486409,1765099402,1,7,3.788025,8.264781,0.315927,0.041310,0.000000,-0.000037,0.500000,1
56.440381,1765099481.486409,1765099402,1,7,3.788025,8.264781,0.315927,0.041310,0.000000,-0.000000,0.500000,1
56.442403,1765099481.486409,1765099402,1,7,3.788025,9.297878,0.315927,0.041310,0.000000,0.000000,0.500000,1
56.444382,1765099481.486409,1765099402,1,7,3.788025,8.264781,0.315927,0.041310,0.000000,0.000000,0.500000,1
56.446383,1765099481.486409,1765099402,1,7,3.788025,8.264781,0.315927,0.041310,0.000000,0.000000,0.500000,1
56.448384,1765099481.486409,1765099402,1,7,3.788025,8.264781,0.315927,0.041310,0.000000,0.000000,0.500000,1
56.450385,1765099481.486409,1765099402,1,7,3.788025,8.264781,0.315927,0.041310,0.000000,0.000000,0.500000,1
56.452401,1765099481.486409,1765099402,1,7,3.788025,8.264781,0.315927,0.041310,0.000000,0.000000,0.500000,1
56.454402,1765099481.486409,1765099402,1,7,3.788025,8.264781,0.315927,0.041310,0.000000,0.000000,0.500000,1
56.456403,1765099481.486409,1765099402,1,7,3.788025,8.264781,0.315927,0.041310,0.000000,0.000000,0.500000,1
56.458403,1765099481.486409,1765099402,1,7,3.788025,7.920415,0.315927,0.041310,0.000000,0.000000,0.500000,1
56.460398,1765099481.486409,1765099402,1,7,3.788025,8.264781,0.315927,0.041310,0.000000,0.000000,0.500000,1
56.462409,1765099481.486409,1765099402,1,7,3.788025,8.264781,0.315927,0.041310,0.000000,0.000000,0.500000,1
56.464392,1765099481.486409,1765099402,1,7,3.443659,8.264781,0.315927,0.041310,0.000000,0.000000,0.500000,1
56.466404,1765099481.486409,1765099402,1,7,3.099293,8.264781,0.315927,0.041310,0.000000,0.000000,0.500000,1
56.468516,1765099481.486409,1765099402,1,7,3.788025,8.264781,0.315927,0.041310,0.000000,0.000682,0.500000,1
56.470394,1765099481.486409,1765099402,1,7,2.754927,8.264781,0.315927,0.041314,0.000000,0.000944,0.500000,1
63.825840,1765099489.039958,1765099402,1,8,3.788025,8.264781,0.315904,0.041352,0.000000,0.000000,0.500000,1
63.827842,1765099489.039958,1765099402,1,8,3.788025,8.264781,0.315904,0.041352,0.000000,0.000000,0.500000,1
63.829865,1765099489.039958,1765099402,1,8,3.443659,9.297878,0.315904,0.041352,0.000000,0.000000,0.500000,1
63.831842,1765099489.039958,1765099402,1,8,3.788025,8.264781,0.315904,0.041352,0.000000,0.000000,0.500000,1
63.833844,1765099489.039958,1765099402,1,8,3.443659,8.264781,0.315904,0.041352,0.000000,0.000000,0.500000,1
63.835844,1765099489.039958,1765099402,1,8,4.132390,8.264781,0.315904,0.041352,0.000000,0.000000,0.500000,1
63.837834,1765099489.039958,1765099402,1,8,3.788025,8.264781,0.315904,0.041352,0.000000,0.000000,0.500000,1
63.839834,1765099489.039958,1765099402,1,8,3.443659,8.264781,0.315904,0.041352,0.000000,0.000000,0.500000,1
63.841835,1765099489.039958,1765099402,1,8,3.788025,8.264781,0.315904,0.041352,0.000000,0.000000,0.500000,1
63.843834,1765099489.039958,1765099402,1,8,3.443659,8.264781,0.315904,0.041352,0.000000,0.000000,0.500000,1
63.845837,1765099489.039958,1765099402,1,8,3.788025,8.953512,0.315904,0.041352,0.000000,0.000000,0.500000,1
63.847837,1765099489.039958,1765099402,1,8,3.788025,8.264781,0.315904,0.041352,0.000000,0.000000,0.500000,1
63.849837,1765099489.039958,1765099402,1,8,3.788025,8.264781,0.315904,0.041352,0.000000,0.000000,0.500000,1
63.851838,1765099489.039958,1765099402,1,8,3.788025,8.264781,0.315904,0.041352,0.000000,0.000000,0.500000,1
63.853850,1765099489.039958,1765099402,1,8,3.788025,9.297878,0.315904,0.041352,0.000000,0.000000,0.500000,1
63.855870,1765099489.039958,1765099402,1,8,3.788025,8.264781,0.315904,0.041352,0.000000,0.000000,0.500000,1
63.857840,1765099489.039958,1765099402,1,8,3.788025,8.264781,0.315904,0.041352,0.000000,0.000000,0.500000,1
63.859853,1765099489.039958,1765099402,1,8,3.788025,8.953512,0.315904,0.041352,0.000000,0.000000,0.500000,1
63.861854,1765099489.039958,1765099402,1,8,3.443659,8.264781,0.315904,0.041352,0.000000,0.000000,0.500000,1
63.863854,1765099489.039958,1765099402,1,8,3.788025,8.264781,0.315904,0.041352,0.000000,0.000000,0.500000,1
63.865855,1765099489.039958,1765099402,1,8,3.788025,8.264781,0.315904,0.041352,0.000000,0.000000,0.500000,1
63.867856,1765099489.039958,1765099402,1,8,3.788025,8.264781,0.315904,0.041352,0.000000,0.000000,0.500000,1
63.869857,1765099489.039958,1765099402,1,8,3.443659,9.642244,0.315904,0.041352,0.000000,0.000000,0.500000,1
63.871857,1765099489.039958,1765099402,1,8,3.788025,8.264781,0.315904,0.041352,0.000000,0.000000,0.500000,1
63.873858,1765099489.039958,1765099402,1,8,3.788025,8.264781,0.315904,0.041352,0.000000,0.000000,0.500000,1
63.875859,1765099489.039958,1765099402,1,8,4.132390,8.953512,0.315904,0.041352,0.000000,0.000000,0.500000,1
63.877859,1765099489.039958,1765099402,1,8,3.788025,8.264781,0.315904,0.041352,0.000000,0.000000,0.500000,1
63.879860,1765099489.039958,1765099402,1,8,3.788025,9.297878,0.315904,0.041352,0.000000,0.000000,0.500000,1
63.881884,1765099489.039958,1765099402,1,8,3.788025,8.953512,0.315904,0.041352,0.000000,0.000000,0.500000,1
63.883862,1765099489.039958,1765099402,1,8,3.788025,8.264781,0.315904,0.041352,0.000000,0.000000,0.500000,1
63.885863,1765099489.039958,1765099402,1,8,3.788025,8.264781,0.315904,0.041352,0.000000,0.000000,0.500000,1
63.887863,1765099489.039958,1765099402,1,8,3.788025,8.953512,0.315904,0.041352,0.000000,0.000000,0.500000,1
63.889864,1765099489.039958,1765099402,1,8,3.788025,8.264781,0.315904,0.041352,0.000000,0.000000,0.500000,1
63.891865,1765099489.039958,1765099402,1,8,3.788025,8.264781,0.315904,0.041352,0.000000,0.000000,0.500000,1
63.893865,1765099489.039958,1765099402,1,8,3.788025,8.609147,0.315904,0.041352,0.000000,0.000000,0.500000,1
63.895866,1765099489.039958,1765099402,1,8,3.788025,8.264781,0.315904,0.041352,0.000000,0.000000,0.500000,1
63.897866,1765099489.039958,1765099402,1,8,3.788025,8.264781,0.315904,0.041352,0.000000,0.000000,0.500000,1
63.899867,1765099489.039958,1765099402,1,8,3.788025,8.264781,0.315904,0.041352,0.000000,0.000000,0.500000,1
63.901868,1765099489.039958,1765099402,1,8,3.788025,8.264781,0.315904,0.041352,0.000000,0.000000,0.500000,1
63.903870,1765099489.039958,1765099402,1,8,3.788025,8.953512,0.315904,0.041352,0.000000,0.000000,0.500000,1
63.905870,1765099489.039958,1765099402,1,8,3.788025,8.264781,0.315904,0.041352,0.000000,0.000000,0.500000,1
63.907891,1765099489.039958,1765099402,1,8,3.788025,8.953512,0.315904,0.041352,0.000000,0.000000,0.500000,1
63.909872,1765099489.039958,1765099402,1,8,3.788025,9.297878,0.315904,0.041352,0.000000,0.000000,0.500000,1
63.911871,1765099489.039958,1765099402,1,8,3.788025,8.953512,0.315904,0.041352,0.000000,0.000000,0.500000,1
63.913873,1765099489.039958,1765099402,1,8,3.788025,8.264781,0.315904,0.041352,0.000000,0.000000,0.500000,1
63.915873,1765099489.039958,1765099402,1,8,3.788025,8.264781,0.315904,0.041352,0.000000,0.000000,0.500000,1
63.917875,1765099489.039958,1765099402,1,8,4.132390,8.953512,0.315904,0.041352,0.000000,0.000000,0.500000,1
63.919874,1765099489.039958,1765099402,1,8,3.788025,8.264781,0.315904,0.041352,0.000000,0.000000,0.500000,1
63.921874,1765099489.039958,1765099402,1,8,3.788025,9.297878,0.315904,0.041352,0.000000,0.000000,0.500000,1
63.923876,1765099489.039958,1765099402,1,8,3.788025,9.297878,0.315904,0.041352,0.000000,0.000000,0.500000,1
63.925876,1765099489.039958,1765099402,1,8,3.443659,9.297878,0.315904,0.041352,0.000000,0.000000,0.500000,1
63.927877,1765099489.039958,1765099402,1,8,3.443659,8.264781,0.315904,0.041352,0.000000,0.000000,0.500000,1
63.929878,1765099489.039958,1765099402,1,8,3.788025,8.264781,0.315904,0.041352,0.000000,0.000000,0.500000,1
63.931880,1765099489.039958,1765099402,1,8,3.788025,8.953512,0.315904,0.041352,0.000000,0.000000,0.500000,1
63.933902,1765099489.039958,1765099402,1,8,3.788025,8.264781,0.315904,0.041352,0.000000,0.000000,0.500000,1
63.935881,1765099489.039958,1765099402,1,8,3.788025,8.264781,0.315904,0.041352,0.000000,0.000000,0.500000,1
63.937881,1765099489.039958,1765099402,1,8,3.788025,8.264781,0.315904,0.041352,0.000000,0.000000,0.500000,1
63.939882,1765099489.039958,1765099402,1,8,3.443659,8.264781,0.315904,0.041352,0.000000,0.000000,0.500000,1
63.941882,1765099489.039958,1765099402,1,8,3.443659,9.297878,0.315904,0.041352,0.000000,0.000000,0.500000,1
63.943883,1765099489.039958,1765099402,1,8,3.788025,8.264781,0.315904,0.041352,0.000000,0.000000,0.500000,1
63.945885,1765099489.039958,1765099402,1,8,3.443659,8.264781,0.315904,0.041352,0.000000,0.000000,0.500000,1
63.947885,1765099489.039958,1765099402,1,8,3.788025,8.264781,0.315904,0.041352,0.000000,0.000000,0.500000,1
63.949885,1765099489.039958,1765099402,1,8,3.443659,8.264781,0.315904,0.041352,0.000000,0.000000,0.500000,1
63.951887,1765099489.039958,1765099402,1,8,4.132390,8.264781,0.315904,0.041352,0.000000,0.000000,0.500000,1
63.953887,1765099489.039958,1765099402,1,8,3.788025,8.953512,0.315904,0.041352,0.000000,0.000000,0.500000,1
63.955888,1765099489.039958,1765099402,1,8,3.443659,8.264781,0.315904,0.041352,0.000000,0.000000,0.500000,1
63.957889,1765099489.039958,1765099402,1,8,3.788025,9.297878,0.315904,0.041352,0.000000,0.000000,0.500000,1
63.959910,1765099489.039958,1765099402,1,8,3.788025,9.297878,0.315904,0.041352,0.000000,0.000000,0.500000,1
63.961901,1765099489.039958,1765099402,1,8,3.443659,8.264781,0.315904,0.041352,0.000000,0.000000,0.500000,1
63.963891,1765099489.039958,1765099402,1,8,3.788025,8.264781,0.315904,0.041352,0.000000,0.000000,0.500000,1
63.965892,1765099489.039958,1765099402,1,8,3.788025,8.264781,0.315904,0.041352,0.000000,0.000000,0.500000,1
63.967893,1765099489.039958,1765099402,1,8,3.788025,8.264781,0.315904,0.041352,0.000000,0.000000,0.500000,1
63.969893,1765099489.039958,1765099402,1,8,3.443659,8.264781,0.315904,0.041352,0.000000,0.000000,0.500000,1
63.971894,1765099489.039958,1765099402,1,8,4.132390,9.297878,0.315904,0.041352,0.000000,0.000000,0.500000,1
63.973895,1765099489.039958,1765099402,1,8,3.788025,9.297878,0.315904,0.041352,0.000000,0.000000,0.500000,1
63.975895,1765099489.039958,1765099402,1,8,3.788025,8.264781,0.315904,0.041352,0.000000,0.000000,0.500000,1
63.977896,1765099489.039958,1765099402,1,8,3.788025,8.264781,0.315904,0.041352,0.000000,0.000000,0.500000,1
63.979897,1765099489.039958,1765099402,1,8,3.788025,9.297878,0.315904,0.041352,0.000000,0.000000,0.500000,1
63.981898,1765099489.039958,1765099402,1,8,3.788025,8.264781,0.315904,0.041352,0.000000,0.000000,0.500000,1
63.983899,1765099489.039958,1765099402,1,8,3.788025,9.297878,0.315904,0.041352,0.000000,0.000000,0.500000,1
63.985945,1765099489.039958,1765099402,1,8,3.788025,8.264781,0.315904,0.041352,0.000000,0.000000,0.500000,1
63.987899,1765099489.039958,1765099402,1,8,3.443659,8.264781,0.315904,0.041352,0.000000,0.000000,0.500000,1
63.989901,1765099489.039958,1765099402,1,8,3.443659,8.264781,0.315904,0.041352,0.000000,0.000000,0.500000,1
63.991901,1765099489.039958,1765099402,1,8,3.443659,8.264781,0.315904,0.041352,0.000000,0.000000,0.500000,1
63.993902,1765099489.039958,1765099402,1,8,3.788025,8.264781,0.315904,0.041352,0.000000,0.000000,0.500000,1
63.995903,1765099489.039958,1765099402,1,8,3.788025,8.953512,0.315904,0.041352,0.000000,0.000000,0.500000,1
63.997903,1765099489.039958,1765099402,1,8,3.788025,7.920415,0.315904,0.041352,0.000000,0.000000,0.500000,1
63.999906,1765099489.039958,1765099402,1,8,3.788025,8.953512,0.315904,0.041352,0.000000,0.000000,0.500000,1
64.001905,1765099489.039958,1765099402,1,8,3.788025,8.953512,0.315904,0.041352,0.000000,0.000000,0.500000,1
64.003907,1765099489.039958,1765099402,1,8,3.788025,8.264781,0.315904,0.041352,0.000000,0.000000,0.500000,1
64.005908,1765099489.039958,1765099402,1,8,3.788025,8.953512,0.315904,0.041352,0.000000,0.000000,0.500000,1
64.007908,1765099489.039958,1765099402,1,8,3.788025,8.264781,0.315904,0.041352,0.000000,0.000000,0.500000,1
64.009908,1765099489.039958,1765099402,1,8,3.443659,8.953512,0.315904,0.041352,0.000000,0.000000,0.500000,1
64.011963,1765099489.039958,1765099402,1,8,3.788025,9.297878,0.315904,0.041352,0.000000,0.000000,0.500000,1
64.013910,1765099489.039958,1765099402,1,8,3.788025,9.297878,0.315904,0.041352,0.000000,0.000000,0.500000,1
64.015911,1765099489.039958,1765099402,1,8,3.443659,8.264781,0.315904,0.041352,0.000000,0.000000,0.500000,1
64.017911,1765099489.039958,1765099402,1,8,3.788025,8.264781,0.315904,0.041352,0.000000,0.000000,0.500000,1
64.019912,1765099489.039958,1765099402,1,8,4.132390,8.264781,0.315904,0.041352,0.000000,0.000000,0.500000,1
64.021912,1765099489.039958,1765099402,1,8,3.788025,9.297878,0.315904,0.041352,0.000000,0.000000,0.500000,1
64.023936,1765099489.039958,1765099402,1,8,3.443659,8.264781,0.315904,0.041352,0.000000,0.000000,0.500000,1
71.413228,1765099496.627571,1765099402,1,9,3.788025,8.953512,0.315874,0.041374,0.000000,0.000000,0.500000,1
71.415235,1765099496.627571,1765099402,1,9,3.443659,8.264781,0.315874,0.041374,0.000000,0.000000,0.500000,1
71.417238,1765099496.627571,1765099402,1,9,4.132390,8.264781,0.315874,0.041374,0.000000,0.000000,0.500000,1
71.419239,1765099496.627571,1765099402,1,9,3.788025,8.953512,0.315874,0.041374,0.000000,0.000000,0.500000,1
71.421240,1765099496.627571,1765099402,1,9,3.443659,8.609147,0.315874,0.041374,0.000000,0.000000,0.500000,1
71.423240,1765099496.627571,1765099402,1,9,4.132390,8.953512,0.315874,0.041374,0.000000,0.000000,0.500000,1
71.425259,1765099496.627571,1765099402,1,9,3.788025,8.953512,0.315874,0.041374,0.000000,0.000000,0.500000,1
71.427243,1765099496.627571,1765099402,1,9,3.788025,8.264781,0.315874,0.041374,0.000000,0.000000,0.500000,1
71.429254,1765099496.627571,1765099402,1,9,3.788025,8.264781,0.315874,0.041374,0.000000,0.000000,0.500000,1
71.431253,1765099496.627571,1765099402,1,9,3.443659,8.264781,0.315874,0.041374,0.000000,0.000000,0.500000,1
71.433255,1765099496.627571,1765099402,1,9,3.443659,7.576049,0.315874,0.041374,0.000000,0.000000,0.500000,1
71.435256,1765099496.627571,1765099402,1,9,3.443659,8.264781,0.315874,0.041374,0.000000,0.000000,0.500000,1
71.437257,1765099496.627571,1765099402,1,9,3.788025,8.264781,0.315874,0.041374,0.000000,0.000000,0.500000,1
71.439257,1765099496.627571,1765099402,1,9,3.443659,8.953512,0.315874,0.041374,0.000000,0.000000,0.500000,1
71.441259,1765099496.627571,1765099402,1,9,3.443659,8.264781,0.315874,0.041374,0.000000,0.000000,0.500000,1
71.443260,1765099496.627571,1765099402,1,9,3.788025,7.920415,0.315874,0.041374,0.000000,0.000000,0.500000,1
71.445261,1765099496.627571,1765099402,1,9,3.443659,8.953512,0.315874,0.041374,0.000000,0.000000,0.500000,1
71.447262,1765099496.627571,1765099402,1,9,3.443659,8.953512,0.315874,0.041374,0.000000,0.000000,0.500000,1
71.449262,1765099496.627571,1765099402,1,9,3.788025,8.264781,0.315874,0.041374,0.000000,0.000000,0.500000,1
71.451288,1765099496.627571,1765099402,1,9,3.788025,8.264781,0.315874,0.041374,0.000000,0.000000,0.500000,1
71.453264,1765099496.627571,1765099402,1,9,3.443659,8.264781,0.315874,0.041374,0.000000,0.000000,0.500000,1
71.455281,1765099496.627571,1765099402,1,9,3.788025,8.264781,0.315874,0.041374,0.000000,0.000000,0.500000,1
71.457283,1765099496.627571,1765099402,1,9,3.788025,8.264781,0.315874,0.041374,0.000000,0.000000,0.500000,1
71.459282,1765099496.627571,1765099402,1,9,3.788025,8.264781,0.315874,0.041374,0.000000,0.000000,0.500000,1
71.461283,1765099496.627571,1765099402,1,9,3.788025,8.264781,0.315874,0.041374,0.000000,0.000000,0.500000,1
71.463284,1765099496.627571,1765099402,1,9,3.788025,8.264781,0.315874,0.041374,0.000000,0.000000,0.500000,1
71.465285,1765099496.627571,1765099402,1,9,3.443659,8.264781,0.315874,0.041374,0.000000,0.000000,0.500000,1
71.467285,1765099496.627571,1765099402,1,9,3.788025,8.264781,0.315874,0.041374,0.000000,0.000000,0.500000,1
71.469288,1765099496.627571,1765099402,1,9,3.788025,8.953512,0.315874,0.041374,0.000000,0.000000,0.500000,1
71.471288,1765099496.627571,1765099402,1,9,3.788025,8.953512,0.315874,0.041374,0.000000,0.000000,0.500000,1
71.473289,1765099496.627571,1765099402,1,9,3.443659,8.264781,0.315874,0.041374,0.000000,0.000000,0.500000,1
71.475290,1765099496.627571,1765099402,1,9,3.788025,8.609147,0.315874,0.041374,0.000000,0.000000,0.500000,1
71.477315,1765099496.627571,1765099402,1,9,3.788025,8.264781,0.315874,0.041374,0.000000,0.000000,0.500000,1
71.479292,1765099496.627571,1765099402,1,9,3.788025,8.953512,0.315874,0.041374,0.000000,0.000000,0.500000,1
71.481293,1765099496.627571,1765099402,1,9,3.788025,9.297878,0.315874,0.041374,0.000000,0.000000,0.500000,1
71.483294,1765099496.627571,1765099402,1,9,3.788025,8.264781,0.315874,0.041374,0.000000,0.000000,0.500000,1
71.485294,1765099496.627571,1765099402,1,9,3.788025,8.264781,0.315874,0.041374,0.000000,0.000000,0.500000,1
71.487295,1765099496.627571,1765099402,1,9,4.132390,8.264781,0.315874,0.041374,0.000000,0.000000,0.500000,1
71.489296,1765099496.627571,1765099402,1,9,3.443659,8.953512,0.315874,0.041374,0.000000,0.000000,0.500000,1
71.491297,1765099496.627571,1765099402,1,9,3.788025,8.264781,0.315874,0.041374,0.000000,0.000000,0.500000,1
71.493299,1765099496.627571,1765099402,1,9,3.788025,8.264781,0.315874,0.041374,0.000000,0.000000,0.500000,1
71.495299,1765099496.627571,1765099402,1,9,3.788025,8.264781,0.315874,0.041374,0.000000,0.000000,0.500000,1
71.497300,1765099496.627571,1765099402,1,9,3.788025,8.264781,0.315874,0.041374,0.000000,0.000000,0.500000,1
71.499301,1765099496.627571,1765099402,1,9,3.443659,8.953512,0.315874,0.041374,0.000000,0.000000,0.500000,1
71.501302,1765099496.627571,1765099402,1,9,3.788025,8.264781,0.315874,0.041374,0.000000,0.000000,0.500000,1
71.503311,1765099496.627571,1765099402,1,9,3.788025,8.264781,0.315874,0.041374,0.000000,0.000000,0.500000,1
71.505277,1765099496.627571,1765099402,1,9,3.788025,8.264781,0.315874,0.041374,0.000000,0.000000,0.500000,1
71.507277,1765099496.627571,1765099402,1,9,3.788025,8.264781,0.315874,0.041374,0.000000,0.000000,0.500000,1
71.509278,1765099496.627571,1765099402,1,9,3.443659,8.264781,0.315874,0.041374,0.000000,0.000000,0.500000,1
71.511291,1765099496.627571,1765099402,1,9,3.788025,9.297878,0.315874,0.041374,0.000000,0.000000,0.500000,1
71.513290,1765099496.627571,1765099402,1,9,3.443659,8.264781,0.315874,0.041374,0.000000,0.000000,0.500000,1
71.515292,1765099496.627571,1765099402,1,9,3.788025,8.264781,0.315874,0.041374,0.000000,0.000000,0.500000,1
71.517293,1765099496.627571,1765099402,1,9,3.788025,8.264781,0.315874,0.041374,0.000000,0.000000,0.500000,1
71.519293,1765099496.627571,1765099402,1,9,3.443659,8.264781,0.315874,0.041374,0.000000,0.000000,0.500000,1
71.521294,1765099496.627571,1765099402,1,9,3.443659,8.264781,0.315874,0.041374,0.000000,0.000000,0.500000,1
71.523296,1765099496.627571,1765099402,1,9,4.132390,9.297878,0.315874,0.041374,0.000000,0.000000,0.500000,1
71.525296,1765099496.627571,1765099402,1,9,3.788025,8.264781,0.315874,0.041374,0.000000,0.000000,0.500000,1
71.527296,1765099496.627571,1765099402,1,9,3.788025,8.264781,0.315874,0.041374,0.000000,0.000000,0.500000,1
71.529321,1765099496.627571,1765099402,1,9,3.788025,8.264781,0.315874,0.041374,0.000000,0.000000,0.500000,1
71.531299,1765099496.627571,1765099402,1,9,3.443659,8.264781,0.315874,0.041374,0.000000,0.000000,0.500000,1
71.533245,1765099496.627571,1765099402,1,9,3.788025,9.297878,0.315874,0.041374,0.000000,0.000000,0.500000,1
71.535299,1765099496.627571,1765099402,1,9,3.788025,8.953512,0.315874,0.041374,0.000000,0.000000,0.500000,1
71.537301,1765099496.627571,1765099402,1,9,3.788025,8.264781,0.315874,0.041374,0.000000,0.000000,0.500000,1
71.539301,1765099496.627571,1765099402,1,9,3.788025,8.264781,0.315874,0.041374,0.000000,0.000000,0.500000,1
71.541302,1765099496.627571,1765099402,1,9,3.788025,8.953512,0.315874,0.041374,0.000000,0.000000,0.500000,1
71.543303,1765099496.627571,1765099402,1,9,3.788025,8.264781,0.315874,0.041374,0.000000,0.000000,0.500000,1
71.545304,1765099496.627571,1765099402,1,9,3.788025,8.264781,0.315874,0.041374,0.000000,0.000000,0.500000,1
71.547305,1765099496.627571,1765099402,1,9,3.443659,8.264781,0.315874,0.041374,0.000000,0.000000,0.500000,1
71.549306,1765099496.627571,1765099402,1,9,3.443659,8.264781,0.315874,0.041374,0.000000,0.000000,0.500000,1
71.551307,1765099496.627571,1765099402,1,9,3.788025,8.264781,0.315874,0.041374,0.000000,0.000000,0.500000,1
71.553318,1765099496.627571,1765099402,1,9,3.443659,9.297878,0.315874,0.041374,0.000000,0.000000,0.500000,1
71.555347,1765099496.627571,1765099402,1,9,3.788025,8.953512,0.315874,0.041374,0.000000,0.000000,0.500000,1
71.557309,1765099496.627571,1765099402,1,9,3.788025,9.297878,0.315874,0.041374,0.000000,0.000000,0.500000,1
71.559323,1765099496.627571,1765099402,1,9,3.788025,8.953512,0.315874,0.041374,0.000000,0.000000,0.500000,1
71.561326,1765099496.627571,1765099402,1,9,4.132390,8.264781,0.315874,0.041374,0.000000,0.000000,0.500000,1
71.563327,1765099496.627571,1765099402,1,9,4.476756,8.264781,0.315874,0.041374,0.000000,0.000000,0.500000,1
71.565329,1765099496.627571,1765099402,1,9,3.443659,8.953512,0.315874,0.041374,0.000000,0.000000,0.500000,1
71.567330,1765099496.627571,1765099402,1,9,3.788025,8.264781,0.315874,0.041374,0.000000,0.000000,0.500000,1
71.569330,1765099496.627571,1765099402,1,9,3.788025,8.264781,0.315874,0.041374,0.000000,0.000000,0.500000,1
71.571334,1765099496.627571,1765099402,1,9,3.788025,8.264781,0.315874,0.041374,0.000000,0.000000,0.500000,1
71.573349,1765099496.627571,1765099402,1,9,3.788025,8.953512,0.315874,0.041374,0.000000,0.000000,0.500000,1
71.575414,1765099496.627571,1765099402,1,9,3.788025,9.297878,0.315874,0.041374,0.000000,0.000000,0.500000,1
71.577258,1765099496.627571,1765099402,1,9,3.788025,8.264781,0.315874,0.041374,0.000000,0.000000,0.500000,1
71.579247,1765099496.627571,1765099402,1,9,3.788025,8.264781,0.315874,0.041374,0.000000,0.000000,0.500000,1
71.581273,1765099496.627571,1765099402,1,9,3.788025,8.264781,0.315874,0.041374,0.000000,0.000000,0.500000,1
71.583257,1765099496.627571,1765099402,1,9,3.788025,8.953512,0.315874,0.041374,0.000000,0.000000,0.500000,1
71.585262,1765099496.627571,1765099402,1,9,3.443659,8.264781,0.315874,0.041374,0.000000,0.000000,0.500000,1
71.587366,1765099496.627571,1765099402,1,9,3.788025,9.297878,0.315874,0.041378,0.000000,0.000935,0.500000,1
71.589389,1765099496.627571,1765099402,1,9,3.443659,8.264781,0.315874,0.041374,0.000000,0.000039,0.500000,1
71.591390,1765099496.627571,1765099402,1,9,3.788025,8.264781,0.315874,0.041374,0.000000,-0.000935,0.500000,1
71.593391,1765099496.627571,1765099402,1,9,3.788025,8.264781,0.315874,0.041374,0.000000,-0.000039,0.500000,1
71.595394,1765099496.627571,1765099402,1,9,3.788025,8.264781,0.315874,0.041374,0.000000,-0.000000,0.500000,1
71.597394,1765099496.627571,1765099402,1,9,3.443659,8.953512,0.315874,0.041374,0.000000,0.000000,0.500000,1
71.599396,1765099496.627571,1765099402,1,9,3.788025,9.297878,0.315874,0.041378,0.000000,0.000943,0.500000,1
71.601397,1765099496.627571,1765099402,1,9,3.788025,8.264781,0.315874,0.041378,0.000000,0.000054,0.500000,1
71.603397,1765099496.627571,1765099402,1,9,3.443659,8.264781,0.315874,0.041374,0.000000,-0.000940,0.500000,1
71.605404,1765099496.627571,1765099402,1,9,3.788025,8.264781,0.315874,0.041374,0.000000,-0.000500,0.500000,1
71.607438,1765099496.627571,1765099402,1,9,3.788025,8.264781,0.315874,0.041374,0.000000,-0.000003,0.500000,1
71.609407,1765099496.627571,1765099402,1,9,3.788025,8.264781,0.315874,0.041374,0.000000,0.000446,0.500000,1
71.611405,1765099496.627571,1765099402,1,9,4.132390,9.297878,0.315874,0.041378,0.000000,0.000944,0.500000,1
78.977437,1765099504.191692,1765099402,1,10,3.788025,4.132390,0.315885,0.046034,0.000000,0.000000,0.500000,0
78.979437,1765099504.191692,1765099402,1,10,3.443659,3.788025,0.315885,0.046034,0.000000,0.000000,0.500000,0
78.981438,1765099504.191692,1765099402,1,10,3.788025,2.754927,0.315885,0.046034,0.000000,0.000000,0.500000,0
78.983438,1765099504.191692,1765099402,1,10,3.788025,3.788025,0.315885,0.046034,0.000000,0.000000,0.500000,0
78.985439,1765099504.191692,1765099402,1,10,2.410561,4.476756,0.315885,0.046034,0.000000,0.000000,0.500000,0
78.987455,1765099504.191692,1765099402,1,10,3.788025,4.132390,0.315885,0.046034,0.000000,0.000000,0.500000,0
78.989442,1765099504.191692,1765099402,1,10,3.788025,4.821122,0.315885,0.046034,0.000000,0.000000,0.500000,0
78.991457,1765099504.191692,1765099402,1,10,3.788025,4.132390,0.315885,0.046034,0.000000,0.000000,0.500000,0
78.993447,1765099504.191692,1765099402,1,10,3.788025,4.132390,0.315885,0.046034,0.000000,0.000000,0.500000,0
78.995483,1765099504.191692,1765099402,1,10,3.788025,4.132390,0.315885,0.046034,0.000000,0.000000,0.500000,0
78.997460,1765099504.191692,1765099402,1,10,3.788025,2.754927,0.315885,0.046034,0.000000,0.000000,0.500000,0
78.999461,1765099504.191692,1765099402,1,10,3.788025,4.476756,0.315885,0.046034,0.000000,0.000000,0.500000,0
79.001462,1765099504.191692,1765099402,1,10,3.788025,4.476756,0.315885,0.046034,0.000000,0.000000,0.500000,0
79.003463,1765099504.191692,1765099402,1,10,3.443659,4.132390,0.315885,0.046034,0.000000,0.000000,0.500000,0
79.005464,1765099504.191692,1765099402,1,10,3.788025,4.132390,0.315885,0.046034,0.000000,0.000000,0.500000,0
79.007467,1765099504.191692,1765099402,1,10,4.132390,4.132390,0.315885,0.046034,0.000000,0.000000,0.500000,0
79.009465,1765099504.191692,1765099402,1,10,3.788025,3.443659,0.315885,0.046034,0.000000,0.000000,0.500000,0
79.011466,1765099504.191692,1765099402,1,10,3.788025,3.443659,0.315885,0.046034,0.000000,0.000000,0.500000,0
79.013468,1765099504.191692,1765099402,1,10,3.788025,3.443659,0.315885,0.046034,0.000000,0.000000,0.500000,0
79.015468,1765099504.191692,1765099402,1,10,3.788025,3.443659,0.315885,0.046034,0.000000,0.000000,0.500000,0
79.017469,1765099504.191692,1765099402,1,10,4.132390,4.132390,0.315885,0.046034,0.000000,0.000000,0.500000,0
79.019470,1765099504.191692,1765099402,1,10,3.788025,4.132390,0.315885,0.046034,0.000000,0.000000,0.500000,0
79.021500,1765099504.191692,1765099402,1,10,3.788025,4.132390,0.315885,0.046034,0.000000,0.000000,0.500000,0
79.023472,1765099504.191692,1765099402,1,10,3.443659,3.443659,0.315885,0.046034,0.000000,0.000000,0.500000,0
79.025479,1765099504.191692,1765099402,1,10,3.788025,4.132390,0.315885,0.046034,0.000000,0.000000,0.500000,0
79.027477,1765099504.191692,1765099402,1,10,3.443659,4.132390,0.315885,0.046034,0.000000,0.000000,0.500000,0
79.029476,1765099504.191692,1765099402,1,10,3.788025,4.132390,0.315885,0.046034,0.000000,0.000000,0.500000,0
79.031459,1765099504.191692,1765099402,1,10,3.788025,4.132390,0.315885,0.046034,0.000000,0.000000,0.500000,0
79.033460,1765099504.191692,1765099402,1,10,3.443659,3.443659,0.315885,0.046034,0.000000,0.000000,0.500000,0
79.035462,1765099504.191692,1765099402,1,10,3.443659,4.132390,0.315885,0.046034,0.000000,0.000000,0.500000,0
79.037463,1765099504.191692,1765099402,1,10,3.443659,3.443659,0.315885,0.046034,0.000000,0.000000,0.500000,0
79.039464,1765099504.191692,1765099402,1,10,4.132390,4.132390,0.315885,0.046034,0.000000,0.000000,0.500000,0
79.041465,1765099504.191692,1765099402,1,10,3.788025,4.132390,0.315885,0.046034,0.000000,0.000000,0.500000,0
79.043466,1765099504.191692,1765099402,1,10,3.788025,3.443659,0.315885,0.046034,0.000000,0.000000,0.500000,0
79.045466,1765099504.191692,1765099402,1,10,3.443659,4.132390,0.315885,0.046034,0.000000,0.000000,0.500000,0
79.047491,1765099504.191692,1765099402,1,10,3.788025,4.132390,0.315885,0.046034,0.000000,0.000000,0.500000,0
79.049468,1765099504.191692,1765099402,1,10,3.788025,3.443659,0.315885,0.046034,0.000000,0.000000,0.500000,0
79.051468,1765099504.191692,1765099402,1,10,3.788025,3.443659,0.315885,0.046034,0.000000,0.000000,0.500000,0
79.053469,1765099504.191692,1765099402,1,10,3.788025,3.443659,0.315885,0.046034,0.000000,0.000000,0.500000,0
79.055470,1765099504.191692,1765099402,1,10,3.788025,3.443659,0.315885,0.046034,0.000000,0.000000,0.500000,0
79.057471,1765099504.191692,1765099402,1,10,3.788025,2.754927,0.315885,0.046034,0.000000,0.000000,0.500000,0
79.059485,1765099504.191692,1765099402,1,10,3.788025,4.132390,0.315885,0.046034,0.000000,0.000000,0.500000,0
79.061473,1765099504.191692,1765099402,1,10,3.788025,4.132390,0.315885,0.046034,0.000000,0.000000,0.500000,0
79.063488,1765099504.191692,1765099402,1,10,3.788025,4.132390,0.315885,0.046034,0.000000,0.000000,0.500000,0
79.065489,1765099504.191692,1765099402,1,10,3.443659,3.443659,0.315885,0.046034,0.000000,0.000000,0.500000,0
79.067490,1765099504.191692,1765099402,1,10,3.788025,3.788025,0.315885,0.046034,0.000000,0.000000,0.500000,0
79.069491,1765099504.191692,1765099402,1,10,4.132390,3.443659,0.315885,0.046034,0.000000,0.000000,0.500000,0
79.071492,1765099504.191692,1765099402,1,10,3.788025,4.132390,0.315885,0.046034,0.000000,0.000000,0.500000,0
79.073518,1765099504.191692,1765099402,1,10,3.788025,3.443659,0.315885,0.046034,0.000000,0.000000,0.500000,0
79.075494,1765099504.191692,1765099402,1,10,3.443659,4.132390,0.315885,0.046034,0.000000,0.000000,0.500000,0
79.077495,1765099504.191692,1765099402,1,10,3.443659,3.443659,0.315885,0.046034,0.000000,0.000000,0.500000,0
79.079495,1765099504.191692,1765099402,1,10,3.788025,4.132390,0.315885,0.046034,0.000000,0.000000,0.500000,0
79.081496,1765099504.191692,1765099402,1,10,3.788025,3.788025,0.315885,0.046034,0.000000,0.000000,0.500000,0
79.083498,1765099504.191692,1765099402,1,10,3.788025,4.132390,0.315885,0.046034,0.000000,0.000000,0.500000,0
79.085500,1765099504.191692,1765099402,1,10,3.788025,3.788025,0.315885,0.046034,0.000000,0.000000,0.500000,0
79.087500,1765099504.191692,1765099402,1,10,3.788025,4.132390,0.315885,0.046034,0.000000,0.000000,0.500000,0
79.089500,1765099504.191692,1765099402,1,10,3.099293,4.132390,0.315885,0.046034,0.000000,0.000000,0.500000,0
79.091501,1765099504.191692,1765099402,1,10,4.132390,4.132390,0.315885,0.046034,0.000000,0.000000,0.500000,0
79.093502,1765099504.191692,1765099402,1,10,4.132390,4.132390,0.315885,0.046034,0.000000,0.000000,0.500000,0
79.095503,1765099504.191692,1765099402,1,10,3.788025,4.132390,0.315885,0.046034,0.000000,0.000000,0.500000,0
79.097504,1765099504.191692,1765099402,1,10,3.788025,2.754927,0.315885,0.046034,0.000000,0.000000,0.500000,0
79.099531,1765099504.191692,1765099402,1,10,3.788025,4.132390,0.315885,0.046034,0.000000,0.000000,0.500000,0
79.101506,1765099504.191692,1765099402,1,10,3.788025,4.132390,0.315885,0.046034,0.000000,0.000000,0.500000,0
79.103507,1765099504.191692,1765099402,1,10,3.788025,3.443659,0.315885,0.046034,0.000000,0.000000,0.500000,0
79.105507,1765099504.191692,1765099402,1,10,3.788025,4.132390,0.315885,0.046034,0.000000,0.000000,0.500000,0
79.107508,1765099504.191692,1765099402,1,10,3.788025,2.754927,0.315885,0.046034,0.000000,0.000000,0.500000,0
79.109510,1765099504.191692,1765099402,1,10,3.788025,4.132390,0.315885,0.046034,0.000000,0.000000,0.500000,0
79.111510,1765099504.191692,1765099402,1,10,3.788025,3.443659,0.315885,0.046034,0.000000,0.000000,0.500000,0
79.113511,1765099504.191692,1765099402,1,10,3.788025,3.443659,0.315885,0.046034,0.000000,0.000000,0.500000,0
79.115512,1765099504.191692,1765099402,1,10,4.476756,3.443659,0.315885,0.046034,0.000000,0.000000,0.500000,0
79.117513,1765099504.191692,1765099402,1,10,3.788025,4.132390,0.315885,0.046034,0.000000,0.000000,0.500000,0
79.119514,1765099504.191692,1765099402,1,10,3.788025,4.132390,0.315885,0.046034,0.000000,0.000000,0.500000,0
79.121515,1765099504.191692,1765099402,1,10,3.443659,4.132390,0.315885,0.046034,0.000000,0.000000,0.500000,0
79.123517,1765099504.191692,1765099402,1,10,3.099293,3.443659,0.315885,0.046034,0.000000,0.000000,0.500000,0
79.125542,1765099504.191692,1765099402,1,10,3.788025,2.754927,0.315885,0.046034,0.000000,0.000000,0.500000,0
79.127518,1765099504.191692,1765099402,1,10,3.788025,2.754927,0.315885,0.046034,0.000000,0.000000,0.500000,0
79.129518,1765099504.191692,1765099402,1,10,3.788025,4.132390,0.315885,0.046034,0.000000,0.000000,0.500000,0
79.131519,1765099504.191692,1765099402,1,10,3.788025,4.132390,0.315885,0.046034,0.000000,0.000000,0.500000,0
79.133519,1765099504.191692,1765099402,1,10,3.443659,4.132390,0.315885,0.046034,0.000000,0.000000,0.500000,0
79.135518,1765099504.191692,1765099402,1,10,3.788025,4.132390,0.315885,0.046034,0.000000,0.000000,0.500000,0
79.137507,1765099504.191692,1765099402,1,10,3.443659,4.132390,0.315885,0.046034,0.000000,0.000000,0.500000,0
79.139524,1765099504.191692,1765099402,1,10,3.788025,2.754927,0.315885,0.046034,0.000000,0.000000,0.500000,0
79.141524,1765099504.191692,1765099402,1,10,3.788025,4.476756,0.315885,0.046034,0.000000,0.000000,0.500000,0
79.143513,1765099504.191692,1765099402,1,10,3.788025,2.754927,0.315885,0.046034,0.000000,0.000000,0.500000,0
79.145530,1765099504.191692,1765099402,1,10,3.788025,3.788025,0.315885,0.046034,0.000000,0.000000,0.500000,0
79.147529,1765099504.191692,1765099402,1,10,3.788025,3.788025,0.315885,0.046034,0.000000,0.000000,0.500000,0
79.149532,1765099504.191692,1765099402,1,10,3.443659,4.132390,0.315885,0.046034,0.000000,0.000000,0.500000,0
79.151570,1765099504.191692,1765099402,1,10,3.788025,4.132390,0.315885,0.046034,0.000000,0.000000,0.500000,0
79.153561,1765099504.191692,1765099402,1,10,3.788025,4.476756,0.315885,0.046034,0.000000,0.000000,0.500000,0
79.155586,1765099504.191692,1765099402,1,10,3.788025,4.132390,0.315885,0.046034,0.000000,0.000000,0.500000,0
79.157586,1765099504.191692,1765099402,1,10,3.443659,4.132390,0.315885,0.046034,0.000000,0.000000,0.500000,0
79.159588,1765099504.191692,1765099402,1,10,3.443659,4.476756,0.315885,0.046034,0.000000,0.000000,0.500000,0
79.161589,1765099504.191692,1765099402,1,10,3.788025,4.476756,0.315885,0.046034,0.000000,0.000000,0.500000,0
79.163590,1765099504.191692,1765099402,1,10,3.788025,3.443659,0.315885,0.046034,0.000000,0.000000,0.500000,0
79.165592,1765099504.191692,1765099402,1,10,3.788025,3.443659,0.315885,0.046034,0.000000,0.000000,0.500000,0
79.167593,1765099504.191692,1765099402,1,10,3.788025,4.132390,0.315885,0.046034,0.000000,0.000000,0.500000,0
79.169595,1765099504.191692,1765099402,1,10,3.788025,4.476756,0.315885,0.046034,0.000000,0.000000,0.500000,0
79.171594,1765099504.191692,1765099402,1,10,4.132390,4.132390,0.315885,0.046034,0.000000,0.000000,0.500000,0
79.173598,1765099504.191692,1765099402,1,10,3.788025,4.132390,0.315885,0.046034,0.000000,0.000000,0.500000,0
79.175582,1765099504.191692,1765099402,1,10,3.788025,3.443659,0.315885,0.046034,0.000000,0.000000,0.500000,0
17.867977,1765099578.075321,1765099402,1,1,-3.443659,-5.854220,0.323981,0.056393,0.000000,0.000000,0.500000,0
17.869952,1765099578.075321,1765099402,1,1,-3.788025,-6.198586,0.323981,0.056393,0.000000,0.000000,0.500000,0
17.871952,1765099578.075321,1765099402,1,1,-3.788025,-5.854220,0.323981,0.056393,0.000000,0.000000,0.500000,0
17.873938,1765099578.075321,1765099402,1,1,-3.443659,-6.198586,0.323981,0.056393,0.000000,0.000000,0.500000,0
17.875939,1765099578.075321,1765099402,1,1,-3.443659,-6.198586,0.323981,0.056393,0.000000,0.000000,0.500000,0
17.877939,1765099578.075321,1765099402,1,1,-3.788025,-6.542951,0.323981,0.056393,0.000000,0.000000,0.500000,0
17.879940,1765099578.075321,1765099402,1,1,-3.788025,-5.854220,0.323981,0.056393,0.000000,0.000000,0.500000,0
17.881941,1765099578.075321,1765099402,1,1,-3.099293,-5.854220,0.323981,0.056393,0.000000,0.000000,0.500000,0
17.883957,1765099578.075321,1765099402,1,1,-3.788025,-6.542951,0.323981,0.056393,0.000000,0.000000,0.500000,0
17.885958,1765099578.075321,1765099402,1,1,-3.788025,-6.198586,0.323981,0.056393,0.000000,0.000000,0.500000,0
17.887938,1765099578.075321,1765099402,1,1,-3.788025,-6.542951,0.323981,0.056393,0.000000,0.000000,0.500000,0
17.889933,1765099578.075321,1765099402,1,1,-3.443659,-6.542951,0.323981,0.056393,0.000000,0.000000,0.500000,0
17.891945,1765099578.075321,1765099402,1,1,-4.476756,-6.542951,0.323981,0.056393,0.000000,0.000000,0.500000,0
17.893966,1765099578.075321,1765099402,1,1,-3.443659,-5.854220,0.323981,0.056393,0.000000,0.000000,0.500000,0
17.895947,1765099578.075321,1765099402,1,1,-3.443659,-6.542951,0.323981,0.056393,0.000000,0.000000,0.500000,0
17.897947,1765099578.075321,1765099402,1,1,-3.443659,-5.854220,0.323981,0.056393,0.000000,0.000000,0.500000,0
17.899948,1765099578.075321,1765099402,1,1,-3.443659,-6.198586,0.323981,0.056393,0.000000,0.000000,0.500000,0
17.901949,1765099578.075321,1765099402,1,1,-3.443659,-6.542951,0.323981,0.056393,0.000000,0.000000,0.500000,0
17.903949,1765099578.075321,1765099402,1,1,-3.443659,-5.854220,0.323981,0.056393,0.000000,0.000000,0.500000,0
17.905951,1765099578.075321,1765099402,1,1,-4.476756,-6.198586,0.323981,0.056393,0.000000,0.000000,0.500000,0
17.907951,1765099578.075321,1765099402,1,1,-3.099293,-6.542951,0.323981,0.056393,0.000000,0.000000,0.500000,0
17.909951,1765099578.075321,1765099402,1,1,-3.443659,-5.854220,0.323981,0.056393,0.000000,0.000000,0.500000,0
17.911952,1765099578.075321,1765099402,1,1,-3.788025,-6.198586,0.323981,0.056393,0.000000,0.000000,0.500000,0
17.913953,1765099578.075321,1765099402,1,1,-3.099293,-5.854220,0.323981,0.056393,0.000000,0.000000,0.500000,0
17.915953,1765099578.075321,1765099402,1,1,-4.132390,-6.542951,0.323981,0.056393,0.000000,0.000000,0.500000,0
17.917954,1765099578.075321,1765099402,1,1,-3.443659,-5.854220,0.323981,0.056393,0.000000,0.000000,0.500000,0
17.919977,1765099578.075321,1765099402,1,1,-3.788025,-5.854220,0.323981,0.056393,0.000000,0.000000,0.500000,0
17.921956,1765099578.075321,1765099402,1,1,-4.476756,-5.854220,0.323981,0.056393,0.000000,0.000000,0.500000,0
17.923957,1765099578.075321,1765099402,1,1,-3.788025,-5.854220,0.323981,0.056393,0.000000,0.000000,0.500000,0
17.925958,1765099578.075321,1765099402,1,1,-3.443659,-5.854220,0.323981,0.056393,0.000000,0.000000,0.500000,0
17.927958,1765099578.075321,1765099402,1,1,-3.443659,-5.854220,0.323981,0.056393,0.000000,0.000000,0.500000,0
17.929960,1765099578.075321,1765099402,1,1,-4.132390,-5.854220,0.323981,0.056393,0.000000,0.000000,0.500000,0
17.931960,1765099578.075321,1765099402,1,1,-3.443659,-6.198586,0.323981,0.056393,0.000000,0.000000,0.500000,0
17.933980,1765099578.075321,1765099402,1,1,-3.443659,-6.198586,0.323981,0.056393,0.000000,0.000000,0.500000,0
17.935981,1765099578.075321,1765099402,1,1,-3.443659,-6.198586,0.323981,0.056393,0.000000,0.000000,0.500000,0
17.937908,1765099578.075321,1765099402,1,1,-4.476756,-5.854220,0.323981,0.056393,0.000000,0.000000,0.500000,0
17.939912,1765099578.075321,1765099402,1,1,-3.443659,-6.198586,0.323981,0.056393,0.000000,0.000000,0.500000,0
17.941988,1765099578.075321,1765099402,1,1,-3.443659,-6.198586,0.323981,0.056393,0.000000,0.000000,0.500000,0
17.943931,1765099578.075321,1765099402,1,1,-3.443659,-5.854220,0.323981,0.056393,0.000000,0.000000,0.500000,0
17.946073,1765099578.075321,1765099402,1,1,-4.132390,-6.542951,0.323981,0.056393,0.000000,0.000000,0.500000,0
17.947937,1765099578.075321,1765099402,1,1,-3.788025,-6.198586,0.323981,0.056393,0.000000,0.000000,0.500000,0
17.950041,1765099578.075321,1765099402,1,1,-3.099293,-6.198586,0.323981,0.056393,0.000000,0.000000,0.500000,0
17.951938,1765099578.075321,1765099402,1,1,-3.443659,-6.542951,0.323981,0.056393,0.000000,0.000000,0.500000,0
17.954043,1765099578.075321,1765099402,1,1,-3.443659,-5.854220,0.323981,0.056393,0.000000,0.000000,0.500000,0
17.956044,1765099578.075321,1765099402,1,1,-3.443659,-5.509854,0.323981,0.056393,0.000000,0.000000,0.500000,0
17.958046,1765099578.075321,1765099402,1,1,-3.443659,-6.198586,0.323981,0.056393,0.000000,0.000000,0.500000,0
17.960046,1765099578.075321,1765099402,1,1,-3.443659,-6.198586,0.323981,0.056393,0.000000,0.000000,0.500000,0
17.962048,1765099578.075321,1765099402,1,1,-4.476756,-6.198586,0.323981,0.056393,0.000000,0.000000,0.500000,0
17.964050,1765099578.075321,1765099402,1,1,-3.788025,-5.854220,0.323981,0.056393,0.000000,0.000000,0.500000,0
17.966051,1765099578.075321,1765099402,1,1,-3.788025,-6.542951,0.323981,0.056393,0.000000,0.000000,0.500000,0
17.968053,1765099578.075321,1765099402,1,1,-3.443659,-6.198586,0.323981,0.056393,0.000000,0.000000,0.500000,0
17.970053,1765099578.075321,1765099402,1,1,-4.132390,-6.542951,0.323981,0.056393,0.000000,0.000000,0.500000,0
17.972091,1765099578.075321,1765099402,1,1,-3.443659,-5.854220,0.323981,0.056393,0.000000,0.000000,0.500000,0
17.974055,1765099578.075321,1765099402,1,1,-3.443659,-6.542951,0.323981,0.056393,0.000000,0.000000,0.500000,0
17.976057,1765099578.075321,1765099402,1,1,-3.443659,-6.542951,0.323981,0.056393,0.000000,0.000000,0.500000,0
17.978059,1765099578.075321,1765099402,1,1,-3.788025,-6.542951,0.323981,0.056393,0.000000,0.000000,0.500000,0
17.980060,1765099578.075321,1765099402,1,1,-4.132390,-5.854220,0.323981,0.056393,0.000000,0.000000,0.500000,0
17.982062,1765099578.075321,1765099402,1,1,-3.443659,-5.854220,0.323981,0.056393,0.000000,0.000000,0.500000,0
17.984038,1765099578.075321,1765099402,1,1,-3.788025,-6.198586,0.323981,0.056393,0.000000,0.000000,0.500000,0
17.986040,1765099578.075321,1765099402,1,1,-3.443659,-6.542951,0.323981,0.056393,0.000000,0.000000,0.500000,0
17.988041,1765099578.075321,1765099402,1,1,-4.132390,-6.198586,0.323981,0.056393,0.000000,0.000000,0.500000,0
17.990042,1765099578.075321,1765099402,1,1,-3.443659,-5.854220,0.323981,0.056393,0.000000,0.000000,0.500000,0
17.992043,1765099578.075321,1765099402,1,1,-3.099293,-6.198586,0.323981,0.056393,0.000000,0.000000,0.500000,0
17.994028,1765099578.075321,1765099402,1,1,-3.788025,-6.198586,0.323981,0.056393,0.000000,0.000000,0.500000,0
17.996029,1765099578.075321,1765099402,1,1,-4.132390,-6.198586,0.323981,0.056393,0.000000,0.000000,0.500000,0
17.998056,1765099578.075321,1765099402,1,1,-4.476756,-6.198586,0.323981,0.056393,0.000000,0.000000,0.500000,0
17.999951,1765099578.075321,1765099402,1,1,-3.443659,-5.854220,0.323981,0.056393,0.000000,0.000000,0.500000,0
18.001957,1765099578.075321,1765099402,1,1,-3.443659,-6.198586,0.323981,0.056393,0.000000,0.000000,0.500000,0
18.003963,1765099578.075321,1765099402,1,1,-3.788025,-6.198586,0.323981,0.056393,0.000000,0.000000,0.500000,0
18.005978,1765099578.075321,1765099402,1,1,-3.443659,-6.198586,0.323981,0.056393,0.000000,0.000000,0.500000,0
18.007987,1765099578.075321,1765099402,1,1,-3.443659,-6.198586,0.323981,0.056393,0.000000,0.000000,0.500000,0
18.010006,1765099578.075321,1765099402,1,1,-3.099293,-5.854220,0.323981,0.056393,0.000000,0.000000,0.500000,0
18.011989,1765099578.075321,1765099402,1,1,-4.132390,-6.198586,0.323981,0.056393,0.000000,0.000000,0.500000,0
18.013990,1765099578.075321,1765099402,1,1,-3.099293,-5.854220,0.323981,0.056393,0.000000,0.000000,0.500000,0
18.015991,1765099578.075321,1765099402,1,1,-3.443659,-6.198586,0.323981,0.056393,0.000000,0.000000,0.500000,0
18.018007,1765099578.075321,1765099402,1,1,-3.788025,-5.854220,0.323981,0.056393,0.000000,0.000000,0.500000,0
18.020047,1765099578.075321,1765099402,1,1,-3.788025,-5.854220,0.323981,0.056393,0.000000,0.000000,0.500000,0
18.022112,1765099578.075321,1765099402,1,1,-3.443659,-6.198586,0.323981,0.056393,0.000000,0.000000,0.500000,0
18.024147,1765099578.075321,1765099402,1,1,-3.788025,-6.198586,0.323981,0.056393,0.000000,0.000000,0.500000,0
18.026113,1765099578.075321,1765099402,1,1,-4.476756,-6.542951,0.323981,0.056393,0.000000,0.000000,0.500000,0
18.028113,1765099578.075321,1765099402,1,1,-3.788025,-5.854220,0.323981,0.056393,0.000000,0.000000,0.500000,0
18.030115,1765099578.075321,1765099402,1,1,-3.788025,-6.198586,0.323981,0.056393,0.000000,0.000000,0.500000,0
18.032077,1765099578.075321,1765099402,1,1,-3.788025,-6.542951,0.323981,0.056393,0.000000,0.000000,0.500000,0
18.034050,1765099578.075321,1765099402,1,1,-3.788025,-6.542951,0.323981,0.056393,0.000000,0.000000,0.500000,0
18.036017,1765099578.075321,1765099402,1,1,-4.476756,-5.854220,0.323981,0.056393,0.000000,0.000000,0.500000,0
18.038006,1765099578.075321,1765099402,1,1,-4.132390,-6.542951,0.323981,0.056393,0.000000,0.000000,0.500000,0
18.039984,1765099578.075321,1765099402,1,1,-3.443659,-6.198586,0.323981,0.056393,0.000000,0.000000,0.500000,0
18.042026,1765099578.075321,1765099402,1,1,-3.443659,-6.198586,0.323981,0.056393,0.000000,0.000000,0.500000,0
18.044151,1765099578.075321,1765099402,1,1,-3.788025,-6.198586,0.323981,0.056393,0.000000,0.000000,0.500000,0
18.046170,1765099578.075321,1765099402,1,1,-4.476756,-6.198586,0.323981,0.056393,0.000000,0.000000,0.500000,0
18.048149,1765099578.075321,1765099402,1,1,-3.443659,-5.854220,0.323981,0.056393,0.000000,0.000000,0.500000,0
18.049972,1765099578.075321,1765099402,1,1,-3.788025,-6.198586,0.323981,0.056393,0.000000,0.000000,0.500000,0
18.051967,1765099578.075321,1765099402,1,1,-3.443659,-6.542951,0.323981,0.056393,0.000000,0.000000,0.500000,0
18.053968,1765099578.075321,1765099402,1,1,-3.443659,-5.854220,0.323981,0.056393,0.000000,0.000000,0.500000,0
18.055971,1765099578.075321,1765099402,1,1,-3.443659,-5.854220,0.323981,0.056393,0.000000,0.000000,0.500000,0
18.057970,1765099578.075321,1765099402,1,1,-3.443659,-5.854220,0.323981,0.056393,0.000000,0.000000,0.500000,0
18.059987,1765099578.075321,1765099402,1,1,-3.788025,-6.198586,0.323981,0.056393,0.000000,0.000000,0.500000,0
18.061970,1765099578.075321,1765099402,1,1,-3.443659,-6.198586,0.323981,0.056393,0.000000,0.000000,0.500000,0
18.063989,1765099578.075321,1765099402,1,1,-3.443659,-6.542951,0.323981,0.056393,0.000000,0.000000,0.500000,0
18.065971,1765099578.075321,1765099402,1,1,-4.476756,-5.854220,0.323981,0.056393,0.000000,0.000000,0.500000,0
25.423542,1765099585.631254,1765099402,1,2,-3.788025,8.264781,0.323966,0.041556,0.000000,0.000000,0.500000,1
25.425542,1765099585.631254,1765099402,1,2,-3.443659,7.920415,0.323966,0.041556,0.000000,0.000000,0.500000,1
25.427549,1765099585.631254,1765099402,1,2,-3.788025,8.264781,0.323966,0.041556,0.000000,0.000000,0.500000,1
25.429548,1765099585.631254,1765099402,1,2,-3.443659,8.264781,0.323966,0.041556,0.000000,0.000000,0.500000,1
25.431546,1765099585.631254,1765099402,1,2,-3.788025,8.264781,0.323966,0.041556,0.000000,0.000000,0.500000,1
25.433545,1765099585.631254,1765099402,1,2,-3.443659,8.609147,0.323966,0.041556,0.000000,0.000000,0.500000,1
25.435550,1765099585.631254,1765099402,1,2,-3.788025,7.920415,0.323966,0.041556,0.000000,0.000000,0.500000,1
25.437572,1765099585.631254,1765099402,1,2,-3.788025,7.920415,0.323966,0.041556,0.000000,0.000000,0.500000,1
25.439560,1765099585.631254,1765099402,1,2,-3.788025,7.920415,0.323966,0.041556,0.000000,0.000000,0.500000,1
25.441554,1765099585.631254,1765099402,1,2,-4.476756,8.264781,0.323966,0.041556,0.000000,0.000000,0.500000,1
25.443554,1765099585.631254,1765099402,1,2,-4.476756,8.609147,0.323966,0.041556,0.000000,0.000000,0.500000,1
25.445547,1765099585.631254,1765099402,1,2,-3.443659,8.264781,0.323966,0.041556,0.000000,0.000000,0.500000,1
25.447535,1765099585.631254,1765099402,1,2,-4.476756,8.609147,0.323966,0.041556,0.000000,0.000000,0.500000,1
25.449543,1765099585.631254,1765099402,1,2,-3.443659,8.264781,0.323966,0.041556,0.000000,0.000000,0.500000,1
25.451543,1765099585.631254,1765099402,1,2,-3.443659,7.920415,0.323966,0.041556,0.000000,0.000000,0.500000,1
25.453560,1765099585.631254,1765099402,1,2,-4.476756,7.920415,0.323966,0.041556,0.000000,0.000000,0.500000,1
25.455558,1765099585.631254,1765099402,1,2,-3.443659,8.609147,0.323966,0.041556,0.000000,0.000000,0.500000,1
25.457538,1765099585.631254,1765099402,1,2,-4.132390,8.264781,0.323966,0.041556,0.000000,0.000000,0.500000,1
25.459531,1765099585.631254,1765099402,1,2,-4.476756,8.264781,0.323966,0.041556,0.000000,0.000000,0.500000,1
25.461472,1765099585.631254,1765099402,1,2,-3.443659,7.920415,0.323966,0.041556,0.000000,0.000000,0.500000,1
25.463497,1765099585.631254,1765099402,1,2,-3.788025,7.920415,0.323966,0.041556,0.000000,0.000000,0.500000,1
25.465538,1765099585.631254,1765099402,1,2,-3.788025,8.264781,0.323966,0.041556,0.000000,0.000000,0.500000,1
25.467547,1765099585.631254,1765099402,1,2,-3.788025,8.264781,0.323966,0.041556,0.000000,0.000000,0.500000,1
25.469546,1765099585.631254,1765099402,1,2,-3.443659,8.264781,0.323966,0.041556,0.000000,0.000000,0.500000,1
25.471550,1765099585.631254,1765099402,1,2,-3.443659,8.609147,0.323966,0.041556,0.000000,0.000000,0.500000,1
25.473547,1765099585.631254,1765099402,1,2,-4.476756,8.264781,0.323966,0.041556,0.000000,0.000000,0.500000,1
25.475566,1765099585.631254,1765099402,1,2,-3.788025,8.264781,0.323966,0.041556,0.000000,0.000000,0.500000,1
25.477562,1765099585.631254,1765099402,1,2,-3.443659,7.920415,0.323966,0.041556,0.000000,0.000000,0.500000,1
25.479562,1765099585.631254,1765099402,1,2,-3.788025,7.576049,0.323966,0.041556,0.000000,0.000000,0.500000,1
25.481567,1765099585.631254,1765099402,1,2,-3.788025,8.264781,0.323966,0.041556,0.000000,0.000000,0.500000,1
25.483569,1765099585.631254,1765099402,1,2,-3.443659,7.920415,0.323966,0.041556,0.000000,0.000000,0.500000,1
25.485567,1765099585.631254,1765099402,1,2,-3.443659,7.920415,0.323966,0.041556,0.000000,0.000000,0.500000,1
25.487569,1765099585.631254,1765099402,1,2,-3.443659,8.264781,0.323966,0.041556,0.000000,0.000000,0.500000,1
25.489590,1765099585.631254,1765099402,1,2,-3.788025,8.264781,0.323966,0.041556,0.000000,0.000000,0.500000,1
25.491570,1765099585.631254,1765099402,1,2,-4.476756,8.264781,0.323966,0.041556,0.000000,0.000000,0.500000,1
25.493571,1765099585.631254,1765099402,1,2,-3.443659,7.920415,0.323966,0.041556,0.000000,0.000000,0.500000,1
25.495560,1765099585.631254,1765099402,1,2,-3.443659,7.576049,0.323966,0.041556,0.000000,0.000000,0.500000,1
25.497573,1765099585.631254,1765099402,1,2,-3.788025,7.920415,0.323966,0.041556,0.000000,0.000000,0.500000,1
25.499571,1765099585.631254,1765099402,1,2,-3.443659,8.264781,0.323966,0.041556,0.000000,0.000000,0.500000,1
25.501575,1765099585.631254,1765099402,1,2,-3.788025,8.953512,0.323966,0.041556,0.000000,0.000000,0.500000,1
25.503575,1765099585.631254,1765099402,1,2,-3.099293,7.920415,0.323966,0.041556,0.000000,0.000000,0.500000,1
25.505575,1765099585.631254,1765099402,1,2,-3.443659,7.920415,0.323966,0.041556,0.000000,0.000000,0.500000,1
25.507576,1765099585.631254,1765099402,1,2,-4.476756,8.264781,0.323966,0.041556,0.000000,0.000000,0.500000,1
25.509578,1765099585.631254,1765099402,1,2,-3.443659,8.264781,0.323966,0.041556,0.000000,0.000000,0.500000,1
25.511579,1765099585.631254,1765099402,1,2,-3.788025,8.264781,0.323966,0.041556,0.000000,0.000000,0.500000,1
25.513579,1765099585.631254,1765099402,1,2,-4.476756,8.609147,0.323966,0.041556,0.000000,0.000000,0.500000,1
25.515604,1765099585.631254,1765099402,1,2,-3.788025,7.920415,0.323966,0.041556,0.000000,0.000000,0.500000,1
25.517581,1765099585.631254,1765099402,1,2,-4.476756,8.264781,0.323966,0.041556,0.000000,0.000000,0.500000,1
25.519582,1765099585.631254,1765099402,1,2,-3.443659,7.920415,0.323966,0.041556,0.000000,0.000000,0.500000,1
25.521583,1765099585.631254,1765099402,1,2,-3.788025,7.920415,0.323966,0.041556,0.000000,0.000000,0.500000,1
25.523599,1765099585.631254,1765099402,1,2,-3.443659,8.264781,0.323966,0.041556,0.000000,0.000000,0.500000,1
25.525597,1765099585.631254,1765099402,1,2,-3.443659,8.609147,0.323966,0.041556,0.000000,0.000000,0.500000,1
25.527601,1765099585.631254,1765099402,1,2,-3.443659,7.920415,0.323966,0.041556,0.000000,0.000000,0.500000,1
25.529596,1765099585.631254,1765099402,1,2,-3.788025,8.264781,0.323966,0.041556,0.000000,0.000000,0.500000,1
25.531602,1765099585.631254,1765099402,1,2,-3.443659,8.264781,0.323966,0.041556,0.000000,0.000000,0.500000,1
25.533603,1765099585.631254,1765099402,1,2,-3.788025,7.920415,0.323966,0.041556,0.000000,0.000000,0.500000,1
25.535605,1765099585.631254,1765099402,1,2,-3.788025,7.920415,0.323966,0.041556,0.000000,0.000000,0.500000,1
25.537605,1765099585.631254,1765099402,1,2,-3.443659,8.264781,0.323966,0.041556,0.000000,0.000000,0.500000,1
25.539607,1765099585.631254,1765099402,1,2,-3.788025,8.264781,0.323966,0.041556,0.000000,0.000000,0.500000,1
25.541637,1765099585.631254,1765099402,1,2,-3.788025,8.264781,0.323966,0.041556,0.000000,0.000000,0.500000,1
25.543608,1765099585.631254,1765099402,1,2,-3.443659,7.920415,0.323966,0.041556,0.000000,0.000000,0.500000,1
25.545610,1765099585.631254,1765099402,1,2,-3.443659,8.264781,0.323966,0.041556,0.000000,0.000000,0.500000,1
25.547611,1765099585.631254,1765099402,1,2,-3.443659,8.264781,0.323966,0.041556,0.000000,0.000000,0.500000,1
25.549612,1765099585.631254,1765099402,1,2,-3.788025,8.264781,0.323966,0.041556,0.000000,0.000000,0.500000,1
25.551612,1765099585.631254,1765099402,1,2,-3.788025,8.264781,0.323966,0.041556,0.000000,0.000000,0.500000,1
25.553613,1765099585.631254,1765099402,1,2,-4.132390,8.264781,0.323966,0.041556,0.000000,0.000000,0.500000,1
25.555614,1765099585.631254,1765099402,1,2,-3.443659,7.920415,0.323966,0.041556,0.000000,0.000000,0.500000,1
25.557615,1765099585.631254,1765099402,1,2,-3.788025,7.920415,0.323966,0.041556,0.000000,0.000000,0.500000,1
25.559600,1765099585.631254,1765099402,1,2,-3.788025,7.920415,0.323966,0.041556,0.000000,0.000000,0.500000,1
25.561601,1765099585.631254,1765099402,1,2,-3.443659,7.920415,0.323966,0.041556,0.000000,0.000000,0.500000,1
25.563603,1765099585.631254,1765099402,1,2,-3.788025,8.264781,0.323966,0.041556,0.000000,0.000000,0.500000,1
25.565604,1765099585.631254,1765099402,1,2,-3.099293,8.264781,0.323966,0.041556,0.000000,0.000000,0.500000,1
25.567626,1765099585.631254,1765099402,1,2,-3.788025,8.264781,0.323966,0.041556,0.000000,0.000000,0.500000,1
25.569605,1765099585.631254,1765099402,1,2,-3.443659,7.920415,0.323966,0.041556,0.000000,0.000000,0.500000,1
25.571594,1765099585.631254,1765099402,1,2,-4.476756,8.264781,0.323966,0.041556,0.000000,0.000000,0.500000,1
25.573594,1765099585.631254,1765099402,1,2,-3.443659,8.264781,0.323966,0.041556,0.000000,0.000000,0.500000,1
25.575596,1765099585.631254,1765099402,1,2,-3.443659,8.609147,0.323966,0.041556,0.000000,0.000000,0.500000,1
25.577539,1765099585.631254,1765099402,1,2,-3.788025,8.264781,0.323966,0.041556,0.000000,0.000000,0.500000,1
25.579597,1765099585.631254,1765099402,1,2,-3.443659,8.609147,0.323966,0.041556,0.000000,0.000000,0.500000,1
25.581598,1765099585.631254,1765099402,1,2,-3.788025,8.609147,0.323966,0.041556,0.000000,0.000000,0.500000,1
25.583598,1765099585.631254,1765099402,1,2,-3.443659,7.920415,0.323966,0.041556,0.000000,0.000000,0.500000,1
25.585611,1765099585.631254,1765099402,1,2,-3.788025,7.920415,0.323966,0.041556,0.000000,0.000000,0.500000,1
25.587611,1765099585.631254,1765099402,1,2,-3.443659,8.264781,0.323966,0.041556,0.000000,0.000000,0.500000,1
25.589612,1765099585.631254,1765099402,1,2,-3.788025,8.609147,0.323966,0.041556,0.000000,0.000000,0.500000,1
25.591613,1765099585.631254,1765099402,1,2,-3.443659,7.920415,0.323966,0.041556,0.000000,0.000000,0.500000,1
25.593637,1765099585.631254,1765099402,1,2,-3.788025,8.264781,0.323966,0.041556,0.000000,0.000000,0.500000,1
25.595615,1765099585.631254,1765099402,1,2,-4.476756,7.920415,0.323966,0.041556,0.000000,0.000000,0.500000,1
25.597615,1765099585.631254,1765099402,1,2,-3.443659,7.920415,0.323966,0.041556,0.000000,0.000000,0.500000,1
25.599616,1765099585.631254,1765099402,1,2,-3.788025,8.264781,0.323966,0.041556,0.000000,0.000000,0.500000,1
25.601617,1765099585.631254,1765099402,1,2,-3.788025,8.264781,0.323966,0.041556,0.000000,0.000000,0.500000,1
25.603618,1765099585.631254,1765099402,1,2,-3.443659,8.609147,0.323966,0.041556,0.000000,0.000000,0.500000,1
25.605618,1765099585.631254,1765099402,1,2,-4.476756,7.231683,0.323966,0.041556,0.000000,0.000000,0.500000,1
25.607619,1765099585.631254,1765099402,1,2,-3.443659,7.920415,0.323966,0.041556,0.000000,0.000000,0.500000,1
25.609619,1765099585.631254,1765099402,1,2,-3.788025,8.609147,0.323966,0.041556,0.000000,0.000000,0.500000,1
25.611621,1765099585.631254,1765099402,1,2,-3.443659,8.609147,0.323966,0.041556,0.000000,0.000000,0.500000,1
25.613622,1765099585.631254,1765099402,1,2,-3.443659,8.264781,0.323966,0.041556,0.000000,0.000000,0.500000,1
25.615622,1765099585.631254,1765099402,1,2,-3.443659,8.264781,0.323966,0.041556,0.000000,0.000000,0.500000,1
25.617638,1765099585.631254,1765099402,1,2,-3.443659,7.920415,0.323966,0.041556,0.000000,0.000000,0.500000,1
25.619680,1765099585.631254,1765099402,1,2,-4.476756,8.264781,0.323966,0.041556,0.000000,0.000000,0.500000,1
25.621670,1765099585.631254,1765099402,1,2,-3.443659,8.264781,0.323966,0.041556,0.000000,0.000000,0.500000,1
6.884148,1765099661.770454,1765099402,1,1,3.443659,-8.264781,0.315405,0.058528,0.000000,0.000000,0.500000,1
6.886147,1765099661.770454,1765099402,1,1,4.821122,-8.953512,0.315405,0.058528,0.000000,0.000000,0.500000,1
6.888148,1765099661.770454,1765099402,1,1,5.165488,-7.231683,0.315405,0.058528,0.000000,0.000000,0.500000,1
6.890172,1765099661.770454,1765099402,1,1,5.165488,-8.264781,0.315405,0.058528,0.000000,0.000000,0.500000,1
6.892135,1765099661.770454,1765099402,1,1,4.132390,-8.264781,0.315405,0.058528,-0.000682,0.000000,0.500000,1
6.894153,1765099661.770454,1765099402,1,1,3.788025,-8.953512,0.315405,0.058528,-0.000037,0.000000,0.500000,1
6.896136,1765099661.770454,1765099402,1,1,4.821122,-8.264781,0.315405,0.058528,-0.000003,0.000000,0.500000,1
6.898153,1765099661.770454,1765099402,1,1,4.132390,-8.264781,0.315405,0.058528,0.000480,0.000000,0.500000,1
6.900153,1765099661.770454,1765099402,1,1,3.788025,-8.264781,0.315405,0.058528,0.000003,0.000000,0.500000,1
6.902155,1765099661.770454,1765099402,1,1,5.165488,-9.297878,0.315405,0.058528,0.000000,0.000000,0.500000,1
6.904156,1765099661.770454,1765099402,1,1,4.821122,-8.264781,0.315405,0.058528,0.000000,0.000000,0.500000,1
6.906157,1765099661.770454,1765099402,1,1,4.132390,-8.264781,0.315405,0.058528,0.000000,0.000000,0.500000,1
6.908155,1765099661.770454,1765099402,1,1,4.132390,-8.953512,0.315405,0.058528,0.000000,0.000000,0.500000,1
6.910159,1765099661.770454,1765099402,1,1,4.821122,-8.264781,0.315405,0.058528,0.000000,0.000000,0.500000,1
6.912159,1765099661.770454,1765099402,1,1,3.788025,-8.264781,0.315405,0.058528,0.000000,0.000000,0.500000,1
6.914162,1765099661.770454,1765099402,1,1,3.788025,-8.264781,0.315405,0.058528,0.000000,0.000000,0.500000,1
6.916186,1765099661.770454,1765099402,1,1,3.788025,-8.264781,0.315405,0.058528,0.000000,0.000000,0.500000,1
6.918085,1765099661.770454,1765099402,1,1,5.165488,-8.264781,0.315405,0.058528,0.000000,0.000000,0.500000,1
6.920164,1765099661.770454,1765099402,1,1,4.821122,-8.264781,0.315405,0.058528,0.000000,0.000000,0.500000,1
6.922164,1765099661.770454,1765099402,1,1,3.788025,-8.264781,0.315405,0.058528,0.000000,0.000000,0.500000,1
6.924164,1765099661.770454,1765099402,1,1,4.821122,-8.264781,0.315405,0.058528,0.000000,0.000000,0.500000,1
6.926160,1765099661.770454,1765099402,1,1,3.443659,-8.264781,0.315405,0.058528,0.000000,0.000000,0.500000,1
6.928166,1765099661.770454,1765099402,1,1,3.788025,-8.264781,0.315405,0.058528,0.000000,0.000000,0.500000,1
6.930168,1765099661.770454,1765099402,1,1,3.443659,-8.264781,0.315405,0.058528,0.000000,0.000000,0.500000,1
6.932168,1765099661.770454,1765099402,1,1,4.132390,-8.264781,0.315405,0.058528,0.000000,0.000000,0.500000,1
6.934170,1765099661.770454,1765099402,1,1,4.821122,-8.264781,0.315405,0.058528,0.000000,0.000000,0.500000,1
6.936152,1765099661.770454,1765099402,1,1,4.821122,-8.264781,0.315405,0.058528,0.000000,0.000000,0.500000,1
6.938155,1765099661.770454,1765099402,1,1,4.132390,-8.953512,0.315405,0.058528,0.000000,0.000000,0.500000,1
6.940156,1765099661.770454,1765099402,1,1,5.165488,-8.264781,0.315405,0.058528,0.000000,0.000000,0.500000,1
6.942179,1765099661.770454,1765099402,1,1,5.165488,-7.231683,0.315405,0.058528,0.000000,0.000000,0.500000,1
6.944157,1765099661.770454,1765099402,1,1,4.821122,-8.264781,0.315405,0.058528,0.000000,0.000000,0.500000,1
6.946158,1765099661.770454,1765099402,1,1,4.132390,-8.264781,0.315405,0.058528,0.000000,0.000000,0.500000,1
6.948160,1765099661.770454,1765099402,1,1,3.443659,-8.953512,0.315405,0.058528,0.000000,0.000000,0.500000,1
6.950159,1765099661.770454,1765099402,1,1,4.476756,-8.264781,0.315405,0.058528,0.000000,0.000000,0.500000,1
6.952160,1765099661.770454,1765099402,1,1,5.165488,-8.264781,0.315405,0.058528,0.000000,0.000000,0.500000,1
6.954161,1765099661.770454,1765099402,1,1,5.165488,-7.231683,0.315405,0.058528,0.000000,0.000000,0.500000,1
6.956164,1765099661.770454,1765099402,1,1,3.788025,-8.264781,0.315405,0.058528,0.000000,0.000000,0.500000,1
6.958163,1765099661.770454,1765099402,1,1,4.132390,-8.264781,0.315405,0.058528,0.000000,0.000000,0.500000,1
6.960163,1765099661.770454,1765099402,1,1,3.788025,-8.264781,0.315405,0.058528,0.000000,0.000000,0.500000,1
6.962179,1765099661.770454,1765099402,1,1,3.788025,-8.264781,0.315405,0.058528,0.000000,0.000000,0.500000,1
6.964165,1765099661.770454,1765099402,1,1,5.165488,-8.264781,0.315405,0.058528,0.000000,0.000000,0.500000,1
6.966181,1765099661.770454,1765099402,1,1,4.132390,-7.231683,0.315405,0.058528,0.000000,0.000000,0.500000,1
6.968187,1765099661.770454,1765099402,1,1,4.821122,-8.264781,0.315405,0.058528,0.000000,0.000000,0.500000,1
6.970183,1765099661.770454,1765099402,1,1,3.443659,-8.264781,0.315405,0.058528,0.000000,0.000000,0.500000,1
6.972183,1765099661.770454,1765099402,1,1,3.788025,-7.231683,0.315405,0.058528,0.000000,0.000000,0.500000,1
6.974185,1765099661.770454,1765099402,1,1,4.476756,-8.264781,0.315405,0.058528,0.000000,0.000000,0.500000,1
6.976185,1765099661.770454,1765099402,1,1,4.821122,-6.887317,0.315405,0.058528,0.000000,0.000000,0.500000,1
6.978186,1765099661.770454,1765099402,1,1,3.788025,-8.264781,0.315405,0.058528,0.000000,0.000000,0.500000,1
6.980183,1765099661.770454,1765099402,1,1,5.165488,-8.953512,0.315405,0.058528,0.000000,0.000000,0.500000,1
6.982173,1765099661.770454,1765099402,1,1,4.132390,-8.264781,0.315405,0.058528,0.000000,0.000000,0.500000,1
6.984173,1765099661.770454,1765099402,1,1,3.788025,-8.264781,0.315405,0.058528,0.000000,0.000000,0.500000,1
6.986174,1765099661.770454,1765099402,1,1,4.821122,-8.264781,0.315405,0.058528,0.000000,0.000000,0.500000,1
6.988175,1765099661.770454,1765099402,1,1,3.443659,-8.264781,0.315405,0.058528,0.000000,0.000000,0.500000,1
6.990176,1765099661.770454,1765099402,1,1,5.165488,-8.264781,0.315405,0.058528,0.000000,0.000000,0.500000,1
6.992176,1765099661.770454,1765099402,1,1,4.132390,-8.264781,0.315405,0.058528,0.000000,0.000000,0.500000,1
6.994201,1765099661.770454,1765099402,1,1,3.788025,-7.231683,0.315405,0.058528,0.000000,0.000000,0.500000,1
6.996190,1765099661.770454,1765099402,1,1,4.132390,-8.264781,0.315405,0.058528,0.000000,0.000000,0.500000,1
6.998189,1765099661.770454,1765099402,1,1,4.821122,-8.264781,0.315405,0.058528,0.000000,0.000000,0.500000,1
7.000195,1765099661.770454,1765099402,1,1,3.788025,-8.264781,0.315405,0.058528,0.000000,0.000000,0.500000,1
7.002195,1765099661.770454,1765099402,1,1,3.443659,-7.576049,0.315405,0.058528,0.000000,0.000000,0.500000,1
7.004184,1765099661.770454,1765099402,1,1,5.165488,-7.231683,0.315405,0.058528,0.000000,0.000000,0.500000,1
7.006192,1765099661.770454,1765099402,1,1,4.132390,-8.264781,0.315405,0.058528,0.000000,0.000000,0.500000,1
7.008198,1765099661.770454,1765099402,1,1,4.821122,-8.953512,0.315405,0.058528,0.000000,0.000000,0.500000,1
7.010199,1765099661.770454,1765099402,1,1,5.165488,-8.264781,0.315405,0.058528,0.000000,0.000000,0.500000,1
7.012200,1765099661.770454,1765099402,1,1,3.788025,-8.264781,0.315405,0.058528,0.000000,0.000000,0.500000,1
7.014201,1765099661.770454,1765099402,1,1,4.132390,-6.887317,0.315405,0.058528,0.000000,0.000000,0.500000,1
7.016201,1765099661.770454,1765099402,1,1,3.788025,-8.264781,0.315405,0.058528,0.000000,0.000000,0.500000,1
7.018203,1765099661.770454,1765099402,1,1,3.788025,-8.264781,0.315405,0.058528,0.000000,0.000000,0.500000,1
7.020230,1765099661.770454,1765099402,1,1,5.165488,-8.264781,0.315405,0.058528,0.000000,0.000000,0.500000,1
7.022204,1765099661.770454,1765099402,1,1,5.165488,-8.264781,0.315405,0.058528,0.000000,0.000000,0.500000,1
7.024205,1765099661.770454,1765099402,1,1,3.443659,-8.264781,0.315405,0.058528,0.000000,0.000000,0.500000,1
7.026209,1765099661.770454,1765099402,1,1,5.165488,-8.953512,0.315405,0.058528,0.000000,0.000000,0.500000,1
7.028206,1765099661.770454,1765099402,1,1,5.165488,-8.264781,0.315405,0.058528,0.000000,0.000000,0.500000,1
7.030201,1765099661.770454,1765099402,1,1,4.821122,-8.264781,0.315405,0.058528,0.000000,0.000000,0.500000,1
7.032131,1765099661.770454,1765099402,1,1,4.132390,-8.953512,0.315405,0.058528,0.000000,0.000000,0.500000,1
7.034208,1765099661.770454,1765099402,1,1,4.132390,-8.264781,0.315405,0.058528,0.000000,0.000000,0.500000,1
7.036209,1765099661.770454,1765099402,1,1,5.165488,-8.264781,0.315405,0.058528,0.000000,0.000000,0.500000,1
7.038212,1765099661.770454,1765099402,1,1,4.132390,-8.264781,0.315405,0.058528,0.000000,0.000000,0.500000,1
7.040211,1765099661.770454,1765099402,1,1,5.165488,-7.231683,0.315405,0.058528,0.000000,0.000000,0.500000,1
7.042212,1765099661.770454,1765099402,1,1,3.443659,-8.264781,0.315405,0.058528,0.000000,0.000000,0.500000,1
7.044213,1765099661.770454,1765099402,1,1,3.788025,-8.953512,0.315405,0.058528,0.000000,0.000000,0.500000,1
7.046238,1765099661.770454,1765099402,1,1,3.788025,-8.264781,0.315405,0.058528,0.000000,0.000000,0.500000,1
7.048214,1765099661.770454,1765099402,1,1,4.132390,-8.264781,0.315405,0.058528,0.000000,0.000000,0.500000,1
7.050213,1765099661.770454,1765099402,1,1,4.132390,-8.264781,0.315405,0.058528,0.000000,0.000000,0.500000,1
7.052219,1765099661.770454,1765099402,1,1,4.132390,-8.953512,0.315405,0.058528,0.000000,0.000000,0.500000,1
7.054217,1765099661.770454,1765099402,1,1,4.132390,-7.231683,0.315405,0.058528,0.000000,0.000000,0.500000,1
7.056218,1765099661.770454,1765099402,1,1,5.165488,-8.264781,0.315405,0.058528,0.000000,0.000000,0.500000,1
7.058219,1765099661.770454,1765099402,1,1,4.476756,-8.264781,0.315405,0.058528,0.000000,0.000000,0.500000,1
7.060220,1765099661.770454,1765099402,1,1,4.821122,-8.264781,0.315405,0.058528,0.000000,0.000000,0.500000,1
7.062221,1765099661.770454,1765099402,1,1,4.132390,-8.264781,0.315405,0.058528,0.000000,0.000000,0.500000,1
7.064222,1765099661.770454,1765099402,1,1,3.443659,-8.264781,0.315405,0.058528,0.000000,0.000000,0.500000,1
7.066222,1765099661.770454,1765099402,1,1,4.132390,-8.264781,0.315405,0.058528,0.000000,0.000000,0.500000,1
7.068217,1765099661.770454,1765099402,1,1,4.132390,-8.953512,0.315405,0.058528,0.000000,0.000000,0.500000,1
7.070224,1765099661.770454,1765099402,1,1,5.165488,-8.264781,0.315405,0.058528,0.000000,0.000000,0.500000,1
7.072251,1765099661.770454,1765099402,1,1,4.821122,-8.264781,0.315405,0.058528,0.000000,0.000000,0.500000,1
7.074211,1765099661.770454,1765099402,1,1,4.132390,-8.264781,0.315405,0.058528,0.000000,0.000000,0.500000,1
7.076211,1765099661.770454,1765099402,1,1,5.165488,-8.264781,0.315405,0.058528,0.000000,0.000000,0.500000,1
7.078212,1765099661.770454,1765099402,1,1,3.788025,-7.576049,0.315405,0.058528,0.000000,0.000000,0.500000,1
7.080214,1765099661.770454,1765099402,1,1,4.821122,-8.953512,0.315405,0.058528,0.000000,0.000000,0.500000,1
7.082214,1765099661.770454,1765099402,1,1,4.132390,-8.264781,0.315405,0.058528,0.000000,0.000000,0.500000,1
14.434547,1765099669.320850,1765099402,1,2,4.821122,7.920415,0.315431,0.041749,0.000000,0.000000,0.500000,1
14.436527,1765099669.320850,1765099402,1,2,3.788025,7.920415,0.315431,0.041749,0.000000,0.000000,0.500000,1
14.438528,1765099669.320850,1765099402,1,2,3.788025,7.920415,0.315431,0.041749,0.000000,0.000000,0.500000,1
14.440529,1765099669.320850,1765099402,1,2,3.788025,7.920415,0.315431,0.041749,0.000000,0.000000,0.500000,1
14.442530,1765099669.320850,1765099402,1,2,4.821122,7.920415,0.315431,0.041749,0.000000,0.000000,0.500000,1
14.444530,1765099669.320850,1765099402,1,2,4.821122,7.576049,0.315431,0.041749,0.000000,0.000000,0.500000,1
14.446532,1765099669.320850,1765099402,1,2,4.132390,7.920415,0.315431,0.041749,0.000000,0.000000,0.500000,1
14.448532,1765099669.320850,1765099402,1,2,3.788025,7.576049,0.315431,0.041749,0.000000,0.000000,0.500000,1
14.450527,1765099669.320850,1765099402,1,2,3.788025,7.576049,0.315431,0.041749,0.000000,0.000000,0.500000,1
14.452522,1765099669.320850,1765099402,1,2,3.788025,7.576049,0.315431,0.041749,0.000000,0.000000,0.500000,1
14.454523,1765099669.320850,1765099402,1,2,3.443659,7.920415,0.315431,0.041749,0.000000,0.000000,0.500000,1
14.456523,1765099669.320850,1765099402,1,2,4.132390,7.576049,0.315431,0.041749,0.000000,0.000000,0.500000,1
14.458532,1765099669.320850,1765099402,1,2,5.165488,7.576049,0.315431,0.041749,0.000000,0.000000,0.500000,1
14.460560,1765099669.320850,1765099402,1,2,4.132390,7.920415,0.315431,0.041749,0.000000,0.000000,0.500000,1
14.462535,1765099669.320850,1765099402,1,2,4.132390,7.920415,0.315431,0.041749,0.000000,0.000000,0.500000,1
14.464534,1765099669.320850,1765099402,1,2,3.788025,7.920415,0.315431,0.041749,0.000000,0.000000,0.500000,1
14.466539,1765099669.320850,1765099402,1,2,4.132390,8.609147,0.315431,0.041749,0.000000,0.000000,0.500000,1
14.468539,1765099669.320850,1765099402,1,2,4.132390,7.576049,0.315431,0.041749,0.000000,0.000000,0.500000,1
14.470539,1765099669.320850,1765099402,1,2,4.821122,7.920415,0.315431,0.041749,0.000000,0.000000,0.500000,1
14.472541,1765099669.320850,1765099402,1,2,4.132390,7.920415,0.315431,0.041749,0.000000,0.000000,0.500000,1
14.474543,1765099669.320850,1765099402,1,2,4.132390,7.920415,0.315431,0.041749,0.000000,0.000000,0.500000,1
14.476542,1765099669.320850,1765099402,1,2,4.132390,7.920415,0.315431,0.041749,0.000000,0.000000,0.500000,1
14.478544,1765099669.320850,1765099402,1,2,4.821122,7.576049,0.315431,0.041749,0.000000,0.000000,0.500000,1
14.480544,1765099669.320850,1765099402,1,2,3.788025,7.920415,0.315431,0.041749,0.000000,0.000000,0.500000,1
14.482545,1765099669.320850,1765099402,1,2,4.132390,7.920415,0.315431,0.041749,0.000000,0.000000,0.500000,1
14.484546,1765099669.320850,1765099402,1,2,3.788025,7.576049,0.315431,0.041749,0.000000,0.000000,0.500000,1
14.486567,1765099669.320850,1765099402,1,2,3.788025,7.920415,0.315431,0.041749,0.000000,0.000000,0.500000,1
14.488547,1765099669.320850,1765099402,1,2,4.132390,7.920415,0.315431,0.041749,0.000000,0.000000,0.500000,1
14.490548,1765099669.320850,1765099402,1,2,3.788025,7.920415,0.315431,0.041749,0.000000,0.000000,0.500000,1
14.492549,1765099669.320850,1765099402,1,2,4.821122,7.231683,0.315431,0.041749,0.000000,0.000000,0.500000,1
14.494550,1765099669.320850,1765099402,1,2,4.132390,7.576049,0.315431,0.041749,0.000000,0.000000,0.500000,1
14.496550,1765099669.320850,1765099402,1,2,4.132390,7.576049,0.315431,0.041749,0.000000,0.000000,0.500000,1
14.498551,1765099669.320850,1765099402,1,2,3.788025,7.231683,0.315431,0.041749,0.000000,0.000000,0.500000,1
14.500552,1765099669.320850,1765099402,1,2,3.443659,7.576049,0.315431,0.041749,0.000000,0.000000,0.500000,1
14.502555,1765099669.320850,1765099402,1,2,5.165488,7.920415,0.315431,0.041749,0.000000,0.000000,0.500000,1
14.504553,1765099669.320850,1765099402,1,2,4.821122,7.920415,0.315431,0.041749,0.000000,0.000000,0.500000,1
14.506553,1765099669.320850,1765099402,1,2,4.132390,7.576049,0.315431,0.041749,0.000000,0.000000,0.500000,1
14.508556,1765099669.320850,1765099402,1,2,4.821122,7.920415,0.315431,0.041749,0.000000,0.000000,0.500000,1
14.510555,1765099669.320850,1765099402,1,2,4.132390,7.920415,0.315431,0.041749,0.000000,0.000000,0.500000,1
14.512580,1765099669.320850,1765099402,1,2,3.788025,7.920415,0.315431,0.041749,0.000000,0.000000,0.500000,1
14.514531,1765099669.320850,1765099402,1,2,4.132390,7.920415,0.315431,0.041749,0.000000,0.000000,0.500000,1
14.516479,1765099669.320850,1765099402,1,2,4.132390,7.576049,0.315431,0.041749,0.000000,0.000000,0.500000,1
14.518479,1765099669.320850,1765099402,1,2,5.165488,7.920415,0.315431,0.041749,0.000000,0.000000,0.500000,1
14.520485,1765099669.320850,1765099402,1,2,5.165488,7.920415,0.315431,0.041749,0.000000,0.000000,0.500000,1
14.522488,1765099669.320850,1765099402,1,2,5.165488,7.920415,0.315431,0.041749,0.000000,0.000000,0.500000,1
14.524496,1765099669.320850,1765099402,1,2,5.165488,7.920415,0.315431,0.041749,0.000000,0.000000,0.500000,1
14.526502,1765099669.320850,1765099402,1,2,3.788025,7.920415,0.315431,0.041749,0.000000,0.000000,0.500000,1
14.528510,1765099669.320850,1765099402,1,2,4.132390,7.576049,0.315431,0.041749,0.000000,0.000000,0.500000,1
14.530511,1765099669.320850,1765099402,1,2,4.821122,7.576049,0.315431,0.041749,0.000000,0.000000,0.500000,1
14.532512,1765099669.320850,1765099402,1,2,4.821122,7.576049,0.315431,0.041749,0.000000,0.000000,0.500000,1
14.534512,1765099669.320850,1765099402,1,2,4.821122,7.920415,0.315431,0.041749,0.000000,0.000000,0.500000,1
14.536513,1765099669.320850,1765099402,1,2,5.165488,7.920415,0.315431,0.041749,0.000000,0.000000,0.500000,1
14.538543,1765099669.320850,1765099402,1,2,4.821122,7.576049,0.315431,0.041749,0.000000,0.000000,0.500000,1
14.540515,1765099669.320850,1765099402,1,2,4.132390,7.920415,0.315431,0.041749,0.000000,0.000000,0.500000,1
14.542516,1765099669.320850,1765099402,1,2,4.132390,7.920415,0.315431,0.041749,0.000000,0.000000,0.500000,1
14.544516,1765099669.320850,1765099402,1,2,4.132390,7.920415,0.315431,0.041749,0.000000,0.000000,0.500000,1
14.546616,1765099669.320850,1765099402,1,2,5.165488,7.576049,0.315431,0.041749,0.000000,0.000000,0.500000,1
14.548525,1765099669.320850,1765099402,1,2,4.132390,7.576049,0.315431,0.041749,0.000000,0.000000,0.500000,1
14.550520,1765099669.320850,1765099402,1,2,4.132390,7.920415,0.315431,0.041749,0.000000,0.000000,0.500000,1
14.552530,1765099669.320850,1765099402,1,2,4.821122,7.920415,0.315431,0.041749,0.000000,0.000000,0.500000,1
14.554530,1765099669.320850,1765099402,1,2,4.132390,7.576049,0.315431,0.041749,0.000000,0.000000,0.500000,1
14.556640,1765099669.320850,1765099402,1,2,4.132390,7.920415,0.315431,0.041749,0.000000,0.000000,0.500000,1
14.558642,1765099669.320850,1765099402,1,2,4.132390,7.920415,0.315431,0.041749,0.000000,0.000000,0.500000,1
14.560643,1765099669.320850,1765099402,1,2,4.132390,7.920415,0.315431,0.041749,0.000000,0.000000,0.500000,1
14.562644,1765099669.320850,1765099402,1,2,4.132390,7.576049,0.315431,0.041749,0.000000,0.000000,0.500000,1
14.564678,1765099669.320850,1765099402,1,2,4.821122,7.576049,0.315431,0.041749,0.000000,0.000000,0.500000,1
14.566644,1765099669.320850,1765099402,1,2,3.788025,7.920415,0.315431,0.041749,0.000000,0.000000,0.500000,1
14.568625,1765099669.320850,1765099402,1,2,5.165488,7.920415,0.315431,0.041749,0.000000,0.000000,0.500000,1
14.570626,1765099669.320850,1765099402,1,2,3.788025,7.576049,0.315431,0.041749,0.000000,0.000000,0.500000,1
14.572610,1765099669.320850,1765099402,1,2,5.165488,7.576049,0.315431,0.041749,0.000000,0.000000,0.500000,1
14.574611,1765099669.320850,1765099402,1,2,4.821122,7.920415,0.315431,0.041749,0.000000,0.000000,0.500000,1
14.576612,1765099669.320850,1765099402,1,2,4.132390,7.576049,0.315431,0.041749,0.000000,0.000000,0.500000,1
14.578611,1765099669.320850,1765099402,1,2,5.165488,7.920415,0.315431,0.041749,0.000000,0.000000,0.500000,1
14.580614,1765099669.320850,1765099402,1,2,5.165488,7.920415,0.315431,0.041749,0.000000,0.000000,0.500000,1
14.582601,1765099669.320850,1765099402,1,2,4.132390,7.920415,0.315431,0.041749,0.000000,0.000000,0.500000,1
14.584602,1765099669.320850,1765099402,1,2,3.788025,7.920415,0.315431,0.041749,0.000000,0.000000,0.500000,1
14.586603,1765099669.320850,1765099402,1,2,3.788025,7.920415,0.315431,0.041749,0.000000,0.000000,0.500000,1
14.588604,1765099669.320850,1765099402,1,2,4.132390,7.576049,0.315431,0.041749,0.000000,0.000000,0.500000,1
14.590619,1765099669.320850,1765099402,1,2,4.821122,7.920415,0.315431,0.041749,0.000000,0.000000,0.500000,1
14.592606,1765099669.320850,1765099402,1,2,4.132390,7.920415,0.315431,0.041749,0.000000,0.000000,0.500000,1
14.594591,1765099669.320850,1765099402,1,2,5.165488,7.920415,0.315431,0.041749,0.000000,0.000000,0.500000,1
14.596592,1765099669.320850,1765099402,1,2,5.165488,7.920415,0.315431,0.041749,0.000000,0.000000,0.500000,1
14.598593,1765099669.320850,1765099402,1,2,4.821122,7.920415,0.315431,0.041749,0.000000,0.000000,0.500000,1
14.600594,1765099669.320850,1765099402,1,2,5.509854,7.920415,0.315431,0.041749,0.000000,0.000000,0.500000,1
14.602594,1765099669.320850,1765099402,1,2,4.132390,8.609147,0.315431,0.041749,0.000000,0.000000,0.500000,1
14.604595,1765099669.320850,1765099402,1,2,4.132390,7.920415,0.315431,0.041749,0.000000,0.000000,0.500000,1
14.606596,1765099669.320850,1765099402,1,2,5.854220,7.920415,0.315431,0.041749,0.000000,0.000000,0.500000,1
14.608596,1765099669.320850,1765099402,1,2,4.132390,7.920415,0.315431,0.041749,0.000000,0.000000,0.500000,1
14.610597,1765099669.320850,1765099402,1,2,3.788025,7.920415,0.315431,0.041749,0.000000,0.000000,0.500000,1
14.612599,1765099669.320850,1765099402,1,2,4.132390,7.576049,0.315431,0.041749,0.000000,0.000000,0.500000,1
14.614585,1765099669.320850,1765099402,1,2,3.443659,7.576049,0.315431,0.041749,0.000000,0.000000,0.500000,1
14.616552,1765099669.320850,1765099402,1,2,5.165488,7.920415,0.315431,0.041749,0.000000,0.000000,0.500000,1
14.618531,1765099669.320850,1765099402,1,2,4.132390,7.920415,0.315431,0.041749,0.000000,0.000000,0.500000,1
14.620589,1765099669.320850,1765099402,1,2,3.788025,7.576049,0.315431,0.041749,0.000000,0.000000,0.500000,1
14.622589,1765099669.320850,1765099402,1,2,4.821122,7.920415,0.315431,0.041749,0.000000,0.000000,0.500000,1
14.624590,1765099669.320850,1765099402,1,2,3.443659,7.920415,0.315431,0.041749,0.000000,0.000000,0.500000,1
14.626591,1765099669.320850,1765099402,1,2,4.476756,7.920415,0.315431,0.041749,0.000000,0.000000,0.500000,1
14.628591,1765099669.320850,1765099402,1,2,5.165488,7.576049,0.315431,0.041749,0.000000,0.000000,0.500000,1
14.630593,1765099669.320850,1765099402,1,2,4.821122,7.576049,0.315431,0.041749,0.000000,0.000000,0.500000,1
14.632593,1765099669.320850,1765099402,1,2,4.821122,7.920415,0.315431,0.041749,0.000000,0.000000,0.500000,1
6.104725,1765099685.273986,1765099402,1,1,5.165488,7.920415,0.315446,0.041848,0.000000,0.000000,0.500000,1
6.106726,1765099685.273986,1765099402,1,1,4.132390,7.920415,0.315446,0.041848,0.000000,0.000000,0.500000,1
6.108744,1765099685.273986,1765099402,1,1,4.132390,7.920415,0.315446,0.041848,0.000000,0.000000,0.500000,1
6.110766,1765099685.273986,1765099402,1,1,4.132390,7.920415,0.315446,0.041848,0.000000,0.000000,0.500000,1
6.112730,1765099685.273986,1765099402,1,1,4.821122,7.920415,0.315446,0.041848,0.000000,0.000000,0.500000,1
6.114648,1765099685.273986,1765099402,1,1,4.821122,7.920415,0.315446,0.041848,0.000000,0.000000,0.500000,1
6.116731,1765099685.273986,1765099402,1,1,4.132390,7.920415,0.315446,0.041848,0.000000,0.000000,0.500000,1
6.118729,1765099685.273986,1765099402,1,1,4.821122,7.920415,0.315446,0.041848,0.000000,0.000000,0.500000,1
6.120732,1765099685.273986,1765099402,1,1,4.132390,7.920415,0.315446,0.041848,0.000000,0.000000,0.500000,1
6.122733,1765099685.273986,1765099402,1,1,4.821122,7.920415,0.315446,0.041848,0.000000,0.000000,0.500000,1
6.124722,1765099685.273986,1765099402,1,1,4.132390,7.576049,0.315446,0.041848,0.000000,0.000000,0.500000,1
6.126723,1765099685.273986,1765099402,1,1,4.132390,7.920415,0.315446,0.041848,0.000000,0.000000,0.500000,1
6.128724,1765099685.273986,1765099402,1,1,4.821122,7.576049,0.315446,0.041848,0.000000,0.000000,0.500000,1
6.130724,1765099685.273986,1765099402,1,1,5.165488,7.920415,0.315446,0.041848,0.000000,0.000000,0.500000,1
6.132726,1765099685.273986,1765099402,1,1,4.132390,7.920415,0.315446,0.041848,0.000000,0.000000,0.500000,1
6.134726,1765099685.273986,1765099402,1,1,4.821122,7.920415,0.315446,0.041848,0.000000,0.000000,0.500000,1
6.136753,1765099685.273986,1765099402,1,1,4.132390,7.920415,0.315446,0.041848,0.000000,0.000000,0.500000,1
6.138713,1765099685.273986,1765099402,1,1,4.821122,7.920415,0.315446,0.041848,0.000000,0.000000,0.500000,1
6.140714,1765099685.273986,1765099402,1,1,4.821122,7.920415,0.315446,0.041848,0.000000,0.000000,0.500000,1
6.142715,1765099685.273986,1765099402,1,1,4.132390,7.576049,0.315446,0.041848,0.000000,0.000000,0.500000,1
6.144715,1765099685.273986,1765099402,1,1,4.821122,7.920415,0.315446,0.041848,0.000000,0.000000,0.500000,1
6.146716,1765099685.273986,1765099402,1,1,4.132390,7.920415,0.315446,0.041848,0.000000,0.000000,0.500000,1
6.148717,1765099685.273986,1765099402,1,1,4.821122,7.920415,0.315446,0.041848,0.000000,0.000000,0.500000,1
6.150718,1765099685.273986,1765099402,1,1,4.821122,7.920415,0.315446,0.041848,0.000000,0.000000,0.500000,1
6.152718,1765099685.273986,1765099402,1,1,4.821122,7.920415,0.315446,0.041848,0.000000,0.000000,0.500000,1
6.154718,1765099685.273986,1765099402,1,1,4.821122,7.920415,0.315446,0.041848,0.000000,0.000000,0.500000,1
6.156735,1765099685.273986,1765099402,1,1,4.821122,7.576049,0.315446,0.041848,0.000000,0.000000,0.500000,1
6.158735,1765099685.273986,1765099402,1,1,4.821122,7.920415,0.315446,0.041848,0.000000,0.000000,0.500000,1
6.160737,1765099685.273986,1765099402,1,1,4.132390,7.920415,0.315446,0.041848,0.000000,0.000000,0.500000,1
6.162746,1765099685.273986,1765099402,1,1,4.132390,7.576049,0.315446,0.041848,0.000000,0.000000,0.500000,1
6.164724,1765099685.273986,1765099402,1,1,4.821122,7.920415,0.315446,0.041848,0.000000,0.000000,0.500000,1
6.166724,1765099685.273986,1765099402,1,1,4.821122,7.920415,0.315446,0.041848,0.000000,0.000000,0.500000,1
6.168725,1765099685.273986,1765099402,1,1,4.132390,7.920415,0.315446,0.041848,0.000000,0.000000,0.500000,1
6.170733,1765099685.273986,1765099402,1,1,3.443659,7.920415,0.315446,0.041848,0.000000,0.000000,0.500000,1
6.172727,1765099685.273986,1765099402,1,1,4.132390,7.920415,0.315446,0.041848,0.000000,0.000000,0.500000,1
6.174727,1765099685.273986,1765099402,1,1,5.165488,7.920415,0.315446,0.041848,0.000000,0.000000,0.500000,1
6.176728,1765099685.273986,1765099402,1,1,4.821122,8.609147,0.315446,0.041848,0.000000,0.000000,0.500000,1
6.178729,1765099685.273986,1765099402,1,1,3.443659,8.609147,0.315446,0.041848,0.000000,0.000000,0.500000,1
6.180730,1765099685.273986,1765099402,1,1,4.132390,7.920415,0.315446,0.041848,0.000000,0.000000,0.500000,1
6.182745,1765099685.273986,1765099402,1,1,4.821122,7.920415,0.315446,0.041848,0.000000,0.000000,0.500000,1
6.184746,1765099685.273986,1765099402,1,1,4.821122,7.920415,0.315446,0.041848,0.000000,0.000000,0.500000,1
6.186748,1765099685.273986,1765099402,1,1,4.132390,7.920415,0.315446,0.041848,0.000000,0.000000,0.500000,1
6.188772,1765099685.273986,1765099402,1,1,4.132390,7.576049,0.315446,0.041848,0.000000,0.000000,0.500000,1
6.190749,1765099685.273986,1765099402,1,1,4.132390,7.920415,0.315446,0.041848,0.000000,0.000000,0.500000,1
6.192751,1765099685.273986,1765099402,1,1,4.821122,7.920415,0.315446,0.041848,0.000000,0.000000,0.500000,1
6.194736,1765099685.273986,1765099402,1,1,4.132390,7.920415,0.315446,0.041848,0.000000,0.000000,0.500000,1
6.196736,1765099685.273986,1765099402,1,1,4.821122,7.576049,0.315446,0.041848,0.000000,0.000000,0.500000,1
6.198738,1765099685.273986,1765099402,1,1,4.821122,7.576049,0.315446,0.041848,0.000000,0.000000,0.500000,1
6.200738,1765099685.273986,1765099402,1,1,4.132390,7.576049,0.315446,0.041848,0.000000,0.000000,0.500000,1
6.202755,1765099685.273986,1765099402,1,1,5.165488,7.920415,0.315446,0.041848,0.000000,0.000000,0.500000,1
6.204738,1765099685.273986,1765099402,1,1,4.132390,7.920415,0.315446,0.041848,0.000000,0.000000,0.500000,1
6.206741,1765099685.273986,1765099402,1,1,4.132390,7.920415,0.315446,0.041848,0.000000,0.000000,0.500000,1
6.208741,1765099685.273986,1765099402,1,1,4.821122,7.920415,0.315446,0.041848,0.000000,0.000000,0.500000,1
6.210741,1765099685.273986,1765099402,1,1,4.132390,7.920415,0.315446,0.041848,0.000000,0.000000,0.500000,1
6.212743,1765099685.273986,1765099402,1,1,4.821122,7.920415,0.315446,0.041848,0.000000,0.000000,0.500000,1
6.214767,1765099685.273986,1765099402,1,1,4.132390,7.576049,0.315446,0.041848,0.000000,0.000000,0.500000,1
6.216746,1765099685.273986,1765099402,1,1,5.165488,7.920415,0.315446,0.041848,0.000000,0.000000,0.500000,1
6.218772,1765099685.273986,1765099402,1,1,4.132390,7.920415,0.315446,0.041848,0.000000,0.000000,0.500000,1
6.220790,1765099685.273986,1765099402,1,1,4.821122,7.920415,0.315446,0.041848,0.000000,0.000000,0.500000,1
6.222815,1765099685.273986,1765099402,1,1,4.132390,8.609147,0.315446,0.041848,0.000000,0.000000,0.500000,1
6.224816,1765099685.273986,1765099402,1,1,4.821122,7.920415,0.315446,0.041848,0.000000,0.000000,0.500000,1
6.226818,1765099685.273986,1765099402,1,1,4.821122,7.920415,0.315446,0.041848,0.000000,0.000000,0.500000,1
6.228818,1765099685.273986,1765099402,1,1,3.788025,7.920415,0.315446,0.041848,0.000000,0.000000,0.500000,1
6.230820,1765099685.273986,1765099402,1,1,4.132390,7.920415,0.315446,0.041848,0.000000,0.000000,0.500000,1
6.232821,1765099685.273986,1765099402,1,1,4.132390,7.920415,0.315446,0.041848,0.000000,0.000000,0.500000,1
6.234796,1765099685.273986,1765099402,1,1,4.821122,6.887317,0.315446,0.041848,0.000000,0.000000,0.500000,1
6.236706,1765099685.273986,1765099402,1,1,4.821122,7.576049,0.315446,0.041848,0.000000,0.000000,0.500000,1
6.238703,1765099685.273986,1765099402,1,1,4.821122,8.609147,0.315446,0.041848,0.000000,0.000000,0.500000,1
6.240831,1765099685.273986,1765099402,1,1,4.132390,7.920415,0.315446,0.041848,0.000000,0.000000,0.500000,1
6.242803,1765099685.273986,1765099402,1,1,4.132390,7.920415,0.315446,0.041848,0.000000,0.000000,0.500000,1
6.244798,1765099685.273986,1765099402,1,1,4.132390,7.920415,0.315446,0.041848,0.000000,0.000000,0.500000,1
6.246787,1765099685.273986,1765099402,1,1,3.788025,7.920415,0.315446,0.041848,0.000000,0.000000,0.500000,1
6.248788,1765099685.273986,1765099402,1,1,4.821122,7.920415,0.315446,0.041848,0.000000,0.000000,0.500000,1
6.250789,1765099685.273986,1765099402,1,1,3.443659,7.920415,0.315446,0.041848,0.000000,0.000000,0.500000,1
6.252806,1765099685.273986,1765099402,1,1,4.821122,8.609147,0.315446,0.041848,0.000000,0.000000,0.500000,1
6.254720,1765099685.273986,1765099402,1,1,4.821122,7.920415,0.315446,0.041848,0.000000,0.000000,0.500000,1
6.256724,1765099685.273986,1765099402,1,1,4.132390,7.920415,0.315446,0.041848,0.000000,0.000000,0.500000,1
6.258724,1765099685.273986,1765099402,1,1,4.821122,7.920415,0.315446,0.041848,0.000000,0.000000,0.500000,1
6.260724,1765099685.273986,1765099402,1,1,4.821122,7.920415,0.315446,0.041848,0.000000,0.000000,0.500000,1
6.262727,1765099685.273986,1765099402,1,1,4.821122,7.920415,0.315446,0.041848,0.000000,0.000000,0.500000,1
6.264727,1765099685.273986,1765099402,1,1,4.132390,7.576049,0.315446,0.041848,0.000000,0.000000,0.500000,1
6.266760,1765099685.273986,1765099402,1,1,4.821122,7.920415,0.315446,0.041848,0.000000,0.000000,0.500000,1
6.268728,1765099685.273986,1765099402,1,1,4.132390,7.920415,0.315446,0.041848,0.000000,0.000000,0.500000,1
6.270728,1765099685.273986,1765099402,1,1,4.132390,7.920415,0.315446,0.041848,0.000000,0.000000,0.500000,1
6.272729,1765099685.273986,1765099402,1,1,4.821122,7.576049,0.315446,0.041848,0.000000,0.000000,0.500000,1
6.274732,1765099685.273986,1765099402,1,1,4.132390,7.576049,0.315446,0.041848,0.000000,0.000000,0.500000,1
6.276838,1765099685.273986,1765099402,1,1,4.821122,7.920415,0.315446,0.041848,0.000000,0.000000,0.500000,1
6.278733,1765099685.273986,1765099402,1,1,4.132390,7.920415,0.315446,0.041848,0.000000,0.000000,0.500000,1
6.280732,1765099685.273986,1765099402,1,1,3.443659,7.920415,0.315446,0.041848,0.000000,0.000000,0.500000,1
6.282732,1765099685.273986,1765099402,1,1,4.132390,7.920415,0.315446,0.041848,0.000000,0.000000,0.500000,1
6.284733,1765099685.273986,1765099402,1,1,4.132390,7.920415,0.315446,0.041848,0.000000,0.000000,0.500000,1
6.286845,1765099685.273986,1765099402,1,1,4.132390,7.576049,0.315446,0.041848,0.000000,0.000000,0.500000,1
6.288847,1765099685.273986,1765099402,1,1,4.132390,7.920415,0.315446,0.041848,0.000000,0.000000,0.500000,1
6.290847,1765099685.273986,1765099402,1,1,4.132390,7.920415,0.315446,0.041848,0.000000,0.000000,0.500000,1
6.292882,1765099685.273986,1765099402,1,1,4.821122,7.576049,0.315446,0.041848,0.000000,0.000000,0.500000,1
6.294851,1765099685.273986,1765099402,1,1,3.443659,7.920415,0.315446,0.041848,0.000000,0.000000,0.500000,1
6.296851,1765099685.273986,1765099402,1,1,4.821122,7.920415,0.315446,0.041848,0.000000,0.000000,0.500000,1
6.298853,1765099685.273986,1765099402,1,1,4.132390,7.576049,0.315446,0.041848,0.000000,0.000000,0.500000,1
6.300853,1765099685.273986,1765099402,1,1,3.443659,7.576049,0.315446,0.041848,0.000000,0.000000,0.500000,1
6.302855,1765099685.273986,1765099402,1,1,4.821122,7.576049,0.315446,0.041848,0.000000,0.000000,0.500000,1
60.466109,1765099751.451088,1765099402,1,1,-4.476756,-3.788025,0.324042,0.053551,-0.001961,0.000000,0.500000,0
60.468138,1765099751.451088,1765099402,1,1,-3.443659,-3.443659,0.324038,0.053551,-0.002023,0.000000,0.500000,0
60.470019,1765099751.451088,1765099402,1,1,-4.132390,-3.443659,0.324038,0.053551,-0.001021,0.000000,0.500000,0
60.472023,1765099751.451088,1765099402,1,1,-3.443659,-4.132390,0.324034,0.053551,-0.001015,0.000000,0.500000,0
60.473983,1765099751.451088,1765099402,1,1,-3.099293,-3.788025,0.324034,0.053551,-0.000947,0.000000,0.500000,0
60.475992,1765099751.451088,1765099402,1,1,-3.443659,-3.788025,0.324031,0.053551,-0.000908,0.000000,0.500000,0
60.477996,1765099751.451088,1765099402,1,1,-3.443659,-3.443659,0.324027,0.053551,-0.001853,0.000000,0.500000,0
60.480018,1765099751.451088,1765099402,1,1,-3.443659,-3.788025,0.324027,0.053551,-0.001887,0.000000,0.500000,0
60.481993,1765099751.451088,1765099402,1,1,-3.443659,-3.788025,0.324019,0.053551,-0.002699,0.000000,0.500000,0
60.483988,1765099751.451088,1765099402,1,1,-3.788025,-3.788025,0.324016,0.053551,-0.002324,0.000000,0.500000,0
60.485988,1765099751.451088,1765099402,1,1,-4.132390,-3.443659,0.324008,0.053551,-0.002584,0.000000,0.500000,0
60.487998,1765099751.451088,1765099402,1,1,-3.443659,-3.443659,0.324008,0.053551,-0.001947,0.000000,0.500000,0
60.489994,1765099751.451088,1765099402,1,1,-3.443659,-4.132390,0.324004,0.053551,-0.001764,0.000000,0.500000,0
60.491997,1765099751.451088,1765099402,1,1,-3.443659,-3.443659,0.324004,0.053551,-0.000965,0.000000,0.500000,0
60.494000,1765099751.451088,1765099402,1,1,-3.443659,-3.788025,0.324000,0.053551,-0.001075,0.000000,0.500000,0
60.496047,1765099751.451088,1765099402,1,1,-3.443659,-4.132390,0.323993,0.053551,-0.002012,0.000000,0.500000,0
60.498061,1765099751.451088,1765099402,1,1,-4.476756,-3.443659,0.323989,0.053551,-0.002013,0.000000,0.500000,0
60.500060,1765099751.451088,1765099402,1,1,-3.443659,-3.788025,0.323985,0.053551,-0.002328,0.000000,0.500000,0
60.502022,1765099751.451088,1765099402,1,1,-3.443659,-3.099293,0.323981,0.053551,-0.002474,0.000000,0.500000,0
60.504000,1765099751.451088,1765099402,1,1,-3.099293,-3.443659,0.323978,0.053551,-0.001962,0.000000,0.500000,0
60.506003,1765099751.451088,1765099402,1,1,-3.443659,-4.132390,0.323974,0.053551,-0.001021,0.000000,0.500000,0
60.508006,1765099751.451088,1765099402,1,1,-3.443659,-4.132390,0.323970,0.053551,-0.001010,0.000000,0.500000,0
60.510028,1765099751.451088,1765099402,1,1,-3.788025,-3.443659,0.323970,0.053551,-0.000951,0.000000,0.500000,0
60.512007,1765099751.451088,1765099402,1,1,-3.788025,-3.443659,0.323966,0.053551,-0.001075,0.000000,0.500000,0
60.514007,1765099751.451088,1765099402,1,1,-3.443659,-3.099293,0.323963,0.053551,-0.001819,0.000000,0.500000,0
60.516008,1765099751.451088,1765099402,1,1,-3.788025,-3.099293,0.323959,0.053551,-0.001819,0.000000,0.500000,0
60.518044,1765099751.451088,1765099402,1,1,-3.443659,-3.788025,0.323959,0.053551,-0.001015,0.000000,0.500000,0
60.520024,1765099751.451088,1765099402,1,1,-3.788025,-3.443659,0.323955,0.053551,-0.001426,0.000000,0.500000,0
60.522027,1765099751.451088,1765099402,1,1,-3.443659,-3.788025,0.323955,0.053551,-0.000952,0.000000,0.500000,0
60.524027,1765099751.451088,1765099402,1,1,-3.788025,-3.788025,0.323955,0.053551,-0.000002,0.000000,0.500000,0
60.526052,1765099751.451088,1765099402,1,1,-3.443659,-3.443659,0.323955,0.053551,0.000000,0.000000,0.500000,0
60.528027,1765099751.451088,1765099402,1,1,-3.443659,-3.099293,0.323955,0.053551,0.000000,0.000000,0.500000,0
60.530027,1765099751.451088,1765099402,1,1,-3.443659,-2.754927,0.323955,0.053551,0.000000,0.000000,0.500000,0
60.532027,1765099751.451088,1765099402,1,1,-3.788025,-3.443659,0.323955,0.053551,0.000000,0.000000,0.500000,0
60.534028,1765099751.451088,1765099402,1,1,-3.788025,-3.443659,0.323955,0.053551,0.000000,0.000000,0.500000,0
60.536028,1765099751.451088,1765099402,1,1,-3.443659,-3.788025,0.323955,0.053551,0.000000,0.000000,0.500000,0
60.538028,1765099751.451088,1765099402,1,1,-3.443659,-3.443659,0.323955,0.053551,0.000000,0.000000,0.500000,0
60.540029,1765099751.451088,1765099402,1,1,-3.788025,-3.443659,0.323955,0.053551,0.000000,0.000000,0.500000,0
60.542029,1765099751.451088,1765099402,1,1,-4.132390,-3.443659,0.323955,0.053551,0.000000,0.000000,0.500000,0
60.544037,1765099751.451088,1765099402,1,1,-3.443659,-3.443659,0.323955,0.053551,0.000000,0.000000,0.500000,0
60.546031,1765099751.451088,1765099402,1,1,-3.788025,-3.443659,0.323955,0.053551,0.000000,0.000000,0.500000,0
60.548042,1765099751.451088,1765099402,1,1,-3.788025,-4.132390,0.323955,0.053551,0.000000,0.000000,0.500000,0
60.550041,1765099751.451088,1765099402,1,1,-3.443659,-3.443659,0.323955,0.053551,0.000000,0.000000,0.500000,0
60.552056,1765099751.451088,1765099402,1,1,-3.443659,-3.788025,0.323955,0.053551,0.000000,0.000000,0.500000,0
60.554055,1765099751.451088,1765099402,1,1,-3.788025,-3.443659,0.323955,0.053551,0.000000,0.000000,0.500000,0
60.556061,1765099751.451088,1765099402,1,1,-3.443659,-3.443659,0.323955,0.053551,0.000000,0.000000,0.500000,0
60.558061,1765099751.451088,1765099402,1,1,-3.788025,-3.788025,0.323955,0.053551,0.000000,0.000000,0.500000,0
60.560064,1765099751.451088,1765099402,1,1,-3.788025,-4.132390,0.323955,0.053551,0.000000,-0.000682,0.500000,0
60.562063,1765099751.451088,1765099402,1,1,-3.443659,-3.788025,0.323955,0.053547,0.000000,-0.000946,0.500000,0
60.564065,1765099751.451088,1765099402,1,1,-3.788025,-3.443659,0.323955,0.053547,0.000000,-0.000265,0.500000,0
60.566063,1765099751.451088,1765099402,1,1,-3.443659,-3.443659,0.323955,0.053551,0.000000,0.000906,0.500000,0
60.568064,1765099751.451088,1765099402,1,1,-3.443659,-3.443659,0.323955,0.053551,0.000000,0.000946,0.500000,0
60.570065,1765099751.451088,1765099402,1,1,-3.788025,-3.788025,0.323955,0.053551,0.000000,0.000039,0.500000,0
60.572065,1765099751.451088,1765099402,1,1,-3.443659,-3.443659,0.323955,0.053551,0.000000,0.000000,0.500000,0
60.574070,1765099751.451088,1765099402,1,1,-3.443659,-3.443659,0.323955,0.053551,0.000000,-0.000446,0.500000,0
60.576080,1765099751.451088,1765099402,1,1,-3.788025,-3.099293,0.323955,0.053547,0.000000,-0.000943,0.500000,0
60.578081,1765099751.451088,1765099402,1,1,-3.443659,-3.099293,0.323955,0.053547,0.000000,-0.000500,0.500000,0
60.580072,1765099751.451088,1765099402,1,1,-3.788025,-3.443659,0.323959,0.053551,0.000806,0.000904,0.500000,0
60.582071,1765099751.451088,1765099402,1,1,-3.443659,-3.099293,0.323963,0.053551,0.001627,0.000500,0.500000,0
60.584072,1765099751.451088,1765099402,1,1,-3.443659,-3.788025,0.323963,0.053551,0.001872,0.000039,0.500000,0
60.586073,1765099751.451088,1765099402,1,1,-3.443659,-3.443659,0.323966,0.053551,0.002569,0.000000,0.500000,0
60.588074,1765099751.451088,1765099402,1,1,-3.788025,-3.788025,0.323974,0.053551,0.002593,0.000000,0.500000,0
60.590074,1765099751.451088,1765099402,1,1,-3.443659,-3.443659,0.323978,0.053551,0.001930,0.000000,0.500000,0
60.592082,1765099751.451088,1765099402,1,1,-3.788025,-3.788025,0.323978,0.053551,0.001089,0.000000,0.500000,0
60.594082,1765099751.451088,1765099402,1,1,-3.788025,-3.443659,0.323978,0.053555,0.000021,0.000940,0.500000,0
60.596082,1765099751.451088,1765099402,1,1,-3.443659,-3.788025,0.323978,0.053555,0.000000,0.000946,0.500000,0
60.598083,1765099751.451088,1765099402,1,1,-3.443659,-4.132390,0.323974,0.053555,-0.000925,0.000006,0.500000,0
60.600084,1765099751.451088,1765099402,1,1,-4.132390,-3.788025,0.323974,0.053555,-0.000500,0.000000,0.500000,0
60.602084,1765099751.451088,1765099402,1,1,-3.443659,-3.788025,0.323974,0.053555,-0.000039,0.000000,0.500000,0
60.604096,1765099751.451088,1765099402,1,1,-3.443659,-3.443659,0.323974,0.053555,-0.000000,0.000000,0.500000,0
60.606089,1765099751.451088,1765099402,1,1,-3.443659,-3.099293,0.323974,0.053555,0.000000,0.000000,0.500000,0
60.608090,1765099751.451088,1765099402,1,1,-3.788025,-3.443659,0.323970,0.053551,-0.000935,-0.000925,0.500000,0
60.610087,1765099751.451088,1765099402,1,1,-3.443659,-3.443659,0.323970,0.053551,-0.000946,-0.000946,0.500000,0
60.612091,1765099751.451088,1765099402,1,1,-3.443659,-3.099293,0.323970,0.053551,-0.000265,-0.000021,0.500000,0
60.614089,1765099751.451088,1765099402,1,1,-3.099293,-3.443659,0.323966,0.053551,-0.000807,0.000000,0.500000,0
60.616093,1765099751.451088,1765099402,1,1,-4.132390,-3.099293,0.323966,0.053551,-0.000945,0.000000,0.500000,0
60.618093,1765099751.451088,1765099402,1,1,-3.788025,-3.788025,0.323966,0.053555,-0.000265,0.000907,0.500000,0
60.620065,1765099751.451088,1765099402,1,1,-3.788025,-4.132390,0.323966,0.053555,0.000000,0.000946,0.500000,0
60.622084,1765099751.451088,1765099402,1,1,-3.443659,-3.443659,0.323966,0.053555,0.000000,0.000039,0.500000,0
60.624084,1765099751.451088,1765099402,1,1,-4.132390,-3.099293,0.323966,0.053555,0.000000,0.000000,0.500000,0
60.626087,1765099751.451088,1765099402,1,1,-3.443659,-3.443659,0.323966,0.053555,0.000000,0.000000,0.500000,0
60.628087,1765099751.451088,1765099402,1,1,-3.443659,-3.099293,0.323966,0.053555,0.000000,0.000000,0.500000,0
60.630098,1765099751.451088,1765099402,1,1,-4.132390,-3.099293,0.323963,0.053555,-0.000935,0.000000,0.500000,0
60.632088,1765099751.451088,1765099402,1,1,-3.443659,-3.443659,0.323963,0.053555,-0.000946,0.000000,0.500000,0
60.634091,1765099751.451088,1765099402,1,1,-4.476756,-3.788025,0.323963,0.053555,-0.000140,0.000000,0.500000,0
60.636092,1765099751.451088,1765099402,1,1,-3.788025,-3.099293,0.323963,0.053555,-0.000000,0.000000,0.500000,0
60.638092,1765099751.451088,1765099402,1,1,-3.788025,-3.443659,0.323959,0.053555,-0.000682,0.000000,0.500000,0
60.640094,1765099751.451088,1765099402,1,1,-3.443659,-3.788025,0.323959,0.053555,-0.000945,0.000000,0.500000,0
60.642091,1765099751.451088,1765099402,1,1,-4.476756,-3.443659,0.323955,0.053555,-0.000946,0.000000,0.500000,0
60.644098,1765099751.451088,1765099402,1,1,-3.443659,-4.132390,0.323955,0.053555,-0.000946,-0.000682,0.500000,0
60.646099,1765099751.451088,1765099402,1,1,-3.443659,-3.099293,0.323955,0.053551,-0.001392,-0.000945,0.500000,0
60.648097,1765099751.451088,1765099402,1,1,-3.443659,-3.099293,0.323951,0.053551,-0.000947,-0.000265,0.500000,0
60.650092,1765099751.451088,1765099402,1,1,-4.132390,-3.099293,0.323951,0.053551,-0.000074,-0.000002,0.500000,0
60.652091,1765099751.451088,1765099402,1,1,-3.788025,-3.443659,0.323947,0.053551,-0.000688,0.000000,0.500000,0
60.654095,1765099751.451088,1765099402,1,1,-3.788025,-3.788025,0.323947,0.053551,-0.000946,0.000000,0.500000,0
60.656111,1765099751.451088,1765099402,1,1,-4.476756,-3.788025,0.323947,0.053551,-0.000265,0.000000,0.500000,0
60.658098,1765099751.451088,1765099402,1,1,-3.443659,-3.788025,0.323947,0.053551,0.000000,0.000000,0.500000,0
60.660099,1765099751.451088,1765099402,1,1,-3.443659,-3.443659,0.323947,0.053551,0.000000,0.000000,0.500000,0
60.662111,1765099751.451088,1765099402,1,1,-3.443659,-3.443659,0.323947,0.053551,0.000000,0.000000,0.500000,0
60.664181,1765099751.451088,1765099402,1,1,-3.443659,-3.788025,0.323947,0.053551,0.000000,0.000000,0.500000,0
68.038116,1765099759.023349,1765099402,1,2,3.443659,0.000000,0.316271,0.050292,0.000000,-0.000265,0.500000,0
68.040117,1765099759.023349,1765099402,1,2,3.443659,0.000000,0.316271,0.050296,0.000000,0.000805,0.500000,0
68.042117,1765099759.023349,1765099402,1,2,3.443659,0.000000,0.316271,0.050296,0.000000,0.000945,0.500000,0
68.044141,1765099759.023349,1765099402,1,2,3.443659,0.000000,0.316271,0.050296,0.000000,0.000140,0.500000,0
68.046118,1765099759.023349,1765099402,1,2,3.443659,0.000000,0.316271,0.050296,0.000000,-0.000445,0.500000,0
68.048120,1765099759.023349,1765099402,1,2,3.443659,0.000000,0.316271,0.050292,0.000000,-0.000943,0.500000,0
68.050121,1765099759.023349,1765099402,1,2,3.443659,0.000000,0.316271,0.050292,0.000000,-0.000500,0.500000,0
68.052120,1765099759.023349,1765099402,1,2,3.443659,0.000000,0.316271,0.050292,0.000000,-0.000003,0.500000,0
68.054122,1765099759.023349,1765099402,1,2,3.443659,0.000000,0.316271,0.050296,0.000000,0.000940,0.500000,0
68.056121,1765099759.023349,1765099402,1,2,3.443659,-0.344366,0.316271,0.050296,0.000000,0.000946,0.500000,0
68.058128,1765099759.023349,1765099402,1,2,3.443659,0.000000,0.316271,0.050296,0.000000,0.000006,0.500000,0
68.060125,1765099759.023349,1765099402,1,2,3.443659,0.000000,0.316271,0.050292,0.000000,-0.000943,0.500000,0
68.062105,1765099759.023349,1765099402,1,2,3.443659,0.000000,0.316271,0.050292,0.000000,-0.000946,0.500000,0
68.064103,1765099759.023349,1765099402,1,2,3.443659,0.344366,0.316271,0.050292,0.000000,-0.000039,0.500000,0
68.066226,1765099759.023349,1765099402,1,2,2.410561,0.000000,0.316271,0.050296,0.000000,0.000925,0.500000,0
68.068373,1765099759.023349,1765099402,1,2,2.754927,-0.344366,0.316271,0.050296,0.000000,0.000264,0.500000,0
68.070145,1765099759.023349,1765099402,1,2,3.443659,-0.344366,0.316271,0.050292,0.000000,-0.000923,0.500000,0
68.072019,1765099759.023349,1765099402,1,2,3.443659,0.344366,0.316271,0.050292,0.000000,-0.000500,0.500000,0
68.074018,1765099759.023349,1765099402,1,2,3.443659,0.000000,0.316271,0.050296,0.000000,0.000806,0.500000,0
68.076018,1765099759.023349,1765099402,1,2,3.443659,-0.344366,0.316271,0.050296,0.000000,0.000935,0.500000,0
68.078030,1765099759.023349,1765099402,1,2,4.132390,0.000000,0.316271,0.050296,0.000000,0.000946,0.500000,0
68.080037,1765099759.023349,1765099402,1,2,3.443659,0.000000,0.316271,0.050292,0.000000,-0.000896,0.500000,0
68.082018,1765099759.023349,1765099402,1,2,2.410561,0.000000,0.316271,0.050292,0.000000,-0.000946,0.500000,0
68.084021,1765099759.023349,1765099402,1,2,3.443659,0.000000,0.316271,0.050296,0.000000,0.000803,0.500000,0
68.086044,1765099759.023349,1765099402,1,2,3.443659,0.000000,0.316271,0.050296,0.000000,0.000935,0.500000,0
68.088052,1765099759.023349,1765099402,1,2,3.443659,0.000000,0.316271,0.050296,0.000000,0.000946,0.500000,0
68.090059,1765099759.023349,1765099402,1,2,3.443659,0.000000,0.316271,0.050296,0.000000,0.000011,0.500000,0
68.092058,1765099759.023349,1765099402,1,2,2.410561,0.000000,0.316271,0.050296,0.000000,0.000000,0.500000,0
68.094063,1765099759.023349,1765099402,1,2,3.443659,0.000000,0.316271,0.050292,0.000000,-0.000925,0.500000,0
68.096082,1765099759.023349,1765099402,1,2,3.443659,0.000000,0.316271,0.050292,0.000000,-0.000946,0.500000,0
68.098188,1765099759.023349,1765099402,1,2,3.443659,0.000000,0.316271,0.050292,0.000000,-0.000021,0.500000,0
68.100062,1765099759.023349,1765099402,1,2,2.410561,0.000000,0.316271,0.050296,0.000000,0.000907,0.500000,0
68.102074,1765099759.023349,1765099402,1,2,3.443659,0.000000,0.316268,0.050296,-0.000446,0.000500,0.500000,0
68.104079,1765099759.023349,1765099402,1,2,3.443659,0.344366,0.316268,0.050296,-0.000907,0.000039,0.500000,0
68.106090,1765099759.023349,1765099402,1,2,3.443659,0.000000,0.316268,0.050296,-0.000946,-0.000682,0.500000,0
68.108090,1765099759.023349,1765099402,1,2,3.443659,0.000000,0.316271,0.050292,0.000786,-0.000945,0.500000,0
68.110102,1765099759.023349,1765099402,1,2,3.443659,0.000000,0.316271,0.050292,0.000946,-0.000265,0.500000,0
68.112104,1765099759.023349,1765099402,1,2,3.443659,0.000000,0.316271,0.050296,0.000021,0.000906,0.500000,0
68.114103,1765099759.023349,1765099402,1,2,3.443659,0.000000,0.316271,0.050296,0.000000,0.000500,0.500000,0
68.116104,1765099759.023349,1765099402,1,2,3.443659,0.000000,0.316271,0.050296,0.000000,-0.000643,0.500000,0
68.118104,1765099759.023349,1765099402,1,2,3.443659,0.000000,0.316271,0.050292,0.000000,-0.000944,0.500000,0
68.120162,1765099759.023349,1765099402,1,2,3.443659,0.000000,0.316271,0.050292,0.000000,-0.000265,0.500000,0
68.122079,1765099759.023349,1765099402,1,2,3.443659,0.000000,0.316271,0.050292,0.000000,0.000680,0.500000,0
68.124061,1765099759.023349,1765099402,1,2,2.410561,0.000000,0.316271,0.050296,0.000000,0.000944,0.500000,0
68.126063,1765099759.023349,1765099402,1,2,3.443659,0.000000,0.316271,0.050296,0.000000,0.000264,0.500000,0
68.128069,1765099759.023349,1765099402,1,2,3.443659,-0.344366,0.316271,0.050292,0.000000,-0.000934,0.500000,0
68.130077,1765099759.023349,1765099402,1,2,3.443659,0.000000,0.316271,0.050292,0.000000,-0.000946,0.500000,0
68.132187,1765099759.023349,1765099402,1,2,3.443659,0.000000,0.316271,0.050292,0.000000,-0.000011,0.500000,0
68.134211,1765099759.023349,1765099402,1,2,3.443659,0.000000,0.316271,0.050296,0.000000,0.000935,0.500000,0
68.136216,1765099759.023349,1765099402,1,2,3.443659,0.000000,0.316271,0.050296,0.000000,0.000946,0.500000,0
68.138446,1765099759.023349,1765099402,1,2,3.443659,0.000000,0.316271,0.050292,0.000000,-0.000896,0.500000,0
68.140130,1765099759.023349,1765099402,1,2,3.443659,0.344366,0.316271,0.050292,0.000000,-0.000946,0.500000,0
68.142095,1765099759.023349,1765099402,1,2,3.443659,0.000000,0.316271,0.050292,0.000000,-0.000021,0.500000,0
68.144153,1765099759.023349,1765099402,1,2,3.443659,0.000000,0.316271,0.050296,0.000000,0.000806,0.500000,0
68.146218,1765099759.023349,1765099402,1,2,3.443659,0.344366,0.316271,0.050296,0.000000,0.000946,0.500000,0
68.148252,1765099759.023349,1765099402,1,2,3.443659,0.000000,0.316268,0.050296,-0.000806,0.000140,0.500000,0
68.150331,1765099759.023349,1765099402,1,2,3.443659,-0.344366,0.316268,0.050292,-0.000946,-0.000925,0.500000,0
68.152095,1765099759.023349,1765099402,1,2,3.443659,0.000000,0.316271,0.050292,0.000929,-0.000946,0.500000,0
68.154077,1765099759.023349,1765099402,1,2,3.099293,0.000000,0.316271,0.050292,0.000946,0.000671,0.500000,0
68.156077,1765099759.023349,1765099402,1,2,3.443659,0.000000,0.316268,0.050296,-0.000915,0.000946,0.500000,0
68.158087,1765099759.023349,1765099402,1,2,3.443659,1.033098,0.316268,0.050296,-0.000942,0.000500,0.500000,0
68.160089,1765099759.023349,1765099402,1,2,3.443659,0.000000,0.316268,0.050296,-0.000946,0.000039,0.500000,0
68.162092,1765099759.023349,1765099402,1,2,3.443659,0.000000,0.316271,0.050292,0.000407,-0.000935,0.500000,0
68.164100,1765099759.023349,1765099402,1,2,2.410561,0.000000,0.316271,0.050292,0.000946,0.000608,0.500000,0
68.166197,1765099759.023349,1765099402,1,2,3.443659,0.000000,0.316271,0.050296,0.000021,0.000942,0.500000,0
68.168212,1765099759.023349,1765099402,1,2,2.410561,0.344366,0.316268,0.050296,-0.000907,0.000500,0.500000,0
68.170231,1765099759.023349,1765099402,1,2,3.443659,0.000000,0.316268,0.050296,-0.000500,0.000003,0.500000,0
68.172231,1765099759.023349,1765099402,1,2,3.443659,0.000000,0.316268,0.050292,-0.000003,-0.000946,0.500000,0
68.174270,1765099759.023349,1765099402,1,2,3.443659,0.344366,0.316268,0.050292,-0.000000,-0.000946,0.500000,0
68.176129,1765099759.023349,1765099402,1,2,3.443659,0.000000,0.316268,0.050292,0.000000,-0.000006,0.500000,0
68.178235,1765099759.023349,1765099402,1,2,3.443659,-0.344366,0.316271,0.050296,0.000806,0.000925,0.500000,0
68.180236,1765099759.023349,1765099402,1,2,3.443659,-0.344366,0.316271,0.050296,0.000945,0.000946,0.500000,0
68.182214,1765099759.023349,1765099402,1,2,3.443659,0.000000,0.316271,0.050292,0.000946,-0.000852,0.500000,0
68.184213,1765099759.023349,1765099402,1,2,3.443659,0.000000,0.316268,0.050292,-0.000924,-0.000946,0.500000,0
68.186200,1765099759.023349,1765099402,1,2,3.443659,0.000000,0.316268,0.050292,-0.000946,-0.000074,0.500000,0
68.188201,1765099759.023349,1765099402,1,2,3.443659,0.000000,0.316268,0.050296,-0.000001,0.000907,0.500000,0
68.190202,1765099759.023349,1765099402,1,2,3.443659,0.000000,0.316268,0.050296,0.000000,0.000946,0.500000,0
68.192203,1765099759.023349,1765099402,1,2,3.443659,-0.344366,0.316268,0.050296,0.000000,0.000039,0.500000,0
68.194205,1765099759.023349,1765099402,1,2,3.443659,0.000000,0.316268,0.050292,0.000000,-0.000907,0.500000,0
68.196205,1765099759.023349,1765099402,1,2,3.443659,0.000000,0.316268,0.050292,0.000000,-0.000946,0.500000,0
68.198179,1765099759.023349,1765099402,1,2,3.443659,0.000000,0.316268,0.050292,0.000000,0.000407,0.500000,0
68.200201,1765099759.023349,1765099402,1,2,3.443659,-0.344366,0.316268,0.050296,0.000000,0.000943,0.500000,0
68.202200,1765099759.023349,1765099402,1,2,3.443659,0.344366,0.316271,0.050296,0.000940,0.000500,0.500000,0
68.204218,1765099759.023349,1765099402,1,2,3.443659,-0.344366,0.316268,0.050296,-0.000608,0.000003,0.500000,0
68.206250,1765099759.023349,1765099402,1,2,3.443659,0.000000,0.316268,0.050292,-0.000944,-0.000946,0.500000,0
68.208251,1765099759.023349,1765099402,1,2,3.443659,-0.344366,0.316268,0.050292,-0.000946,-0.000946,0.500000,0
68.210253,1765099759.023349,1765099402,1,2,3.443659,0.000000,0.316268,0.050296,-0.000011,0.000867,0.500000,0
68.212254,1765099759.023349,1765099402,1,2,3.443659,0.344366,0.316268,0.050296,0.000000,0.000946,0.500000,0
68.214255,1765099759.023349,1765099402,1,2,3.443659,0.344366,0.316268,0.050296,0.000000,0.000074,0.500000,0
68.216257,1765099759.023349,1765099402,1,2,3.099293,-0.344366,0.316268,0.050292,0.000000,-0.000907,0.500000,0
68.218257,1765099759.023349,1765099402,1,2,3.443659,0.000000,0.316271,0.050292,0.000940,-0.000946,0.500000,0
68.220296,1765099759.023349,1765099402,1,2,3.443659,0.000000,0.316271,0.050296,0.000946,0.000767,0.500000,0
68.222187,1765099759.023349,1765099402,1,2,3.443659,0.000000,0.316271,0.050296,0.000000,0.000945,0.500000,0
68.224183,1765099759.023349,1765099402,1,2,2.754927,0.000000,0.316271,0.050296,0.000000,0.000140,0.500000,0
68.226212,1765099759.023349,1765099402,1,2,3.443659,0.000000,0.316271,0.050296,0.000000,-0.000445,0.500000,0
68.228184,1765099759.023349,1765099402,1,2,4.132390,0.000000,0.316268,0.050292,-0.000943,-0.000943,0.500000,0
68.230189,1765099759.023349,1765099402,1,2,3.443659,0.000000,0.316268,0.050292,-0.000946,-0.000500,0.500000,0
68.232189,1765099759.023349,1765099402,1,2,2.410561,0.000000,0.316271,0.050296,0.000925,0.000869,0.500000,0
68.234481,1765099759.023349,1765099402,1,2,3.443659,0.000000,0.316271,0.050296,0.000946,0.000946,0.500000,0
68.236297,1765099759.023349,1765099402,1,2,3.443659,0.000000,0.316271,0.050296,0.000021,0.000074,0.500000,0
14.922126,1765099780.529373,1765099402,1,1,3.443659,-6.542951,0.316260,0.056844,0.000000,0.000000,0.500000,0
14.924127,1765099780.529373,1765099402,1,1,3.443659,-6.542951,0.316256,0.056844,-0.000941,0.000000,0.500000,0
14.926128,1765099780.529373,1765099402,1,1,3.443659,-6.542951,0.316256,0.056844,-0.000946,0.000000,0.500000,0
14.928150,1765099780.529373,1765099402,1,1,3.443659,-6.887317,0.316256,0.056844,-0.000074,0.000000,0.500000,0
14.930129,1765099780.529373,1765099402,1,1,3.443659,-6.542951,0.316256,0.056844,-0.000000,0.000000,0.500000,0
14.932130,1765099780.529373,1765099402,1,1,3.443659,-5.854220,0.316252,0.056844,-0.000943,0.000000,0.500000,0
14.934131,1765099780.529373,1765099402,1,1,3.443659,-6.542951,0.316252,0.056844,-0.000946,0.000000,0.500000,0
14.936131,1765099780.529373,1765099402,1,1,3.443659,-6.542951,0.316252,0.056844,-0.000074,0.000000,0.500000,0
14.938132,1765099780.529373,1765099402,1,1,3.443659,-6.542951,0.316252,0.056844,-0.000000,0.000000,0.500000,0
14.940133,1765099780.529373,1765099402,1,1,3.443659,-6.542951,0.316252,0.056844,0.000000,0.000000,0.500000,0
14.942134,1765099780.529373,1765099402,1,1,3.443659,-6.542951,0.316252,0.056844,0.000000,0.000000,0.500000,0
14.944150,1765099780.529373,1765099402,1,1,3.443659,-6.542951,0.316252,0.056844,0.000000,0.000000,0.500000,0
14.946135,1765099780.529373,1765099402,1,1,3.443659,-6.542951,0.316249,0.056844,-0.000907,0.000000,0.500000,0
14.948149,1765099780.529373,1765099402,1,1,3.443659,-6.542951,0.316249,0.056844,-0.000946,0.000000,0.500000,0
14.950153,1765099780.529373,1765099402,1,1,2.410561,-7.231683,0.316249,0.056844,-0.000721,0.000000,0.500000,0
14.952153,1765099780.529373,1765099402,1,1,3.443659,-6.887317,0.316245,0.056844,-0.000946,0.000000,0.500000,0
14.954181,1765099780.529373,1765099402,1,1,3.443659,-6.542951,0.316245,0.056844,-0.000021,0.000000,0.500000,0
14.956140,1765099780.529373,1765099402,1,1,3.443659,-6.542951,0.316245,0.056844,-0.000683,0.000000,0.500000,0
14.958157,1765099780.529373,1765099402,1,1,3.443659,-6.542951,0.316241,0.056844,-0.000943,0.000000,0.500000,0
14.960141,1765099780.529373,1765099402,1,1,3.443659,-6.542951,0.316241,0.056844,-0.000265,0.000000,0.500000,0
14.962143,1765099780.529373,1765099402,1,1,3.443659,-6.542951,0.316241,0.056844,-0.000003,0.000000,0.500000,0
14.964158,1765099780.529373,1765099402,1,1,4.132390,-6.887317,0.316241,0.056844,0.000000,0.000000,0.500000,0
14.966159,1765099780.529373,1765099402,1,1,3.443659,-6.542951,0.316241,0.056844,0.000000,0.000000,0.500000,0
14.968160,1765099780.529373,1765099402,1,1,3.443659,-6.542951,0.316241,0.056844,0.000000,0.000000,0.500000,0
14.970162,1765099780.529373,1765099402,1,1,3.443659,-5.854220,0.316241,0.056844,0.000000,0.000000,0.500000,0
14.972163,1765099780.529373,1765099402,1,1,3.443659,-6.887317,0.316241,0.056844,0.000000,0.000000,0.500000,0
14.974163,1765099780.529373,1765099402,1,1,3.443659,-5.854220,0.316241,0.056840,0.000000,-0.000907,0.500000,0
14.976165,1765099780.529373,1765099402,1,1,3.443659,-6.198586,0.316241,0.056840,0.000000,-0.000946,0.500000,0
14.978165,1765099780.529373,1765099402,1,1,3.443659,-5.854220,0.316241,0.056840,0.000000,-0.000039,0.500000,0
14.980191,1765099780.529373,1765099402,1,1,3.443659,-6.542951,0.316241,0.056840,0.000000,-0.000000,0.500000,0
14.982167,1765099780.529373,1765099402,1,1,3.443659,-6.542951,0.316241,0.056840,0.000000,0.000000,0.500000,0
14.984168,1765099780.529373,1765099402,1,1,3.443659,-6.887317,0.316241,0.056840,0.000000,0.000000,0.500000,0
14.986169,1765099780.529373,1765099402,1,1,3.443659,-6.542951,0.316241,0.056840,0.000000,0.000000,0.500000,0
14.988170,1765099780.529373,1765099402,1,1,4.132390,-6.542951,0.316241,0.056840,0.000000,0.000000,0.500000,0
14.990170,1765099780.529373,1765099402,1,1,3.443659,-6.542951,0.316241,0.056840,0.000000,0.000000,0.500000,0
14.992172,1765099780.529373,1765099402,1,1,3.443659,-6.542951,0.316241,0.056840,0.000000,0.000000,0.500000,0
14.994172,1765099780.529373,1765099402,1,1,4.132390,-6.542951,0.316241,0.056836,0.000000,-0.000907,0.500000,0
14.996173,1765099780.529373,1765099402,1,1,3.443659,-5.854220,0.316237,0.056836,-0.000926,-0.000946,0.500000,0
14.998174,1765099780.529373,1765099402,1,1,3.443659,-6.542951,0.316237,0.056836,-0.000265,-0.000074,0.500000,0
15.000175,1765099780.529373,1765099402,1,1,3.443659,-6.542951,0.316233,0.056833,-0.000875,-0.000682,0.500000,0
15.002175,1765099780.529373,1765099402,1,1,3.443659,-5.854220,0.316233,0.056833,-0.000943,-0.000945,0.500000,0
15.004177,1765099780.529373,1765099402,1,1,3.443659,-6.198586,0.316233,0.056833,-0.000946,-0.000265,0.500000,0
15.006207,1765099780.529373,1765099402,1,1,3.443659,-5.854220,0.316233,0.056829,-0.000685,-0.000927,0.500000,0
15.008179,1765099780.529373,1765099402,1,1,3.443659,-7.231683,0.316230,0.056825,-0.000943,-0.001190,0.500000,0
15.010180,1765099780.529373,1765099402,1,1,3.443659,-6.198586,0.316222,0.056825,-0.001665,-0.000965,0.500000,0
15.012181,1765099780.529373,1765099402,1,1,3.443659,-5.854220,0.316222,0.056817,-0.002329,-0.001651,0.500000,0
15.014181,1765099780.529373,1765099402,1,1,3.443659,-7.231683,0.316215,0.056814,-0.002714,-0.002573,0.500000,0
15.016184,1765099780.529373,1765099402,1,1,3.443659,-7.231683,0.316211,0.056814,-0.003074,-0.002707,0.500000,0
15.018169,1765099780.529373,1765099402,1,1,3.443659,-6.198586,0.316196,0.056806,-0.003899,-0.002139,0.500000,0
15.020168,1765099780.529373,1765099402,1,1,3.443659,-6.542951,0.316192,0.056798,-0.004426,-0.002769,0.500000,0
15.022171,1765099780.529373,1765099402,1,1,3.443659,-6.542951,0.316180,0.056791,-0.005298,-0.003284,0.500000,0
15.024171,1765099780.529373,1765099402,1,1,4.132390,-5.854220,0.316165,0.056791,-0.006413,-0.002969,0.500000,0
15.026171,1765099780.529373,1765099402,1,1,4.132390,-6.542951,0.316150,0.056780,-0.007229,-0.002839,0.500000,0
15.028173,1765099780.529373,1765099402,1,1,3.443659,-6.542951,0.316127,0.056776,-0.007872,-0.002773,0.500000,0
15.030177,1765099780.529373,1765099402,1,1,3.443659,-5.854220,0.316120,0.056772,-0.008185,-0.002392,0.500000,0
15.032139,1765099780.529373,1765099402,1,1,4.132390,-6.542951,0.316101,0.056768,-0.009282,-0.002030,0.500000,0
15.034136,1765099780.529373,1765099402,1,1,4.132390,-7.231683,0.316082,0.056764,-0.009416,-0.001908,0.500000,0
15.036120,1765099780.529373,1765099402,1,1,4.132390,-6.198586,0.316063,0.056761,-0.008833,-0.001865,0.500000,0
15.038151,1765099780.529373,1765099402,1,1,4.132390,-6.542951,0.316040,0.056757,-0.008517,-0.001887,0.500000,0
15.040145,1765099780.529373,1765099402,1,1,4.132390,-6.887317,0.316022,0.056753,-0.008818,-0.001211,0.500000,0
15.042147,1765099780.529373,1765099402,1,1,4.132390,-6.198586,0.316010,0.056749,-0.008797,-0.001829,0.500000,0
15.044149,1765099780.529373,1765099402,1,1,3.788025,-6.542951,0.315995,0.056749,-0.008850,-0.000967,0.500000,0
15.046148,1765099780.529373,1765099402,1,1,4.476756,-6.198586,0.315976,0.056749,-0.008605,-0.000074,0.500000,0
15.048148,1765099780.529373,1765099402,1,1,4.476756,-6.198586,0.315953,0.056749,-0.007619,-0.000000,0.500000,0
15.050217,1765099780.529373,1765099402,1,1,3.788025,-6.198586,0.315938,0.056749,-0.007571,0.000000,0.500000,0
15.052149,1765099780.529373,1765099402,1,1,4.476756,-6.542951,0.315927,0.056749,-0.006804,0.000000,0.500000,0
15.054153,1765099780.529373,1765099402,1,1,4.132390,-6.542951,0.315919,0.056749,-0.006638,0.000000,0.500000,0
15.056153,1765099780.529373,1765099402,1,1,4.132390,-6.542951,0.315912,0.056749,-0.005686,0.000000,0.500000,0
15.058182,1765099780.529373,1765099402,1,1,3.788025,-6.542951,0.315900,0.056749,-0.004756,0.000000,0.500000,0
15.060153,1765099780.529373,1765099402,1,1,4.476756,-6.542951,0.315893,0.056749,-0.003809,0.000000,0.500000,0
15.062199,1765099780.529373,1765099402,1,1,3.788025,-6.542951,0.315885,0.056749,-0.003050,0.000000,0.500000,0
15.064156,1765099780.529373,1765099402,1,1,4.132390,-6.542951,0.315885,0.056749,-0.002487,0.000000,0.500000,0
15.066159,1765099780.529373,1765099402,1,1,3.788025,-6.542951,0.315881,0.056749,-0.001928,0.000000,0.500000,0
15.068157,1765099780.529373,1765099402,1,1,4.476756,-6.542951,0.315881,0.056749,-0.000504,0.000000,0.500000,0
15.070159,1765099780.529373,1765099402,1,1,4.476756,-6.198586,0.315881,0.056749,-0.000003,0.000000,0.500000,0
15.072173,1765099780.529373,1765099402,1,1,4.132390,-6.542951,0.315885,0.056749,0.000935,0.000000,0.500000,0
15.074167,1765099780.529373,1765099402,1,1,3.788025,-6.542951,0.315885,0.056749,0.000946,0.000000,0.500000,0
15.076277,1765099780.529373,1765099402,1,1,3.788025,-6.542951,0.315885,0.056749,0.000140,0.000000,0.500000,0
15.078206,1765099780.529373,1765099402,1,1,4.132390,-6.198586,0.315885,0.056753,0.000001,0.000907,0.500000,0
15.080176,1765099780.529373,1765099402,1,1,3.788025,-6.542951,0.315885,0.056753,0.000000,0.000946,0.500000,0
15.082157,1765099780.529373,1765099402,1,1,3.788025,-6.542951,0.315885,0.056753,0.000000,0.000039,0.500000,0
15.084148,1765099780.529373,1765099402,1,1,3.788025,-6.887317,0.315885,0.056753,0.000000,0.000000,0.500000,0
15.086138,1765099780.529373,1765099402,1,1,3.788025,-6.198586,0.315885,0.056753,0.000000,0.000000,0.500000,0
15.088139,1765099780.529373,1765099402,1,1,3.443659,-6.198586,0.315885,0.056753,0.000000,0.000000,0.500000,0
15.090139,1765099780.529373,1765099402,1,1,3.443659,-6.198586,0.315885,0.056757,0.000000,0.000926,0.500000,0
15.092139,1765099780.529373,1765099402,1,1,3.788025,-6.198586,0.315885,0.056757,0.000000,0.000946,0.500000,0
15.094139,1765099780.529373,1765099402,1,1,3.788025,-6.198586,0.315885,0.056757,0.000000,0.000021,0.500000,0
15.096140,1765099780.529373,1765099402,1,1,3.788025,-6.198586,0.315885,0.056757,0.000000,0.000000,0.500000,0
15.098137,1765099780.529373,1765099402,1,1,3.788025,-6.887317,0.315885,0.056757,0.000000,0.000000,0.500000,0
15.100128,1765099780.529373,1765099402,1,1,3.788025,-6.542951,0.315885,0.056757,0.000000,0.000000,0.500000,0
15.102129,1765099780.529373,1765099402,1,1,3.443659,-6.542951,0.315885,0.056757,0.000000,0.000000,0.500000,0
15.104130,1765099780.529373,1765099402,1,1,3.788025,-6.198586,0.315885,0.056757,0.000000,0.000000,0.500000,0
15.106133,1765099780.529373,1765099402,1,1,3.788025,-6.198586,0.315885,0.056757,0.000000,0.000000,0.500000,0
15.108133,1765099780.529373,1765099402,1,1,3.788025,-6.887317,0.315885,0.056757,0.000000,0.000000,0.500000,0
15.110143,1765099780.529373,1765099402,1,1,3.443659,-6.887317,0.315885,0.056757,0.000000,0.000000,0.500000,0
15.112138,1765099780.529373,1765099402,1,1,3.788025,-6.887317,0.315885,0.056757,0.000000,0.000000,0.500000,0
15.114140,1765099780.529373,1765099402,1,1,3.788025,-6.198586,0.315885,0.056757,0.000000,0.000000,0.500000,0
15.116143,1765099780.529373,1765099402,1,1,3.788025,-6.887317,0.315885,0.056757,0.000682,0.000000,0.500000,0
15.118146,1765099780.529373,1765099402,1,1,3.788025,-6.198586,0.315889,0.056757,0.000943,0.000000,0.500000,0
15.120148,1765099780.529373,1765099402,1,1,3.788025,-6.198586,0.315889,0.056757,0.000039,0.000000,0.500000,0
22.486272,1765099788.095540,1765099402,1,2,-29.271099,-17.907025,0.349008,0.068468,0.000000,0.000000,0.500000,1
22.488274,1765099788.095540,1765099402,1,2,-28.582367,-18.251391,0.349008,0.068468,0.000000,0.000000,0.500000,1
22.490274,1765099788.095540,1765099402,1,2,-29.271099,-18.251391,0.349008,0.068468,0.000000,0.000000,0.500000,1
22.492277,1765099788.095540,1765099402,1,2,-28.582367,-18.595757,0.349008,0.068468,0.000000,0.000000,0.500000,1
22.494277,1765099788.095540,1765099402,1,2,-29.271099,-17.907025,0.349008,0.068468,0.000000,0.000000,0.500000,1
22.496279,1765099788.095540,1765099402,1,2,-29.271099,-17.907025,0.349008,0.068468,0.000000,0.000000,0.500000,1
22.498316,1765099788.095540,1765099402,1,2,-29.271099,-18.251391,0.349008,0.068468,0.000000,0.000000,0.500000,1
22.500280,1765099788.095540,1765099402,1,2,-28.582367,-18.251391,0.349008,0.068468,0.000000,0.000000,0.500000,1
22.502282,1765099788.095540,1765099402,1,2,-29.271099,-18.595757,0.349008,0.068468,0.000000,0.000000,0.500000,1
22.504283,1765099788.095540,1765099402,1,2,-29.271099,-18.595757,0.349008,0.068468,0.000000,0.000000,0.500000,1
22.506283,1765099788.095540,1765099402,1,2,-29.271099,-18.595757,0.349008,0.068468,0.000000,0.000000,0.500000,1
22.508286,1765099788.095540,1765099402,1,2,-29.271099,-18.251391,0.349008,0.068468,0.000000,0.000000,0.500000,1
22.510285,1765099788.095540,1765099402,1,2,-28.582367,-18.595757,0.349008,0.068468,0.000000,0.000000,0.500000,1
22.512288,1765099788.095540,1765099402,1,2,-29.271099,-18.251391,0.349008,0.068468,0.000000,0.000000,0.500000,1
22.514289,1765099788.095540,1765099402,1,2,-29.271099,-18.595757,0.349008,0.068468,0.000000,0.000000,0.500000,1
22.516292,1765099788.095540,1765099402,1,2,-27.893635,-17.907025,0.349012,0.068468,0.000872,0.000000,0.500000,1
22.518292,1765099788.095540,1765099402,1,2,-28.926733,-18.251391,0.349012,0.068468,0.000946,0.000000,0.500000,1
22.520292,1765099788.095540,1765099402,1,2,-29.271099,-18.251391,0.349012,0.068468,0.000003,0.000000,0.500000,1
22.522293,1765099788.095540,1765099402,1,2,-28.582367,-18.251391,0.349012,0.068468,0.000000,0.000000,0.500000,1
22.524301,1765099788.095540,1765099402,1,2,-29.271099,-18.940123,0.349012,0.068468,0.000000,0.000000,0.500000,1
22.526246,1765099788.095540,1765099402,1,2,-27.893635,-18.251391,0.349012,0.068468,0.000000,0.000000,0.500000,1
22.528230,1765099788.095540,1765099402,1,2,-28.926733,-17.907025,0.349012,0.068468,0.000000,0.000000,0.500000,1
22.530247,1765099788.095540,1765099402,1,2,-28.926733,-18.251391,0.349012,0.068468,0.000000,0.000000,0.500000,1
22.532261,1765099788.095540,1765099402,1,2,-28.926733,-17.907025,0.349012,0.068468,0.000000,0.000000,0.500000,1
22.534276,1765099788.095540,1765099402,1,2,-28.582367,-18.251391,0.349012,0.068468,0.000000,0.000000,0.500000,1
22.536303,1765099788.095540,1765099402,1,2,-27.893635,-17.907025,0.349012,0.068468,0.000000,0.000000,0.500000,1
22.538279,1765099788.095540,1765099402,1,2,-28.582367,-18.251391,0.349012,0.068468,0.000000,0.000000,0.500000,1
22.540280,1765099788.095540,1765099402,1,2,-29.271099,-18.595757,0.349012,0.068468,0.000000,0.000000,0.500000,1
22.542281,1765099788.095540,1765099402,1,2,-28.582367,-18.251391,0.349008,0.068468,-0.000806,0.000000,0.500000,1
22.544283,1765099788.095540,1765099402,1,2,-27.893635,-18.595757,0.349008,0.068468,-0.000945,0.000000,0.500000,1
22.546285,1765099788.095540,1765099402,1,2,-27.893635,-18.251391,0.349008,0.068468,-0.000140,0.000000,0.500000,1
22.548284,1765099788.095540,1765099402,1,2,-29.271099,-18.251391,0.349008,0.068468,0.000000,0.000000,0.500000,1
22.550318,1765099788.095540,1765099402,1,2,-28.582367,-18.251391,0.349008,0.068468,0.000000,0.000000,0.500000,1
22.552286,1765099788.095540,1765099402,1,2,-29.271099,-17.907025,0.349008,0.068468,0.000000,0.000000,0.500000,1
22.554288,1765099788.095540,1765099402,1,2,-27.893635,-18.251391,0.349008,0.068468,0.000000,0.000000,0.500000,1
22.556272,1765099788.095540,1765099402,1,2,-28.926733,-18.251391,0.349008,0.068468,0.000000,0.000000,0.500000,1
22.558273,1765099788.095540,1765099402,1,2,-29.271099,-18.251391,0.349008,0.068468,0.000000,0.000000,0.500000,1
22.560274,1765099788.095540,1765099402,1,2,-28.582367,-17.907025,0.349008,0.068468,0.000000,0.000000,0.500000,1
22.562275,1765099788.095540,1765099402,1,2,-28.582367,-18.251391,0.349008,0.068468,0.000000,0.000000,0.500000,1
22.564276,1765099788.095540,1765099402,1,2,-27.893635,-18.595757,0.349008,0.068468,0.000000,0.000000,0.500000,1
22.566277,1765099788.095540,1765099402,1,2,-29.271099,-18.595757,0.349008,0.068468,0.000000,0.000000,0.500000,1
22.568278,1765099788.095540,1765099402,1,2,-27.893635,-18.251391,0.349008,0.068468,0.000000,0.000000,0.500000,1
22.570279,1765099788.095540,1765099402,1,2,-28.926733,-18.251391,0.349012,0.068468,0.000907,0.000000,0.500000,1
22.572280,1765099788.095540,1765099402,1,2,-28.926733,-18.251391,0.349012,0.068468,0.000946,0.000000,0.500000,1
22.574281,1765099788.095540,1765099402,1,2,-29.271099,-17.907025,0.349012,0.068468,0.000074,0.000000,0.500000,1
22.576289,1765099788.095540,1765099402,1,2,-28.926733,-18.251391,0.349012,0.068468,0.000000,0.000000,0.500000,1
22.578262,1765099788.095540,1765099402,1,2,-28.926733,-17.907025,0.349012,0.068468,0.000000,0.000000,0.500000,1
22.580212,1765099788.095540,1765099402,1,2,-28.582367,-18.251391,0.349012,0.068468,0.000000,0.000000,0.500000,1
22.582207,1765099788.095540,1765099402,1,2,-28.926733,-17.907025,0.349012,0.068468,0.000000,0.000000,0.500000,1
22.584217,1765099788.095540,1765099402,1,2,-29.271099,-18.595757,0.349012,0.068468,0.000000,0.000000,0.500000,1
22.586218,1765099788.095540,1765099402,1,2,-29.271099,-18.251391,0.349012,0.068468,0.000000,0.000000,0.500000,1
22.588264,1765099788.095540,1765099402,1,2,-29.271099,-18.251391,0.349012,0.068468,0.000000,0.000000,0.500000,1
22.590220,1765099788.095540,1765099402,1,2,-28.926733,-18.595757,0.349012,0.068468,0.000000,0.000000,0.500000,1
22.592221,1765099788.095540,1765099402,1,2,-27.893635,-18.251391,0.349012,0.068468,0.000000,0.000000,0.500000,1
22.594222,1765099788.095540,1765099402,1,2,-29.271099,-17.907025,0.349012,0.068468,0.000000,0.000000,0.500000,1
22.596223,1765099788.095540,1765099402,1,2,-27.893635,-18.251391,0.349012,0.068468,0.000000,0.000000,0.500000,1
22.598333,1765099788.095540,1765099402,1,2,-27.893635,-17.907025,0.349012,0.068468,0.000000,0.000000,0.500000,1
22.600332,1765099788.095540,1765099402,1,2,-28.926733,-18.251391,0.349012,0.068468,0.000000,0.000000,0.500000,1
22.602371,1765099788.095540,1765099402,1,2,-29.271099,-18.940123,0.349012,0.068468,0.000000,0.000000,0.500000,1
22.604335,1765099788.095540,1765099402,1,2,-28.238001,-18.595757,0.349012,0.068468,0.000000,0.000000,0.500000,1
22.606335,1765099788.095540,1765099402,1,2,-27.893635,-17.907025,0.349012,0.068468,0.000000,0.000000,0.500000,1
22.608338,1765099788.095540,1765099402,1,2,-29.271099,-18.940123,0.349012,0.068468,0.000000,0.000000,0.500000,1
22.610338,1765099788.095540,1765099402,1,2,-28.926733,-17.907025,0.349012,0.068468,0.000000,0.000000,0.500000,1
22.612339,1765099788.095540,1765099402,1,2,-29.271099,-18.251391,0.349012,0.068472,0.000000,0.000935,0.500000,1
22.614341,1765099788.095540,1765099402,1,2,-28.926733,-18.595757,0.349012,0.068472,0.000000,0.000946,0.500000,1
22.616342,1765099788.095540,1765099402,1,2,-29.271099,-17.907025,0.349012,0.068472,0.000000,0.000011,0.500000,1
22.618343,1765099788.095540,1765099402,1,2,-28.926733,-17.907025,0.349012,0.068472,0.000000,0.000000,0.500000,1
22.620344,1765099788.095540,1765099402,1,2,-28.582367,-17.907025,0.349012,0.068472,0.000000,0.000000,0.500000,1
22.622346,1765099788.095540,1765099402,1,2,-28.582367,-18.595757,0.349012,0.068472,0.000000,0.000000,0.500000,1
22.624346,1765099788.095540,1765099402,1,2,-29.271099,-18.595757,0.349012,0.068472,0.000000,0.000000,0.500000,1
22.626348,1765099788.095540,1765099402,1,2,-29.271099,-18.595757,0.349012,0.068472,0.000000,0.000000,0.500000,1
22.628382,1765099788.095540,1765099402,1,2,-28.582367,-17.907025,0.349012,0.068472,0.000000,0.000000,0.500000,1
22.630327,1765099788.095540,1765099402,1,2,-28.926733,-18.940123,0.349012,0.068472,0.000000,0.000000,0.500000,1
22.632328,1765099788.095540,1765099402,1,2,-29.271099,-17.907025,0.349012,0.068472,0.000000,0.000000,0.500000,1
22.634329,1765099788.095540,1765099402,1,2,-29.271099,-17.907025,0.349012,0.068472,0.000000,0.000000,0.500000,1
22.636330,1765099788.095540,1765099402,1,2,-27.893635,-18.251391,0.349016,0.068472,0.000946,0.000000,0.500000,1
22.638331,1765099788.095540,1765099402,1,2,-29.271099,-18.251391,0.349016,0.068472,0.000074,0.000000,0.500000,1
22.640333,1765099788.095540,1765099402,1,2,-29.271099,-18.595757,0.349016,0.068472,0.000011,0.000000,0.500000,1
22.642336,1765099788.095540,1765099402,1,2,-29.271099,-18.595757,0.349016,0.068472,0.000000,0.000000,0.500000,1
22.644318,1765099788.095540,1765099402,1,2,-28.926733,-17.907025,0.349016,0.068472,0.000000,0.000000,0.500000,1
22.646319,1765099788.095540,1765099402,1,2,-29.271099,-17.907025,0.349016,0.068472,0.000000,0.000000,0.500000,1
22.648320,1765099788.095540,1765099402,1,2,-27.893635,-18.595757,0.349016,0.068472,0.000000,0.000000,0.500000,1
22.650321,1765099788.095540,1765099402,1,2,-28.582367,-18.251391,0.349016,0.068472,0.000000,0.000000,0.500000,1
22.652322,1765099788.095540,1765099402,1,2,-28.926733,-18.251391,0.349016,0.068472,0.000446,0.000000,0.500000,1
22.654353,1765099788.095540,1765099402,1,2,-28.926733,-17.907025,0.349020,0.068472,0.000940,0.000000,0.500000,1
22.656325,1765099788.095540,1765099402,1,2,-28.926733,-18.251391,0.349020,0.068472,0.000946,0.000000,0.500000,1
22.658325,1765099788.095540,1765099402,1,2,-29.271099,-17.907025,0.349020,0.068472,0.000074,0.000000,0.500000,1
22.660326,1765099788.095540,1765099402,1,2,-29.271099,-17.907025,0.349023,0.068472,0.000941,0.000682,0.500000,1
22.662328,1765099788.095540,1765099402,1,2,-29.271099,-18.251391,0.349027,0.068475,0.000946,0.000945,0.500000,1
22.664328,1765099788.095540,1765099402,1,2,-28.582367,-17.907025,0.349027,0.068475,0.000946,0.000265,0.500000,1
22.666330,1765099788.095540,1765099402,1,2,-28.582367,-17.907025,0.349031,0.068475,0.001819,0.000003,0.500000,1
22.668318,1765099788.095540,1765099402,1,2,-29.271099,-18.251391,0.349035,0.068475,0.001638,0.000000,0.500000,1
22.670321,1765099788.095540,1765099402,1,2,-29.271099,-18.251391,0.349039,0.068475,0.001666,0.000000,0.500000,1
22.672320,1765099788.095540,1765099402,1,2,-28.582367,-17.907025,0.349042,0.068475,0.001883,0.000000,0.500000,1
22.674322,1765099788.095540,1765099402,1,2,-29.271099,-18.251391,0.349046,0.068475,0.001911,0.000000,0.500000,1
22.676322,1765099788.095540,1765099402,1,2,-28.582367,-18.251391,0.349050,0.068475,0.002084,0.000000,0.500000,1
22.678346,1765099788.095540,1765099402,1,2,-28.582367,-18.251391,0.349054,0.068475,0.002019,0.000000,0.500000,1
22.680348,1765099788.095540,1765099402,1,2,-28.926733,-18.251391,0.349057,0.068475,0.001893,0.000806,0.500000,1
22.682325,1765099788.095540,1765099402,1,2,-28.926733,-17.907025,0.349065,0.068479,0.002772,0.000946,0.500000,1
22.684327,1765099788.095540,1765099402,1,2,-29.271099,-17.907025,0.349073,0.068479,0.002833,0.000140,0.500000,1
22.686251,1765099788.095540,1765099402,1,2,-28.926733,-17.907025,0.349073,0.068479,0.002838,0.000001,0.500000,1
30.061137,1765099795.668518,1765099402,1,3,-17.907025,-0.344366,0.337585,0.050667,0.000000,0.000000,0.500000,1
30.063341,1765099795.668518,1765099402,1,3,-17.562659,-0.344366,0.337585,0.050667,0.000000,0.000000,0.500000,1
30.065122,1765099795.668518,1765099402,1,3,-17.562659,-0.344366,0.337585,0.050667,0.000000,0.000000,0.500000,1
30.067138,1765099795.668518,1765099402,1,3,-17.907025,-0.688732,0.337585,0.050667,0.000000,0.000000,0.500000,1
30.069119,1765099795.668518,1765099402,1,3,-17.907025,-0.344366,0.337585,0.050667,0.000000,0.000000,0.500000,1
30.071113,1765099795.668518,1765099402,1,3,-17.562659,-0.344366,0.337585,0.050667,0.000000,0.000000,0.500000,1
30.073134,1765099795.668518,1765099402,1,3,-17.562659,-0.344366,0.337585,0.050667,0.000000,0.000000,0.500000,1
30.075116,1765099795.668518,1765099402,1,3,-17.562659,-0.344366,0.337585,0.050667,0.000000,0.000000,0.500000,1
30.077130,1765099795.668518,1765099402,1,3,-18.251391,-0.344366,0.337585,0.050667,0.000000,0.000000,0.500000,1
30.079127,1765099795.668518,1765099402,1,3,-17.218293,-0.344366,0.337585,0.050667,0.000000,0.000000,0.500000,1
30.081127,1765099795.668518,1765099402,1,3,-17.562659,-0.344366,0.337585,0.050667,0.000000,0.000000,0.500000,1
30.083126,1765099795.668518,1765099402,1,3,-17.218293,-0.344366,0.337585,0.050667,0.000000,0.000000,0.500000,1
30.085154,1765099795.668518,1765099402,1,3,-17.218293,0.000000,0.337585,0.050667,0.000000,0.000000,0.500000,1
30.087152,1765099795.668518,1765099402,1,3,-17.562659,-0.344366,0.337585,0.050667,0.000000,0.000000,0.500000,1
30.089126,1765099795.668518,1765099402,1,3,-17.562659,-0.344366,0.337585,0.050667,0.000000,0.000000,0.500000,1
30.091127,1765099795.668518,1765099402,1,3,-17.562659,-0.344366,0.337585,0.050667,0.000000,0.000000,0.500000,1
30.093131,1765099795.668518,1765099402,1,3,-17.218293,-0.344366,0.337585,0.050667,0.000000,0.000000,0.500000,1
30.095123,1765099795.668518,1765099402,1,3,-17.562659,-0.344366,0.337585,0.050667,0.000000,0.000000,0.500000,1
30.097123,1765099795.668518,1765099402,1,3,-17.562659,-0.344366,0.337585,0.050667,0.000000,0.000000,0.500000,1
30.099123,1765099795.668518,1765099402,1,3,-17.218293,-0.344366,0.337585,0.050667,0.000000,0.000000,0.500000,1
30.101123,1765099795.668518,1765099402,1,3,-17.562659,-0.344366,0.337585,0.050667,0.000000,0.000000,0.500000,1
30.103126,1765099795.668518,1765099402,1,3,-17.562659,-0.688732,0.337585,0.050667,0.000000,0.000000,0.500000,1
30.105129,1765099795.668518,1765099402,1,3,-17.218293,-0.344366,0.337585,0.050667,0.000000,0.000000,0.500000,1
30.107134,1765099795.668518,1765099402,1,3,-17.907025,-0.344366,0.337585,0.050667,0.000000,0.000000,0.500000,1
30.109139,1765099795.668518,1765099402,1,3,-17.218293,-0.344366,0.337585,0.050667,0.000000,0.000000,0.500000,1
30.111144,1765099795.668518,1765099402,1,3,-17.562659,-0.344366,0.337585,0.050667,0.000000,0.000000,0.500000,1
30.113146,1765099795.668518,1765099402,1,3,-17.562659,-1.033098,0.337585,0.050667,0.000000,0.000000,0.500000,1
30.115147,1765099795.668518,1765099402,1,3,-17.562659,-0.344366,0.337585,0.050667,0.000000,0.000000,0.500000,1
30.117149,1765099795.668518,1765099402,1,3,-17.562659,-0.344366,0.337585,0.050667,0.000000,0.000000,0.500000,1
30.119161,1765099795.668518,1765099402,1,3,-17.562659,-0.344366,0.337585,0.050667,0.000000,0.000000,0.500000,1
30.121152,1765099795.668518,1765099402,1,3,-17.562659,-0.344366,0.337585,0.050667,0.000000,0.000000,0.500000,1
30.123155,1765099795.668518,1765099402,1,3,-17.562659,-1.033098,0.337585,0.050667,0.000000,0.000000,0.500000,1
30.125155,1765099795.668518,1765099402,1,3,-17.562659,-0.344366,0.337585,0.050667,0.000000,0.000000,0.500000,1
30.127159,1765099795.668518,1765099402,1,3,-17.562659,-0.344366,0.337585,0.050667,0.000000,0.000000,0.500000,1
30.129162,1765099795.668518,1765099402,1,3,-17.218293,-0.344366,0.337585,0.050667,0.000000,0.000000,0.500000,1
30.131163,1765099795.668518,1765099402,1,3,-17.907025,-0.344366,0.337585,0.050667,0.000000,0.000000,0.500000,1
30.133163,1765099795.668518,1765099402,1,3,-17.562659,-0.344366,0.337585,0.050667,0.000000,0.000000,0.500000,1
30.135168,1765099795.668518,1765099402,1,3,-17.562659,-0.344366,0.337585,0.050667,0.000000,0.000000,0.500000,1
30.137168,1765099795.668518,1765099402,1,3,-17.218293,-0.344366,0.337585,0.050667,0.000000,0.000000,0.500000,1
30.139173,1765099795.668518,1765099402,1,3,-17.562659,-1.033098,0.337585,0.050667,0.000000,0.000000,0.500000,1
30.141174,1765099795.668518,1765099402,1,3,-17.907025,-0.344366,0.337585,0.050667,0.000000,0.000000,0.500000,1
30.143179,1765099795.668518,1765099402,1,3,-17.562659,-0.344366,0.337585,0.050667,0.000000,0.000000,0.500000,1
30.145195,1765099795.668518,1765099402,1,3,-17.562659,-0.344366,0.337585,0.050667,0.000000,0.000000,0.500000,1
30.147180,1765099795.668518,1765099402,1,3,-17.218293,-0.344366,0.337585,0.050667,0.000000,0.000000,0.500000,1
30.149186,1765099795.668518,1765099402,1,3,-17.218293,-0.344366,0.337585,0.050667,0.000000,0.000000,0.500000,1
30.151161,1765099795.668518,1765099402,1,3,-17.218293,-0.344366,0.337585,0.050667,0.000000,0.000000,0.500000,1
30.153204,1765099795.668518,1765099402,1,3,-17.562659,-0.344366,0.337585,0.050667,0.000000,0.000000,0.500000,1
30.155227,1765099795.668518,1765099402,1,3,-17.562659,-0.688732,0.337585,0.050667,0.000000,0.000000,0.500000,1
30.157244,1765099795.668518,1765099402,1,3,-18.251391,-0.688732,0.337585,0.050667,0.000000,0.000000,0.500000,1
30.159256,1765099795.668518,1765099402,1,3,-17.562659,-0.344366,0.337585,0.050667,0.000000,0.000000,0.500000,1
30.161263,1765099795.668518,1765099402,1,3,-17.562659,-0.344366,0.337585,0.050667,0.000000,0.000000,0.500000,1
30.163287,1765099795.668518,1765099402,1,3,-17.562659,-0.688732,0.337585,0.050667,0.000000,0.000000,0.500000,1
30.165287,1765099795.668518,1765099402,1,3,-17.218293,-0.688732,0.337585,0.050667,0.000000,0.000000,0.500000,1
30.167268,1765099795.668518,1765099402,1,3,-17.218293,-0.344366,0.337585,0.050667,0.000000,0.000000,0.500000,1
30.169268,1765099795.668518,1765099402,1,3,-17.907025,-0.344366,0.337585,0.050667,0.000000,0.000000,0.500000,1
30.171302,1765099795.668518,1765099402,1,3,-17.562659,-0.344366,0.337585,0.050667,0.000000,0.000000,0.500000,1
30.173271,1765099795.668518,1765099402,1,3,-17.907025,-0.344366,0.337585,0.050667,0.000000,0.000000,0.500000,1
30.175272,1765099795.668518,1765099402,1,3,-17.562659,-0.344366,0.337585,0.050667,0.000000,0.000000,0.500000,1
30.177257,1765099795.668518,1765099402,1,3,-17.562659,-0.344366,0.337585,0.050667,0.000000,0.000000,0.500000,1
30.179274,1765099795.668518,1765099402,1,3,-17.562659,-0.344366,0.337585,0.050667,0.000000,0.000000,0.500000,1
30.181258,1765099795.668518,1765099402,1,3,-17.907025,0.000000,0.337585,0.050667,0.000000,0.000000,0.500000,1
30.183259,1765099795.668518,1765099402,1,3,-17.562659,-0.344366,0.337585,0.050667,0.000000,0.000000,0.500000,1
30.185260,1765099795.668518,1765099402,1,3,-17.907025,-0.344366,0.337585,0.050667,0.000000,0.000000,0.500000,1
30.187261,1765099795.668518,1765099402,1,3,-17.562659,-0.344366,0.337585,0.050667,0.000000,0.000000,0.500000,1
30.189262,1765099795.668518,1765099402,1,3,-17.562659,-0.344366,0.337585,0.050667,0.000000,0.000000,0.500000,1
30.191263,1765099795.668518,1765099402,1,3,-17.562659,-0.688732,0.337585,0.050667,0.000000,0.000000,0.500000,1
30.193266,1765099795.668518,1765099402,1,3,-18.251391,-0.344366,0.337585,0.050667,0.000000,0.000000,0.500000,1
30.195253,1765099795.668518,1765099402,1,3,-17.907025,-0.344366,0.337585,0.050667,0.000000,0.000000,0.500000,1
30.197284,1765099795.668518,1765099402,1,3,-17.562659,-0.344366,0.337585,0.050667,0.000000,0.000000,0.500000,1
30.199254,1765099795.668518,1765099402,1,3,-17.562659,-0.344366,0.337585,0.050667,0.000000,0.000000,0.500000,1
30.201255,1765099795.668518,1765099402,1,3,-17.562659,-0.344366,0.337585,0.050667,0.000000,0.000000,0.500000,1
30.203256,1765099795.668518,1765099402,1,3,-17.218293,-0.344366,0.337585,0.050667,0.000000,0.000000,0.500000,1
30.205257,1765099795.668518,1765099402,1,3,-17.907025,-0.344366,0.337585,0.050667,0.000000,0.000000,0.500000,1
30.207258,1765099795.668518,1765099402,1,3,-17.562659,-0.344366,0.337585,0.050667,0.000000,0.000000,0.500000,1
30.209260,1765099795.668518,1765099402,1,3,-17.218293,-0.344366,0.337585,0.050667,0.000000,0.000000,0.500000,1
30.211261,1765099795.668518,1765099402,1,3,-17.562659,-0.344366,0.337585,0.050667,0.000000,0.000000,0.500000,1
30.213261,1765099795.668518,1765099402,1,3,-17.562659,-0.344366,0.337585,0.050667,0.000000,0.000000,0.500000,1
30.215261,1765099795.668518,1765099402,1,3,-17.562659,-0.344366,0.337585,0.050667,0.000000,0.000000,0.500000,1
30.217262,1765099795.668518,1765099402,1,3,-17.562659,-0.344366,0.337585,0.050667,0.000000,0.000000,0.500000,1
30.219264,1765099795.668518,1765099402,1,3,-17.218293,-0.344366,0.337585,0.050667,0.000000,0.000000,0.500000,1
30.221265,1765099795.668518,1765099402,1,3,-17.218293,-0.344366,0.337585,0.050667,0.000000,0.000000,0.500000,1
30.223289,1765099795.668518,1765099402,1,3,-17.562659,-0.344366,0.337585,0.050667,0.000000,0.000000,0.500000,1
30.225290,1765099795.668518,1765099402,1,3,-17.218293,-0.344366,0.337585,0.050667,0.000000,0.000000,0.500000,1
30.227233,1765099795.668518,1765099402,1,3,-17.562659,-0.344366,0.337585,0.050667,0.000000,0.000000,0.500000,1
30.229232,1765099795.668518,1765099402,1,3,-17.218293,-0.688732,0.337585,0.050667,0.000000,0.000000,0.500000,1
30.231234,1765099795.668518,1765099402,1,3,-17.562659,-0.344366,0.337585,0.050667,0.000000,0.000000,0.500000,1
30.233234,1765099795.668518,1765099402,1,3,-17.907025,-0.344366,0.337585,0.050667,0.000000,0.000000,0.500000,1
30.235235,1765099795.668518,1765099402,1,3,-17.562659,-0.344366,0.337585,0.050667,0.000000,0.000000,0.500000,1
30.237235,1765099795.668518,1765099402,1,3,-17.562659,-0.344366,0.337585,0.050667,0.000000,0.000000,0.500000,1
30.239245,1765099795.668518,1765099402,1,3,-17.218293,-0.344366,0.337585,0.050667,0.000000,0.000000,0.500000,1
30.241246,1765099795.668518,1765099402,1,3,-17.907025,-0.344366,0.337585,0.050667,0.000000,0.000000,0.500000,1
30.243247,1765099795.668518,1765099402,1,3,-17.562659,-0.344366,0.337585,0.050667,0.000000,0.000000,0.500000,1
30.245247,1765099795.668518,1765099402,1,3,-17.907025,-0.344366,0.337585,0.050667,0.000000,0.000000,0.500000,1
30.247247,1765099795.668518,1765099402,1,3,-17.562659,-0.344366,0.337585,0.050667,0.000000,0.000000,0.500000,1
30.249268,1765099795.668518,1765099402,1,3,-17.218293,-0.344366,0.337585,0.050667,0.000000,0.000000,0.500000,1
30.251249,1765099795.668518,1765099402,1,3,-17.562659,-0.688732,0.337585,0.050667,0.000000,0.000000,0.500000,1
30.253258,1765099795.668518,1765099402,1,3,-17.562659,-0.344366,0.337585,0.050667,0.000000,0.000000,0.500000,1
30.255262,1765099795.668518,1765099402,1,3,-17.218293,-0.344366,0.337585,0.050667,0.000000,0.000000,0.500000,1
30.257262,1765099795.668518,1765099402,1,3,-17.218293,-0.344366,0.337585,0.050667,0.000000,0.000000,0.500000,1
30.259264,1765099795.668518,1765099402,1,3,-17.218293,0.000000,0.337585,0.050667,0.000000,0.000000,0.500000,1
37.621517,1765099803.228863,1765099402,1,4,-5.509854,2.066195,0.325779,0.047673,0.000000,0.000000,0.500000,0
37.623517,1765099803.228863,1765099402,1,4,-5.509854,2.066195,0.325779,0.047673,0.000000,0.000000,0.500000,0
37.625518,1765099803.228863,1765099402,1,4,-5.509854,1.721829,0.325779,0.047673,0.000000,0.000000,0.500000,0
37.627530,1765099803.228863,1765099402,1,4,-5.509854,1.721829,0.325779,0.047673,0.000000,0.000000,0.500000,0
37.629526,1765099803.228863,1765099402,1,4,-5.854220,1.721829,0.325779,0.047673,0.000000,0.000000,0.500000,0
37.631532,1765099803.228863,1765099402,1,4,-5.509854,2.066195,0.325779,0.047673,0.000000,0.000000,0.500000,0
37.633533,1765099803.228863,1765099402,1,4,-5.509854,2.410561,0.325779,0.047673,0.000000,0.000000,0.500000,0
37.635557,1765099803.228863,1765099402,1,4,-5.509854,2.410561,0.325779,0.047673,0.000000,0.000000,0.500000,0
37.637534,1765099803.228863,1765099402,1,4,-5.854220,2.066195,0.325779,0.047673,0.000000,0.000000,0.500000,0
37.639535,1765099803.228863,1765099402,1,4,-5.854220,2.410561,0.325779,0.047673,0.000000,0.000000,0.500000,0
37.641536,1765099803.228863,1765099402,1,4,-5.854220,2.066195,0.325779,0.047673,0.000000,0.000000,0.500000,0
37.643525,1765099803.228863,1765099402,1,4,-5.165488,2.410561,0.325779,0.047673,0.000000,0.000000,0.500000,0
37.645526,1765099803.228863,1765099402,1,4,-5.165488,1.721829,0.325779,0.047673,0.000000,0.000000,0.500000,0
37.647526,1765099803.228863,1765099402,1,4,-5.509854,2.410561,0.325779,0.047673,0.000000,0.000000,0.500000,0
37.649517,1765099803.228863,1765099402,1,4,-5.509854,2.066195,0.325779,0.047673,0.000000,0.000000,0.500000,0
37.651519,1765099803.228863,1765099402,1,4,-5.165488,2.066195,0.325779,0.047673,0.000000,0.000000,0.500000,0
37.653470,1765099803.228863,1765099402,1,4,-5.165488,2.066195,0.325779,0.047673,0.000000,0.000000,0.500000,0
37.655466,1765099803.228863,1765099402,1,4,-5.165488,2.066195,0.325779,0.047673,0.000000,0.000000,0.500000,0
37.657528,1765099803.228863,1765099402,1,4,-5.509854,2.066195,0.325779,0.047673,0.000000,0.000000,0.500000,0
37.659530,1765099803.228863,1765099402,1,4,-5.509854,1.721829,0.325779,0.047673,0.000000,0.000000,0.500000,0
37.661549,1765099803.228863,1765099402,1,4,-5.509854,2.066195,0.325779,0.047673,0.000000,0.000000,0.500000,0
37.663531,1765099803.228863,1765099402,1,4,-5.509854,2.066195,0.325779,0.047673,0.000000,0.000000,0.500000,0
37.665532,1765099803.228863,1765099402,1,4,-5.509854,2.410561,0.325779,0.047673,0.000000,0.000000,0.500000,0
37.667532,1765099803.228863,1765099402,1,4,-5.509854,2.410561,0.325779,0.047673,0.000000,0.000000,0.500000,0
37.669533,1765099803.228863,1765099402,1,4,-5.509854,2.410561,0.325779,0.047673,0.000000,0.000000,0.500000,0
37.671533,1765099803.228863,1765099402,1,4,-5.509854,2.066195,0.325779,0.047673,0.000000,0.000000,0.500000,0
37.673545,1765099803.228863,1765099402,1,4,-5.165488,2.066195,0.325779,0.047673,0.000000,0.000000,0.500000,0
37.675546,1765099803.228863,1765099402,1,4,-5.509854,2.066195,0.325779,0.047673,0.000000,0.000000,0.500000,0
37.677547,1765099803.228863,1765099402,1,4,-5.509854,2.066195,0.325779,0.047673,0.000000,0.000000,0.500000,0
37.679536,1765099803.228863,1765099402,1,4,-5.509854,2.066195,0.325779,0.047673,0.000000,0.000000,0.500000,0
37.681537,1765099803.228863,1765099402,1,4,-5.509854,2.410561,0.325779,0.047673,0.000000,0.000000,0.500000,0
37.683547,1765099803.228863,1765099402,1,4,-5.509854,2.410561,0.325779,0.047673,0.000000,0.000000,0.500000,0
37.685548,1765099803.228863,1765099402,1,4,-5.509854,2.066195,0.325779,0.047673,0.000000,0.000000,0.500000,0
37.687573,1765099803.228863,1765099402,1,4,-5.854220,1.721829,0.325779,0.047673,0.000000,0.000000,0.500000,0
37.689551,1765099803.228863,1765099402,1,4,-5.509854,2.066195,0.325779,0.047673,0.000000,0.000000,0.500000,0
37.691552,1765099803.228863,1765099402,1,4,-5.509854,2.066195,0.325779,0.047673,0.000000,0.000000,0.500000,0
37.693553,1765099803.228863,1765099402,1,4,-5.509854,2.066195,0.325779,0.047673,0.000000,0.000000,0.500000,0
37.695554,1765099803.228863,1765099402,1,4,-5.509854,2.066195,0.325779,0.047673,0.000000,0.000000,0.500000,0
37.697554,1765099803.228863,1765099402,1,4,-5.165488,2.066195,0.325779,0.047673,0.000000,0.000000,0.500000,0
37.699555,1765099803.228863,1765099402,1,4,-5.165488,2.410561,0.325779,0.047673,0.000000,0.000000,0.500000,0
37.701555,1765099803.228863,1765099402,1,4,-5.509854,2.066195,0.325779,0.047673,0.000000,0.000000,0.500000,0
37.703544,1765099803.228863,1765099402,1,4,-5.854220,2.066195,0.325779,0.047673,0.000000,0.000000,0.500000,0
37.705546,1765099803.228863,1765099402,1,4,-5.854220,2.066195,0.325779,0.047673,0.000000,0.000000,0.500000,0
37.707557,1765099803.228863,1765099402,1,4,-5.165488,2.410561,0.325779,0.047673,0.000000,0.000000,0.500000,0
37.709547,1765099803.228863,1765099402,1,4,-5.509854,2.410561,0.325779,0.047673,0.000000,0.000000,0.500000,0
37.711559,1765099803.228863,1765099402,1,4,-5.509854,2.410561,0.325779,0.047673,0.000000,0.000000,0.500000,0
37.713566,1765099803.228863,1765099402,1,4,-5.509854,2.066195,0.325779,0.047673,0.000000,0.000000,0.500000,0
37.715549,1765099803.228863,1765099402,1,4,-5.509854,2.410561,0.325779,0.047673,0.000000,0.000000,0.500000,0
37.717495,1765099803.228863,1765099402,1,4,-5.509854,1.721829,0.325779,0.047673,0.000000,0.000000,0.500000,0
37.719550,1765099803.228863,1765099402,1,4,-5.509854,2.066195,0.325779,0.047673,0.000000,0.000000,0.500000,0
37.721493,1765099803.228863,1765099402,1,4,-5.854220,2.066195,0.325779,0.047673,0.000000,0.000000,0.500000,0
37.723496,1765099803.228863,1765099402,1,4,-5.509854,2.410561,0.325779,0.047673,0.000000,0.000000,0.500000,0
37.725564,1765099803.228863,1765099402,1,4,-5.509854,2.066195,0.325779,0.047673,0.000000,0.000000,0.500000,0
37.727564,1765099803.228863,1765099402,1,4,-5.509854,2.066195,0.325779,0.047673,0.000000,0.000000,0.500000,0
37.729566,1765099803.228863,1765099402,1,4,-5.509854,2.410561,0.325779,0.047673,0.000000,0.000000,0.500000,0
37.731567,1765099803.228863,1765099402,1,4,-5.854220,2.066195,0.325779,0.047673,0.000000,0.000000,0.500000,0
37.733566,1765099803.228863,1765099402,1,4,-5.854220,2.066195,0.325779,0.047673,0.000000,0.000000,0.500000,0
37.735567,1765099803.228863,1765099402,1,4,-5.854220,2.066195,0.325779,0.047673,0.000000,0.000000,0.500000,0
37.737568,1765099803.228863,1765099402,1,4,-5.854220,2.066195,0.325779,0.047673,0.000000,0.000000,0.500000,0
37.739591,1765099803.228863,1765099402,1,4,-5.509854,2.066195,0.325779,0.047673,0.000000,0.000000,0.500000,0
37.741508,1765099803.228863,1765099402,1,4,-5.509854,2.066195,0.325779,0.047673,0.000000,0.000000,0.500000,0
37.743571,1765099803.228863,1765099402,1,4,-5.509854,2.410561,0.325779,0.047673,0.000000,0.000000,0.500000,0
37.745571,1765099803.228863,1765099402,1,4,-5.509854,2.410561,0.325779,0.047673,0.000000,0.000000,0.500000,0
37.747572,1765099803.228863,1765099402,1,4,-5.509854,2.066195,0.325779,0.047673,0.000000,0.000000,0.500000,0
37.749573,1765099803.228863,1765099402,1,4,-5.165488,2.066195,0.325779,0.047673,0.000000,0.000000,0.500000,0
37.751573,1765099803.228863,1765099402,1,4,-5.165488,2.066195,0.325779,0.047673,0.000000,0.000000,0.500000,0
37.753562,1765099803.228863,1765099402,1,4,-5.509854,2.410561,0.325779,0.047673,0.000000,0.000000,0.500000,0
37.755563,1765099803.228863,1765099402,1,4,-5.165488,2.066195,0.325779,0.047673,0.000000,0.000000,0.500000,0
37.757564,1765099803.228863,1765099402,1,4,-5.509854,1.721829,0.325779,0.047673,0.000000,0.000000,0.500000,0
37.759564,1765099803.228863,1765099402,1,4,-5.509854,1.721829,0.325779,0.047673,0.000000,0.000000,0.500000,0
37.761565,1765099803.228863,1765099402,1,4,-5.165488,2.410561,0.325779,0.047673,0.000000,0.000000,0.500000,0
37.763567,1765099803.228863,1765099402,1,4,-5.509854,2.066195,0.325779,0.047673,0.000000,0.000000,0.500000,0
37.765584,1765099803.228863,1765099402,1,4,-5.165488,2.410561,0.325779,0.047673,0.000000,0.000000,0.500000,0
37.767567,1765099803.228863,1765099402,1,4,-5.854220,2.066195,0.325779,0.047673,0.000000,0.000000,0.500000,0
37.769579,1765099803.228863,1765099402,1,4,-5.509854,2.066195,0.325779,0.047673,0.000000,0.000000,0.500000,0
37.771580,1765099803.228863,1765099402,1,4,-5.509854,2.066195,0.325779,0.047673,0.000000,0.000000,0.500000,0
37.773580,1765099803.228863,1765099402,1,4,-5.854220,1.721829,0.325779,0.047673,0.000000,0.000000,0.500000,0
37.775583,1765099803.228863,1765099402,1,4,-5.509854,1.721829,0.325779,0.047673,0.000000,0.000000,0.500000,0
37.777582,1765099803.228863,1765099402,1,4,-5.509854,1.721829,0.325779,0.047673,0.000000,0.000000,0.500000,0
37.779583,1765099803.228863,1765099402,1,4,-5.509854,2.066195,0.325779,0.047673,0.000000,0.000000,0.500000,0
37.781572,1765099803.228863,1765099402,1,4,-5.509854,2.410561,0.325779,0.047673,0.000000,0.000000,0.500000,0
37.783573,1765099803.228863,1765099402,1,4,-5.854220,2.066195,0.325779,0.047673,0.000000,0.000000,0.500000,0
37.785585,1765099803.228863,1765099402,1,4,-5.165488,2.410561,0.325779,0.047673,0.000000,0.000000,0.500000,0
37.787585,1765099803.228863,1765099402,1,4,-5.165488,2.410561,0.325779,0.047673,0.000000,0.000000,0.500000,0
37.789586,1765099803.228863,1765099402,1,4,-5.509854,2.066195,0.325779,0.047673,0.000000,0.000000,0.500000,0
37.791609,1765099803.228863,1765099402,1,4,-5.165488,2.066195,0.325779,0.047673,0.000000,0.000000,0.500000,0
37.793588,1765099803.228863,1765099402,1,4,-5.509854,2.066195,0.325779,0.047673,0.000000,0.000000,0.500000,0
37.795589,1765099803.228863,1765099402,1,4,-5.854220,2.066195,0.325779,0.047673,0.000000,0.000000,0.500000,0
37.797590,1765099803.228863,1765099402,1,4,-5.854220,2.066195,0.325779,0.047673,0.000000,0.000000,0.500000,0
37.799590,1765099803.228863,1765099402,1,4,-5.509854,2.066195,0.325779,0.047673,0.000000,0.000000,0.500000,0
37.801592,1765099803.228863,1765099402,1,4,-5.509854,2.410561,0.325779,0.047673,0.000000,0.000000,0.500000,0
37.803592,1765099803.228863,1765099402,1,4,-5.509854,2.410561,0.325779,0.047673,0.000000,0.000000,0.500000,0
37.805593,1765099803.228863,1765099402,1,4,-5.165488,2.410561,0.325779,0.047673,0.000000,0.000000,0.500000,0
37.807592,1765099803.228863,1765099402,1,4,-5.165488,2.066195,0.325779,0.047673,0.000000,0.000000,0.500000,0
37.809594,1765099803.228863,1765099402,1,4,-5.509854,2.066195,0.325779,0.047673,0.000000,0.000000,0.500000,0
37.811594,1765099803.228863,1765099402,1,4,-5.854220,2.066195,0.325779,0.047673,0.000000,0.000000,0.500000,0
37.813595,1765099803.228863,1765099402,1,4,-5.509854,1.721829,0.325779,0.047673,0.000000,0.000000,0.500000,0
37.815597,1765099803.228863,1765099402,1,4,-5.854220,2.066195,0.325779,0.047673,0.000000,0.000000,0.500000,0
37.817600,1765099803.228863,1765099402,1,4,-5.509854,2.066195,0.325779,0.047673,0.000000,0.000000,0.500000,0
37.819586,1765099803.228863,1765099402,1,4,-5.165488,2.410561,0.325779,0.047673,0.000000,0.000000,0.500000,0
45.186921,1765099810.794289,1765099402,1,5,-23.761245,-30.648562,0.344432,0.080588,-0.000006,0.000000,0.500000,1
45.188922,1765099810.794289,1765099402,1,5,-24.105611,-30.304196,0.344432,0.080588,-0.000001,0.000000,0.500000,1
45.190923,1765099810.794289,1765099402,1,5,-24.105611,-30.304196,0.344436,0.080588,0.000935,0.000000,0.500000,1
45.192924,1765099810.794289,1765099402,1,5,-23.761245,-29.959830,0.344436,0.080588,0.000946,0.000000,0.500000,1
45.194924,1765099810.794289,1765099402,1,5,-23.761245,-30.304196,0.344436,0.080588,0.000011,0.000000,0.500000,1
45.196925,1765099810.794289,1765099402,1,5,-23.761245,-30.304196,0.344436,0.080588,0.000000,0.000000,0.500000,1
45.198942,1765099810.794289,1765099402,1,5,-24.105611,-30.304196,0.344432,0.080588,-0.000935,0.000000,0.500000,1
45.200927,1765099810.794289,1765099402,1,5,-24.449976,-30.304196,0.344432,0.080588,-0.000945,0.000000,0.500000,1
45.202928,1765099810.794289,1765099402,1,5,-23.761245,-30.304196,0.344436,0.080588,0.000795,0.000000,0.500000,1
45.204972,1765099810.794289,1765099402,1,5,-23.761245,-30.304196,0.344436,0.080588,0.000946,0.000000,0.500000,1
45.206929,1765099810.794289,1765099402,1,5,-23.761245,-30.304196,0.344436,0.080588,0.000001,0.000000,0.500000,1
45.208930,1765099810.794289,1765099402,1,5,-24.794342,-30.304196,0.344436,0.080588,0.000000,0.000000,0.500000,1
45.210931,1765099810.794289,1765099402,1,5,-24.794342,-30.304196,0.344436,0.080588,0.000000,0.000000,0.500000,1
45.212932,1765099810.794289,1765099402,1,5,-23.761245,-30.304196,0.344436,0.080588,0.000000,0.000000,0.500000,1
45.214932,1765099810.794289,1765099402,1,5,-23.761245,-30.648562,0.344436,0.080588,0.000000,0.000000,0.500000,1
45.216933,1765099810.794289,1765099402,1,5,-24.105611,-30.304196,0.344436,0.080588,0.000000,0.000000,0.500000,1
45.218934,1765099810.794289,1765099402,1,5,-23.761245,-30.304196,0.344436,0.080588,0.000000,0.000000,0.500000,1
45.220935,1765099810.794289,1765099402,1,5,-24.105611,-29.959830,0.344436,0.080588,0.000000,0.000000,0.500000,1
45.222936,1765099810.794289,1765099402,1,5,-24.105611,-30.648562,0.344436,0.080588,0.000000,0.000000,0.500000,1
45.224937,1765099810.794289,1765099402,1,5,-24.105611,-30.304196,0.344436,0.080588,0.000000,0.000000,0.500000,1
45.226937,1765099810.794289,1765099402,1,5,-24.794342,-30.648562,0.344436,0.080588,0.000000,0.000000,0.500000,1
45.228954,1765099810.794289,1765099402,1,5,-23.761245,-30.648562,0.344436,0.080588,0.000000,0.000000,0.500000,1
45.230978,1765099810.794289,1765099402,1,5,-24.105611,-29.615464,0.344436,0.080588,0.000000,0.000000,0.500000,1
45.232956,1765099810.794289,1765099402,1,5,-24.105611,-30.304196,0.344436,0.080588,0.000000,0.000000,0.500000,1
45.234941,1765099810.794289,1765099402,1,5,-24.105611,-30.304196,0.344436,0.080588,0.000000,0.000000,0.500000,1
45.236957,1765099810.794289,1765099402,1,5,-24.105611,-30.304196,0.344436,0.080588,0.000000,0.000000,0.500000,1
45.238960,1765099810.794289,1765099402,1,5,-24.105611,-29.615464,0.344436,0.080588,0.000000,0.000000,0.500000,1
45.240960,1765099810.794289,1765099402,1,5,-24.449976,-30.304196,0.344436,0.080588,0.000000,0.000000,0.500000,1
45.242960,1765099810.794289,1765099402,1,5,-24.105611,-30.648562,0.344436,0.080588,0.000000,0.000000,0.500000,1
45.244962,1765099810.794289,1765099402,1,5,-24.105611,-30.648562,0.344436,0.080588,0.000000,0.000000,0.500000,1
45.246962,1765099810.794289,1765099402,1,5,-24.105611,-30.304196,0.344436,0.080588,0.000000,0.000000,0.500000,1
45.248963,1765099810.794289,1765099402,1,5,-23.761245,-30.648562,0.344436,0.080588,0.000000,0.000000,0.500000,1
45.250963,1765099810.794289,1765099402,1,5,-23.761245,-30.304196,0.344436,0.080588,0.000000,0.000000,0.500000,1
45.252977,1765099810.794289,1765099402,1,5,-24.105611,-30.648562,0.344436,0.080588,0.000000,0.000000,0.500000,1
45.254951,1765099810.794289,1765099402,1,5,-24.105611,-30.648562,0.344436,0.080588,0.000000,0.000000,0.500000,1
45.256974,1765099810.794289,1765099402,1,5,-23.761245,-30.304196,0.344436,0.080588,0.000000,0.000000,0.500000,1
45.258952,1765099810.794289,1765099402,1,5,-24.105611,-30.648562,0.344436,0.080588,0.000000,0.000000,0.500000,1
45.260953,1765099810.794289,1765099402,1,5,-24.449976,-30.304196,0.344436,0.080588,0.000000,0.000000,0.500000,1
45.262953,1765099810.794289,1765099402,1,5,-24.105611,-29.615464,0.344436,0.080588,0.000000,0.000000,0.500000,1
45.264955,1765099810.794289,1765099402,1,5,-23.761245,-30.304196,0.344436,0.080588,0.000000,0.000000,0.500000,1
45.266955,1765099810.794289,1765099402,1,5,-24.105611,-30.648562,0.344436,0.080588,0.000000,0.000000,0.500000,1
45.268956,1765099810.794289,1765099402,1,5,-24.449976,-30.304196,0.344436,0.080588,0.000000,0.000000,0.500000,1
45.270956,1765099810.794289,1765099402,1,5,-24.105611,-30.304196,0.344436,0.080588,0.000000,0.000000,0.500000,1
45.272958,1765099810.794289,1765099402,1,5,-24.105611,-30.304196,0.344436,0.080588,0.000000,0.000000,0.500000,1
45.274959,1765099810.794289,1765099402,1,5,-24.105611,-30.648562,0.344436,0.080588,0.000000,0.000000,0.500000,1
45.276960,1765099810.794289,1765099402,1,5,-24.105611,-30.648562,0.344436,0.080588,0.000000,0.000000,0.500000,1
45.278960,1765099810.794289,1765099402,1,5,-24.105611,-30.648562,0.344436,0.080588,0.000000,0.000000,0.500000,1
45.280961,1765099810.794289,1765099402,1,5,-24.449976,-30.304196,0.344436,0.080588,0.000000,0.000000,0.500000,1
45.282983,1765099810.794289,1765099402,1,5,-24.105611,-30.648562,0.344436,0.080588,0.000000,0.000000,0.500000,1
45.284962,1765099810.794289,1765099402,1,5,-24.105611,-30.304196,0.344436,0.080588,0.000000,0.000000,0.500000,1
45.286964,1765099810.794289,1765099402,1,5,-23.761245,-29.615464,0.344436,0.080588,0.000000,0.000000,0.500000,1
45.288964,1765099810.794289,1765099402,1,5,-23.761245,-30.304196,0.344436,0.080588,0.000000,0.000000,0.500000,1
45.290978,1765099810.794289,1765099402,1,5,-24.105611,-30.304196,0.344436,0.080588,0.000000,0.000000,0.500000,1
45.292981,1765099810.794289,1765099402,1,5,-23.761245,-30.304196,0.344436,0.080588,0.000000,0.000000,0.500000,1
45.294982,1765099810.794289,1765099402,1,5,-24.105611,-30.304196,0.344436,0.080588,0.000000,0.000000,0.500000,1
45.296983,1765099810.794289,1765099402,1,5,-24.105611,-30.304196,0.344436,0.080588,0.000000,0.000000,0.500000,1
45.298984,1765099810.794289,1765099402,1,5,-24.105611,-30.304196,0.344436,0.080588,0.000000,0.000000,0.500000,1
45.300979,1765099810.794289,1765099402,1,5,-24.449976,-30.648562,0.344436,0.080588,0.000000,0.000000,0.500000,1
45.302985,1765099810.794289,1765099402,1,5,-24.449976,-30.648562,0.344436,0.080588,0.000000,0.000000,0.500000,1
45.304987,1765099810.794289,1765099402,1,5,-23.761245,-30.304196,0.344436,0.080588,0.000000,0.000000,0.500000,1
45.306987,1765099810.794289,1765099402,1,5,-24.105611,-30.648562,0.344436,0.080588,0.000000,0.000000,0.500000,1
45.309015,1765099810.794289,1765099402,1,5,-24.105611,-30.304196,0.344436,0.080588,0.000000,0.000000,0.500000,1
45.310986,1765099810.794289,1765099402,1,5,-24.105611,-30.304196,0.344436,0.080588,0.000000,0.000000,0.500000,1
45.312990,1765099810.794289,1765099402,1,5,-24.105611,-30.304196,0.344436,0.080588,0.000000,0.000000,0.500000,1
45.314991,1765099810.794289,1765099402,1,5,-24.105611,-30.304196,0.344436,0.080588,0.000000,0.000000,0.500000,1
45.316993,1765099810.794289,1765099402,1,5,-24.105611,-30.304196,0.344436,0.080588,0.000000,0.000000,0.500000,1
45.318993,1765099810.794289,1765099402,1,5,-24.105611,-30.304196,0.344436,0.080588,0.000000,0.000000,0.500000,1
45.320995,1765099810.794289,1765099402,1,5,-24.105611,-30.304196,0.344436,0.080588,0.000000,0.000000,0.500000,1
45.322995,1765099810.794289,1765099402,1,5,-24.105611,-30.304196,0.344436,0.080588,0.000000,0.000000,0.500000,1
45.324997,1765099810.794289,1765099402,1,5,-23.761245,-30.304196,0.344436,0.080588,0.000000,0.000000,0.500000,1
45.326997,1765099810.794289,1765099402,1,5,-24.105611,-30.304196,0.344436,0.080588,0.000000,0.000000,0.500000,1
45.328998,1765099810.794289,1765099402,1,5,-24.794342,-29.959830,0.344436,0.080588,0.000000,0.000000,0.500000,1
45.330999,1765099810.794289,1765099402,1,5,-23.761245,-30.648562,0.344436,0.080588,0.000000,0.000000,0.500000,1
45.333001,1765099810.794289,1765099402,1,5,-24.105611,-30.648562,0.344436,0.080588,0.000000,0.000000,0.500000,1
45.335024,1765099810.794289,1765099402,1,5,-24.105611,-30.304196,0.344436,0.080588,0.000000,0.000000,0.500000,1
45.337004,1765099810.794289,1765099402,1,5,-23.761245,-30.304196,0.344436,0.080588,0.000000,0.000000,0.500000,1
45.339002,1765099810.794289,1765099402,1,5,-23.761245,-30.648562,0.344436,0.080588,0.000000,0.000000,0.500000,1
45.341005,1765099810.794289,1765099402,1,5,-24.105611,-30.304196,0.344436,0.080588,0.000000,0.000000,0.500000,1
45.343004,1765099810.794289,1765099402,1,5,-24.105611,-30.304196,0.344436,0.080588,0.000000,0.000000,0.500000,1
45.345006,1765099810.794289,1765099402,1,5,-24.449976,-30.648562,0.344436,0.080588,0.000000,0.000000,0.500000,1
45.347007,1765099810.794289,1765099402,1,5,-24.449976,-30.304196,0.344436,0.080588,0.000000,0.000000,0.500000,1
45.349010,1765099810.794289,1765099402,1,5,-23.761245,-30.304196,0.344436,0.080588,0.000000,0.000000,0.500000,1
45.351008,1765099810.794289,1765099402,1,5,-24.105611,-30.304196,0.344436,0.080588,0.000000,0.000000,0.500000,1
45.353011,1765099810.794289,1765099402,1,5,-24.105611,-30.304196,0.344436,0.080588,0.000000,0.000000,0.500000,1
45.355010,1765099810.794289,1765099402,1,5,-23.761245,-30.304196,0.344436,0.080588,0.000000,0.000000,0.500000,1
45.357012,1765099810.794289,1765099402,1,5,-24.105611,-30.304196,0.344436,0.080588,0.000000,0.000000,0.500000,1
45.359013,1765099810.794289,1765099402,1,5,-24.105611,-30.304196,0.344436,0.080588,0.000000,0.000000,0.500000,1
45.361041,1765099810.794289,1765099402,1,5,-24.105611,-30.648562,0.344436,0.080588,0.000000,0.000000,0.500000,1
45.362999,1765099810.794289,1765099402,1,5,-24.449976,-30.304196,0.344436,0.080588,0.000000,0.000000,0.500000,1
45.364989,1765099810.794289,1765099402,1,5,-23.761245,-30.648562,0.344436,0.080588,0.000000,0.000000,0.500000,1
45.366989,1765099810.794289,1765099402,1,5,-24.105611,-30.304196,0.344436,0.080588,0.000000,0.000000,0.500000,1
45.369000,1765099810.794289,1765099402,1,5,-23.761245,-30.304196,0.344436,0.080588,0.000000,0.000000,0.500000,1
45.371002,1765099810.794289,1765099402,1,5,-24.105611,-30.304196,0.344436,0.080588,0.000000,0.000000,0.500000,1
45.373003,1765099810.794289,1765099402,1,5,-23.761245,-30.648562,0.344436,0.080588,0.000000,0.000000,0.500000,1
45.375004,1765099810.794289,1765099402,1,5,-24.105611,-29.959830,0.344436,0.080588,0.000000,0.000000,0.500000,1
45.377004,1765099810.794289,1765099402,1,5,-24.105611,-30.304196,0.344436,0.080588,0.000000,0.000000,0.500000,1
45.379006,1765099810.794289,1765099402,1,5,-24.105611,-30.304196,0.344436,0.080588,0.000000,0.000000,0.500000,1
45.381007,1765099810.794289,1765099402,1,5,-24.105611,-30.304196,0.344436,0.080588,0.000000,0.000000,0.500000,1
45.383008,1765099810.794289,1765099402,1,5,-24.105611,-30.304196,0.344436,0.080588,0.000000,0.000000,0.500000,1
45.385007,1765099810.794289,1765099402,1,5,-24.105611,-29.959830,0.344436,0.080588,0.000000,0.000000,0.500000,1
52.746373,1765099818.353760,1765099402,1,6,-5.165488,-6.542951,0.325499,0.056692,0.000000,0.000000,0.500000,1
52.748396,1765099818.353760,1765099402,1,6,-5.165488,-6.542951,0.325499,0.056692,0.000000,0.000000,0.500000,1
52.750375,1765099818.353760,1765099402,1,6,-5.165488,-6.542951,0.325499,0.056692,0.000000,0.000000,0.500000,1
52.752375,1765099818.353760,1765099402,1,6,-5.165488,-6.887317,0.325499,0.056692,0.000000,0.000000,0.500000,1
52.754376,1765099818.353760,1765099402,1,6,-5.509854,-6.542951,0.325499,0.056692,0.000000,0.000000,0.500000,1
52.756377,1765099818.353760,1765099402,1,6,-5.165488,-6.542951,0.325499,0.056692,0.000000,0.000000,0.500000,1
52.758377,1765099818.353760,1765099402,1,6,-5.165488,-6.198586,0.325499,0.056692,0.000000,0.000000,0.500000,1
52.760379,1765099818.353760,1765099402,1,6,-5.165488,-6.542951,0.325499,0.056692,0.000000,0.000000,0.500000,1
52.762378,1765099818.353760,1765099402,1,6,-5.165488,-6.887317,0.325499,0.056692,0.000000,0.000000,0.500000,1
52.764380,1765099818.353760,1765099402,1,6,-5.165488,-6.542951,0.325499,0.056692,0.000000,0.000000,0.500000,1
52.766381,1765099818.353760,1765099402,1,6,-5.165488,-6.198586,0.325499,0.056692,0.000000,0.000000,0.500000,1
52.768400,1765099818.353760,1765099402,1,6,-5.165488,-6.542951,0.325499,0.056692,0.000000,0.000000,0.500000,1
52.770382,1765099818.353760,1765099402,1,6,-5.165488,-5.854220,0.325499,0.056692,0.000000,0.000000,0.500000,1
52.772383,1765099818.353760,1765099402,1,6,-5.165488,-6.198586,0.325499,0.056692,0.000000,0.000000,0.500000,1
52.774404,1765099818.353760,1765099402,1,6,-5.509854,-6.542951,0.325499,0.056692,0.000000,0.000000,0.500000,1
52.776384,1765099818.353760,1765099402,1,6,-5.165488,-6.542951,0.325499,0.056692,0.000000,0.000000,0.500000,1
52.778400,1765099818.353760,1765099402,1,6,-5.165488,-6.887317,0.325499,0.056692,0.000000,0.000000,0.500000,1
52.780386,1765099818.353760,1765099402,1,6,-5.165488,-6.542951,0.325499,0.056692,0.000000,0.000000,0.500000,1
52.782402,1765099818.353760,1765099402,1,6,-5.165488,-6.198586,0.325499,0.056692,0.000000,0.000000,0.500000,1
52.784403,1765099818.353760,1765099402,1,6,-5.165488,-6.542951,0.325499,0.056692,0.000000,0.000000,0.500000,1
52.786389,1765099818.353760,1765099402,1,6,-5.165488,-6.887317,0.325499,0.056692,0.000000,0.000000,0.500000,1
52.788405,1765099818.353760,1765099402,1,6,-5.509854,-6.542951,0.325499,0.056692,0.000000,0.000000,0.500000,1
52.790390,1765099818.353760,1765099402,1,6,-5.165488,-6.542951,0.325499,0.056692,0.000000,0.000000,0.500000,1
52.792406,1765099818.353760,1765099402,1,6,-5.165488,-6.198586,0.325499,0.056692,0.000000,0.000000,0.500000,1
52.794399,1765099818.353760,1765099402,1,6,-4.821122,-5.854220,0.325499,0.056692,0.000000,0.000000,0.500000,1
52.796408,1765099818.353760,1765099402,1,6,-5.165488,-6.542951,0.325499,0.056692,0.000000,0.000000,0.500000,1
52.798408,1765099818.353760,1765099402,1,6,-5.509854,-6.198586,0.325499,0.056692,0.000000,0.000000,0.500000,1
52.800438,1765099818.353760,1765099402,1,6,-5.165488,-6.887317,0.325499,0.056692,0.000000,0.000000,0.500000,1
52.802411,1765099818.353760,1765099402,1,6,-5.165488,-6.542951,0.325499,0.056692,0.000000,0.000000,0.500000,1
52.804411,1765099818.353760,1765099402,1,6,-5.165488,-6.542951,0.325499,0.056692,0.000000,0.000806,0.500000,1
52.806413,1765099818.353760,1765099402,1,6,-5.165488,-6.198586,0.325499,0.056696,0.000000,0.000935,0.500000,1
52.808414,1765099818.353760,1765099402,1,6,-5.509854,-6.542951,0.325499,0.056696,0.000000,0.000946,0.500000,1
52.810414,1765099818.353760,1765099402,1,6,-5.165488,-6.198586,0.325499,0.056696,0.000000,0.000011,0.500000,1
52.812415,1765099818.353760,1765099402,1,6,-5.509854,-5.854220,0.325499,0.056692,0.000000,-0.000935,0.500000,1
52.814417,1765099818.353760,1765099402,1,6,-5.165488,-6.198586,0.325499,0.056692,0.000000,0.000542,0.500000,1
52.816417,1765099818.353760,1765099402,1,6,-5.165488,-6.542951,0.325499,0.056696,0.000000,0.000915,0.500000,1
52.818417,1765099818.353760,1765099402,1,6,-5.165488,-6.887317,0.325499,0.056696,0.000000,0.000946,0.500000,1
52.820403,1765099818.353760,1765099402,1,6,-5.165488,-6.542951,0.325499,0.056696,0.000000,0.000021,0.500000,1
52.822404,1765099818.353760,1765099402,1,6,-5.165488,-6.542951,0.325499,0.056696,0.000000,0.000000,0.500000,1
52.824404,1765099818.353760,1765099402,1,6,-5.165488,-6.198586,0.325499,0.056696,0.000000,0.000000,0.500000,1
52.826425,1765099818.353760,1765099402,1,6,-5.165488,-6.542951,0.325499,0.056696,0.000000,0.000000,0.500000,1
52.828405,1765099818.353760,1765099402,1,6,-5.509854,-6.198586,0.325499,0.056696,0.000000,0.000000,0.500000,1
52.830406,1765099818.353760,1765099402,1,6,-5.509854,-6.542951,0.325499,0.056696,0.000000,0.000000,0.500000,1
52.832407,1765099818.353760,1765099402,1,6,-5.509854,-6.542951,0.325499,0.056696,0.000000,0.000000,0.500000,1
52.834408,1765099818.353760,1765099402,1,6,-5.165488,-6.542951,0.325499,0.056696,0.000000,0.000000,0.500000,1
52.836409,1765099818.353760,1765099402,1,6,-5.165488,-6.542951,0.325499,0.056696,0.000000,0.000000,0.500000,1
52.838409,1765099818.353760,1765099402,1,6,-5.165488,-6.542951,0.325499,0.056696,0.000000,0.000000,0.500000,1
52.840410,1765099818.353760,1765099402,1,6,-5.509854,-6.542951,0.325499,0.056696,0.000000,0.000000,0.500000,1
52.842411,1765099818.353760,1765099402,1,6,-5.509854,-6.542951,0.325499,0.056696,0.000000,0.000000,0.500000,1
52.844412,1765099818.353760,1765099402,1,6,-5.509854,-6.887317,0.325499,0.056696,0.000000,0.000000,0.500000,1
52.846412,1765099818.353760,1765099402,1,6,-5.165488,-6.542951,0.325499,0.056696,0.000000,0.000000,0.500000,1
52.848412,1765099818.353760,1765099402,1,6,-5.165488,-6.198586,0.325499,0.056696,0.000000,0.000000,0.500000,1
52.850413,1765099818.353760,1765099402,1,6,-4.821122,-6.542951,0.325499,0.056696,0.000000,0.000000,0.500000,1
52.852436,1765099818.353760,1765099402,1,6,-5.165488,-6.198586,0.325499,0.056696,0.000000,0.000000,0.500000,1
52.854415,1765099818.353760,1765099402,1,6,-5.165488,-6.198586,0.325499,0.056696,0.000000,0.000000,0.500000,1
52.856432,1765099818.353760,1765099402,1,6,-4.821122,-6.542951,0.325499,0.056696,0.000000,0.000000,0.500000,1
52.858416,1765099818.353760,1765099402,1,6,-5.165488,-6.542951,0.325499,0.056696,0.000000,0.000000,0.500000,1
52.860417,1765099818.353760,1765099402,1,6,-5.165488,-6.542951,0.325499,0.056696,0.000000,0.000000,0.500000,1
52.862434,1765099818.353760,1765099402,1,6,-5.165488,-6.542951,0.325499,0.056696,0.000000,0.000000,0.500000,1
52.864419,1765099818.353760,1765099402,1,6,-5.509854,-5.854220,0.325499,0.056696,0.000000,0.000000,0.500000,1
52.866420,1765099818.353760,1765099402,1,6,-5.854220,-6.542951,0.325499,0.056696,0.000000,0.000000,0.500000,1
52.868421,1765099818.353760,1765099402,1,6,-4.132390,-6.542951,0.325499,0.056696,0.000000,0.000000,0.500000,1
52.870437,1765099818.353760,1765099402,1,6,-5.165488,-6.542951,0.325499,0.056696,0.000000,0.000000,0.500000,1
52.872437,1765099818.353760,1765099402,1,6,-5.165488,-6.542951,0.325499,0.056696,0.000000,0.000000,0.500000,1
52.874438,1765099818.353760,1765099402,1,6,-5.509854,-6.542951,0.325499,0.056696,0.000000,0.000000,0.500000,1
52.876439,1765099818.353760,1765099402,1,6,-4.821122,-6.542951,0.325499,0.056696,0.000000,0.000000,0.500000,1
52.878463,1765099818.353760,1765099402,1,6,-5.165488,-6.542951,0.325499,0.056696,0.000000,0.000000,0.500000,1
52.880441,1765099818.353760,1765099402,1,6,-5.165488,-6.542951,0.325499,0.056696,0.000000,0.000000,0.500000,1
52.882438,1765099818.353760,1765099402,1,6,-5.509854,-6.887317,0.325499,0.056696,0.000000,0.000000,0.500000,1
52.884442,1765099818.353760,1765099402,1,6,-5.509854,-6.542951,0.325499,0.056696,0.000000,0.000000,0.500000,1
52.886443,1765099818.353760,1765099402,1,6,-5.509854,-6.542951,0.325499,0.056696,0.000000,0.000000,0.500000,1
52.888429,1765099818.353760,1765099402,1,6,-5.165488,-6.542951,0.325499,0.056696,0.000000,0.000000,0.500000,1
52.890445,1765099818.353760,1765099402,1,6,-5.165488,-6.542951,0.325499,0.056696,0.000000,0.000000,0.500000,1
52.892446,1765099818.353760,1765099402,1,6,-5.165488,-6.542951,0.325499,0.056696,0.000000,0.000000,0.500000,1
52.894447,1765099818.353760,1765099402,1,6,-5.165488,-6.542951,0.325499,0.056696,0.000000,0.000000,0.500000,1
52.896448,1765099818.353760,1765099402,1,6,-5.165488,-6.542951,0.325499,0.056696,0.000000,0.000000,0.500000,1
52.898448,1765099818.353760,1765099402,1,6,-5.509854,-6.542951,0.325499,0.056696,0.000000,0.000000,0.500000,1
52.900449,1765099818.353760,1765099402,1,6,-5.165488,-6.542951,0.325499,0.056696,0.000000,0.000000,0.500000,1
52.902450,1765099818.353760,1765099402,1,6,-5.165488,-6.542951,0.325499,0.056696,0.000000,0.000000,0.500000,1
52.904477,1765099818.353760,1765099402,1,6,-5.165488,-6.542951,0.325499,0.056696,0.000000,0.000000,0.500000,1
52.906452,1765099818.353760,1765099402,1,6,-4.476756,-6.542951,0.325499,0.056696,0.000000,0.000000,0.500000,1
52.908452,1765099818.353760,1765099402,1,6,-5.165488,-5.854220,0.325499,0.056696,0.000000,0.000000,0.500000,1
52.910453,1765099818.353760,1765099402,1,6,-5.165488,-6.542951,0.325499,0.056696,0.000000,0.000000,0.500000,1
52.912454,1765099818.353760,1765099402,1,6,-5.165488,-6.542951,0.325499,0.056696,0.000000,0.000000,0.500000,1
52.914455,1765099818.353760,1765099402,1,6,-5.165488,-6.887317,0.325499,0.056696,0.000000,0.000000,0.500000,1
52.916456,1765099818.353760,1765099402,1,6,-5.165488,-6.542951,0.325499,0.056696,0.000000,0.000000,0.500000,1
52.918456,1765099818.353760,1765099402,1,6,-5.509854,-6.542951,0.325499,0.056696,0.000000,0.000000,0.500000,1
52.920457,1765099818.353760,1765099402,1,6,-5.165488,-6.542951,0.325499,0.056696,0.000000,0.000000,0.500000,1
52.922458,1765099818.353760,1765099402,1,6,-5.165488,-6.542951,0.325499,0.056696,0.000000,0.000000,0.500000,1
52.924462,1765099818.353760,1765099402,1,6,-5.165488,-6.542951,0.325499,0.056696,0.000000,0.000000,0.500000,1
52.926445,1765099818.353760,1765099402,1,6,-5.509854,-6.887317,0.325499,0.056696,0.000000,0.000000,0.500000,1
52.928445,1765099818.353760,1765099402,1,6,-5.165488,-6.542951,0.325499,0.056696,0.000000,0.000000,0.500000,1
52.930466,1765099818.353760,1765099402,1,6,-5.509854,-6.198586,0.325499,0.056696,0.000000,0.000000,0.500000,1
52.932447,1765099818.353760,1765099402,1,6,-5.165488,-6.542951,0.325499,0.056696,0.000000,0.000000,0.500000,1
52.934437,1765099818.353760,1765099402,1,6,-4.821122,-6.542951,0.325499,0.056696,0.000000,0.000000,0.500000,1
52.936436,1765099818.353760,1765099402,1,6,-5.165488,-6.542951,0.325499,0.056696,0.000000,0.000000,0.500000,1
52.938437,1765099818.353760,1765099402,1,6,-5.165488,-6.542951,0.325499,0.056696,0.000000,0.000000,0.500000,1
52.940449,1765099818.353760,1765099402,1,6,-5.165488,-6.542951,0.325499,0.056696,0.000000,0.000000,0.500000,1
52.942450,1765099818.353760,1765099402,1,6,-5.165488,-6.542951,0.325499,0.056696,0.000000,0.000000,0.500000,1
52.944451,1765099818.353760,1765099402,1,6,-5.165488,-6.542951,0.325499,0.056696,0.000000,0.000000,0.500000,1
60.301505,1765099825.909108,1765099402,1,7,2.066195,6.198586,0.317653,0.043808,0.000000,0.000000,0.500000,0
60.303506,1765099825.909108,1765099402,1,7,2.410561,5.854220,0.317653,0.043812,0.000806,0.000872,0.500000,0
60.305506,1765099825.909108,1765099402,1,7,2.410561,5.854220,0.317657,0.043812,0.000946,0.000946,0.500000,0
60.307507,1765099825.909108,1765099402,1,7,2.410561,5.854220,0.317657,0.043812,0.000011,0.000011,0.500000,0
60.309539,1765099825.909108,1765099402,1,7,2.410561,5.854220,0.317657,0.043812,0.000000,0.000001,0.500000,0
60.311521,1765099825.909108,1765099402,1,7,2.066195,6.198586,0.317657,0.043812,0.000000,0.000000,0.500000,0
60.313446,1765099825.909108,1765099402,1,7,2.410561,5.854220,0.317657,0.043812,0.000000,0.000000,0.500000,0
60.315449,1765099825.909108,1765099402,1,7,2.066195,5.854220,0.317660,0.043812,0.000946,0.000000,0.500000,0
60.317477,1765099825.909108,1765099402,1,7,1.721829,6.198586,0.317660,0.043812,0.000140,0.000000,0.500000,0
60.319462,1765099825.909108,1765099402,1,7,2.066195,5.854220,0.317660,0.043812,0.000011,0.000000,0.500000,0
60.321462,1765099825.909108,1765099402,1,7,2.410561,6.198586,0.317660,0.043812,0.000000,0.000000,0.500000,0
60.323473,1765099825.909108,1765099402,1,7,2.410561,5.509854,0.317660,0.043812,0.000000,0.000000,0.500000,0
60.325474,1765099825.909108,1765099402,1,7,1.721829,5.509854,0.317660,0.043812,0.000000,0.000000,0.500000,0
60.327473,1765099825.909108,1765099402,1,7,2.066195,6.198586,0.317660,0.043812,0.000000,0.000000,0.500000,0
60.329476,1765099825.909108,1765099402,1,7,1.721829,5.509854,0.317660,0.043812,0.000000,0.000000,0.500000,0
60.331475,1765099825.909108,1765099402,1,7,1.721829,5.509854,0.317660,0.043812,0.000000,0.000000,0.500000,0
60.333476,1765099825.909108,1765099402,1,7,2.410561,5.509854,0.317660,0.043812,0.000000,0.000000,0.500000,0
60.335476,1765099825.909108,1765099402,1,7,2.066195,5.854220,0.317660,0.043812,0.000000,0.000000,0.500000,0
60.337479,1765099825.909108,1765099402,1,7,2.066195,5.854220,0.317660,0.043816,0.000000,0.000940,0.500000,0
60.339480,1765099825.909108,1765099402,1,7,2.066195,6.198586,0.317660,0.043816,0.000000,0.000946,0.500000,0
60.341480,1765099825.909108,1765099402,1,7,2.066195,6.198586,0.317664,0.043816,0.000872,0.000039,0.500000,0
60.343502,1765099825.909108,1765099402,1,7,2.066195,6.198586,0.317664,0.043816,0.000946,0.000000,0.500000,0
60.345472,1765099825.909108,1765099402,1,7,2.066195,5.509854,0.317664,0.043816,0.000006,0.000000,0.500000,0
60.347473,1765099825.909108,1765099402,1,7,1.721829,6.198586,0.317664,0.043816,0.000000,0.000000,0.500000,0
60.349474,1765099825.909108,1765099402,1,7,1.721829,5.509854,0.317664,0.043816,0.000000,0.000000,0.500000,0
60.351474,1765099825.909108,1765099402,1,7,1.721829,6.198586,0.317664,0.043816,0.000000,0.000000,0.500000,0
60.353476,1765099825.909108,1765099402,1,7,2.410561,6.198586,0.317664,0.043816,0.000000,0.000000,0.500000,0
60.355476,1765099825.909108,1765099402,1,7,2.066195,6.198586,0.317664,0.043820,0.000000,0.000926,0.500000,0
60.357476,1765099825.909108,1765099402,1,7,1.721829,6.198586,0.317664,0.043820,0.000000,0.000945,0.500000,0
60.359479,1765099825.909108,1765099402,1,7,2.066195,6.198586,0.317664,0.043820,0.000000,0.000265,0.500000,0
60.361478,1765099825.909108,1765099402,1,7,2.066195,6.198586,0.317664,0.043820,0.000000,0.000001,0.500000,0
60.363480,1765099825.909108,1765099402,1,7,1.721829,5.509854,0.317664,0.043820,0.000000,0.000000,0.500000,0
60.365481,1765099825.909108,1765099402,1,7,1.721829,6.198586,0.317664,0.043820,0.000000,0.000000,0.500000,0
60.367481,1765099825.909108,1765099402,1,7,2.410561,5.509854,0.317664,0.043820,0.000000,0.000000,0.500000,0
60.369495,1765099825.909108,1765099402,1,7,2.410561,6.198586,0.317664,0.043820,0.000000,0.000000,0.500000,0
60.371475,1765099825.909108,1765099402,1,7,2.410561,5.509854,0.317664,0.043823,0.000000,0.000940,0.500000,0
60.373477,1765099825.909108,1765099402,1,7,2.066195,6.198586,0.317664,0.043823,0.000000,0.000500,0.500000,0
60.375477,1765099825.909108,1765099402,1,7,2.410561,5.509854,0.317664,0.043823,0.000000,0.000006,0.500000,0
60.377477,1765099825.909108,1765099402,1,7,2.066195,6.198586,0.317664,0.043823,0.000000,0.000000,0.500000,0
60.379477,1765099825.909108,1765099402,1,7,2.066195,6.198586,0.317664,0.043827,0.000000,0.000806,0.500000,0
60.381479,1765099825.909108,1765099402,1,7,2.410561,5.854220,0.317664,0.043827,0.000000,0.000946,0.500000,0
60.383478,1765099825.909108,1765099402,1,7,2.066195,5.509854,0.317664,0.043827,0.000000,0.000140,0.500000,0
60.385480,1765099825.909108,1765099402,1,7,2.066195,5.509854,0.317664,0.043831,0.000000,0.000908,0.500000,0
60.387481,1765099825.909108,1765099402,1,7,2.066195,5.509854,0.317664,0.043831,0.000000,0.000946,0.500000,0
60.389483,1765099825.909108,1765099402,1,7,1.721829,5.509854,0.317664,0.043835,0.000000,0.000911,0.500000,0
60.391490,1765099825.909108,1765099402,1,7,2.410561,5.509854,0.317664,0.043835,0.000000,0.000946,0.500000,0
60.393483,1765099825.909108,1765099402,1,7,2.410561,5.509854,0.317664,0.043838,0.000000,0.000981,0.500000,0
60.395513,1765099825.909108,1765099402,1,7,2.410561,6.198586,0.317664,0.043838,0.000000,0.001628,0.500000,0
60.397489,1765099825.909108,1765099402,1,7,1.721829,5.509854,0.317664,0.043846,0.000000,0.001821,0.500000,0
60.399485,1765099825.909108,1765099402,1,7,2.410561,5.509854,0.317664,0.043846,0.000000,0.001205,0.500000,0
60.401486,1765099825.909108,1765099402,1,7,2.410561,6.198586,0.317664,0.043850,0.000000,0.001883,0.500000,0
60.403490,1765099825.909108,1765099402,1,7,1.721829,5.509854,0.317664,0.043854,0.000000,0.001878,0.500000,0
60.405481,1765099825.909108,1765099402,1,7,1.721829,6.542951,0.317664,0.043857,0.000000,0.001890,0.500000,0
60.407486,1765099825.909108,1765099402,1,7,2.410561,6.198586,0.317664,0.043861,0.000000,0.001892,0.500000,0
60.409499,1765099825.909108,1765099402,1,7,2.410561,6.198586,0.317668,0.043865,0.000943,0.001920,0.500000,0
60.411488,1765099825.909108,1765099402,1,7,2.066195,6.542951,0.317668,0.043869,0.000946,0.001902,0.500000,0
60.413484,1765099825.909108,1765099402,1,7,2.066195,6.198586,0.317668,0.043873,0.000000,0.002579,0.500000,0
60.415485,1765099825.909108,1765099402,1,7,1.721829,6.198586,0.317668,0.043880,0.000000,0.002774,0.500000,0
60.417490,1765099825.909108,1765099402,1,7,1.721829,6.198586,0.317672,0.043888,0.000926,0.002819,0.500000,0
60.419491,1765099825.909108,1765099402,1,7,1.721829,6.198586,0.317672,0.043891,0.000945,0.002771,0.500000,0
60.421508,1765099825.909108,1765099402,1,7,1.721829,5.854220,0.317672,0.043895,0.000140,0.002838,0.500000,0
60.423492,1765099825.909108,1765099402,1,7,2.066195,5.509854,0.317672,0.043899,0.000011,0.002839,0.500000,0
60.425494,1765099825.909108,1765099402,1,7,1.721829,5.509854,0.317672,0.043907,0.000000,0.002839,0.500000,0
60.427489,1765099825.909108,1765099402,1,7,1.721829,5.854220,0.317672,0.043918,0.000000,0.002969,0.500000,0
60.429489,1765099825.909108,1765099402,1,7,2.410561,5.509854,0.317672,0.043922,0.000000,0.003209,0.500000,0
60.431489,1765099825.909108,1765099402,1,7,2.410561,6.198586,0.317672,0.043926,0.000000,0.003586,0.500000,0
60.433490,1765099825.909108,1765099402,1,7,1.721829,5.854220,0.317672,0.043933,0.000000,0.003649,0.500000,0
60.435493,1765099825.909108,1765099402,1,7,1.721829,5.854220,0.317672,0.043941,0.000000,0.003779,0.500000,0
60.437492,1765099825.909108,1765099402,1,7,2.066195,6.198586,0.317672,0.043952,0.000000,0.003910,0.500000,0
60.439492,1765099825.909108,1765099402,1,7,1.721829,5.854220,0.317672,0.043960,0.000000,0.003920,0.500000,0
60.441493,1765099825.909108,1765099402,1,7,1.721829,6.198586,0.317672,0.043967,0.000000,0.004312,0.500000,0
60.443493,1765099825.909108,1765099402,1,7,2.410561,6.198586,0.317672,0.043975,0.000000,0.004576,0.500000,0
60.445495,1765099825.909108,1765099402,1,7,2.066195,5.509854,0.317676,0.043986,0.000940,0.004204,0.500000,0
60.447509,1765099825.909108,1765099402,1,7,2.410561,5.854220,0.317679,0.044001,0.002318,0.005368,0.500000,0
60.449495,1765099825.909108,1765099402,1,7,1.721829,5.509854,0.317683,0.044005,0.002371,0.005529,0.500000,0
60.451495,1765099825.909108,1765099402,1,7,1.721829,5.854220,0.317698,0.044016,0.004520,0.005210,0.500000,0
60.453498,1765099825.909108,1765099402,1,7,1.721829,5.509854,0.317721,0.044028,0.007340,0.005637,0.500000,0
60.455497,1765099825.909108,1765099402,1,7,2.066195,5.509854,0.317732,0.044039,0.009029,0.005441,0.500000,0
60.457499,1765099825.909108,1765099402,1,7,2.066195,5.509854,0.317744,0.044050,0.009875,0.005440,0.500000,0
60.459498,1765099825.909108,1765099402,1,7,1.377463,5.509854,0.317766,0.044062,0.010908,0.005947,0.500000,0
60.461499,1765099825.909108,1765099402,1,7,1.721829,5.509854,0.317785,0.044077,0.010430,0.006610,0.500000,0
60.463500,1765099825.909108,1765099402,1,7,1.721829,5.509854,0.317812,0.044092,0.009228,0.007194,0.500000,0
60.465500,1765099825.909108,1765099402,1,7,1.721829,5.509854,0.317842,0.044115,0.009462,0.007563,0.500000,0
60.467500,1765099825.909108,1765099402,1,7,1.721829,5.165488,0.317850,0.044122,0.009463,0.007569,0.500000,0
60.469502,1765099825.909108,1765099402,1,7,1.721829,5.854220,0.317861,0.044137,0.009481,0.007526,0.500000,0
60.471502,1765099825.909108,1765099402,1,7,1.721829,5.854220,0.317888,0.044153,0.009227,0.007570,0.500000,0
60.473516,1765099825.909108,1765099402,1,7,1.721829,5.509854,0.317914,0.044168,0.008648,0.008381,0.500000,0
60.475503,1765099825.909108,1765099402,1,7,1.721829,5.854220,0.317914,0.044187,0.008982,0.008817,0.500000,0
60.477504,1765099825.909108,1765099402,1,7,1.721829,5.509854,0.317933,0.044206,0.008831,0.009451,0.500000,0
60.479505,1765099825.909108,1765099402,1,7,1.721829,5.509854,0.317948,0.044225,0.008648,0.009462,0.500000,0
60.481506,1765099825.909108,1765099402,1,7,1.721829,4.821122,0.317978,0.044243,0.007898,0.009017,0.500000,0
60.483505,1765099825.909108,1765099402,1,7,1.721829,5.854220,0.317990,0.044274,0.007876,0.009457,0.500000,0
60.485506,1765099825.909108,1765099402,1,7,1.721829,4.821122,0.317997,0.044281,0.007896,0.009908,0.500000,0
60.487507,1765099825.909108,1765099402,1,7,2.066195,5.509854,0.318016,0.044304,0.007297,0.010837,0.500000,0
60.489585,1765099825.909108,1765099402,1,7,1.721829,5.165488,0.318031,0.044327,0.007243,0.011271,0.500000,0
60.491516,1765099825.909108,1765099402,1,7,1.721829,5.165488,0.318047,0.044353,0.007161,0.011550,0.500000,0
60.493513,1765099825.909108,1765099402,1,7,1.721829,5.509854,0.318054,0.044376,0.006950,0.012297,0.500000,0
60.495617,1765099825.909108,1765099402,1,7,1.033098,5.509854,0.318073,0.044402,0.006559,0.012667,0.500000,0
60.497618,1765099825.909108,1765099402,1,7,1.033098,5.509854,0.318077,0.044429,0.005732,0.012732,0.500000,0
60.499698,1765099825.909108,1765099402,1,7,1.377463,4.821122,0.318092,0.044455,0.005234,0.012784,0.500000,0
67.874204,1765099833.481910,1765099402,1,8,2.066195,2.066195,0.317626,0.047650,0.000000,0.000000,0.500000,0
67.876204,1765099833.481910,1765099402,1,8,2.410561,1.721829,0.317626,0.047650,0.000000,0.000000,0.500000,0
67.878204,1765099833.481910,1765099402,1,8,2.410561,2.066195,0.317626,0.047650,0.000000,0.000000,0.500000,0
67.880205,1765099833.481910,1765099402,1,8,2.066195,2.410561,0.317626,0.047650,0.000000,0.000000,0.500000,0
67.882208,1765099833.481910,1765099402,1,8,2.066195,2.066195,0.317626,0.047650,0.000000,0.000000,0.500000,0
67.884206,1765099833.481910,1765099402,1,8,1.721829,2.066195,0.317626,0.047650,0.000000,0.000000,0.500000,0
67.886207,1765099833.481910,1765099402,1,8,1.721829,2.066195,0.317626,0.047650,0.000000,0.000000,0.500000,0
67.888232,1765099833.481910,1765099402,1,8,2.066195,2.066195,0.317626,0.047650,0.000000,0.000000,0.500000,0
67.890207,1765099833.481910,1765099402,1,8,2.410561,1.377463,0.317626,0.047650,0.000000,0.000000,0.500000,0
67.892210,1765099833.481910,1765099402,1,8,1.721829,2.410561,0.317626,0.047650,0.000000,0.000000,0.500000,0
67.894211,1765099833.481910,1765099402,1,8,2.410561,2.066195,0.317626,0.047650,0.000000,0.000000,0.500000,0
67.896211,1765099833.481910,1765099402,1,8,1.721829,2.410561,0.317626,0.047650,0.000000,0.000000,0.500000,0
67.898212,1765099833.481910,1765099402,1,8,1.721829,2.066195,0.317626,0.047650,0.000000,0.000000,0.500000,0
67.900213,1765099833.481910,1765099402,1,8,2.066195,2.066195,0.317626,0.047650,0.000000,0.000000,0.500000,0
67.902213,1765099833.481910,1765099402,1,8,1.721829,2.066195,0.317626,0.047650,0.000000,0.000000,0.500000,0
67.904236,1765099833.481910,1765099402,1,8,2.410561,1.721829,0.317626,0.047650,0.000000,0.000000,0.500000,0
67.906216,1765099833.481910,1765099402,1,8,2.066195,2.066195,0.317626,0.047650,0.000000,0.000000,0.500000,0
67.908216,1765099833.481910,1765099402,1,8,2.066195,2.066195,0.317626,0.047650,0.000000,0.000000,0.500000,0
67.910217,1765099833.481910,1765099402,1,8,1.721829,2.066195,0.317626,0.047650,0.000000,0.000000,0.500000,0
67.912217,1765099833.481910,1765099402,1,8,2.066195,2.066195,0.317626,0.047650,0.000000,0.000000,0.500000,0
67.914239,1765099833.481910,1765099402,1,8,2.410561,2.410561,0.317626,0.047650,0.000000,0.000000,0.500000,0
67.916219,1765099833.481910,1765099402,1,8,2.410561,2.066195,0.317630,0.047650,0.000935,0.000000,0.500000,0
67.918209,1765099833.481910,1765099402,1,8,2.410561,2.066195,0.317630,0.047650,0.000140,0.000000,0.500000,0
67.920209,1765099833.481910,1765099402,1,8,2.410561,2.066195,0.317630,0.047650,0.000001,0.000000,0.500000,0
67.922210,1765099833.481910,1765099402,1,8,1.721829,2.066195,0.317630,0.047650,0.000000,0.000000,0.500000,0
67.924211,1765099833.481910,1765099402,1,8,1.721829,2.066195,0.317630,0.047650,0.000000,0.000000,0.500000,0
67.926211,1765099833.481910,1765099402,1,8,2.410561,2.410561,0.317630,0.047650,0.000000,0.000000,0.500000,0
67.928213,1765099833.481910,1765099402,1,8,2.066195,2.066195,0.317630,0.047650,0.000000,0.000000,0.500000,0
67.930224,1765099833.481910,1765099402,1,8,2.066195,2.410561,0.317630,0.047650,0.000000,0.000000,0.500000,0
67.932226,1765099833.481910,1765099402,1,8,2.410561,2.066195,0.317630,0.047650,0.000000,0.000000,0.500000,0
67.934226,1765099833.481910,1765099402,1,8,1.721829,2.066195,0.317630,0.047650,0.000000,0.000000,0.500000,0
67.936227,1765099833.481910,1765099402,1,8,1.721829,2.066195,0.317630,0.047650,0.000000,0.000000,0.500000,0
67.938248,1765099833.481910,1765099402,1,8,1.721829,2.066195,0.317630,0.047650,0.000000,0.000000,0.500000,0
67.940252,1765099833.481910,1765099402,1,8,1.721829,2.066195,0.317630,0.047650,0.000000,0.000000,0.500000,0
67.942229,1765099833.481910,1765099402,1,8,2.410561,2.066195,0.317630,0.047650,0.000000,0.000000,0.500000,0
67.944230,1765099833.481910,1765099402,1,8,2.410561,1.721829,0.317630,0.047650,0.000000,0.000000,0.500000,0
67.946231,1765099833.481910,1765099402,1,8,2.410561,2.410561,0.317630,0.047650,0.000000,0.000000,0.500000,0
67.948232,1765099833.481910,1765099402,1,8,1.721829,2.410561,0.317630,0.047650,0.000000,0.000000,0.500000,0
67.950233,1765099833.481910,1765099402,1,8,2.066195,2.410561,0.317626,0.047650,-0.000806,0.000000,0.500000,0
67.952250,1765099833.481910,1765099402,1,8,1.721829,2.066195,0.317626,0.047650,-0.000946,0.000000,0.500000,0
67.954242,1765099833.481910,1765099402,1,8,2.410561,2.410561,0.317626,0.047650,-0.000006,0.000000,0.500000,0
67.956235,1765099833.481910,1765099402,1,8,2.066195,2.066195,0.317626,0.047650,-0.000000,0.000000,0.500000,0
67.958236,1765099833.481910,1765099402,1,8,2.066195,2.066195,0.317626,0.047650,0.000000,0.000000,0.500000,0
67.960238,1765099833.481910,1765099402,1,8,2.066195,2.066195,0.317626,0.047650,0.000000,0.000000,0.500000,0
67.962237,1765099833.481910,1765099402,1,8,2.066195,1.721829,0.317626,0.047650,0.000000,0.000000,0.500000,0
67.964238,1765099833.481910,1765099402,1,8,2.066195,2.754927,0.317630,0.047650,0.000806,0.000000,0.500000,0
67.966260,1765099833.481910,1765099402,1,8,1.721829,2.066195,0.317630,0.047650,0.000945,0.000000,0.500000,0
67.968240,1765099833.481910,1765099402,1,8,2.410561,2.410561,0.317630,0.047650,0.000946,0.000000,0.500000,0
67.970240,1765099833.481910,1765099402,1,8,2.066195,2.066195,0.317630,0.047650,0.000011,0.000000,0.500000,0
67.972263,1765099833.481910,1765099402,1,8,2.066195,2.410561,0.317630,0.047650,0.000000,0.000000,0.500000,0
67.974257,1765099833.481910,1765099402,1,8,2.410561,1.721829,0.317630,0.047650,0.000000,0.000000,0.500000,0
67.976259,1765099833.481910,1765099402,1,8,1.721829,1.721829,0.317630,0.047650,0.000000,0.000000,0.500000,0
67.978262,1765099833.481910,1765099402,1,8,1.721829,2.066195,0.317630,0.047650,0.000000,0.000000,0.500000,0
67.980245,1765099833.481910,1765099402,1,8,1.721829,2.410561,0.317630,0.047650,0.000000,0.000000,0.500000,0
67.982246,1765099833.481910,1765099402,1,8,2.410561,2.410561,0.317630,0.047650,0.000000,0.000000,0.500000,0
67.984248,1765099833.481910,1765099402,1,8,2.410561,2.066195,0.317630,0.047650,0.000000,0.000000,0.500000,0
67.986259,1765099833.481910,1765099402,1,8,2.066195,2.066195,0.317630,0.047650,0.000000,0.000000,0.500000,0
67.988263,1765099833.481910,1765099402,1,8,2.066195,2.066195,0.317630,0.047650,0.000000,0.000000,0.500000,0
67.990251,1765099833.481910,1765099402,1,8,1.721829,2.066195,0.317630,0.047650,0.000000,0.000000,0.500000,0
67.992257,1765099833.481910,1765099402,1,8,1.721829,2.066195,0.317630,0.047650,0.000000,0.000000,0.500000,0
67.994185,1765099833.481910,1765099402,1,8,1.721829,2.410561,0.317630,0.047650,0.000000,0.000000,0.500000,0
67.996239,1765099833.481910,1765099402,1,8,2.410561,2.410561,0.317630,0.047650,0.000000,0.000000,0.500000,0
67.998232,1765099833.481910,1765099402,1,8,1.721829,2.410561,0.317630,0.047650,0.000000,0.000000,0.500000,0
68.000232,1765099833.481910,1765099402,1,8,1.721829,2.066195,0.317630,0.047650,0.000000,0.000000,0.500000,0
68.002233,1765099833.481910,1765099402,1,8,2.066195,2.410561,0.317630,0.047650,0.000000,0.000000,0.500000,0
68.004242,1765099833.481910,1765099402,1,8,1.721829,2.066195,0.317630,0.047650,0.000000,0.000000,0.500000,0
68.006262,1765099833.481910,1765099402,1,8,2.410561,2.066195,0.317630,0.047650,0.000000,0.000000,0.500000,0
68.008245,1765099833.481910,1765099402,1,8,1.721829,2.066195,0.317630,0.047650,0.000000,0.000000,0.500000,0
68.010245,1765099833.481910,1765099402,1,8,1.721829,2.066195,0.317630,0.047650,0.000000,0.000000,0.500000,0
68.012246,1765099833.481910,1765099402,1,8,2.410561,2.066195,0.317630,0.047650,0.000000,0.000000,0.500000,0
68.014246,1765099833.481910,1765099402,1,8,1.721829,2.066195,0.317630,0.047650,0.000000,0.000000,0.500000,0
68.016247,1765099833.481910,1765099402,1,8,2.066195,2.066195,0.317630,0.047650,0.000000,0.000000,0.500000,0
68.018280,1765099833.481910,1765099402,1,8,2.066195,2.410561,0.317630,0.047650,0.000000,0.000000,0.500000,0
68.020261,1765099833.481910,1765099402,1,8,1.721829,2.066195,0.317626,0.047650,-0.000806,0.000000,0.500000,0
68.022265,1765099833.481910,1765099402,1,8,1.721829,2.066195,0.317626,0.047650,-0.000940,0.000000,0.500000,0
68.024247,1765099833.481910,1765099402,1,8,1.721829,2.066195,0.317626,0.047650,-0.000946,0.000000,0.500000,0
68.026265,1765099833.481910,1765099402,1,8,1.721829,2.066195,0.317626,0.047650,-0.000006,0.000000,0.500000,0
68.028265,1765099833.481910,1765099402,1,8,2.066195,2.066195,0.317626,0.047650,0.000000,0.000000,0.500000,0
68.030266,1765099833.481910,1765099402,1,8,2.410561,2.410561,0.317626,0.047650,0.000000,0.000000,0.500000,0
68.032266,1765099833.481910,1765099402,1,8,2.066195,2.410561,0.317626,0.047650,0.000000,0.000000,0.500000,0
68.034257,1765099833.481910,1765099402,1,8,2.754927,2.066195,0.317626,0.047650,0.000000,0.000000,0.500000,0
68.036257,1765099833.481910,1765099402,1,8,1.721829,2.066195,0.317626,0.047650,0.000000,0.000000,0.500000,0
68.038249,1765099833.481910,1765099402,1,8,1.721829,2.066195,0.317626,0.047650,0.000000,0.000000,0.500000,0
68.040283,1765099833.481910,1765099402,1,8,2.410561,2.066195,0.317626,0.047650,0.000000,0.000000,0.500000,0
68.042259,1765099833.481910,1765099402,1,8,2.066195,2.066195,0.317626,0.047650,0.000000,0.000000,0.500000,0
68.044281,1765099833.481910,1765099402,1,8,2.410561,2.410561,0.317626,0.047650,0.000000,0.000000,0.500000,0
68.046261,1765099833.481910,1765099402,1,8,1.721829,2.410561,0.317626,0.047650,0.000000,0.000000,0.500000,0
68.048273,1765099833.481910,1765099402,1,8,2.410561,2.066195,0.317626,0.047650,0.000000,0.000000,0.500000,0
68.050274,1765099833.481910,1765099402,1,8,1.721829,2.066195,0.317626,0.047650,0.000000,0.000000,0.500000,0
68.052274,1765099833.481910,1765099402,1,8,2.066195,2.066195,0.317626,0.047650,0.000000,0.000000,0.500000,0
68.054276,1765099833.481910,1765099402,1,8,1.721829,2.410561,0.317626,0.047650,0.000000,0.000000,0.500000,0
68.056276,1765099833.481910,1765099402,1,8,1.721829,2.410561,0.317626,0.047650,0.000000,0.000000,0.500000,0
68.058266,1765099833.481910,1765099402,1,8,2.066195,2.410561,0.317626,0.047650,0.000000,0.000000,0.500000,0
68.060266,1765099833.481910,1765099402,1,8,1.721829,2.410561,0.317626,0.047650,0.000000,0.000000,0.500000,0
68.062267,1765099833.481910,1765099402,1,8,1.721829,2.066195,0.317626,0.047650,0.000000,0.000000,0.500000,0
68.064267,1765099833.481910,1765099402,1,8,2.410561,2.066195,0.317626,0.047650,0.000000,0.000000,0.500000,0
68.066281,1765099833.481910,1765099402,1,8,2.066195,2.410561,0.317626,0.047650,0.000000,0.000000,0.500000,0
68.068268,1765099833.481910,1765099402,1,8,2.410561,2.066195,0.317626,0.047650,0.000000,0.000000,0.500000,0
68.070279,1765099833.481910,1765099402,1,8,1.721829,2.066195,0.317626,0.047650,0.000000,0.000000,0.500000,0
68.072379,1765099833.481910,1765099402,1,8,2.066195,2.066195,0.317626,0.047650,0.000000,0.000000,0.500000,0
75.449328,1765099841.056674,1765099402,1,9,-3.443659,2.410561,0.323433,0.047828,0.000000,0.000000,0.500000,0
75.451329,1765099841.056674,1765099402,1,9,-3.099293,1.721829,0.323433,0.047828,0.000000,0.000000,0.500000,0
75.453330,1765099841.056674,1765099402,1,9,-3.099293,1.721829,0.323433,0.047828,0.000000,0.000000,0.500000,0
75.455332,1765099841.056674,1765099402,1,9,-3.099293,2.410561,0.323433,0.047828,0.000000,0.000000,0.500000,0
75.457356,1765099841.056674,1765099402,1,9,-3.099293,2.410561,0.323433,0.047828,0.000000,0.000000,0.500000,0
75.459334,1765099841.056674,1765099402,1,9,-3.099293,2.410561,0.323433,0.047828,0.000000,0.000000,0.500000,0
75.461335,1765099841.056674,1765099402,1,9,-3.099293,1.721829,0.323433,0.047828,0.000000,0.000000,0.500000,0
75.463336,1765099841.056674,1765099402,1,9,-3.443659,1.721829,0.323433,0.047828,0.000000,0.000000,0.500000,0
75.465337,1765099841.056674,1765099402,1,9,-3.099293,2.410561,0.323433,0.047828,0.000000,0.000000,0.500000,0
75.467336,1765099841.056674,1765099402,1,9,-3.099293,2.410561,0.323433,0.047828,0.000000,0.000000,0.500000,0
75.469338,1765099841.056674,1765099402,1,9,-3.443659,2.066195,0.323433,0.047828,0.000000,0.000000,0.500000,0
75.471323,1765099841.056674,1765099402,1,9,-3.099293,2.410561,0.323433,0.047828,0.000000,0.000000,0.500000,0
75.473323,1765099841.056674,1765099402,1,9,-3.099293,1.721829,0.323433,0.047828,0.000000,0.000000,0.500000,0
75.475324,1765099841.056674,1765099402,1,9,-2.410561,2.066195,0.323433,0.047828,0.000000,0.000000,0.500000,0
75.477324,1765099841.056674,1765099402,1,9,-2.410561,1.721829,0.323433,0.047828,0.000000,0.000000,0.500000,0
75.479327,1765099841.056674,1765099402,1,9,-3.099293,2.066195,0.323433,0.047828,0.000000,0.000000,0.500000,0
75.481326,1765099841.056674,1765099402,1,9,-3.099293,2.410561,0.323433,0.047828,0.000000,0.000000,0.500000,0
75.483351,1765099841.056674,1765099402,1,9,-3.099293,2.410561,0.323433,0.047828,0.000000,0.000000,0.500000,0
75.485329,1765099841.056674,1765099402,1,9,-3.443659,2.066195,0.323433,0.047828,0.000000,0.000000,0.500000,0
75.487329,1765099841.056674,1765099402,1,9,-3.443659,2.066195,0.323433,0.047828,0.000000,0.000000,0.500000,0
75.489330,1765099841.056674,1765099402,1,9,-3.443659,2.066195,0.323433,0.047828,0.000000,0.000000,0.500000,0
75.491331,1765099841.056674,1765099402,1,9,-3.443659,2.066195,0.323433,0.047828,0.000000,0.000000,0.500000,0
75.493331,1765099841.056674,1765099402,1,9,-3.099293,2.066195,0.323433,0.047828,0.000000,0.000000,0.500000,0
75.495332,1765099841.056674,1765099402,1,9,-3.099293,2.066195,0.323433,0.047828,0.000000,0.000000,0.500000,0
75.497332,1765099841.056674,1765099402,1,9,-3.099293,2.066195,0.323433,0.047828,0.000000,0.000000,0.500000,0
75.499334,1765099841.056674,1765099402,1,9,-3.099293,2.410561,0.323433,0.047828,0.000000,0.000000,0.500000,0
75.501334,1765099841.056674,1765099402,1,9,-3.099293,1.721829,0.323433,0.047828,0.000000,0.000000,0.500000,0
75.503335,1765099841.056674,1765099402,1,9,-3.099293,2.066195,0.323433,0.047828,0.000000,0.000000,0.500000,0
75.505351,1765099841.056674,1765099402,1,9,-3.099293,2.066195,0.323433,0.047828,0.000000,0.000000,0.500000,0
75.507337,1765099841.056674,1765099402,1,9,-3.099293,2.066195,0.323433,0.047828,0.000000,0.000000,0.500000,0
75.509360,1765099841.056674,1765099402,1,9,-3.099293,2.066195,0.323433,0.047828,0.000000,0.000000,0.500000,0
75.511338,1765099841.056674,1765099402,1,9,-3.099293,2.066195,0.323433,0.047828,0.000000,0.000000,0.500000,0
75.513355,1765099841.056674,1765099402,1,9,-3.099293,2.066195,0.323433,0.047828,0.000000,0.000000,0.500000,0
75.515356,1765099841.056674,1765099402,1,9,-2.410561,2.066195,0.323433,0.047828,0.000000,0.000000,0.500000,0
75.517352,1765099841.056674,1765099402,1,9,-3.099293,2.066195,0.323433,0.047828,0.000000,0.000000,0.500000,0
75.519358,1765099841.056674,1765099402,1,9,-3.099293,2.066195,0.323433,0.047828,0.000000,0.000000,0.500000,0
75.521357,1765099841.056674,1765099402,1,9,-2.410561,2.066195,0.323433,0.047828,0.000000,0.000000,0.500000,0
75.523344,1765099841.056674,1765099402,1,9,-3.099293,2.410561,0.323433,0.047828,0.000000,0.000000,0.500000,0
75.525323,1765099841.056674,1765099402,1,9,-2.410561,1.721829,0.323433,0.047828,0.000000,0.000000,0.500000,0
75.527332,1765099841.056674,1765099402,1,9,-3.099293,2.066195,0.323433,0.047828,0.000000,0.000000,0.500000,0
75.529324,1765099841.056674,1765099402,1,9,-3.099293,1.721829,0.323433,0.047828,0.000000,0.000000,0.500000,0
75.531334,1765099841.056674,1765099402,1,9,-3.099293,1.721829,0.323433,0.047828,0.000000,0.000000,0.500000,0
75.533335,1765099841.056674,1765099402,1,9,-3.099293,1.721829,0.323433,0.047828,0.000000,0.000000,0.500000,0
75.535354,1765099841.056674,1765099402,1,9,-3.099293,2.410561,0.323433,0.047828,0.000000,0.000000,0.500000,0
75.537336,1765099841.056674,1765099402,1,9,-3.099293,2.410561,0.323433,0.047828,0.000000,0.000000,0.500000,0
75.539328,1765099841.056674,1765099402,1,9,-2.410561,2.066195,0.323433,0.047828,0.000000,0.000000,0.500000,0
75.541337,1765099841.056674,1765099402,1,9,-3.099293,2.066195,0.323433,0.047828,0.000000,0.000000,0.500000,0
75.543350,1765099841.056674,1765099402,1,9,-3.099293,2.066195,0.323433,0.047828,0.000000,0.000000,0.500000,0
75.545350,1765099841.056674,1765099402,1,9,-3.099293,1.721829,0.323433,0.047828,0.000000,0.000000,0.500000,0
75.547351,1765099841.056674,1765099402,1,9,-3.443659,2.410561,0.323433,0.047828,0.000000,0.000000,0.500000,0
75.549351,1765099841.056674,1765099402,1,9,-3.443659,2.066195,0.323433,0.047828,0.000000,0.000000,0.500000,0
75.551352,1765099841.056674,1765099402,1,9,-3.099293,2.410561,0.323433,0.047828,0.000000,0.000000,0.500000,0
75.553353,1765099841.056674,1765099402,1,9,-3.443659,2.066195,0.323433,0.047828,0.000000,0.000000,0.500000,0
75.555351,1765099841.056674,1765099402,1,9,-3.443659,2.066195,0.323433,0.047828,0.000000,0.000000,0.500000,0
75.557354,1765099841.056674,1765099402,1,9,-2.066195,2.066195,0.323433,0.047828,0.000000,0.000000,0.500000,0
75.559356,1765099841.056674,1765099402,1,9,-3.443659,1.721829,0.323433,0.047828,0.000000,0.000000,0.500000,0
75.561381,1765099841.056674,1765099402,1,9,-3.443659,2.066195,0.323433,0.047828,0.000000,0.000000,0.500000,0
75.563357,1765099841.056674,1765099402,1,9,-3.443659,2.410561,0.323433,0.047828,0.000000,0.000000,0.500000,0
75.565357,1765099841.056674,1765099402,1,9,-3.443659,2.410561,0.323433,0.047828,0.000000,0.000000,0.500000,0
75.567358,1765099841.056674,1765099402,1,9,-3.443659,2.410561,0.323433,0.047828,0.000000,0.000000,0.500000,0
75.569359,1765099841.056674,1765099402,1,9,-3.443659,2.066195,0.323433,0.047828,0.000000,0.000000,0.500000,0
75.571360,1765099841.056674,1765099402,1,9,-3.099293,1.721829,0.323433,0.047828,0.000000,0.000000,0.500000,0
75.573361,1765099841.056674,1765099402,1,9,-2.410561,2.066195,0.323433,0.047828,0.000000,0.000000,0.500000,0
75.575364,1765099841.056674,1765099402,1,9,-3.443659,2.410561,0.323433,0.047828,0.000000,0.000000,0.500000,0
75.577362,1765099841.056674,1765099402,1,9,-3.099293,2.066195,0.323433,0.047828,0.000000,0.000000,0.500000,0
75.579378,1765099841.056674,1765099402,1,9,-3.099293,2.410561,0.323433,0.047828,0.000000,0.000000,0.500000,0
75.581364,1765099841.056674,1765099402,1,9,-3.099293,2.066195,0.323433,0.047828,0.000000,0.000000,0.500000,0
75.583379,1765099841.056674,1765099402,1,9,-3.099293,2.066195,0.323433,0.047828,0.000000,0.000000,0.500000,0
75.585379,1765099841.056674,1765099402,1,9,-3.099293,1.721829,0.323433,0.047828,0.000000,0.000000,0.500000,0
75.587397,1765099841.056674,1765099402,1,9,-3.099293,2.066195,0.323433,0.047828,0.000000,0.000000,0.500000,0
75.589385,1765099841.056674,1765099402,1,9,-3.443659,2.410561,0.323433,0.047828,0.000000,0.000000,0.500000,0
75.591384,1765099841.056674,1765099402,1,9,-3.099293,2.410561,0.323433,0.047828,0.000000,0.000000,0.500000,0
75.593375,1765099841.056674,1765099402,1,9,-3.099293,2.066195,0.323433,0.047828,0.000000,0.000000,0.500000,0
75.595385,1765099841.056674,1765099402,1,9,-3.099293,2.410561,0.323433,0.047828,0.000000,0.000000,0.500000,0
75.597386,1765099841.056674,1765099402,1,9,-2.410561,2.410561,0.323433,0.047828,0.000000,0.000000,0.500000,0
75.599387,1765099841.056674,1765099402,1,9,-3.099293,2.066195,0.323433,0.047828,0.000000,0.000000,0.500000,0
75.601387,1765099841.056674,1765099402,1,9,-3.099293,2.066195,0.323433,0.047828,0.000000,0.000000,0.500000,0
75.603388,1765099841.056674,1765099402,1,9,-3.099293,1.721829,0.323433,0.047828,0.000000,0.000000,0.500000,0
75.605389,1765099841.056674,1765099402,1,9,-2.410561,2.066195,0.323433,0.047828,0.000000,0.000000,0.500000,0
75.607389,1765099841.056674,1765099402,1,9,-3.099293,2.410561,0.323433,0.047828,0.000000,0.000000,0.500000,0
75.609391,1765099841.056674,1765099402,1,9,-3.443659,2.410561,0.323433,0.047828,0.000000,0.000000,0.500000,0
75.611392,1765099841.056674,1765099402,1,9,-3.443659,2.066195,0.323433,0.047828,0.000000,0.000000,0.500000,0
75.613419,1765099841.056674,1765099402,1,9,-3.099293,2.066195,0.323433,0.047828,0.000000,0.000000,0.500000,0
75.615394,1765099841.056674,1765099402,1,9,-3.099293,2.066195,0.323433,0.047828,0.000000,0.000000,0.500000,0
75.617394,1765099841.056674,1765099402,1,9,-3.099293,1.721829,0.323433,0.047828,0.000000,0.000000,0.500000,0
75.619395,1765099841.056674,1765099402,1,9,-3.443659,2.066195,0.323433,0.047828,0.000000,0.000000,0.500000,0
75.621396,1765099841.056674,1765099402,1,9,-3.099293,2.410561,0.323433,0.047828,0.000000,0.000000,0.500000,0
75.623397,1765099841.056674,1765099402,1,9,-3.099293,2.410561,0.323433,0.047828,0.000000,0.000000,0.500000,0
75.625398,1765099841.056674,1765099402,1,9,-3.099293,2.066195,0.323433,0.047828,0.000000,0.000000,0.500000,0
75.627398,1765099841.056674,1765099402,1,9,-3.099293,1.721829,0.323433,0.047828,0.000000,0.000000,0.500000,0
75.629399,1765099841.056674,1765099402,1,9,-3.099293,2.066195,0.323433,0.047828,0.000000,0.000000,0.500000,0
75.631399,1765099841.056674,1765099402,1,9,-3.443659,2.410561,0.323433,0.047828,0.000000,0.000000,0.500000,0
75.633401,1765099841.056674,1765099402,1,9,-3.099293,2.066195,0.323433,0.047828,0.000000,0.000000,0.500000,0
75.635402,1765099841.056674,1765099402,1,9,-3.443659,2.066195,0.323433,0.047828,0.000000,0.000000,0.500000,0
75.637402,1765099841.056674,1765099402,1,9,-2.410561,2.066195,0.323433,0.047828,0.000000,0.000000,0.500000,0
75.639428,1765099841.056674,1765099402,1,9,-3.099293,2.066195,0.323433,0.047828,0.000000,0.000000,0.500000,0
75.641405,1765099841.056674,1765099402,1,9,-3.099293,1.721829,0.323433,0.047828,0.000000,0.000000,0.500000,0
75.643405,1765099841.056674,1765099402,1,9,-3.099293,2.066195,0.323433,0.047828,0.000000,0.000000,0.500000,0
75.645406,1765099841.056674,1765099402,1,9,-3.099293,2.066195,0.323433,0.047828,0.000000,0.000000,0.500000,0
75.647391,1765099841.056674,1765099402,1,9,-3.099293,2.410561,0.323433,0.047828,0.000000,0.000000,0.500000,0
83.010429,1765099848.617873,1765099402,1,10,3.443659,2.066195,0.315969,0.047801,0.000000,0.000000,0.500000,0
83.012433,1765099848.617873,1765099402,1,10,3.788025,2.066195,0.315969,0.047801,0.000000,0.000000,0.500000,0
83.014434,1765099848.617873,1765099402,1,10,3.788025,2.066195,0.315969,0.047801,0.000000,0.000000,0.500000,0
83.016437,1765099848.617873,1765099402,1,10,3.443659,2.066195,0.315969,0.047801,0.000000,0.000000,0.500000,0
83.018437,1765099848.617873,1765099402,1,10,3.443659,2.410561,0.315969,0.047801,0.000000,0.000000,0.500000,0
83.020437,1765099848.617873,1765099402,1,10,3.788025,2.066195,0.315969,0.047801,0.000000,0.000000,0.500000,0
83.022438,1765099848.617873,1765099402,1,10,3.788025,2.410561,0.315969,0.047801,0.000000,0.000000,0.500000,0
83.024439,1765099848.617873,1765099402,1,10,3.788025,2.410561,0.315969,0.047801,0.000000,0.000000,0.500000,0
83.026467,1765099848.617873,1765099402,1,10,3.788025,2.410561,0.315969,0.047801,0.000000,0.000000,0.500000,0
83.028423,1765099848.617873,1765099402,1,10,3.788025,2.066195,0.315969,0.047801,0.000000,0.000000,0.500000,0
83.030426,1765099848.617873,1765099402,1,10,3.788025,2.066195,0.315969,0.047801,0.000000,0.000000,0.500000,0
83.032426,1765099848.617873,1765099402,1,10,3.788025,2.066195,0.315969,0.047801,0.000000,0.000000,0.500000,0
83.034427,1765099848.617873,1765099402,1,10,3.788025,1.721829,0.315969,0.047801,0.000000,0.000000,0.500000,0
83.036428,1765099848.617873,1765099402,1,10,3.788025,2.066195,0.315969,0.047801,0.000000,0.000000,0.500000,0
83.038429,1765099848.617873,1765099402,1,10,3.788025,2.066195,0.315969,0.047801,0.000000,0.000000,0.500000,0
83.040429,1765099848.617873,1765099402,1,10,3.788025,2.066195,0.315969,0.047801,0.000000,0.000000,0.500000,0
83.042418,1765099848.617873,1765099402,1,10,3.443659,1.721829,0.315969,0.047801,0.000000,0.000000,0.500000,0
83.044365,1765099848.617873,1765099402,1,10,3.788025,2.066195,0.315969,0.047801,0.000000,0.000000,0.500000,0
83.046431,1765099848.617873,1765099402,1,10,3.788025,2.410561,0.315969,0.047801,0.000000,0.000000,0.500000,0
83.048432,1765099848.617873,1765099402,1,10,3.788025,2.066195,0.315969,0.047801,0.000000,0.000000,0.500000,0
83.050433,1765099848.617873,1765099402,1,10,3.788025,2.410561,0.315969,0.047801,0.000000,0.000000,0.500000,0
83.052455,1765099848.617873,1765099402,1,10,3.788025,2.410561,0.315969,0.047801,0.000000,0.000000,0.500000,0
83.054435,1765099848.617873,1765099402,1,10,3.788025,2.410561,0.315969,0.047801,0.000000,0.000000,0.500000,0
83.056436,1765099848.617873,1765099402,1,10,3.788025,2.066195,0.315969,0.047801,0.000000,0.000000,0.500000,0
83.058436,1765099848.617873,1765099402,1,10,3.443659,2.066195,0.315969,0.047801,0.000000,0.000000,0.500000,0
83.060375,1765099848.617873,1765099402,1,10,3.788025,2.066195,0.315969,0.047801,0.000000,0.000000,0.500000,0
83.062438,1765099848.617873,1765099402,1,10,3.788025,2.066195,0.315969,0.047801,0.000000,0.000000,0.500000,0
83.064437,1765099848.617873,1765099402,1,10,4.132390,2.410561,0.315969,0.047801,0.000000,0.000000,0.500000,0
83.066439,1765099848.617873,1765099402,1,10,3.788025,2.410561,0.315969,0.047801,0.000000,0.000000,0.500000,0
83.068439,1765099848.617873,1765099402,1,10,3.788025,1.721829,0.315969,0.047801,0.000000,0.000000,0.500000,0
83.070440,1765099848.617873,1765099402,1,10,3.788025,1.721829,0.315969,0.047801,0.000000,0.000000,0.500000,0
83.072441,1765099848.617873,1765099402,1,10,3.788025,2.066195,0.315969,0.047801,0.000000,0.000000,0.500000,0
83.074442,1765099848.617873,1765099402,1,10,3.788025,1.721829,0.315969,0.047801,0.000000,0.000000,0.500000,0
83.076443,1765099848.617873,1765099402,1,10,3.788025,2.410561,0.315969,0.047801,0.000000,0.000000,0.500000,0
83.078466,1765099848.617873,1765099402,1,10,3.788025,2.410561,0.315969,0.047801,0.000000,0.000000,0.500000,0
83.080431,1765099848.617873,1765099402,1,10,3.443659,2.410561,0.315969,0.047801,0.000000,0.000000,0.500000,0
83.082375,1765099848.617873,1765099402,1,10,3.443659,2.410561,0.315969,0.047801,0.000000,0.000000,0.500000,0
83.084445,1765099848.617873,1765099402,1,10,3.788025,2.066195,0.315969,0.047801,0.000000,0.000000,0.500000,0
83.086446,1765099848.617873,1765099402,1,10,3.788025,2.410561,0.315969,0.047801,0.000000,0.000000,0.500000,0
83.088446,1765099848.617873,1765099402,1,10,3.788025,2.066195,0.315969,0.047801,0.000000,0.000000,0.500000,0
83.090447,1765099848.617873,1765099402,1,10,4.132390,2.410561,0.315969,0.047801,0.000000,0.000000,0.500000,0
83.092449,1765099848.617873,1765099402,1,10,3.788025,2.410561,0.315969,0.047801,0.000000,0.000000,0.500000,0
83.094449,1765099848.617873,1765099402,1,10,3.788025,2.410561,0.315969,0.047801,0.000000,0.000000,0.500000,0
83.096449,1765099848.617873,1765099402,1,10,3.788025,2.066195,0.315969,0.047801,0.000000,0.000000,0.500000,0
83.098451,1765099848.617873,1765099402,1,10,3.788025,1.721829,0.315969,0.047801,0.000000,0.000000,0.500000,0
83.100451,1765099848.617873,1765099402,1,10,3.443659,2.066195,0.315969,0.047801,0.000000,0.000000,0.500000,0
83.102452,1765099848.617873,1765099402,1,10,3.788025,2.066195,0.315969,0.047801,0.000000,0.000000,0.500000,0
83.104475,1765099848.617873,1765099402,1,10,3.788025,1.721829,0.315969,0.047801,0.000000,0.000000,0.500000,0
83.106453,1765099848.617873,1765099402,1,10,3.788025,2.410561,0.315969,0.047801,0.000000,0.000000,0.500000,0
83.108454,1765099848.617873,1765099402,1,10,3.788025,1.721829,0.315969,0.047801,0.000000,0.000000,0.500000,0
83.110455,1765099848.617873,1765099402,1,10,3.788025,1.721829,0.315969,0.047801,0.000000,0.000000,0.500000,0
83.112457,1765099848.617873,1765099402,1,10,3.788025,2.410561,0.315969,0.047801,0.000000,0.000000,0.500000,0
83.114466,1765099848.617873,1765099402,1,10,3.788025,2.066195,0.315969,0.047801,0.000000,0.000000,0.500000,0
83.116470,1765099848.617873,1765099402,1,10,3.788025,2.066195,0.315969,0.047801,0.000000,0.000000,0.500000,0
83.118468,1765099848.617873,1765099402,1,10,4.132390,2.410561,0.315969,0.047801,0.000000,0.000000,0.500000,0
83.120474,1765099848.617873,1765099402,1,10,3.788025,2.066195,0.315969,0.047801,0.000000,0.000000,0.500000,0
83.122461,1765099848.617873,1765099402,1,10,3.788025,2.066195,0.315969,0.047801,0.000000,0.000000,0.500000,0
83.124461,1765099848.617873,1765099402,1,10,3.788025,2.066195,0.315969,0.047801,0.000000,0.000000,0.500000,0
83.126450,1765099848.617873,1765099402,1,10,3.788025,2.410561,0.315969,0.047801,0.000000,0.000000,0.500000,0
83.128463,1765099848.617873,1765099402,1,10,3.788025,2.066195,0.315969,0.047801,0.000000,0.000000,0.500000,0
83.130483,1765099848.617873,1765099402,1,10,3.788025,2.066195,0.315969,0.047801,0.000000,0.000000,0.500000,0
83.132458,1765099848.617873,1765099402,1,10,3.788025,2.066195,0.315969,0.047801,0.000000,0.000000,0.500000,0
83.134464,1765099848.617873,1765099402,1,10,3.788025,2.066195,0.315969,0.047801,0.000000,0.000000,0.500000,0
83.136466,1765099848.617873,1765099402,1,10,3.788025,2.066195,0.315969,0.047801,0.000000,0.000000,0.500000,0
83.138466,1765099848.617873,1765099402,1,10,3.443659,2.410561,0.315969,0.047801,0.000000,0.000000,0.500000,0
83.140467,1765099848.617873,1765099402,1,10,3.788025,2.066195,0.315969,0.047801,0.000000,0.000000,0.500000,0
83.142468,1765099848.617873,1765099402,1,10,3.788025,1.721829,0.315969,0.047801,0.000000,0.000000,0.500000,0
83.144457,1765099848.617873,1765099402,1,10,3.788025,1.721829,0.315969,0.047801,0.000000,0.000000,0.500000,0
83.146457,1765099848.617873,1765099402,1,10,4.476756,2.066195,0.315969,0.047801,0.000000,0.000000,0.500000,0
83.148458,1765099848.617873,1765099402,1,10,3.788025,2.066195,0.315969,0.047801,0.000000,0.000000,0.500000,0
83.150459,1765099848.617873,1765099402,1,10,3.788025,2.410561,0.315969,0.047801,0.000000,0.000000,0.500000,0
83.152460,1765099848.617873,1765099402,1,10,3.788025,2.066195,0.315969,0.047801,0.000000,0.000000,0.500000,0
83.154460,1765099848.617873,1765099402,1,10,3.788025,2.066195,0.315969,0.047801,0.000000,0.000000,0.500000,0
83.156423,1765099848.617873,1765099402,1,10,3.443659,3.099293,0.315969,0.047801,0.000000,0.000000,0.500000,0
83.158462,1765099848.617873,1765099402,1,10,3.788025,3.099293,0.315969,0.047801,0.000000,0.000000,0.500000,0
83.160463,1765099848.617873,1765099402,1,10,3.443659,2.066195,0.315969,0.047801,0.000000,0.000000,0.500000,0
83.162463,1765099848.617873,1765099402,1,10,3.788025,2.410561,0.315969,0.047801,0.000000,0.000000,0.500000,0
83.164475,1765099848.617873,1765099402,1,10,3.443659,2.410561,0.315969,0.047801,0.000000,0.000000,0.500000,0
83.166476,1765099848.617873,1765099402,1,10,3.788025,2.410561,0.315969,0.047801,0.000000,0.000000,0.500000,0
83.168477,1765099848.617873,1765099402,1,10,3.788025,2.410561,0.315969,0.047801,0.000000,0.000000,0.500000,0
83.170478,1765099848.617873,1765099402,1,10,4.132390,2.066195,0.315969,0.047801,0.000000,0.000000,0.500000,0
83.172478,1765099848.617873,1765099402,1,10,3.788025,2.066195,0.315969,0.047801,0.000000,0.000000,0.500000,0
83.174479,1765099848.617873,1765099402,1,10,3.788025,2.066195,0.315969,0.047801,0.000000,0.000000,0.500000,0
83.176480,1765099848.617873,1765099402,1,10,3.788025,2.066195,0.315969,0.047801,0.000000,0.000000,0.500000,0
83.178482,1765099848.617873,1765099402,1,10,3.788025,1.721829,0.315969,0.047801,0.000000,0.000000,0.500000,0
83.180481,1765099848.617873,1765099402,1,10,3.788025,2.066195,0.315969,0.047801,0.000000,0.000000,0.500000,0
83.182502,1765099848.617873,1765099402,1,10,4.132390,2.410561,0.315969,0.047801,0.000000,0.000000,0.500000,0
83.184483,1765099848.617873,1765099402,1,10,3.443659,1.721829,0.315969,0.047801,0.000000,0.000000,0.500000,0
83.186483,1765099848.617873,1765099402,1,10,3.788025,2.410561,0.315969,0.047801,0.000000,0.000000,0.500000,0
83.188484,1765099848.617873,1765099402,1,10,3.788025,1.721829,0.315969,0.047801,0.000000,0.000000,0.500000,0
83.190485,1765099848.617873,1765099402,1,10,3.788025,2.066195,0.315969,0.047801,0.000000,0.000000,0.500000,0
83.192485,1765099848.617873,1765099402,1,10,4.132390,2.410561,0.315969,0.047801,0.000000,0.000000,0.500000,0
83.194486,1765099848.617873,1765099402,1,10,4.132390,2.410561,0.315969,0.047801,0.000000,0.000000,0.500000,0
83.196487,1765099848.617873,1765099402,1,10,3.788025,1.721829,0.315969,0.047801,0.000000,0.000000,0.500000,0
83.198488,1765099848.617873,1765099402,1,10,3.788025,2.066195,0.315969,0.047801,0.000000,0.000000,0.500000,0
83.200489,1765099848.617873,1765099402,1,10,3.788025,2.066195,0.315969,0.047801,0.000000,0.000000,0.500000,0
83.202489,1765099848.617873,1765099402,1,10,3.788025,1.721829,0.315969,0.047801,0.000000,0.000000,0.500000,0
83.204490,1765099848.617873,1765099402,1,10,3.443659,2.066195,0.315969,0.047801,0.000000,0.000000,0.500000,0
83.206491,1765099848.617873,1765099402,1,10,3.788025,2.066195,0.315969,0.047801,0.000000,0.000000,0.500000,0
83.208580,1765099848.617873,1765099402,1,10,3.788025,2.066195,0.315969,0.047801,0.000000,0.000000,0.500000,0
