time,sys_time,session_id,mode,trial,fx,fy,pos_x,pos_y,vel_x,vel_y,prob_left,preload_flag
7.890602,1763959816.639665,1763959792,1,1,-3.788025,1.033098,0.454002,0.000204,0.000000,0.000935,0.500000,0
7.892603,1763959816.639665,1763959792,1,1,-3.788025,2.066195,0.454002,0.000204,0.000000,0.000946,0.500000,0
7.894605,1763959816.639665,1763959792,1,1,-3.788025,1.377463,0.454002,0.000204,0.000000,0.000011,0.500000,0
7.896606,1763959816.639665,1763959792,1,1,-3.099293,1.033098,0.454002,0.000204,0.000000,0.000000,0.500000,0
7.898606,1763959816.639665,1763959792,1,1,-3.788025,1.033098,0.454002,0.000204,0.000000,0.000000,0.500000,0
7.900619,1763959816.639665,1763959792,1,1,-3.788025,1.377463,0.454002,0.000204,0.000000,0.000000,0.500000,0
7.902637,1763959816.639665,1763959792,1,1,-3.443659,1.033098,0.454002,0.000204,0.000000,0.000000,0.500000,0
7.904660,1763959816.639665,1763959792,1,1,-3.788025,1.033098,0.454002,0.000204,0.000000,0.000000,0.500000,0
7.906691,1763959816.639665,1763959792,1,1,-3.099293,1.377463,0.454002,0.000204,0.000000,0.000000,0.500000,0
7.908664,1763959816.639665,1763959792,1,1,-3.099293,1.377463,0.454002,0.000204,0.000000,0.000000,0.500000,0
7.910666,1763959816.639665,1763959792,1,1,-3.443659,1.377463,0.454002,0.000204,0.000000,0.000000,0.500000,0
7.912666,1763959816.639665,1763959792,1,1,-2.410561,1.033098,0.454002,0.000204,0.000000,0.000000,0.500000,0
7.914668,1763959816.639665,1763959792,1,1,-3.443659,1.377463,0.454002,0.000204,0.000000,0.000000,0.500000,0
7.916670,1763959816.639665,1763959792,1,1,-3.099293,1.377463,0.454002,0.000204,0.000000,0.000000,0.500000,0
7.918668,1763959816.639665,1763959792,1,1,-2.410561,1.377463,0.454002,0.000204,0.000000,0.000000,0.500000,0
7.920672,1763959816.639665,1763959792,1,1,-3.443659,1.377463,0.454002,0.000204,0.000000,0.000000,0.500000,0
7.922673,1763959816.639665,1763959792,1,1,-2.410561,1.033098,0.454002,0.000204,0.000000,0.000000,0.500000,0
7.924675,1763959816.639665,1763959792,1,1,-2.410561,1.377463,0.454002,0.000204,0.000000,0.000000,0.500000,0
7.926676,1763959816.639665,1763959792,1,1,-3.788025,1.377463,0.454002,0.000204,0.000000,0.000000,0.500000,0
7.928678,1763959816.639665,1763959792,1,1,-2.410561,1.377463,0.454002,0.000204,0.000000,0.000000,0.500000,0
7.930679,1763959816.639665,1763959792,1,1,-3.788025,2.066195,0.454002,0.000204,0.000000,0.000000,0.500000,0
7.932714,1763959816.639665,1763959792,1,1,-3.443659,1.377463,0.454002,0.000204,0.000000,0.000000,0.500000,0
7.934683,1763959816.639665,1763959792,1,1,-2.410561,1.033098,0.454002,0.000204,0.000000,0.000000,0.500000,0
7.936682,1763959816.639665,1763959792,1,1,-3.788025,2.066195,0.454002,0.000204,0.000000,0.000000,0.500000,0
7.938662,1763959816.639665,1763959792,1,1,-3.788025,1.377463,0.454002,0.000204,0.000000,0.000000,0.500000,0
7.940663,1763959816.639665,1763959792,1,1,-2.410561,1.033098,0.454002,0.000204,0.000000,0.000000,0.500000,0
7.942664,1763959816.639665,1763959792,1,1,-3.099293,1.033098,0.454002,0.000204,0.000000,0.000000,0.500000,0
7.944667,1763959816.639665,1763959792,1,1,-3.099293,1.377463,0.454002,0.000204,0.000000,0.000000,0.500000,0
7.946665,1763959816.639665,1763959792,1,1,-3.443659,1.033098,0.454002,0.000204,0.000000,0.000000,0.500000,0
7.948666,1763959816.639665,1763959792,1,1,-2.410561,1.377463,0.454002,0.000204,0.000000,0.000000,0.500000,0
7.950668,1763959816.639665,1763959792,1,1,-3.099293,1.377463,0.454002,0.000204,0.000000,0.000000,0.500000,0
7.952669,1763959816.639665,1763959792,1,1,-3.099293,1.377463,0.454002,0.000204,0.000000,0.000000,0.500000,0
7.954689,1763959816.639665,1763959792,1,1,-3.443659,1.377463,0.454002,0.000204,0.000000,0.000000,0.500000,0
7.956694,1763959816.639665,1763959792,1,1,-2.410561,1.033098,0.454002,0.000204,0.000000,0.000000,0.500000,0
7.958731,1763959816.639665,1763959792,1,1,-2.410561,0.688732,0.454002,0.000204,0.000000,0.000000,0.500000,0
7.960695,1763959816.639665,1763959792,1,1,-3.443659,1.377463,0.454002,0.000204,0.000000,0.000000,0.500000,0
7.962698,1763959816.639665,1763959792,1,1,-2.410561,1.377463,0.454002,0.000204,0.000000,0.000000,0.500000,0
7.964699,1763959816.639665,1763959792,1,1,-2.410561,2.066195,0.454002,0.000204,0.000000,0.000000,0.500000,0
7.966701,1763959816.639665,1763959792,1,1,-2.410561,1.377463,0.454002,0.000204,0.000000,0.000000,0.500000,0
7.968678,1763959816.639665,1763959792,1,1,-3.788025,1.377463,0.454002,0.000204,0.000000,0.000000,0.500000,0
7.970681,1763959816.639665,1763959792,1,1,-3.788025,0.688732,0.454002,0.000204,0.000000,0.000000,0.500000,0
7.972680,1763959816.639665,1763959792,1,1,-3.788025,1.377463,0.454002,0.000204,0.000000,0.000000,0.500000,0
7.974612,1763959816.639665,1763959792,1,1,-3.788025,1.033098,0.454002,0.000204,0.000000,0.000000,0.500000,0
7.976598,1763959816.639665,1763959792,1,1,-3.788025,1.377463,0.454002,0.000204,0.000000,0.000000,0.500000,0
7.978598,1763959816.639665,1763959792,1,1,-3.788025,1.033098,0.454002,0.000204,0.000000,0.000000,0.500000,0
7.980602,1763959816.639665,1763959792,1,1,-2.410561,1.377463,0.454002,0.000204,0.000000,0.000000,0.500000,0
7.982601,1763959816.639665,1763959792,1,1,-3.788025,2.066195,0.454002,0.000204,0.000000,0.000000,0.500000,0
7.984628,1763959816.639665,1763959792,1,1,-3.788025,1.377463,0.454002,0.000204,0.000000,0.000000,0.500000,0
7.986711,1763959816.639665,1763959792,1,1,-3.099293,1.377463,0.454002,0.000204,0.000000,0.000000,0.500000,0
7.988712,1763959816.639665,1763959792,1,1,-3.788025,1.377463,0.454002,0.000204,0.000000,0.000000,0.500000,0
7.990714,1763959816.639665,1763959792,1,1,-3.788025,1.377463,0.454002,0.000204,0.000000,0.000000,0.500000,0
7.992716,1763959816.639665,1763959792,1,1,-3.788025,1.377463,0.454002,0.000204,0.000000,0.000000,0.500000,0
7.994717,1763959816.639665,1763959792,1,1,-3.443659,1.377463,0.454002,0.000204,0.000000,0.000000,0.500000,0
7.996695,1763959816.639665,1763959792,1,1,-2.410561,1.033098,0.454002,0.000204,0.000000,0.000000,0.500000,0
7.998695,1763959816.639665,1763959792,1,1,-3.099293,1.377463,0.454002,0.000204,0.000000,0.000000,0.500000,0
8.000697,1763959816.639665,1763959792,1,1,-3.443659,1.377463,0.454002,0.000204,0.000000,0.000000,0.500000,0
8.002699,1763959816.639665,1763959792,1,1,-3.443659,1.033098,0.454002,0.000204,0.000000,0.000000,0.500000,0
8.004699,1763959816.639665,1763959792,1,1,-3.099293,1.033098,0.454002,0.000204,0.000000,0.000000,0.500000,0
8.006700,1763959816.639665,1763959792,1,1,-3.788025,1.377463,0.454002,0.000204,0.000000,0.000000,0.500000,0
8.008685,1763959816.639665,1763959792,1,1,-3.788025,1.377463,0.454002,0.000204,0.000000,0.000000,0.500000,0
8.010716,1763959816.639665,1763959792,1,1,-3.443659,0.688732,0.454002,0.000204,0.000000,0.000000,0.500000,0
8.012687,1763959816.639665,1763959792,1,1,-3.443659,1.377463,0.454002,0.000204,0.000000,0.000000,0.500000,0
8.014689,1763959816.639665,1763959792,1,1,-3.788025,1.377463,0.454002,0.000204,0.000000,0.000000,0.500000,0
8.016688,1763959816.639665,1763959792,1,1,-3.788025,1.033098,0.454002,0.000204,0.000000,0.000000,0.500000,0
8.018690,1763959816.639665,1763959792,1,1,-3.788025,1.377463,0.454002,0.000204,0.000000,0.000000,0.500000,0
8.020692,1763959816.639665,1763959792,1,1,-2.410561,1.377463,0.454002,0.000201,0.000000,-0.000907,0.500000,0
8.022693,1763959816.639665,1763959792,1,1,-3.788025,1.033098,0.454002,0.000201,0.000000,-0.000946,0.500000,0
8.024693,1763959816.639665,1763959792,1,1,-3.788025,1.033098,0.454002,0.000204,0.000000,0.000833,0.500000,0
8.026695,1763959816.639665,1763959792,1,1,-3.788025,1.377463,0.454002,0.000204,0.000000,0.000946,0.500000,0
8.028694,1763959816.639665,1763959792,1,1,-2.410561,1.377463,0.454002,0.000204,0.000446,0.000074,0.500000,0
8.030684,1763959816.639665,1763959792,1,1,-3.788025,1.377463,0.454006,0.000201,0.000943,-0.000935,0.500000,0
8.032685,1763959816.639665,1763959792,1,1,-3.099293,1.377463,0.454006,0.000201,0.000500,-0.000946,0.500000,0
8.034686,1763959816.639665,1763959792,1,1,-3.443659,1.377463,0.454006,0.000204,-0.000098,0.000795,0.500000,0
8.036689,1763959816.639665,1763959792,1,1,-3.788025,1.377463,0.454006,0.000204,0.000445,0.000945,0.500000,0
8.038673,1763959816.639665,1763959792,1,1,-2.410561,1.377463,0.454002,0.000201,-0.000736,-0.000786,0.500000,0
8.040672,1763959816.639665,1763959792,1,1,-2.410561,1.377463,0.454006,0.000201,-0.000002,-0.000945,0.500000,0
8.042674,1763959816.639665,1763959792,1,1,-1.721829,1.377463,0.454006,0.000201,0.000259,-0.000002,0.500000,0
8.044663,1763959816.639665,1763959792,1,1,-3.788025,1.377463,0.454006,0.000201,0.000020,0.000000,0.500000,0
8.046642,1763959816.639665,1763959792,1,1,-3.099293,1.377463,0.454006,0.000201,0.000000,0.000000,0.500000,0
8.048669,1763959816.639665,1763959792,1,1,-3.443659,1.377463,0.454006,0.000201,0.000000,0.000000,0.500000,0
8.050658,1763959816.639665,1763959792,1,1,-2.410561,1.377463,0.454006,0.000201,0.000000,0.000000,0.500000,0
8.052587,1763959816.639665,1763959792,1,1,-2.410561,1.033098,0.454006,0.000201,0.000000,0.000000,0.500000,0
8.054587,1763959816.639665,1763959792,1,1,-2.410561,1.377463,0.454006,0.000201,0.000000,0.000000,0.500000,0
8.056588,1763959816.639665,1763959792,1,1,-3.443659,2.066195,0.454006,0.000201,0.000000,0.000000,0.500000,0
8.058587,1763959816.639665,1763959792,1,1,-3.443659,1.377463,0.454006,0.000201,0.000000,0.000000,0.500000,0
8.060587,1763959816.639665,1763959792,1,1,-2.410561,1.377463,0.454006,0.000201,0.000000,0.000000,0.500000,0
8.062607,1763959816.639665,1763959792,1,1,-3.788025,1.377463,0.454006,0.000201,0.000000,0.000000,0.500000,0
8.064587,1763959816.639665,1763959792,1,1,-3.443659,1.377463,0.454006,0.000201,0.000000,0.000000,0.500000,0
8.066599,1763959816.639665,1763959792,1,1,-3.443659,1.033098,0.454006,0.000201,0.000000,0.000000,0.500000,0
8.068598,1763959816.639665,1763959792,1,1,-3.099293,1.377463,0.454006,0.000201,0.000000,0.000000,0.500000,0
8.070598,1763959816.639665,1763959792,1,1,-3.099293,1.377463,0.454006,0.000201,0.000000,0.000000,0.500000,0
8.072602,1763959816.639665,1763959792,1,1,-3.443659,1.377463,0.454006,0.000201,0.000000,0.000000,0.500000,0
8.074603,1763959816.639665,1763959792,1,1,-3.788025,1.377463,0.454006,0.000201,0.000000,0.000000,0.500000,0
8.076605,1763959816.639665,1763959792,1,1,-2.410561,1.377463,0.454006,0.000201,0.000000,0.000000,0.500000,0
8.078613,1763959816.639665,1763959792,1,1,-3.788025,1.377463,0.454006,0.000201,0.000000,0.000000,0.500000,0
8.080614,1763959816.639665,1763959792,1,1,-3.788025,2.066195,0.454006,0.000201,0.000000,0.000000,0.500000,0
8.082621,1763959816.639665,1763959792,1,1,-3.099293,1.033098,0.454006,0.000201,0.000000,0.000000,0.500000,0
8.084626,1763959816.639665,1763959792,1,1,-3.788025,1.377463,0.454006,0.000201,0.000000,0.000000,0.500000,0
8.086631,1763959816.639665,1763959792,1,1,-3.788025,1.377463,0.454006,0.000201,0.000000,0.000000,0.500000,0
8.088662,1763959816.639665,1763959792,1,1,-3.443659,1.377463,0.454006,0.000201,0.000000,0.000000,0.500000,0
15.441073,1763959824.190418,1763959792,1,2,-3.443659,0.000000,0.453900,0.001503,0.000000,0.000000,0.500000,0
15.443076,1763959824.190418,1763959792,1,2,-3.443659,0.000000,0.453900,0.001503,0.000000,0.000000,0.500000,0
15.445076,1763959824.190418,1763959792,1,2,-2.754927,0.000000,0.453900,0.001503,0.000000,0.000000,0.500000,0
15.447077,1763959824.190418,1763959792,1,2,-3.443659,0.000000,0.453900,0.001506,0.000000,0.000943,0.500000,0
15.449077,1763959824.190418,1763959792,1,2,-2.410561,0.000000,0.453900,0.001506,0.000000,0.000500,0.500000,0
15.451097,1763959824.190418,1763959792,1,2,-3.443659,0.000000,0.453900,0.001506,0.000000,0.000003,0.500000,0
15.453078,1763959824.190418,1763959792,1,2,-3.443659,0.000000,0.453900,0.001506,0.000000,0.000000,0.500000,0
15.455080,1763959824.190418,1763959792,1,2,-3.443659,0.000000,0.453900,0.001506,0.000000,0.000000,0.500000,0
15.457080,1763959824.190418,1763959792,1,2,-2.410561,0.000000,0.453900,0.001506,0.000000,0.000000,0.500000,0
15.459081,1763959824.190418,1763959792,1,2,-3.443659,0.000000,0.453900,0.001506,0.000000,0.000000,0.500000,0
15.461082,1763959824.190418,1763959792,1,2,-3.443659,0.000000,0.453900,0.001506,0.000000,0.000000,0.500000,0
15.463082,1763959824.190418,1763959792,1,2,-3.443659,0.000000,0.453900,0.001506,0.000000,0.000000,0.500000,0
15.465082,1763959824.190418,1763959792,1,2,-3.443659,1.377463,0.453900,0.001506,0.000000,0.000000,0.500000,0
15.467083,1763959824.190418,1763959792,1,2,-3.443659,0.000000,0.453900,0.001506,0.000000,0.000000,0.500000,0
15.469092,1763959824.190418,1763959792,1,2,-3.443659,0.000000,0.453900,0.001506,0.000000,0.000000,0.500000,0
15.471085,1763959824.190418,1763959792,1,2,-3.443659,0.000000,0.453900,0.001506,0.000000,0.000000,0.500000,0
15.473094,1763959824.190418,1763959792,1,2,-3.443659,0.000000,0.453900,0.001503,0.000000,-0.000925,0.500000,0
15.475095,1763959824.190418,1763959792,1,2,-3.443659,1.377463,0.453900,0.001503,0.000000,-0.000945,0.500000,0
15.477098,1763959824.190418,1763959792,1,2,-3.443659,0.000000,0.453900,0.001506,0.000000,0.000643,0.500000,0
15.479087,1763959824.190418,1763959792,1,2,-3.443659,0.000000,0.453900,0.001506,0.000000,0.000944,0.500000,0
15.481088,1763959824.190418,1763959792,1,2,-3.443659,0.000000,0.453900,0.001506,0.000000,0.000039,0.500000,0
15.483089,1763959824.190418,1763959792,1,2,-2.754927,0.000000,0.453900,0.001506,0.000000,0.000000,0.500000,0
15.485089,1763959824.190418,1763959792,1,2,-2.754927,0.000000,0.453900,0.001506,0.000000,0.000000,0.500000,0
15.487090,1763959824.190418,1763959792,1,2,-3.443659,0.000000,0.453900,0.001506,0.000000,0.000000,0.500000,0
15.489090,1763959824.190418,1763959792,1,2,-3.443659,0.000000,0.453900,0.001506,0.000000,0.000000,0.500000,0
15.491091,1763959824.190418,1763959792,1,2,-3.443659,1.377463,0.453900,0.001506,0.000000,0.000000,0.500000,0
15.493092,1763959824.190418,1763959792,1,2,-2.754927,0.000000,0.453900,0.001506,0.000000,0.000000,0.500000,0
15.495101,1763959824.190418,1763959792,1,2,-3.443659,0.000000,0.453900,0.001506,0.000000,0.000000,0.500000,0
15.497093,1763959824.190418,1763959792,1,2,-2.410561,0.000000,0.453900,0.001506,0.000000,0.000000,0.500000,0
15.499103,1763959824.190418,1763959792,1,2,-3.443659,0.000000,0.453900,0.001506,0.000000,0.000000,0.500000,0
15.501095,1763959824.190418,1763959792,1,2,-3.443659,0.000000,0.453900,0.001506,0.000000,0.000000,0.500000,0
15.503124,1763959824.190418,1763959792,1,2,-3.443659,0.000000,0.453900,0.001506,0.000000,0.000000,0.500000,0
15.505105,1763959824.190418,1763959792,1,2,-2.410561,1.033098,0.453900,0.001506,0.000000,0.000000,0.500000,0
15.507106,1763959824.190418,1763959792,1,2,-3.443659,1.377463,0.453900,0.001506,0.000000,0.000000,0.500000,0
15.509106,1763959824.190418,1763959792,1,2,-2.754927,0.000000,0.453900,0.001506,0.000000,0.000000,0.500000,0
15.511107,1763959824.190418,1763959792,1,2,-3.443659,0.000000,0.453900,0.001506,0.000000,0.000000,0.500000,0
15.513108,1763959824.190418,1763959792,1,2,-2.410561,0.000000,0.453900,0.001506,0.000000,0.000000,0.500000,0
15.515109,1763959824.190418,1763959792,1,2,-3.443659,0.000000,0.453900,0.001506,0.000000,0.000000,0.500000,0
15.517109,1763959824.190418,1763959792,1,2,-3.443659,0.000000,0.453900,0.001506,0.000000,0.000000,0.500000,0
15.519109,1763959824.190418,1763959792,1,2,-3.443659,0.000000,0.453900,0.001506,0.000000,0.000000,0.500000,0
15.521110,1763959824.190418,1763959792,1,2,-3.443659,0.000000,0.453900,0.001506,0.000000,0.000000,0.500000,0
15.523111,1763959824.190418,1763959792,1,2,-3.443659,0.000000,0.453900,0.001506,0.000000,0.000000,0.500000,0
15.525112,1763959824.190418,1763959792,1,2,-3.443659,0.000000,0.453900,0.001506,0.000000,0.000000,0.500000,0
15.527113,1763959824.190418,1763959792,1,2,-3.443659,0.000000,0.453900,0.001506,0.000000,0.000000,0.500000,0
15.529152,1763959824.190418,1763959792,1,2,-2.754927,0.000000,0.453900,0.001506,0.000000,0.000000,0.500000,0
15.531114,1763959824.190418,1763959792,1,2,-3.443659,0.000000,0.453900,0.001506,0.000000,0.000000,0.500000,0
15.533115,1763959824.190418,1763959792,1,2,-2.410561,0.000000,0.453900,0.001506,0.000000,0.000000,0.500000,0
15.535116,1763959824.190418,1763959792,1,2,-2.410561,0.000000,0.453900,0.001506,0.000000,0.000000,0.500000,0
15.537116,1763959824.190418,1763959792,1,2,-2.754927,0.000000,0.453900,0.001506,0.000000,0.000000,0.500000,0
15.539116,1763959824.190418,1763959792,1,2,-3.443659,0.000000,0.453900,0.001506,0.000000,0.000000,0.500000,0
15.541118,1763959824.190418,1763959792,1,2,-3.443659,0.000000,0.453900,0.001506,0.000000,0.000000,0.500000,0
15.543119,1763959824.190418,1763959792,1,2,-3.443659,1.377463,0.453903,0.001506,0.000806,0.000000,0.500000,0
15.545119,1763959824.190418,1763959792,1,2,-3.443659,-0.344366,0.453900,0.001506,0.000010,0.000000,0.500000,0
15.547121,1763959824.190418,1763959792,1,2,-3.443659,0.000000,0.453900,0.001506,-0.000806,0.000000,0.500000,0
15.549121,1763959824.190418,1763959792,1,2,-3.443659,0.000000,0.453900,0.001506,-0.000001,0.000000,0.500000,0
15.551121,1763959824.190418,1763959792,1,2,-3.443659,0.000000,0.453900,0.001506,0.000000,0.000000,0.500000,0
15.553113,1763959824.190418,1763959792,1,2,-2.410561,1.377463,0.453903,0.001506,0.000872,0.000000,0.500000,0
15.555153,1763959824.190418,1763959792,1,2,-2.410561,0.000000,0.453903,0.001506,0.000945,0.000000,0.500000,0
15.557115,1763959824.190418,1763959792,1,2,-2.410561,0.000000,0.453903,0.001506,0.000074,0.000000,0.500000,0
15.559115,1763959824.190418,1763959792,1,2,-2.410561,0.000000,0.453903,0.001506,0.000000,0.000000,0.500000,0
15.561116,1763959824.190418,1763959792,1,2,-3.443659,1.377463,0.453903,0.001506,-0.000682,0.000000,0.500000,0
15.563127,1763959824.190418,1763959792,1,2,-2.410561,0.000000,0.453900,0.001506,-0.000244,0.000000,0.500000,0
15.565117,1763959824.190418,1763959792,1,2,-3.443659,1.377463,0.453903,0.001506,-0.000001,0.000000,0.500000,0
15.567117,1763959824.190418,1763959792,1,2,-3.443659,0.000000,0.453903,0.001506,0.000036,0.000000,0.500000,0
15.569128,1763959824.190418,1763959792,1,2,-3.443659,0.000000,0.453903,0.001506,0.000000,0.000000,0.500000,0
15.571128,1763959824.190418,1763959792,1,2,-2.754927,0.000000,0.453903,0.001506,0.000000,0.000000,0.500000,0
15.573151,1763959824.190418,1763959792,1,2,-2.410561,0.000000,0.453903,0.001506,0.000000,0.000000,0.500000,0
15.575125,1763959824.190418,1763959792,1,2,-2.410561,0.000000,0.453903,0.001506,0.000000,0.000000,0.500000,0
15.577149,1763959824.190418,1763959792,1,2,-3.443659,1.033098,0.453903,0.001506,0.000000,0.000000,0.500000,0
15.579150,1763959824.190418,1763959792,1,2,-2.754927,0.000000,0.453903,0.001506,0.000000,0.000000,0.500000,0
15.581165,1763959824.190418,1763959792,1,2,-3.443659,0.000000,0.453903,0.001506,0.000000,0.000000,0.500000,0
15.583124,1763959824.190418,1763959792,1,2,-3.443659,0.000000,0.453903,0.001506,0.000000,0.000000,0.500000,0
15.585116,1763959824.190418,1763959792,1,2,-3.443659,0.000000,0.453903,0.001506,0.000000,0.000000,0.500000,0
15.587076,1763959824.190418,1763959792,1,2,-3.443659,0.000000,0.453903,0.001506,0.000000,0.000000,0.500000,0
15.589072,1763959824.190418,1763959792,1,2,-3.443659,-0.344366,0.453903,0.001506,0.000000,0.000000,0.500000,0
15.591111,1763959824.190418,1763959792,1,2,-3.443659,0.000000,0.453903,0.001506,0.000000,0.000000,0.500000,0
15.593118,1763959824.190418,1763959792,1,2,-3.443659,0.000000,0.453903,0.001506,0.000000,0.000000,0.500000,0
15.595119,1763959824.190418,1763959792,1,2,-3.443659,0.000000,0.453903,0.001506,0.000000,0.000000,0.500000,0
15.597120,1763959824.190418,1763959792,1,2,-3.443659,0.000000,0.453903,0.001506,0.000000,0.000000,0.500000,0
15.599120,1763959824.190418,1763959792,1,2,-3.443659,0.000000,0.453903,0.001506,0.000000,0.000000,0.500000,0
15.601121,1763959824.190418,1763959792,1,2,-3.443659,0.000000,0.453903,0.001506,0.000000,0.000000,0.500000,0
15.603128,1763959824.190418,1763959792,1,2,-3.443659,0.000000,0.453903,0.001506,0.000000,0.000000,0.500000,0
15.605147,1763959824.190418,1763959792,1,2,-2.410561,0.000000,0.453903,0.001506,0.000000,0.000000,0.500000,0
15.607167,1763959824.190418,1763959792,1,2,-3.443659,0.000000,0.453903,0.001506,0.000000,0.000000,0.500000,0
15.609148,1763959824.190418,1763959792,1,2,-3.443659,0.000000,0.453903,0.001506,0.000000,0.000000,0.500000,0
15.611161,1763959824.190418,1763959792,1,2,-3.443659,0.000000,0.453903,0.001506,0.000000,0.000000,0.500000,0
15.613159,1763959824.190418,1763959792,1,2,-3.443659,0.000000,0.453903,0.001506,0.000000,0.000000,0.500000,0
15.615161,1763959824.190418,1763959792,1,2,-2.754927,0.000000,0.453903,0.001506,0.000000,0.000000,0.500000,0
15.617152,1763959824.190418,1763959792,1,2,-3.443659,0.000000,0.453903,0.001506,0.000000,0.000000,0.500000,0
15.619162,1763959824.190418,1763959792,1,2,-2.410561,0.000000,0.453903,0.001506,0.000000,0.000000,0.500000,0
15.621164,1763959824.190418,1763959792,1,2,-3.443659,0.000000,0.453903,0.001506,0.000000,0.000000,0.500000,0
15.623165,1763959824.190418,1763959792,1,2,-2.410561,0.000000,0.453903,0.001506,0.000000,-0.000446,0.500000,0
15.625165,1763959824.190418,1763959792,1,2,-3.443659,1.377463,0.453903,0.001503,0.000000,-0.000943,0.500000,0
15.627169,1763959824.190418,1763959792,1,2,-3.443659,1.377463,0.453903,0.001503,0.000000,0.000306,0.500000,0
15.629168,1763959824.190418,1763959792,1,2,-3.443659,0.000000,0.453903,0.001506,0.000000,0.000942,0.500000,0
15.631169,1763959824.190418,1763959792,1,2,-3.443659,0.000000,0.453903,0.001506,0.000000,0.000264,0.500000,0
15.633191,1763959824.190418,1763959792,1,2,-3.443659,0.000000,0.453903,0.001506,0.000000,0.000001,0.500000,0
15.635173,1763959824.190418,1763959792,1,2,-3.443659,0.000000,0.453903,0.001506,0.000000,-0.000446,0.500000,0
15.637163,1763959824.190418,1763959792,1,2,-3.443659,1.033098,0.453903,0.001503,0.000000,-0.000943,0.500000,0
15.639196,1763959824.190418,1763959792,1,2,-3.443659,0.000000,0.453903,0.001503,0.000000,0.000181,0.500000,0
23.001893,1763959831.751147,1763959792,1,3,-23.416879,0.000000,0.479627,0.001363,0.000000,0.000000,0.500000,1
23.003872,1763959831.751147,1763959792,1,3,-23.416879,0.000000,0.479627,0.001363,0.000000,0.000000,0.500000,1
23.005877,1763959831.751147,1763959792,1,3,-23.416879,0.000000,0.479627,0.001363,0.000000,0.000000,0.500000,1
23.007882,1763959831.751147,1763959792,1,3,-23.416879,0.000000,0.479627,0.001363,0.000000,0.000000,0.500000,1
23.009889,1763959831.751147,1763959792,1,3,-23.416879,0.000000,0.479627,0.001363,0.000000,0.000000,0.500000,1
23.011931,1763959831.751147,1763959792,1,3,-24.105611,0.000000,0.479627,0.001363,0.000000,0.000000,0.500000,1
23.013892,1763959831.751147,1763959792,1,3,-23.416879,0.000000,0.479627,0.001363,0.000000,0.000000,0.500000,1
23.015902,1763959831.751147,1763959792,1,3,-23.416879,0.000000,0.479627,0.001363,0.000000,0.000000,0.500000,1
23.017902,1763959831.751147,1763959792,1,3,-23.416879,0.000000,0.479627,0.001363,0.000000,0.000000,0.500000,1
23.019946,1763959831.751147,1763959792,1,3,-22.728147,0.000000,0.479627,0.001363,0.000000,0.000000,0.500000,1
23.021936,1763959831.751147,1763959792,1,3,-23.416879,0.000000,0.479627,0.001363,0.000000,0.000000,0.500000,1
23.023904,1763959831.751147,1763959792,1,3,-23.416879,1.377463,0.479627,0.001363,0.000000,0.000000,0.500000,1
23.025896,1763959831.751147,1763959792,1,3,-23.416879,0.000000,0.479627,0.001363,0.000000,0.000000,0.500000,1
23.027896,1763959831.751147,1763959792,1,3,-24.105611,0.000000,0.479623,0.001363,-0.000872,0.000000,0.500000,1
23.029967,1763959831.751147,1763959792,1,3,-24.105611,1.377463,0.479623,0.001363,-0.000946,0.000000,0.500000,1
23.031899,1763959831.751147,1763959792,1,3,-23.416879,0.000000,0.479623,0.001363,-0.000006,0.000000,0.500000,1
23.033899,1763959831.751147,1763959792,1,3,-23.761245,0.000000,0.479623,0.001363,0.000000,0.000000,0.500000,1
23.035906,1763959831.751147,1763959792,1,3,-23.416879,0.000000,0.479623,0.001363,0.000000,0.000000,0.500000,1
23.037896,1763959831.751147,1763959792,1,3,-23.416879,0.000000,0.479623,0.001363,0.000000,0.000000,0.500000,1
23.039936,1763959831.751147,1763959792,1,3,-23.416879,0.000000,0.479623,0.001363,0.000000,0.000000,0.500000,1
23.041896,1763959831.751147,1763959792,1,3,-23.416879,0.000000,0.479623,0.001363,0.000000,0.000000,0.500000,1
23.043897,1763959831.751147,1763959792,1,3,-24.105611,0.000000,0.479623,0.001363,0.000000,0.000000,0.500000,1
23.045897,1763959831.751147,1763959792,1,3,-23.416879,1.377463,0.479623,0.001363,0.000000,0.000000,0.500000,1
23.047917,1763959831.751147,1763959792,1,3,-23.416879,1.377463,0.479623,0.001363,0.000000,0.000000,0.500000,1
23.049919,1763959831.751147,1763959792,1,3,-23.416879,0.000000,0.479623,0.001363,0.000000,0.000000,0.500000,1
23.051899,1763959831.751147,1763959792,1,3,-23.416879,0.000000,0.479623,0.001363,0.000000,0.000000,0.500000,1
23.053899,1763959831.751147,1763959792,1,3,-22.728147,0.000000,0.479623,0.001363,0.000000,0.000000,0.500000,1
23.055899,1763959831.751147,1763959792,1,3,-23.416879,1.377463,0.479623,0.001363,0.000000,0.000000,0.500000,1
23.057915,1763959831.751147,1763959792,1,3,-23.416879,1.377463,0.479623,0.001363,0.000000,0.000000,0.500000,1
23.059902,1763959831.751147,1763959792,1,3,-23.416879,0.000000,0.479623,0.001363,0.000000,0.000000,0.500000,1
23.061901,1763959831.751147,1763959792,1,3,-23.416879,0.000000,0.479623,0.001363,0.000000,0.000000,0.500000,1
23.063902,1763959831.751147,1763959792,1,3,-23.416879,0.000000,0.479623,0.001363,0.000000,0.000000,0.500000,1
23.065918,1763959831.751147,1763959792,1,3,-23.416879,0.000000,0.479623,0.001363,0.000000,0.000000,0.500000,1
23.067944,1763959831.751147,1763959792,1,3,-24.105611,0.000000,0.479623,0.001363,0.000000,0.000000,0.500000,1
23.069901,1763959831.751147,1763959792,1,3,-24.105611,0.000000,0.479623,0.001363,0.000000,0.000000,0.500000,1
23.071905,1763959831.751147,1763959792,1,3,-23.416879,0.000000,0.479623,0.001363,0.000000,0.000000,0.500000,1
23.073913,1763959831.751147,1763959792,1,3,-23.416879,0.000000,0.479623,0.001363,0.000000,0.000000,0.500000,1
23.075946,1763959831.751147,1763959792,1,3,-23.416879,1.377463,0.479623,0.001363,0.000000,0.000000,0.500000,1
23.077903,1763959831.751147,1763959792,1,3,-24.105611,0.000000,0.479623,0.001363,0.000000,0.000000,0.500000,1
23.079903,1763959831.751147,1763959792,1,3,-23.416879,0.000000,0.479623,0.001363,0.000000,0.000000,0.500000,1
23.081919,1763959831.751147,1763959792,1,3,-23.416879,0.000000,0.479623,0.001363,0.000000,0.000000,0.500000,1
23.083904,1763959831.751147,1763959792,1,3,-24.105611,0.000000,0.479623,0.001363,0.000000,0.000000,0.500000,1
23.085905,1763959831.751147,1763959792,1,3,-23.416879,1.377463,0.479623,0.001363,0.000000,0.000000,0.500000,1
23.087905,1763959831.751147,1763959792,1,3,-23.416879,0.000000,0.479623,0.001363,0.000000,0.000000,0.500000,1
23.089906,1763959831.751147,1763959792,1,3,-23.416879,0.000000,0.479623,0.001363,0.000000,0.000000,0.500000,1
23.091935,1763959831.751147,1763959792,1,3,-23.416879,0.000000,0.479623,0.001363,0.000000,0.000000,0.500000,1
23.093908,1763959831.751147,1763959792,1,3,-24.105611,0.000000,0.479623,0.001363,0.000000,0.000000,0.500000,1
23.095908,1763959831.751147,1763959792,1,3,-24.105611,0.000000,0.479623,0.001363,0.000000,0.000000,0.500000,1
23.097908,1763959831.751147,1763959792,1,3,-24.105611,0.000000,0.479623,0.001363,0.000000,0.000000,0.500000,1
23.099935,1763959831.751147,1763959792,1,3,-23.416879,0.000000,0.479623,0.001363,0.000000,0.000000,0.500000,1
23.101952,1763959831.751147,1763959792,1,3,-23.416879,0.000000,0.479623,0.001363,0.000000,0.000000,0.500000,1
23.103952,1763959831.751147,1763959792,1,3,-24.105611,0.000000,0.479623,0.001363,0.000000,0.000000,0.500000,1
23.105953,1763959831.751147,1763959792,1,3,-23.416879,0.000000,0.479623,0.001363,0.000000,0.000000,0.500000,1
23.107949,1763959831.751147,1763959792,1,3,-23.416879,1.377463,0.479623,0.001363,0.000000,0.000000,0.500000,1
23.110019,1763959831.751147,1763959792,1,3,-23.416879,0.000000,0.479623,0.001363,0.000000,0.000000,0.500000,1
23.111979,1763959831.751147,1763959792,1,3,-23.761245,0.000000,0.479623,0.001363,0.000000,0.000000,0.500000,1
23.113974,1763959831.751147,1763959792,1,3,-23.416879,0.000000,0.479623,0.001363,0.000000,0.000000,0.500000,1
23.115987,1763959831.751147,1763959792,1,3,-24.105611,1.377463,0.479623,0.001363,0.000000,0.000000,0.500000,1
23.117958,1763959831.751147,1763959792,1,3,-23.416879,1.377463,0.479623,0.001363,0.000000,0.000000,0.500000,1
23.119959,1763959831.751147,1763959792,1,3,-23.416879,0.000000,0.479623,0.001363,0.000000,0.000000,0.500000,1
23.121958,1763959831.751147,1763959792,1,3,-23.416879,0.000000,0.479623,0.001363,0.000000,0.000000,0.500000,1
23.123960,1763959831.751147,1763959792,1,3,-24.449976,0.000000,0.479623,0.001363,0.000000,0.000000,0.500000,1
23.125978,1763959831.751147,1763959792,1,3,-23.416879,0.000000,0.479623,0.001363,0.000000,0.000000,0.500000,1
23.127960,1763959831.751147,1763959792,1,3,-23.416879,0.000000,0.479623,0.001363,0.000000,0.000000,0.500000,1
23.129961,1763959831.751147,1763959792,1,3,-23.416879,0.000000,0.479623,0.001363,0.000000,0.000000,0.500000,1
23.131977,1763959831.751147,1763959792,1,3,-23.416879,1.377463,0.479623,0.001363,0.000000,0.000000,0.500000,1
23.133993,1763959831.751147,1763959792,1,3,-23.416879,0.000000,0.479623,0.001363,0.000000,0.000000,0.500000,1
23.135964,1763959831.751147,1763959792,1,3,-24.105611,0.000000,0.479623,0.001363,0.000000,0.000000,0.500000,1
23.137965,1763959831.751147,1763959792,1,3,-23.416879,0.000000,0.479623,0.001363,0.000000,0.000000,0.500000,1
23.139979,1763959831.751147,1763959792,1,3,-24.105611,0.000000,0.479623,0.001363,0.000000,0.000000,0.500000,1
23.141967,1763959831.751147,1763959792,1,3,-23.416879,0.000000,0.479623,0.001363,0.000000,0.000000,0.500000,1
23.143966,1763959831.751147,1763959792,1,3,-23.416879,0.000000,0.479623,0.001363,0.000000,0.000000,0.500000,1
23.145967,1763959831.751147,1763959792,1,3,-22.728147,0.000000,0.479623,0.001363,0.000000,0.000000,0.500000,1
23.147968,1763959831.751147,1763959792,1,3,-23.416879,0.000000,0.479623,0.001363,0.000000,0.000000,0.500000,1
23.150000,1763959831.751147,1763959792,1,3,-23.416879,0.000000,0.479623,0.001363,0.000000,0.000000,0.500000,1
23.152016,1763959831.751147,1763959792,1,3,-23.416879,0.000000,0.479623,0.001363,0.000000,0.000000,0.500000,1
23.153970,1763959831.751147,1763959792,1,3,-23.416879,0.000000,0.479623,0.001363,0.000000,0.000000,0.500000,1
23.155971,1763959831.751147,1763959792,1,3,-23.416879,0.000000,0.479623,0.001363,0.000000,0.000000,0.500000,1
23.157971,1763959831.751147,1763959792,1,3,-23.416879,0.000000,0.479623,0.001363,0.000000,0.000000,0.500000,1
23.159974,1763959831.751147,1763959792,1,3,-23.416879,1.377463,0.479623,0.001363,0.000000,0.000000,0.500000,1
23.161975,1763959831.751147,1763959792,1,3,-23.416879,0.000000,0.479623,0.001363,0.000000,0.000000,0.500000,1
23.163977,1763959831.751147,1763959792,1,3,-23.416879,0.000000,0.479623,0.001363,0.000000,0.000000,0.500000,1
23.165976,1763959831.751147,1763959792,1,3,-23.416879,0.688732,0.479623,0.001363,0.000000,0.000000,0.500000,1
23.167978,1763959831.751147,1763959792,1,3,-24.794342,0.000000,0.479623,0.001363,0.000000,0.000000,0.500000,1
23.169978,1763959831.751147,1763959792,1,3,-23.416879,1.377463,0.479623,0.001363,0.000000,0.000000,0.500000,1
23.172011,1763959831.751147,1763959792,1,3,-24.105611,0.000000,0.479623,0.001363,0.000000,0.000000,0.500000,1
23.173998,1763959831.751147,1763959792,1,3,-24.105611,1.377463,0.479623,0.001363,0.000000,0.000000,0.500000,1
23.175998,1763959831.751147,1763959792,1,3,-23.416879,1.377463,0.479623,0.001363,0.000000,0.000000,0.500000,1
23.178010,1763959831.751147,1763959792,1,3,-23.416879,0.000000,0.479623,0.001363,0.000000,0.000000,0.500000,1
23.180019,1763959831.751147,1763959792,1,3,-23.416879,0.000000,0.479623,0.001363,0.000000,0.000000,0.500000,1
23.182000,1763959831.751147,1763959792,1,3,-23.416879,1.377463,0.479623,0.001363,0.000000,0.000000,0.500000,1
23.184001,1763959831.751147,1763959792,1,3,-23.416879,0.000000,0.479623,0.001363,0.000000,0.000000,0.500000,1
23.186002,1763959831.751147,1763959792,1,3,-23.416879,0.000000,0.479623,0.001363,0.000000,0.000000,0.500000,1
23.188021,1763959831.751147,1763959792,1,3,-23.416879,0.000000,0.479623,0.001363,0.000000,0.000000,0.500000,1
23.190003,1763959831.751147,1763959792,1,3,-23.416879,0.000000,0.479623,0.001363,0.000000,0.000000,0.500000,1
23.192003,1763959831.751147,1763959792,1,3,-24.105611,0.000000,0.479623,0.001363,0.000000,0.000000,0.500000,1
23.194004,1763959831.751147,1763959792,1,3,-24.105611,0.000000,0.479623,0.001363,0.000000,0.000000,0.500000,1
23.196005,1763959831.751147,1763959792,1,3,-23.416879,0.000000,0.479623,0.001363,0.000000,0.000000,0.500000,1
23.198031,1763959831.751147,1763959792,1,3,-24.105611,0.000000,0.479623,0.001363,0.000000,0.000000,0.500000,1
23.200032,1763959831.751147,1763959792,1,3,-23.416879,0.000000,0.479623,0.001363,0.000000,0.000000,0.500000,1
30.563699,1763959839.312879,1763959792,1,4,-17.218293,-2.410561,0.472321,0.004974,0.000000,-0.000682,0.500000,1
30.565742,1763959839.312879,1763959792,1,4,-17.218293,-2.066195,0.472321,0.004974,0.000000,-0.000945,0.500000,1
30.567700,1763959839.312879,1763959792,1,4,-17.218293,-2.410561,0.472321,0.004974,0.000000,-0.000265,0.500000,1
30.569715,1763959839.312879,1763959792,1,4,-17.218293,-2.066195,0.472321,0.004977,0.000000,0.000852,0.500000,1
30.571717,1763959839.312879,1763959792,1,4,-17.218293,-2.066195,0.472321,0.004977,0.000000,0.000946,0.500000,1
30.573713,1763959839.312879,1763959792,1,4,-17.562659,-2.754927,0.472321,0.004977,0.000000,0.000074,0.500000,1
30.575718,1763959839.312879,1763959792,1,4,-17.218293,-2.066195,0.472321,0.004974,0.000000,-0.000872,0.500000,1
30.577728,1763959839.312879,1763959792,1,4,-17.218293,-2.410561,0.472321,0.004974,0.000000,-0.000945,0.500000,1
30.579721,1763959839.312879,1763959792,1,4,-17.562659,-2.066195,0.472321,0.004977,0.000000,0.000671,0.500000,1
30.581722,1763959839.312879,1763959792,1,4,-17.218293,-2.066195,0.472321,0.004977,0.000000,0.000925,0.500000,1
30.583709,1763959839.312879,1763959792,1,4,-17.218293,-2.066195,0.472321,0.004977,0.000000,0.000946,0.500000,1
30.585708,1763959839.312879,1763959792,1,4,-17.562659,-2.066195,0.472321,0.004977,0.000000,0.000021,0.500000,1
30.587709,1763959839.312879,1763959792,1,4,-17.218293,-2.754927,0.472321,0.004974,0.000000,-0.000907,0.500000,1
30.589709,1763959839.312879,1763959792,1,4,-17.562659,-2.066195,0.472321,0.004974,0.000000,-0.000943,0.500000,1
30.591732,1763959839.312879,1763959792,1,4,-17.562659,-2.066195,0.472321,0.004974,0.000000,-0.000500,0.500000,1
30.593712,1763959839.312879,1763959792,1,4,-17.218293,-2.066195,0.472321,0.004977,0.000000,0.000803,0.500000,1
30.595712,1763959839.312879,1763959792,1,4,-17.218293,-2.066195,0.472321,0.004977,0.000000,0.000946,0.500000,1
30.597713,1763959839.312879,1763959792,1,4,-17.562659,-2.066195,0.472321,0.004977,0.000000,0.000140,0.500000,1
30.599714,1763959839.312879,1763959792,1,4,-17.562659,-2.754927,0.472321,0.004977,0.000000,0.000000,0.500000,1
30.601715,1763959839.312879,1763959792,1,4,-17.218293,-2.754927,0.472321,0.004974,0.000000,-0.000872,0.500000,1
30.603716,1763959839.312879,1763959792,1,4,-17.562659,-2.066195,0.472321,0.004974,0.000000,-0.000946,0.500000,1
30.605733,1763959839.312879,1763959792,1,4,-17.218293,-2.066195,0.472321,0.004977,0.000000,0.000608,0.500000,1
30.607734,1763959839.312879,1763959792,1,4,-17.562659,-2.066195,0.472321,0.004977,0.000000,0.000946,0.500000,1
30.609735,1763959839.312879,1763959792,1,4,-17.218293,-2.066195,0.472321,0.004977,0.000000,0.000021,0.500000,1
30.611731,1763959839.312879,1763959792,1,4,-17.218293,-2.066195,0.472321,0.004977,0.000000,0.000001,0.500000,1
30.613736,1763959839.312879,1763959792,1,4,-17.562659,-2.066195,0.472321,0.004974,0.000000,-0.000682,0.500000,1
30.615738,1763959839.312879,1763959792,1,4,-17.218293,-2.066195,0.472321,0.004974,0.000000,-0.000945,0.500000,1
30.617766,1763959839.312879,1763959792,1,4,-17.562659,-2.066195,0.472321,0.004977,0.000000,0.000886,0.500000,1
30.619743,1763959839.312879,1763959792,1,4,-17.562659,-2.066195,0.472321,0.004977,0.000000,0.000942,0.500000,1
30.621740,1763959839.312879,1763959792,1,4,-17.218293,-2.066195,0.472321,0.004977,0.000000,0.000500,0.500000,1
30.623741,1763959839.312879,1763959792,1,4,-17.218293,-2.066195,0.472321,0.004977,0.000000,0.000003,0.500000,1
30.625728,1763959839.312879,1763959792,1,4,-17.218293,-2.066195,0.472321,0.004974,0.000000,-0.000925,0.500000,1
30.627729,1763959839.312879,1763959792,1,4,-17.218293,-2.066195,0.472321,0.004974,0.000000,-0.000946,0.500000,1
30.629729,1763959839.312879,1763959792,1,4,-17.562659,-2.066195,0.472321,0.004977,0.000000,0.000661,0.500000,1
30.631730,1763959839.312879,1763959792,1,4,-17.218293,-2.066195,0.472321,0.004977,0.000000,0.000944,0.500000,1
30.633730,1763959839.312879,1763959792,1,4,-18.251391,-2.066195,0.472321,0.004977,0.000000,0.000264,0.500000,1
30.635731,1763959839.312879,1763959792,1,4,-17.218293,-2.410561,0.472321,0.004977,0.000000,0.000001,0.500000,1
30.637733,1763959839.312879,1763959792,1,4,-17.562659,-2.754927,0.472321,0.004974,0.000000,-0.000682,0.500000,1
30.639749,1763959839.312879,1763959792,1,4,-17.562659,-2.066195,0.472321,0.004974,0.000000,-0.000945,0.500000,1
30.641734,1763959839.312879,1763959792,1,4,-17.218293,-2.066195,0.472321,0.004977,0.000000,0.000417,0.500000,1
30.643756,1763959839.312879,1763959792,1,4,-17.218293,-2.066195,0.472321,0.004977,0.000000,0.000943,0.500000,1
30.645735,1763959839.312879,1763959792,1,4,-17.218293,-2.066195,0.472321,0.004977,0.000000,0.000264,0.500000,1
30.647737,1763959839.312879,1763959792,1,4,-17.218293,-2.754927,0.472321,0.004977,0.000000,0.000001,0.500000,1
30.649753,1763959839.312879,1763959792,1,4,-17.562659,-2.066195,0.472321,0.004974,0.000000,-0.000872,0.500000,1
30.651754,1763959839.312879,1763959792,1,4,-17.218293,-2.410561,0.472321,0.004974,0.000000,-0.000940,0.500000,1
30.653755,1763959839.312879,1763959792,1,4,-18.251391,-2.066195,0.472321,0.004974,0.000000,-0.000946,0.500000,1
30.655741,1763959839.312879,1763959792,1,4,-17.562659,-2.066195,0.472321,0.004977,0.000000,0.000946,0.500000,1
30.657758,1763959839.312879,1763959792,1,4,-17.562659,-2.066195,0.472321,0.004977,0.000000,0.000946,0.500000,1
30.659758,1763959839.312879,1763959792,1,4,-17.218293,-1.721829,0.472321,0.004977,0.000000,0.000006,0.500000,1
30.661755,1763959839.312879,1763959792,1,4,-17.218293,-2.066195,0.472321,0.004977,0.000000,0.000000,0.500000,1
30.663744,1763959839.312879,1763959792,1,4,-17.562659,-2.410561,0.472321,0.004974,0.000000,-0.000935,0.500000,1
30.665746,1763959839.312879,1763959792,1,4,-17.562659,-2.066195,0.472321,0.004974,0.000000,-0.000946,0.500000,1
30.667746,1763959839.312879,1763959792,1,4,-17.218293,-2.066195,0.472321,0.004977,0.000000,0.000944,0.500000,1
30.669770,1763959839.312879,1763959792,1,4,-17.562659,-2.066195,0.472321,0.004977,0.000000,0.000946,0.500000,1
30.671747,1763959839.312879,1763959792,1,4,-17.562659,-2.066195,0.472321,0.004977,0.000000,0.000021,0.500000,1
30.673748,1763959839.312879,1763959792,1,4,-17.562659,-2.754927,0.472321,0.004977,0.000000,0.000000,0.500000,1
30.675749,1763959839.312879,1763959792,1,4,-17.218293,-2.066195,0.472321,0.004974,0.000000,-0.000907,0.500000,1
30.677750,1763959839.312879,1763959792,1,4,-17.218293,-2.066195,0.472321,0.004974,0.000000,-0.000500,0.500000,1
30.679752,1763959839.312879,1763959792,1,4,-17.562659,-2.066195,0.472321,0.004977,0.000000,0.000886,0.500000,1
30.681752,1763959839.312879,1763959792,1,4,-17.562659,-2.066195,0.472321,0.004977,0.000000,0.000946,0.500000,1
30.683753,1763959839.312879,1763959792,1,4,-17.562659,-2.066195,0.472321,0.004977,0.000000,0.000074,0.500000,1
30.685754,1763959839.312879,1763959792,1,4,-17.218293,-2.754927,0.472321,0.004977,0.000000,0.000000,0.500000,1
30.687754,1763959839.312879,1763959792,1,4,-17.562659,-2.410561,0.472321,0.004974,0.000000,-0.000907,0.500000,1
30.689755,1763959839.312879,1763959792,1,4,-17.562659,-2.066195,0.472321,0.004974,0.000000,-0.000946,0.500000,1
30.691756,1763959839.312879,1763959792,1,4,-17.218293,-2.066195,0.472321,0.004977,0.000000,0.000833,0.500000,1
30.693758,1763959839.312879,1763959792,1,4,-17.562659,-2.066195,0.472321,0.004977,0.000000,0.000946,0.500000,1
30.695798,1763959839.312879,1763959792,1,4,-17.562659,-2.410561,0.472321,0.004977,0.000000,0.000006,0.500000,1
30.697759,1763959839.312879,1763959792,1,4,-18.251391,-2.754927,0.472321,0.004977,0.000000,0.000000,0.500000,1
30.699775,1763959839.312879,1763959792,1,4,-17.562659,-2.066195,0.472321,0.004974,0.000000,-0.000907,0.500000,1
30.701761,1763959839.312879,1763959792,1,4,-17.218293,-2.066195,0.472321,0.004974,0.000000,-0.000946,0.500000,1
30.703777,1763959839.312879,1763959792,1,4,-17.562659,-2.410561,0.472321,0.004977,0.000000,0.000868,0.500000,1
30.705763,1763959839.312879,1763959792,1,4,-17.218293,-2.066195,0.472321,0.004981,0.000000,0.001392,0.500000,1
30.707779,1763959839.312879,1763959792,1,4,-17.218293,-2.066195,0.472321,0.004981,0.000000,0.000982,0.500000,1
30.709780,1763959839.312879,1763959792,1,4,-17.562659,-2.754927,0.472321,0.004977,0.000000,-0.000440,0.500000,1
30.711781,1763959839.312879,1763959792,1,4,-17.218293,-2.410561,0.472321,0.004974,0.000000,-0.001816,0.500000,1
30.713782,1763959839.312879,1763959792,1,4,-17.562659,-2.066195,0.472321,0.004974,0.000000,-0.000952,0.500000,1
30.715767,1763959839.312879,1763959792,1,4,-18.251391,-2.066195,0.472321,0.004977,0.000000,0.000608,0.500000,1
30.717784,1763959839.312879,1763959792,1,4,-17.562659,-2.066195,0.472321,0.004981,0.000000,0.001390,0.500000,1
30.719785,1763959839.312879,1763959792,1,4,-17.218293,-2.066195,0.472321,0.004981,0.000000,0.001208,0.500000,1
30.721793,1763959839.312879,1763959792,1,4,-17.218293,-2.066195,0.472321,0.004977,0.000000,-0.000370,0.500000,1
30.723771,1763959839.312879,1763959792,1,4,-17.218293,-2.754927,0.472321,0.004977,0.000000,-0.000943,0.500000,1
30.725773,1763959839.312879,1763959792,1,4,-17.218293,-2.066195,0.472321,0.004974,0.000000,-0.001014,0.500000,1
30.727773,1763959839.312879,1763959792,1,4,-16.529562,-2.066195,0.472321,0.004977,0.000000,-0.000501,0.500000,1
30.729774,1763959839.312879,1763959792,1,4,-17.562659,-2.066195,0.472321,0.004977,0.000000,0.000937,0.500000,1
30.731774,1763959839.312879,1763959792,1,4,-18.251391,-2.066195,0.472321,0.004981,0.000000,0.001426,0.500000,1
30.733775,1763959839.312879,1763959792,1,4,-17.218293,-2.066195,0.472321,0.004977,0.000000,0.000143,0.500000,1
30.735776,1763959839.312879,1763959792,1,4,-17.218293,-2.754927,0.472321,0.004977,0.000000,-0.000925,0.500000,1
30.737777,1763959839.312879,1763959792,1,4,-17.562659,-2.066195,0.472321,0.004974,0.000000,-0.001065,0.500000,1
30.739778,1763959839.312879,1763959792,1,4,-17.562659,-2.066195,0.472321,0.004974,0.000000,-0.000947,0.500000,1
30.741779,1763959839.312879,1763959792,1,4,-17.218293,-2.066195,0.472321,0.004981,0.000000,0.001390,0.500000,1
30.743779,1763959839.312879,1763959792,1,4,-17.562659,-2.066195,0.472321,0.004981,0.000000,0.001853,0.500000,1
30.745780,1763959839.312879,1763959792,1,4,-17.218293,-2.066195,0.472321,0.004981,0.000000,0.000952,0.500000,1
30.747864,1763959839.312879,1763959792,1,4,-17.562659,-2.410561,0.472321,0.004977,0.000000,-0.000896,0.500000,1
30.749782,1763959839.312879,1763959792,1,4,-17.218293,-2.066195,0.472321,0.004974,0.000000,-0.001818,0.500000,1
30.751783,1763959839.312879,1763959792,1,4,-17.562659,-2.066195,0.472321,0.004974,0.000000,-0.000957,0.500000,1
30.753783,1763959839.312879,1763959792,1,4,-17.562659,-2.066195,0.472321,0.004977,0.000000,0.000798,0.500000,1
30.755784,1763959839.312879,1763959792,1,4,-17.218293,-2.066195,0.472321,0.004981,0.000000,0.001391,0.500000,1
30.757785,1763959839.312879,1763959792,1,4,-17.218293,-2.066195,0.472321,0.004981,0.000000,0.001017,0.500000,1
30.759786,1763959839.312879,1763959792,1,4,-17.218293,-2.754927,0.472321,0.004977,0.000000,-0.000371,0.500000,1
30.761786,1763959839.312879,1763959792,1,4,-18.251391,-2.410561,0.472321,0.004977,0.000000,-0.000943,0.500000,1
38.105479,1763959846.854481,1763959792,1,5,-16.529562,-9.642244,0.471458,0.014800,0.000000,0.000000,0.500000,1
38.107482,1763959846.854481,1763959792,1,5,-16.873927,-9.642244,0.471458,0.014800,0.000000,0.000000,0.500000,1
38.109495,1763959846.854481,1763959792,1,5,-16.873927,-10.330976,0.471458,0.014800,0.000000,0.000000,0.500000,1
38.111489,1763959846.854481,1763959792,1,5,-16.529562,-9.642244,0.471458,0.014800,0.000000,0.000000,0.500000,1
38.113495,1763959846.854481,1763959792,1,5,-16.873927,-10.675342,0.471458,0.014800,0.000000,0.000000,0.500000,1
38.115504,1763959846.854481,1763959792,1,5,-16.873927,-9.986610,0.471458,0.014800,0.000000,0.000000,0.500000,1
38.117516,1763959846.854481,1763959792,1,5,-16.873927,-10.330976,0.471458,0.014803,0.000806,0.000446,0.500000,1
38.119524,1763959846.854481,1763959792,1,5,-16.873927,-9.986610,0.471462,0.014803,0.000935,0.000925,0.500000,1
38.121534,1763959846.854481,1763959792,1,5,-16.873927,-9.642244,0.471462,0.014803,0.000946,0.000946,0.500000,1
38.123535,1763959846.854481,1763959792,1,5,-16.873927,-10.330976,0.471462,0.014800,-0.000681,-0.000896,0.500000,1
38.125488,1763959846.854481,1763959792,1,5,-16.529562,-10.330976,0.471458,0.014800,-0.000945,-0.000500,0.500000,1
38.127536,1763959846.854481,1763959792,1,5,-16.529562,-8.953512,0.471462,0.014803,0.000643,0.000946,0.500000,1
38.129537,1763959846.854481,1763959792,1,5,-16.873927,-10.330976,0.471462,0.014803,0.000922,0.000054,0.500000,1
38.131537,1763959846.854481,1763959792,1,5,-16.873927,-9.986610,0.471462,0.014800,0.000500,-0.000935,0.500000,1
38.133538,1763959846.854481,1763959792,1,5,-16.873927,-9.986610,0.471462,0.014803,0.000000,0.000407,0.500000,1
38.135560,1763959846.854481,1763959792,1,5,-16.873927,-10.675342,0.471462,0.014803,0.000000,0.000943,0.500000,1
38.137539,1763959846.854481,1763959792,1,5,-16.873927,-10.330976,0.471462,0.014800,0.000000,-0.000643,0.500000,1
38.139540,1763959846.854481,1763959792,1,5,-16.529562,-10.330976,0.471462,0.014800,0.000000,-0.000944,0.500000,1
38.141540,1763959846.854481,1763959792,1,5,-16.873927,-10.330976,0.471462,0.014803,0.000000,0.000407,0.500000,1
38.143542,1763959846.854481,1763959792,1,5,-16.529562,-10.330976,0.471462,0.014803,0.000000,0.000944,0.500000,1
38.145542,1763959846.854481,1763959792,1,5,-16.873927,-9.986610,0.471462,0.014803,0.000000,0.000003,0.500000,1
38.147553,1763959846.854481,1763959792,1,5,-16.873927,-9.642244,0.471462,0.014803,0.000000,0.000000,0.500000,1
38.149556,1763959846.854481,1763959792,1,5,-16.873927,-9.642244,0.471462,0.014803,0.000000,0.000000,0.500000,1
38.151544,1763959846.854481,1763959792,1,5,-16.873927,-10.675342,0.471462,0.014803,0.000000,0.000000,0.500000,1
38.153545,1763959846.854481,1763959792,1,5,-16.873927,-9.986610,0.471462,0.014803,0.000000,0.000000,0.500000,1
38.155556,1763959846.854481,1763959792,1,5,-16.873927,-10.330976,0.471462,0.014803,0.000000,0.000000,0.500000,1
38.157546,1763959846.854481,1763959792,1,5,-16.873927,-10.330976,0.471462,0.014803,0.000000,0.000000,0.500000,1
38.159555,1763959846.854481,1763959792,1,5,-16.873927,-9.642244,0.471462,0.014803,0.000000,0.000000,0.500000,1
38.161566,1763959846.854481,1763959792,1,5,-16.873927,-10.330976,0.471462,0.014800,0.000000,-0.000872,0.500000,1
38.163557,1763959846.854481,1763959792,1,5,-16.873927,-9.642244,0.471462,0.014800,0.000000,-0.000940,0.500000,1
38.165549,1763959846.854481,1763959792,1,5,-16.873927,-10.330976,0.471462,0.014803,0.000000,-0.000074,0.500000,1
38.167557,1763959846.854481,1763959792,1,5,-16.529562,-10.330976,0.471462,0.014803,0.000000,0.000940,0.500000,1
38.169551,1763959846.854481,1763959792,1,5,-16.873927,-10.330976,0.471458,0.014803,-0.000943,0.000140,0.500000,1
38.171562,1763959846.854481,1763959792,1,5,-16.529562,-9.642244,0.471458,0.014800,-0.000500,-0.000945,0.500000,1
38.173565,1763959846.854481,1763959792,1,5,-16.873927,-10.330976,0.471458,0.014800,-0.000039,-0.000500,0.500000,1
38.175553,1763959846.854481,1763959792,1,5,-16.873927,-10.330976,0.471458,0.014803,-0.000000,0.000932,0.500000,1
38.177562,1763959846.854481,1763959792,1,5,-16.873927,-9.642244,0.471458,0.014803,0.000000,0.000500,0.500000,1
38.179569,1763959846.854481,1763959792,1,5,-16.873927,-10.330976,0.471458,0.014800,0.000000,-0.000801,0.500000,1
38.181564,1763959846.854481,1763959792,1,5,-17.218293,-9.986610,0.471458,0.014803,0.000000,-0.000039,0.500000,1
38.183568,1763959846.854481,1763959792,1,5,-16.873927,-10.330976,0.471458,0.014803,0.000000,0.000869,0.500000,1
38.185557,1763959846.854481,1763959792,1,5,-16.529562,-9.986610,0.471458,0.014803,0.000000,0.000500,0.500000,1
38.187578,1763959846.854481,1763959792,1,5,-16.873927,-10.330976,0.471458,0.014803,0.000000,-0.000443,0.500000,1
38.189558,1763959846.854481,1763959792,1,5,-16.529562,-9.642244,0.471458,0.014800,0.000000,-0.000940,0.500000,1
38.191559,1763959846.854481,1763959792,1,5,-16.873927,-10.330976,0.471458,0.014803,0.000000,0.000372,0.500000,1
38.193560,1763959846.854481,1763959792,1,5,-16.529562,-9.642244,0.471458,0.014803,0.000000,0.000946,0.500000,1
38.195560,1763959846.854481,1763959792,1,5,-16.873927,-10.330976,0.471458,0.014803,0.000000,0.000074,0.500000,1
38.197561,1763959846.854481,1763959792,1,5,-16.873927,-9.642244,0.471458,0.014803,0.000000,0.000000,0.500000,1
38.199562,1763959846.854481,1763959792,1,5,-16.873927,-10.330976,0.471458,0.014803,0.000000,0.000000,0.500000,1
38.201563,1763959846.854481,1763959792,1,5,-16.873927,-10.330976,0.471458,0.014803,0.000806,0.000000,0.500000,1
38.203588,1763959846.854481,1763959792,1,5,-16.529562,-10.330976,0.471462,0.014803,0.000945,0.000000,0.500000,1
38.205593,1763959846.854481,1763959792,1,5,-16.873927,-10.675342,0.471462,0.014803,0.000946,0.000000,0.500000,1
38.207612,1763959846.854481,1763959792,1,5,-16.529562,-10.330976,0.471458,0.014803,-0.000915,0.000000,0.500000,1
38.209633,1763959846.854481,1763959792,1,5,-16.873927,-9.642244,0.471462,0.014803,0.000671,0.000000,0.500000,1
38.211658,1763959846.854481,1763959792,1,5,-16.873927,-9.642244,0.471462,0.014803,0.000944,0.000000,0.500000,1
38.213694,1763959846.854481,1763959792,1,5,-16.873927,-9.642244,0.471462,0.014803,0.000011,0.000000,0.500000,1
38.215659,1763959846.854481,1763959792,1,5,-16.873927,-10.330976,0.471462,0.014803,0.000001,0.000000,0.500000,1
38.217658,1763959846.854481,1763959792,1,5,-16.873927,-9.986610,0.471462,0.014803,0.000000,0.000000,0.500000,1
38.219566,1763959846.854481,1763959792,1,5,-16.873927,-8.953512,0.471462,0.014803,0.000000,0.000000,0.500000,1
38.221561,1763959846.854481,1763959792,1,5,-16.873927,-10.330976,0.471462,0.014803,0.000000,0.000000,0.500000,1
38.223562,1763959846.854481,1763959792,1,5,-16.873927,-10.330976,0.471462,0.014803,0.000000,0.000000,0.500000,1
38.225674,1763959846.854481,1763959792,1,5,-16.529562,-9.642244,0.471462,0.014803,0.000000,0.000000,0.500000,1
38.227672,1763959846.854481,1763959792,1,5,-16.529562,-10.675342,0.471462,0.014803,0.000000,0.000000,0.500000,1
38.229674,1763959846.854481,1763959792,1,5,-16.529562,-9.986610,0.471462,0.014803,0.000000,0.000000,0.500000,1
38.231675,1763959846.854481,1763959792,1,5,-17.218293,-9.986610,0.471462,0.014803,0.000000,0.000000,0.500000,1
38.233675,1763959846.854481,1763959792,1,5,-16.529562,-10.330976,0.471462,0.014803,0.000000,0.000000,0.500000,1
38.235678,1763959846.854481,1763959792,1,5,-16.873927,-10.330976,0.471462,0.014803,0.000000,0.000000,0.500000,1
38.237680,1763959846.854481,1763959792,1,5,-16.529562,-10.330976,0.471462,0.014803,0.000000,0.000000,0.500000,1
38.239719,1763959846.854481,1763959792,1,5,-16.873927,-10.330976,0.471462,0.014807,0.000000,0.000907,0.500000,1
38.241658,1763959846.854481,1763959792,1,5,-16.873927,-10.330976,0.471462,0.014807,0.000000,0.000946,0.500000,1
38.243660,1763959846.854481,1763959792,1,5,-17.562659,-10.675342,0.471462,0.014807,-0.000682,0.000039,0.500000,1
38.245661,1763959846.854481,1763959792,1,5,-16.873927,-9.986610,0.471458,0.014807,-0.000925,0.000000,0.500000,1
38.247663,1763959846.854481,1763959792,1,5,-16.873927,-10.330976,0.471458,0.014807,-0.000946,0.000000,0.500000,1
38.249647,1763959846.854481,1763959792,1,5,-16.873927,-9.642244,0.471458,0.014807,-0.000021,0.000000,0.500000,1
38.251649,1763959846.854481,1763959792,1,5,-16.873927,-9.642244,0.471458,0.014807,0.000000,0.000000,0.500000,1
38.253650,1763959846.854481,1763959792,1,5,-16.873927,-10.330976,0.471458,0.014807,0.000000,0.000000,0.500000,1
38.255650,1763959846.854481,1763959792,1,5,-16.873927,-9.986610,0.471458,0.014807,0.000000,0.000000,0.500000,1
38.257639,1763959846.854481,1763959792,1,5,-16.873927,-10.330976,0.471458,0.014807,0.000000,0.000000,0.500000,1
38.259663,1763959846.854481,1763959792,1,5,-16.529562,-9.986610,0.471458,0.014807,0.000000,0.000000,0.500000,1
38.261640,1763959846.854481,1763959792,1,5,-16.529562,-10.675342,0.471458,0.014807,0.000000,0.000000,0.500000,1
38.263629,1763959846.854481,1763959792,1,5,-16.873927,-10.330976,0.471458,0.014807,0.000000,0.000000,0.500000,1
38.265600,1763959846.854481,1763959792,1,5,-16.529562,-10.330976,0.471458,0.014807,0.000000,0.000000,0.500000,1
38.267572,1763959846.854481,1763959792,1,5,-16.873927,-10.330976,0.471458,0.014807,0.000000,0.000000,0.500000,1
38.269560,1763959846.854481,1763959792,1,5,-16.873927,-10.330976,0.471458,0.014807,0.000000,0.000000,0.500000,1
38.271677,1763959846.854481,1763959792,1,5,-16.873927,-9.642244,0.471458,0.014807,0.000000,0.000000,0.500000,1
38.273582,1763959846.854481,1763959792,1,5,-16.873927,-10.330976,0.471458,0.014807,0.000000,0.000000,0.500000,1
38.275579,1763959846.854481,1763959792,1,5,-16.529562,-10.675342,0.471458,0.014807,0.000000,0.000000,0.500000,1
38.277538,1763959846.854481,1763959792,1,5,-16.873927,-9.986610,0.471458,0.014807,0.000000,0.000000,0.500000,1
38.279555,1763959846.854481,1763959792,1,5,-16.873927,-9.642244,0.471458,0.014807,0.000000,0.000000,0.500000,1
38.281541,1763959846.854481,1763959792,1,5,-17.218293,-9.642244,0.471458,0.014807,0.000000,0.000000,0.500000,1
38.283541,1763959846.854481,1763959792,1,5,-16.873927,-10.330976,0.471458,0.014807,0.000000,0.000000,0.500000,1
38.285545,1763959846.854481,1763959792,1,5,-17.562659,-10.330976,0.471458,0.014811,0.000000,0.000943,0.500000,1
38.287567,1763959846.854481,1763959792,1,5,-16.873927,-9.642244,0.471458,0.014811,0.000000,0.000946,0.500000,1
38.289549,1763959846.854481,1763959792,1,5,-16.873927,-10.330976,0.471458,0.014811,0.000000,0.000039,0.500000,1
38.291580,1763959846.854481,1763959792,1,5,-16.873927,-10.330976,0.471458,0.014811,0.000000,0.000000,0.500000,1
38.293551,1763959846.854481,1763959792,1,5,-16.873927,-9.642244,0.471458,0.014811,0.000000,0.000000,0.500000,1
38.295557,1763959846.854481,1763959792,1,5,-16.873927,-9.642244,0.471458,0.014811,0.000000,0.000000,0.500000,1
38.297546,1763959846.854481,1763959792,1,5,-16.873927,-9.642244,0.471458,0.014811,0.000000,0.000000,0.500000,1
38.299544,1763959846.854481,1763959792,1,5,-16.873927,-10.330976,0.471458,0.014811,0.000000,0.000000,0.500000,1
38.301554,1763959846.854481,1763959792,1,5,-16.873927,-9.642244,0.471458,0.014811,0.000000,0.000000,0.500000,1
38.303554,1763959846.854481,1763959792,1,5,-17.218293,-9.642244,0.471458,0.014811,0.000000,0.000446,0.500000,1
45.655163,1763959854.404593,1763959792,1,6,-23.761245,-20.317586,0.479044,0.027347,-0.000003,0.000000,0.500000,1
45.657183,1763959854.404593,1763959792,1,6,-22.383781,-20.661952,0.479044,0.027347,0.000000,0.000000,0.500000,1
45.659165,1763959854.404593,1763959792,1,6,-23.761245,-19.973220,0.479044,0.027347,0.000000,0.000000,0.500000,1
45.661213,1763959854.404593,1763959792,1,6,-22.383781,-20.317586,0.479044,0.027347,0.000000,0.000000,0.500000,1
45.663165,1763959854.404593,1763959792,1,6,-23.761245,-21.006318,0.479044,0.027347,0.000000,0.000000,0.500000,1
45.665165,1763959854.404593,1763959792,1,6,-22.383781,-19.628854,0.479044,0.027347,0.000000,0.000000,0.500000,1
45.667178,1763959854.404593,1763959792,1,6,-23.761245,-19.973220,0.479044,0.027347,0.000000,0.000000,0.500000,1
45.669171,1763959854.404593,1763959792,1,6,-23.761245,-19.973220,0.479044,0.027343,0.000000,-0.000806,0.500000,1
45.671170,1763959854.404593,1763959792,1,6,-23.072513,-20.317586,0.479044,0.027343,0.000000,-0.000946,0.500000,1
45.673169,1763959854.404593,1763959792,1,6,-23.761245,-20.317586,0.479044,0.027343,0.000000,-0.000074,0.500000,1
45.675170,1763959854.404593,1763959792,1,6,-23.761245,-20.317586,0.479044,0.027343,0.000000,-0.000001,0.500000,1
45.677190,1763959854.404593,1763959792,1,6,-23.761245,-19.628854,0.479044,0.027343,0.000000,0.000000,0.500000,1
45.679180,1763959854.404593,1763959792,1,6,-23.761245,-20.661952,0.479044,0.027343,0.000000,0.000000,0.500000,1
45.681171,1763959854.404593,1763959792,1,6,-23.072513,-20.317586,0.479044,0.027343,0.000000,0.000000,0.500000,1
45.683173,1763959854.404593,1763959792,1,6,-22.383781,-20.317586,0.479044,0.027343,0.000000,0.000000,0.500000,1
45.685170,1763959854.404593,1763959792,1,6,-22.383781,-20.317586,0.479047,0.027343,0.000682,0.000000,0.500000,1
45.687174,1763959854.404593,1763959792,1,6,-23.072513,-19.628854,0.479044,0.027343,0.000138,0.000000,0.500000,1
45.689188,1763959854.404593,1763959792,1,6,-23.761245,-20.317586,0.479044,0.027343,0.000702,0.000000,0.500000,1
45.691185,1763959854.404593,1763959792,1,6,-23.761245,-20.317586,0.479047,0.027343,0.000020,0.000000,0.500000,1
45.693185,1763959854.404593,1763959792,1,6,-23.761245,-19.628854,0.479047,0.027343,0.000010,0.000000,0.500000,1
45.695185,1763959854.404593,1763959792,1,6,-23.761245,-19.628854,0.479047,0.027343,0.000000,0.000000,0.500000,1
45.697186,1763959854.404593,1763959792,1,6,-23.761245,-19.973220,0.479047,0.027343,0.000000,0.000000,0.500000,1
45.699187,1763959854.404593,1763959792,1,6,-23.761245,-20.317586,0.479047,0.027343,0.000000,0.000000,0.500000,1
45.701187,1763959854.404593,1763959792,1,6,-23.072513,-20.317586,0.479047,0.027343,0.000000,0.000000,0.500000,1
45.703223,1763959854.404593,1763959792,1,6,-22.383781,-19.628854,0.479047,0.027343,0.000000,0.000000,0.500000,1
45.705204,1763959854.404593,1763959792,1,6,-22.383781,-19.628854,0.479047,0.027343,0.000000,0.000000,0.500000,1
45.707190,1763959854.404593,1763959792,1,6,-22.383781,-19.628854,0.479047,0.027343,0.000000,0.000000,0.500000,1
45.709191,1763959854.404593,1763959792,1,6,-22.383781,-19.628854,0.479047,0.027343,0.000000,0.000000,0.500000,1
45.711190,1763959854.404593,1763959792,1,6,-23.761245,-19.628854,0.479047,0.027347,0.000000,0.000940,0.500000,1
45.713225,1763959854.404593,1763959792,1,6,-23.072513,-20.317586,0.479044,0.027347,-0.000446,0.000946,0.500000,1
45.715215,1763959854.404593,1763959792,1,6,-23.072513,-20.661952,0.479044,0.027347,-0.000907,0.000011,0.500000,1
45.717211,1763959854.404593,1763959792,1,6,-23.761245,-20.317586,0.479047,0.027347,-0.000011,0.000000,0.500000,1
45.719217,1763959854.404593,1763959792,1,6,-23.072513,-19.628854,0.479044,0.027347,-0.000028,0.000000,0.500000,1
45.721217,1763959854.404593,1763959792,1,6,-23.072513,-20.317586,0.479044,0.027347,-0.000139,0.000000,0.500000,1
45.723218,1763959854.404593,1763959792,1,6,-23.072513,-20.317586,0.479044,0.027347,-0.000001,0.000000,0.500000,1
45.725225,1763959854.404593,1763959792,1,6,-23.072513,-19.628854,0.479044,0.027347,0.000000,0.000000,0.500000,1
45.727223,1763959854.404593,1763959792,1,6,-23.072513,-21.006318,0.479044,0.027347,0.000000,0.000000,0.500000,1
45.729221,1763959854.404593,1763959792,1,6,-23.072513,-19.628854,0.479044,0.027347,0.000000,0.000000,0.500000,1
45.731247,1763959854.404593,1763959792,1,6,-23.761245,-19.973220,0.479044,0.027347,0.000000,0.000000,0.500000,1
45.733223,1763959854.404593,1763959792,1,6,-21.695050,-20.317586,0.479044,0.027347,0.000000,0.000000,0.500000,1
45.735278,1763959854.404593,1763959792,1,6,-23.072513,-19.628854,0.479044,0.027347,0.000000,0.000000,0.500000,1
45.737342,1763959854.404593,1763959792,1,6,-24.105611,-20.317586,0.479044,0.027347,0.000000,0.000000,0.500000,1
45.739328,1763959854.404593,1763959792,1,6,-23.761245,-20.317586,0.479044,0.027347,0.000000,0.000000,0.500000,1
45.741353,1763959854.404593,1763959792,1,6,-23.761245,-20.317586,0.479040,0.027347,-0.000926,0.000000,0.500000,1
45.743353,1763959854.404593,1763959792,1,6,-22.383781,-20.661952,0.479040,0.027347,-0.000945,0.000000,0.500000,1
45.745355,1763959854.404593,1763959792,1,6,-23.072513,-19.973220,0.479040,0.027347,-0.000265,0.000000,0.500000,1
45.747355,1763959854.404593,1763959792,1,6,-22.383781,-19.628854,0.479036,0.027347,-0.000927,0.000000,0.500000,1
45.749358,1763959854.404593,1763959792,1,6,-23.761245,-19.628854,0.479032,0.027347,-0.001137,0.000000,0.500000,1
45.751252,1763959854.404593,1763959792,1,6,-23.072513,-19.628854,0.479032,0.027347,-0.000947,0.000000,0.500000,1
45.753359,1763959854.404593,1763959792,1,6,-23.761245,-20.317586,0.479029,0.027347,-0.001819,0.000000,0.500000,1
45.755255,1763959854.404593,1763959792,1,6,-24.105611,-20.317586,0.479025,0.027347,-0.001633,0.000000,0.500000,1
45.757398,1763959854.404593,1763959792,1,6,-22.383781,-20.317586,0.479021,0.027347,-0.001859,0.000000,0.500000,1
45.759260,1763959854.404593,1763959792,1,6,-23.761245,-19.973220,0.479017,0.027347,-0.001874,0.000000,0.500000,1
45.761364,1763959854.404593,1763959792,1,6,-22.728147,-19.973220,0.479013,0.027347,-0.001891,0.000000,0.500000,1
45.763364,1763959854.404593,1763959792,1,6,-23.072513,-20.317586,0.479010,0.027347,-0.001893,0.000000,0.500000,1
45.765368,1763959854.404593,1763959792,1,6,-23.416879,-20.317586,0.479006,0.027347,-0.001911,0.000000,0.500000,1
45.767368,1763959854.404593,1763959792,1,6,-23.416879,-20.317586,0.479002,0.027347,-0.001921,0.000000,0.500000,1
45.769348,1763959854.404593,1763959792,1,6,-23.416879,-19.628854,0.478998,0.027347,-0.002019,0.000000,0.500000,1
45.771349,1763959854.404593,1763959792,1,6,-23.072513,-19.628854,0.478994,0.027347,-0.001893,0.000000,0.500000,1
45.773349,1763959854.404593,1763959792,1,6,-22.728147,-19.628854,0.478991,0.027347,-0.001768,0.000000,0.500000,1
45.775352,1763959854.404593,1763959792,1,6,-23.416879,-19.973220,0.478987,0.027347,-0.001864,0.000000,0.500000,1
45.777351,1763959854.404593,1763959792,1,6,-22.728147,-20.317586,0.478987,0.027347,-0.001209,0.000000,0.500000,1
45.779337,1763959854.404593,1763959792,1,6,-22.728147,-20.317586,0.478983,0.027347,-0.001374,0.000000,0.500000,1
45.781338,1763959854.404593,1763959792,1,6,-23.416879,-20.317586,0.478983,0.027347,-0.000949,0.000000,0.500000,1
45.783366,1763959854.404593,1763959792,1,6,-23.416879,-19.628854,0.478983,0.027347,-0.000006,-0.000446,0.500000,1
45.785340,1763959854.404593,1763959792,1,6,-23.416879,-20.317586,0.478979,0.027347,-0.000945,0.000372,0.500000,1
45.787341,1763959854.404593,1763959792,1,6,-22.728147,-20.317586,0.478979,0.027347,-0.000946,0.000901,0.500000,1
45.789342,1763959854.404593,1763959792,1,6,-23.416879,-20.317586,0.478979,0.027347,-0.000265,0.000946,0.500000,1
45.791334,1763959854.404593,1763959792,1,6,-23.416879,-19.973220,0.478979,0.027343,-0.000002,-0.000868,0.500000,1
45.793344,1763959854.404593,1763959792,1,6,-23.416879,-21.006318,0.478979,0.027343,0.000000,-0.000500,0.500000,1
45.795341,1763959854.404593,1763959792,1,6,-22.728147,-20.317586,0.478979,0.027343,0.000000,-0.000003,0.500000,1
45.797276,1763959854.404593,1763959792,1,6,-22.728147,-20.317586,0.478979,0.027347,0.000000,0.000872,0.500000,1
45.799258,1763959854.404593,1763959792,1,6,-23.416879,-19.628854,0.478979,0.027347,0.000000,0.000500,0.500000,1
45.801274,1763959854.404593,1763959792,1,6,-23.416879,-19.973220,0.478979,0.027343,0.000000,-0.000945,0.500000,1
45.803281,1763959854.404593,1763959792,1,6,-23.416879,-19.973220,0.478979,0.027343,0.000000,-0.000945,0.500000,1
45.805284,1763959854.404593,1763959792,1,6,-23.416879,-19.628854,0.478979,0.027347,0.000000,0.000945,0.500000,1
45.807293,1763959854.404593,1763959792,1,6,-23.416879,-20.317586,0.478979,0.027347,0.000000,-0.000542,0.500000,1
45.809338,1763959854.404593,1763959792,1,6,-23.416879,-19.628854,0.478979,0.027343,0.000000,-0.000942,0.500000,1
45.811316,1763959854.404593,1763959792,1,6,-23.416879,-19.628854,0.478979,0.027347,0.000000,0.000372,0.500000,1
45.813316,1763959854.404593,1763959792,1,6,-23.416879,-19.628854,0.478979,0.027347,0.000000,0.000944,0.500000,1
45.815318,1763959854.404593,1763959792,1,6,-23.416879,-20.317586,0.478979,0.027347,0.000000,0.000039,0.500000,1
45.817406,1763959854.404593,1763959792,1,6,-22.728147,-20.317586,0.478979,0.027347,0.000000,0.000006,0.500000,1
45.819300,1763959854.404593,1763959792,1,6,-23.416879,-20.317586,0.478979,0.027347,0.000000,0.000000,0.500000,1
45.821298,1763959854.404593,1763959792,1,6,-22.728147,-19.628854,0.478979,0.027347,0.000000,0.000000,0.500000,1
45.823299,1763959854.404593,1763959792,1,6,-23.416879,-19.973220,0.478979,0.027347,0.000000,0.000000,0.500000,1
45.825300,1763959854.404593,1763959792,1,6,-23.416879,-19.973220,0.478979,0.027347,0.000000,0.000000,0.500000,1
45.827413,1763959854.404593,1763959792,1,6,-23.416879,-19.628854,0.478979,0.027347,0.000000,0.000000,0.500000,1
45.829308,1763959854.404593,1763959792,1,6,-23.416879,-20.317586,0.478979,0.027347,0.000000,0.000000,0.500000,1
45.831415,1763959854.404593,1763959792,1,6,-22.728147,-19.973220,0.478979,0.027347,0.000000,0.000000,0.500000,1
45.833415,1763959854.404593,1763959792,1,6,-23.416879,-19.628854,0.478979,0.027347,0.000000,0.000000,0.500000,1
45.835349,1763959854.404593,1763959792,1,6,-23.416879,-20.661952,0.478979,0.027347,0.000000,0.000000,0.500000,1
45.837418,1763959854.404593,1763959792,1,6,-22.728147,-19.628854,0.478979,0.027347,0.000000,0.000000,0.500000,1
45.839420,1763959854.404593,1763959792,1,6,-22.728147,-20.317586,0.478979,0.027347,0.000000,0.000000,0.500000,1
45.841316,1763959854.404593,1763959792,1,6,-22.728147,-20.317586,0.478979,0.027347,0.000000,0.000000,0.500000,1
45.843422,1763959854.404593,1763959792,1,6,-23.416879,-20.317586,0.478979,0.027347,0.000000,0.000000,0.500000,1
45.845424,1763959854.404593,1763959792,1,6,-23.416879,-19.628854,0.478979,0.027347,0.000000,0.000000,0.500000,1
45.847318,1763959854.404593,1763959792,1,6,-22.728147,-21.006318,0.478983,0.027347,0.000446,0.000000,0.500000,1
45.849426,1763959854.404593,1763959792,1,6,-22.728147,-19.628854,0.478983,0.027347,0.000943,0.000000,0.500000,1
45.851426,1763959854.404593,1763959792,1,6,-22.728147,-19.284488,0.478983,0.027347,0.000039,0.000000,0.500000,1
45.853404,1763959854.404593,1763959792,1,6,-22.728147,-20.317586,0.478983,0.027347,0.000000,0.000000,0.500000,1
53.208985,1763959861.958089,1763959792,1,7,-21.350684,-11.708439,0.477496,0.016658,0.000000,0.000000,0.500000,1
53.210985,1763959861.958089,1763959792,1,7,-21.350684,-11.708439,0.477496,0.016658,0.000000,0.000000,0.500000,1
53.212995,1763959861.958089,1763959792,1,7,-21.695050,-12.052805,0.477496,0.016658,0.000000,0.000000,0.500000,1
53.214989,1763959861.958089,1763959792,1,7,-21.350684,-11.708439,0.477496,0.016658,0.000000,0.000000,0.500000,1
53.216997,1763959861.958089,1763959792,1,7,-22.039415,-11.708439,0.477496,0.016658,0.000000,0.000000,0.500000,1
53.218999,1763959861.958089,1763959792,1,7,-22.039415,-12.397171,0.477496,0.016658,0.000000,0.000000,0.500000,1
53.220990,1763959861.958089,1763959792,1,7,-22.039415,-11.708439,0.477496,0.016658,0.000000,0.000000,0.500000,1
53.223009,1763959861.958089,1763959792,1,7,-21.350684,-11.708439,0.477496,0.016658,0.000000,0.000000,0.500000,1
53.224992,1763959861.958089,1763959792,1,7,-21.350684,-11.708439,0.477496,0.016658,0.000000,0.000000,0.500000,1
53.226992,1763959861.958089,1763959792,1,7,-22.039415,-11.364074,0.477496,0.016658,0.000000,0.000682,0.500000,1
53.228992,1763959861.958089,1763959792,1,7,-21.350684,-12.052805,0.477496,0.016662,0.000000,0.000944,0.500000,1
53.230994,1763959861.958089,1763959792,1,7,-22.039415,-11.708439,0.477496,0.016662,0.000000,0.000264,0.500000,1
53.232993,1763959861.958089,1763959792,1,7,-22.039415,-11.708439,0.477496,0.016662,0.000000,0.000001,0.500000,1
53.234995,1763959861.958089,1763959792,1,7,-22.383781,-11.708439,0.477496,0.016662,0.000000,0.000000,0.500000,1
53.236996,1763959861.958089,1763959792,1,7,-22.039415,-11.708439,0.477496,0.016662,0.000000,0.000000,0.500000,1
53.238996,1763959861.958089,1763959792,1,7,-21.350684,-11.364074,0.477496,0.016662,0.000000,0.000000,0.500000,1
53.240997,1763959861.958089,1763959792,1,7,-21.350684,-11.708439,0.477496,0.016662,0.000000,0.000000,0.500000,1
53.242997,1763959861.958089,1763959792,1,7,-21.350684,-11.708439,0.477496,0.016662,0.000000,0.000000,0.500000,1
53.244998,1763959861.958089,1763959792,1,7,-22.383781,-12.052805,0.477496,0.016662,0.000000,0.000000,0.500000,1
53.247001,1763959861.958089,1763959792,1,7,-22.039415,-12.052805,0.477496,0.016662,0.000000,0.000000,0.500000,1
53.249015,1763959861.958089,1763959792,1,7,-22.039415,-11.708439,0.477496,0.016662,0.000000,0.000000,0.500000,1
53.251000,1763959861.958089,1763959792,1,7,-21.350684,-11.708439,0.477496,0.016662,0.000000,0.000000,0.500000,1
53.253018,1763959861.958089,1763959792,1,7,-22.039415,-12.052805,0.477496,0.016662,0.000000,0.000000,0.500000,1
53.255002,1763959861.958089,1763959792,1,7,-22.383781,-11.708439,0.477496,0.016662,0.000000,0.000000,0.500000,1
53.257003,1763959861.958089,1763959792,1,7,-22.039415,-11.708439,0.477496,0.016662,0.000000,0.000000,0.500000,1
53.259003,1763959861.958089,1763959792,1,7,-21.695050,-11.708439,0.477496,0.016662,0.000000,0.000000,0.500000,1
53.261003,1763959861.958089,1763959792,1,7,-22.383781,-12.052805,0.477496,0.016662,0.000000,0.000000,0.500000,1
53.263004,1763959861.958089,1763959792,1,7,-21.695050,-11.708439,0.477496,0.016662,0.000000,0.000000,0.500000,1
53.265005,1763959861.958089,1763959792,1,7,-21.695050,-11.708439,0.477496,0.016662,0.000000,0.000000,0.500000,1
53.267005,1763959861.958089,1763959792,1,7,-22.039415,-12.052805,0.477496,0.016662,0.000000,0.000000,0.500000,1
53.269017,1763959861.958089,1763959792,1,7,-21.350684,-11.708439,0.477496,0.016662,0.000000,0.000000,0.500000,1
53.271016,1763959861.958089,1763959792,1,7,-21.350684,-11.708439,0.477496,0.016662,0.000000,0.000000,0.500000,1
53.273013,1763959861.958089,1763959792,1,7,-21.695050,-12.052805,0.477496,0.016662,0.000000,0.000000,0.500000,1
53.275034,1763959861.958089,1763959792,1,7,-21.695050,-12.052805,0.477496,0.016662,0.000000,0.000000,0.500000,1
53.277018,1763959861.958089,1763959792,1,7,-21.695050,-11.708439,0.477496,0.016662,0.000000,0.000000,0.500000,1
53.279019,1763959861.958089,1763959792,1,7,-21.350684,-11.708439,0.477496,0.016662,0.000000,0.000000,0.500000,1
53.281011,1763959861.958089,1763959792,1,7,-22.039415,-11.708439,0.477496,0.016662,0.000000,0.000000,0.500000,1
53.283012,1763959861.958089,1763959792,1,7,-22.383781,-11.708439,0.477496,0.016662,0.000000,0.000000,0.500000,1
53.285012,1763959861.958089,1763959792,1,7,-22.039415,-12.052805,0.477496,0.016662,0.000000,0.000000,0.500000,1
53.287019,1763959861.958089,1763959792,1,7,-21.695050,-12.052805,0.477496,0.016662,0.000000,0.000000,0.500000,1
53.289023,1763959861.958089,1763959792,1,7,-21.695050,-12.052805,0.477496,0.016662,0.000000,0.000000,0.500000,1
53.291023,1763959861.958089,1763959792,1,7,-22.383781,-11.708439,0.477496,0.016662,0.000000,0.000000,0.500000,1
53.293015,1763959861.958089,1763959792,1,7,-22.383781,-11.364074,0.477496,0.016662,0.000000,0.000000,0.500000,1
53.295024,1763959861.958089,1763959792,1,7,-22.039415,-11.708439,0.477496,0.016662,0.000000,0.000000,0.500000,1
53.297026,1763959861.958089,1763959792,1,7,-22.383781,-11.364074,0.477496,0.016662,0.000000,0.000000,0.500000,1
53.299029,1763959861.958089,1763959792,1,7,-22.039415,-12.052805,0.477496,0.016662,0.000000,0.000000,0.500000,1
53.301046,1763959861.958089,1763959792,1,7,-21.350684,-12.052805,0.477496,0.016662,0.000000,0.000000,0.500000,1
53.303028,1763959861.958089,1763959792,1,7,-22.039415,-11.708439,0.477496,0.016662,0.000000,0.000000,0.500000,1
53.305001,1763959861.958089,1763959792,1,7,-21.350684,-11.708439,0.477496,0.016662,0.000000,0.000000,0.500000,1
53.306984,1763959861.958089,1763959792,1,7,-22.039415,-11.708439,0.477496,0.016662,0.000000,0.000000,0.500000,1
53.308974,1763959861.958089,1763959792,1,7,-22.039415,-12.052805,0.477496,0.016662,0.000000,0.000000,0.500000,1
53.310971,1763959861.958089,1763959792,1,7,-22.039415,-11.364074,0.477496,0.016662,0.000000,0.000000,0.500000,1
53.312976,1763959861.958089,1763959792,1,7,-22.039415,-12.052805,0.477496,0.016662,0.000000,0.000000,0.500000,1
53.314983,1763959861.958089,1763959792,1,7,-21.350684,-11.708439,0.477496,0.016662,0.000000,0.000000,0.500000,1
53.316992,1763959861.958089,1763959792,1,7,-22.039415,-12.052805,0.477496,0.016662,0.000000,0.000000,0.500000,1
53.318992,1763959861.958089,1763959792,1,7,-22.039415,-11.364074,0.477496,0.016662,0.000000,0.000000,0.500000,1
53.320996,1763959861.958089,1763959792,1,7,-22.039415,-11.708439,0.477496,0.016662,0.000000,0.000000,0.500000,1
53.323000,1763959861.958089,1763959792,1,7,-22.383781,-11.708439,0.477496,0.016662,0.000000,0.000000,0.500000,1
53.325000,1763959861.958089,1763959792,1,7,-21.695050,-11.708439,0.477496,0.016662,0.000000,0.000000,0.500000,1
53.327020,1763959861.958089,1763959792,1,7,-21.695050,-11.708439,0.477496,0.016662,0.000000,0.000000,0.500000,1
53.329006,1763959861.958089,1763959792,1,7,-21.350684,-11.364074,0.477496,0.016662,0.000000,0.000000,0.500000,1
53.331006,1763959861.958089,1763959792,1,7,-21.695050,-12.397171,0.477496,0.016662,0.000000,0.000000,0.500000,1
53.333012,1763959861.958089,1763959792,1,7,-22.039415,-12.052805,0.477496,0.016662,0.000000,0.000000,0.500000,1
53.335012,1763959861.958089,1763959792,1,7,-21.350684,-11.708439,0.477496,0.016662,0.000000,0.000000,0.500000,1
53.337013,1763959861.958089,1763959792,1,7,-21.350684,-11.708439,0.477496,0.016662,0.000000,0.000000,0.500000,1
53.339014,1763959861.958089,1763959792,1,7,-21.350684,-11.708439,0.477496,0.016662,0.000000,0.000000,0.500000,1
53.341014,1763959861.958089,1763959792,1,7,-21.350684,-11.708439,0.477496,0.016662,0.000000,0.000000,0.500000,1
53.343015,1763959861.958089,1763959792,1,7,-21.350684,-11.708439,0.477496,0.016662,0.000000,0.000000,0.500000,1
53.345015,1763959861.958089,1763959792,1,7,-22.039415,-11.708439,0.477496,0.016662,0.000000,0.000000,0.500000,1
53.347016,1763959861.958089,1763959792,1,7,-21.695050,-11.708439,0.477496,0.016662,0.000000,0.000000,0.500000,1
53.349016,1763959861.958089,1763959792,1,7,-21.695050,-11.708439,0.477496,0.016662,0.000000,0.000000,0.500000,1
53.351023,1763959861.958089,1763959792,1,7,-22.039415,-11.708439,0.477496,0.016662,0.000000,0.000000,0.500000,1
53.353040,1763959861.958089,1763959792,1,7,-21.006318,-11.364074,0.477496,0.016662,0.000000,0.000000,0.500000,1
53.355018,1763959861.958089,1763959792,1,7,-22.039415,-11.708439,0.477496,0.016662,0.000000,0.000000,0.500000,1
53.357026,1763959861.958089,1763959792,1,7,-21.350684,-11.708439,0.477492,0.016662,-0.000806,0.000000,0.500000,1
53.359025,1763959861.958089,1763959792,1,7,-21.350684,-11.364074,0.477492,0.016662,-0.000935,0.000000,0.500000,1
53.361026,1763959861.958089,1763959792,1,7,-21.350684,-11.708439,0.477492,0.016662,-0.000946,0.000000,0.500000,1
53.363027,1763959861.958089,1763959792,1,7,-21.350684,-12.052805,0.477492,0.016662,-0.000011,0.000000,0.500000,1
53.365035,1763959861.958089,1763959792,1,7,-21.350684,-11.708439,0.477492,0.016662,0.000000,0.000000,0.500000,1
53.367035,1763959861.958089,1763959792,1,7,-21.350684,-11.364074,0.477492,0.016662,0.000000,0.000000,0.500000,1
53.369036,1763959861.958089,1763959792,1,7,-22.039415,-12.052805,0.477492,0.016662,0.000000,0.000000,0.500000,1
53.371036,1763959861.958089,1763959792,1,7,-21.350684,-11.708439,0.477492,0.016662,0.000000,0.000000,0.500000,1
53.373037,1763959861.958089,1763959792,1,7,-22.039415,-11.708439,0.477492,0.016662,0.000000,0.000000,0.500000,1
53.375038,1763959861.958089,1763959792,1,7,-21.350684,-12.397171,0.477492,0.016666,0.000000,0.000872,0.500000,1
53.377039,1763959861.958089,1763959792,1,7,-21.695050,-12.397171,0.477492,0.016666,0.000000,0.000946,0.500000,1
53.379056,1763959861.958089,1763959792,1,7,-22.039415,-11.364074,0.477492,0.016666,0.000000,0.000074,0.500000,1
53.381040,1763959861.958089,1763959792,1,7,-22.039415,-12.052805,0.477492,0.016666,0.000000,0.000000,0.500000,1
53.383040,1763959861.958089,1763959792,1,7,-22.039415,-11.708439,0.477492,0.016666,0.000000,0.000000,0.500000,1
53.385034,1763959861.958089,1763959792,1,7,-22.039415,-11.708439,0.477492,0.016666,0.000000,0.000000,0.500000,1
53.387042,1763959861.958089,1763959792,1,7,-21.695050,-11.708439,0.477492,0.016666,0.000000,0.000000,0.500000,1
53.389042,1763959861.958089,1763959792,1,7,-21.350684,-11.364074,0.477492,0.016666,0.000000,0.000000,0.500000,1
53.391042,1763959861.958089,1763959792,1,7,-22.039415,-11.708439,0.477492,0.016666,0.000000,0.000000,0.500000,1
53.393037,1763959861.958089,1763959792,1,7,-21.350684,-11.708439,0.477492,0.016666,0.000000,0.000000,0.500000,1
53.395037,1763959861.958089,1763959792,1,7,-21.695050,-11.708439,0.477492,0.016666,0.000000,0.000000,0.500000,1
53.397031,1763959861.958089,1763959792,1,7,-21.350684,-12.052805,0.477492,0.016666,0.000000,0.000000,0.500000,1
53.398995,1763959861.958089,1763959792,1,7,-21.350684,-11.708439,0.477492,0.016669,0.000000,0.000872,0.500000,1
53.401039,1763959861.958089,1763959792,1,7,-22.039415,-11.364074,0.477492,0.016669,0.000000,0.000946,0.500000,1
53.403040,1763959861.958089,1763959792,1,7,-22.039415,-12.052805,0.477492,0.016669,0.000000,0.000074,0.500000,1
53.405057,1763959861.958089,1763959792,1,7,-21.350684,-11.708439,0.477492,0.016669,0.000000,0.000000,0.500000,1
53.407041,1763959861.958089,1763959792,1,7,-21.350684,-11.708439,0.477492,0.016673,0.000000,0.000940,0.500000,1
60.766218,1763959869.515356,1763959792,1,8,-15.496464,-22.728147,0.469293,0.030413,0.000000,0.000000,0.500000,1
60.768189,1763959869.515356,1763959792,1,8,-15.496464,-23.072513,0.469293,0.030413,0.000000,0.000000,0.500000,1
60.770202,1763959869.515356,1763959792,1,8,-15.496464,-22.728147,0.469293,0.030413,0.000000,0.000000,0.500000,1
60.772204,1763959869.515356,1763959792,1,8,-14.807732,-22.728147,0.469293,0.030413,0.000000,0.000000,0.500000,1
60.774201,1763959869.515356,1763959792,1,8,-15.496464,-23.072513,0.469293,0.030413,0.000000,0.000000,0.500000,1
60.776198,1763959869.515356,1763959792,1,8,-15.496464,-22.383781,0.469293,0.030413,0.000000,0.000000,0.500000,1
60.778200,1763959869.515356,1763959792,1,8,-15.496464,-22.383781,0.469293,0.030413,0.000000,0.000000,0.500000,1
60.780201,1763959869.515356,1763959792,1,8,-15.496464,-23.072513,0.469293,0.030413,0.000000,0.000000,0.500000,1
60.782204,1763959869.515356,1763959792,1,8,-15.496464,-22.728147,0.469293,0.030413,0.000000,0.000000,0.500000,1
60.784206,1763959869.515356,1763959792,1,8,-14.807732,-23.072513,0.469293,0.030413,0.000000,0.000000,0.500000,1
60.786206,1763959869.515356,1763959792,1,8,-15.496464,-22.728147,0.469293,0.030413,0.000000,0.000000,0.500000,1
60.788203,1763959869.515356,1763959792,1,8,-15.496464,-22.728147,0.469293,0.030413,0.000000,0.000000,0.500000,1
60.790207,1763959869.515356,1763959792,1,8,-15.496464,-22.728147,0.469293,0.030413,0.000000,0.000000,0.500000,1
60.792229,1763959869.515356,1763959792,1,8,-15.496464,-22.728147,0.469293,0.030413,0.000000,0.000000,0.500000,1
60.794209,1763959869.515356,1763959792,1,8,-15.496464,-23.072513,0.469293,0.030413,0.000000,0.000000,0.500000,1
60.796206,1763959869.515356,1763959792,1,8,-14.807732,-23.072513,0.469293,0.030413,0.000000,0.000000,0.500000,1
60.798211,1763959869.515356,1763959792,1,8,-15.496464,-22.728147,0.469293,0.030413,0.000000,0.000000,0.500000,1
60.800210,1763959869.515356,1763959792,1,8,-15.496464,-22.728147,0.469293,0.030413,0.000000,0.000000,0.500000,1
60.802211,1763959869.515356,1763959792,1,8,-15.496464,-23.072513,0.469293,0.030413,0.000000,0.000000,0.500000,1
60.804212,1763959869.515356,1763959792,1,8,-15.496464,-22.383781,0.469293,0.030413,0.000000,0.000000,0.500000,1
60.806212,1763959869.515356,1763959792,1,8,-15.496464,-22.383781,0.469293,0.030413,0.000000,0.000000,0.500000,1
60.808215,1763959869.515356,1763959792,1,8,-14.807732,-22.728147,0.469293,0.030413,0.000000,0.000000,0.500000,1
60.810214,1763959869.515356,1763959792,1,8,-14.807732,-22.728147,0.469293,0.030413,0.000000,0.000000,0.500000,1
60.812214,1763959869.515356,1763959792,1,8,-15.496464,-22.728147,0.469293,0.030413,0.000000,0.000000,0.500000,1
60.814212,1763959869.515356,1763959792,1,8,-15.496464,-22.728147,0.469293,0.030413,0.000000,0.000000,0.500000,1
60.816216,1763959869.515356,1763959792,1,8,-15.496464,-22.728147,0.469293,0.030413,0.000000,0.000000,0.500000,1
60.818235,1763959869.515356,1763959792,1,8,-14.807732,-22.728147,0.469293,0.030413,0.000000,0.000000,0.500000,1
60.820217,1763959869.515356,1763959792,1,8,-14.807732,-22.728147,0.469293,0.030413,0.000000,0.000000,0.500000,1
60.822220,1763959869.515356,1763959792,1,8,-15.496464,-22.728147,0.469293,0.030413,0.000000,0.000000,0.500000,1
60.824219,1763959869.515356,1763959792,1,8,-15.496464,-22.728147,0.469293,0.030413,0.000000,0.000000,0.500000,1
60.826220,1763959869.515356,1763959792,1,8,-15.496464,-23.072513,0.469293,0.030413,0.000000,0.000000,0.500000,1
60.828217,1763959869.515356,1763959792,1,8,-15.496464,-22.728147,0.469293,0.030413,0.000000,0.000000,0.500000,1
60.830224,1763959869.515356,1763959792,1,8,-14.807732,-22.728147,0.469293,0.030413,0.000000,0.000000,0.500000,1
60.832223,1763959869.515356,1763959792,1,8,-15.496464,-22.383781,0.469293,0.030413,0.000000,0.000000,0.500000,1
60.834223,1763959869.515356,1763959792,1,8,-14.807732,-22.728147,0.469293,0.030413,0.000000,0.000000,0.500000,1
60.836221,1763959869.515356,1763959792,1,8,-15.496464,-22.383781,0.469293,0.030413,0.000000,0.000000,0.500000,1
60.838228,1763959869.515356,1763959792,1,8,-15.496464,-22.383781,0.469293,0.030413,0.000000,0.000000,0.500000,1
60.840221,1763959869.515356,1763959792,1,8,-14.463366,-22.728147,0.469293,0.030413,0.000000,0.000000,0.500000,1
60.842226,1763959869.515356,1763959792,1,8,-15.496464,-22.728147,0.469293,0.030413,0.000000,0.000000,0.500000,1
60.844246,1763959869.515356,1763959792,1,8,-15.496464,-22.728147,0.469293,0.030413,0.000000,0.000000,0.500000,1
60.846227,1763959869.515356,1763959792,1,8,-15.496464,-23.072513,0.469293,0.030413,0.000000,0.000000,0.500000,1
60.848227,1763959869.515356,1763959792,1,8,-15.496464,-23.072513,0.469293,0.030413,0.000000,0.000000,0.500000,1
60.850229,1763959869.515356,1763959792,1,8,-14.807732,-22.383781,0.469293,0.030413,0.000000,0.000000,0.500000,1
60.852229,1763959869.515356,1763959792,1,8,-14.807732,-22.383781,0.469293,0.030413,0.000000,0.000000,0.500000,1
60.854230,1763959869.515356,1763959792,1,8,-15.496464,-23.072513,0.469293,0.030413,0.000000,0.000000,0.500000,1
60.856236,1763959869.515356,1763959792,1,8,-14.807732,-22.728147,0.469293,0.030413,0.000000,0.000000,0.500000,1
60.858231,1763959869.515356,1763959792,1,8,-15.496464,-23.072513,0.469293,0.030413,0.000000,0.000000,0.500000,1
60.860228,1763959869.515356,1763959792,1,8,-15.496464,-23.072513,0.469293,0.030413,0.000000,0.000000,0.500000,1
60.862254,1763959869.515356,1763959792,1,8,-14.807732,-22.728147,0.469293,0.030413,0.000000,0.000000,0.500000,1
60.864217,1763959869.515356,1763959792,1,8,-14.807732,-22.728147,0.469293,0.030413,0.000000,0.000000,0.500000,1
60.866225,1763959869.515356,1763959792,1,8,-14.807732,-22.383781,0.469293,0.030413,0.000000,0.000000,0.500000,1
60.868228,1763959869.515356,1763959792,1,8,-15.496464,-22.728147,0.469293,0.030413,0.000000,0.000000,0.500000,1
60.870246,1763959869.515356,1763959792,1,8,-14.807732,-22.383781,0.469293,0.030413,0.000000,0.000000,0.500000,1
60.872229,1763959869.515356,1763959792,1,8,-14.807732,-23.072513,0.469293,0.030413,0.000000,0.000000,0.500000,1
60.874230,1763959869.515356,1763959792,1,8,-15.496464,-22.728147,0.469293,0.030413,0.000000,0.000000,0.500000,1
60.876230,1763959869.515356,1763959792,1,8,-15.496464,-22.728147,0.469293,0.030413,0.000000,0.000000,0.500000,1
60.878230,1763959869.515356,1763959792,1,8,-15.496464,-23.072513,0.469293,0.030413,0.000000,0.000000,0.500000,1
60.880231,1763959869.515356,1763959792,1,8,-15.496464,-22.728147,0.469293,0.030413,0.000000,0.000000,0.500000,1
60.882233,1763959869.515356,1763959792,1,8,-15.496464,-22.728147,0.469293,0.030413,0.000000,0.000000,0.500000,1
60.884243,1763959869.515356,1763959792,1,8,-14.807732,-22.728147,0.469293,0.030413,0.000000,0.000000,0.500000,1
60.886243,1763959869.515356,1763959792,1,8,-15.496464,-22.728147,0.469293,0.030413,0.000000,0.000000,0.500000,1
60.888243,1763959869.515356,1763959792,1,8,-15.496464,-22.728147,0.469293,0.030413,0.000000,0.000000,0.500000,1
60.890244,1763959869.515356,1763959792,1,8,-14.807732,-23.072513,0.469293,0.030413,0.000000,0.000000,0.500000,1
60.892245,1763959869.515356,1763959792,1,8,-14.807732,-22.728147,0.469293,0.030413,0.000000,0.000000,0.500000,1
60.894246,1763959869.515356,1763959792,1,8,-14.807732,-22.728147,0.469293,0.030413,0.000000,0.000000,0.500000,1
60.896264,1763959869.515356,1763959792,1,8,-14.807732,-22.728147,0.469293,0.030413,0.000000,0.000000,0.500000,1
60.898247,1763959869.515356,1763959792,1,8,-14.807732,-22.383781,0.469293,0.030413,0.000000,0.000000,0.500000,1
60.900248,1763959869.515356,1763959792,1,8,-14.807732,-22.383781,0.469293,0.030413,0.000000,0.000000,0.500000,1
60.902249,1763959869.515356,1763959792,1,8,-14.807732,-23.072513,0.469293,0.030413,0.000000,0.000000,0.500000,1
60.904250,1763959869.515356,1763959792,1,8,-15.152098,-22.728147,0.469293,0.030413,0.000000,0.000000,0.500000,1
60.906250,1763959869.515356,1763959792,1,8,-14.807732,-22.728147,0.469293,0.030413,0.000000,0.000000,0.500000,1
60.908251,1763959869.515356,1763959792,1,8,-14.807732,-22.728147,0.469293,0.030413,0.000000,0.000000,0.500000,1
60.910252,1763959869.515356,1763959792,1,8,-15.496464,-22.383781,0.469293,0.030413,0.000000,0.000000,0.500000,1
60.912253,1763959869.515356,1763959792,1,8,-15.496464,-22.383781,0.469293,0.030413,0.000000,0.000000,0.500000,1
60.914264,1763959869.515356,1763959792,1,8,-15.496464,-22.728147,0.469293,0.030413,0.000000,0.000000,0.500000,1
60.916254,1763959869.515356,1763959792,1,8,-14.807732,-22.383781,0.469293,0.030413,0.000000,0.000000,0.500000,1
60.918267,1763959869.515356,1763959792,1,8,-15.496464,-22.728147,0.469293,0.030413,0.000000,0.000000,0.500000,1
60.920268,1763959869.515356,1763959792,1,8,-15.496464,-23.072513,0.469293,0.030413,0.000000,0.000000,0.500000,1
60.922276,1763959869.515356,1763959792,1,8,-15.496464,-22.728147,0.469297,0.030413,0.000872,0.000000,0.500000,1
60.924269,1763959869.515356,1763959792,1,8,-14.807732,-23.072513,0.469297,0.030413,0.000946,0.000000,0.500000,1
60.926258,1763959869.515356,1763959792,1,8,-14.807732,-22.728147,0.469297,0.030413,0.000946,0.000000,0.500000,1
60.928270,1763959869.515356,1763959792,1,8,-14.807732,-22.728147,0.469297,0.030413,0.000006,0.000000,0.500000,1
60.930272,1763959869.515356,1763959792,1,8,-15.496464,-22.728147,0.469297,0.030413,0.000000,0.000000,0.500000,1
60.932273,1763959869.515356,1763959792,1,8,-15.496464,-22.728147,0.469297,0.030413,0.000000,0.000000,0.500000,1
60.934275,1763959869.515356,1763959792,1,8,-15.496464,-22.728147,0.469297,0.030413,0.000000,0.000000,0.500000,1
60.936273,1763959869.515356,1763959792,1,8,-14.807732,-22.728147,0.469297,0.030413,0.000000,0.000000,0.500000,1
60.938264,1763959869.515356,1763959792,1,8,-14.807732,-22.728147,0.469293,0.030413,-0.000872,0.000000,0.500000,1
60.940275,1763959869.515356,1763959792,1,8,-15.496464,-22.728147,0.469293,0.030413,-0.000946,0.000000,0.500000,1
60.942264,1763959869.515356,1763959792,1,8,-15.496464,-23.072513,0.469293,0.030413,-0.000011,0.000000,0.500000,1
60.944277,1763959869.515356,1763959792,1,8,-15.496464,-22.383781,0.469293,0.030413,0.000000,0.000000,0.500000,1
60.946278,1763959869.515356,1763959792,1,8,-15.496464,-22.383781,0.469293,0.030413,0.000000,0.000000,0.500000,1
60.948303,1763959869.515356,1763959792,1,8,-15.496464,-22.728147,0.469293,0.030413,0.000000,0.000000,0.500000,1
60.950268,1763959869.515356,1763959792,1,8,-14.807732,-22.728147,0.469293,0.030413,0.000000,0.000000,0.500000,1
60.952269,1763959869.515356,1763959792,1,8,-15.496464,-23.072513,0.469293,0.030413,0.000000,0.000000,0.500000,1
60.954270,1763959869.515356,1763959792,1,8,-15.496464,-23.072513,0.469293,0.030413,0.000000,0.000000,0.500000,1
60.956270,1763959869.515356,1763959792,1,8,-15.496464,-22.728147,0.469293,0.030413,0.000000,0.000000,0.500000,1
60.958271,1763959869.515356,1763959792,1,8,-14.807732,-23.072513,0.469293,0.030413,0.000000,0.000000,0.500000,1
60.960272,1763959869.515356,1763959792,1,8,-14.807732,-22.383781,0.469293,0.030413,0.000000,0.000000,0.500000,1
60.962273,1763959869.515356,1763959792,1,8,-14.807732,-22.728147,0.469293,0.030413,0.000000,0.000000,0.500000,1
60.964273,1763959869.515356,1763959792,1,8,-15.496464,-22.383781,0.469293,0.030413,0.000000,0.000000,0.500000,1
68.312321,1763959877.061624,1763959792,1,9,0.344366,0.000000,0.449376,0.000984,0.000000,0.000000,0.500000,0
68.314332,1763959877.061624,1763959792,1,9,0.344366,1.377463,0.449376,0.000984,0.000000,0.000000,0.500000,0
68.316335,1763959877.061624,1763959792,1,9,0.344366,0.000000,0.449376,0.000984,0.000000,0.000000,0.500000,0
68.318332,1763959877.061624,1763959792,1,9,0.344366,0.000000,0.449376,0.000984,0.000000,0.000000,0.500000,0
68.320334,1763959877.061624,1763959792,1,9,0.000000,1.377463,0.449376,0.000984,0.000000,0.000000,0.500000,0
68.322335,1763959877.061624,1763959792,1,9,0.688732,0.000000,0.449376,0.000984,0.000000,0.000000,0.500000,0
68.324338,1763959877.061624,1763959792,1,9,0.344366,1.377463,0.449376,0.000984,0.000000,0.000000,0.500000,0
68.326339,1763959877.061624,1763959792,1,9,0.000000,0.688732,0.449376,0.000984,0.000000,0.000000,0.500000,0
68.328340,1763959877.061624,1763959792,1,9,0.000000,0.000000,0.449376,0.000984,0.000000,0.000000,0.500000,0
68.330342,1763959877.061624,1763959792,1,9,0.000000,1.377463,0.449376,0.000984,0.000000,0.000000,0.500000,0
68.332344,1763959877.061624,1763959792,1,9,0.688732,1.377463,0.449376,0.000984,0.000000,0.000000,0.500000,0
68.334344,1763959877.061624,1763959792,1,9,0.344366,0.000000,0.449376,0.000984,0.000000,0.000000,0.500000,0
68.336350,1763959877.061624,1763959792,1,9,0.344366,0.000000,0.449376,0.000984,0.000000,0.000000,0.500000,0
68.338348,1763959877.061624,1763959792,1,9,0.344366,0.000000,0.449376,0.000984,0.000000,0.000000,0.500000,0
68.340349,1763959877.061624,1763959792,1,9,0.000000,1.377463,0.449376,0.000984,0.000000,0.000000,0.500000,0
68.342351,1763959877.061624,1763959792,1,9,0.344366,1.377463,0.449376,0.000984,0.000000,0.000000,0.500000,0
68.344352,1763959877.061624,1763959792,1,9,0.000000,0.000000,0.449376,0.000984,0.000000,0.000000,0.500000,0
68.346355,1763959877.061624,1763959792,1,9,0.688732,0.000000,0.449376,0.000984,0.000000,0.000000,0.500000,0
68.348357,1763959877.061624,1763959792,1,9,0.688732,0.000000,0.449376,0.000984,0.000000,0.000000,0.500000,0
68.350359,1763959877.061624,1763959792,1,9,0.344366,0.000000,0.449376,0.000984,0.000000,0.000000,0.500000,0
68.352362,1763959877.061624,1763959792,1,9,1.033098,0.000000,0.449376,0.000984,0.000000,0.000000,0.500000,0
68.354362,1763959877.061624,1763959792,1,9,0.344366,0.000000,0.449376,0.000984,0.000000,0.000000,0.500000,0
68.356365,1763959877.061624,1763959792,1,9,0.344366,0.688732,0.449376,0.000984,0.000000,0.000000,0.500000,0
68.358368,1763959877.061624,1763959792,1,9,0.344366,1.377463,0.449376,0.000984,0.000000,0.000000,0.500000,0
68.360369,1763959877.061624,1763959792,1,9,0.688732,0.000000,0.449376,0.000984,0.000000,0.000000,0.500000,0
68.362384,1763959877.061624,1763959792,1,9,0.688732,1.377463,0.449376,0.000984,0.000000,0.000000,0.500000,0
68.364377,1763959877.061624,1763959792,1,9,0.344366,0.000000,0.449376,0.000984,0.000000,0.000000,0.500000,0
68.366377,1763959877.061624,1763959792,1,9,1.033098,0.000000,0.449376,0.000984,0.000000,0.000000,0.500000,0
68.368378,1763959877.061624,1763959792,1,9,0.000000,1.377463,0.449376,0.000984,0.000000,0.000000,0.500000,0
68.370383,1763959877.061624,1763959792,1,9,0.000000,0.000000,0.449376,0.000984,0.000000,0.000000,0.500000,0
68.372383,1763959877.061624,1763959792,1,9,0.344366,0.000000,0.449376,0.000984,0.000000,0.000000,0.500000,0
68.374388,1763959877.061624,1763959792,1,9,0.000000,0.000000,0.449376,0.000984,0.000000,0.000000,0.500000,0
68.376389,1763959877.061624,1763959792,1,9,0.000000,1.377463,0.449376,0.000984,0.000000,0.000000,0.500000,0
68.378390,1763959877.061624,1763959792,1,9,0.688732,1.377463,0.449376,0.000984,0.000000,0.000000,0.500000,0
68.380395,1763959877.061624,1763959792,1,9,1.033098,0.000000,0.449376,0.000984,0.000000,0.000000,0.500000,0
68.382398,1763959877.061624,1763959792,1,9,0.000000,0.000000,0.449376,0.000984,0.000000,0.000000,0.500000,0
68.384399,1763959877.061624,1763959792,1,9,-0.344366,0.000000,0.449376,0.000984,0.000000,0.000000,0.500000,0
68.386400,1763959877.061624,1763959792,1,9,0.000000,0.000000,0.449376,0.000984,0.000000,0.000000,0.500000,0
68.388426,1763959877.061624,1763959792,1,9,0.344366,0.000000,0.449376,0.000984,0.000000,0.000000,0.500000,0
68.390407,1763959877.061624,1763959792,1,9,1.033098,0.000000,0.449376,0.000984,0.000000,0.000000,0.500000,0
68.392408,1763959877.061624,1763959792,1,9,0.344366,0.000000,0.449376,0.000984,0.000000,0.000000,0.500000,0
68.394415,1763959877.061624,1763959792,1,9,0.000000,1.377463,0.449376,0.000984,0.000000,0.000000,0.500000,0
68.396415,1763959877.061624,1763959792,1,9,0.344366,1.377463,0.449376,0.000984,0.000000,0.000000,0.500000,0
68.398419,1763959877.061624,1763959792,1,9,0.344366,1.377463,0.449376,0.000984,0.000000,0.000000,0.500000,0
68.400419,1763959877.061624,1763959792,1,9,1.033098,0.000000,0.449376,0.000984,0.000000,0.000000,0.500000,0
68.402420,1763959877.061624,1763959792,1,9,1.033098,0.000000,0.449376,0.000984,0.000000,0.000000,0.500000,0
68.404421,1763959877.061624,1763959792,1,9,1.033098,0.000000,0.449376,0.000984,0.000000,0.000000,0.500000,0
68.406434,1763959877.061624,1763959792,1,9,0.344366,0.000000,0.449376,0.000984,0.000000,0.000000,0.500000,0
68.408434,1763959877.061624,1763959792,1,9,0.344366,0.688732,0.449376,0.000984,0.000000,0.000000,0.500000,0
68.410434,1763959877.061624,1763959792,1,9,0.344366,0.000000,0.449376,0.000984,0.000000,0.000000,0.500000,0
68.412436,1763959877.061624,1763959792,1,9,0.344366,1.377463,0.449376,0.000984,0.000000,0.000000,0.500000,0
68.414462,1763959877.061624,1763959792,1,9,1.033098,0.000000,0.449376,0.000984,0.000000,0.000000,0.500000,0
68.416438,1763959877.061624,1763959792,1,9,0.344366,1.377463,0.449376,0.000984,0.000000,0.000000,0.500000,0
68.418438,1763959877.061624,1763959792,1,9,1.033098,0.000000,0.449376,0.000984,0.000000,0.000000,0.500000,0
68.420439,1763959877.061624,1763959792,1,9,0.000000,0.000000,0.449376,0.000984,0.000000,0.000000,0.500000,0
68.422440,1763959877.061624,1763959792,1,9,0.344366,0.000000,0.449376,0.000984,0.000000,0.000000,0.500000,0
68.424441,1763959877.061624,1763959792,1,9,0.344366,0.000000,0.449376,0.000984,0.000000,0.000000,0.500000,0
68.426442,1763959877.061624,1763959792,1,9,0.688732,0.000000,0.449376,0.000984,0.000000,0.000000,0.500000,0
68.428443,1763959877.061624,1763959792,1,9,0.344366,0.000000,0.449376,0.000984,0.000000,0.000000,0.500000,0
68.430445,1763959877.061624,1763959792,1,9,0.344366,0.000000,0.449376,0.000984,0.000000,0.000000,0.500000,0
68.432444,1763959877.061624,1763959792,1,9,0.344366,0.000000,0.449376,0.000984,0.000000,0.000000,0.500000,0
68.434446,1763959877.061624,1763959792,1,9,0.000000,1.377463,0.449376,0.000984,0.000000,0.000000,0.500000,0
68.436456,1763959877.061624,1763959792,1,9,0.344366,0.688732,0.449376,0.000984,0.000000,0.000000,0.500000,0
68.438463,1763959877.061624,1763959792,1,9,0.344366,1.377463,0.449376,0.000984,0.000000,0.000000,0.500000,0
68.440470,1763959877.061624,1763959792,1,9,0.688732,1.377463,0.449376,0.000984,0.000000,0.000000,0.500000,0
68.442459,1763959877.061624,1763959792,1,9,0.000000,0.000000,0.449376,0.000984,0.000000,0.000000,0.500000,0
68.444466,1763959877.061624,1763959792,1,9,0.344366,0.000000,0.449376,0.000984,0.000000,0.000000,0.500000,0
68.446467,1763959877.061624,1763959792,1,9,0.344366,0.000000,0.449376,0.000984,0.000000,0.000000,0.500000,0
68.448467,1763959877.061624,1763959792,1,9,0.000000,0.688732,0.449376,0.000984,0.000000,0.000000,0.500000,0
68.450468,1763959877.061624,1763959792,1,9,0.000000,1.377463,0.449376,0.000984,0.000000,0.000000,0.500000,0
68.452471,1763959877.061624,1763959792,1,9,1.033098,0.000000,0.449376,0.000984,0.000000,0.000000,0.500000,0
68.454471,1763959877.061624,1763959792,1,9,0.688732,1.377463,0.449376,0.000984,0.000000,0.000000,0.500000,0
68.456472,1763959877.061624,1763959792,1,9,0.344366,0.000000,0.449376,0.000984,0.000000,0.000000,0.500000,0
68.458473,1763959877.061624,1763959792,1,9,0.344366,0.000000,0.449380,0.000984,0.000806,0.000000,0.500000,0
68.460473,1763959877.061624,1763959792,1,9,0.344366,1.377463,0.449380,0.000984,0.000945,0.000000,0.500000,0
68.462475,1763959877.061624,1763959792,1,9,0.344366,1.377463,0.449380,0.000984,0.000140,0.000000,0.500000,0
68.464476,1763959877.061624,1763959792,1,9,0.344366,0.000000,0.449380,0.000984,0.000001,0.000000,0.500000,0
68.466506,1763959877.061624,1763959792,1,9,0.000000,1.377463,0.449380,0.000984,0.000000,0.000000,0.500000,0
68.468479,1763959877.061624,1763959792,1,9,0.688732,0.000000,0.449380,0.000984,0.000000,0.000000,0.500000,0
68.470480,1763959877.061624,1763959792,1,9,0.344366,0.000000,0.449380,0.000984,0.000000,0.000000,0.500000,0
68.472480,1763959877.061624,1763959792,1,9,0.688732,1.377463,0.449380,0.000984,0.000000,0.000000,0.500000,0
68.474481,1763959877.061624,1763959792,1,9,1.033098,0.000000,0.449380,0.000984,0.000000,0.000000,0.500000,0
68.476483,1763959877.061624,1763959792,1,9,1.033098,0.000000,0.449380,0.000984,0.000000,0.000000,0.500000,0
68.478483,1763959877.061624,1763959792,1,9,0.000000,0.000000,0.449380,0.000984,0.000000,0.000000,0.500000,0
68.480484,1763959877.061624,1763959792,1,9,0.344366,0.000000,0.449380,0.000984,0.000000,0.000000,0.500000,0
68.482485,1763959877.061624,1763959792,1,9,0.688732,0.000000,0.449380,0.000984,0.000000,0.000000,0.500000,0
68.484486,1763959877.061624,1763959792,1,9,0.688732,0.000000,0.449380,0.000984,0.000000,0.000000,0.500000,0
68.486486,1763959877.061624,1763959792,1,9,0.344366,0.000000,0.449380,0.000984,0.000000,0.000000,0.500000,0
68.488488,1763959877.061624,1763959792,1,9,1.033098,0.000000,0.449380,0.000984,0.000000,0.000000,0.500000,0
68.490489,1763959877.061624,1763959792,1,9,0.344366,0.000000,0.449380,0.000984,0.000000,0.000000,0.500000,0
68.492515,1763959877.061624,1763959792,1,9,0.344366,0.000000,0.449380,0.000984,0.000000,0.000000,0.500000,0
68.494490,1763959877.061624,1763959792,1,9,0.000000,0.000000,0.449380,0.000984,0.000000,0.000000,0.500000,0
68.496493,1763959877.061624,1763959792,1,9,0.688732,0.000000,0.449380,0.000984,0.000000,0.000000,0.500000,0
68.498493,1763959877.061624,1763959792,1,9,0.688732,1.377463,0.449380,0.000984,0.000000,0.000000,0.500000,0
68.500495,1763959877.061624,1763959792,1,9,0.344366,0.000000,0.449380,0.000984,0.000000,0.000000,0.500000,0
68.502496,1763959877.061624,1763959792,1,9,0.344366,1.377463,0.449380,0.000984,0.000000,0.000000,0.500000,0
68.504496,1763959877.061624,1763959792,1,9,0.688732,0.000000,0.449380,0.000984,0.000000,0.000000,0.500000,0
68.506497,1763959877.061624,1763959792,1,9,0.688732,0.000000,0.449380,0.000984,0.000000,0.000000,0.500000,0
68.508499,1763959877.061624,1763959792,1,9,0.344366,0.000000,0.449380,0.000984,0.000000,0.000000,0.500000,0
68.510499,1763959877.061624,1763959792,1,9,0.344366,1.377463,0.449380,0.000984,0.000000,0.000000,0.500000,0
75.876153,1763959884.625310,1763959792,1,10,0.688732,1.377463,0.449411,0.001018,0.000000,0.000000,0.500000,0
75.878156,1763959884.625310,1763959792,1,10,0.000000,0.000000,0.449411,0.001018,0.000000,0.000000,0.500000,0
75.880177,1763959884.625310,1763959792,1,10,0.000000,0.000000,0.449411,0.001018,0.000000,0.000000,0.500000,0
75.882158,1763959884.625310,1763959792,1,10,0.000000,0.000000,0.449411,0.001018,0.000000,0.000000,0.500000,0
75.884156,1763959884.625310,1763959792,1,10,0.344366,0.000000,0.449411,0.001018,0.000000,0.000000,0.500000,0
75.886154,1763959884.625310,1763959792,1,10,0.344366,0.000000,0.449411,0.001018,0.000000,0.000000,0.500000,0
75.888165,1763959884.625310,1763959792,1,10,0.344366,0.000000,0.449411,0.001018,0.000000,0.000000,0.500000,0
75.890159,1763959884.625310,1763959792,1,10,0.344366,0.000000,0.449411,0.001018,0.000000,0.000000,0.500000,0
75.892159,1763959884.625310,1763959792,1,10,0.688732,0.000000,0.449411,0.001018,0.000000,0.000000,0.500000,0
75.894160,1763959884.625310,1763959792,1,10,0.000000,1.377463,0.449411,0.001018,0.000000,0.000000,0.500000,0
75.896162,1763959884.625310,1763959792,1,10,0.344366,0.000000,0.449411,0.001018,0.000000,0.000000,0.500000,0
75.898164,1763959884.625310,1763959792,1,10,0.000000,0.000000,0.449411,0.001018,0.000000,0.000000,0.500000,0
75.900163,1763959884.625310,1763959792,1,10,0.000000,0.000000,0.449411,0.001018,0.000000,0.000000,0.500000,0
75.902159,1763959884.625310,1763959792,1,10,0.688732,1.377463,0.449411,0.001018,0.000000,0.000000,0.500000,0
75.904168,1763959884.625310,1763959792,1,10,0.344366,0.000000,0.449411,0.001018,0.000000,0.000000,0.500000,0
75.906192,1763959884.625310,1763959792,1,10,0.344366,0.688732,0.449411,0.001018,0.000000,0.000000,0.500000,0
75.908160,1763959884.625310,1763959792,1,10,0.344366,0.000000,0.449411,0.001018,0.000000,0.000000,0.500000,0
75.910163,1763959884.625310,1763959792,1,10,0.688732,0.688732,0.449411,0.001018,0.000000,0.000000,0.500000,0
75.912167,1763959884.625310,1763959792,1,10,0.688732,1.377463,0.449411,0.001018,0.000000,0.000000,0.500000,0
75.914168,1763959884.625310,1763959792,1,10,0.688732,1.377463,0.449411,0.001018,0.000000,0.000000,0.500000,0
75.916167,1763959884.625310,1763959792,1,10,0.344366,1.377463,0.449411,0.001018,0.000000,0.000000,0.500000,0
75.918170,1763959884.625310,1763959792,1,10,0.688732,1.377463,0.449411,0.001018,0.000000,0.000000,0.500000,0
75.920174,1763959884.625310,1763959792,1,10,0.344366,0.000000,0.449411,0.001018,0.000000,0.000000,0.500000,0
75.922172,1763959884.625310,1763959792,1,10,0.000000,1.377463,0.449411,0.001018,0.000000,0.000000,0.500000,0
75.924173,1763959884.625310,1763959792,1,10,0.000000,1.377463,0.449411,0.001018,0.000000,0.000000,0.500000,0
75.926176,1763959884.625310,1763959792,1,10,0.344366,0.000000,0.449411,0.001018,0.000000,0.000000,0.500000,0
75.928178,1763959884.625310,1763959792,1,10,0.000000,1.377463,0.449411,0.001018,0.000000,0.000000,0.500000,0
75.930176,1763959884.625310,1763959792,1,10,0.000000,0.000000,0.449411,0.001018,0.000000,0.000000,0.500000,0
75.932200,1763959884.625310,1763959792,1,10,0.344366,1.377463,0.449411,0.001018,0.000000,0.000000,0.500000,0
75.934175,1763959884.625310,1763959792,1,10,0.688732,0.000000,0.449411,0.001018,0.000000,0.000000,0.500000,0
75.936175,1763959884.625310,1763959792,1,10,0.344366,1.377463,0.449411,0.001018,0.000000,0.000000,0.500000,0
75.938177,1763959884.625310,1763959792,1,10,0.688732,0.000000,0.449411,0.001018,0.000000,0.000000,0.500000,0
75.940180,1763959884.625310,1763959792,1,10,1.033098,0.000000,0.449411,0.001018,0.000000,0.000000,0.500000,0
75.942177,1763959884.625310,1763959792,1,10,0.344366,1.377463,0.449411,0.001018,0.000000,0.000000,0.500000,0
75.944177,1763959884.625310,1763959792,1,10,0.688732,1.377463,0.449411,0.001018,0.000000,0.000000,0.500000,0
75.946182,1763959884.625310,1763959792,1,10,0.344366,1.377463,0.449411,0.001018,0.000000,0.000000,0.500000,0
75.948185,1763959884.625310,1763959792,1,10,0.344366,0.000000,0.449411,0.001018,0.000000,0.000000,0.500000,0
75.950180,1763959884.625310,1763959792,1,10,0.344366,0.000000,0.449411,0.001018,0.000000,0.000000,0.500000,0
75.952185,1763959884.625310,1763959792,1,10,0.344366,0.000000,0.449411,0.001018,0.000000,0.000000,0.500000,0
75.954181,1763959884.625310,1763959792,1,10,0.000000,1.377463,0.449411,0.001018,0.000000,0.000000,0.500000,0
75.956187,1763959884.625310,1763959792,1,10,0.344366,1.377463,0.449411,0.001018,0.000000,0.000000,0.500000,0
75.958209,1763959884.625310,1763959792,1,10,0.000000,1.377463,0.449411,0.001018,0.000000,0.000000,0.500000,0
75.960189,1763959884.625310,1763959792,1,10,0.688732,1.377463,0.449411,0.001018,0.000000,0.000000,0.500000,0
75.962189,1763959884.625310,1763959792,1,10,0.688732,1.377463,0.449411,0.001018,0.000000,0.000000,0.500000,0
75.964185,1763959884.625310,1763959792,1,10,0.688732,1.377463,0.449411,0.001018,0.000000,0.000000,0.500000,0
75.966189,1763959884.625310,1763959792,1,10,0.344366,1.377463,0.449411,0.001018,0.000000,0.000000,0.500000,0
75.968191,1763959884.625310,1763959792,1,10,0.688732,0.000000,0.449411,0.001018,0.000000,0.000000,0.500000,0
75.970195,1763959884.625310,1763959792,1,10,0.688732,0.000000,0.449411,0.001018,0.000000,0.000000,0.500000,0
75.972192,1763959884.625310,1763959792,1,10,0.688732,0.000000,0.449411,0.001018,0.000000,0.000000,0.500000,0
75.974184,1763959884.625310,1763959792,1,10,0.344366,1.377463,0.449411,0.001018,0.000000,0.000000,0.500000,0
75.976182,1763959884.625310,1763959792,1,10,0.344366,0.000000,0.449411,0.001018,0.000000,0.000000,0.500000,0
75.978185,1763959884.625310,1763959792,1,10,0.688732,0.000000,0.449411,0.001018,0.000000,0.000000,0.500000,0
75.980191,1763959884.625310,1763959792,1,10,0.344366,0.000000,0.449411,0.001018,0.000000,0.000000,0.500000,0
75.982196,1763959884.625310,1763959792,1,10,0.344366,0.000000,0.449411,0.001018,0.000000,0.000000,0.500000,0
75.984220,1763959884.625310,1763959792,1,10,0.344366,0.000000,0.449411,0.001018,0.000000,0.000000,0.500000,0
75.986198,1763959884.625310,1763959792,1,10,0.000000,0.000000,0.449411,0.001018,0.000000,0.000000,0.500000,0
75.988206,1763959884.625310,1763959792,1,10,0.344366,0.000000,0.449411,0.001018,0.000000,0.000000,0.500000,0
75.990201,1763959884.625310,1763959792,1,10,0.688732,0.000000,0.449411,0.001018,0.000000,0.000000,0.500000,0
75.992202,1763959884.625310,1763959792,1,10,0.344366,0.000000,0.449411,0.001018,0.000000,0.000000,0.500000,0
75.994200,1763959884.625310,1763959792,1,10,0.344366,1.377463,0.449411,0.001018,0.000000,0.000000,0.500000,0
75.996201,1763959884.625310,1763959792,1,10,0.688732,1.377463,0.449411,0.001018,0.000000,0.000000,0.500000,0
75.998195,1763959884.625310,1763959792,1,10,0.344366,0.688732,0.449411,0.001018,0.000000,0.000000,0.500000,0
76.000200,1763959884.625310,1763959792,1,10,0.688732,0.000000,0.449411,0.001018,0.000000,0.000000,0.500000,0
76.002203,1763959884.625310,1763959792,1,10,0.344366,1.377463,0.449411,0.001018,0.000000,0.000000,0.500000,0
76.004206,1763959884.625310,1763959792,1,10,0.688732,0.000000,0.449411,0.001018,0.000000,0.000000,0.500000,0
76.006205,1763959884.625310,1763959792,1,10,0.688732,0.000000,0.449411,0.001018,0.000000,0.000000,0.500000,0
76.008207,1763959884.625310,1763959792,1,10,1.033098,0.688732,0.449411,0.001018,0.000000,0.000000,0.500000,0
76.010226,1763959884.625310,1763959792,1,10,0.000000,1.377463,0.449411,0.001018,0.000000,0.000000,0.500000,0
76.012209,1763959884.625310,1763959792,1,10,0.344366,0.000000,0.449411,0.001018,0.000000,0.000000,0.500000,0
76.014210,1763959884.625310,1763959792,1,10,0.344366,1.377463,0.449411,0.001018,0.000000,0.000000,0.500000,0
76.016208,1763959884.625310,1763959792,1,10,0.688732,0.000000,0.449411,0.001018,0.000000,0.000000,0.500000,0
76.018210,1763959884.625310,1763959792,1,10,0.688732,1.377463,0.449411,0.001018,0.000000,0.000000,0.500000,0
76.020210,1763959884.625310,1763959792,1,10,1.033098,0.000000,0.449411,0.001018,0.000000,0.000000,0.500000,0
76.022211,1763959884.625310,1763959792,1,10,0.688732,0.000000,0.449411,0.001018,0.000000,0.000000,0.500000,0
76.024212,1763959884.625310,1763959792,1,10,0.344366,1.377463,0.449411,0.001018,0.000000,0.000000,0.500000,0
76.026212,1763959884.625310,1763959792,1,10,0.688732,0.000000,0.449411,0.001018,0.000000,0.000000,0.500000,0
76.028209,1763959884.625310,1763959792,1,10,0.688732,0.000000,0.449411,0.001018,0.000000,0.000000,0.500000,0
76.030214,1763959884.625310,1763959792,1,10,0.000000,0.000000,0.449411,0.001018,0.000000,0.000000,0.500000,0
76.032215,1763959884.625310,1763959792,1,10,0.000000,1.377463,0.449411,0.001018,0.000000,0.000000,0.500000,0
76.034217,1763959884.625310,1763959792,1,10,0.344366,1.377463,0.449411,0.001018,0.000000,0.000000,0.500000,0
76.036235,1763959884.625310,1763959792,1,10,0.344366,0.000000,0.449411,0.001018,0.000000,0.000000,0.500000,0
76.038217,1763959884.625310,1763959792,1,10,0.000000,1.377463,0.449411,0.001018,0.000000,0.000000,0.500000,0
76.040218,1763959884.625310,1763959792,1,10,0.344366,0.000000,0.449411,0.001018,0.000000,0.000000,0.500000,0
76.042219,1763959884.625310,1763959792,1,10,0.000000,0.000000,0.449411,0.001018,0.000000,0.000000,0.500000,0
76.044219,1763959884.625310,1763959792,1,10,0.688732,0.000000,0.449411,0.001018,0.000000,0.000000,0.500000,0
76.046216,1763959884.625310,1763959792,1,10,0.344366,0.000000,0.449411,0.001018,0.000000,0.000000,0.500000,0
76.048221,1763959884.625310,1763959792,1,10,0.344366,0.000000,0.449411,0.001018,0.000000,0.000000,0.500000,0
76.050218,1763959884.625310,1763959792,1,10,0.344366,0.000000,0.449411,0.001018,0.000000,0.000000,0.500000,0
76.052222,1763959884.625310,1763959792,1,10,0.688732,1.377463,0.449411,0.001018,0.000000,0.000000,0.500000,0
76.054219,1763959884.625310,1763959792,1,10,0.344366,1.377463,0.449411,0.001018,0.000000,0.000000,0.500000,0
76.056226,1763959884.625310,1763959792,1,10,0.344366,0.000000,0.449411,0.001018,0.000000,0.000000,0.500000,0
76.058222,1763959884.625310,1763959792,1,10,0.344366,0.000000,0.449411,0.001018,0.000000,0.000000,0.500000,0
76.060229,1763959884.625310,1763959792,1,10,0.000000,1.377463,0.449411,0.001018,0.000000,0.000000,0.500000,0
76.062244,1763959884.625310,1763959792,1,10,0.344366,0.000000,0.449411,0.001018,0.000000,0.000000,0.500000,0
76.064223,1763959884.625310,1763959792,1,10,0.688732,0.000000,0.449411,0.001018,0.000000,0.000000,0.500000,0
76.066227,1763959884.625310,1763959792,1,10,0.344366,0.000000,0.449411,0.001018,0.000000,0.000000,0.500000,0
76.068229,1763959884.625310,1763959792,1,10,0.344366,0.000000,0.449411,0.001018,0.000000,0.000000,0.500000,0
76.070226,1763959884.625310,1763959792,1,10,0.344366,0.000000,0.449411,0.001018,0.000000,0.000000,0.500000,0
76.072230,1763959884.625310,1763959792,1,10,0.344366,0.000000,0.449411,0.001018,0.000000,0.000000,0.500000,0
76.074229,1763959884.625310,1763959792,1,10,0.688732,0.000000,0.449411,0.001018,0.000000,0.000000,0.500000,0
83.435083,1763959892.184371,1763959792,1,11,-3.443659,0.688732,0.453744,0.000363,0.000000,0.000000,0.500000,0
83.437083,1763959892.184371,1763959792,1,11,-2.410561,0.688732,0.453744,0.000363,0.000000,0.000000,0.500000,0
83.439084,1763959892.184371,1763959792,1,11,-2.754927,1.377463,0.453744,0.000363,0.000000,0.000000,0.500000,0
83.441085,1763959892.184371,1763959792,1,11,-2.754927,1.377463,0.453744,0.000363,0.000000,0.000000,0.500000,0
83.443086,1763959892.184371,1763959792,1,11,-2.754927,0.688732,0.453744,0.000363,0.000000,0.000000,0.500000,0
83.445087,1763959892.184371,1763959792,1,11,-2.754927,1.033098,0.453744,0.000363,0.000000,0.000000,0.500000,0
83.447087,1763959892.184371,1763959792,1,11,-2.754927,0.688732,0.453744,0.000363,0.000000,0.000000,0.500000,0
83.449088,1763959892.184371,1763959792,1,11,-2.754927,1.377463,0.453744,0.000363,0.000000,0.000000,0.500000,0
83.451112,1763959892.184371,1763959792,1,11,-2.754927,1.033098,0.453744,0.000363,0.000000,0.000000,0.500000,0
83.453091,1763959892.184371,1763959792,1,11,-3.443659,1.033098,0.453744,0.000363,0.000000,0.000000,0.500000,0
83.455090,1763959892.184371,1763959792,1,11,-2.754927,1.033098,0.453744,0.000363,0.000000,0.000000,0.500000,0
83.457092,1763959892.184371,1763959792,1,11,-3.443659,1.033098,0.453744,0.000363,0.000000,0.000000,0.500000,0
83.459093,1763959892.184371,1763959792,1,11,-2.754927,0.688732,0.453744,0.000363,0.000000,0.000000,0.500000,0
83.461094,1763959892.184371,1763959792,1,11,-2.066195,0.344366,0.453744,0.000363,0.000000,0.000000,0.500000,0
83.463094,1763959892.184371,1763959792,1,11,-2.410561,0.688732,0.453744,0.000363,0.000000,0.000000,0.500000,0
83.465095,1763959892.184371,1763959792,1,11,-3.443659,1.377463,0.453744,0.000363,0.000000,0.000000,0.500000,0
83.467098,1763959892.184371,1763959792,1,11,-2.754927,0.688732,0.453744,0.000363,0.000000,0.000000,0.500000,0
83.469085,1763959892.184371,1763959792,1,11,-2.754927,1.377463,0.453744,0.000363,0.000000,0.000000,0.500000,0
83.471030,1763959892.184371,1763959792,1,11,-2.754927,1.033098,0.453744,0.000363,0.000000,0.000000,0.500000,0
83.473026,1763959892.184371,1763959792,1,11,-2.754927,0.688732,0.453744,0.000363,0.000000,0.000000,0.500000,0
83.475097,1763959892.184371,1763959792,1,11,-2.754927,0.688732,0.453744,0.000363,0.000000,0.000000,0.500000,0
83.477122,1763959892.184371,1763959792,1,11,-3.443659,1.377463,0.453744,0.000363,0.000000,0.000000,0.500000,0
83.479100,1763959892.184371,1763959792,1,11,-2.754927,0.688732,0.453744,0.000363,0.000000,0.000000,0.500000,0
83.481101,1763959892.184371,1763959792,1,11,-2.754927,1.377463,0.453744,0.000363,0.000000,0.000000,0.500000,0
83.483102,1763959892.184371,1763959792,1,11,-2.754927,0.688732,0.453744,0.000363,0.000000,0.000000,0.500000,0
83.485102,1763959892.184371,1763959792,1,11,-3.443659,1.377463,0.453744,0.000363,0.000000,0.000000,0.500000,0
83.487103,1763959892.184371,1763959792,1,11,-2.754927,0.344366,0.453744,0.000363,0.000000,0.000000,0.500000,0
83.489105,1763959892.184371,1763959792,1,11,-2.754927,1.377463,0.453744,0.000363,0.000000,0.000000,0.500000,0
83.491105,1763959892.184371,1763959792,1,11,-2.754927,0.688732,0.453744,0.000363,0.000000,0.000000,0.500000,0
83.493106,1763959892.184371,1763959792,1,11,-2.754927,0.688732,0.453744,0.000363,0.000000,0.000000,0.500000,0
83.495107,1763959892.184371,1763959792,1,11,-3.443659,0.688732,0.453744,0.000363,0.000000,0.000000,0.500000,0
83.497108,1763959892.184371,1763959792,1,11,-2.754927,1.377463,0.453744,0.000363,0.000000,0.000000,0.500000,0
83.499108,1763959892.184371,1763959792,1,11,-2.410561,1.033098,0.453744,0.000363,0.000000,0.000000,0.500000,0
83.501110,1763959892.184371,1763959792,1,11,-3.443659,0.688732,0.453744,0.000363,0.000000,0.000000,0.500000,0
83.503158,1763959892.184371,1763959792,1,11,-3.443659,0.688732,0.453744,0.000363,0.000000,0.000000,0.500000,0
83.505110,1763959892.184371,1763959792,1,11,-2.410561,1.377463,0.453744,0.000363,0.000000,0.000000,0.500000,0
83.507112,1763959892.184371,1763959792,1,11,-2.754927,0.688732,0.453744,0.000363,0.000000,0.000000,0.500000,0
83.509112,1763959892.184371,1763959792,1,11,-2.754927,0.688732,0.453744,0.000363,0.000000,0.000000,0.500000,0
83.511113,1763959892.184371,1763959792,1,11,-2.754927,1.033098,0.453744,0.000363,0.000000,0.000000,0.500000,0
83.513114,1763959892.184371,1763959792,1,11,-2.066195,0.688732,0.453744,0.000363,0.000000,0.000000,0.500000,0
83.515115,1763959892.184371,1763959792,1,11,-2.754927,1.377463,0.453748,0.000363,0.000935,0.000000,0.500000,0
83.517117,1763959892.184371,1763959792,1,11,-2.754927,0.688732,0.453748,0.000363,0.000264,0.000000,0.500000,0
83.519117,1763959892.184371,1763959792,1,11,-2.754927,0.688732,0.453744,0.000363,-0.000805,0.000000,0.500000,0
83.521118,1763959892.184371,1763959792,1,11,-2.410561,0.688732,0.453748,0.000363,0.000662,0.000000,0.500000,0
83.523119,1763959892.184371,1763959792,1,11,-3.443659,1.033098,0.453744,0.000363,-0.000671,0.000000,0.500000,0
83.525119,1763959892.184371,1763959792,1,11,-3.443659,0.688732,0.453744,0.000363,-0.000499,0.000000,0.500000,0
83.527121,1763959892.184371,1763959792,1,11,-2.754927,0.688732,0.453748,0.000363,0.000852,0.000000,0.500000,0
83.529164,1763959892.184371,1763959792,1,11,-3.443659,0.688732,0.453748,0.000363,0.000945,0.000000,0.500000,0
83.531122,1763959892.184371,1763959792,1,11,-3.443659,0.688732,0.453744,0.000363,-0.000901,0.000000,0.500000,0
83.533123,1763959892.184371,1763959792,1,11,-2.410561,1.377463,0.453748,0.000363,0.000861,0.000000,0.500000,0
83.535124,1763959892.184371,1763959792,1,11,-2.754927,0.344366,0.453748,0.000363,0.000946,0.000000,0.500000,0
83.537123,1763959892.184371,1763959792,1,11,-2.754927,0.688732,0.453748,0.000363,0.000140,0.000000,0.500000,0
83.539126,1763959892.184371,1763959792,1,11,-2.410561,0.688732,0.453748,0.000363,0.000000,0.000000,0.500000,0
83.541126,1763959892.184371,1763959792,1,11,-2.410561,1.377463,0.453748,0.000363,0.000000,0.000000,0.500000,0
83.543127,1763959892.184371,1763959792,1,11,-2.754927,1.033098,0.453748,0.000363,0.000000,0.000000,0.500000,0
83.545129,1763959892.184371,1763959792,1,11,-2.754927,0.688732,0.453744,0.000363,-0.000946,0.000000,0.500000,0
83.547149,1763959892.184371,1763959792,1,11,-2.754927,0.688732,0.453748,0.000363,0.000896,0.000000,0.500000,0
83.549154,1763959892.184371,1763959792,1,11,-2.410561,1.377463,0.453748,0.000363,0.000939,0.000000,0.500000,0
83.551155,1763959892.184371,1763959792,1,11,-2.754927,1.377463,0.453744,0.000363,-0.000676,0.000000,0.500000,0
83.553155,1763959892.184371,1763959792,1,11,-2.754927,1.377463,0.453744,0.000363,-0.000945,0.000000,0.500000,0
83.555178,1763959892.184371,1763959792,1,11,-2.410561,0.688732,0.453748,0.000363,0.000946,0.000000,0.500000,0
83.557159,1763959892.184371,1763959792,1,11,-2.754927,1.377463,0.453744,0.000363,-0.000786,0.000000,0.500000,0
83.559157,1763959892.184371,1763959792,1,11,-2.754927,1.377463,0.453744,0.000363,-0.000934,0.000000,0.500000,0
83.561159,1763959892.184371,1763959792,1,11,-2.410561,1.377463,0.453748,0.000363,0.000800,0.000000,0.500000,0
83.563160,1763959892.184371,1763959792,1,11,-2.410561,1.377463,0.453748,0.000363,0.000944,0.000000,0.500000,0
83.565161,1763959892.184371,1763959792,1,11,-2.410561,1.377463,0.453748,0.000363,0.000001,0.000000,0.500000,0
83.567163,1763959892.184371,1763959792,1,11,-2.066195,1.377463,0.453748,0.000363,0.000000,0.000000,0.500000,0
83.569163,1763959892.184371,1763959792,1,11,-3.443659,0.688732,0.453748,0.000363,0.000000,0.000000,0.500000,0
83.571162,1763959892.184371,1763959792,1,11,-3.443659,0.688732,0.453748,0.000363,0.000000,0.000000,0.500000,0
83.573162,1763959892.184371,1763959792,1,11,-2.410561,0.688732,0.453748,0.000363,0.000000,0.000000,0.500000,0
83.575164,1763959892.184371,1763959792,1,11,-2.754927,0.688732,0.453748,0.000363,0.000000,0.000000,0.500000,0
83.577163,1763959892.184371,1763959792,1,11,-3.443659,0.688732,0.453748,0.000363,0.000000,0.000000,0.500000,0
83.579164,1763959892.184371,1763959792,1,11,-3.443659,0.344366,0.453748,0.000363,0.000000,0.000000,0.500000,0
83.581187,1763959892.184371,1763959792,1,11,-2.410561,1.377463,0.453748,0.000363,0.000000,0.000000,0.500000,0
83.583169,1763959892.184371,1763959792,1,11,-2.410561,1.033098,0.453748,0.000363,0.000000,0.000000,0.500000,0
83.585163,1763959892.184371,1763959792,1,11,-2.410561,0.688732,0.453748,0.000363,0.000000,0.000000,0.500000,0
83.587174,1763959892.184371,1763959792,1,11,-3.443659,1.377463,0.453748,0.000363,0.000000,0.000000,0.500000,0
83.589173,1763959892.184371,1763959792,1,11,-2.754927,0.688732,0.453748,0.000363,0.000000,0.000000,0.500000,0
83.591172,1763959892.184371,1763959792,1,11,-2.754927,0.688732,0.453748,0.000363,0.000000,0.000000,0.500000,0
83.593170,1763959892.184371,1763959792,1,11,-3.443659,0.688732,0.453748,0.000363,0.000000,0.000000,0.500000,0
83.595175,1763959892.184371,1763959792,1,11,-3.443659,0.688732,0.453748,0.000363,0.000000,0.000000,0.500000,0
83.597098,1763959892.184371,1763959792,1,11,-2.754927,0.688732,0.453748,0.000363,0.000000,0.000000,0.500000,0
83.599083,1763959892.184371,1763959792,1,11,-3.443659,0.344366,0.453748,0.000363,0.000000,0.000000,0.500000,0
83.601083,1763959892.184371,1763959792,1,11,-2.754927,0.344366,0.453748,0.000363,0.000000,0.000000,0.500000,0
83.603083,1763959892.184371,1763959792,1,11,-2.754927,0.688732,0.453748,0.000363,0.000000,0.000000,0.500000,0
83.605175,1763959892.184371,1763959792,1,11,-2.754927,0.688732,0.453748,0.000363,0.000000,0.000000,0.500000,0
83.607191,1763959892.184371,1763959792,1,11,-2.754927,1.377463,0.453748,0.000363,0.000000,0.000000,0.500000,0
83.609171,1763959892.184371,1763959792,1,11,-2.754927,1.377463,0.453748,0.000363,0.000000,0.000000,0.500000,0
83.611174,1763959892.184371,1763959792,1,11,-2.754927,1.033098,0.453748,0.000363,0.000000,0.000000,0.500000,0
83.613180,1763959892.184371,1763959792,1,11,-2.754927,0.688732,0.453748,0.000363,0.000000,0.000000,0.500000,0
83.615183,1763959892.184371,1763959792,1,11,-2.754927,0.688732,0.453748,0.000363,0.000000,0.000000,0.500000,0
83.617184,1763959892.184371,1763959792,1,11,-2.754927,1.377463,0.453748,0.000363,0.000000,0.000000,0.500000,0
83.619183,1763959892.184371,1763959792,1,11,-3.443659,0.344366,0.453748,0.000363,0.000000,0.000000,0.500000,0
83.621177,1763959892.184371,1763959792,1,11,-2.754927,0.688732,0.453748,0.000363,0.000000,0.000000,0.500000,0
83.623175,1763959892.184371,1763959792,1,11,-2.754927,0.688732,0.453748,0.000363,0.000000,0.000000,0.500000,0
83.625186,1763959892.184371,1763959792,1,11,-2.410561,1.033098,0.453748,0.000363,0.000000,0.000000,0.500000,0
83.627187,1763959892.184371,1763959792,1,11,-2.754927,1.377463,0.453748,0.000363,0.000000,0.000000,0.500000,0
83.629181,1763959892.184371,1763959792,1,11,-3.443659,1.377463,0.453748,0.000363,0.000000,0.000000,0.500000,0
83.631181,1763959892.184371,1763959792,1,11,-2.410561,1.377463,0.453748,0.000363,0.000000,0.000000,0.500000,0
83.633280,1763959892.184371,1763959792,1,11,-2.754927,0.344366,0.453748,0.000363,0.000000,0.000000,0.500000,0
90.970358,1763959899.719700,1763959792,1,12,-2.754927,0.688732,0.453502,0.000746,0.000000,0.000000,0.500000,0
90.972360,1763959899.719700,1763959792,1,12,-3.443659,0.344366,0.453502,0.000746,0.000000,0.000000,0.500000,0
90.974360,1763959899.719700,1763959792,1,12,-2.754927,0.344366,0.453502,0.000746,0.000000,0.000000,0.500000,0
90.976362,1763959899.719700,1763959792,1,12,-2.754927,0.688732,0.453502,0.000746,0.000000,0.000000,0.500000,0
90.978259,1763959899.719700,1763959792,1,12,-2.754927,0.688732,0.453502,0.000746,0.000000,0.000000,0.500000,0
90.980365,1763959899.719700,1763959792,1,12,-2.754927,0.688732,0.453502,0.000746,0.000000,0.000000,0.500000,0
90.982366,1763959899.719700,1763959792,1,12,-2.754927,0.344366,0.453502,0.000746,0.000000,0.000000,0.500000,0
90.984344,1763959899.719700,1763959792,1,12,-2.754927,0.344366,0.453502,0.000746,0.000000,0.000000,0.500000,0
90.986347,1763959899.719700,1763959792,1,12,-3.443659,0.688732,0.453502,0.000746,0.000000,0.000000,0.500000,0
90.988346,1763959899.719700,1763959792,1,12,-2.754927,0.688732,0.453502,0.000746,0.000000,0.000000,0.500000,0
90.990348,1763959899.719700,1763959792,1,12,-2.754927,1.377463,0.453502,0.000746,0.000000,0.000000,0.500000,0
90.992333,1763959899.719700,1763959792,1,12,-2.754927,0.344366,0.453502,0.000746,0.000000,0.000000,0.500000,0
90.994364,1763959899.719700,1763959792,1,12,-2.754927,0.344366,0.453502,0.000746,0.000000,0.000000,0.500000,0
90.996335,1763959899.719700,1763959792,1,12,-2.066195,0.344366,0.453502,0.000746,0.000000,0.000000,0.500000,0
90.998336,1763959899.719700,1763959792,1,12,-2.754927,0.344366,0.453502,0.000746,0.000000,0.000000,0.500000,0
91.000338,1763959899.719700,1763959792,1,12,-3.443659,0.688732,0.453502,0.000746,0.000000,0.000000,0.500000,0
91.002338,1763959899.719700,1763959792,1,12,-2.754927,0.688732,0.453502,0.000746,0.000000,0.000000,0.500000,0
91.004339,1763959899.719700,1763959792,1,12,-2.754927,0.688732,0.453502,0.000746,0.000000,0.000000,0.500000,0
91.006341,1763959899.719700,1763959792,1,12,-2.066195,0.344366,0.453502,0.000746,0.000000,0.000000,0.500000,0
91.008341,1763959899.719700,1763959792,1,12,-2.066195,0.688732,0.453502,0.000746,0.000000,0.000000,0.500000,0
91.010344,1763959899.719700,1763959792,1,12,-2.754927,0.344366,0.453502,0.000746,0.000000,0.000000,0.500000,0
91.012333,1763959899.719700,1763959792,1,12,-2.754927,1.377463,0.453502,0.000746,0.000000,0.000000,0.500000,0
91.014332,1763959899.719700,1763959792,1,12,-2.754927,0.688732,0.453502,0.000746,0.000000,0.000000,0.500000,0
91.016334,1763959899.719700,1763959792,1,12,-2.754927,0.344366,0.453502,0.000746,0.000000,0.000000,0.500000,0
91.018336,1763959899.719700,1763959792,1,12,-2.754927,1.377463,0.453502,0.000746,0.000000,0.000000,0.500000,0
91.020361,1763959899.719700,1763959792,1,12,-2.754927,0.688732,0.453502,0.000746,0.000000,0.000000,0.500000,0
91.022337,1763959899.719700,1763959792,1,12,-2.754927,0.688732,0.453502,0.000746,0.000000,0.000000,0.500000,0
91.024338,1763959899.719700,1763959792,1,12,-3.443659,0.344366,0.453502,0.000746,0.000000,0.000000,0.500000,0
91.026338,1763959899.719700,1763959792,1,12,-2.754927,0.688732,0.453502,0.000746,0.000000,0.000000,0.500000,0
91.028342,1763959899.719700,1763959792,1,12,-2.754927,-0.344366,0.453502,0.000746,0.000000,0.000000,0.500000,0
91.030340,1763959899.719700,1763959792,1,12,-2.754927,0.688732,0.453502,0.000746,0.000000,0.000000,0.500000,0
91.032341,1763959899.719700,1763959792,1,12,-2.754927,0.344366,0.453502,0.000746,0.000000,0.000000,0.500000,0
91.034343,1763959899.719700,1763959792,1,12,-2.754927,0.344366,0.453502,0.000746,0.000000,0.000000,0.500000,0
91.036344,1763959899.719700,1763959792,1,12,-2.754927,0.688732,0.453502,0.000746,0.000000,0.000000,0.500000,0
91.038345,1763959899.719700,1763959792,1,12,-2.754927,0.688732,0.453502,0.000746,0.000000,0.000000,0.500000,0
91.040318,1763959899.719700,1763959792,1,12,-2.754927,0.344366,0.453502,0.000746,0.000000,0.000000,0.500000,0
91.042318,1763959899.719700,1763959792,1,12,-2.754927,0.344366,0.453502,0.000746,0.000000,0.000000,0.500000,0
91.044320,1763959899.719700,1763959792,1,12,-2.066195,-0.344366,0.453502,0.000746,0.000000,0.000000,0.500000,0
91.046342,1763959899.719700,1763959792,1,12,-2.754927,0.688732,0.453502,0.000746,0.000000,0.000000,0.500000,0
91.048321,1763959899.719700,1763959792,1,12,-2.754927,0.688732,0.453502,0.000746,0.000000,0.000000,0.500000,0
91.050322,1763959899.719700,1763959792,1,12,-2.754927,0.688732,0.453502,0.000746,0.000000,0.000000,0.500000,0
91.052322,1763959899.719700,1763959792,1,12,-3.443659,0.688732,0.453502,0.000746,0.000000,0.000000,0.500000,0
91.054324,1763959899.719700,1763959792,1,12,-2.754927,0.344366,0.453502,0.000746,0.000000,0.000000,0.500000,0
91.056324,1763959899.719700,1763959792,1,12,-2.754927,0.688732,0.453502,0.000746,0.000000,0.000000,0.500000,0
91.058337,1763959899.719700,1763959792,1,12,-3.443659,0.688732,0.453502,0.000749,0.000000,0.000940,0.500000,0
91.060337,1763959899.719700,1763959792,1,12,-1.721829,-0.344366,0.453502,0.000749,0.000000,0.000946,0.500000,0
91.062327,1763959899.719700,1763959792,1,12,-2.066195,1.377463,0.453502,0.000749,0.000000,0.000074,0.500000,0
91.064327,1763959899.719700,1763959792,1,12,-2.754927,0.688732,0.453502,0.000749,0.000000,0.000000,0.500000,0
91.066328,1763959899.719700,1763959792,1,12,-2.754927,0.688732,0.453502,0.000749,0.000000,0.000000,0.500000,0
91.068329,1763959899.719700,1763959792,1,12,-2.754927,0.344366,0.453502,0.000749,0.000000,0.000000,0.500000,0
91.070341,1763959899.719700,1763959792,1,12,-2.754927,0.344366,0.453502,0.000749,0.000000,0.000000,0.500000,0
91.072356,1763959899.719700,1763959792,1,12,-2.754927,0.688732,0.453502,0.000749,0.000000,0.000000,0.500000,0
91.074344,1763959899.719700,1763959792,1,12,-3.443659,0.344366,0.453502,0.000749,0.000000,0.000000,0.500000,0
91.076344,1763959899.719700,1763959792,1,12,-2.754927,0.344366,0.453502,0.000749,0.000000,0.000000,0.500000,0
91.078345,1763959899.719700,1763959792,1,12,-2.754927,0.344366,0.453502,0.000749,0.000000,0.000000,0.500000,0
91.080346,1763959899.719700,1763959792,1,12,-2.754927,0.000000,0.453502,0.000749,0.000000,0.000000,0.500000,0
91.082346,1763959899.719700,1763959792,1,12,-2.066195,0.344366,0.453502,0.000749,0.000000,0.000000,0.500000,0
91.084347,1763959899.719700,1763959792,1,12,-2.754927,0.688732,0.453502,0.000749,0.000000,0.000000,0.500000,0
91.086348,1763959899.719700,1763959792,1,12,-2.754927,0.344366,0.453502,0.000749,0.000000,0.000000,0.500000,0
91.088349,1763959899.719700,1763959792,1,12,-3.443659,0.688732,0.453502,0.000749,0.000000,0.000000,0.500000,0
91.090351,1763959899.719700,1763959792,1,12,-2.066195,0.688732,0.453502,0.000749,0.000000,0.000000,0.500000,0
91.092350,1763959899.719700,1763959792,1,12,-2.754927,0.688732,0.453502,0.000749,0.000000,0.000000,0.500000,0
91.094351,1763959899.719700,1763959792,1,12,-3.443659,0.344366,0.453502,0.000749,0.000000,0.000000,0.500000,0
91.096353,1763959899.719700,1763959792,1,12,-3.443659,1.377463,0.453502,0.000749,0.000000,0.000000,0.500000,0
91.098397,1763959899.719700,1763959792,1,12,-2.754927,0.344366,0.453502,0.000749,0.000000,0.000000,0.500000,0
91.100355,1763959899.719700,1763959792,1,12,-2.754927,0.688732,0.453502,0.000749,0.000000,0.000000,0.500000,0
91.102356,1763959899.719700,1763959792,1,12,-3.443659,0.688732,0.453502,0.000749,0.000000,0.000000,0.500000,0
91.104356,1763959899.719700,1763959792,1,12,-2.066195,0.344366,0.453502,0.000749,0.000000,0.000000,0.500000,0
91.106357,1763959899.719700,1763959792,1,12,-2.754927,0.688732,0.453502,0.000753,0.000000,0.000682,0.500000,0
91.108357,1763959899.719700,1763959792,1,12,-2.754927,1.377463,0.453502,0.000753,0.000000,0.000945,0.500000,0
91.110359,1763959899.719700,1763959792,1,12,-2.754927,1.377463,0.453502,0.000753,0.000000,0.000265,0.500000,0
91.112359,1763959899.719700,1763959792,1,12,-2.754927,0.344366,0.453502,0.000753,0.000000,0.000001,0.500000,0
91.114361,1763959899.719700,1763959792,1,12,-2.754927,0.688732,0.453502,0.000753,0.000000,0.000000,0.500000,0
91.116363,1763959899.719700,1763959792,1,12,-2.754927,0.688732,0.453502,0.000753,0.000000,0.000000,0.500000,0
91.118363,1763959899.719700,1763959792,1,12,-2.754927,0.688732,0.453502,0.000757,0.000000,0.000806,0.500000,0
91.120364,1763959899.719700,1763959792,1,12,-2.754927,0.688732,0.453502,0.000757,0.000000,0.000935,0.500000,0
91.122364,1763959899.719700,1763959792,1,12,-2.066195,0.344366,0.453502,0.000757,0.000000,0.000946,0.500000,0
91.124388,1763959899.719700,1763959792,1,12,-2.754927,0.344366,0.453502,0.000757,0.000000,0.000011,0.500000,0
91.126365,1763959899.719700,1763959792,1,12,-2.754927,0.688732,0.453502,0.000761,0.000000,0.000872,0.500000,0
91.128368,1763959899.719700,1763959792,1,12,-3.443659,0.344366,0.453502,0.000761,0.000000,0.000946,0.500000,0
91.130385,1763959899.719700,1763959792,1,12,-2.754927,0.688732,0.453502,0.000761,0.000000,0.000074,0.500000,0
91.132369,1763959899.719700,1763959792,1,12,-2.754927,0.344366,0.453502,0.000765,0.000000,0.000908,0.500000,0
91.134370,1763959899.719700,1763959792,1,12,-2.754927,1.377463,0.453502,0.000765,0.000000,0.000946,0.500000,0
91.136387,1763959899.719700,1763959792,1,12,-2.754927,0.000000,0.453502,0.000768,0.000000,0.000974,0.500000,0
91.138371,1763959899.719700,1763959792,1,12,-2.754927,0.344366,0.453502,0.000776,0.000000,0.001957,0.500000,0
91.140372,1763959899.719700,1763959792,1,12,-2.754927,0.344366,0.453502,0.000780,0.000000,0.002704,0.500000,0
91.142374,1763959899.719700,1763959792,1,12,-2.754927,0.688732,0.453502,0.000784,0.000000,0.003256,0.500000,0
91.144374,1763959899.719700,1763959792,1,12,-2.754927,0.344366,0.453502,0.000791,0.000000,0.003388,0.500000,0
91.146375,1763959899.719700,1763959792,1,12,-3.443659,0.000000,0.453502,0.000802,0.000000,0.004161,0.500000,0
91.148376,1763959899.719700,1763959792,1,12,-2.754927,0.344366,0.453502,0.000814,0.000000,0.005088,0.500000,0
91.150398,1763959899.719700,1763959792,1,12,-2.754927,0.344366,0.453502,0.000836,0.000000,0.007289,0.500000,0
91.152379,1763959899.719700,1763959792,1,12,-2.754927,0.688732,0.453502,0.000844,0.000000,0.007994,0.500000,0
91.154375,1763959899.719700,1763959792,1,12,-2.754927,0.688732,0.453502,0.000863,0.000000,0.008954,0.500000,0
91.156394,1763959899.719700,1763959792,1,12,-2.754927,1.377463,0.453502,0.000886,0.000000,0.009655,0.500000,0
91.158408,1763959899.719700,1763959792,1,12,-2.754927,0.000000,0.453502,0.000924,0.000000,0.012219,0.500000,0
91.160426,1763959899.719700,1763959792,1,12,-3.443659,0.688732,0.453502,0.000935,0.000000,0.012741,0.500000,0
91.162450,1763959899.719700,1763959792,1,12,-2.754927,0.000000,0.453502,0.000965,0.000000,0.014835,0.500000,0
91.164452,1763959899.719700,1763959792,1,12,-3.443659,0.000000,0.453502,0.001003,0.000000,0.016725,0.500000,0
91.166453,1763959899.719700,1763959792,1,12,-2.754927,0.000000,0.453502,0.001041,0.000000,0.018174,0.500000,0
91.168455,1763959899.719700,1763959792,1,12,-2.754927,0.000000,0.453502,0.001083,0.000000,0.019788,0.500000,0
98.528656,1763959907.277868,1763959792,1,13,-2.754927,0.688732,0.453896,0.000749,0.000000,0.000000,0.500000,0
98.530673,1763959907.277868,1763959792,1,13,-3.443659,0.688732,0.453896,0.000749,0.000000,0.000000,0.500000,0
98.532658,1763959907.277868,1763959792,1,13,-2.754927,0.344366,0.453896,0.000749,0.000000,0.000000,0.500000,0
98.534674,1763959907.277868,1763959792,1,13,-2.410561,1.377463,0.453896,0.000749,0.000000,0.000000,0.500000,0
98.536660,1763959907.277868,1763959792,1,13,-3.443659,0.688732,0.453896,0.000749,0.000000,0.000000,0.500000,0
98.538705,1763959907.277868,1763959792,1,13,-3.443659,0.688732,0.453896,0.000749,0.000000,0.000000,0.500000,0
98.540662,1763959907.277868,1763959792,1,13,-2.754927,0.344366,0.453896,0.000749,0.000000,0.000000,0.500000,0
98.542678,1763959907.277868,1763959792,1,13,-3.443659,0.688732,0.453896,0.000749,0.000000,0.000000,0.500000,0
98.544679,1763959907.277868,1763959792,1,13,-2.410561,0.344366,0.453896,0.000749,0.000000,0.000000,0.500000,0
98.546680,1763959907.277868,1763959792,1,13,-2.410561,0.688732,0.453896,0.000749,0.000000,0.000000,0.500000,0
98.548681,1763959907.277868,1763959792,1,13,-2.410561,0.688732,0.453896,0.000749,0.000000,0.000000,0.500000,0
98.550681,1763959907.277868,1763959792,1,13,-3.443659,0.688732,0.453896,0.000749,0.000000,0.000000,0.500000,0
98.552683,1763959907.277868,1763959792,1,13,-2.410561,0.688732,0.453896,0.000749,0.000000,0.000000,0.500000,0
98.554613,1763959907.277868,1763959792,1,13,-3.443659,0.344366,0.453896,0.000749,0.000000,0.000000,0.500000,0
98.556685,1763959907.277868,1763959792,1,13,-2.410561,0.344366,0.453896,0.000749,0.000000,0.000000,0.500000,0
98.558685,1763959907.277868,1763959792,1,13,-3.443659,0.688732,0.453896,0.000749,0.000000,0.000000,0.500000,0
98.560687,1763959907.277868,1763959792,1,13,-3.443659,0.344366,0.453896,0.000749,0.000000,0.000000,0.500000,0
98.562687,1763959907.277868,1763959792,1,13,-3.443659,0.688732,0.453896,0.000749,0.000000,0.000000,0.500000,0
98.564712,1763959907.277868,1763959792,1,13,-3.443659,0.688732,0.453896,0.000749,0.000000,0.000000,0.500000,0
98.566691,1763959907.277868,1763959792,1,13,-3.443659,1.377463,0.453896,0.000749,0.000000,0.000000,0.500000,0
98.568691,1763959907.277868,1763959792,1,13,-2.754927,0.344366,0.453896,0.000749,0.000000,0.000000,0.500000,0
98.570691,1763959907.277868,1763959792,1,13,-3.443659,0.688732,0.453896,0.000749,0.000000,0.000000,0.500000,0
98.572693,1763959907.277868,1763959792,1,13,-3.443659,0.688732,0.453896,0.000749,0.000000,0.000000,0.500000,0
98.574693,1763959907.277868,1763959792,1,13,-3.443659,0.344366,0.453896,0.000749,0.000000,0.000000,0.500000,0
98.576695,1763959907.277868,1763959792,1,13,-3.443659,0.688732,0.453896,0.000749,0.000000,0.000000,0.500000,0
98.578696,1763959907.277868,1763959792,1,13,-3.443659,0.344366,0.453896,0.000749,0.000000,0.000000,0.500000,0
98.580696,1763959907.277868,1763959792,1,13,-3.443659,0.344366,0.453896,0.000749,0.000000,0.000000,0.500000,0
98.582697,1763959907.277868,1763959792,1,13,-3.443659,0.344366,0.453896,0.000749,0.000000,0.000000,0.500000,0
98.584697,1763959907.277868,1763959792,1,13,-3.443659,0.344366,0.453896,0.000749,0.000000,0.000000,0.500000,0
98.586699,1763959907.277868,1763959792,1,13,-3.443659,0.344366,0.453896,0.000749,0.000000,0.000000,0.500000,0
98.588700,1763959907.277868,1763959792,1,13,-2.754927,0.688732,0.453896,0.000749,0.000000,0.000000,0.500000,0
98.590728,1763959907.277868,1763959792,1,13,-2.410561,0.688732,0.453896,0.000749,0.000000,0.000000,0.500000,0
98.592701,1763959907.277868,1763959792,1,13,-3.443659,1.377463,0.453896,0.000749,0.000000,0.000000,0.500000,0
98.594643,1763959907.277868,1763959792,1,13,-3.443659,1.377463,0.453896,0.000749,0.000000,0.000000,0.500000,0
98.596689,1763959907.277868,1763959792,1,13,-2.754927,0.344366,0.453896,0.000749,0.000000,0.000000,0.500000,0
98.598689,1763959907.277868,1763959792,1,13,-3.443659,0.688732,0.453896,0.000749,0.000000,0.000000,0.500000,0
98.600626,1763959907.277868,1763959792,1,13,-3.443659,1.377463,0.453896,0.000749,0.000000,0.000000,0.500000,0
98.602690,1763959907.277868,1763959792,1,13,-2.410561,0.688732,0.453896,0.000749,0.000000,0.000000,0.500000,0
98.604691,1763959907.277868,1763959792,1,13,-3.443659,0.344366,0.453896,0.000749,0.000000,0.000000,0.500000,0
98.606694,1763959907.277868,1763959792,1,13,-2.410561,0.688732,0.453896,0.000749,0.000000,0.000000,0.500000,0
98.608693,1763959907.277868,1763959792,1,13,-3.443659,0.688732,0.453896,0.000749,0.000000,0.000000,0.500000,0
98.610694,1763959907.277868,1763959792,1,13,-3.443659,0.344366,0.453896,0.000749,0.000000,0.000000,0.500000,0
98.612695,1763959907.277868,1763959792,1,13,-3.443659,0.344366,0.453896,0.000749,0.000000,0.000000,0.500000,0
98.614696,1763959907.277868,1763959792,1,13,-3.443659,0.688732,0.453896,0.000749,0.000000,0.000000,0.500000,0
98.616737,1763959907.277868,1763959792,1,13,-3.443659,0.344366,0.453896,0.000749,0.000000,0.000000,0.500000,0
98.618697,1763959907.277868,1763959792,1,13,-3.443659,0.688732,0.453896,0.000749,0.000000,0.000000,0.500000,0
98.620698,1763959907.277868,1763959792,1,13,-2.754927,1.377463,0.453896,0.000749,0.000000,0.000000,0.500000,0
98.622699,1763959907.277868,1763959792,1,13,-3.443659,0.344366,0.453896,0.000749,0.000000,0.000000,0.500000,0
98.624699,1763959907.277868,1763959792,1,13,-3.443659,0.688732,0.453896,0.000749,0.000000,0.000000,0.500000,0
98.626716,1763959907.277868,1763959792,1,13,-2.754927,0.688732,0.453896,0.000749,0.000000,0.000000,0.500000,0
98.628717,1763959907.277868,1763959792,1,13,-3.443659,0.344366,0.453896,0.000749,0.000000,0.000000,0.500000,0
98.630718,1763959907.277868,1763959792,1,13,-3.443659,0.344366,0.453896,0.000749,0.000000,0.000000,0.500000,0
98.632718,1763959907.277868,1763959792,1,13,-3.443659,0.688732,0.453896,0.000749,0.000000,0.000000,0.500000,0
98.634719,1763959907.277868,1763959792,1,13,-3.443659,0.688732,0.453896,0.000749,0.000000,0.000000,0.500000,0
98.636704,1763959907.277868,1763959792,1,13,-3.443659,0.688732,0.453896,0.000749,0.000000,0.000000,0.500000,0
98.638707,1763959907.277868,1763959792,1,13,-2.754927,0.688732,0.453896,0.000749,0.000000,0.000000,0.500000,0
98.640723,1763959907.277868,1763959792,1,13,-2.754927,0.688732,0.453896,0.000749,0.000000,0.000000,0.500000,0
98.642751,1763959907.277868,1763959792,1,13,-3.443659,0.344366,0.453896,0.000749,0.000000,0.000000,0.500000,0
98.644709,1763959907.277868,1763959792,1,13,-3.443659,0.688732,0.453896,0.000749,0.000000,0.000000,0.500000,0
98.646725,1763959907.277868,1763959792,1,13,-3.443659,0.688732,0.453896,0.000749,0.000000,0.000000,0.500000,0
98.648727,1763959907.277868,1763959792,1,13,-2.410561,0.344366,0.453896,0.000749,0.000000,0.000000,0.500000,0
98.650727,1763959907.277868,1763959792,1,13,-3.443659,0.344366,0.453896,0.000749,0.000000,0.000000,0.500000,0
98.652728,1763959907.277868,1763959792,1,13,-2.410561,0.344366,0.453896,0.000749,0.000000,0.000000,0.500000,0
98.654729,1763959907.277868,1763959792,1,13,-3.443659,0.344366,0.453896,0.000749,0.000000,0.000000,0.500000,0
98.656731,1763959907.277868,1763959792,1,13,-3.443659,0.344366,0.453896,0.000749,0.000000,0.000000,0.500000,0
98.658731,1763959907.277868,1763959792,1,13,-3.443659,0.344366,0.453896,0.000749,0.000000,0.000000,0.500000,0
98.660732,1763959907.277868,1763959792,1,13,-3.443659,0.688732,0.453896,0.000749,0.000000,0.000000,0.500000,0
98.662733,1763959907.277868,1763959792,1,13,-3.443659,0.344366,0.453896,0.000749,0.000000,0.000000,0.500000,0
98.664734,1763959907.277868,1763959792,1,13,-3.443659,0.344366,0.453896,0.000749,0.000000,0.000000,0.500000,0
98.666735,1763959907.277868,1763959792,1,13,-3.443659,0.688732,0.453896,0.000749,0.000000,0.000000,0.500000,0
98.668761,1763959907.277868,1763959792,1,13,-3.443659,0.344366,0.453896,0.000749,0.000000,0.000000,0.500000,0
98.670737,1763959907.277868,1763959792,1,13,-3.443659,1.377463,0.453896,0.000749,0.000000,0.000000,0.500000,0
98.672738,1763959907.277868,1763959792,1,13,-3.443659,0.344366,0.453896,0.000749,0.000000,0.000000,0.500000,0
98.674739,1763959907.277868,1763959792,1,13,-3.443659,0.344366,0.453896,0.000749,0.000000,0.000000,0.500000,0
98.676724,1763959907.277868,1763959792,1,13,-3.443659,0.344366,0.453896,0.000749,0.000000,0.000000,0.500000,0
98.678741,1763959907.277868,1763959792,1,13,-3.443659,1.377463,0.453896,0.000749,0.000000,0.000000,0.500000,0
98.680727,1763959907.277868,1763959792,1,13,-3.443659,0.344366,0.453896,0.000749,0.000000,0.000000,0.500000,0
98.682743,1763959907.277868,1763959792,1,13,-2.754927,0.688732,0.453896,0.000749,0.000000,0.000000,0.500000,0
98.684744,1763959907.277868,1763959792,1,13,-3.443659,0.344366,0.453896,0.000749,0.000000,0.000000,0.500000,0
98.686745,1763959907.277868,1763959792,1,13,-3.443659,0.688732,0.453896,0.000749,0.000000,0.000000,0.500000,0
98.688746,1763959907.277868,1763959792,1,13,-3.443659,0.688732,0.453896,0.000749,0.000000,0.000000,0.500000,0
98.690747,1763959907.277868,1763959792,1,13,-3.443659,0.688732,0.453896,0.000749,0.000000,0.000000,0.500000,0
98.692746,1763959907.277868,1763959792,1,13,-3.443659,0.000000,0.453896,0.000749,0.000000,0.000000,0.500000,0
98.694755,1763959907.277868,1763959792,1,13,-2.410561,0.688732,0.453896,0.000749,0.000000,0.000000,0.500000,0
98.696749,1763959907.277868,1763959792,1,13,-3.443659,0.344366,0.453896,0.000749,0.000000,0.000000,0.500000,0
98.698749,1763959907.277868,1763959792,1,13,-3.443659,1.377463,0.453896,0.000749,0.000000,0.000000,0.500000,0
98.700735,1763959907.277868,1763959792,1,13,-3.443659,0.688732,0.453896,0.000749,0.000000,0.000000,0.500000,0
98.702751,1763959907.277868,1763959792,1,13,-2.754927,0.344366,0.453896,0.000749,0.000000,0.000000,0.500000,0
98.704738,1763959907.277868,1763959792,1,13,-2.410561,0.344366,0.453896,0.000749,0.000000,0.000000,0.500000,0
98.706754,1763959907.277868,1763959792,1,13,-3.443659,0.344366,0.453896,0.000749,0.000000,0.000000,0.500000,0
98.708738,1763959907.277868,1763959792,1,13,-3.443659,0.688732,0.453896,0.000749,0.000000,0.000000,0.500000,0
98.710755,1763959907.277868,1763959792,1,13,-3.443659,0.688732,0.453896,0.000749,0.000000,0.000000,0.500000,0
98.712740,1763959907.277868,1763959792,1,13,-2.410561,0.688732,0.453896,0.000749,0.000000,0.000000,0.500000,0
98.714756,1763959907.277868,1763959792,1,13,-2.754927,0.688732,0.453896,0.000749,0.000000,0.000000,0.500000,0
98.716742,1763959907.277868,1763959792,1,13,-2.754927,0.688732,0.453896,0.000749,0.000000,0.000000,0.500000,0
98.718759,1763959907.277868,1763959792,1,13,-3.443659,0.344366,0.453896,0.000749,0.000000,0.000000,0.500000,0
98.720768,1763959907.277868,1763959792,1,13,-3.443659,0.344366,0.453896,0.000749,0.000000,0.000000,0.500000,0
98.722761,1763959907.277868,1763959792,1,13,-3.443659,0.344366,0.453896,0.000749,0.000000,0.000000,0.500000,0
98.724747,1763959907.277868,1763959792,1,13,-2.410561,0.688732,0.453896,0.000749,0.000000,0.000000,0.500000,0
98.726757,1763959907.277868,1763959792,1,13,-2.410561,0.688732,0.453896,0.000749,0.000000,0.000000,0.500000,0
106.085116,1763959914.834488,1763959792,1,14,-19.973220,-19.628854,0.475618,0.026355,0.000000,0.000000,0.500000,1
106.087169,1763959914.834488,1763959792,1,14,-20.317586,-18.940123,0.475618,0.026355,0.000000,0.000000,0.500000,1
106.089112,1763959914.834488,1763959792,1,14,-20.317586,-18.940123,0.475618,0.026355,0.000000,0.000000,0.500000,1
106.091112,1763959914.834488,1763959792,1,14,-19.973220,-18.940123,0.475618,0.026355,0.000000,0.000000,0.500000,1
106.093118,1763959914.834488,1763959792,1,14,-20.317586,-19.628854,0.475618,0.026355,0.000000,0.000000,0.500000,1
106.095112,1763959914.834488,1763959792,1,14,-20.317586,-19.628854,0.475618,0.026355,0.000000,0.000000,0.500000,1
106.097114,1763959914.834488,1763959792,1,14,-20.317586,-18.251391,0.475618,0.026355,0.000000,0.000000,0.500000,1
106.099145,1763959914.834488,1763959792,1,14,-20.317586,-19.628854,0.475618,0.026355,0.000000,0.000000,0.500000,1
106.101114,1763959914.834488,1763959792,1,14,-20.317586,-19.628854,0.475618,0.026355,0.000000,0.000000,0.500000,1
106.103334,1763959914.834488,1763959792,1,14,-19.973220,-18.940123,0.475618,0.026355,0.000000,0.000000,0.500000,1
106.105178,1763959914.834488,1763959792,1,14,-20.317586,-18.940123,0.475618,0.026355,0.000000,0.000000,0.500000,1
106.107285,1763959914.834488,1763959792,1,14,-20.317586,-18.940123,0.475618,0.026355,0.000000,0.000000,0.500000,1
106.109125,1763959914.834488,1763959792,1,14,-19.628854,-19.628854,0.475618,0.026355,0.000000,0.000000,0.500000,1
106.111109,1763959914.834488,1763959792,1,14,-19.973220,-19.628854,0.475618,0.026355,0.000000,0.000000,0.500000,1
106.113118,1763959914.834488,1763959792,1,14,-21.006318,-19.628854,0.475618,0.026355,0.000000,0.000000,0.500000,1
106.115106,1763959914.834488,1763959792,1,14,-20.317586,-18.595757,0.475618,0.026355,0.000000,0.000000,0.500000,1
106.117105,1763959914.834488,1763959792,1,14,-19.973220,-19.628854,0.475618,0.026355,0.000000,0.000000,0.500000,1
106.119106,1763959914.834488,1763959792,1,14,-19.973220,-19.628854,0.475618,0.026355,0.000000,0.000000,0.500000,1
106.121118,1763959914.834488,1763959792,1,14,-19.973220,-19.628854,0.475618,0.026355,0.000000,0.000000,0.500000,1
106.123104,1763959914.834488,1763959792,1,14,-20.317586,-19.628854,0.475618,0.026355,0.000000,0.000000,0.500000,1
106.125104,1763959914.834488,1763959792,1,14,-20.317586,-19.628854,0.475618,0.026355,0.000000,0.000000,0.500000,1
106.127122,1763959914.834488,1763959792,1,14,-21.006318,-19.628854,0.475618,0.026355,0.000000,0.000000,0.500000,1
106.129104,1763959914.834488,1763959792,1,14,-20.317586,-18.940123,0.475618,0.026355,0.000000,0.000000,0.500000,1
106.131116,1763959914.834488,1763959792,1,14,-20.317586,-19.628854,0.475618,0.026355,0.000000,0.000000,0.500000,1
106.133116,1763959914.834488,1763959792,1,14,-20.317586,-19.628854,0.475618,0.026355,0.000000,0.000000,0.500000,1
106.135123,1763959914.834488,1763959792,1,14,-20.317586,-18.940123,0.475618,0.026355,0.000000,0.000000,0.500000,1
106.137117,1763959914.834488,1763959792,1,14,-19.973220,-20.317586,0.475618,0.026355,0.000000,0.000000,0.500000,1
106.139118,1763959914.834488,1763959792,1,14,-19.973220,-19.628854,0.475618,0.026355,0.000000,0.000000,0.500000,1
106.141119,1763959914.834488,1763959792,1,14,-20.317586,-18.940123,0.475618,0.026355,0.000000,0.000000,0.500000,1
106.143122,1763959914.834488,1763959792,1,14,-20.317586,-18.940123,0.475618,0.026355,0.000000,0.000000,0.500000,1
106.145120,1763959914.834488,1763959792,1,14,-20.317586,-20.317586,0.475618,0.026355,0.000000,0.000000,0.500000,1
106.147121,1763959914.834488,1763959792,1,14,-20.317586,-19.628854,0.475618,0.026355,0.000000,0.000000,0.500000,1
106.149123,1763959914.834488,1763959792,1,14,-20.317586,-18.595757,0.475618,0.026355,0.000000,0.000000,0.500000,1
106.151125,1763959914.834488,1763959792,1,14,-20.317586,-20.317586,0.475618,0.026355,0.000000,0.000000,0.500000,1
106.153126,1763959914.834488,1763959792,1,14,-20.317586,-18.251391,0.475618,0.026355,0.000000,0.000000,0.500000,1
106.155128,1763959914.834488,1763959792,1,14,-19.973220,-20.317586,0.475618,0.026355,0.000000,0.000000,0.500000,1
106.157138,1763959914.834488,1763959792,1,14,-20.317586,-19.628854,0.475618,0.026355,0.000000,0.000000,0.500000,1
106.159140,1763959914.834488,1763959792,1,14,-20.317586,-18.940123,0.475618,0.026355,0.000000,0.000000,0.500000,1
106.161145,1763959914.834488,1763959792,1,14,-20.317586,-19.628854,0.475618,0.026355,0.000000,0.000000,0.500000,1
106.163142,1763959914.834488,1763959792,1,14,-19.973220,-18.595757,0.475618,0.026355,0.000000,0.000000,0.500000,1
106.165145,1763959914.834488,1763959792,1,14,-20.317586,-18.940123,0.475618,0.026355,0.000000,0.000000,0.500000,1
106.167147,1763959914.834488,1763959792,1,14,-20.317586,-19.628854,0.475618,0.026355,0.000000,0.000000,0.500000,1
106.169149,1763959914.834488,1763959792,1,14,-20.317586,-20.317586,0.475618,0.026355,0.000000,0.000000,0.500000,1
106.171151,1763959914.834488,1763959792,1,14,-20.317586,-19.628854,0.475618,0.026355,0.000000,0.000000,0.500000,1
106.173155,1763959914.834488,1763959792,1,14,-19.973220,-19.628854,0.475618,0.026355,0.000000,0.000000,0.500000,1
106.175158,1763959914.834488,1763959792,1,14,-20.317586,-20.317586,0.475618,0.026355,0.000000,0.000000,0.500000,1
106.177157,1763959914.834488,1763959792,1,14,-19.973220,-19.628854,0.475618,0.026355,0.000000,0.000000,0.500000,1
106.179157,1763959914.834488,1763959792,1,14,-19.973220,-20.317586,0.475618,0.026355,0.000000,0.000000,0.500000,1
106.181166,1763959914.834488,1763959792,1,14,-19.973220,-18.940123,0.475618,0.026355,0.000000,0.000000,0.500000,1
106.183161,1763959914.834488,1763959792,1,14,-20.317586,-19.628854,0.475618,0.026355,0.000000,0.000000,0.500000,1
106.185167,1763959914.834488,1763959792,1,14,-20.317586,-18.595757,0.475618,0.026355,0.000000,0.000000,0.500000,1
106.187182,1763959914.834488,1763959792,1,14,-20.317586,-19.628854,0.475618,0.026355,0.000000,0.000000,0.500000,1
106.189168,1763959914.834488,1763959792,1,14,-20.317586,-20.317586,0.475618,0.026355,0.000000,0.000000,0.500000,1
106.191168,1763959914.834488,1763959792,1,14,-20.317586,-18.595757,0.475618,0.026355,0.000000,0.000000,0.500000,1
106.193173,1763959914.834488,1763959792,1,14,-19.973220,-20.317586,0.475618,0.026355,0.000000,0.000000,0.500000,1
106.195167,1763959914.834488,1763959792,1,14,-19.973220,-19.628854,0.475618,0.026355,0.000000,0.000000,0.500000,1
106.197173,1763959914.834488,1763959792,1,14,-19.973220,-19.628854,0.475618,0.026355,0.000000,0.000000,0.500000,1
106.199177,1763959914.834488,1763959792,1,14,-20.317586,-19.628854,0.475618,0.026355,0.000000,0.000000,0.500000,1
106.201175,1763959914.834488,1763959792,1,14,-20.317586,-18.940123,0.475618,0.026355,0.000000,0.000000,0.500000,1
106.203176,1763959914.834488,1763959792,1,14,-19.973220,-20.317586,0.475618,0.026355,0.000000,0.000000,0.500000,1
106.205184,1763959914.834488,1763959792,1,14,-20.317586,-18.940123,0.475618,0.026355,0.000000,0.000000,0.500000,1
106.207185,1763959914.834488,1763959792,1,14,-19.973220,-19.628854,0.475618,0.026355,0.000000,0.000000,0.500000,1
106.209185,1763959914.834488,1763959792,1,14,-20.317586,-18.940123,0.475618,0.026355,0.000000,0.000000,0.500000,1
106.211192,1763959914.834488,1763959792,1,14,-20.317586,-18.595757,0.475618,0.026355,0.000000,0.000000,0.500000,1
106.213205,1763959914.834488,1763959792,1,14,-20.317586,-20.317586,0.475618,0.026355,0.000000,0.000000,0.500000,1
106.215193,1763959914.834488,1763959792,1,14,-19.973220,-18.595757,0.475618,0.026355,0.000000,0.000000,0.500000,1
106.217198,1763959914.834488,1763959792,1,14,-19.973220,-19.628854,0.475618,0.026355,0.000000,0.000000,0.500000,1
106.219199,1763959914.834488,1763959792,1,14,-20.317586,-19.628854,0.475618,0.026355,0.000000,0.000000,0.500000,1
106.221202,1763959914.834488,1763959792,1,14,-20.317586,-19.628854,0.475618,0.026355,0.000000,0.000000,0.500000,1
106.223203,1763959914.834488,1763959792,1,14,-20.317586,-19.628854,0.475618,0.026355,0.000000,0.000000,0.500000,1
106.225214,1763959914.834488,1763959792,1,14,-20.317586,-19.628854,0.475618,0.026355,0.000000,0.000000,0.500000,1
106.227192,1763959914.834488,1763959792,1,14,-20.317586,-18.940123,0.475618,0.026355,0.000000,0.000000,0.500000,1
106.229213,1763959914.834488,1763959792,1,14,-19.973220,-19.628854,0.475618,0.026355,0.000000,0.000000,0.500000,1
106.231214,1763959914.834488,1763959792,1,14,-20.317586,-19.628854,0.475618,0.026355,0.000000,0.000000,0.500000,1
106.233214,1763959914.834488,1763959792,1,14,-19.973220,-18.940123,0.475618,0.026355,0.000000,0.000000,0.500000,1
106.235216,1763959914.834488,1763959792,1,14,-20.317586,-20.317586,0.475618,0.026355,0.000000,0.000000,0.500000,1
106.237216,1763959914.834488,1763959792,1,14,-20.317586,-19.628854,0.475618,0.026355,0.000000,0.000000,0.500000,1
106.239236,1763959914.834488,1763959792,1,14,-20.317586,-19.628854,0.475618,0.026355,0.000000,0.000000,0.500000,1
106.241231,1763959914.834488,1763959792,1,14,-20.317586,-20.317586,0.475618,0.026355,0.000000,0.000000,0.500000,1
106.243237,1763959914.834488,1763959792,1,14,-19.973220,-18.940123,0.475618,0.026355,0.000000,0.000000,0.500000,1
106.245252,1763959914.834488,1763959792,1,14,-19.973220,-19.628854,0.475618,0.026355,0.000000,0.000000,0.500000,1
106.247269,1763959914.834488,1763959792,1,14,-20.317586,-19.628854,0.475618,0.026355,0.000000,0.000000,0.500000,1
106.249288,1763959914.834488,1763959792,1,14,-20.317586,-18.940123,0.475618,0.026355,0.000000,0.000000,0.500000,1
106.251282,1763959914.834488,1763959792,1,14,-20.317586,-18.940123,0.475618,0.026355,0.000000,0.000000,0.500000,1
106.253310,1763959914.834488,1763959792,1,14,-20.317586,-18.940123,0.475618,0.026355,0.000000,0.000000,0.500000,1
106.255318,1763959914.834488,1763959792,1,14,-20.317586,-19.628854,0.475618,0.026355,0.000000,0.000000,0.500000,1
106.257321,1763959914.834488,1763959792,1,14,-19.973220,-19.628854,0.475618,0.026355,0.000000,0.000000,0.500000,1
106.259323,1763959914.834488,1763959792,1,14,-20.317586,-19.628854,0.475618,0.026355,0.000000,0.000000,0.500000,1
106.261218,1763959914.834488,1763959792,1,14,-20.317586,-19.628854,0.475618,0.026355,0.000000,0.000000,0.500000,1
106.263323,1763959914.834488,1763959792,1,14,-20.317586,-19.628854,0.475618,0.026355,0.000000,0.000000,0.500000,1
106.265360,1763959914.834488,1763959792,1,14,-19.973220,-19.628854,0.475618,0.026355,0.000000,0.000000,0.500000,1
106.267222,1763959914.834488,1763959792,1,14,-19.973220,-19.628854,0.475618,0.026355,0.000000,0.000000,0.500000,1
106.269329,1763959914.834488,1763959792,1,14,-20.317586,-19.628854,0.475618,0.026355,0.000000,0.000000,0.500000,1
106.271329,1763959914.834488,1763959792,1,14,-20.317586,-18.940123,0.475618,0.026355,0.000000,0.000000,0.500000,1
106.273333,1763959914.834488,1763959792,1,14,-19.973220,-18.940123,0.475618,0.026355,0.000000,0.000000,0.500000,1
106.275311,1763959914.834488,1763959792,1,14,-21.006318,-20.317586,0.475618,0.026355,0.000000,0.000000,0.500000,1
106.277312,1763959914.834488,1763959792,1,14,-20.317586,-19.628854,0.475618,0.026355,0.000000,0.000000,0.500000,1
106.279314,1763959914.834488,1763959792,1,14,-20.317586,-19.628854,0.475618,0.026355,0.000000,0.000000,0.500000,1
106.281317,1763959914.834488,1763959792,1,14,-20.317586,-18.595757,0.475618,0.026355,0.000000,0.000000,0.500000,1
106.283316,1763959914.834488,1763959792,1,14,-20.317586,-19.628854,0.475618,0.026355,0.000000,0.000000,0.500000,1
