time,sys_time,session_id,mode,trial,fx,fy,pos_x,pos_y,vel_x,vel_y,prob_left,preload_flag
6.962252,1763940222.137472,1763940205,1,1,0.000000,0.000000,0.450879,0.000220,0.000000,0.000000,0.500000,0
6.964253,1763940222.137472,1763940205,1,1,0.000000,0.000000,0.450879,0.000220,0.000000,0.000000,0.500000,0
6.966253,1763940222.137472,1763940205,1,1,0.000000,0.000000,0.450879,0.000220,0.000000,0.000000,0.500000,0
6.968276,1763940222.137472,1763940205,1,1,0.344366,0.000000,0.450879,0.000220,0.000000,0.000000,0.500000,0
6.970255,1763940222.137472,1763940205,1,1,0.000000,0.000000,0.450879,0.000220,0.000000,0.000000,0.500000,0
6.972255,1763940222.137472,1763940205,1,1,0.000000,0.000000,0.450879,0.000220,0.000000,0.000000,0.500000,0
6.974256,1763940222.137472,1763940205,1,1,0.000000,0.688732,0.450879,0.000220,0.000000,0.000000,0.500000,0
6.976258,1763940222.137472,1763940205,1,1,0.000000,0.000000,0.450879,0.000220,0.000000,0.000000,0.500000,0
6.978279,1763940222.137472,1763940205,1,1,0.000000,0.688732,0.450879,0.000220,0.000000,0.000000,0.500000,0
6.980225,1763940222.137472,1763940205,1,1,0.344366,0.000000,0.450879,0.000220,0.000000,0.000000,0.500000,0
6.982209,1763940222.137472,1763940205,1,1,0.000000,0.000000,0.450879,0.000220,0.000000,0.000000,0.500000,0
6.984192,1763940222.137472,1763940205,1,1,0.000000,0.000000,0.450879,0.000220,0.000000,0.000000,0.500000,0
6.986185,1763940222.137472,1763940205,1,1,0.000000,0.000000,0.450879,0.000220,0.000000,0.000000,0.500000,0
6.988169,1763940222.137472,1763940205,1,1,0.000000,0.000000,0.450879,0.000220,0.000000,0.000000,0.500000,0
6.990178,1763940222.137472,1763940205,1,1,0.000000,0.000000,0.450879,0.000220,0.000000,0.000000,0.500000,0
6.992178,1763940222.137472,1763940205,1,1,0.344366,0.000000,0.450879,0.000220,0.000000,0.000000,0.500000,0
6.994174,1763940222.137472,1763940205,1,1,0.000000,0.000000,0.450879,0.000220,0.000000,0.000000,0.500000,0
6.996187,1763940222.137472,1763940205,1,1,0.000000,0.000000,0.450879,0.000220,0.000000,0.000000,0.500000,0
6.998191,1763940222.137472,1763940205,1,1,0.000000,0.000000,0.450879,0.000220,0.000000,0.000000,0.500000,0
7.000195,1763940222.137472,1763940205,1,1,0.000000,0.000000,0.450879,0.000220,0.000000,0.000000,0.500000,0
7.002203,1763940222.137472,1763940205,1,1,0.000000,0.000000,0.450879,0.000220,0.000000,0.000000,0.500000,0
7.004208,1763940222.137472,1763940205,1,1,0.000000,0.000000,0.450879,0.000220,0.000000,0.000000,0.500000,0
7.006214,1763940222.137472,1763940205,1,1,0.000000,0.000000,0.450879,0.000220,0.000000,0.000000,0.500000,0
7.008223,1763940222.137472,1763940205,1,1,0.000000,0.000000,0.450879,0.000220,0.000000,0.000000,0.500000,0
7.010229,1763940222.137472,1763940205,1,1,0.000000,0.000000,0.450879,0.000220,0.000000,0.000000,0.500000,0
7.012235,1763940222.137472,1763940205,1,1,0.000000,0.000000,0.450879,0.000220,0.000000,0.000000,0.500000,0
7.014236,1763940222.137472,1763940205,1,1,0.344366,0.000000,0.450879,0.000220,0.000000,0.000000,0.500000,0
7.016236,1763940222.137472,1763940205,1,1,0.000000,0.000000,0.450879,0.000220,0.000000,0.000000,0.500000,0
7.018237,1763940222.137472,1763940205,1,1,0.000000,1.377463,0.450879,0.000220,0.000000,0.000000,0.500000,0
7.020260,1763940222.137472,1763940205,1,1,0.000000,0.000000,0.450879,0.000220,0.000000,0.000000,0.500000,0
7.022246,1763940222.137472,1763940205,1,1,0.344366,0.000000,0.450879,0.000220,0.000000,0.000000,0.500000,0
7.024245,1763940222.137472,1763940205,1,1,0.000000,1.377463,0.450879,0.000220,0.000000,0.000000,0.500000,0
7.026246,1763940222.137472,1763940205,1,1,0.000000,0.000000,0.450879,0.000220,0.000000,0.000000,0.500000,0
7.028246,1763940222.137472,1763940205,1,1,0.344366,0.000000,0.450879,0.000220,0.000000,0.000000,0.500000,0
7.030258,1763940222.137472,1763940205,1,1,0.000000,0.000000,0.450879,0.000220,0.000000,0.000000,0.500000,0
7.032257,1763940222.137472,1763940205,1,1,0.000000,0.000000,0.450879,0.000220,0.000000,0.000000,0.500000,0
7.034258,1763940222.137472,1763940205,1,1,0.000000,0.000000,0.450879,0.000220,0.000000,0.000000,0.500000,0
7.036258,1763940222.137472,1763940205,1,1,0.000000,0.000000,0.450879,0.000220,0.000000,0.000000,0.500000,0
7.038259,1763940222.137472,1763940205,1,1,0.344366,0.000000,0.450879,0.000220,0.000000,0.000000,0.500000,0
7.040260,1763940222.137472,1763940205,1,1,0.000000,0.000000,0.450879,0.000220,0.000000,0.000000,0.500000,0
7.042260,1763940222.137472,1763940205,1,1,0.000000,0.000000,0.450879,0.000220,0.000000,0.000000,0.500000,0
7.044261,1763940222.137472,1763940205,1,1,0.344366,0.000000,0.450879,0.000220,0.000000,0.000000,0.500000,0
7.046296,1763940222.137472,1763940205,1,1,0.000000,1.377463,0.450879,0.000220,0.000000,0.000000,0.500000,0
7.048274,1763940222.137472,1763940205,1,1,0.000000,0.000000,0.450879,0.000220,0.000000,0.000000,0.500000,0
7.050270,1763940222.137472,1763940205,1,1,0.000000,0.000000,0.450879,0.000220,0.000000,0.000000,0.500000,0
7.052275,1763940222.137472,1763940205,1,1,0.000000,0.000000,0.450879,0.000220,0.000000,0.000000,0.500000,0
7.054275,1763940222.137472,1763940205,1,1,0.000000,0.000000,0.450879,0.000220,0.000000,0.000000,0.500000,0
7.056277,1763940222.137472,1763940205,1,1,0.000000,0.000000,0.450879,0.000220,0.000000,0.000000,0.500000,0
7.058277,1763940222.137472,1763940205,1,1,0.344366,1.377463,0.450879,0.000220,0.000000,0.000000,0.500000,0
7.060278,1763940222.137472,1763940205,1,1,0.000000,0.000000,0.450879,0.000220,0.000000,0.000000,0.500000,0
7.062279,1763940222.137472,1763940205,1,1,-0.344366,1.377463,0.450879,0.000220,0.000000,0.000000,0.500000,0
7.064280,1763940222.137472,1763940205,1,1,0.000000,0.000000,0.450879,0.000220,0.000000,0.000000,0.500000,0
7.066281,1763940222.137472,1763940205,1,1,0.000000,0.000000,0.450879,0.000220,0.000000,0.000000,0.500000,0
7.068281,1763940222.137472,1763940205,1,1,0.344366,0.000000,0.450879,0.000220,0.000000,0.000000,0.500000,0
7.070281,1763940222.137472,1763940205,1,1,0.000000,0.000000,0.450879,0.000220,0.000000,0.000000,0.500000,0
7.072304,1763940222.137472,1763940205,1,1,0.000000,0.000000,0.450879,0.000220,0.000000,0.000000,0.500000,0
7.074284,1763940222.137472,1763940205,1,1,0.000000,0.000000,0.450879,0.000220,0.000000,0.000000,0.500000,0
7.076284,1763940222.137472,1763940205,1,1,0.000000,0.688732,0.450879,0.000220,0.000000,0.000000,0.500000,0
7.078284,1763940222.137472,1763940205,1,1,0.000000,0.000000,0.450879,0.000220,0.000000,0.000000,0.500000,0
7.080285,1763940222.137472,1763940205,1,1,0.000000,0.000000,0.450879,0.000220,0.000000,0.000000,0.500000,0
7.082248,1763940222.137472,1763940205,1,1,0.000000,0.000000,0.450879,0.000220,0.000000,0.000000,0.500000,0
7.084274,1763940222.137472,1763940205,1,1,0.344366,1.377463,0.450879,0.000220,0.000000,0.000000,0.500000,0
7.086275,1763940222.137472,1763940205,1,1,0.000000,1.377463,0.450879,0.000220,0.000000,0.000000,0.500000,0
7.088276,1763940222.137472,1763940205,1,1,-0.344366,0.000000,0.450879,0.000220,0.000000,0.000000,0.500000,0
7.090277,1763940222.137472,1763940205,1,1,0.000000,0.000000,0.450879,0.000220,0.000000,0.000000,0.500000,0
7.092277,1763940222.137472,1763940205,1,1,0.000000,0.000000,0.450879,0.000220,0.000000,0.000000,0.500000,0
7.094289,1763940222.137472,1763940205,1,1,0.000000,0.000000,0.450879,0.000220,0.000000,0.000000,0.500000,0
7.096290,1763940222.137472,1763940205,1,1,0.000000,0.000000,0.450879,0.000220,0.000000,0.000000,0.500000,0
7.098313,1763940222.137472,1763940205,1,1,0.000000,0.000000,0.450879,0.000220,0.000000,0.000000,0.500000,0
7.100292,1763940222.137472,1763940205,1,1,0.000000,0.000000,0.450879,0.000220,0.000000,0.000000,0.500000,0
7.102293,1763940222.137472,1763940205,1,1,0.000000,0.000000,0.450879,0.000220,0.000000,0.000000,0.500000,0
7.104293,1763940222.137472,1763940205,1,1,0.000000,0.000000,0.450879,0.000220,0.000000,0.000000,0.500000,0
7.106294,1763940222.137472,1763940205,1,1,0.000000,0.000000,0.450879,0.000220,0.000000,0.000000,0.500000,0
7.108294,1763940222.137472,1763940205,1,1,0.000000,0.000000,0.450879,0.000220,0.000000,0.000000,0.500000,0
7.110295,1763940222.137472,1763940205,1,1,-0.344366,0.000000,0.450879,0.000220,0.000000,0.000000,0.500000,0
7.112296,1763940222.137472,1763940205,1,1,0.344366,0.000000,0.450879,0.000220,0.000000,0.000000,0.500000,0
7.114296,1763940222.137472,1763940205,1,1,0.000000,0.000000,0.450879,0.000220,0.000000,0.000000,0.500000,0
7.116297,1763940222.137472,1763940205,1,1,0.000000,0.000000,0.450879,0.000220,0.000000,0.000000,0.500000,0
7.118298,1763940222.137472,1763940205,1,1,0.000000,0.000000,0.450879,0.000220,0.000000,0.000000,0.500000,0
7.120298,1763940222.137472,1763940205,1,1,0.000000,0.000000,0.450879,0.000220,0.000000,0.000000,0.500000,0
7.122300,1763940222.137472,1763940205,1,1,0.000000,0.000000,0.450879,0.000220,0.000000,0.000000,0.500000,0
7.124340,1763940222.137472,1763940205,1,1,0.000000,0.000000,0.450879,0.000220,0.000000,0.000000,0.500000,0
7.126300,1763940222.137472,1763940205,1,1,0.000000,0.000000,0.450879,0.000220,0.000000,0.000000,0.500000,0
7.128317,1763940222.137472,1763940205,1,1,0.000000,0.000000,0.450879,0.000220,0.000000,0.000000,0.500000,0
7.130302,1763940222.137472,1763940205,1,1,0.000000,0.000000,0.450879,0.000220,0.000000,0.000000,0.500000,0
7.132319,1763940222.137472,1763940205,1,1,0.000000,1.377463,0.450879,0.000220,0.000000,0.000000,0.500000,0
7.134319,1763940222.137472,1763940205,1,1,0.000000,0.000000,0.450879,0.000220,0.000000,0.000000,0.500000,0
7.136321,1763940222.137472,1763940205,1,1,0.344366,0.000000,0.450879,0.000220,0.000000,0.000000,0.500000,0
7.138305,1763940222.137472,1763940205,1,1,0.000000,0.000000,0.450879,0.000220,0.000000,0.000000,0.500000,0
7.140322,1763940222.137472,1763940205,1,1,0.000000,0.000000,0.450879,0.000220,0.000000,0.000000,0.500000,0
7.142313,1763940222.137472,1763940205,1,1,0.000000,0.000000,0.450879,0.000220,0.000000,0.000000,0.500000,0
7.144322,1763940222.137472,1763940205,1,1,0.000000,1.377463,0.450879,0.000220,0.000000,0.000000,0.500000,0
7.146324,1763940222.137472,1763940205,1,1,0.000000,-0.344366,0.450879,0.000220,0.000000,0.000000,0.500000,0
7.148324,1763940222.137472,1763940205,1,1,0.000000,0.000000,0.450879,0.000220,0.000000,0.000000,0.500000,0
7.150351,1763940222.137472,1763940205,1,1,0.000000,0.000000,0.450879,0.000220,0.000000,0.000000,0.500000,0
7.152326,1763940222.137472,1763940205,1,1,0.000000,1.377463,0.450879,0.000220,0.000000,0.000000,0.500000,0
7.154327,1763940222.137472,1763940205,1,1,0.000000,0.000000,0.450879,0.000220,0.000000,0.000000,0.500000,0
7.156328,1763940222.137472,1763940205,1,1,0.000000,0.000000,0.450879,0.000220,0.000000,0.000000,0.500000,0
7.158329,1763940222.137472,1763940205,1,1,0.000000,0.000000,0.450879,0.000220,0.000000,0.000000,0.500000,0
7.160330,1763940222.137472,1763940205,1,1,0.000000,0.000000,0.450879,0.000220,0.000000,0.000000,0.500000,0
14.505299,1763940229.680459,1763940205,1,2,0.344366,0.000000,0.450811,0.001518,0.000000,0.000000,0.500000,0
14.507300,1763940229.680459,1763940205,1,2,0.000000,0.000000,0.450811,0.001518,0.000000,0.000000,0.500000,0
14.509300,1763940229.680459,1763940205,1,2,0.000000,0.000000,0.450811,0.001518,0.000000,0.000000,0.500000,0
14.511322,1763940229.680459,1763940205,1,2,0.000000,-0.344366,0.450811,0.001518,0.000000,0.000000,0.500000,0
14.513302,1763940229.680459,1763940205,1,2,0.000000,0.000000,0.450811,0.001514,0.000000,-0.000907,0.500000,0
14.515302,1763940229.680459,1763940205,1,2,0.000000,0.000000,0.450811,0.001514,0.000000,-0.000946,0.500000,0
14.517303,1763940229.680459,1763940205,1,2,0.000000,0.000000,0.450811,0.001514,0.000000,-0.000039,0.500000,0
14.519304,1763940229.680459,1763940205,1,2,0.000000,0.000000,0.450811,0.001518,0.000000,0.000935,0.500000,0
14.521304,1763940229.680459,1763940205,1,2,-0.344366,0.000000,0.450811,0.001518,0.000000,0.000946,0.500000,0
14.523306,1763940229.680459,1763940205,1,2,0.000000,0.000000,0.450811,0.001514,0.000000,-0.000924,0.500000,0
14.525306,1763940229.680459,1763940205,1,2,0.000000,0.000000,0.450811,0.001514,0.000000,-0.000946,0.500000,0
14.527307,1763940229.680459,1763940205,1,2,0.344366,0.000000,0.450811,0.001514,0.000000,-0.000011,0.500000,0
14.529308,1763940229.680459,1763940205,1,2,0.000000,0.000000,0.450811,0.001514,0.000000,0.000000,0.500000,0
14.531308,1763940229.680459,1763940205,1,2,0.000000,0.000000,0.450811,0.001518,0.000000,0.000806,0.500000,0
14.533309,1763940229.680459,1763940205,1,2,0.000000,0.000000,0.450811,0.001514,0.000000,0.000073,0.500000,0
14.535309,1763940229.680459,1763940205,1,2,0.000000,0.000000,0.450811,0.001514,0.000000,-0.000806,0.500000,0
14.537333,1763940229.680459,1763940205,1,2,0.344366,0.000000,0.450811,0.001514,0.000000,-0.000073,0.500000,0
14.539311,1763940229.680459,1763940205,1,2,0.000000,0.000000,0.450811,0.001514,0.000000,-0.000000,0.500000,0
14.541310,1763940229.680459,1763940205,1,2,0.000000,0.000000,0.450811,0.001518,0.000000,0.000935,0.500000,0
14.543312,1763940229.680459,1763940205,1,2,0.000000,0.000000,0.450811,0.001518,0.000000,0.000264,0.500000,0
14.545313,1763940229.680459,1763940205,1,2,0.344366,0.000000,0.450811,0.001514,0.000000,-0.000934,0.500000,0
14.547313,1763940229.680459,1763940205,1,2,0.000000,0.000000,0.450811,0.001514,0.000000,-0.000265,0.500000,0
14.549315,1763940229.680459,1763940205,1,2,0.000000,-0.688732,0.450811,0.001514,0.000000,-0.000002,0.500000,0
14.551315,1763940229.680459,1763940205,1,2,0.000000,0.000000,0.450811,0.001514,0.000000,0.000000,0.500000,0
14.553316,1763940229.680459,1763940205,1,2,0.000000,0.000000,0.450811,0.001518,0.000000,0.000925,0.500000,0
14.555316,1763940229.680459,1763940205,1,2,0.000000,-0.344366,0.450811,0.001518,0.000000,0.000946,0.500000,0
14.557317,1763940229.680459,1763940205,1,2,0.000000,-0.344366,0.450811,0.001518,0.000000,-0.000661,0.500000,0
14.559318,1763940229.680459,1763940205,1,2,0.000000,0.000000,0.450811,0.001514,0.000000,-0.000945,0.500000,0
14.561334,1763940229.680459,1763940205,1,2,0.000000,0.000000,0.450811,0.001514,0.000000,-0.000265,0.500000,0
14.563350,1763940229.680459,1763940205,1,2,0.344366,0.000000,0.450811,0.001518,0.000000,0.000939,0.500000,0
14.565259,1763940229.680459,1763940205,1,2,0.344366,0.000000,0.450811,0.001518,0.000000,0.000946,0.500000,0
14.567321,1763940229.680459,1763940205,1,2,0.000000,0.000000,0.450811,0.001514,0.000000,-0.000801,0.500000,0
14.569337,1763940229.680459,1763940205,1,2,0.000000,0.000000,0.450811,0.001514,0.000000,-0.000945,0.500000,0
14.571339,1763940229.680459,1763940205,1,2,0.000000,0.000000,0.450811,0.001518,0.000000,0.000666,0.500000,0
14.573338,1763940229.680459,1763940205,1,2,0.000000,0.000000,0.450811,0.001518,0.000000,0.000945,0.500000,0
14.575340,1763940229.680459,1763940205,1,2,0.344366,0.000000,0.450811,0.001518,0.000000,0.000140,0.500000,0
14.577340,1763940229.680459,1763940205,1,2,0.000000,0.000000,0.450811,0.001518,0.000000,0.000001,0.500000,0
14.579340,1763940229.680459,1763940205,1,2,0.344366,0.000000,0.450811,0.001518,0.000000,0.000000,0.500000,0
14.581324,1763940229.680459,1763940205,1,2,0.000000,0.000000,0.450811,0.001518,0.000000,0.000000,0.500000,0
14.583327,1763940229.680459,1763940205,1,2,0.344366,0.000000,0.450811,0.001518,0.000000,0.000000,0.500000,0
14.585327,1763940229.680459,1763940205,1,2,0.344366,0.000000,0.450811,0.001518,0.000000,0.000000,0.500000,0
14.587328,1763940229.680459,1763940205,1,2,0.000000,-0.344366,0.450811,0.001518,0.000000,0.000000,0.500000,0
14.589352,1763940229.680459,1763940205,1,2,0.000000,0.000000,0.450811,0.001518,0.000000,0.000000,0.500000,0
14.591330,1763940229.680459,1763940205,1,2,0.000000,0.000000,0.450811,0.001518,0.000000,0.000000,0.500000,0
14.593276,1763940229.680459,1763940205,1,2,0.344366,0.000000,0.450811,0.001518,0.000000,0.000000,0.500000,0
14.595331,1763940229.680459,1763940205,1,2,0.000000,0.000000,0.450811,0.001518,0.000000,0.000000,0.500000,0
14.597332,1763940229.680459,1763940205,1,2,0.000000,0.000000,0.450811,0.001518,0.000000,0.000000,0.500000,0
14.599333,1763940229.680459,1763940205,1,2,0.000000,0.000000,0.450811,0.001518,0.000000,0.000000,0.500000,0
14.601332,1763940229.680459,1763940205,1,2,0.000000,0.000000,0.450811,0.001518,0.000000,0.000000,0.500000,0
14.603333,1763940229.680459,1763940205,1,2,0.000000,-0.344366,0.450811,0.001518,0.000000,0.000000,0.500000,0
14.605334,1763940229.680459,1763940205,1,2,0.344366,0.000000,0.450811,0.001518,0.000000,0.000000,0.500000,0
14.607334,1763940229.680459,1763940205,1,2,0.344366,0.000000,0.450811,0.001518,0.000000,0.000000,0.500000,0
14.609335,1763940229.680459,1763940205,1,2,0.000000,0.000000,0.450811,0.001518,0.000000,0.000000,0.500000,0
14.611336,1763940229.680459,1763940205,1,2,0.000000,0.000000,0.450811,0.001518,0.000000,0.000000,0.500000,0
14.613337,1763940229.680459,1763940205,1,2,0.000000,0.000000,0.450811,0.001518,0.000000,0.000000,0.500000,0
14.615359,1763940229.680459,1763940205,1,2,0.000000,0.000000,0.450811,0.001518,0.000000,0.000000,0.500000,0
14.617341,1763940229.680459,1763940205,1,2,0.000000,0.000000,0.450811,0.001518,0.000000,0.000000,0.500000,0
14.619339,1763940229.680459,1763940205,1,2,0.000000,-0.344366,0.450811,0.001518,0.000000,0.000000,0.500000,0
14.621340,1763940229.680459,1763940205,1,2,0.000000,-0.344366,0.450811,0.001518,0.000000,-0.000682,0.500000,0
14.623341,1763940229.680459,1763940205,1,2,0.000000,0.000000,0.450811,0.001514,0.000000,-0.000945,0.500000,0
14.625341,1763940229.680459,1763940205,1,2,0.000000,0.000000,0.450811,0.001514,0.000000,-0.000265,0.500000,0
14.627342,1763940229.680459,1763940205,1,2,0.000000,0.000000,0.450811,0.001514,0.000000,0.000000,0.500000,0
14.629358,1763940229.680459,1763940205,1,2,0.000000,0.000000,0.450811,0.001518,0.000000,0.000806,0.500000,0
14.631343,1763940229.680459,1763940205,1,2,0.344366,0.000000,0.450811,0.001518,0.000000,0.000945,0.500000,0
14.633345,1763940229.680459,1763940205,1,2,0.000000,-0.344366,0.450811,0.001518,0.000000,0.000140,0.500000,0
14.635345,1763940229.680459,1763940205,1,2,0.000000,0.000000,0.450811,0.001514,0.000000,-0.000946,0.500000,0
14.637333,1763940229.680459,1763940205,1,2,0.000000,0.000000,0.450811,0.001514,0.000000,-0.000946,0.500000,0
14.639347,1763940229.680459,1763940205,1,2,0.000000,0.000000,0.450811,0.001514,0.000000,0.000440,0.500000,0
14.641370,1763940229.680459,1763940205,1,2,0.000000,0.000000,0.450811,0.001518,0.000000,0.000943,0.500000,0
14.643294,1763940229.680459,1763940205,1,2,0.000000,0.000000,0.450811,0.001514,0.000000,-0.000868,0.500000,0
14.645336,1763940229.680459,1763940205,1,2,0.344366,0.000000,0.450811,0.001514,0.000000,-0.000940,0.500000,0
14.647337,1763940229.680459,1763940205,1,2,0.344366,0.000000,0.450811,0.001514,0.000000,-0.000500,0.500000,0
14.649339,1763940229.680459,1763940205,1,2,0.000000,-0.344366,0.450811,0.001514,0.000000,-0.000000,0.500000,0
14.651338,1763940229.680459,1763940205,1,2,0.000000,0.000000,0.450811,0.001514,0.000000,0.000682,0.500000,0
14.653339,1763940229.680459,1763940205,1,2,0.000000,0.000000,0.450811,0.001518,0.000000,0.000946,0.500000,0
14.655339,1763940229.680459,1763940205,1,2,0.344366,0.000000,0.450811,0.001518,0.000000,0.000021,0.500000,0
14.657340,1763940229.680459,1763940205,1,2,0.000000,0.000000,0.450811,0.001514,0.000000,-0.000935,0.500000,0
14.659352,1763940229.680459,1763940205,1,2,-0.344366,0.000000,0.450811,0.001514,0.000000,-0.000945,0.500000,0
14.661353,1763940229.680459,1763940205,1,2,0.000000,0.000000,0.450811,0.001514,0.000000,-0.000140,0.500000,0
14.663354,1763940229.680459,1763940205,1,2,0.000000,0.000000,0.450811,0.001518,0.000000,0.000940,0.500000,0
14.665354,1763940229.680459,1763940205,1,2,0.344366,0.000000,0.450811,0.001518,0.000000,0.000074,0.500000,0
14.667378,1763940229.680459,1763940205,1,2,0.344366,0.000000,0.450811,0.001514,0.000000,-0.000935,0.500000,0
14.669356,1763940229.680459,1763940205,1,2,-0.344366,0.000000,0.450811,0.001514,0.000000,-0.000946,0.500000,0
14.671357,1763940229.680459,1763940205,1,2,0.000000,0.000000,0.450811,0.001518,0.000000,0.000861,0.500000,0
14.673357,1763940229.680459,1763940205,1,2,0.344366,0.000000,0.450811,0.001518,0.000000,0.000946,0.500000,0
14.675358,1763940229.680459,1763940205,1,2,0.344366,-0.344366,0.450811,0.001518,0.000000,0.000074,0.500000,0
14.677359,1763940229.680459,1763940205,1,2,0.000000,0.000000,0.450811,0.001518,0.000000,0.000000,0.500000,0
14.679360,1763940229.680459,1763940205,1,2,0.000000,0.000000,0.450811,0.001518,0.000000,0.000000,0.500000,0
14.681359,1763940229.680459,1763940205,1,2,0.000000,0.000000,0.450811,0.001518,0.000000,0.000000,0.500000,0
14.683360,1763940229.680459,1763940205,1,2,0.000000,0.000000,0.450811,0.001518,0.000000,0.000000,0.500000,0
14.685361,1763940229.680459,1763940205,1,2,0.000000,0.000000,0.450811,0.001518,0.000000,0.000000,0.500000,0
14.687362,1763940229.680459,1763940205,1,2,0.344366,0.000000,0.450811,0.001518,0.000000,0.000000,0.500000,0
14.689380,1763940229.680459,1763940205,1,2,0.000000,0.000000,0.450811,0.001518,0.000000,0.000000,0.500000,0
14.691363,1763940229.680459,1763940205,1,2,0.000000,0.000000,0.450811,0.001518,0.000000,0.000000,0.500000,0
14.693385,1763940229.680459,1763940205,1,2,0.000000,0.000000,0.450811,0.001518,0.000000,0.000000,0.500000,0
14.695380,1763940229.680459,1763940205,1,2,0.000000,-0.344366,0.450811,0.001518,0.000000,0.000000,0.500000,0
14.697364,1763940229.680459,1763940205,1,2,0.000000,0.000000,0.450811,0.001518,0.000000,0.000000,0.500000,0
14.699366,1763940229.680459,1763940205,1,2,0.000000,0.000000,0.450811,0.001518,0.000000,0.000000,0.500000,0
14.701367,1763940229.680459,1763940205,1,2,0.000000,0.000000,0.450811,0.001518,0.000000,0.000000,0.500000,0
14.703368,1763940229.680459,1763940205,1,2,0.000000,0.000000,0.450811,0.001518,0.000000,0.000000,0.500000,0
22.038463,1763940237.213598,1763940205,1,3,0.000000,0.000000,0.450743,0.001544,0.000000,-0.000872,0.500000,0
22.040406,1763940237.213598,1763940205,1,3,0.000000,0.000000,0.450743,0.001544,0.000000,-0.000946,0.500000,0
22.042406,1763940237.213598,1763940205,1,3,0.344366,0.000000,0.450743,0.001544,0.000000,-0.000039,0.500000,0
22.044429,1763940237.213598,1763940205,1,3,-0.344366,0.000000,0.450743,0.001548,0.000000,0.000925,0.500000,0
22.046413,1763940237.213598,1763940205,1,3,0.000000,0.000000,0.450743,0.001548,0.000000,0.000946,0.500000,0
22.048344,1763940237.213598,1763940205,1,3,0.344366,-0.344366,0.450743,0.001548,0.000000,-0.000425,0.500000,0
22.050345,1763940237.213598,1763940205,1,3,0.344366,0.000000,0.450743,0.001544,0.000000,-0.000940,0.500000,0
22.052345,1763940237.213598,1763940205,1,3,0.000000,0.000000,0.450743,0.001544,0.000000,-0.000946,0.500000,0
22.054350,1763940237.213598,1763940205,1,3,0.000000,0.000000,0.450743,0.001544,0.000000,0.000803,0.500000,0
22.056351,1763940237.213598,1763940205,1,3,0.344366,0.000000,0.450743,0.001548,0.000000,0.000944,0.500000,0
22.058391,1763940237.213598,1763940205,1,3,0.000000,0.000000,0.450743,0.001548,0.000000,0.000264,0.500000,0
22.060417,1763940237.213598,1763940205,1,3,0.000000,0.000000,0.450743,0.001548,0.000000,0.000001,0.500000,0
22.062394,1763940237.213598,1763940205,1,3,0.000000,0.000000,0.450743,0.001548,0.000000,0.000000,0.500000,0
22.064407,1763940237.213598,1763940205,1,3,0.344366,0.000000,0.450743,0.001548,0.000000,0.000000,0.500000,0
22.066397,1763940237.213598,1763940205,1,3,0.000000,0.000000,0.450743,0.001544,0.000000,-0.000935,0.500000,0
22.068393,1763940237.213598,1763940205,1,3,0.344366,0.000000,0.450743,0.001544,0.000000,-0.000946,0.500000,0
22.070392,1763940237.213598,1763940205,1,3,0.000000,0.000000,0.450743,0.001544,0.000000,-0.000006,0.500000,0
22.072391,1763940237.213598,1763940205,1,3,0.000000,0.000000,0.450743,0.001544,0.000000,0.000000,0.500000,0
22.074386,1763940237.213598,1763940205,1,3,0.000000,0.000000,0.450743,0.001544,0.000000,0.000000,0.500000,0
22.076382,1763940237.213598,1763940205,1,3,0.000000,0.000000,0.450743,0.001544,0.000000,0.000000,0.500000,0
22.078379,1763940237.213598,1763940205,1,3,0.000000,0.000000,0.450743,0.001544,0.000000,0.000806,0.500000,0
22.080390,1763940237.213598,1763940205,1,3,0.000000,0.000000,0.450743,0.001548,0.000000,0.000944,0.500000,0
22.082376,1763940237.213598,1763940205,1,3,0.000000,0.000000,0.450743,0.001548,0.000000,0.000264,0.500000,0
22.084370,1763940237.213598,1763940205,1,3,0.000000,0.000000,0.450743,0.001544,0.000000,-0.000940,0.500000,0
22.086350,1763940237.213598,1763940205,1,3,0.000000,0.000000,0.450743,0.001544,0.000000,-0.000946,0.500000,0
22.088380,1763940237.213598,1763940205,1,3,0.000000,0.000000,0.450743,0.001544,0.000000,0.000435,0.500000,0
22.090373,1763940237.213598,1763940205,1,3,0.344366,0.000000,0.450743,0.001548,0.000000,0.000943,0.500000,0
22.092357,1763940237.213598,1763940205,1,3,0.000000,0.000000,0.450743,0.001548,0.000000,0.000500,0.500000,0
22.094361,1763940237.213598,1763940205,1,3,0.000000,0.000000,0.450743,0.001548,0.000000,0.000003,0.500000,0
22.096361,1763940237.213598,1763940205,1,3,0.000000,0.000000,0.450743,0.001548,0.000000,0.000000,0.500000,0
22.098360,1763940237.213598,1763940205,1,3,0.344366,0.000000,0.450743,0.001548,0.000000,0.000000,0.500000,0
22.100361,1763940237.213598,1763940205,1,3,0.000000,0.000000,0.450743,0.001548,0.000000,0.000000,0.500000,0
22.102361,1763940237.213598,1763940205,1,3,0.000000,0.000000,0.450743,0.001548,0.000000,0.000000,0.500000,0
22.104360,1763940237.213598,1763940205,1,3,0.000000,0.000000,0.450743,0.001548,0.000000,0.000000,0.500000,0
22.106369,1763940237.213598,1763940205,1,3,0.000000,0.000000,0.450743,0.001548,0.000000,0.000000,0.500000,0
22.108361,1763940237.213598,1763940205,1,3,0.344366,-0.688732,0.450743,0.001548,0.000000,0.000000,0.500000,0
22.110361,1763940237.213598,1763940205,1,3,0.344366,0.000000,0.450743,0.001548,0.000000,0.000000,0.500000,0
22.112362,1763940237.213598,1763940205,1,3,0.000000,0.000000,0.450743,0.001548,0.000000,0.000000,0.500000,0
22.114363,1763940237.213598,1763940205,1,3,0.000000,0.000000,0.450743,0.001548,0.000000,0.000000,0.500000,0
22.116364,1763940237.213598,1763940205,1,3,0.000000,0.000000,0.450743,0.001548,0.000000,0.000000,0.500000,0
22.118366,1763940237.213598,1763940205,1,3,0.000000,0.000000,0.450743,0.001548,0.000000,0.000000,0.500000,0
22.120368,1763940237.213598,1763940205,1,3,0.344366,0.000000,0.450743,0.001548,0.000000,0.000000,0.500000,0
22.122369,1763940237.213598,1763940205,1,3,0.000000,0.000000,0.450743,0.001548,0.000000,0.000000,0.500000,0
22.124371,1763940237.213598,1763940205,1,3,0.344366,0.000000,0.450743,0.001548,0.000000,0.000000,0.500000,0
22.126373,1763940237.213598,1763940205,1,3,0.000000,0.000000,0.450743,0.001548,0.000000,0.000000,0.500000,0
22.128374,1763940237.213598,1763940205,1,3,0.000000,0.000000,0.450743,0.001548,0.000000,0.000000,0.500000,0
22.130377,1763940237.213598,1763940205,1,3,0.000000,0.000000,0.450743,0.001548,0.000000,0.000000,0.500000,0
22.132387,1763940237.213598,1763940205,1,3,0.000000,0.000000,0.450743,0.001548,0.000000,0.000000,0.500000,0
22.134380,1763940237.213598,1763940205,1,3,0.000000,0.000000,0.450743,0.001548,0.000000,0.000000,0.500000,0
22.136382,1763940237.213598,1763940205,1,3,0.000000,0.000000,0.450743,0.001548,0.000000,0.000000,0.500000,0
22.138384,1763940237.213598,1763940205,1,3,0.000000,0.000000,0.450743,0.001548,0.000000,0.000000,0.500000,0
22.140386,1763940237.213598,1763940205,1,3,0.000000,0.000000,0.450743,0.001548,0.000000,0.000000,0.500000,0
22.142388,1763940237.213598,1763940205,1,3,0.000000,0.000000,0.450743,0.001548,0.000000,0.000000,0.500000,0
22.144393,1763940237.213598,1763940205,1,3,0.344366,-0.344366,0.450743,0.001548,0.000000,0.000000,0.500000,0
22.146391,1763940237.213598,1763940205,1,3,-0.344366,0.000000,0.450743,0.001544,0.000000,-0.000935,0.500000,0
22.148394,1763940237.213598,1763940205,1,3,0.000000,0.000000,0.450743,0.001544,0.000000,-0.000946,0.500000,0
22.150397,1763940237.213598,1763940205,1,3,0.000000,0.000000,0.450743,0.001544,0.000000,-0.000021,0.500000,0
22.152398,1763940237.213598,1763940205,1,3,0.000000,0.000000,0.450743,0.001548,0.000000,0.000940,0.500000,0
22.154402,1763940237.213598,1763940205,1,3,0.000000,0.000000,0.450743,0.001548,0.000000,0.000946,0.500000,0
22.156401,1763940237.213598,1763940205,1,3,-0.344366,0.000000,0.450743,0.001548,0.000000,0.000003,0.500000,0
22.158414,1763940237.213598,1763940205,1,3,0.000000,0.000000,0.450743,0.001544,0.000000,-0.000907,0.500000,0
22.160403,1763940237.213598,1763940205,1,3,0.344366,0.000000,0.450743,0.001544,0.000000,-0.000946,0.500000,0
22.162403,1763940237.213598,1763940205,1,3,0.000000,0.000000,0.450743,0.001544,0.000000,-0.000039,0.500000,0
22.164407,1763940237.213598,1763940205,1,3,0.000000,0.000000,0.450743,0.001548,0.000000,0.000940,0.500000,0
22.166411,1763940237.213598,1763940205,1,3,0.000000,0.000000,0.450743,0.001548,0.000000,0.000946,0.500000,0
22.168412,1763940237.213598,1763940205,1,3,0.000000,0.000000,0.450743,0.001548,0.000000,0.000011,0.500000,0
22.170413,1763940237.213598,1763940205,1,3,0.344366,0.000000,0.450743,0.001544,0.000000,-0.000940,0.500000,0
22.172418,1763940237.213598,1763940205,1,3,0.000000,0.000000,0.450743,0.001544,0.000000,-0.000946,0.500000,0
22.174419,1763940237.213598,1763940205,1,3,0.344366,0.000000,0.450743,0.001544,0.000000,0.000676,0.500000,0
22.176419,1763940237.213598,1763940205,1,3,0.000000,-0.344366,0.450743,0.001548,0.000000,0.000943,0.500000,0
22.178424,1763940237.213598,1763940205,1,3,0.000000,0.000000,0.450743,0.001544,0.000000,-0.000643,0.500000,0
22.180426,1763940237.213598,1763940205,1,3,0.000000,0.000000,0.450743,0.001544,0.000000,-0.000944,0.500000,0
22.182427,1763940237.213598,1763940205,1,3,0.000000,0.000000,0.450743,0.001544,0.000000,-0.000074,0.500000,0
22.184442,1763940237.213598,1763940205,1,3,0.000000,0.000000,0.450743,0.001544,0.000000,-0.000000,0.500000,0
22.186428,1763940237.213598,1763940205,1,3,0.000000,0.000000,0.450743,0.001548,0.000000,0.000940,0.500000,0
22.188436,1763940237.213598,1763940205,1,3,0.000000,0.000000,0.450743,0.001548,0.000000,0.000946,0.500000,0
22.190436,1763940237.213598,1763940205,1,3,0.000000,0.000000,0.450743,0.001548,0.000000,0.000011,0.500000,0
22.192437,1763940237.213598,1763940205,1,3,0.000000,0.000000,0.450743,0.001544,0.000000,-0.000907,0.500000,0
22.194437,1763940237.213598,1763940205,1,3,0.000000,0.000000,0.450743,0.001544,0.000000,-0.000946,0.500000,0
22.196438,1763940237.213598,1763940205,1,3,0.000000,0.000000,0.450743,0.001544,0.000000,0.000643,0.500000,0
22.198447,1763940237.213598,1763940205,1,3,0.000000,0.000000,0.450743,0.001548,0.000000,0.000943,0.500000,0
22.200448,1763940237.213598,1763940205,1,3,0.000000,0.000000,0.450743,0.001548,0.000000,0.000500,0.500000,0
22.202449,1763940237.213598,1763940205,1,3,0.000000,0.000000,0.450743,0.001548,0.000000,0.000001,0.500000,0
22.204450,1763940237.213598,1763940205,1,3,0.000000,0.000000,0.450743,0.001548,0.000000,0.000000,0.500000,0
22.206450,1763940237.213598,1763940205,1,3,0.000000,0.000000,0.450743,0.001548,0.000000,0.000000,0.500000,0
22.208450,1763940237.213598,1763940205,1,3,0.000000,0.000000,0.450743,0.001548,0.000000,0.000000,0.500000,0
22.210473,1763940237.213598,1763940205,1,3,0.000000,0.000000,0.450743,0.001548,0.000000,0.000000,0.500000,0
22.212460,1763940237.213598,1763940205,1,3,0.344366,0.000000,0.450743,0.001548,0.000000,0.000000,0.500000,0
22.214464,1763940237.213598,1763940205,1,3,0.000000,0.000000,0.450743,0.001548,0.000000,0.000000,0.500000,0
22.216465,1763940237.213598,1763940205,1,3,0.000000,0.000000,0.450743,0.001548,0.000000,0.000000,0.500000,0
22.218466,1763940237.213598,1763940205,1,3,0.000000,0.000000,0.450743,0.001548,0.000000,0.000000,0.500000,0
22.220466,1763940237.213598,1763940205,1,3,0.000000,0.000000,0.450743,0.001548,0.000000,0.000000,0.500000,0
22.222467,1763940237.213598,1763940205,1,3,0.000000,0.000000,0.450743,0.001548,0.000000,0.000000,0.500000,0
22.224468,1763940237.213598,1763940205,1,3,0.000000,0.000000,0.450743,0.001548,0.000000,0.000000,0.500000,0
22.226469,1763940237.213598,1763940205,1,3,0.000000,0.000000,0.450743,0.001548,0.000000,0.000000,0.500000,0
22.228469,1763940237.213598,1763940205,1,3,0.000000,0.000000,0.450743,0.001548,0.000000,0.000000,0.500000,0
22.230469,1763940237.213598,1763940205,1,3,0.000000,0.000000,0.450743,0.001548,0.000000,0.000000,0.500000,0
22.232471,1763940237.213598,1763940205,1,3,0.000000,0.000000,0.450743,0.001548,0.000000,0.000000,0.500000,0
22.234471,1763940237.213598,1763940205,1,3,0.000000,0.000000,0.450743,0.001548,0.000000,0.000000,0.500000,0
22.236498,1763940237.213598,1763940205,1,3,0.000000,-0.344366,0.450743,0.001548,0.000000,0.000000,0.500000,0
29.573513,1763940244.748726,1763940205,1,4,-0.688732,0.000000,0.452087,0.001552,0.000000,0.000000,0.500000,0
29.575513,1763940244.748726,1763940205,1,4,-0.688732,0.000000,0.452087,0.001552,0.000000,0.000000,0.500000,0
29.577515,1763940244.748726,1763940205,1,4,-0.688732,0.000000,0.452087,0.001552,0.000000,0.000000,0.500000,0
29.579507,1763940244.748726,1763940205,1,4,-0.688732,0.000000,0.452090,0.001552,0.000907,0.000000,0.500000,0
29.581494,1763940244.748726,1763940205,1,4,-0.688732,0.000000,0.452090,0.001552,0.000946,0.000000,0.500000,0
29.583496,1763940244.748726,1763940205,1,4,-0.688732,0.000000,0.452090,0.001552,0.000003,0.000000,0.500000,0
29.585497,1763940244.748726,1763940205,1,4,-0.688732,0.000000,0.452090,0.001552,0.000000,0.000000,0.500000,0
29.587497,1763940244.748726,1763940205,1,4,-0.688732,0.000000,0.452090,0.001552,0.000000,0.000000,0.500000,0
29.589407,1763940244.748726,1763940205,1,4,-0.688732,0.000000,0.452090,0.001552,0.000000,0.000000,0.500000,0
29.591482,1763940244.748726,1763940205,1,4,-0.688732,0.000000,0.452090,0.001552,0.000000,0.000000,0.500000,0
29.593483,1763940244.748726,1763940205,1,4,-0.688732,0.000000,0.452090,0.001552,0.000000,0.000000,0.500000,0
29.595484,1763940244.748726,1763940205,1,4,-0.688732,0.000000,0.452090,0.001552,0.000000,0.000000,0.500000,0
29.597515,1763940244.748726,1763940205,1,4,-0.344366,0.000000,0.452090,0.001552,0.000000,0.000000,0.500000,0
29.599488,1763940244.748726,1763940205,1,4,-0.688732,0.000000,0.452090,0.001552,0.000000,0.000000,0.500000,0
29.601487,1763940244.748726,1763940205,1,4,-0.688732,0.000000,0.452090,0.001552,0.000000,0.000000,0.500000,0
29.603489,1763940244.748726,1763940205,1,4,-0.688732,-0.344366,0.452090,0.001552,0.000000,-0.000806,0.500000,0
29.605489,1763940244.748726,1763940205,1,4,-1.377463,0.000000,0.452090,0.001548,0.000000,-0.000946,0.500000,0
29.607490,1763940244.748726,1763940205,1,4,-0.688732,0.000000,0.452090,0.001548,0.000000,0.000666,0.500000,0
29.609491,1763940244.748726,1763940205,1,4,-0.688732,0.000000,0.452090,0.001552,0.000000,0.000945,0.500000,0
29.611491,1763940244.748726,1763940205,1,4,-1.033098,0.000000,0.452090,0.001552,0.000000,0.000140,0.500000,0
29.613493,1763940244.748726,1763940205,1,4,-0.688732,0.000000,0.452090,0.001552,0.000000,0.000001,0.500000,0
29.615490,1763940244.748726,1763940205,1,4,-0.688732,0.000000,0.452090,0.001552,0.000000,-0.000806,0.500000,0
29.617412,1763940244.748726,1763940205,1,4,-0.688732,0.000000,0.452094,0.001548,0.000682,-0.000945,0.500000,0
29.619483,1763940244.748726,1763940205,1,4,-1.033098,0.000000,0.452094,0.001552,0.000945,0.000732,0.500000,0
29.621484,1763940244.748726,1763940205,1,4,-0.688732,0.000000,0.452094,0.001552,0.000021,0.000945,0.500000,0
29.623511,1763940244.748726,1763940205,1,4,-0.688732,0.000000,0.452094,0.001552,0.000001,0.000074,0.500000,0
29.625485,1763940244.748726,1763940205,1,4,-1.033098,0.000000,0.452094,0.001552,0.000000,0.000000,0.500000,0
29.627487,1763940244.748726,1763940205,1,4,-0.688732,0.000000,0.452094,0.001552,0.000000,0.000000,0.500000,0
29.629487,1763940244.748726,1763940205,1,4,-0.688732,0.000000,0.452094,0.001552,0.000000,0.000000,0.500000,0
29.631488,1763940244.748726,1763940205,1,4,-1.033098,0.000000,0.452094,0.001552,0.000000,0.000000,0.500000,0
29.633489,1763940244.748726,1763940205,1,4,-0.688732,0.000000,0.452094,0.001552,0.000000,0.000000,0.500000,0
29.635492,1763940244.748726,1763940205,1,4,-0.688732,0.000000,0.452094,0.001552,0.000000,0.000000,0.500000,0
29.637490,1763940244.748726,1763940205,1,4,-0.688732,0.000000,0.452094,0.001552,0.000000,0.000000,0.500000,0
29.639491,1763940244.748726,1763940205,1,4,-0.688732,0.000000,0.452094,0.001552,0.000000,0.000000,0.500000,0
29.641489,1763940244.748726,1763940205,1,4,-0.688732,0.000000,0.452094,0.001552,0.000000,0.000000,0.500000,0
29.643424,1763940244.748726,1763940205,1,4,-0.688732,0.000000,0.452094,0.001552,0.000000,0.000000,0.500000,0
29.645521,1763940244.748726,1763940205,1,4,-0.688732,0.000000,0.452094,0.001552,0.000000,0.000000,0.500000,0
29.647547,1763940244.748726,1763940205,1,4,-0.688732,0.000000,0.452094,0.001552,0.000000,0.000000,0.500000,0
29.649581,1763940244.748726,1763940205,1,4,-0.688732,0.000000,0.452094,0.001552,0.000000,0.000000,0.500000,0
29.651549,1763940244.748726,1763940205,1,4,-0.688732,0.000000,0.452094,0.001552,0.000000,0.000000,0.500000,0
29.653550,1763940244.748726,1763940205,1,4,-0.688732,0.000000,0.452094,0.001552,0.000000,0.000000,0.500000,0
29.655551,1763940244.748726,1763940205,1,4,-0.688732,0.000000,0.452094,0.001552,0.000000,0.000000,0.500000,0
29.657565,1763940244.748726,1763940205,1,4,-0.688732,0.000000,0.452094,0.001552,0.000000,0.000000,0.500000,0
29.659554,1763940244.748726,1763940205,1,4,-0.688732,0.000000,0.452094,0.001552,0.000000,0.000000,0.500000,0
29.661555,1763940244.748726,1763940205,1,4,-0.344366,0.000000,0.452094,0.001552,0.000000,0.000000,0.500000,0
29.663556,1763940244.748726,1763940205,1,4,-0.688732,0.000000,0.452098,0.001552,0.000943,0.000000,0.500000,0
29.665557,1763940244.748726,1763940205,1,4,-0.688732,0.000000,0.452098,0.001552,0.000074,0.000000,0.500000,0
29.667536,1763940244.748726,1763940205,1,4,-0.688732,0.000000,0.452098,0.001552,0.000000,0.000000,0.500000,0
29.669536,1763940244.748726,1763940205,1,4,-0.688732,0.000000,0.452098,0.001552,0.000000,0.000000,0.500000,0
29.671538,1763940244.748726,1763940205,1,4,-0.688732,0.000000,0.452098,0.001552,0.000000,0.000000,0.500000,0
29.673538,1763940244.748726,1763940205,1,4,-0.688732,0.000000,0.452102,0.001552,0.000945,0.000000,0.500000,0
29.675573,1763940244.748726,1763940205,1,4,-0.688732,0.000000,0.452102,0.001552,0.000265,0.000000,0.500000,0
29.677535,1763940244.748726,1763940205,1,4,-0.688732,0.000000,0.452102,0.001552,0.000021,0.000000,0.500000,0
29.679525,1763940244.748726,1763940205,1,4,-1.377463,0.000000,0.452105,0.001552,0.000907,0.000000,0.500000,0
29.681525,1763940244.748726,1763940205,1,4,-0.688732,0.000000,0.452105,0.001552,0.000946,0.000000,0.500000,0
29.683523,1763940244.748726,1763940205,1,4,-0.688732,0.000000,0.452105,0.001552,0.000485,0.000000,0.500000,0
29.685527,1763940244.748726,1763940205,1,4,-0.688732,0.000000,0.452109,0.001552,0.000946,0.000000,0.500000,0
29.687528,1763940244.748726,1763940205,1,4,-0.688732,0.000000,0.452109,0.001552,0.000500,0.000000,0.500000,0
29.689528,1763940244.748726,1763940205,1,4,-0.688732,0.000000,0.452113,0.001552,0.000943,0.000000,0.500000,0
29.691531,1763940244.748726,1763940205,1,4,-1.377463,-0.344366,0.452113,0.001552,0.000520,0.000000,0.500000,0
29.693532,1763940244.748726,1763940205,1,4,-0.688732,0.000000,0.452117,0.001552,0.000944,0.000000,0.500000,0
29.695533,1763940244.748726,1763940205,1,4,-0.344366,0.000000,0.452117,0.001552,0.000946,0.000000,0.500000,0
29.697533,1763940244.748726,1763940205,1,4,-0.688732,0.000000,0.452121,0.001552,0.000827,0.000000,0.500000,0
29.699530,1763940244.748726,1763940205,1,4,-0.688732,0.000000,0.452121,0.001552,0.000945,0.000000,0.500000,0
29.701561,1763940244.748726,1763940205,1,4,-0.688732,-0.344366,0.452121,0.001552,0.000021,0.000000,0.500000,0
29.703523,1763940244.748726,1763940205,1,4,-1.377463,0.000000,0.452124,0.001552,0.000940,0.000000,0.500000,0
29.705524,1763940244.748726,1763940205,1,4,-0.688732,0.000000,0.452124,0.001552,0.000946,0.000000,0.500000,0
29.707524,1763940244.748726,1763940205,1,4,-0.688732,0.000000,0.452124,0.001552,0.000074,0.000000,0.500000,0
29.709526,1763940244.748726,1763940205,1,4,-0.344366,0.000000,0.452124,0.001552,0.000000,0.000000,0.500000,0
29.711527,1763940244.748726,1763940205,1,4,-0.688732,0.000000,0.452128,0.001552,0.000943,0.000000,0.500000,0
29.713527,1763940244.748726,1763940205,1,4,-0.688732,0.000000,0.452128,0.001552,0.000500,0.000000,0.500000,0
29.715529,1763940244.748726,1763940205,1,4,-0.688732,0.000000,0.452128,0.001552,0.000039,0.000000,0.500000,0
29.717529,1763940244.748726,1763940205,1,4,-0.688732,0.000000,0.452128,0.001552,0.000000,0.000000,0.500000,0
29.719531,1763940244.748726,1763940205,1,4,-0.688732,0.000000,0.452128,0.001552,0.000000,0.000000,0.500000,0
29.721532,1763940244.748726,1763940205,1,4,-0.688732,1.377463,0.452128,0.001552,0.000446,0.000000,0.500000,0
29.723515,1763940244.748726,1763940205,1,4,-0.688732,0.000000,0.452132,0.001552,0.000907,0.000000,0.500000,0
29.725460,1763940244.748726,1763940205,1,4,-0.688732,0.000000,0.452132,0.001552,0.000946,0.000000,0.500000,0
29.727495,1763940244.748726,1763940205,1,4,-0.688732,0.000000,0.452132,0.001552,0.000039,0.000000,0.500000,0
29.729467,1763940244.748726,1763940205,1,4,-0.688732,0.000000,0.452132,0.001552,0.000000,0.000000,0.500000,0
29.731478,1763940244.748726,1763940205,1,4,-0.688732,0.000000,0.452132,0.001552,0.000000,0.000000,0.500000,0
29.733589,1763940244.748726,1763940205,1,4,-0.688732,0.000000,0.452132,0.001552,0.000000,0.000000,0.500000,0
29.735589,1763940244.748726,1763940205,1,4,-0.688732,-0.688732,0.452132,0.001552,0.000000,0.000000,0.500000,0
29.737591,1763940244.748726,1763940205,1,4,-0.688732,0.000000,0.452132,0.001552,0.000000,0.000000,0.500000,0
29.739593,1763940244.748726,1763940205,1,4,-0.344366,0.000000,0.452136,0.001552,0.000940,0.000000,0.500000,0
29.741593,1763940244.748726,1763940205,1,4,-0.688732,0.000000,0.452136,0.001552,0.000946,0.000000,0.500000,0
29.743595,1763940244.748726,1763940205,1,4,-0.688732,0.000000,0.452136,0.001552,0.000074,0.000000,0.500000,0
29.745570,1763940244.748726,1763940205,1,4,-0.688732,0.000000,0.452136,0.001552,0.000006,0.000000,0.500000,0
29.747480,1763940244.748726,1763940205,1,4,-0.688732,0.000000,0.452136,0.001552,0.000000,0.000000,0.500000,0
29.749575,1763940244.748726,1763940205,1,4,-0.688732,0.000000,0.452136,0.001552,0.000000,0.000000,0.500000,0
29.751575,1763940244.748726,1763940205,1,4,-0.688732,0.000000,0.452136,0.001552,0.000000,0.000000,0.500000,0
29.753605,1763940244.748726,1763940205,1,4,-0.688732,0.000000,0.452136,0.001552,0.000446,0.000000,0.500000,0
29.755564,1763940244.748726,1763940205,1,4,-0.688732,0.000000,0.452140,0.001552,0.000926,0.000000,0.500000,0
29.757578,1763940244.748726,1763940205,1,4,-0.688732,0.000000,0.452140,0.001552,0.000946,0.000000,0.500000,0
29.759564,1763940244.748726,1763940205,1,4,-0.688732,0.000000,0.452140,0.001552,0.000003,0.000000,0.500000,0
29.761563,1763940244.748726,1763940205,1,4,-0.688732,0.000000,0.452140,0.001552,0.000000,0.000000,0.500000,0
29.763566,1763940244.748726,1763940205,1,4,-0.688732,0.000000,0.452140,0.001552,0.000000,0.000000,0.500000,0
29.765565,1763940244.748726,1763940205,1,4,-1.377463,0.000000,0.452140,0.001552,0.000000,0.000000,0.500000,0
29.767566,1763940244.748726,1763940205,1,4,-0.344366,0.000000,0.452140,0.001552,0.000000,0.000000,0.500000,0
29.769567,1763940244.748726,1763940205,1,4,-0.688732,0.000000,0.452143,0.001552,0.000945,0.000000,0.500000,0
29.771568,1763940244.748726,1763940205,1,4,-0.688732,2.066195,0.452143,0.001552,0.000946,0.000000,0.500000,0
37.129470,1763940252.304774,1763940205,1,5,-2.754927,0.344366,0.457950,0.000481,0.000940,-0.000907,0.500000,0
37.131471,1763940252.304774,1763940205,1,5,-2.754927,0.344366,0.457950,0.000481,0.000140,-0.000074,0.500000,0
37.133472,1763940252.304774,1763940205,1,5,-3.099293,0.344366,0.457950,0.000481,0.000000,-0.000000,0.500000,0
37.135473,1763940252.304774,1763940205,1,5,-2.410561,0.344366,0.457950,0.000484,0.000000,0.000943,0.500000,0
37.137455,1763940252.304774,1763940205,1,5,-2.410561,0.344366,0.457950,0.000484,0.000000,0.000943,0.500000,0
37.139475,1763940252.304774,1763940205,1,5,-2.410561,0.344366,0.457950,0.000484,0.000000,0.000039,0.500000,0
37.141459,1763940252.304774,1763940205,1,5,-2.410561,0.688732,0.457950,0.000484,0.000000,0.000000,0.500000,0
37.143460,1763940252.304774,1763940205,1,5,-2.410561,0.000000,0.457950,0.000484,0.000000,0.000000,0.500000,0
37.145462,1763940252.304774,1763940205,1,5,-2.410561,0.688732,0.457950,0.000484,0.000000,0.000000,0.500000,0
37.147462,1763940252.304774,1763940205,1,5,-2.754927,0.344366,0.457950,0.000484,0.000000,0.000000,0.500000,0
37.149462,1763940252.304774,1763940205,1,5,-2.410561,0.344366,0.457950,0.000484,0.000000,0.000000,0.500000,0
37.151464,1763940252.304774,1763940205,1,5,-3.099293,0.000000,0.457950,0.000484,0.000000,0.000000,0.500000,0
37.153464,1763940252.304774,1763940205,1,5,-3.099293,0.344366,0.457950,0.000484,0.000000,0.000000,0.500000,0
37.155465,1763940252.304774,1763940205,1,5,-2.754927,0.344366,0.457950,0.000484,0.000000,0.000000,0.500000,0
37.157466,1763940252.304774,1763940205,1,5,-2.754927,0.344366,0.457950,0.000484,0.000000,0.000000,0.500000,0
37.159466,1763940252.304774,1763940205,1,5,-2.754927,0.344366,0.457950,0.000484,0.000000,0.000000,0.500000,0
37.161466,1763940252.304774,1763940205,1,5,-2.410561,0.344366,0.457950,0.000484,0.000000,0.000000,0.500000,0
37.163477,1763940252.304774,1763940205,1,5,-2.754927,0.344366,0.457950,0.000484,0.000000,0.000000,0.500000,0
37.165508,1763940252.304774,1763940205,1,5,-2.410561,0.000000,0.457950,0.000484,0.000000,0.000000,0.500000,0
37.167482,1763940252.304774,1763940205,1,5,-2.066195,0.000000,0.457950,0.000484,0.000000,0.000000,0.500000,0
37.169469,1763940252.304774,1763940205,1,5,-2.410561,0.344366,0.457950,0.000484,0.000000,0.000000,0.500000,0
37.171486,1763940252.304774,1763940205,1,5,-3.099293,0.344366,0.457950,0.000484,0.000000,0.000000,0.500000,0
37.173489,1763940252.304774,1763940205,1,5,-2.754927,0.344366,0.457950,0.000484,0.000000,0.000000,0.500000,0
37.175490,1763940252.304774,1763940205,1,5,-2.410561,0.344366,0.457950,0.000484,0.000000,0.000000,0.500000,0
37.177471,1763940252.304774,1763940205,1,5,-2.754927,0.344366,0.457950,0.000484,0.000000,0.000000,0.500000,0
37.179473,1763940252.304774,1763940205,1,5,-3.099293,0.000000,0.457950,0.000484,0.000000,0.000000,0.500000,0
37.181474,1763940252.304774,1763940205,1,5,-2.754927,0.000000,0.457950,0.000484,0.000000,0.000000,0.500000,0
37.183474,1763940252.304774,1763940205,1,5,-2.754927,0.000000,0.457950,0.000484,0.000000,0.000000,0.500000,0
37.185475,1763940252.304774,1763940205,1,5,-2.410561,0.344366,0.457950,0.000488,0.000000,0.000935,0.500000,0
37.187411,1763940252.304774,1763940205,1,5,-2.410561,0.344366,0.457950,0.000484,0.000000,-0.000806,0.500000,0
37.189491,1763940252.304774,1763940205,1,5,-2.410561,0.344366,0.457950,0.000484,0.000000,-0.000935,0.500000,0
37.191519,1763940252.304774,1763940205,1,5,-2.754927,0.344366,0.457950,0.000484,0.000000,-0.000011,0.500000,0
37.193494,1763940252.304774,1763940205,1,5,-3.443659,0.344366,0.457950,0.000484,0.000000,0.000000,0.500000,0
37.195495,1763940252.304774,1763940205,1,5,-2.754927,0.344366,0.457950,0.000488,0.000000,0.000872,0.500000,0
37.197495,1763940252.304774,1763940205,1,5,-2.410561,0.344366,0.457950,0.000484,0.000000,0.000264,0.500000,0
37.199497,1763940252.304774,1763940205,1,5,-2.410561,0.344366,0.457950,0.000484,0.000000,-0.000767,0.500000,0
37.201497,1763940252.304774,1763940205,1,5,-2.066195,0.344366,0.457950,0.000484,0.000000,-0.000946,0.500000,0
37.203497,1763940252.304774,1763940205,1,5,-3.099293,0.344366,0.457950,0.000484,0.000000,-0.000021,0.500000,0
37.205499,1763940252.304774,1763940205,1,5,-3.443659,0.344366,0.457950,0.000484,0.000000,0.000000,0.500000,0
37.207499,1763940252.304774,1763940205,1,5,-2.754927,0.344366,0.457950,0.000484,0.000000,0.000000,0.500000,0
37.209484,1763940252.304774,1763940205,1,5,-2.754927,0.000000,0.457950,0.000484,0.000000,0.000000,0.500000,0
37.211486,1763940252.304774,1763940205,1,5,-2.410561,0.344366,0.457950,0.000484,0.000000,0.000000,0.500000,0
37.213486,1763940252.304774,1763940205,1,5,-3.099293,0.344366,0.457950,0.000484,0.000000,0.000000,0.500000,0
37.215486,1763940252.304774,1763940205,1,5,-2.410561,0.000000,0.457950,0.000484,0.000000,0.000000,0.500000,0
37.217519,1763940252.304774,1763940205,1,5,-2.410561,0.344366,0.457950,0.000484,0.000000,0.000000,0.500000,0
37.219487,1763940252.304774,1763940205,1,5,-2.410561,0.344366,0.457950,0.000484,0.000000,0.000000,0.500000,0
37.221489,1763940252.304774,1763940205,1,5,-3.099293,0.344366,0.457950,0.000484,0.000000,0.000000,0.500000,0
37.223505,1763940252.304774,1763940205,1,5,-2.410561,0.344366,0.457950,0.000484,0.000000,0.000000,0.500000,0
37.225490,1763940252.304774,1763940205,1,5,-2.754927,-0.344366,0.457950,0.000484,0.000000,0.000000,0.500000,0
37.227506,1763940252.304774,1763940205,1,5,-3.099293,0.344366,0.457950,0.000484,0.000000,0.000000,0.500000,0
37.229508,1763940252.304774,1763940205,1,5,-3.099293,0.000000,0.457950,0.000484,0.000000,0.000000,0.500000,0
37.231507,1763940252.304774,1763940205,1,5,-3.099293,0.344366,0.457950,0.000484,0.000000,0.000000,0.500000,0
37.233509,1763940252.304774,1763940205,1,5,-2.754927,0.344366,0.457950,0.000484,0.000000,0.000000,0.500000,0
37.235510,1763940252.304774,1763940205,1,5,-2.410561,0.000000,0.457950,0.000484,0.000000,0.000000,0.500000,0
37.237510,1763940252.304774,1763940205,1,5,-2.410561,0.000000,0.457950,0.000488,0.000000,0.000446,0.500000,0
37.239511,1763940252.304774,1763940205,1,5,-3.099293,1.377463,0.457950,0.000488,0.000000,0.000943,0.500000,0
37.241511,1763940252.304774,1763940205,1,5,-2.410561,0.344366,0.457950,0.000488,0.000000,0.000500,0.500000,0
37.243540,1763940252.304774,1763940205,1,5,-2.410561,0.344366,0.457950,0.000488,0.000000,0.000000,0.500000,0
37.245512,1763940252.304774,1763940205,1,5,-2.754927,0.344366,0.457950,0.000488,0.000000,0.000000,0.500000,0
37.247510,1763940252.304774,1763940205,1,5,-2.410561,0.344366,0.457950,0.000488,0.000000,0.000000,0.500000,0
37.249527,1763940252.304774,1763940205,1,5,-2.066195,0.344366,0.457950,0.000488,0.000000,0.000000,0.500000,0
37.251453,1763940252.304774,1763940205,1,5,-3.099293,0.344366,0.457950,0.000492,0.000000,0.000806,0.500000,0
37.253546,1763940252.304774,1763940205,1,5,-2.066195,0.344366,0.457950,0.000492,0.000000,0.000946,0.500000,0
37.255570,1763940252.304774,1763940205,1,5,-2.410561,0.344366,0.457950,0.000496,0.000000,0.000946,0.500000,0
37.257467,1763940252.304774,1763940205,1,5,-2.410561,0.344366,0.457950,0.000496,0.000000,0.000946,0.500000,0
37.259572,1763940252.304774,1763940205,1,5,-2.410561,0.344366,0.457950,0.000500,0.000000,0.001075,0.500000,0
37.261573,1763940252.304774,1763940205,1,5,-3.099293,0.344366,0.457950,0.000503,0.000000,0.001873,0.500000,0
37.263574,1763940252.304774,1763940205,1,5,-3.099293,0.344366,0.457950,0.000511,0.000000,0.002574,0.500000,0
37.265575,1763940252.304774,1763940205,1,5,-3.099293,0.344366,0.457950,0.000519,0.000000,0.003510,0.500000,0
37.267577,1763940252.304774,1763940205,1,5,-2.410561,0.344366,0.457950,0.000526,0.000000,0.003772,0.500000,0
37.269612,1763940252.304774,1763940205,1,5,-3.099293,0.344366,0.457950,0.000537,0.000000,0.004685,0.500000,0
37.271579,1763940252.304774,1763940205,1,5,-3.099293,0.344366,0.457950,0.000549,0.000000,0.005368,0.500000,0
37.273580,1763940252.304774,1763940205,1,5,-2.410561,0.344366,0.457950,0.000560,0.000000,0.005911,0.500000,0
37.275581,1763940252.304774,1763940205,1,5,-2.410561,0.344366,0.457950,0.000575,0.000000,0.006554,0.500000,0
37.277582,1763940252.304774,1763940205,1,5,-2.410561,0.000000,0.457950,0.000590,0.000000,0.007483,0.500000,0
37.279569,1763940252.304774,1763940205,1,5,-2.754927,0.000000,0.457950,0.000609,0.000000,0.008442,0.500000,0
37.281562,1763940252.304774,1763940205,1,5,-2.410561,0.000000,0.457950,0.000628,0.000000,0.009393,0.500000,0
37.283563,1763940252.304774,1763940205,1,5,-3.099293,0.000000,0.457950,0.000655,0.000000,0.011079,0.500000,0
37.285564,1763940252.304774,1763940205,1,5,-2.754927,0.000000,0.457950,0.000681,0.000000,0.012706,0.500000,0
37.287565,1763940252.304774,1763940205,1,5,-2.066195,0.000000,0.457950,0.000712,0.000000,0.014151,0.500000,0
37.289566,1763940252.304774,1763940205,1,5,-3.099293,0.000000,0.457950,0.000742,0.000000,0.015129,0.500000,0
37.291563,1763940252.304774,1763940205,1,5,-2.410561,0.000000,0.457950,0.000776,0.000000,0.015822,0.500000,0
37.293569,1763940252.304774,1763940205,1,5,-2.410561,-0.344366,0.457950,0.000810,0.000000,0.016891,0.500000,0
37.295583,1763940252.304774,1763940205,1,5,-2.410561,-0.344366,0.457950,0.000871,0.000000,0.019306,0.500000,0
37.297554,1763940252.304774,1763940205,1,5,-3.099293,0.000000,0.457950,0.000889,0.000000,0.019827,0.500000,0
37.299556,1763940252.304774,1763940205,1,5,-3.099293,-0.344366,0.457950,0.000939,0.000000,0.022155,0.500000,0
37.301556,1763940252.304774,1763940205,1,5,-2.066195,-0.344366,0.457950,0.000988,0.000000,0.024044,0.500000,0
37.303556,1763940252.304774,1763940205,1,5,-2.410561,0.000000,0.457950,0.001067,0.000000,0.025979,0.500000,0
37.305557,1763940252.304774,1763940205,1,5,-2.754927,0.000000,0.457950,0.001094,0.000000,0.026455,0.500000,0
37.307558,1763940252.304774,1763940205,1,5,-3.099293,0.000000,0.457950,0.001147,0.000000,0.026865,0.500000,0
37.309559,1763940252.304774,1763940205,1,5,-2.754927,-0.344366,0.457950,0.001234,0.000000,0.028113,0.500000,0
37.311560,1763940252.304774,1763940205,1,5,-3.099293,-0.344366,0.457950,0.001294,0.000000,0.029293,0.500000,0
37.313561,1763940252.304774,1763940205,1,5,-2.410561,0.000000,0.457950,0.001325,0.000000,0.030137,0.500000,0
37.315562,1763940252.304774,1763940205,1,5,-2.410561,-1.033098,0.457950,0.001393,0.000000,0.031902,0.500000,0
37.317563,1763940252.304774,1763940205,1,5,-2.066195,-1.033098,0.457950,0.001461,0.000000,0.033778,0.500000,0
37.319564,1763940252.304774,1763940205,1,5,-2.410561,-0.688732,0.457950,0.001533,0.000000,0.034751,0.500000,0
37.321592,1763940252.304774,1763940205,1,5,-3.099293,-0.344366,0.457950,0.001601,0.000000,0.034991,0.500000,0
37.323559,1763940252.304774,1763940205,1,5,-3.099293,-1.377463,0.457950,0.001673,0.000000,0.035287,0.500000,0
37.325553,1763940252.304774,1763940205,1,5,-2.410561,-1.033098,0.457950,0.001745,0.000000,0.035954,0.500000,0
37.327555,1763940252.304774,1763940205,1,5,-2.754927,-1.033098,0.457950,0.001821,0.000000,0.036547,0.500000,0
44.674203,1763940259.849387,1763940205,1,6,-1.721829,-0.344366,0.455671,0.000700,0.000000,0.000000,0.500000,0
44.676202,1763940259.849387,1763940205,1,6,-1.377463,0.344366,0.455671,0.000700,0.000000,0.000000,0.500000,0
44.678224,1763940259.849387,1763940205,1,6,-2.066195,0.000000,0.455671,0.000700,0.000000,0.000000,0.500000,0
44.680192,1763940259.849387,1763940205,1,6,-1.721829,0.344366,0.455671,0.000696,0.000000,-0.000925,0.500000,0
44.682185,1763940259.849387,1763940205,1,6,-2.066195,0.344366,0.455671,0.000700,0.000000,-0.000074,0.500000,0
44.684165,1763940259.849387,1763940205,1,6,-2.066195,0.000000,0.455671,0.000700,0.000000,0.000935,0.500000,0
44.686168,1763940259.849387,1763940205,1,6,-2.066195,0.000000,0.455671,0.000700,0.000000,0.000039,0.500000,0
44.688170,1763940259.849387,1763940205,1,6,-1.721829,0.344366,0.455671,0.000700,0.000000,0.000000,0.500000,0
44.690174,1763940259.849387,1763940205,1,6,-2.066195,0.344366,0.455671,0.000700,0.000000,0.000000,0.500000,0
44.692173,1763940259.849387,1763940205,1,6,-2.066195,0.344366,0.455671,0.000700,0.000000,0.000000,0.500000,0
44.694173,1763940259.849387,1763940205,1,6,-1.721829,0.344366,0.455671,0.000700,0.000000,0.000000,0.500000,0
44.696138,1763940259.849387,1763940205,1,6,-2.066195,0.344366,0.455671,0.000700,0.000000,0.000000,0.500000,0
44.698143,1763940259.849387,1763940205,1,6,-1.377463,0.344366,0.455671,0.000700,0.000000,0.000000,0.500000,0
44.700148,1763940259.849387,1763940205,1,6,-2.410561,0.000000,0.455671,0.000700,0.000000,0.000000,0.500000,0
44.702164,1763940259.849387,1763940205,1,6,-2.066195,0.344366,0.455671,0.000700,0.000000,0.000000,0.500000,0
44.704160,1763940259.849387,1763940205,1,6,-1.721829,-0.344366,0.455671,0.000700,0.000000,0.000000,0.500000,0
44.706161,1763940259.849387,1763940205,1,6,-2.066195,0.344366,0.455671,0.000700,0.000000,0.000000,0.500000,0
44.708181,1763940259.849387,1763940205,1,6,-1.377463,0.688732,0.455671,0.000700,0.000000,0.000000,0.500000,0
44.710164,1763940259.849387,1763940205,1,6,-2.066195,0.344366,0.455671,0.000700,0.000000,0.000000,0.500000,0
44.712163,1763940259.849387,1763940205,1,6,-1.377463,0.344366,0.455671,0.000700,0.000000,0.000000,0.500000,0
44.714163,1763940259.849387,1763940205,1,6,-2.066195,0.344366,0.455671,0.000700,0.000000,0.000000,0.500000,0
44.716157,1763940259.849387,1763940205,1,6,-1.721829,0.344366,0.455671,0.000700,0.000000,0.000000,0.500000,0
44.718159,1763940259.849387,1763940205,1,6,-1.721829,-0.344366,0.455671,0.000696,0.000000,-0.000446,0.500000,0
44.720159,1763940259.849387,1763940205,1,6,-1.721829,0.344366,0.455671,0.000696,0.000000,-0.000943,0.500000,0
44.722167,1763940259.849387,1763940205,1,6,-1.377463,0.000000,0.455671,0.000700,0.000000,0.000608,0.500000,0
44.724167,1763940259.849387,1763940205,1,6,-1.377463,0.344366,0.455671,0.000700,0.000000,0.000942,0.500000,0
44.726168,1763940259.849387,1763940205,1,6,-1.721829,0.344366,0.455671,0.000700,0.000000,0.000140,0.500000,0
44.728168,1763940259.849387,1763940205,1,6,-1.721829,0.344366,0.455671,0.000700,0.000000,0.000001,0.500000,0
44.730170,1763940259.849387,1763940205,1,6,-2.066195,0.344366,0.455671,0.000700,0.000000,0.000000,0.500000,0
44.732164,1763940259.849387,1763940205,1,6,-1.377463,0.344366,0.455671,0.000696,0.000000,-0.000682,0.500000,0
44.734191,1763940259.849387,1763940205,1,6,-1.721829,0.344366,0.455671,0.000696,0.000000,-0.000943,0.500000,0
44.736170,1763940259.849387,1763940205,1,6,-2.066195,0.000000,0.455671,0.000696,0.000000,-0.000500,0.500000,0
44.738171,1763940259.849387,1763940205,1,6,-1.721829,0.344366,0.455671,0.000700,0.000000,0.000932,0.500000,0
44.740172,1763940259.849387,1763940205,1,6,-2.066195,0.344366,0.455671,0.000700,0.000000,0.000946,0.500000,0
44.742172,1763940259.849387,1763940205,1,6,-1.721829,0.344366,0.455671,0.000700,0.000000,0.000006,0.500000,0
44.744187,1763940259.849387,1763940205,1,6,-1.721829,0.344366,0.455671,0.000700,0.000000,0.000000,0.500000,0
44.746174,1763940259.849387,1763940205,1,6,-1.721829,-0.344366,0.455671,0.000700,0.000000,0.000000,0.500000,0
44.748188,1763940259.849387,1763940205,1,6,-1.377463,0.344366,0.455671,0.000700,0.000000,0.000000,0.500000,0
44.750189,1763940259.849387,1763940205,1,6,-2.066195,-0.344366,0.455671,0.000700,0.000000,0.000000,0.500000,0
44.752189,1763940259.849387,1763940205,1,6,-2.066195,0.344366,0.455671,0.000700,0.000000,0.000000,0.500000,0
44.754191,1763940259.849387,1763940205,1,6,-2.066195,0.000000,0.455671,0.000700,0.000000,0.000000,0.500000,0
44.756192,1763940259.849387,1763940205,1,6,-1.721829,0.344366,0.455671,0.000700,0.000000,0.000000,0.500000,0
44.758191,1763940259.849387,1763940205,1,6,-1.377463,0.344366,0.455671,0.000700,0.000000,0.000000,0.500000,0
44.760214,1763940259.849387,1763940205,1,6,-2.066195,0.344366,0.455671,0.000696,0.000000,-0.000806,0.500000,0
44.762193,1763940259.849387,1763940205,1,6,-1.377463,0.344366,0.455671,0.000696,0.000000,-0.000945,0.500000,0
44.764168,1763940259.849387,1763940205,1,6,-1.721829,0.344366,0.455671,0.000696,0.000000,-0.000265,0.500000,0
44.766180,1763940259.849387,1763940205,1,6,-1.721829,0.344366,0.455671,0.000700,0.000000,0.000942,0.500000,0
44.768180,1763940259.849387,1763940205,1,6,-2.066195,0.344366,0.455671,0.000700,0.000000,0.000500,0.500000,0
44.770180,1763940259.849387,1763940205,1,6,-1.721829,0.344366,0.455671,0.000700,0.000000,0.000006,0.500000,0
44.772195,1763940259.849387,1763940205,1,6,-1.721829,-0.344366,0.455671,0.000696,0.000000,-0.000446,0.500000,0
44.774193,1763940259.849387,1763940205,1,6,-2.066195,0.344366,0.455671,0.000696,0.000000,-0.000943,0.500000,0
44.776196,1763940259.849387,1763940205,1,6,-1.377463,0.000000,0.455671,0.000696,0.000000,-0.000265,0.500000,0
44.778199,1763940259.849387,1763940205,1,6,-1.721829,0.344366,0.455671,0.000700,0.000000,0.000939,0.500000,0
44.780198,1763940259.849387,1763940205,1,6,-1.721829,0.344366,0.455671,0.000700,0.000000,0.000946,0.500000,0
44.782203,1763940259.849387,1763940205,1,6,-1.721829,0.344366,0.455671,0.000700,0.000000,0.000011,0.500000,0
44.784194,1763940259.849387,1763940205,1,6,-2.066195,0.344366,0.455671,0.000700,0.000000,0.000000,0.500000,0
44.786223,1763940259.849387,1763940205,1,6,-2.066195,0.344366,0.455671,0.000696,0.000000,-0.000872,0.500000,0
44.788200,1763940259.849387,1763940205,1,6,-1.377463,0.000000,0.455671,0.000696,0.000000,-0.000945,0.500000,0
44.790200,1763940259.849387,1763940205,1,6,-2.066195,0.000000,0.455671,0.000700,0.000000,0.000542,0.500000,0
44.792201,1763940259.849387,1763940205,1,6,-1.377463,0.344366,0.455671,0.000700,0.000000,0.000944,0.500000,0
44.794195,1763940259.849387,1763940205,1,6,-1.721829,0.344366,0.455671,0.000700,0.000000,-0.000306,0.500000,0
44.796202,1763940259.849387,1763940205,1,6,-2.066195,0.344366,0.455671,0.000696,0.000000,-0.000497,0.500000,0
44.798179,1763940259.849387,1763940205,1,6,-1.721829,0.344366,0.455671,0.000700,0.000000,0.000443,0.500000,0
44.800183,1763940259.849387,1763940205,1,6,-1.721829,0.344366,0.455671,0.000700,0.000000,0.000039,0.500000,0
44.802114,1763940259.849387,1763940205,1,6,-1.721829,0.344366,0.455671,0.000700,0.000000,0.000006,0.500000,0
44.804111,1763940259.849387,1763940205,1,6,-1.721829,0.000000,0.455671,0.000700,0.000000,0.000000,0.500000,0
44.806207,1763940259.849387,1763940205,1,6,-2.066195,0.000000,0.455671,0.000700,0.000000,0.000000,0.500000,0
44.808209,1763940259.849387,1763940205,1,6,-2.066195,0.344366,0.455671,0.000700,0.000000,0.000000,0.500000,0
44.810175,1763940259.849387,1763940205,1,6,-1.377463,0.344366,0.455671,0.000700,0.000000,0.000000,0.500000,0
44.812199,1763940259.849387,1763940205,1,6,-2.066195,0.344366,0.455671,0.000700,0.000000,0.000000,0.500000,0
44.814184,1763940259.849387,1763940205,1,6,-1.721829,0.344366,0.455671,0.000700,0.000000,0.000000,0.500000,0
44.816184,1763940259.849387,1763940205,1,6,-1.721829,0.344366,0.455671,0.000700,0.000000,0.000000,0.500000,0
44.818184,1763940259.849387,1763940205,1,6,-1.377463,0.688732,0.455671,0.000700,0.000000,0.000000,0.500000,0
44.820186,1763940259.849387,1763940205,1,6,-1.721829,0.344366,0.455671,0.000700,0.000000,0.000000,0.500000,0
44.822193,1763940259.849387,1763940205,1,6,-2.066195,0.344366,0.455671,0.000700,0.000000,0.000000,0.500000,0
44.824196,1763940259.849387,1763940205,1,6,-1.721829,0.344366,0.455671,0.000700,0.000000,0.000000,0.500000,0
44.826197,1763940259.849387,1763940205,1,6,-1.721829,0.344366,0.455671,0.000700,0.000000,0.000000,0.500000,0
44.828198,1763940259.849387,1763940205,1,6,-1.377463,0.688732,0.455671,0.000700,0.000000,0.000000,0.500000,0
44.830198,1763940259.849387,1763940205,1,6,-1.721829,0.344366,0.455671,0.000700,0.000000,0.000000,0.500000,0
44.832198,1763940259.849387,1763940205,1,6,-1.721829,0.344366,0.455671,0.000700,0.000000,0.000000,0.500000,0
44.834202,1763940259.849387,1763940205,1,6,-2.066195,1.377463,0.455671,0.000700,0.000000,0.000000,0.500000,0
44.836193,1763940259.849387,1763940205,1,6,-1.377463,0.344366,0.455671,0.000700,0.000000,0.000000,0.500000,0
44.838212,1763940259.849387,1763940205,1,6,-2.066195,-0.344366,0.455671,0.000700,0.000000,0.000000,0.500000,0
44.840189,1763940259.849387,1763940205,1,6,-1.377463,0.344366,0.455671,0.000700,0.000000,-0.000495,0.500000,0
44.842195,1763940259.849387,1763940205,1,6,-1.721829,0.344366,0.455671,0.000700,0.000000,0.000444,0.500000,0
44.844184,1763940259.849387,1763940205,1,6,-2.066195,0.344366,0.455671,0.000700,0.000000,0.000261,0.500000,0
44.846200,1763940259.849387,1763940205,1,6,-1.721829,0.344366,0.455671,0.000700,0.000000,0.000003,0.500000,0
44.848202,1763940259.849387,1763940205,1,6,-1.721829,1.377463,0.455671,0.000700,0.000000,0.000000,0.500000,0
44.850203,1763940259.849387,1763940205,1,6,-2.066195,0.688732,0.455671,0.000696,0.000000,-0.000682,0.500000,0
44.852204,1763940259.849387,1763940205,1,6,-1.721829,0.344366,0.455671,0.000696,0.000000,-0.000945,0.500000,0
44.854205,1763940259.849387,1763940205,1,6,-2.066195,0.344366,0.455671,0.000700,0.000000,0.000435,0.500000,0
44.856206,1763940259.849387,1763940205,1,6,-2.066195,0.000000,0.455671,0.000700,0.000000,0.000943,0.500000,0
44.858205,1763940259.849387,1763940205,1,6,-1.721829,0.344366,0.455671,0.000700,0.000000,0.000011,0.500000,0
44.860206,1763940259.849387,1763940205,1,6,-1.721829,0.344366,0.455671,0.000700,0.000000,0.000000,0.500000,0
44.862207,1763940259.849387,1763940205,1,6,-1.721829,0.344366,0.455671,0.000700,0.000000,0.000000,0.500000,0
44.864244,1763940259.849387,1763940205,1,6,-1.721829,1.377463,0.455671,0.000700,0.000000,0.000000,0.500000,0
44.866222,1763940259.849387,1763940205,1,6,-2.066195,0.344366,0.455671,0.000700,0.000000,0.000000,0.500000,0
44.868217,1763940259.849387,1763940205,1,6,-2.066195,0.344366,0.455671,0.000700,0.000000,0.000000,0.500000,0
44.870223,1763940259.849387,1763940205,1,6,-1.721829,0.000000,0.455671,0.000700,0.000000,0.000000,0.500000,0
44.872224,1763940259.849387,1763940205,1,6,-2.066195,0.344366,0.455671,0.000700,0.000000,0.000000,0.500000,0
52.231158,1763940267.406183,1763940205,1,7,0.000000,0.344366,0.447999,0.000791,0.000000,0.000000,0.500000,0
52.233160,1763940267.406183,1763940205,1,7,0.688732,0.344366,0.447999,0.000791,0.000000,0.000000,0.500000,0
52.235158,1763940267.406183,1763940205,1,7,1.377463,0.344366,0.447999,0.000791,0.000000,0.000000,0.500000,0
52.237173,1763940267.406183,1763940205,1,7,0.000000,0.344366,0.447999,0.000791,0.000000,0.000000,0.500000,0
52.239163,1763940267.406183,1763940205,1,7,0.000000,0.344366,0.447999,0.000791,0.000000,0.000000,0.500000,0
52.241178,1763940267.406183,1763940205,1,7,0.688732,0.344366,0.447999,0.000791,0.000000,0.000000,0.500000,0
52.243177,1763940267.406183,1763940205,1,7,1.377463,0.344366,0.447999,0.000791,0.000000,0.000000,0.500000,0
52.245176,1763940267.406183,1763940205,1,7,0.688732,0.344366,0.447999,0.000791,0.000000,0.000000,0.500000,0
52.247202,1763940267.406183,1763940205,1,7,0.000000,0.344366,0.447999,0.000791,0.000000,0.000000,0.500000,0
52.249137,1763940267.406183,1763940205,1,7,0.688732,0.344366,0.447999,0.000791,0.000000,0.000000,0.500000,0
52.251117,1763940267.406183,1763940205,1,7,1.377463,0.344366,0.447999,0.000791,0.000000,0.000000,0.500000,0
52.253096,1763940267.406183,1763940205,1,7,0.000000,0.344366,0.447999,0.000791,0.000000,0.000000,0.500000,0
52.255083,1763940267.406183,1763940205,1,7,0.688732,0.344366,0.447999,0.000791,0.000000,0.000000,0.500000,0
52.257076,1763940267.406183,1763940205,1,7,0.688732,0.344366,0.447999,0.000791,0.000000,0.000000,0.500000,0
52.259064,1763940267.406183,1763940205,1,7,1.377463,0.688732,0.447999,0.000791,0.000000,0.000000,0.500000,0
52.261064,1763940267.406183,1763940205,1,7,1.377463,0.344366,0.447999,0.000791,0.000000,0.000000,0.500000,0
52.263064,1763940267.406183,1763940205,1,7,0.000000,0.000000,0.447999,0.000791,0.000000,0.000000,0.500000,0
52.265064,1763940267.406183,1763940205,1,7,0.000000,0.000000,0.447999,0.000791,0.000000,0.000000,0.500000,0
52.267065,1763940267.406183,1763940205,1,7,1.377463,-0.344366,0.447999,0.000791,0.000000,0.000000,0.500000,0
52.269067,1763940267.406183,1763940205,1,7,1.377463,0.344366,0.447999,0.000791,0.000000,0.000000,0.500000,0
52.271067,1763940267.406183,1763940205,1,7,1.377463,0.000000,0.447999,0.000791,0.000000,0.000000,0.500000,0
52.273091,1763940267.406183,1763940205,1,7,0.688732,0.344366,0.447999,0.000791,0.000000,0.000000,0.500000,0
52.275093,1763940267.406183,1763940205,1,7,0.688732,0.344366,0.447999,0.000791,0.000000,0.000000,0.500000,0
52.277103,1763940267.406183,1763940205,1,7,0.688732,0.344366,0.447999,0.000791,0.000000,0.000000,0.500000,0
52.279097,1763940267.406183,1763940205,1,7,0.688732,0.344366,0.447999,0.000791,0.000000,0.000000,0.500000,0
52.281099,1763940267.406183,1763940205,1,7,0.688732,0.344366,0.447999,0.000791,0.000000,0.000000,0.500000,0
52.283102,1763940267.406183,1763940205,1,7,0.688732,0.344366,0.447999,0.000791,0.000000,0.000000,0.500000,0
52.285107,1763940267.406183,1763940205,1,7,0.688732,0.344366,0.447999,0.000791,0.000000,0.000000,0.500000,0
52.287108,1763940267.406183,1763940205,1,7,0.000000,0.344366,0.447999,0.000791,0.000000,0.000000,0.500000,0
52.289108,1763940267.406183,1763940205,1,7,1.377463,-0.344366,0.447999,0.000791,0.000000,0.000000,0.500000,0
52.291112,1763940267.406183,1763940205,1,7,0.688732,0.344366,0.447999,0.000791,0.000000,0.000000,0.500000,0
52.293112,1763940267.406183,1763940205,1,7,0.688732,0.344366,0.447999,0.000791,0.000000,0.000000,0.500000,0
52.295116,1763940267.406183,1763940205,1,7,0.688732,0.344366,0.447999,0.000791,0.000000,0.000000,0.500000,0
52.297116,1763940267.406183,1763940205,1,7,1.377463,0.344366,0.447999,0.000791,0.000000,0.000000,0.500000,0
52.299136,1763940267.406183,1763940205,1,7,0.688732,0.344366,0.447999,0.000791,0.000000,0.000000,0.500000,0
52.301135,1763940267.406183,1763940205,1,7,0.688732,0.344366,0.447999,0.000791,0.000000,0.000000,0.500000,0
52.303161,1763940267.406183,1763940205,1,7,0.000000,0.344366,0.447999,0.000791,0.000000,0.000000,0.500000,0
52.305135,1763940267.406183,1763940205,1,7,0.000000,0.000000,0.447999,0.000791,0.000000,0.000000,0.500000,0
52.307086,1763940267.406183,1763940205,1,7,1.377463,0.344366,0.447999,0.000791,0.000000,0.000000,0.500000,0
52.309136,1763940267.406183,1763940205,1,7,0.688732,0.344366,0.447999,0.000791,0.000000,0.000000,0.500000,0
52.311139,1763940267.406183,1763940205,1,7,0.688732,0.344366,0.447999,0.000791,0.000000,0.000000,0.500000,0
52.313088,1763940267.406183,1763940205,1,7,1.377463,0.344366,0.447999,0.000791,0.000000,0.000000,0.500000,0
52.315149,1763940267.406183,1763940205,1,7,1.377463,0.344366,0.447999,0.000791,0.000000,0.000000,0.500000,0
52.317154,1763940267.406183,1763940205,1,7,0.688732,0.000000,0.447999,0.000791,0.000000,0.000000,0.500000,0
52.319155,1763940267.406183,1763940205,1,7,0.688732,-0.344366,0.447999,0.000791,0.000000,0.000000,0.500000,0
52.321165,1763940267.406183,1763940205,1,7,0.688732,0.344366,0.447999,0.000791,0.000000,0.000000,0.500000,0
52.323165,1763940267.406183,1763940205,1,7,0.000000,0.344366,0.447999,0.000791,0.000000,0.000000,0.500000,0
52.325166,1763940267.406183,1763940205,1,7,-0.688732,0.000000,0.447999,0.000791,0.000000,0.000000,0.500000,0
52.327166,1763940267.406183,1763940205,1,7,1.377463,0.344366,0.447999,0.000791,0.000000,0.000000,0.500000,0
52.329184,1763940267.406183,1763940205,1,7,0.688732,0.344366,0.447999,0.000791,0.000000,0.000000,0.500000,0
52.331167,1763940267.406183,1763940205,1,7,1.377463,1.377463,0.447999,0.000791,0.000000,0.000000,0.500000,0
52.333180,1763940267.406183,1763940205,1,7,1.377463,0.344366,0.447999,0.000791,0.000000,0.000000,0.500000,0
52.335179,1763940267.406183,1763940205,1,7,0.688732,0.344366,0.447999,0.000791,0.000000,0.000000,0.500000,0
52.337179,1763940267.406183,1763940205,1,7,0.688732,0.344366,0.447999,0.000791,0.000000,0.000000,0.500000,0
52.339184,1763940267.406183,1763940205,1,7,0.688732,0.344366,0.447999,0.000791,0.000000,0.000000,0.500000,0
52.341159,1763940267.406183,1763940205,1,7,0.688732,0.344366,0.447999,0.000791,0.000000,0.000000,0.500000,0
52.343168,1763940267.406183,1763940205,1,7,0.688732,0.344366,0.447999,0.000791,0.000000,0.000000,0.500000,0
52.345180,1763940267.406183,1763940205,1,7,1.377463,0.688732,0.447999,0.000791,0.000000,0.000000,0.500000,0
52.347212,1763940267.406183,1763940205,1,7,0.688732,0.000000,0.447999,0.000791,0.000000,0.000000,0.500000,0
52.349189,1763940267.406183,1763940205,1,7,0.688732,0.344366,0.447999,0.000791,0.000000,0.000000,0.500000,0
52.351205,1763940267.406183,1763940205,1,7,0.688732,0.344366,0.447999,0.000791,0.000000,0.000000,0.500000,0
52.353224,1763940267.406183,1763940205,1,7,0.688732,0.000000,0.447999,0.000791,0.000000,0.000000,0.500000,0
52.355284,1763940267.406183,1763940205,1,7,0.688732,0.000000,0.447999,0.000791,0.000000,0.000000,0.500000,0
52.357154,1763940267.406183,1763940205,1,7,1.377463,0.344366,0.447999,0.000791,0.000000,0.000000,0.500000,0
52.359114,1763940267.406183,1763940205,1,7,0.688732,0.344366,0.447999,0.000791,0.000000,0.000000,0.500000,0
52.361113,1763940267.406183,1763940205,1,7,0.688732,0.344366,0.447999,0.000791,0.000000,0.000000,0.500000,0
52.363118,1763940267.406183,1763940205,1,7,0.688732,0.344366,0.447999,0.000791,0.000000,0.000000,0.500000,0
52.365120,1763940267.406183,1763940205,1,7,0.000000,0.344366,0.447999,0.000791,0.000000,0.000000,0.500000,0
52.367265,1763940267.406183,1763940205,1,7,0.688732,0.000000,0.447999,0.000791,0.000000,0.000000,0.500000,0
52.369253,1763940267.406183,1763940205,1,7,0.688732,0.344366,0.447999,0.000791,0.000000,0.000000,0.500000,0
52.371208,1763940267.406183,1763940205,1,7,1.377463,0.688732,0.447999,0.000791,0.000000,0.000000,0.500000,0
52.373120,1763940267.406183,1763940205,1,7,0.688732,0.344366,0.447999,0.000791,0.000000,0.000000,0.500000,0
52.375111,1763940267.406183,1763940205,1,7,1.377463,0.344366,0.447999,0.000791,0.000000,0.000000,0.500000,0
52.377102,1763940267.406183,1763940205,1,7,0.688732,0.344366,0.447999,0.000791,0.000000,0.000000,0.500000,0
52.379134,1763940267.406183,1763940205,1,7,1.377463,0.000000,0.447999,0.000791,0.000000,0.000000,0.500000,0
52.381132,1763940267.406183,1763940205,1,7,0.688732,0.344366,0.447999,0.000791,0.000000,0.000000,0.500000,0
52.383286,1763940267.406183,1763940205,1,7,0.344366,0.344366,0.447999,0.000791,0.000000,0.000000,0.500000,0
52.385339,1763940267.406183,1763940205,1,7,0.688732,0.344366,0.447999,0.000791,0.000000,0.000000,0.500000,0
52.387183,1763940267.406183,1763940205,1,7,1.377463,0.688732,0.447999,0.000791,0.000000,0.000000,0.500000,0
52.389140,1763940267.406183,1763940205,1,7,0.688732,0.344366,0.447999,0.000791,0.000000,0.000000,0.500000,0
52.391149,1763940267.406183,1763940205,1,7,1.377463,0.344366,0.447999,0.000791,0.000000,0.000000,0.500000,0
52.393194,1763940267.406183,1763940205,1,7,0.688732,0.344366,0.447999,0.000791,0.000000,0.000000,0.500000,0
52.395212,1763940267.406183,1763940205,1,7,0.688732,0.344366,0.447999,0.000791,0.000000,0.000000,0.500000,0
52.397227,1763940267.406183,1763940205,1,7,1.377463,0.344366,0.447999,0.000791,0.000000,0.000000,0.500000,0
52.399206,1763940267.406183,1763940205,1,7,0.688732,0.344366,0.447999,0.000791,0.000000,0.000000,0.500000,0
52.401261,1763940267.406183,1763940205,1,7,0.688732,0.344366,0.447999,0.000791,0.000000,0.000000,0.500000,0
52.403269,1763940267.406183,1763940205,1,7,0.688732,0.344366,0.447999,0.000791,0.000000,0.000000,0.500000,0
52.405291,1763940267.406183,1763940205,1,7,1.377463,0.344366,0.447999,0.000791,0.000000,0.000000,0.500000,0
52.407257,1763940267.406183,1763940205,1,7,0.000000,0.344366,0.447999,0.000791,0.000806,0.000000,0.500000,0
52.409213,1763940267.406183,1763940205,1,7,0.688732,0.344366,0.448002,0.000791,0.000946,0.000000,0.500000,0
52.411248,1763940267.406183,1763940205,1,7,1.377463,0.688732,0.448002,0.000791,0.000140,0.000000,0.500000,0
52.413242,1763940267.406183,1763940205,1,7,0.688732,0.344366,0.448002,0.000791,-0.000445,0.000000,0.500000,0
52.415162,1763940267.406183,1763940205,1,7,0.688732,0.344366,0.447999,0.000791,-0.000943,0.000000,0.500000,0
52.417213,1763940267.406183,1763940205,1,7,0.688732,0.000000,0.447999,0.000791,-0.000500,0.000000,0.500000,0
52.419200,1763940267.406183,1763940205,1,7,1.377463,0.344366,0.448002,0.000791,0.000869,0.000000,0.500000,0
52.421303,1763940267.406183,1763940205,1,7,1.377463,0.344366,0.448002,0.000791,0.000946,0.000000,0.500000,0
52.423190,1763940267.406183,1763940205,1,7,0.688732,0.688732,0.448002,0.000791,0.000074,0.000000,0.500000,0
52.425137,1763940267.406183,1763940205,1,7,0.000000,0.344366,0.448002,0.000791,0.000006,0.000000,0.500000,0
52.427179,1763940267.406183,1763940205,1,7,0.000000,0.000000,0.447999,0.000791,-0.000940,0.000000,0.500000,0
52.429174,1763940267.406183,1763940205,1,7,1.377463,1.377463,0.447999,0.000791,-0.000946,0.000000,0.500000,0
59.800357,1763940274.975695,1763940205,1,8,0.688732,-40.979538,0.447393,0.119032,-0.000940,0.000000,0.500000,1
59.802364,1763940274.975695,1763940205,1,8,1.377463,-40.635172,0.447397,0.119032,0.000869,0.000000,0.500000,1
59.804374,1763940274.975695,1763940205,1,8,0.688732,-40.635172,0.447397,0.119032,0.000500,0.000000,0.500000,1
59.806375,1763940274.975695,1763940205,1,8,0.688732,-40.635172,0.447397,0.119032,0.000021,0.000000,0.500000,1
59.808376,1763940274.975695,1763940205,1,8,0.688732,-40.290806,0.447397,0.119032,0.000000,0.000000,0.500000,1
59.810378,1763940274.975695,1763940205,1,8,1.377463,-40.979538,0.447397,0.119032,0.000000,0.000000,0.500000,1
59.812376,1763940274.975695,1763940205,1,8,1.377463,-40.290806,0.447397,0.119032,0.000000,0.000000,0.500000,1
59.814378,1763940274.975695,1763940205,1,8,0.688732,-40.979538,0.447393,0.119032,-0.000940,0.000000,0.500000,1
59.816686,1763940274.975695,1763940205,1,8,0.688732,-40.979538,0.447393,0.119032,-0.000946,0.000000,0.500000,1
59.818530,1763940274.975695,1763940205,1,8,0.688732,-40.290806,0.447397,0.119032,0.000935,0.000000,0.500000,1
59.820533,1763940274.975695,1763940205,1,8,0.688732,-40.979538,0.447397,0.119032,0.000945,0.000000,0.500000,1
59.822411,1763940274.975695,1763940205,1,8,0.688732,-40.979538,0.447397,0.119032,0.000074,0.000000,0.500000,1
59.824389,1763940274.975695,1763940205,1,8,0.688732,-40.290806,0.447397,0.119032,0.000006,0.000000,0.500000,1
59.826403,1763940274.975695,1763940205,1,8,0.688732,-40.635172,0.447397,0.119032,0.000000,0.000000,0.500000,1
59.828403,1763940274.975695,1763940205,1,8,0.688732,-40.635172,0.447397,0.119032,0.000000,0.000000,0.500000,1
59.830402,1763940274.975695,1763940205,1,8,1.377463,-40.635172,0.447397,0.119032,0.000000,0.000000,0.500000,1
59.832403,1763940274.975695,1763940205,1,8,0.688732,-40.979538,0.447393,0.119032,-0.000872,0.000000,0.500000,1
59.834405,1763940274.975695,1763940205,1,8,0.688732,-40.290806,0.447397,0.119032,-0.000073,0.000000,0.500000,1
59.836602,1763940274.975695,1763940205,1,8,0.688732,-40.290806,0.447397,0.119032,0.000940,0.000000,0.500000,1
59.838602,1763940274.975695,1763940205,1,8,0.688732,-40.290806,0.447397,0.119032,0.000073,0.000000,0.500000,1
59.840602,1763940274.975695,1763940205,1,8,0.000000,-40.635172,0.447397,0.119032,0.000000,0.000000,0.500000,1
59.842603,1763940274.975695,1763940205,1,8,0.688732,-40.979538,0.447397,0.119032,0.000000,0.000000,0.500000,1
59.844604,1763940274.975695,1763940205,1,8,0.688732,-40.635172,0.447397,0.119032,-0.000446,0.000000,0.500000,1
59.846641,1763940274.975695,1763940205,1,8,0.688732,-40.290806,0.447393,0.119032,-0.000940,0.000000,0.500000,1
59.848606,1763940274.975695,1763940205,1,8,0.688732,-40.290806,0.447393,0.119032,-0.000500,0.000000,0.500000,1
59.850607,1763940274.975695,1763940205,1,8,0.688732,-40.290806,0.447397,0.119032,0.000869,0.000000,0.500000,1
59.852608,1763940274.975695,1763940205,1,8,0.000000,-40.635172,0.447393,0.119032,-0.000786,0.000000,0.500000,1
59.854610,1763940274.975695,1763940205,1,8,0.688732,-40.290806,0.447393,0.119032,-0.000944,0.000000,0.500000,1
59.856611,1763940274.975695,1763940205,1,8,0.688732,-40.290806,0.447393,0.119032,-0.000946,0.000000,0.500000,1
59.858612,1763940274.975695,1763940205,1,8,0.688732,-40.979538,0.447397,0.119032,0.000924,0.000000,0.500000,1
59.860614,1763940274.975695,1763940205,1,8,0.688732,-40.979538,0.447397,0.119032,0.000946,0.000000,0.500000,1
59.862614,1763940274.975695,1763940205,1,8,0.688732,-40.635172,0.447397,0.119032,0.000001,0.000000,0.500000,1
59.864615,1763940274.975695,1763940205,1,8,0.688732,-40.979538,0.447397,0.119032,0.000000,0.000000,0.500000,1
59.866615,1763940274.975695,1763940205,1,8,0.688732,-40.979538,0.447397,0.119032,0.000000,0.000000,0.500000,1
59.868618,1763940274.975695,1763940205,1,8,0.688732,-40.290806,0.447397,0.119032,0.000000,0.000000,0.500000,1
59.870620,1763940274.975695,1763940205,1,8,0.688732,-40.635172,0.447397,0.119032,0.000000,0.000000,0.500000,1
59.872627,1763940274.975695,1763940205,1,8,0.688732,-40.290806,0.447397,0.119032,0.000000,0.000000,0.500000,1
59.874598,1763940274.975695,1763940205,1,8,0.688732,-40.635172,0.447397,0.119032,0.000000,0.000000,0.500000,1
59.876599,1763940274.975695,1763940205,1,8,1.377463,-40.979538,0.447397,0.119032,0.000000,0.000000,0.500000,1
59.878599,1763940274.975695,1763940205,1,8,0.688732,-40.635172,0.447397,0.119032,0.000000,0.000000,0.500000,1
59.880601,1763940274.975695,1763940205,1,8,0.688732,-40.635172,0.447397,0.119032,0.000000,0.000000,0.500000,1
59.882601,1763940274.975695,1763940205,1,8,0.688732,-40.635172,0.447397,0.119032,0.000000,0.000000,0.500000,1
59.884603,1763940274.975695,1763940205,1,8,0.688732,-40.290806,0.447397,0.119032,0.000000,0.000000,0.500000,1
59.886603,1763940274.975695,1763940205,1,8,0.688732,-40.979538,0.447397,0.119032,0.000000,0.000000,0.500000,1
59.888589,1763940274.975695,1763940205,1,8,0.688732,-40.635172,0.447397,0.119032,0.000000,0.000000,0.500000,1
59.890588,1763940274.975695,1763940205,1,8,0.688732,-40.979538,0.447397,0.119032,0.000000,0.000000,0.500000,1
59.892590,1763940274.975695,1763940205,1,8,0.688732,-40.979538,0.447397,0.119032,0.000000,0.000000,0.500000,1
59.894590,1763940274.975695,1763940205,1,8,0.688732,-40.979538,0.447397,0.119032,-0.000806,0.000000,0.500000,1
59.896592,1763940274.975695,1763940205,1,8,1.377463,-40.979538,0.447397,0.119032,-0.000073,0.000000,0.500000,1
59.898622,1763940274.975695,1763940205,1,8,0.000000,-40.635172,0.447397,0.119032,0.000806,0.000000,0.500000,1
59.900594,1763940274.975695,1763940205,1,8,0.688732,-40.290806,0.447397,0.119032,0.000006,0.000000,0.500000,1
59.902594,1763940274.975695,1763940205,1,8,0.688732,-40.290806,0.447397,0.119032,0.000000,0.000000,0.500000,1
59.904593,1763940274.975695,1763940205,1,8,1.377463,-40.635172,0.447397,0.119032,0.000000,0.000000,0.500000,1
59.906596,1763940274.975695,1763940205,1,8,0.688732,-40.979538,0.447397,0.119032,0.000000,0.000000,0.500000,1
59.908585,1763940274.975695,1763940205,1,8,0.688732,-40.290806,0.447397,0.119032,0.000000,0.000000,0.500000,1
59.910586,1763940274.975695,1763940205,1,8,0.688732,-40.290806,0.447397,0.119032,0.000000,0.000000,0.500000,1
59.912586,1763940274.975695,1763940205,1,8,0.688732,-40.979538,0.447397,0.119032,0.000000,0.000000,0.500000,1
59.914587,1763940274.975695,1763940205,1,8,0.688732,-40.635172,0.447397,0.119032,0.000000,0.000000,0.500000,1
59.916588,1763940274.975695,1763940205,1,8,0.688732,-40.979538,0.447397,0.119032,0.000000,0.000000,0.500000,1
59.918588,1763940274.975695,1763940205,1,8,0.688732,-40.979538,0.447397,0.119032,0.000000,0.000000,0.500000,1
59.920590,1763940274.975695,1763940205,1,8,0.688732,-40.635172,0.447397,0.119032,0.000000,0.000000,0.500000,1
59.922589,1763940274.975695,1763940205,1,8,0.688732,-40.979538,0.447397,0.119032,0.000000,0.000000,0.500000,1
59.924615,1763940274.975695,1763940205,1,8,0.000000,-40.979538,0.447397,0.119032,0.000000,0.000000,0.500000,1
59.926591,1763940274.975695,1763940205,1,8,0.688732,-40.290806,0.447393,0.119032,-0.000872,0.000000,0.500000,1
59.928576,1763940274.975695,1763940205,1,8,0.688732,-40.635172,0.447393,0.119032,-0.000495,0.000000,0.500000,1
59.930577,1763940274.975695,1763940205,1,8,0.688732,-40.635172,0.447397,0.119032,-0.000003,0.000000,0.500000,1
59.932578,1763940274.975695,1763940205,1,8,0.688732,-40.290806,0.447397,0.119032,0.000020,0.000000,0.500000,1
59.934580,1763940274.975695,1763940205,1,8,0.688732,-40.290806,0.447397,0.119032,0.000000,0.000000,0.500000,1
59.936579,1763940274.975695,1763940205,1,8,1.377463,-40.290806,0.447397,0.119032,0.000000,0.000000,0.500000,1
59.938580,1763940274.975695,1763940205,1,8,0.688732,-40.635172,0.447397,0.119032,0.000000,0.000000,0.500000,1
59.940581,1763940274.975695,1763940205,1,8,0.688732,-40.635172,0.447397,0.119032,0.000000,0.000000,0.500000,1
59.942581,1763940274.975695,1763940205,1,8,0.688732,-40.290806,0.447397,0.119032,0.000000,0.000000,0.500000,1
59.944582,1763940274.975695,1763940205,1,8,0.688732,-40.635172,0.447397,0.119032,0.000000,0.000000,0.500000,1
59.946583,1763940274.975695,1763940205,1,8,0.688732,-40.635172,0.447397,0.119032,0.000000,0.000000,0.500000,1
59.948593,1763940274.975695,1763940205,1,8,0.688732,-40.635172,0.447397,0.119032,0.000000,0.000000,0.500000,1
59.950627,1763940274.975695,1763940205,1,8,0.688732,-40.290806,0.447397,0.119032,0.000000,0.000000,0.500000,1
59.952594,1763940274.975695,1763940205,1,8,0.688732,-40.290806,0.447397,0.119032,0.000000,0.000000,0.500000,1
59.954585,1763940274.975695,1763940205,1,8,0.688732,-40.635172,0.447393,0.119032,-0.000499,0.000000,0.500000,1
59.956602,1763940274.975695,1763940205,1,8,0.688732,-40.290806,0.447397,0.119032,0.000803,0.000000,0.500000,1
59.958603,1763940274.975695,1763940205,1,8,0.688732,-40.635172,0.447397,0.119032,0.000940,0.000000,0.500000,1
59.960588,1763940274.975695,1763940205,1,8,1.377463,-40.979538,0.447397,0.119032,0.000039,0.000000,0.500000,1
59.962598,1763940274.975695,1763940205,1,8,0.688732,-40.635172,0.447397,0.119032,0.000000,0.000000,0.500000,1
59.964589,1763940274.975695,1763940205,1,8,0.688732,-40.979538,0.447397,0.119032,0.000000,0.000000,0.500000,1
59.966606,1763940274.975695,1763940205,1,8,1.377463,-40.290806,0.447397,0.119032,0.000000,0.000000,0.500000,1
59.968607,1763940274.975695,1763940205,1,8,1.377463,-40.635172,0.447397,0.119032,0.000000,0.000000,0.500000,1
59.970607,1763940274.975695,1763940205,1,8,0.688732,-40.979538,0.447397,0.119032,0.000000,0.000000,0.500000,1
59.972608,1763940274.975695,1763940205,1,8,0.688732,-40.635172,0.447397,0.119032,0.000000,0.000000,0.500000,1
59.974608,1763940274.975695,1763940205,1,8,1.377463,-40.979538,0.447397,0.119032,0.000000,0.000000,0.500000,1
59.976634,1763940274.975695,1763940205,1,8,0.688732,-40.290806,0.447397,0.119032,0.000000,0.000000,0.500000,1
59.978609,1763940274.975695,1763940205,1,8,0.688732,-40.979538,0.447397,0.119032,0.000000,0.000000,0.500000,1
59.980612,1763940274.975695,1763940205,1,8,0.688732,-40.290806,0.447397,0.119032,0.000000,0.000000,0.500000,1
59.982596,1763940274.975695,1763940205,1,8,0.688732,-40.979538,0.447397,0.119032,0.000000,0.000000,0.500000,1
59.984612,1763940274.975695,1763940205,1,8,0.688732,-40.635172,0.447397,0.119032,0.000000,0.000000,0.500000,1
59.986613,1763940274.975695,1763940205,1,8,0.688732,-40.290806,0.447397,0.119032,0.000000,0.000000,0.500000,1
59.988614,1763940274.975695,1763940205,1,8,0.688732,-40.290806,0.447397,0.119032,0.000000,0.000000,0.500000,1
59.990615,1763940274.975695,1763940205,1,8,0.688732,-40.290806,0.447397,0.119032,0.000000,0.000000,0.500000,1
59.992616,1763940274.975695,1763940205,1,8,0.688732,-40.635172,0.447397,0.119032,0.000000,0.000000,0.500000,1
59.994600,1763940274.975695,1763940205,1,8,0.000000,-40.290806,0.447397,0.119032,0.000000,0.000000,0.500000,1
59.996602,1763940274.975695,1763940205,1,8,0.688732,-40.635172,0.447397,0.119032,0.000000,0.000000,0.500000,1
59.998601,1763940274.975695,1763940205,1,8,0.688732,-40.979538,0.447397,0.119032,0.000000,0.000000,0.500000,1
67.355474,1763940282.530761,1763940205,1,9,0.688732,-41.668270,0.447673,0.121432,0.000000,0.000000,0.500000,1
67.357497,1763940282.530761,1763940205,1,9,0.688732,-41.668270,0.447673,0.121432,0.000000,0.000000,0.500000,1
67.359509,1763940282.530761,1763940205,1,9,1.377463,-42.701367,0.447673,0.121432,0.000000,0.000000,0.500000,1
67.361470,1763940282.530761,1763940205,1,9,0.688732,-40.635172,0.447673,0.121432,0.000000,0.000000,0.500000,1
67.363488,1763940282.530761,1763940205,1,9,0.688732,-41.323904,0.447673,0.121432,0.000000,0.000000,0.500000,1
67.365487,1763940282.530761,1763940205,1,9,1.377463,-42.701367,0.447673,0.121432,0.000000,0.000000,0.500000,1
67.367464,1763940282.530761,1763940205,1,9,1.377463,-40.979538,0.447673,0.121432,0.000000,0.000000,0.500000,1
67.369457,1763940282.530761,1763940205,1,9,0.688732,-40.635172,0.447673,0.121432,0.000000,0.000000,0.500000,1
67.371453,1763940282.530761,1763940205,1,9,0.688732,-41.323904,0.447673,0.121432,0.000000,0.000000,0.500000,1
67.373452,1763940282.530761,1763940205,1,9,0.688732,-41.668270,0.447673,0.121432,0.000000,0.000000,0.500000,1
67.375463,1763940282.530761,1763940205,1,9,0.688732,-42.012636,0.447673,0.121432,0.000000,0.000000,0.500000,1
67.377464,1763940282.530761,1763940205,1,9,0.688732,-41.323904,0.447673,0.121432,0.000000,0.000000,0.500000,1
67.379463,1763940282.530761,1763940205,1,9,0.688732,-42.012636,0.447673,0.121432,0.000000,0.000000,0.500000,1
67.381485,1763940282.530761,1763940205,1,9,1.377463,-42.012636,0.447673,0.121432,0.000000,0.000000,0.500000,1
67.383467,1763940282.530761,1763940205,1,9,0.688732,-40.635172,0.447673,0.121432,0.000000,0.000000,0.500000,1
67.385471,1763940282.530761,1763940205,1,9,0.688732,-42.701367,0.447673,0.121432,0.000000,0.000000,0.500000,1
67.387476,1763940282.530761,1763940205,1,9,0.688732,-42.701367,0.447673,0.121432,0.000000,0.000000,0.500000,1
67.389491,1763940282.530761,1763940205,1,9,1.377463,-41.323904,0.447673,0.121432,0.000000,0.000000,0.500000,1
67.391487,1763940282.530761,1763940205,1,9,0.688732,-40.635172,0.447673,0.121432,0.000000,0.000000,0.500000,1
67.393495,1763940282.530761,1763940205,1,9,1.377463,-42.701367,0.447673,0.121432,0.000000,0.000000,0.500000,1
67.395502,1763940282.530761,1763940205,1,9,0.688732,-40.635172,0.447673,0.121432,0.000000,0.000000,0.500000,1
67.397517,1763940282.530761,1763940205,1,9,0.688732,-41.323904,0.447673,0.121432,0.000000,0.000000,0.500000,1
67.399517,1763940282.530761,1763940205,1,9,0.688732,-41.668270,0.447673,0.121432,0.000000,0.000000,0.500000,1
67.401519,1763940282.530761,1763940205,1,9,1.377463,-42.701367,0.447673,0.121432,0.000000,0.000000,0.500000,1
67.403520,1763940282.530761,1763940205,1,9,0.688732,-40.635172,0.447673,0.121432,0.000000,0.000000,0.500000,1
67.405529,1763940282.530761,1763940205,1,9,0.688732,-41.323904,0.447673,0.121432,0.000000,0.000000,0.500000,1
67.407523,1763940282.530761,1763940205,1,9,0.688732,-41.323904,0.447673,0.121432,0.000000,0.000000,0.500000,1
67.409528,1763940282.530761,1763940205,1,9,0.000000,-42.012636,0.447673,0.121432,0.000000,0.000000,0.500000,1
67.411529,1763940282.530761,1763940205,1,9,1.377463,-40.635172,0.447673,0.121432,0.000000,0.000000,0.500000,1
67.413529,1763940282.530761,1763940205,1,9,0.688732,-40.635172,0.447673,0.121432,0.000000,0.000000,0.500000,1
67.415548,1763940282.530761,1763940205,1,9,0.000000,-41.668270,0.447673,0.121432,0.000000,0.000000,0.500000,1
67.417534,1763940282.530761,1763940205,1,9,0.688732,-42.012636,0.447673,0.121432,0.000000,0.000000,0.500000,1
67.419540,1763940282.530761,1763940205,1,9,0.000000,-41.323904,0.447673,0.121432,0.000000,0.000000,0.500000,1
67.421540,1763940282.530761,1763940205,1,9,0.688732,-41.323904,0.447673,0.121432,0.000000,0.000000,0.500000,1
67.423541,1763940282.530761,1763940205,1,9,0.688732,-41.668270,0.447673,0.121432,0.000000,0.000000,0.500000,1
67.425542,1763940282.530761,1763940205,1,9,0.688732,-41.323904,0.447673,0.121432,0.000000,0.000000,0.500000,1
67.427542,1763940282.530761,1763940205,1,9,0.688732,-40.635172,0.447673,0.121432,0.000000,0.000000,0.500000,1
67.429542,1763940282.530761,1763940205,1,9,0.688732,-40.635172,0.447673,0.121432,0.000000,0.000000,0.500000,1
67.431543,1763940282.530761,1763940205,1,9,0.688732,-42.012636,0.447673,0.121432,0.000000,0.000000,0.500000,1
67.433552,1763940282.530761,1763940205,1,9,0.688732,-40.635172,0.447673,0.121432,0.000000,0.000000,0.500000,1
67.435545,1763940282.530761,1763940205,1,9,0.688732,-40.635172,0.447673,0.121432,0.000000,0.000000,0.500000,1
67.437556,1763940282.530761,1763940205,1,9,0.688732,-41.323904,0.447673,0.121432,0.000000,0.000000,0.500000,1
67.439558,1763940282.530761,1763940205,1,9,0.688732,-40.635172,0.447673,0.121432,0.000000,0.000000,0.500000,1
67.441579,1763940282.530761,1763940205,1,9,1.377463,-40.635172,0.447673,0.121432,0.000000,0.000000,0.500000,1
67.443558,1763940282.530761,1763940205,1,9,1.377463,-41.323904,0.447673,0.121432,0.000000,0.000000,0.500000,1
67.445559,1763940282.530761,1763940205,1,9,1.377463,-40.635172,0.447673,0.121432,0.000000,0.000000,0.500000,1
67.447560,1763940282.530761,1763940205,1,9,1.377463,-40.635172,0.447673,0.121432,0.000000,0.000000,0.500000,1
67.449561,1763940282.530761,1763940205,1,9,1.377463,-40.635172,0.447673,0.121432,0.000000,0.000000,0.500000,1
67.451561,1763940282.530761,1763940205,1,9,0.688732,-41.323904,0.447673,0.121432,0.000000,0.000000,0.500000,1
67.453561,1763940282.530761,1763940205,1,9,0.688732,-42.012636,0.447673,0.121432,0.000000,0.000000,0.500000,1
67.455562,1763940282.530761,1763940205,1,9,0.688732,-41.323904,0.447673,0.121432,0.000000,0.000000,0.500000,1
67.457575,1763940282.530761,1763940205,1,9,0.688732,-42.012636,0.447673,0.121432,0.000000,0.000000,0.500000,1
67.459564,1763940282.530761,1763940205,1,9,0.688732,-41.323904,0.447673,0.121432,0.000000,0.000000,0.500000,1
67.461564,1763940282.530761,1763940205,1,9,0.000000,-40.635172,0.447673,0.121432,0.000000,0.000000,0.500000,1
67.463565,1763940282.530761,1763940205,1,9,1.377463,-41.668270,0.447673,0.121432,0.000000,0.000000,0.500000,1
67.465581,1763940282.530761,1763940205,1,9,0.688732,-42.012636,0.447673,0.121432,0.000000,0.000000,0.500000,1
67.467590,1763940282.530761,1763940205,1,9,0.688732,-40.635172,0.447673,0.121432,0.000000,0.000000,0.500000,1
67.469566,1763940282.530761,1763940205,1,9,0.688732,-40.635172,0.447673,0.121432,0.000000,0.000000,0.500000,1
67.471568,1763940282.530761,1763940205,1,9,0.688732,-42.012636,0.447673,0.121432,0.000000,0.000000,0.500000,1
67.473568,1763940282.530761,1763940205,1,9,0.688732,-42.701367,0.447673,0.121432,0.000000,0.000000,0.500000,1
67.475569,1763940282.530761,1763940205,1,9,0.688732,-41.323904,0.447673,0.121432,0.000000,0.000000,0.500000,1
67.477569,1763940282.530761,1763940205,1,9,0.688732,-42.012636,0.447673,0.121432,0.000000,0.000000,0.500000,1
67.479570,1763940282.530761,1763940205,1,9,0.688732,-41.668270,0.447673,0.121432,0.000000,0.000000,0.500000,1
67.481571,1763940282.530761,1763940205,1,9,0.688732,-41.668270,0.447673,0.121432,0.000000,0.000000,0.500000,1
67.483572,1763940282.530761,1763940205,1,9,0.688732,-41.323904,0.447673,0.121432,0.000000,0.000000,0.500000,1
67.485571,1763940282.530761,1763940205,1,9,0.688732,-41.323904,0.447673,0.121432,0.000000,0.000000,0.500000,1
67.487512,1763940282.530761,1763940205,1,9,1.377463,-41.668270,0.447673,0.121432,0.000000,0.000000,0.500000,1
67.489511,1763940282.530761,1763940205,1,9,0.688732,-40.635172,0.447673,0.121432,0.000000,0.000000,0.500000,1
67.491514,1763940282.530761,1763940205,1,9,0.688732,-41.323904,0.447673,0.121432,0.000000,0.000000,0.500000,1
67.493550,1763940282.530761,1763940205,1,9,0.688732,-41.668270,0.447673,0.121432,0.000000,0.000000,0.500000,1
67.495526,1763940282.530761,1763940205,1,9,0.688732,-40.635172,0.447673,0.121432,0.000000,0.000000,0.500000,1
67.497528,1763940282.530761,1763940205,1,9,1.377463,-42.012636,0.447673,0.121432,0.000000,0.000000,0.500000,1
67.499535,1763940282.530761,1763940205,1,9,0.688732,-42.012636,0.447673,0.121432,0.000000,0.000000,0.500000,1
67.501535,1763940282.530761,1763940205,1,9,0.688732,-41.323904,0.447673,0.121432,0.000000,0.000000,0.500000,1
67.503646,1763940282.530761,1763940205,1,9,0.688732,-41.323904,0.447673,0.121432,0.000000,0.000000,0.500000,1
67.505648,1763940282.530761,1763940205,1,9,1.377463,-41.323904,0.447673,0.121432,0.000000,0.000000,0.500000,1
67.507648,1763940282.530761,1763940205,1,9,0.688732,-40.635172,0.447673,0.121432,0.000000,0.000000,0.500000,1
67.509649,1763940282.530761,1763940205,1,9,0.688732,-41.668270,0.447673,0.121432,0.000000,0.000000,0.500000,1
67.511650,1763940282.530761,1763940205,1,9,0.688732,-41.668270,0.447673,0.121432,0.000000,0.000000,0.500000,1
67.513651,1763940282.530761,1763940205,1,9,0.688732,-41.323904,0.447673,0.121432,0.000000,0.000000,0.500000,1
67.515652,1763940282.530761,1763940205,1,9,1.377463,-42.012636,0.447673,0.121432,0.000000,0.000000,0.500000,1
67.517654,1763940282.530761,1763940205,1,9,0.688732,-40.635172,0.447673,0.121432,0.000000,0.000000,0.500000,1
67.519666,1763940282.530761,1763940205,1,9,0.688732,-41.323904,0.447673,0.121432,0.000000,0.000000,0.500000,1
67.521633,1763940282.530761,1763940205,1,9,1.377463,-42.701367,0.447673,0.121432,0.000000,0.000000,0.500000,1
67.523634,1763940282.530761,1763940205,1,9,1.377463,-41.668270,0.447673,0.121432,0.000000,0.000000,0.500000,1
67.525634,1763940282.530761,1763940205,1,9,0.688732,-42.012636,0.447673,0.121432,0.000000,0.000000,0.500000,1
67.527637,1763940282.530761,1763940205,1,9,0.688732,-41.668270,0.447673,0.121432,0.000000,0.000000,0.500000,1
67.529635,1763940282.530761,1763940205,1,9,0.688732,-40.635172,0.447673,0.121432,0.000000,0.000000,0.500000,1
67.531621,1763940282.530761,1763940205,1,9,0.688732,-41.323904,0.447673,0.121432,0.000000,0.000000,0.500000,1
67.533544,1763940282.530761,1763940205,1,9,1.377463,-40.635172,0.447673,0.121432,0.000000,0.000000,0.500000,1
67.535639,1763940282.530761,1763940205,1,9,0.688732,-41.668270,0.447673,0.121432,0.000000,0.000000,0.500000,1
67.537623,1763940282.530761,1763940205,1,9,0.688732,-42.701367,0.447673,0.121432,0.000000,0.000000,0.500000,1
67.539624,1763940282.530761,1763940205,1,9,0.688732,-41.323904,0.447673,0.121432,0.000000,0.000000,0.500000,1
67.541625,1763940282.530761,1763940205,1,9,1.377463,-40.635172,0.447673,0.121432,0.000000,0.000000,0.500000,1
67.543627,1763940282.530761,1763940205,1,9,0.688732,-42.012636,0.447673,0.121432,0.000000,0.000000,0.500000,1
67.545650,1763940282.530761,1763940205,1,9,0.688732,-40.635172,0.447673,0.121432,0.000000,0.000000,0.500000,1
67.547616,1763940282.530761,1763940205,1,9,0.688732,-41.668270,0.447673,0.121432,0.000000,0.000000,0.500000,1
67.549617,1763940282.530761,1763940205,1,9,0.688732,-42.701367,0.447673,0.121432,0.000000,0.000000,0.500000,1
67.551623,1763940282.530761,1763940205,1,9,0.688732,-40.635172,0.447673,0.121432,0.000000,0.000000,0.500000,1
67.553619,1763940282.530761,1763940205,1,9,1.377463,-42.012636,0.447673,0.121432,0.000000,0.000000,0.500000,1
74.908463,1763940290.083693,1763940205,1,10,0.688732,-32.026025,0.448812,0.093824,0.000000,0.000000,0.500000,1
74.910464,1763940290.083693,1763940205,1,10,0.344366,-32.026025,0.448812,0.093824,0.000000,0.000000,0.500000,1
74.912464,1763940290.083693,1763940205,1,10,0.688732,-32.370391,0.448812,0.093824,0.000000,0.000000,0.500000,1
74.914465,1763940290.083693,1763940205,1,10,0.688732,-32.026025,0.448812,0.093824,0.000000,0.000000,0.500000,1
74.916481,1763940290.083693,1763940205,1,10,0.688732,-31.681660,0.448812,0.093824,0.000000,0.000000,0.500000,1
74.918494,1763940290.083693,1763940205,1,10,0.000000,-32.026025,0.448812,0.093824,0.000000,0.000000,0.500000,1
74.920438,1763940290.083693,1763940205,1,10,0.344366,-31.681660,0.448812,0.093824,0.000000,0.000000,0.500000,1
74.922536,1763940290.083693,1763940205,1,10,0.344366,-32.026025,0.448812,0.093824,0.000000,0.000000,0.500000,1
74.924537,1763940290.083693,1763940205,1,10,0.688732,-32.026025,0.448812,0.093824,0.000000,0.000000,0.500000,1
74.926539,1763940290.083693,1763940205,1,10,0.000000,-32.026025,0.448812,0.093824,0.000000,0.000000,0.500000,1
74.928541,1763940290.083693,1763940205,1,10,0.688732,-31.681660,0.448812,0.093824,0.000000,0.000000,0.500000,1
74.930541,1763940290.083693,1763940205,1,10,0.344366,-32.026025,0.448812,0.093824,0.000000,0.000000,0.500000,1
74.932579,1763940290.083693,1763940205,1,10,0.688732,-32.026025,0.448812,0.093824,0.000000,0.000000,0.500000,1
74.934543,1763940290.083693,1763940205,1,10,0.688732,-32.026025,0.448812,0.093824,0.000000,0.000000,0.500000,1
74.936545,1763940290.083693,1763940205,1,10,0.688732,-31.681660,0.448812,0.093824,0.000000,0.000000,0.500000,1
74.938546,1763940290.083693,1763940205,1,10,0.000000,-32.026025,0.448812,0.093824,0.000000,0.000000,0.500000,1
74.940547,1763940290.083693,1763940205,1,10,0.688732,-32.026025,0.448812,0.093824,0.000000,0.000000,0.500000,1
74.942548,1763940290.083693,1763940205,1,10,0.688732,-32.026025,0.448812,0.093824,0.000000,0.000000,0.500000,1
74.944549,1763940290.083693,1763940205,1,10,0.344366,-32.370391,0.448812,0.093824,0.000000,0.000000,0.500000,1
74.946550,1763940290.083693,1763940205,1,10,0.344366,-32.026025,0.448812,0.093824,0.000000,0.000000,0.500000,1
74.948552,1763940290.083693,1763940205,1,10,0.000000,-32.026025,0.448812,0.093824,0.000000,0.000000,0.500000,1
74.950551,1763940290.083693,1763940205,1,10,0.688732,-32.026025,0.448812,0.093824,0.000000,0.000000,0.500000,1
74.952449,1763940290.083693,1763940205,1,10,0.344366,-32.026025,0.448812,0.093824,0.000000,0.000000,0.500000,1
74.954554,1763940290.083693,1763940205,1,10,0.688732,-31.681660,0.448812,0.093824,0.000000,0.000000,0.500000,1
74.956556,1763940290.083693,1763940205,1,10,0.344366,-32.026025,0.448812,0.093824,0.000000,0.000000,0.500000,1
74.958563,1763940290.083693,1763940205,1,10,0.000000,-32.370391,0.448812,0.093824,0.000000,0.000000,0.500000,1
74.960536,1763940290.083693,1763940205,1,10,0.688732,-32.026025,0.448812,0.093824,0.000000,0.000000,0.500000,1
74.962536,1763940290.083693,1763940205,1,10,0.000000,-32.026025,0.448812,0.093824,0.000000,0.000000,0.500000,1
74.964537,1763940290.083693,1763940205,1,10,0.688732,-32.026025,0.448812,0.093824,0.000000,0.000000,0.500000,1
74.966537,1763940290.083693,1763940205,1,10,0.000000,-32.026025,0.448812,0.093824,0.000000,0.000000,0.500000,1
74.968539,1763940290.083693,1763940205,1,10,0.000000,-31.681660,0.448812,0.093824,0.000000,0.000000,0.500000,1
74.970539,1763940290.083693,1763940205,1,10,0.688732,-32.026025,0.448812,0.093824,0.000000,0.000000,0.500000,1
74.972524,1763940290.083693,1763940205,1,10,0.344366,-32.026025,0.448812,0.093824,0.000000,0.000000,0.500000,1
74.974524,1763940290.083693,1763940205,1,10,0.344366,-32.026025,0.448812,0.093824,0.000000,0.000000,0.500000,1
74.976526,1763940290.083693,1763940205,1,10,0.688732,-32.026025,0.448812,0.093824,0.000000,0.000000,0.500000,1
74.978527,1763940290.083693,1763940205,1,10,0.688732,-32.026025,0.448812,0.093824,0.000000,0.000000,0.500000,1
74.980528,1763940290.083693,1763940205,1,10,0.688732,-32.026025,0.448812,0.093824,0.000000,0.000000,0.500000,1
74.982529,1763940290.083693,1763940205,1,10,0.000000,-32.026025,0.448812,0.093824,0.000000,0.000000,0.500000,1
74.984559,1763940290.083693,1763940205,1,10,0.688732,-32.026025,0.448812,0.093824,0.000000,0.000000,0.500000,1
74.986530,1763940290.083693,1763940205,1,10,0.688732,-32.026025,0.448812,0.093824,0.000000,0.000000,0.500000,1
74.988531,1763940290.083693,1763940205,1,10,0.344366,-32.026025,0.448812,0.093824,0.000000,0.000000,0.500000,1
74.990532,1763940290.083693,1763940205,1,10,0.688732,-31.681660,0.448812,0.093824,0.000000,0.000000,0.500000,1
74.992521,1763940290.083693,1763940205,1,10,0.344366,-32.370391,0.448812,0.093824,0.000000,0.000000,0.500000,1
74.994522,1763940290.083693,1763940205,1,10,0.688732,-32.026025,0.448812,0.093824,0.000000,0.000000,0.500000,1
74.996522,1763940290.083693,1763940205,1,10,0.688732,-32.026025,0.448812,0.093824,0.000000,0.000000,0.500000,1
74.998517,1763940290.083693,1763940205,1,10,0.000000,-32.026025,0.448812,0.093824,0.000000,0.000000,0.500000,1
75.000524,1763940290.083693,1763940205,1,10,0.000000,-32.026025,0.448812,0.093824,0.000000,0.000000,0.500000,1
75.002524,1763940290.083693,1763940205,1,10,0.344366,-32.026025,0.448812,0.093824,0.000000,0.000000,0.500000,1
75.004523,1763940290.083693,1763940205,1,10,0.688732,-32.370391,0.448812,0.093824,0.000000,0.000000,0.500000,1
75.006448,1763940290.083693,1763940205,1,10,0.688732,-32.026025,0.448812,0.093824,0.000000,0.000000,0.500000,1
75.008445,1763940290.083693,1763940205,1,10,0.688732,-32.026025,0.448812,0.093824,0.000000,0.000000,0.500000,1
75.010473,1763940290.083693,1763940205,1,10,0.000000,-32.026025,0.448812,0.093824,0.000000,0.000000,0.500000,1
75.012456,1763940290.083693,1763940205,1,10,0.000000,-32.370391,0.448812,0.093824,0.000000,0.000000,0.500000,1
75.014463,1763940290.083693,1763940205,1,10,0.000000,-32.026025,0.448812,0.093824,0.000000,0.000000,0.500000,1
75.016472,1763940290.083693,1763940205,1,10,0.688732,-32.026025,0.448812,0.093824,0.000000,0.000000,0.500000,1
75.018475,1763940290.083693,1763940205,1,10,0.688732,-32.026025,0.448812,0.093824,0.000000,0.000000,0.500000,1
75.020475,1763940290.083693,1763940205,1,10,0.688732,-32.026025,0.448812,0.093824,0.000000,0.000000,0.500000,1
75.022476,1763940290.083693,1763940205,1,10,0.000000,-32.026025,0.448812,0.093824,0.000000,0.000000,0.500000,1
75.024478,1763940290.083693,1763940205,1,10,0.000000,-31.681660,0.448812,0.093824,0.000000,0.000000,0.500000,1
75.026587,1763940290.083693,1763940205,1,10,0.000000,-32.026025,0.448812,0.093824,0.000000,0.000000,0.500000,1
75.028587,1763940290.083693,1763940205,1,10,0.688732,-32.026025,0.448812,0.093824,0.000000,0.000000,0.500000,1
75.030589,1763940290.083693,1763940205,1,10,0.344366,-32.026025,0.448812,0.093824,0.000000,0.000000,0.500000,1
75.032589,1763940290.083693,1763940205,1,10,0.688732,-32.026025,0.448812,0.093824,0.000000,0.000000,0.500000,1
75.034591,1763940290.083693,1763940205,1,10,0.688732,-31.681660,0.448812,0.093824,0.000000,0.000000,0.500000,1
75.036629,1763940290.083693,1763940205,1,10,0.000000,-32.026025,0.448812,0.093824,0.000000,0.000000,0.500000,1
75.038493,1763940290.083693,1763940205,1,10,0.000000,-32.026025,0.448812,0.093824,0.000000,0.000000,0.500000,1
75.040486,1763940290.083693,1763940205,1,10,0.344366,-32.370391,0.448812,0.093824,0.000000,0.000000,0.500000,1
75.042489,1763940290.083693,1763940205,1,10,0.000000,-32.026025,0.448812,0.093824,0.000000,0.000000,0.500000,1
75.044487,1763940290.083693,1763940205,1,10,0.688732,-31.681660,0.448812,0.093824,0.000000,0.000000,0.500000,1
75.046600,1763940290.083693,1763940205,1,10,0.688732,-32.026025,0.448812,0.093824,0.000000,0.000000,0.500000,1
75.048599,1763940290.083693,1763940205,1,10,0.000000,-31.681660,0.448812,0.093824,0.000000,0.000000,0.500000,1
75.050599,1763940290.083693,1763940205,1,10,0.344366,-32.026025,0.448812,0.093824,0.000000,0.000000,0.500000,1
75.052601,1763940290.083693,1763940205,1,10,0.688732,-32.026025,0.448812,0.093824,0.000000,0.000000,0.500000,1
75.054602,1763940290.083693,1763940205,1,10,0.688732,-32.026025,0.448812,0.093824,0.000000,0.000000,0.500000,1
75.056603,1763940290.083693,1763940205,1,10,0.688732,-32.026025,0.448812,0.093824,0.000000,0.000000,0.500000,1
75.058605,1763940290.083693,1763940205,1,10,0.688732,-32.026025,0.448812,0.093824,0.000000,0.000000,0.500000,1
75.060605,1763940290.083693,1763940205,1,10,1.377463,-32.370391,0.448812,0.093824,0.000000,0.000000,0.500000,1
75.062640,1763940290.083693,1763940205,1,10,1.033098,-31.681660,0.448812,0.093824,0.000000,0.000000,0.500000,1
75.064608,1763940290.083693,1763940205,1,10,0.344366,-32.026025,0.448812,0.093824,0.000000,0.000000,0.500000,1
75.066608,1763940290.083693,1763940205,1,10,0.344366,-32.026025,0.448812,0.093824,0.000000,0.000000,0.500000,1
75.068609,1763940290.083693,1763940205,1,10,0.000000,-32.026025,0.448812,0.093824,0.000000,0.000000,0.500000,1
75.070610,1763940290.083693,1763940205,1,10,0.688732,-32.026025,0.448812,0.093824,0.000000,0.000000,0.500000,1
75.072588,1763940290.083693,1763940205,1,10,0.688732,-32.026025,0.448812,0.093824,0.000000,0.000000,0.500000,1
75.074589,1763940290.083693,1763940205,1,10,0.688732,-32.026025,0.448812,0.093824,0.000000,0.000000,0.500000,1
75.076590,1763940290.083693,1763940205,1,10,1.377463,-32.370391,0.448812,0.093824,0.000000,0.000000,0.500000,1
75.078591,1763940290.083693,1763940205,1,10,0.688732,-31.681660,0.448812,0.093824,0.000000,0.000000,0.500000,1
75.080591,1763940290.083693,1763940205,1,10,0.344366,-32.026025,0.448812,0.093824,0.000000,0.000000,0.500000,1
75.082592,1763940290.083693,1763940205,1,10,0.344366,-32.026025,0.448812,0.093824,0.000000,0.000000,0.500000,1
75.084592,1763940290.083693,1763940205,1,10,0.000000,-31.681660,0.448812,0.093824,0.000000,0.000000,0.500000,1
75.086579,1763940290.083693,1763940205,1,10,0.688732,-31.681660,0.448812,0.093824,0.000000,0.000000,0.500000,1
75.088608,1763940290.083693,1763940205,1,10,0.688732,-32.370391,0.448812,0.093824,0.000000,0.000000,0.500000,1
75.090579,1763940290.083693,1763940205,1,10,0.344366,-32.026025,0.448812,0.093824,0.000000,0.000000,0.500000,1
75.092580,1763940290.083693,1763940205,1,10,0.688732,-32.026025,0.448812,0.093824,0.000000,0.000000,0.500000,1
75.094581,1763940290.083693,1763940205,1,10,0.688732,-32.026025,0.448812,0.093824,0.000000,0.000000,0.500000,1
75.096581,1763940290.083693,1763940205,1,10,0.344366,-32.026025,0.448812,0.093824,0.000000,0.000000,0.500000,1
75.098582,1763940290.083693,1763940205,1,10,0.688732,-32.026025,0.448812,0.093824,0.000000,0.000000,0.500000,1
75.100583,1763940290.083693,1763940205,1,10,0.688732,-31.681660,0.448812,0.093824,0.000000,0.000000,0.500000,1
75.102583,1763940290.083693,1763940205,1,10,0.688732,-32.026025,0.448812,0.093824,0.000000,0.000000,0.500000,1
75.104583,1763940290.083693,1763940205,1,10,0.688732,-32.026025,0.448812,0.093824,0.000000,0.000000,0.500000,1
75.106573,1763940290.083693,1763940205,1,10,0.344366,-32.026025,0.448812,0.093824,0.000000,0.000000,0.500000,1
