time,sys_time,session_id,mode,trial,fx,fy,pos_x,pos_y,vel_x,vel_y,prob_left,preload_flag
7.328079,1765336366.617071,1765336347,1,1,-1.033098,1.721829,0.321025,0.000136,0.000000,0.000000,0.500000,0
7.330072,1765336366.617071,1765336347,1,1,-1.033098,1.721829,0.321025,0.000136,0.000000,0.000000,0.500000,0
7.332087,1765336366.617071,1765336347,1,1,-1.033098,1.377463,0.321025,0.000136,0.000000,0.000000,0.500000,0
7.334087,1765336366.617071,1765336347,1,1,0.000000,1.721829,0.321025,0.000136,0.000000,0.000000,0.500000,0
7.336075,1765336366.617071,1765336347,1,1,-1.721829,1.721829,0.321025,0.000136,0.000000,0.000000,0.500000,0
7.338070,1765336366.617071,1765336347,1,1,0.000000,2.066195,0.321025,0.000136,0.000000,0.000000,0.500000,0
7.340077,1765336366.617071,1765336347,1,1,-1.033098,1.377463,0.321025,0.000136,0.000000,0.000000,0.500000,0
7.342094,1765336366.617071,1765336347,1,1,-1.033098,1.721829,0.321025,0.000136,0.000000,0.000000,0.500000,0
7.344086,1765336366.617071,1765336347,1,1,-1.033098,1.721829,0.321025,0.000136,0.000000,0.000000,0.500000,0
7.346077,1765336366.617071,1765336347,1,1,0.000000,1.721829,0.321025,0.000136,0.000000,0.000000,0.500000,0
7.348071,1765336366.617071,1765336347,1,1,-1.033098,1.033098,0.321025,0.000136,0.000000,0.000000,0.500000,0
7.350073,1765336366.617071,1765336347,1,1,-1.033098,1.721829,0.321025,0.000136,0.000000,0.000000,0.500000,0
7.352077,1765336366.617071,1765336347,1,1,-1.033098,1.721829,0.321025,0.000136,0.000000,0.000000,0.500000,0
7.354092,1765336366.617071,1765336347,1,1,-1.033098,1.721829,0.321025,0.000136,0.000000,0.000000,0.500000,0
7.356090,1765336366.617071,1765336347,1,1,0.000000,1.377463,0.321025,0.000136,0.000000,0.000000,0.500000,0
7.358092,1765336366.617071,1765336347,1,1,-1.033098,1.377463,0.321025,0.000136,0.000000,0.000000,0.500000,0
7.360078,1765336366.617071,1765336347,1,1,-1.033098,1.721829,0.321025,0.000136,0.000000,0.000000,0.500000,0
7.362072,1765336366.617071,1765336347,1,1,-1.033098,1.377463,0.321025,0.000136,0.000000,0.000000,0.500000,0
7.364086,1765336366.617071,1765336347,1,1,-1.033098,1.721829,0.321025,0.000136,0.000000,0.000000,0.500000,0
7.366077,1765336366.617071,1765336347,1,1,-1.033098,1.377463,0.321025,0.000136,0.000000,0.000000,0.500000,0
7.368082,1765336366.617071,1765336347,1,1,-1.033098,1.721829,0.321025,0.000136,0.000000,0.000000,0.500000,0
7.370076,1765336366.617071,1765336347,1,1,-1.033098,1.721829,0.321025,0.000136,0.000000,0.000000,0.500000,0
7.372092,1765336366.617071,1765336347,1,1,-1.033098,1.377463,0.321025,0.000136,0.000000,0.000000,0.500000,0
7.374074,1765336366.617071,1765336347,1,1,0.344366,1.721829,0.321025,0.000136,0.000000,0.000000,0.500000,0
7.376091,1765336366.617071,1765336347,1,1,0.000000,1.721829,0.321025,0.000136,0.000000,0.000000,0.500000,0
7.378082,1765336366.617071,1765336347,1,1,-1.033098,1.721829,0.321025,0.000136,0.000000,0.000000,0.500000,0
7.380088,1765336366.617071,1765336347,1,1,-1.721829,1.721829,0.321025,0.000136,0.000000,0.000000,0.500000,0
7.382079,1765336366.617071,1765336347,1,1,-1.033098,1.377463,0.321025,0.000136,0.000000,0.000000,0.500000,0
7.384076,1765336366.617071,1765336347,1,1,0.000000,1.721829,0.321025,0.000136,0.000000,0.000000,0.500000,0
7.386079,1765336366.617071,1765336347,1,1,-1.033098,1.721829,0.321025,0.000136,0.000000,0.000000,0.500000,0
7.388094,1765336366.617071,1765336347,1,1,-1.033098,2.066195,0.321025,0.000136,0.000000,0.000000,0.500000,0
7.390079,1765336366.617071,1765336347,1,1,0.000000,1.721829,0.321025,0.000136,0.000000,0.000000,0.500000,0
7.392076,1765336366.617071,1765336347,1,1,-1.033098,1.721829,0.321025,0.000136,0.000000,0.000000,0.500000,0
7.394079,1765336366.617071,1765336347,1,1,-1.033098,1.721829,0.321025,0.000136,0.000000,0.000000,0.500000,0
7.396077,1765336366.617071,1765336347,1,1,-0.344366,1.721829,0.321025,0.000136,0.000000,0.000000,0.500000,0
7.398080,1765336366.617071,1765336347,1,1,-1.033098,1.721829,0.321025,0.000136,0.000000,0.000000,0.500000,0
7.400094,1765336366.617071,1765336347,1,1,-1.033098,1.377463,0.321025,0.000136,0.000000,0.000000,0.500000,0
7.402084,1765336366.617071,1765336347,1,1,-0.344366,1.721829,0.321025,0.000136,0.000000,0.000000,0.500000,0
7.404083,1765336366.617071,1765336347,1,1,0.000000,1.721829,0.321025,0.000136,0.000000,0.000000,0.500000,0
7.406085,1765336366.617071,1765336347,1,1,-1.033098,1.721829,0.321025,0.000136,0.000000,0.000000,0.500000,0
7.408077,1765336366.617071,1765336347,1,1,-1.033098,1.721829,0.321025,0.000136,0.000000,0.000000,0.500000,0
7.410098,1765336366.617071,1765336347,1,1,-1.033098,1.721829,0.321025,0.000136,0.000000,0.000000,0.500000,0
7.412100,1765336366.617071,1765336347,1,1,-1.033098,2.066195,0.321025,0.000136,0.000000,0.000000,0.500000,0
7.414097,1765336366.617071,1765336347,1,1,-1.033098,1.377463,0.321025,0.000136,0.000000,0.000000,0.500000,0
7.416082,1765336366.617071,1765336347,1,1,0.344366,2.066195,0.321025,0.000136,0.000000,0.000000,0.500000,0
7.418083,1765336366.617071,1765336347,1,1,0.000000,1.377463,0.321025,0.000136,0.000000,0.000000,0.500000,0
7.420081,1765336366.617071,1765336347,1,1,-1.033098,1.721829,0.321025,0.000136,0.000000,0.000000,0.500000,0
7.422080,1765336366.617071,1765336347,1,1,-1.033098,2.066195,0.321025,0.000136,0.000000,0.000000,0.500000,0
7.424098,1765336366.617071,1765336347,1,1,-1.033098,1.377463,0.321025,0.000136,0.000000,0.000000,0.500000,0
7.426085,1765336366.617071,1765336347,1,1,0.000000,1.377463,0.321025,0.000136,0.000000,0.000000,0.500000,0
7.428088,1765336366.617071,1765336347,1,1,0.000000,1.721829,0.321025,0.000136,0.000000,0.000000,0.500000,0
7.430081,1765336366.617071,1765336347,1,1,-0.344366,1.721829,0.321025,0.000136,0.000000,0.000000,0.500000,0
7.432089,1765336366.617071,1765336347,1,1,-1.033098,2.066195,0.321025,0.000136,0.000000,0.000000,0.500000,0
7.434083,1765336366.617071,1765336347,1,1,-1.033098,2.066195,0.321025,0.000136,0.000000,0.000000,0.500000,0
7.436100,1765336366.617071,1765336347,1,1,0.000000,1.721829,0.321025,0.000136,0.000000,0.000000,0.500000,0
7.438094,1765336366.617071,1765336347,1,1,-1.033098,1.721829,0.321025,0.000136,0.000000,0.000000,0.500000,0
7.440083,1765336366.617071,1765336347,1,1,0.000000,1.721829,0.321025,0.000136,0.000000,0.000000,0.500000,0
7.442090,1765336366.617071,1765336347,1,1,-1.033098,1.721829,0.321025,0.000136,0.000000,0.000000,0.500000,0
7.444089,1765336366.617071,1765336347,1,1,0.000000,1.721829,0.321025,0.000136,0.000000,0.000000,0.500000,0
7.446088,1765336366.617071,1765336347,1,1,0.344366,1.721829,0.321025,0.000136,0.000000,0.000000,0.500000,0
7.448089,1765336366.617071,1765336347,1,1,-1.033098,1.377463,0.321025,0.000136,0.000000,0.000000,0.500000,0
7.450104,1765336366.617071,1765336347,1,1,-1.033098,1.721829,0.321025,0.000136,0.000000,0.000000,0.500000,0
7.452084,1765336366.617071,1765336347,1,1,0.000000,1.721829,0.321025,0.000136,0.000000,0.000000,0.500000,0
7.454084,1765336366.617071,1765336347,1,1,-1.033098,1.721829,0.321025,0.000136,0.000000,0.000000,0.500000,0
7.456090,1765336366.617071,1765336347,1,1,0.000000,1.721829,0.321025,0.000136,0.000000,0.000000,0.500000,0
7.458084,1765336366.617071,1765336347,1,1,-1.033098,1.721829,0.321025,0.000136,0.000000,0.000000,0.500000,0
7.460092,1765336366.617071,1765336347,1,1,-1.033098,1.721829,0.321025,0.000136,0.000000,0.000000,0.500000,0
7.462100,1765336366.617071,1765336347,1,1,-1.033098,1.721829,0.321025,0.000136,0.000000,0.000000,0.500000,0
7.464084,1765336366.617071,1765336347,1,1,0.000000,1.721829,0.321025,0.000136,0.000000,0.000000,0.500000,0
7.466097,1765336366.617071,1765336347,1,1,-1.033098,2.066195,0.321025,0.000136,0.000000,0.000000,0.500000,0
7.468100,1765336366.617071,1765336347,1,1,0.344366,1.721829,0.321025,0.000136,0.000000,0.000000,0.500000,0
7.470091,1765336366.617071,1765336347,1,1,-1.033098,2.066195,0.321025,0.000136,0.000000,0.000000,0.500000,0
7.472085,1765336366.617071,1765336347,1,1,0.000000,2.066195,0.321025,0.000136,0.000000,0.000000,0.500000,0
7.474089,1765336366.617071,1765336347,1,1,-1.721829,2.066195,0.321025,0.000136,0.000000,0.000000,0.500000,0
7.476084,1765336366.617071,1765336347,1,1,0.000000,1.377463,0.321025,0.000136,0.000000,0.000000,0.500000,0
7.478101,1765336366.617071,1765336347,1,1,0.000000,1.377463,0.321025,0.000136,0.000000,0.000000,0.500000,0
7.480099,1765336366.617071,1765336347,1,1,0.344366,1.721829,0.321025,0.000136,0.000000,0.000000,0.500000,0
7.482103,1765336366.617071,1765336347,1,1,0.344366,1.721829,0.321025,0.000136,0.000000,0.000000,0.500000,0
7.484102,1765336366.617071,1765336347,1,1,0.000000,1.721829,0.321025,0.000136,0.000000,0.000000,0.500000,0
7.486093,1765336366.617071,1765336347,1,1,-0.344366,1.721829,0.321025,0.000136,0.000000,0.000000,0.500000,0
7.488089,1765336366.617071,1765336347,1,1,-1.033098,1.721829,0.321025,0.000136,0.000000,0.000000,0.500000,0
7.490092,1765336366.617071,1765336347,1,1,0.000000,1.721829,0.321025,0.000136,0.000000,0.000000,0.500000,0
7.492096,1765336366.617071,1765336347,1,1,-1.033098,1.721829,0.321025,0.000136,0.000000,0.000000,0.500000,0
7.494100,1765336366.617071,1765336347,1,1,0.000000,1.377463,0.321025,0.000136,0.000000,0.000000,0.500000,0
7.496107,1765336366.617071,1765336347,1,1,-0.344366,1.721829,0.321025,0.000136,0.000000,0.000000,0.500000,0
7.498101,1765336366.617071,1765336347,1,1,0.000000,1.377463,0.321025,0.000136,0.000000,0.000000,0.500000,0
7.500097,1765336366.617071,1765336347,1,1,0.000000,1.377463,0.321025,0.000136,0.000000,0.000000,0.500000,0
7.502111,1765336366.617071,1765336347,1,1,-1.033098,1.377463,0.321025,0.000136,0.000000,0.000000,0.500000,0
7.504102,1765336366.617071,1765336347,1,1,-1.033098,1.721829,0.321025,0.000136,0.000000,0.000000,0.500000,0
7.506110,1765336366.617071,1765336347,1,1,-1.033098,1.721829,0.321025,0.000136,0.000000,0.000000,0.500000,0
7.508098,1765336366.617071,1765336347,1,1,0.344366,1.721829,0.321025,0.000136,0.000000,0.000000,0.500000,0
7.510115,1765336366.617071,1765336347,1,1,-1.033098,1.721829,0.321025,0.000136,0.000000,0.000000,0.500000,0
7.512108,1765336366.617071,1765336347,1,1,-1.033098,1.721829,0.321025,0.000136,0.000000,0.000000,0.500000,0
7.514097,1765336366.617071,1765336347,1,1,-1.033098,1.721829,0.321025,0.000136,0.000000,0.000000,0.500000,0
7.516108,1765336366.617071,1765336347,1,1,-1.033098,1.721829,0.321025,0.000136,0.000000,0.000000,0.500000,0
7.518098,1765336366.617071,1765336347,1,1,0.000000,1.721829,0.321025,0.000136,0.000000,0.000000,0.500000,0
7.520114,1765336366.617071,1765336347,1,1,-1.033098,1.721829,0.321025,0.000136,0.000000,0.000000,0.500000,0
7.522112,1765336366.617071,1765336347,1,1,0.000000,1.721829,0.321025,0.000136,0.000000,0.000000,0.500000,0
7.524116,1765336366.617071,1765336347,1,1,0.000000,1.377463,0.321025,0.000136,0.000000,0.000000,0.500000,0
7.526107,1765336366.617071,1765336347,1,1,-1.033098,1.721829,0.321025,0.000136,0.000000,0.000000,0.500000,0
13.874703,1765336373.163702,1765336347,1,2,-1.033098,-7.576049,0.321018,0.010261,0.000000,0.000000,0.500000,0
13.876728,1765336373.163702,1765336347,1,2,-1.033098,-7.920415,0.321018,0.010261,0.000000,0.000000,0.500000,0
13.878728,1765336373.163702,1765336347,1,2,-0.344366,-7.920415,0.321018,0.010261,0.000000,0.000000,0.500000,0
13.880728,1765336373.163702,1765336347,1,2,0.000000,-8.264781,0.321018,0.010261,0.000000,0.000000,0.500000,0
13.882710,1765336373.163702,1765336347,1,2,-1.033098,-7.920415,0.321018,0.010261,0.000000,0.000000,0.500000,0
13.884722,1765336373.163702,1765336347,1,2,0.344366,-7.576049,0.321018,0.010261,0.000000,0.000000,0.500000,0
13.886706,1765336373.163702,1765336347,1,2,-1.033098,-7.576049,0.321018,0.010261,0.000000,0.000000,0.500000,0
13.888737,1765336373.163702,1765336347,1,2,-0.344366,-7.576049,0.321018,0.010261,0.000000,0.000000,0.500000,0
13.890726,1765336373.163702,1765336347,1,2,0.000000,-7.576049,0.321018,0.010261,0.000000,0.000000,0.500000,0
13.892709,1765336373.163702,1765336347,1,2,0.000000,-7.920415,0.321018,0.010261,0.000000,0.000000,0.500000,0
13.894729,1765336373.163702,1765336347,1,2,0.000000,-7.576049,0.321018,0.010261,0.000000,0.000000,0.500000,0
13.896723,1765336373.163702,1765336347,1,2,-1.033098,-8.264781,0.321018,0.010261,0.000000,0.000000,0.500000,0
13.898729,1765336373.163702,1765336347,1,2,0.000000,-8.264781,0.321018,0.010261,0.000000,0.000000,0.500000,0
13.900714,1765336373.163702,1765336347,1,2,-1.033098,-8.264781,0.321018,0.010261,0.000000,0.000000,0.500000,0
13.902726,1765336373.163702,1765336347,1,2,-0.344366,-7.576049,0.321018,0.010261,0.000000,0.000000,0.500000,0
13.904727,1765336373.163702,1765336347,1,2,0.000000,-7.576049,0.321018,0.010261,0.000000,0.000000,0.500000,0
13.906723,1765336373.163702,1765336347,1,2,-1.033098,-7.576049,0.321018,0.010261,0.000000,0.000000,0.500000,0
13.908725,1765336373.163702,1765336347,1,2,0.344366,-8.264781,0.321018,0.010261,0.000000,0.000000,0.500000,0
13.910720,1765336373.163702,1765336347,1,2,-1.033098,-8.264781,0.321018,0.010261,0.000000,0.000000,0.500000,0
13.912713,1765336373.163702,1765336347,1,2,0.000000,-7.576049,0.321018,0.010261,0.000000,0.000000,0.500000,0
13.914723,1765336373.163702,1765336347,1,2,0.000000,-8.264781,0.321018,0.010261,0.000000,0.000000,0.500000,0
13.916717,1765336373.163702,1765336347,1,2,-0.344366,-7.576049,0.321018,0.010261,0.000000,0.000000,0.500000,0
13.918713,1765336373.163702,1765336347,1,2,0.000000,-8.264781,0.321018,0.010261,0.000000,0.000000,0.500000,0
13.920713,1765336373.163702,1765336347,1,2,0.000000,-8.264781,0.321018,0.010261,0.000000,0.000000,0.500000,0
13.922716,1765336373.163702,1765336347,1,2,-1.033098,-8.264781,0.321018,0.010261,0.000000,0.000000,0.500000,0
13.924716,1765336373.163702,1765336347,1,2,-1.033098,-8.264781,0.321018,0.010261,0.000000,0.000000,0.500000,0
13.926718,1765336373.163702,1765336347,1,2,-1.033098,-8.264781,0.321018,0.010261,0.000000,0.000000,0.500000,0
13.928721,1765336373.163702,1765336347,1,2,0.000000,-7.576049,0.321018,0.010261,0.000000,0.000000,0.500000,0
13.930711,1765336373.163702,1765336347,1,2,-1.033098,-7.576049,0.321018,0.010261,0.000000,0.000000,0.500000,0
13.932717,1765336373.163702,1765336347,1,2,0.000000,-8.264781,0.321018,0.010261,0.000000,0.000000,0.500000,0
13.934729,1765336373.163702,1765336347,1,2,0.344366,-7.231683,0.321018,0.010261,0.000000,0.000000,0.500000,0
13.936730,1765336373.163702,1765336347,1,2,-1.033098,-7.920415,0.321018,0.010261,0.000000,0.000000,0.500000,0
13.938726,1765336373.163702,1765336347,1,2,0.000000,-7.920415,0.321018,0.010261,0.000000,0.000000,0.500000,0
13.940737,1765336373.163702,1765336347,1,2,-1.033098,-8.264781,0.321018,0.010261,0.000000,0.000000,0.500000,0
13.942728,1765336373.163702,1765336347,1,2,-0.344366,-8.264781,0.321018,0.010261,0.000000,0.000000,0.500000,0
13.944724,1765336373.163702,1765336347,1,2,-1.033098,-7.576049,0.321018,0.010261,0.000000,0.000000,0.500000,0
13.946729,1765336373.163702,1765336347,1,2,0.344366,-7.576049,0.321018,0.010261,0.000000,0.000000,0.500000,0
13.948733,1765336373.163702,1765336347,1,2,-1.033098,-7.576049,0.321018,0.010261,0.000000,0.000000,0.500000,0
13.950715,1765336373.163702,1765336347,1,2,-1.033098,-8.264781,0.321018,0.010261,0.000000,0.000000,0.500000,0
13.952720,1765336373.163702,1765336347,1,2,0.000000,-7.576049,0.321018,0.010261,0.000000,0.000000,0.500000,0
13.954717,1765336373.163702,1765336347,1,2,-1.033098,-7.920415,0.321018,0.010261,0.000000,0.000000,0.500000,0
13.956715,1765336373.163702,1765336347,1,2,0.000000,-7.920415,0.321018,0.010261,0.000000,0.000000,0.500000,0
13.958731,1765336373.163702,1765336347,1,2,-1.033098,-8.264781,0.321018,0.010261,0.000000,0.000000,0.500000,0
13.960718,1765336373.163702,1765336347,1,2,-1.033098,-7.576049,0.321018,0.010261,0.000000,0.000000,0.500000,0
13.962718,1765336373.163702,1765336347,1,2,-1.033098,-8.264781,0.321018,0.010261,0.000000,0.000000,0.500000,0
13.964716,1765336373.163702,1765336347,1,2,0.000000,-8.264781,0.321018,0.010261,0.000000,0.000000,0.500000,0
13.966729,1765336373.163702,1765336347,1,2,0.000000,-8.264781,0.321018,0.010261,0.000000,0.000000,0.500000,0
13.968718,1765336373.163702,1765336347,1,2,-1.033098,-8.264781,0.321018,0.010261,0.000000,0.000000,0.500000,0
13.970723,1765336373.163702,1765336347,1,2,-1.033098,-8.264781,0.321018,0.010261,0.000000,0.000000,0.500000,0
13.972735,1765336373.163702,1765336347,1,2,-1.721829,-7.576049,0.321018,0.010261,0.000000,0.000000,0.500000,0
13.974723,1765336373.163702,1765336347,1,2,0.000000,-7.576049,0.321018,0.010261,0.000000,0.000000,0.500000,0
13.976730,1765336373.163702,1765336347,1,2,-1.033098,-7.576049,0.321018,0.010261,0.000000,0.000000,0.500000,0
13.978717,1765336373.163702,1765336347,1,2,0.000000,-8.264781,0.321018,0.010261,0.000000,0.000000,0.500000,0
13.980723,1765336373.163702,1765336347,1,2,0.000000,-8.264781,0.321018,0.010261,0.000000,0.000000,0.500000,0
13.982722,1765336373.163702,1765336347,1,2,-1.033098,-8.264781,0.321018,0.010261,0.000000,0.000000,0.500000,0
13.984732,1765336373.163702,1765336347,1,2,0.344366,-7.920415,0.321018,0.010261,0.000000,0.000000,0.500000,0
13.986724,1765336373.163702,1765336347,1,2,-1.033098,-7.576049,0.321018,0.010261,0.000000,0.000000,0.500000,0
13.988722,1765336373.163702,1765336347,1,2,-1.033098,-8.264781,0.321018,0.010261,0.000000,0.000000,0.500000,0
13.990719,1765336373.163702,1765336347,1,2,-1.033098,-7.576049,0.321018,0.010261,0.000000,0.000000,0.500000,0
13.992721,1765336373.163702,1765336347,1,2,-1.033098,-8.264781,0.321018,0.010261,0.000000,0.000000,0.500000,0
13.994728,1765336373.163702,1765336347,1,2,0.344366,-8.264781,0.321018,0.010261,0.000000,0.000000,0.500000,0
13.996723,1765336373.163702,1765336347,1,2,-1.033098,-7.920415,0.321018,0.010261,0.000000,0.000000,0.500000,0
13.998748,1765336373.163702,1765336347,1,2,0.000000,-7.576049,0.321018,0.010261,0.000000,0.000000,0.500000,0
14.000737,1765336373.163702,1765336347,1,2,0.000000,-7.576049,0.321018,0.010261,0.000000,0.000000,0.500000,0
14.002739,1765336373.163702,1765336347,1,2,-1.033098,-7.576049,0.321018,0.010261,0.000000,0.000000,0.500000,0
14.004721,1765336373.163702,1765336347,1,2,0.344366,-8.264781,0.321018,0.010261,0.000000,0.000000,0.500000,0
14.006723,1765336373.163702,1765336347,1,2,-1.033098,-8.264781,0.321018,0.010261,0.000000,0.000000,0.500000,0
14.008723,1765336373.163702,1765336347,1,2,-1.033098,-7.576049,0.321018,0.010261,0.000000,0.000000,0.500000,0
14.010720,1765336373.163702,1765336347,1,2,0.000000,-8.264781,0.321018,0.010261,0.000000,0.000000,0.500000,0
14.012745,1765336373.163702,1765336347,1,2,-1.033098,-7.576049,0.321018,0.010261,0.000000,0.000000,0.500000,0
14.014724,1765336373.163702,1765336347,1,2,0.000000,-8.264781,0.321018,0.010261,0.000000,0.000000,0.500000,0
14.016722,1765336373.163702,1765336347,1,2,-1.033098,-7.576049,0.321018,0.010261,0.000000,0.000000,0.500000,0
14.018726,1765336373.163702,1765336347,1,2,0.344366,-7.576049,0.321018,0.010261,0.000000,0.000000,0.500000,0
14.020721,1765336373.163702,1765336347,1,2,-1.033098,-8.264781,0.321018,0.010261,0.000000,0.000000,0.500000,0
14.022723,1765336373.163702,1765336347,1,2,-1.033098,-8.264781,0.321018,0.010261,0.000000,0.000000,0.500000,0
14.024742,1765336373.163702,1765336347,1,2,0.000000,-8.264781,0.321018,0.010261,0.000000,0.000000,0.500000,0
14.026737,1765336373.163702,1765336347,1,2,-1.033098,-8.264781,0.321018,0.010261,0.000000,0.000000,0.500000,0
14.028725,1765336373.163702,1765336347,1,2,0.344366,-7.576049,0.321018,0.010261,0.000000,0.000000,0.500000,0
14.030731,1765336373.163702,1765336347,1,2,0.000000,-7.576049,0.321018,0.010261,0.000000,0.000000,0.500000,0
14.032725,1765336373.163702,1765336347,1,2,-1.033098,-7.576049,0.321018,0.010261,0.000000,0.000000,0.500000,0
14.034723,1765336373.163702,1765336347,1,2,-1.033098,-7.576049,0.321018,0.010261,0.000000,0.000000,0.500000,0
14.036745,1765336373.163702,1765336347,1,2,-1.033098,-7.920415,0.321018,0.010261,0.000000,0.000000,0.500000,0
14.038731,1765336373.163702,1765336347,1,2,-1.033098,-7.576049,0.321018,0.010261,0.000000,0.000000,0.500000,0
14.040728,1765336373.163702,1765336347,1,2,-1.033098,-8.264781,0.321018,0.010261,0.000000,0.000000,0.500000,0
14.042731,1765336373.163702,1765336347,1,2,-1.721829,-7.576049,0.321018,0.010261,0.000000,0.000000,0.500000,0
14.044730,1765336373.163702,1765336347,1,2,-1.033098,-7.576049,0.321018,0.010261,0.000000,0.000000,0.500000,0
14.046736,1765336373.163702,1765336347,1,2,0.344366,-8.264781,0.321018,0.010261,0.000000,0.000000,0.500000,0
14.048744,1765336373.163702,1765336347,1,2,0.000000,-8.264781,0.321018,0.010261,0.000000,0.000000,0.500000,0
14.050728,1765336373.163702,1765336347,1,2,-0.344366,-7.920415,0.321018,0.010261,0.000000,0.000000,0.500000,0
14.052725,1765336373.163702,1765336347,1,2,-1.033098,-8.264781,0.321018,0.010261,0.000000,0.000000,0.500000,0
14.054734,1765336373.163702,1765336347,1,2,-1.033098,-7.576049,0.321018,0.010261,0.000000,0.000000,0.500000,0
14.056731,1765336373.163702,1765336347,1,2,0.000000,-7.576049,0.321018,0.010261,0.000000,0.000000,0.500000,0
14.058731,1765336373.163702,1765336347,1,2,0.344366,-7.576049,0.321018,0.010261,0.000000,0.000000,0.500000,0
14.060745,1765336373.163702,1765336347,1,2,-1.033098,-7.576049,0.321018,0.010261,0.000000,0.000000,0.500000,0
14.062728,1765336373.163702,1765336347,1,2,0.000000,-7.576049,0.321018,0.010261,0.000000,0.000000,0.500000,0
14.064732,1765336373.163702,1765336347,1,2,-0.344366,-8.264781,0.321018,0.010261,0.000000,0.000000,0.500000,0
14.066733,1765336373.163702,1765336347,1,2,0.000000,-8.264781,0.321018,0.010261,0.000000,0.000000,0.500000,0
14.068728,1765336373.163702,1765336347,1,2,0.000000,-8.264781,0.321018,0.010261,0.000000,0.000000,0.500000,0
14.070738,1765336373.163702,1765336347,1,2,-1.721829,-8.264781,0.321018,0.010261,0.000000,0.000000,0.500000,0
14.072745,1765336373.163702,1765336347,1,2,0.000000,-7.576049,0.321018,0.010261,0.000000,0.000000,0.500000,0
20.443233,1765336379.732214,1765336347,1,3,-1.033098,-8.609147,0.321018,0.010689,0.000000,0.000000,0.500000,0
20.445239,1765336379.732214,1765336347,1,3,-1.721829,-8.609147,0.321018,0.010689,0.000000,0.000000,0.500000,0
20.447224,1765336379.732214,1765336347,1,3,0.000000,-8.609147,0.321018,0.010689,0.000000,0.000000,0.500000,0
20.449228,1765336379.732214,1765336347,1,3,0.000000,-8.609147,0.321018,0.010689,0.000000,0.000000,0.500000,0
20.451239,1765336379.732214,1765336347,1,3,-0.344366,-8.609147,0.321018,0.010689,0.000000,0.000000,0.500000,0
20.453217,1765336379.732214,1765336347,1,3,-1.033098,-8.609147,0.321018,0.010689,0.000000,0.000000,0.500000,0
20.455240,1765336379.732214,1765336347,1,3,-1.033098,-8.264781,0.321018,0.010689,0.000000,0.000000,0.500000,0
20.457235,1765336379.732214,1765336347,1,3,0.000000,-8.264781,0.321018,0.010689,0.000000,0.000000,0.500000,0
20.459226,1765336379.732214,1765336347,1,3,0.000000,-8.609147,0.321018,0.010689,0.000000,0.000000,0.500000,0
20.461233,1765336379.732214,1765336347,1,3,-1.033098,-8.609147,0.321018,0.010689,0.000000,0.000000,0.500000,0
20.463238,1765336379.732214,1765336347,1,3,0.000000,-8.609147,0.321018,0.010689,0.000000,0.000000,0.500000,0
20.465241,1765336379.732214,1765336347,1,3,0.000000,-8.609147,0.321018,0.010689,0.000000,0.000000,0.500000,0
20.467237,1765336379.732214,1765336347,1,3,-1.033098,-8.609147,0.321018,0.010689,0.000000,0.000000,0.500000,0
20.469269,1765336379.732214,1765336347,1,3,-1.033098,-8.609147,0.321018,0.010689,0.000000,0.000000,0.500000,0
20.471238,1765336379.732214,1765336347,1,3,0.000000,-8.609147,0.321018,0.010689,0.000000,0.000000,0.500000,0
20.473234,1765336379.732214,1765336347,1,3,-1.033098,-8.609147,0.321018,0.010689,0.000000,0.000000,0.500000,0
20.475224,1765336379.732214,1765336347,1,3,-1.033098,-8.609147,0.321018,0.010689,0.000000,0.000000,0.500000,0
20.477223,1765336379.732214,1765336347,1,3,-1.033098,-8.609147,0.321018,0.010689,0.000000,0.000000,0.500000,0
20.479242,1765336379.732214,1765336347,1,3,0.344366,-8.609147,0.321018,0.010689,0.000000,0.000000,0.500000,0
20.481223,1765336379.732214,1765336347,1,3,-1.033098,-8.609147,0.321018,0.010689,0.000000,0.000000,0.500000,0
20.483234,1765336379.732214,1765336347,1,3,0.000000,-8.609147,0.321018,0.010689,0.000000,0.000000,0.500000,0
20.485240,1765336379.732214,1765336347,1,3,0.000000,-8.609147,0.321018,0.010689,0.000000,0.000000,0.500000,0
20.487235,1765336379.732214,1765336347,1,3,0.344366,-8.609147,0.321018,0.010689,0.000000,0.000000,0.500000,0
20.489227,1765336379.732214,1765336347,1,3,-1.033098,-8.609147,0.321018,0.010689,0.000005,0.000000,0.500000,0
20.491226,1765336379.732214,1765336347,1,3,-1.033098,-8.264781,0.321018,0.010689,-0.000872,0.000000,0.500000,0
20.493240,1765336379.732214,1765336347,1,3,0.344366,-8.609147,0.321018,0.010689,-0.000068,0.000000,0.500000,0
20.495247,1765336379.732214,1765336347,1,3,-1.033098,-8.609147,0.321018,0.010689,-0.000000,0.000000,0.500000,0
20.497244,1765336379.732214,1765336347,1,3,-0.344366,-8.953512,0.321018,0.010689,0.000000,0.000000,0.500000,0
20.499244,1765336379.732214,1765336347,1,3,-1.033098,-8.609147,0.321018,0.010689,0.000000,0.000000,0.500000,0
20.501228,1765336379.732214,1765336347,1,3,-1.033098,-8.609147,0.321018,0.010689,0.000000,0.000000,0.500000,0
20.503239,1765336379.732214,1765336347,1,3,0.344366,-8.609147,0.321018,0.010689,0.000000,0.000000,0.500000,0
20.505229,1765336379.732214,1765336347,1,3,0.000000,-8.609147,0.321018,0.010689,0.000000,0.000000,0.500000,0
20.507232,1765336379.732214,1765336347,1,3,0.000000,-8.609147,0.321018,0.010689,0.000000,0.000000,0.500000,0
20.509231,1765336379.732214,1765336347,1,3,0.000000,-8.953512,0.321018,0.010689,0.000000,0.000000,0.500000,0
20.511250,1765336379.732214,1765336347,1,3,-1.033098,-8.264781,0.321018,0.010689,0.000000,0.000000,0.500000,0
20.513234,1765336379.732214,1765336347,1,3,0.000000,-8.609147,0.321018,0.010689,0.000000,0.000000,0.500000,0
20.515246,1765336379.732214,1765336347,1,3,0.000000,-8.264781,0.321018,0.010689,0.000000,0.000000,0.500000,0
20.517236,1765336379.732214,1765336347,1,3,0.000000,-8.609147,0.321018,0.010689,0.000000,0.000000,0.500000,0
20.519229,1765336379.732214,1765336347,1,3,-1.033098,-8.609147,0.321018,0.010689,0.000000,0.000000,0.500000,0
20.521252,1765336379.732214,1765336347,1,3,0.000000,-8.609147,0.321018,0.010689,0.000000,0.000000,0.500000,0
20.523238,1765336379.732214,1765336347,1,3,0.000000,-8.609147,0.321018,0.010689,0.000000,0.000000,0.500000,0
20.525244,1765336379.732214,1765336347,1,3,-1.033098,-8.609147,0.321018,0.010689,0.000000,0.000000,0.500000,0
20.527243,1765336379.732214,1765336347,1,3,-1.033098,-8.609147,0.321018,0.010689,0.000000,0.000000,0.500000,0
20.529234,1765336379.732214,1765336347,1,3,0.000000,-8.264781,0.321018,0.010689,0.000000,0.000000,0.500000,0
20.531231,1765336379.732214,1765336347,1,3,0.000000,-8.609147,0.321018,0.010689,0.000000,0.000000,0.500000,0
20.533247,1765336379.732214,1765336347,1,3,-1.033098,-8.264781,0.321018,0.010689,0.000000,0.000000,0.500000,0
20.535249,1765336379.732214,1765336347,1,3,-1.033098,-8.609147,0.321018,0.010689,0.000000,0.000000,0.500000,0
20.537233,1765336379.732214,1765336347,1,3,0.000000,-8.609147,0.321018,0.010689,0.000000,0.000000,0.500000,0
20.539240,1765336379.732214,1765336347,1,3,-1.721829,-8.609147,0.321018,0.010689,0.000000,0.000000,0.500000,0
20.541231,1765336379.732214,1765336347,1,3,-1.033098,-8.264781,0.321018,0.010689,0.000000,0.000000,0.500000,0
20.543235,1765336379.732214,1765336347,1,3,-0.344366,-8.609147,0.321018,0.010689,0.000000,0.000000,0.500000,0
20.545244,1765336379.732214,1765336347,1,3,-0.344366,-8.609147,0.321018,0.010689,0.000000,0.000000,0.500000,0
20.547265,1765336379.732214,1765336347,1,3,0.000000,-8.609147,0.321018,0.010689,0.000000,0.000000,0.500000,0
20.549243,1765336379.732214,1765336347,1,3,-1.033098,-8.609147,0.321018,0.010689,0.000000,0.000000,0.500000,0
20.551251,1765336379.732214,1765336347,1,3,0.000000,-7.920415,0.321018,0.010689,0.000000,0.000000,0.500000,0
20.553243,1765336379.732214,1765336347,1,3,-1.033098,-8.609147,0.321018,0.010689,0.000000,0.000000,0.500000,0
20.555249,1765336379.732214,1765336347,1,3,-1.033098,-8.609147,0.321018,0.010689,0.000000,0.000000,0.500000,0
20.557240,1765336379.732214,1765336347,1,3,-1.033098,-8.609147,0.321018,0.010689,0.000000,0.000000,0.500000,0
20.559238,1765336379.732214,1765336347,1,3,-1.033098,-8.264781,0.321018,0.010689,0.000000,0.000000,0.500000,0
20.561242,1765336379.732214,1765336347,1,3,-1.033098,-8.609147,0.321018,0.010689,0.000000,0.000000,0.500000,0
20.563236,1765336379.732214,1765336347,1,3,-1.721829,-8.609147,0.321018,0.010689,0.000000,0.000000,0.500000,0
20.565233,1765336379.732214,1765336347,1,3,0.000000,-8.609147,0.321018,0.010689,0.000000,0.000000,0.500000,0
20.567233,1765336379.732214,1765336347,1,3,-1.033098,-8.609147,0.321018,0.010689,0.000000,0.000000,0.500000,0
20.569236,1765336379.732214,1765336347,1,3,0.000000,-8.609147,0.321018,0.010689,0.000000,0.000000,0.500000,0
20.571256,1765336379.732214,1765336347,1,3,-1.033098,-8.953512,0.321018,0.010689,0.000000,0.000000,0.500000,0
20.573260,1765336379.732214,1765336347,1,3,0.000000,-8.609147,0.321018,0.010689,0.000000,0.000000,0.500000,0
20.575245,1765336379.732214,1765336347,1,3,-1.033098,-8.609147,0.321018,0.010689,0.000000,0.000000,0.500000,0
20.577235,1765336379.732214,1765336347,1,3,0.000000,-8.609147,0.321018,0.010689,0.000000,0.000000,0.500000,0
20.579237,1765336379.732214,1765336347,1,3,0.000000,-8.609147,0.321018,0.010689,0.000000,0.000000,0.500000,0
20.581240,1765336379.732214,1765336347,1,3,-1.033098,-8.609147,0.321018,0.010689,0.000000,0.000000,0.500000,0
20.583235,1765336379.732214,1765336347,1,3,-1.033098,-8.609147,0.321018,0.010689,0.000000,0.000000,0.500000,0
20.585257,1765336379.732214,1765336347,1,3,-1.033098,-8.953512,0.321018,0.010689,0.000000,0.000000,0.500000,0
20.587259,1765336379.732214,1765336347,1,3,-1.033098,-8.609147,0.321018,0.010689,0.000000,0.000000,0.500000,0
20.589238,1765336379.732214,1765336347,1,3,-0.344366,-8.609147,0.321018,0.010689,0.000000,0.000000,0.500000,0
20.591236,1765336379.732214,1765336347,1,3,-1.721829,-8.264781,0.321018,0.010689,0.000000,0.000000,0.500000,0
20.593251,1765336379.732214,1765336347,1,3,-1.033098,-8.609147,0.321018,0.010689,0.000000,0.000000,0.500000,0
20.595239,1765336379.732214,1765336347,1,3,-1.033098,-8.609147,0.321018,0.010689,0.000000,0.000000,0.500000,0
20.597245,1765336379.732214,1765336347,1,3,-1.033098,-8.609147,0.321018,0.010689,0.000000,0.000000,0.500000,0
20.599266,1765336379.732214,1765336347,1,3,-1.033098,-8.609147,0.321018,0.010689,0.000000,0.000000,0.500000,0
20.601241,1765336379.732214,1765336347,1,3,-1.033098,-8.609147,0.321018,0.010689,0.000000,0.000000,0.500000,0
20.603250,1765336379.732214,1765336347,1,3,-1.033098,-8.609147,0.321018,0.010689,0.000000,0.000000,0.500000,0
20.605242,1765336379.732214,1765336347,1,3,-1.033098,-8.609147,0.321018,0.010689,0.000000,0.000000,0.500000,0
20.607246,1765336379.732214,1765336347,1,3,-1.033098,-8.609147,0.321018,0.010689,0.000000,0.000000,0.500000,0
20.609238,1765336379.732214,1765336347,1,3,-1.033098,-8.609147,0.321018,0.010689,0.000000,0.000000,0.500000,0
20.611241,1765336379.732214,1765336347,1,3,0.000000,-8.609147,0.321018,0.010689,0.000000,0.000000,0.500000,0
20.613267,1765336379.732214,1765336347,1,3,-1.033098,-8.609147,0.321018,0.010689,0.000000,0.000000,0.500000,0
20.615240,1765336379.732214,1765336347,1,3,-1.033098,-8.264781,0.321022,0.010689,0.000925,0.000000,0.500000,0
20.617243,1765336379.732214,1765336347,1,3,-1.033098,-8.609147,0.321022,0.010689,0.000499,0.000000,0.500000,0
20.619252,1765336379.732214,1765336347,1,3,-1.033098,-8.609147,0.321018,0.010689,-0.000679,0.000000,0.500000,0
20.621245,1765336379.732214,1765336347,1,3,-1.033098,-8.609147,0.321018,0.010689,-0.000499,0.000000,0.500000,0
20.623240,1765336379.732214,1765336347,1,3,-1.033098,-8.609147,0.321018,0.010689,-0.000000,0.000000,0.500000,0
20.625258,1765336379.732214,1765336347,1,3,-1.033098,-8.609147,0.321018,0.010689,0.000000,0.000000,0.500000,0
20.627245,1765336379.732214,1765336347,1,3,0.000000,-8.609147,0.321018,0.010689,0.000000,0.000000,0.500000,0
20.629260,1765336379.732214,1765336347,1,3,0.000000,-8.264781,0.321018,0.010689,0.000000,0.000000,0.500000,0
20.631242,1765336379.732214,1765336347,1,3,-1.033098,-8.609147,0.321022,0.010689,0.000940,0.000000,0.500000,0
20.633253,1765336379.732214,1765336347,1,3,-1.033098,-8.609147,0.321018,0.010689,0.000021,0.000000,0.500000,0
20.635245,1765336379.732214,1765336347,1,3,-1.033098,-8.609147,0.321018,0.010689,-0.000871,0.000000,0.500000,0
20.637256,1765336379.732214,1765336347,1,3,0.000000,-8.264781,0.321018,0.010689,-0.000264,0.000000,0.500000,0
20.639257,1765336379.732214,1765336347,1,3,0.344366,-8.609147,0.321018,0.010689,-0.000021,0.000000,0.500000,0
20.641251,1765336379.732214,1765336347,1,3,-1.033098,-8.609147,0.321018,0.010685,0.000000,-0.000682,0.500000,0
26.998445,1765336386.287425,1765336347,1,4,-1.033098,-8.264781,0.321491,0.010564,0.000000,0.000000,0.500000,0
27.000453,1765336386.287425,1765336347,1,4,-1.721829,-8.264781,0.321491,0.010564,0.000000,0.000000,0.500000,0
27.002441,1765336386.287425,1765336347,1,4,-1.033098,-8.264781,0.321491,0.010564,0.000000,0.000000,0.500000,0
27.004441,1765336386.287425,1765336347,1,4,-0.688732,-8.264781,0.321491,0.010564,0.000000,0.000000,0.500000,0
27.006446,1765336386.287425,1765336347,1,4,-1.033098,-8.264781,0.321491,0.010564,0.000000,0.000000,0.500000,0
27.008453,1765336386.287425,1765336347,1,4,-1.033098,-8.264781,0.321491,0.010564,0.000000,0.000000,0.500000,0
27.010456,1765336386.287425,1765336347,1,4,-1.721829,-7.920415,0.321491,0.010564,0.000000,0.000000,0.500000,0
27.012438,1765336386.287425,1765336347,1,4,-1.721829,-8.264781,0.321491,0.010564,0.000000,0.000000,0.500000,0
27.014436,1765336386.287425,1765336347,1,4,-1.033098,-8.264781,0.321491,0.010564,0.000000,0.000000,0.500000,0
27.016437,1765336386.287425,1765336347,1,4,-1.033098,-8.264781,0.321491,0.010564,0.000000,0.000000,0.500000,0
27.018436,1765336386.287425,1765336347,1,4,-1.033098,-8.264781,0.321491,0.010564,0.000000,0.000000,0.500000,0
27.020451,1765336386.287425,1765336347,1,4,-1.721829,-8.264781,0.321491,0.010564,0.000000,0.000000,0.500000,0
27.022459,1765336386.287425,1765336347,1,4,-1.033098,-8.264781,0.321491,0.010564,0.000000,0.000000,0.500000,0
27.024443,1765336386.287425,1765336347,1,4,-1.721829,-8.264781,0.321491,0.010564,0.000000,0.000000,0.500000,0
27.026439,1765336386.287425,1765336347,1,4,-1.033098,-8.264781,0.321491,0.010564,0.000000,0.000000,0.500000,0
27.028445,1765336386.287425,1765336347,1,4,-1.033098,-8.264781,0.321491,0.010564,0.000000,0.000000,0.500000,0
27.030440,1765336386.287425,1765336347,1,4,-1.033098,-8.264781,0.321491,0.010564,0.000000,0.000000,0.500000,0
27.032438,1765336386.287425,1765336347,1,4,-1.721829,-8.264781,0.321491,0.010564,0.000000,0.000000,0.500000,0
27.034443,1765336386.287425,1765336347,1,4,-1.721829,-7.920415,0.321491,0.010564,0.000000,0.000000,0.500000,0
27.036450,1765336386.287425,1765336347,1,4,-1.721829,-8.264781,0.321491,0.010564,0.000000,0.000000,0.500000,0
27.038443,1765336386.287425,1765336347,1,4,-1.721829,-7.576049,0.321491,0.010564,0.000000,0.000000,0.500000,0
27.040444,1765336386.287425,1765336347,1,4,-0.688732,-8.264781,0.321491,0.010564,0.000000,0.000000,0.500000,0
27.042441,1765336386.287425,1765336347,1,4,-1.033098,-8.264781,0.321491,0.010564,0.000000,0.000000,0.500000,0
27.044441,1765336386.287425,1765336347,1,4,-1.033098,-8.264781,0.321491,0.010564,0.000000,0.000000,0.500000,0
27.046450,1765336386.287425,1765336347,1,4,-1.033098,-8.264781,0.321491,0.010564,0.000000,0.000000,0.500000,0
27.048440,1765336386.287425,1765336347,1,4,-1.033098,-8.264781,0.321491,0.010564,0.000000,0.000000,0.500000,0
27.050460,1765336386.287425,1765336347,1,4,-1.033098,-8.609147,0.321491,0.010564,0.000000,0.000000,0.500000,0
27.052461,1765336386.287425,1765336347,1,4,-0.688732,-8.264781,0.321491,0.010564,0.000000,0.000000,0.500000,0
27.054446,1765336386.287425,1765336347,1,4,-1.721829,-8.264781,0.321491,0.010564,0.000000,0.000000,0.500000,0
27.056447,1765336386.287425,1765336347,1,4,-0.688732,-8.264781,0.321491,0.010564,0.000000,0.000000,0.500000,0
27.058451,1765336386.287425,1765336347,1,4,-1.033098,-8.264781,0.321491,0.010564,0.000000,0.000000,0.500000,0
27.060443,1765336386.287425,1765336347,1,4,-1.721829,-8.264781,0.321491,0.010564,0.000000,0.000000,0.500000,0
27.062458,1765336386.287425,1765336347,1,4,-1.721829,-8.264781,0.321491,0.010564,0.000000,0.000000,0.500000,0
27.064450,1765336386.287425,1765336347,1,4,-1.033098,-8.264781,0.321491,0.010564,0.000000,0.000000,0.500000,0
27.066451,1765336386.287425,1765336347,1,4,-2.066195,-8.609147,0.321491,0.010564,0.000000,0.000000,0.500000,0
27.068443,1765336386.287425,1765336347,1,4,-1.033098,-8.264781,0.321491,0.010564,0.000000,0.000000,0.500000,0
27.070445,1765336386.287425,1765336347,1,4,-1.033098,-8.264781,0.321491,0.010564,0.000000,0.000000,0.500000,0
27.072444,1765336386.287425,1765336347,1,4,-1.721829,-8.264781,0.321491,0.010564,0.000000,0.000000,0.500000,0
27.074444,1765336386.287425,1765336347,1,4,-1.721829,-8.264781,0.321491,0.010564,0.000000,0.000000,0.500000,0
27.076471,1765336386.287425,1765336347,1,4,-1.033098,-8.264781,0.321491,0.010564,0.000000,0.000000,0.500000,0
27.078440,1765336386.287425,1765336347,1,4,-1.033098,-7.576049,0.321491,0.010564,0.000000,0.000000,0.500000,0
27.080447,1765336386.287425,1765336347,1,4,-1.033098,-8.264781,0.321491,0.010564,0.000000,0.000000,0.500000,0
27.082448,1765336386.287425,1765336347,1,4,0.000000,-8.264781,0.321491,0.010564,0.000000,0.000000,0.500000,0
27.084444,1765336386.287425,1765336347,1,4,-1.033098,-8.264781,0.321491,0.010564,0.000000,0.000000,0.500000,0
27.086445,1765336386.287425,1765336347,1,4,-1.721829,-8.264781,0.321491,0.010564,0.000000,0.000000,0.500000,0
27.088446,1765336386.287425,1765336347,1,4,-1.033098,-8.264781,0.321491,0.010564,0.000000,0.000000,0.500000,0
27.090445,1765336386.287425,1765336347,1,4,-1.033098,-8.264781,0.321491,0.010564,0.000000,0.000000,0.500000,0
27.092444,1765336386.287425,1765336347,1,4,-1.033098,-8.264781,0.321491,0.010564,0.000000,0.000000,0.500000,0
27.094476,1765336386.287425,1765336347,1,4,-1.033098,-8.264781,0.321491,0.010564,0.000000,0.000000,0.500000,0
27.096453,1765336386.287425,1765336347,1,4,-1.721829,-8.264781,0.321491,0.010564,0.000000,0.000000,0.500000,0
27.098447,1765336386.287425,1765336347,1,4,-1.721829,-8.609147,0.321491,0.010564,0.000000,0.000000,0.500000,0
27.100454,1765336386.287425,1765336347,1,4,-0.344366,-8.264781,0.321491,0.010564,0.000000,0.000000,0.500000,0
27.102450,1765336386.287425,1765336347,1,4,-1.033098,-7.576049,0.321491,0.010564,0.000000,0.000000,0.500000,0
27.104444,1765336386.287425,1765336347,1,4,-1.033098,-8.264781,0.321491,0.010564,0.000000,0.000000,0.500000,0
27.106464,1765336386.287425,1765336347,1,4,-1.033098,-8.264781,0.321491,0.010564,0.000000,0.000000,0.500000,0
27.108457,1765336386.287425,1765336347,1,4,-1.033098,-7.576049,0.321491,0.010564,0.000000,0.000000,0.500000,0
27.110446,1765336386.287425,1765336347,1,4,-1.033098,-8.264781,0.321491,0.010564,0.000000,0.000000,0.500000,0
27.112445,1765336386.287425,1765336347,1,4,-1.033098,-8.264781,0.321491,0.010564,0.000000,0.000000,0.500000,0
27.114452,1765336386.287425,1765336347,1,4,-1.033098,-8.264781,0.321491,0.010564,0.000000,0.000000,0.500000,0
27.116447,1765336386.287425,1765336347,1,4,-1.721829,-8.264781,0.321491,0.010564,0.000000,0.000000,0.500000,0
27.118450,1765336386.287425,1765336347,1,4,-1.033098,-8.264781,0.321491,0.010564,0.000000,0.000000,0.500000,0
27.120455,1765336386.287425,1765336347,1,4,-1.033098,-8.609147,0.321491,0.010564,0.000000,0.000000,0.500000,0
27.122445,1765336386.287425,1765336347,1,4,-1.721829,-8.264781,0.321491,0.010564,0.000000,0.000000,0.500000,0
27.124444,1765336386.287425,1765336347,1,4,-1.721829,-7.576049,0.321491,0.010564,0.000000,0.000000,0.500000,0
27.126442,1765336386.287425,1765336347,1,4,-1.033098,-8.264781,0.321491,0.010564,0.000000,0.000000,0.500000,0
27.128481,1765336386.287425,1765336347,1,4,-1.033098,-8.264781,0.321491,0.010564,0.000000,0.000000,0.500000,0
27.130479,1765336386.287425,1765336347,1,4,-1.721829,-8.264781,0.321491,0.010564,0.000000,0.000000,0.500000,0
27.132465,1765336386.287425,1765336347,1,4,-1.033098,-7.920415,0.321491,0.010564,0.000000,0.000000,0.500000,0
27.134465,1765336386.287425,1765336347,1,4,-1.721829,-8.264781,0.321491,0.010564,0.000000,0.000000,0.500000,0
27.136470,1765336386.287425,1765336347,1,4,-1.033098,-8.264781,0.321491,0.010564,0.000000,0.000000,0.500000,0
27.138458,1765336386.287425,1765336347,1,4,-1.033098,-8.264781,0.321491,0.010564,0.000000,0.000000,0.500000,0
27.140465,1765336386.287425,1765336347,1,4,-1.033098,-8.264781,0.321491,0.010564,0.000000,0.000000,0.500000,0
27.142462,1765336386.287425,1765336347,1,4,-1.721829,-8.264781,0.321491,0.010564,0.000000,0.000000,0.500000,0
27.144460,1765336386.287425,1765336347,1,4,-1.033098,-7.576049,0.321491,0.010564,0.000000,0.000000,0.500000,0
27.146459,1765336386.287425,1765336347,1,4,-1.033098,-8.264781,0.321491,0.010564,0.000000,0.000000,0.500000,0
27.148485,1765336386.287425,1765336347,1,4,-1.721829,-7.576049,0.321491,0.010564,0.000000,0.000000,0.500000,0
27.150482,1765336386.287425,1765336347,1,4,-1.721829,-7.576049,0.321491,0.010564,0.000000,0.000000,0.500000,0
27.152457,1765336386.287425,1765336347,1,4,-1.721829,-8.264781,0.321491,0.010564,0.000000,0.000000,0.500000,0
27.154487,1765336386.287425,1765336347,1,4,0.000000,-8.264781,0.321491,0.010564,0.000000,0.000000,0.500000,0
27.156456,1765336386.287425,1765336347,1,4,-1.033098,-8.264781,0.321491,0.010564,0.000000,0.000000,0.500000,0
27.158454,1765336386.287425,1765336347,1,4,-1.721829,-7.920415,0.321491,0.010564,0.000000,0.000000,0.500000,0
27.160464,1765336386.287425,1765336347,1,4,-1.033098,-8.264781,0.321491,0.010564,0.000000,0.000000,0.500000,0
27.162452,1765336386.287425,1765336347,1,4,-1.721829,-8.264781,0.321491,0.010564,0.000000,0.000000,0.500000,0
27.164465,1765336386.287425,1765336347,1,4,-1.721829,-8.264781,0.321491,0.010564,0.000000,0.000000,0.500000,0
27.166453,1765336386.287425,1765336347,1,4,-0.688732,-8.264781,0.321491,0.010564,0.000000,0.000000,0.500000,0
27.168448,1765336386.287425,1765336347,1,4,-1.033098,-8.264781,0.321491,0.010564,0.000000,0.000000,0.500000,0
27.170483,1765336386.287425,1765336347,1,4,-1.721829,-8.264781,0.321491,0.010564,0.000000,0.000000,0.500000,0
27.172470,1765336386.287425,1765336347,1,4,-1.721829,-8.609147,0.321491,0.010564,0.000000,0.000000,0.500000,0
27.174453,1765336386.287425,1765336347,1,4,-1.033098,-8.264781,0.321491,0.010564,0.000000,0.000000,0.500000,0
27.176453,1765336386.287425,1765336347,1,4,-1.721829,-7.576049,0.321491,0.010564,0.000000,0.000000,0.500000,0
27.178454,1765336386.287425,1765336347,1,4,-1.721829,-8.264781,0.321491,0.010564,0.000000,0.000000,0.500000,0
27.180458,1765336386.287425,1765336347,1,4,-1.033098,-8.264781,0.321491,0.010564,0.000000,0.000000,0.500000,0
27.182454,1765336386.287425,1765336347,1,4,-1.721829,-8.264781,0.321491,0.010564,0.000000,0.000000,0.500000,0
27.184474,1765336386.287425,1765336347,1,4,-1.721829,-8.264781,0.321491,0.010564,0.000000,0.000000,0.500000,0
27.186454,1765336386.287425,1765336347,1,4,-1.033098,-7.576049,0.321491,0.010564,0.000000,0.000000,0.500000,0
27.188452,1765336386.287425,1765336347,1,4,-1.033098,-8.264781,0.321491,0.010564,0.000000,0.000000,0.500000,0
27.190460,1765336386.287425,1765336347,1,4,-1.721829,-8.264781,0.321491,0.010564,0.000000,0.000000,0.500000,0
27.192466,1765336386.287425,1765336347,1,4,-0.688732,-8.264781,0.321491,0.010564,0.000000,0.000000,0.500000,0
27.194464,1765336386.287425,1765336347,1,4,-1.721829,-7.576049,0.321491,0.010564,0.000000,0.000000,0.500000,0
27.196471,1765336386.287425,1765336347,1,4,-1.721829,-8.264781,0.321491,0.010564,0.000000,0.000000,0.500000,0
38.537654,1765336397.826630,1765336347,1,5,4.132390,0.000000,0.316071,0.001154,0.000000,-0.000003,0.500000,0
38.539634,1765336397.826630,1765336347,1,5,4.132390,0.000000,0.316071,0.001154,0.000000,0.000000,0.500000,0
38.541628,1765336397.826630,1765336347,1,5,4.132390,0.000000,0.316071,0.001154,0.000000,0.000000,0.500000,0
38.543630,1765336397.826630,1765336347,1,5,3.443659,2.066195,0.316071,0.001154,0.000000,0.000000,0.500000,0
38.545635,1765336397.826630,1765336347,1,5,3.443659,0.688732,0.316071,0.001154,0.000000,0.000000,0.500000,0
38.547633,1765336397.826630,1765336347,1,5,4.132390,0.688732,0.316071,0.001154,0.000000,0.000000,0.500000,0
38.549637,1765336397.826630,1765336347,1,5,3.443659,0.688732,0.316071,0.001154,0.000000,0.000000,0.500000,0
38.551636,1765336397.826630,1765336347,1,5,3.788025,1.377463,0.316071,0.001154,0.000000,0.000000,0.500000,0
38.553646,1765336397.826630,1765336347,1,5,4.132390,0.000000,0.316071,0.001158,0.000000,0.000907,0.500000,0
38.555643,1765336397.826630,1765336347,1,5,3.443659,0.000000,0.316075,0.001158,0.000907,0.000946,0.500000,0
38.557645,1765336397.826630,1765336347,1,5,4.132390,0.000000,0.316075,0.001158,0.000500,0.000039,0.500000,0
38.559643,1765336397.826630,1765336347,1,5,4.132390,0.000000,0.316075,0.001158,0.000003,0.000000,0.500000,0
38.561644,1765336397.826630,1765336347,1,5,4.132390,0.000000,0.316075,0.001158,0.000000,0.000000,0.500000,0
38.563638,1765336397.826630,1765336347,1,5,4.132390,0.000000,0.316075,0.001158,0.000000,0.000000,0.500000,0
38.565638,1765336397.826630,1765336347,1,5,4.132390,1.377463,0.316075,0.001158,0.000000,0.000000,0.500000,0
38.567640,1765336397.826630,1765336347,1,5,3.099293,1.377463,0.316075,0.001158,0.000000,0.000000,0.500000,0
38.569638,1765336397.826630,1765336347,1,5,4.132390,1.377463,0.316075,0.001158,0.000000,0.000000,0.500000,0
38.571635,1765336397.826630,1765336347,1,5,3.443659,0.688732,0.316075,0.001158,0.000000,0.000000,0.500000,0
38.573635,1765336397.826630,1765336347,1,5,3.443659,0.000000,0.316075,0.001158,0.000000,0.000000,0.500000,0
38.575668,1765336397.826630,1765336347,1,5,3.099293,1.377463,0.316075,0.001158,0.000000,0.000000,0.500000,0
38.577642,1765336397.826630,1765336347,1,5,4.132390,0.000000,0.316075,0.001158,0.000000,0.000000,0.500000,0
38.579664,1765336397.826630,1765336347,1,5,3.443659,0.000000,0.316075,0.001158,0.000000,0.000000,0.500000,0
38.581650,1765336397.826630,1765336347,1,5,4.132390,1.377463,0.316075,0.001158,0.000000,0.000000,0.500000,0
38.583637,1765336397.826630,1765336347,1,5,4.132390,0.000000,0.316075,0.001158,0.000000,0.000000,0.500000,0
38.585637,1765336397.826630,1765336347,1,5,2.754927,0.000000,0.316075,0.001158,0.000000,0.000000,0.500000,0
38.587637,1765336397.826630,1765336347,1,5,4.132390,1.377463,0.316075,0.001158,0.000000,0.000000,0.500000,0
38.589648,1765336397.826630,1765336347,1,5,3.099293,0.688732,0.316075,0.001158,0.000000,0.000000,0.500000,0
38.591646,1765336397.826630,1765336347,1,5,4.132390,0.000000,0.316075,0.001158,0.000000,0.000000,0.500000,0
38.593641,1765336397.826630,1765336347,1,5,4.132390,0.688732,0.316075,0.001158,0.000000,0.000000,0.500000,0
38.595643,1765336397.826630,1765336347,1,5,4.132390,0.688732,0.316078,0.001158,0.000926,0.000000,0.500000,0
38.597637,1765336397.826630,1765336347,1,5,4.132390,1.377463,0.316078,0.001158,0.000946,0.000000,0.500000,0
38.599642,1765336397.826630,1765336347,1,5,4.132390,0.000000,0.316078,0.001158,0.000001,0.000000,0.500000,0
38.601634,1765336397.826630,1765336347,1,5,4.132390,0.000000,0.316078,0.001158,0.000000,0.000000,0.500000,0
38.603632,1765336397.826630,1765336347,1,5,4.132390,0.000000,0.316078,0.001158,0.000000,0.000000,0.500000,0
38.605635,1765336397.826630,1765336347,1,5,4.132390,0.688732,0.316078,0.001158,0.000000,0.000000,0.500000,0
38.607639,1765336397.826630,1765336347,1,5,3.443659,0.688732,0.316078,0.001158,0.000000,0.000000,0.500000,0
38.609634,1765336397.826630,1765336347,1,5,4.132390,0.000000,0.316078,0.001158,0.000000,0.000000,0.500000,0
38.611631,1765336397.826630,1765336347,1,5,4.132390,1.377463,0.316078,0.001158,0.000000,0.000000,0.500000,0
38.613634,1765336397.826630,1765336347,1,5,4.132390,1.377463,0.316078,0.001158,0.000000,0.000000,0.500000,0
38.615672,1765336397.826630,1765336347,1,5,4.132390,0.000000,0.316078,0.001158,0.000000,0.000000,0.500000,0
38.617646,1765336397.826630,1765336347,1,5,3.443659,0.000000,0.316078,0.001158,0.000000,0.000000,0.500000,0
38.619639,1765336397.826630,1765336347,1,5,4.132390,1.377463,0.316078,0.001158,0.000000,0.000000,0.500000,0
38.621641,1765336397.826630,1765336347,1,5,3.443659,0.688732,0.316078,0.001158,0.000000,0.000000,0.500000,0
38.623642,1765336397.826630,1765336347,1,5,4.132390,0.688732,0.316078,0.001158,0.000000,0.000000,0.500000,0
38.625642,1765336397.826630,1765336347,1,5,3.443659,0.688732,0.316078,0.001158,0.000000,0.000000,0.500000,0
38.627640,1765336397.826630,1765336347,1,5,4.132390,1.033098,0.316078,0.001158,0.000000,0.000000,0.500000,0
38.629656,1765336397.826630,1765336347,1,5,4.132390,0.000000,0.316078,0.001158,0.000000,0.000000,0.500000,0
38.631644,1765336397.826630,1765336347,1,5,3.443659,1.377463,0.316078,0.001158,0.000000,0.000000,0.500000,0
38.633631,1765336397.826630,1765336347,1,5,4.132390,1.377463,0.316078,0.001158,0.000000,0.000000,0.500000,0
38.635635,1765336397.826630,1765336347,1,5,3.099293,0.688732,0.316078,0.001154,0.000000,-0.000940,0.500000,0
38.637655,1765336397.826630,1765336347,1,5,3.099293,0.000000,0.316078,0.001154,0.000000,-0.000946,0.500000,0
38.639661,1765336397.826630,1765336347,1,5,4.132390,0.000000,0.316078,0.001154,0.000000,-0.000074,0.500000,0
38.641656,1765336397.826630,1765336347,1,5,4.132390,0.688732,0.316078,0.001154,0.000000,-0.000000,0.500000,0
38.643640,1765336397.826630,1765336347,1,5,4.132390,1.377463,0.316082,0.001154,0.000806,0.000000,0.500000,0
38.645637,1765336397.826630,1765336347,1,5,4.132390,1.377463,0.316082,0.001154,0.000935,0.000000,0.500000,0
38.647645,1765336397.826630,1765336347,1,5,3.099293,0.000000,0.316082,0.001154,0.000946,0.000000,0.500000,0
38.649644,1765336397.826630,1765336347,1,5,4.132390,0.000000,0.316082,0.001154,0.000001,0.000000,0.500000,0
38.651641,1765336397.826630,1765336347,1,5,4.132390,0.688732,0.316082,0.001154,0.000000,0.000000,0.500000,0
38.653635,1765336397.826630,1765336347,1,5,2.754927,1.377463,0.316082,0.001154,0.000000,0.000000,0.500000,0
38.655650,1765336397.826630,1765336347,1,5,3.099293,0.688732,0.316082,0.001154,0.000000,0.000000,0.500000,0
38.657686,1765336397.826630,1765336347,1,5,4.132390,0.688732,0.316082,0.001158,0.000000,0.000872,0.500000,0
38.659685,1765336397.826630,1765336347,1,5,3.099293,0.688732,0.316082,0.001158,0.000000,0.000946,0.500000,0
38.661681,1765336397.826630,1765336347,1,5,3.099293,0.000000,0.316082,0.001158,0.000000,0.000074,0.500000,0
38.663675,1765336397.826630,1765336347,1,5,4.132390,1.377463,0.316082,0.001158,0.000000,0.000001,0.500000,0
38.665651,1765336397.826630,1765336347,1,5,3.099293,0.000000,0.316082,0.001158,0.000000,0.000000,0.500000,0
38.667646,1765336397.826630,1765336347,1,5,4.132390,0.000000,0.316082,0.001158,0.000000,0.000000,0.500000,0
38.669651,1765336397.826630,1765336347,1,5,4.132390,0.688732,0.316082,0.001158,0.000000,0.000000,0.500000,0
38.671650,1765336397.826630,1765336347,1,5,3.099293,0.688732,0.316082,0.001158,0.000000,0.000000,0.500000,0
38.673657,1765336397.826630,1765336347,1,5,3.099293,0.688732,0.316082,0.001158,0.000000,0.000000,0.500000,0
38.675648,1765336397.826630,1765336347,1,5,4.132390,0.000000,0.316082,0.001158,0.000000,0.000000,0.500000,0
38.677683,1765336397.826630,1765336347,1,5,4.132390,0.000000,0.316082,0.001158,0.000000,0.000000,0.500000,0
38.679647,1765336397.826630,1765336347,1,5,2.754927,0.000000,0.316082,0.001158,0.000000,0.000000,0.500000,0
38.681647,1765336397.826630,1765336347,1,5,4.132390,0.000000,0.316082,0.001158,0.000000,0.000000,0.500000,0
38.683653,1765336397.826630,1765336347,1,5,4.132390,0.000000,0.316082,0.001158,0.000000,0.000000,0.500000,0
38.685644,1765336397.826630,1765336347,1,5,4.132390,1.377463,0.316082,0.001158,0.000000,0.000000,0.500000,0
38.687643,1765336397.826630,1765336347,1,5,4.132390,0.000000,0.316082,0.001158,0.000000,0.000000,0.500000,0
38.689647,1765336397.826630,1765336347,1,5,4.132390,0.688732,0.316082,0.001158,0.000000,0.000000,0.500000,0
38.691645,1765336397.826630,1765336347,1,5,3.099293,0.000000,0.316082,0.001158,0.000000,0.000000,0.500000,0
38.693651,1765336397.826630,1765336347,1,5,4.132390,0.688732,0.316082,0.001158,0.000000,0.000000,0.500000,0
38.695651,1765336397.826630,1765336347,1,5,3.443659,1.377463,0.316082,0.001158,0.000000,0.000000,0.500000,0
38.697663,1765336397.826630,1765336347,1,5,3.099293,0.000000,0.316082,0.001158,0.000000,0.000000,0.500000,0
38.699672,1765336397.826630,1765336347,1,5,3.443659,0.000000,0.316082,0.001158,0.000000,0.000000,0.500000,0
38.701669,1765336397.826630,1765336347,1,5,3.443659,0.000000,0.316082,0.001158,0.000000,0.000000,0.500000,0
38.703674,1765336397.826630,1765336347,1,5,2.754927,0.000000,0.316082,0.001158,0.000000,0.000000,0.500000,0
38.705655,1765336397.826630,1765336347,1,5,3.099293,0.688732,0.316082,0.001158,0.000000,0.000000,0.500000,0
38.707658,1765336397.826630,1765336347,1,5,4.132390,0.000000,0.316082,0.001158,0.000000,0.000000,0.500000,0
38.709643,1765336397.826630,1765336347,1,5,3.099293,0.688732,0.316082,0.001158,0.000000,0.000000,0.500000,0
38.711648,1765336397.826630,1765336347,1,5,3.443659,0.000000,0.316082,0.001158,0.000000,0.000000,0.500000,0
38.713662,1765336397.826630,1765336347,1,5,3.099293,1.377463,0.316082,0.001158,0.000000,0.000000,0.500000,0
38.715644,1765336397.826630,1765336347,1,5,3.443659,0.000000,0.316082,0.001158,0.000000,0.000000,0.500000,0
38.717645,1765336397.826630,1765336347,1,5,4.132390,0.000000,0.316082,0.001158,0.000000,0.000000,0.500000,0
38.719647,1765336397.826630,1765336347,1,5,3.443659,1.377463,0.316082,0.001158,0.000000,0.000000,0.500000,0
38.721656,1765336397.826630,1765336347,1,5,4.132390,0.000000,0.316082,0.001158,0.000000,0.000000,0.500000,0
38.723643,1765336397.826630,1765336347,1,5,4.132390,0.000000,0.316082,0.001158,0.000000,0.000000,0.500000,0
38.725658,1765336397.826630,1765336347,1,5,3.443659,0.000000,0.316082,0.001158,0.000000,0.000000,0.500000,0
38.727658,1765336397.826630,1765336347,1,5,4.132390,0.000000,0.316082,0.001158,0.000000,0.000000,0.500000,0
38.729657,1765336397.826630,1765336347,1,5,4.132390,0.688732,0.316082,0.001158,0.000000,0.000000,0.500000,0
38.731672,1765336397.826630,1765336347,1,5,2.754927,1.377463,0.316082,0.001158,0.000000,0.000000,0.500000,0
38.733659,1765336397.826630,1765336347,1,5,4.132390,0.000000,0.316082,0.001158,0.000000,0.000000,0.500000,0
38.735664,1765336397.826630,1765336347,1,5,4.132390,0.000000,0.316082,0.001158,0.000000,0.000000,0.500000,0
45.102135,1765336404.391094,1765336347,1,6,2.754927,-9.986610,0.316567,0.011813,0.000000,0.000000,0.500000,1
45.104138,1765336404.391094,1765336347,1,6,3.099293,-9.642244,0.316567,0.011813,0.000000,0.000000,0.500000,1
45.106133,1765336404.391094,1765336347,1,6,3.099293,-9.642244,0.316567,0.011813,0.000000,0.000000,0.500000,1
45.108121,1765336404.391094,1765336347,1,6,3.099293,-9.642244,0.316567,0.011813,0.000000,0.000000,0.500000,1
45.110118,1765336404.391094,1765336347,1,6,3.099293,-9.642244,0.316567,0.011813,0.000000,0.000000,0.500000,1
45.112124,1765336404.391094,1765336347,1,6,3.099293,-9.642244,0.316567,0.011813,0.000000,0.000000,0.500000,1
45.114121,1765336404.391094,1765336347,1,6,3.099293,-9.642244,0.316567,0.011813,0.000000,0.000000,0.500000,1
45.116143,1765336404.391094,1765336347,1,6,2.410561,-9.642244,0.316567,0.011813,0.000000,0.000000,0.500000,1
45.118138,1765336404.391094,1765336347,1,6,2.410561,-9.642244,0.316567,0.011813,0.000000,0.000000,0.500000,1
45.120120,1765336404.391094,1765336347,1,6,3.099293,-9.642244,0.316567,0.011813,0.000000,0.000000,0.500000,1
45.122121,1765336404.391094,1765336347,1,6,3.099293,-9.642244,0.316567,0.011813,0.000000,0.000000,0.500000,1
45.124123,1765336404.391094,1765336347,1,6,3.099293,-9.642244,0.316567,0.011813,0.000000,0.000000,0.500000,1
45.126119,1765336404.391094,1765336347,1,6,2.754927,-9.642244,0.316567,0.011813,0.000000,0.000000,0.500000,1
45.128132,1765336404.391094,1765336347,1,6,3.099293,-9.642244,0.316567,0.011813,0.000000,0.000000,0.500000,1
45.130142,1765336404.391094,1765336347,1,6,3.099293,-9.986610,0.316567,0.011813,0.000000,0.000000,0.500000,1
45.132128,1765336404.391094,1765336347,1,6,3.099293,-9.642244,0.316567,0.011813,0.000000,0.000000,0.500000,1
45.134125,1765336404.391094,1765336347,1,6,3.099293,-9.642244,0.316567,0.011813,0.000000,0.000000,0.500000,1
45.136134,1765336404.391094,1765336347,1,6,3.099293,-9.986610,0.316567,0.011813,0.000000,0.000000,0.500000,1
45.138122,1765336404.391094,1765336347,1,6,2.410561,-9.642244,0.316567,0.011813,0.000000,0.000000,0.500000,1
45.140139,1765336404.391094,1765336347,1,6,3.099293,-9.642244,0.316567,0.011813,0.000000,0.000000,0.500000,1
45.142145,1765336404.391094,1765336347,1,6,3.099293,-9.642244,0.316567,0.011813,0.000000,0.000000,0.500000,1
45.144142,1765336404.391094,1765336347,1,6,3.099293,-9.642244,0.316567,0.011813,0.000000,0.000000,0.500000,1
45.146124,1765336404.391094,1765336347,1,6,2.410561,-9.642244,0.316567,0.011813,0.000000,0.000000,0.500000,1
45.148128,1765336404.391094,1765336347,1,6,2.410561,-9.642244,0.316567,0.011813,0.000000,0.000000,0.500000,1
45.150127,1765336404.391094,1765336347,1,6,3.099293,-9.642244,0.316567,0.011813,0.000000,0.000000,0.500000,1
45.152124,1765336404.391094,1765336347,1,6,3.099293,-9.642244,0.316567,0.011813,0.000000,0.000000,0.500000,1
45.154156,1765336404.391094,1765336347,1,6,3.099293,-9.297878,0.316567,0.011813,0.000000,0.000000,0.500000,1
45.156129,1765336404.391094,1765336347,1,6,3.099293,-9.642244,0.316567,0.011813,0.000000,0.000000,0.500000,1
45.158143,1765336404.391094,1765336347,1,6,3.099293,-9.642244,0.316567,0.011813,0.000000,0.000000,0.500000,1
45.160132,1765336404.391094,1765336347,1,6,2.754927,-9.642244,0.316567,0.011813,0.000000,0.000000,0.500000,1
45.162128,1765336404.391094,1765336347,1,6,3.099293,-9.642244,0.316567,0.011813,0.000000,0.000000,0.500000,1
45.164126,1765336404.391094,1765336347,1,6,3.099293,-9.642244,0.316567,0.011813,0.000000,0.000000,0.500000,1
45.166130,1765336404.391094,1765336347,1,6,3.099293,-9.986610,0.316567,0.011813,0.000000,0.000000,0.500000,1
45.168149,1765336404.391094,1765336347,1,6,3.099293,-9.642244,0.316567,0.011813,0.000000,0.000000,0.500000,1
45.170128,1765336404.391094,1765336347,1,6,3.099293,-9.642244,0.316567,0.011813,0.000000,0.000000,0.500000,1
45.172142,1765336404.391094,1765336347,1,6,3.099293,-9.642244,0.316567,0.011813,0.000000,0.000000,0.500000,1
45.174128,1765336404.391094,1765336347,1,6,3.099293,-9.642244,0.316567,0.011813,0.000000,0.000000,0.500000,1
45.176129,1765336404.391094,1765336347,1,6,3.099293,-9.642244,0.316567,0.011813,0.000000,0.000000,0.500000,1
45.178135,1765336404.391094,1765336347,1,6,3.443659,-9.642244,0.316567,0.011813,0.000000,0.000000,0.500000,1
45.180144,1765336404.391094,1765336347,1,6,3.099293,-9.642244,0.316567,0.011813,0.000000,0.000000,0.500000,1
45.182136,1765336404.391094,1765336347,1,6,3.099293,-9.642244,0.316567,0.011813,0.000000,0.000000,0.500000,1
45.184140,1765336404.391094,1765336347,1,6,3.099293,-9.642244,0.316567,0.011813,0.000000,0.000000,0.500000,1
45.186128,1765336404.391094,1765336347,1,6,3.099293,-9.986610,0.316567,0.011813,0.000000,0.000000,0.500000,1
45.188127,1765336404.391094,1765336347,1,6,3.099293,-9.642244,0.316567,0.011813,0.000000,0.000000,0.500000,1
45.190139,1765336404.391094,1765336347,1,6,3.099293,-9.642244,0.316567,0.011813,0.000000,0.000000,0.500000,1
45.192142,1765336404.391094,1765336347,1,6,3.099293,-9.642244,0.316567,0.011813,0.000000,0.000000,0.500000,1
45.194134,1765336404.391094,1765336347,1,6,3.099293,-9.642244,0.316567,0.011813,0.000000,0.000000,0.500000,1
45.196144,1765336404.391094,1765336347,1,6,3.099293,-9.642244,0.316567,0.011813,0.000000,0.000000,0.500000,1
45.198146,1765336404.391094,1765336347,1,6,3.443659,-9.642244,0.316567,0.011813,0.000000,0.000000,0.500000,1
45.200131,1765336404.391094,1765336347,1,6,3.099293,-9.642244,0.316567,0.011813,0.000000,0.000000,0.500000,1
45.202132,1765336404.391094,1765336347,1,6,3.099293,-9.986610,0.316567,0.011813,0.000000,0.000000,0.500000,1
45.204131,1765336404.391094,1765336347,1,6,3.099293,-9.642244,0.316567,0.011813,0.000000,0.000000,0.500000,1
45.206136,1765336404.391094,1765336347,1,6,3.099293,-9.642244,0.316567,0.011813,0.000000,0.000000,0.500000,1
45.208154,1765336404.391094,1765336347,1,6,3.099293,-9.642244,0.316567,0.011813,0.000000,0.000000,0.500000,1
45.210132,1765336404.391094,1765336347,1,6,3.099293,-9.642244,0.316567,0.011813,0.000000,0.000000,0.500000,1
45.212134,1765336404.391094,1765336347,1,6,3.099293,-9.642244,0.316567,0.011813,0.000000,0.000000,0.500000,1
45.214132,1765336404.391094,1765336347,1,6,3.099293,-9.642244,0.316567,0.011813,0.000000,0.000000,0.500000,1
45.216132,1765336404.391094,1765336347,1,6,3.099293,-9.642244,0.316567,0.011813,0.000000,0.000000,0.500000,1
45.218149,1765336404.391094,1765336347,1,6,3.099293,-9.986610,0.316567,0.011813,0.000000,0.000000,0.500000,1
45.220152,1765336404.391094,1765336347,1,6,3.099293,-9.986610,0.316567,0.011813,0.000000,0.000000,0.500000,1
45.222149,1765336404.391094,1765336347,1,6,3.099293,-9.642244,0.316567,0.011813,0.000000,0.000000,0.500000,1
45.224133,1765336404.391094,1765336347,1,6,3.099293,-9.642244,0.316567,0.011813,0.000000,0.000000,0.500000,1
45.226135,1765336404.391094,1765336347,1,6,3.099293,-9.642244,0.316567,0.011813,0.000000,0.000000,0.500000,1
45.228132,1765336404.391094,1765336347,1,6,3.099293,-9.642244,0.316567,0.011813,0.000000,0.000000,0.500000,1
45.230130,1765336404.391094,1765336347,1,6,2.410561,-9.642244,0.316567,0.011813,0.000000,0.000000,0.500000,1
45.232154,1765336404.391094,1765336347,1,6,3.788025,-9.642244,0.316567,0.011813,0.000000,0.000000,0.500000,1
45.234148,1765336404.391094,1765336347,1,6,3.099293,-9.642244,0.316567,0.011813,0.000000,0.000000,0.500000,1
45.236134,1765336404.391094,1765336347,1,6,2.754927,-9.642244,0.316567,0.011813,0.000000,0.000000,0.500000,1
45.238137,1765336404.391094,1765336347,1,6,3.099293,-10.330976,0.316567,0.011813,0.000000,0.000000,0.500000,1
45.240132,1765336404.391094,1765336347,1,6,3.443659,-10.330976,0.316567,0.011813,0.000000,0.000000,0.500000,1
45.242137,1765336404.391094,1765336347,1,6,3.099293,-9.986610,0.316567,0.011813,0.000000,0.000000,0.500000,1
45.244156,1765336404.391094,1765336347,1,6,3.099293,-9.642244,0.316567,0.011813,0.000000,0.000000,0.500000,1
45.246139,1765336404.391094,1765336347,1,6,3.099293,-9.642244,0.316567,0.011813,0.000000,0.000000,0.500000,1
45.248140,1765336404.391094,1765336347,1,6,3.099293,-9.642244,0.316567,0.011813,0.000000,0.000000,0.500000,1
45.250140,1765336404.391094,1765336347,1,6,3.099293,-9.986610,0.316567,0.011813,0.000000,0.000000,0.500000,1
45.252137,1765336404.391094,1765336347,1,6,3.099293,-9.642244,0.316567,0.011813,0.000000,0.000000,0.500000,1
45.254151,1765336404.391094,1765336347,1,6,2.754927,-9.642244,0.316567,0.011813,0.000000,0.000000,0.500000,1
45.256150,1765336404.391094,1765336347,1,6,3.099293,-9.297878,0.316567,0.011813,0.000000,0.000000,0.500000,1
45.258141,1765336404.391094,1765336347,1,6,3.099293,-9.642244,0.316567,0.011809,0.000000,-0.000806,0.500000,1
45.260144,1765336404.391094,1765336347,1,6,3.099293,-9.642244,0.316567,0.011809,0.000000,-0.000946,0.500000,1
45.262142,1765336404.391094,1765336347,1,6,3.099293,-9.297878,0.316567,0.011809,0.000000,-0.000140,0.500000,1
45.264137,1765336404.391094,1765336347,1,6,2.754927,-9.642244,0.316567,0.011813,0.000000,0.000934,0.500000,1
45.266145,1765336404.391094,1765336347,1,6,3.099293,-10.330976,0.316567,0.011809,0.000000,0.000140,0.500000,1
45.268147,1765336404.391094,1765336347,1,6,3.099293,-9.642244,0.316567,0.011809,0.000000,-0.000934,0.500000,1
45.270144,1765336404.391094,1765336347,1,6,2.410561,-9.297878,0.316567,0.011809,0.000000,-0.000140,0.500000,1
45.272137,1765336404.391094,1765336347,1,6,2.410561,-9.642244,0.316567,0.011809,0.000000,-0.000001,0.500000,1
45.274147,1765336404.391094,1765336347,1,6,3.099293,-9.642244,0.316567,0.011809,0.000000,0.000000,0.500000,1
45.276141,1765336404.391094,1765336347,1,6,3.099293,-9.986610,0.316567,0.011809,0.000000,0.000000,0.500000,1
45.278153,1765336404.391094,1765336347,1,6,3.099293,-9.642244,0.316567,0.011809,0.000000,0.000000,0.500000,1
45.280155,1765336404.391094,1765336347,1,6,3.099293,-9.642244,0.316567,0.011809,0.000000,0.000000,0.500000,1
45.282140,1765336404.391094,1765336347,1,6,3.099293,-9.986610,0.316567,0.011809,0.000000,0.000000,0.500000,1
45.284155,1765336404.391094,1765336347,1,6,3.099293,-9.642244,0.316567,0.011809,0.000000,0.000000,0.500000,1
45.286146,1765336404.391094,1765336347,1,6,3.099293,-9.642244,0.316567,0.011809,0.000000,0.000000,0.500000,1
45.288156,1765336404.391094,1765336347,1,6,3.099293,-9.642244,0.316567,0.011809,0.000000,0.000000,0.500000,1
45.290146,1765336404.391094,1765336347,1,6,3.099293,-9.642244,0.316567,0.011809,0.000000,0.000000,0.500000,1
45.292162,1765336404.391094,1765336347,1,6,3.099293,-9.642244,0.316567,0.011809,0.000000,0.000000,0.500000,1
45.294156,1765336404.391094,1765336347,1,6,3.099293,-9.642244,0.316567,0.011809,0.000000,0.000000,0.500000,1
45.296152,1765336404.391094,1765336347,1,6,3.099293,-9.642244,0.316567,0.011809,0.000000,0.000000,0.500000,1
45.298158,1765336404.391094,1765336347,1,6,3.099293,-9.642244,0.316567,0.011809,0.000000,0.000000,0.500000,1
45.300141,1765336404.391094,1765336347,1,6,2.066195,-9.642244,0.316567,0.011809,0.000000,0.000000,0.500000,1
51.654287,1765336410.943254,1765336347,1,7,0.000000,-9.642244,0.321199,0.011726,0.000000,0.000000,0.500000,0
51.656275,1765336410.943254,1765336347,1,7,-1.033098,-9.642244,0.321199,0.011726,0.000000,0.000000,0.500000,0
51.658271,1765336410.943254,1765336347,1,7,-1.721829,-9.642244,0.321199,0.011726,0.000000,0.000000,0.500000,0
51.660272,1765336410.943254,1765336347,1,7,-1.721829,-9.642244,0.321199,0.011726,0.000000,0.000000,0.500000,0
51.662270,1765336410.943254,1765336347,1,7,0.000000,-9.642244,0.321199,0.011726,0.000000,0.000000,0.500000,0
51.664289,1765336410.943254,1765336347,1,7,-1.033098,-9.642244,0.321199,0.011726,0.000000,0.000000,0.500000,0
51.666292,1765336410.943254,1765336347,1,7,-1.033098,-9.297878,0.321199,0.011726,0.000000,0.000000,0.500000,0
51.668291,1765336410.943254,1765336347,1,7,-1.033098,-9.642244,0.321199,0.011726,0.000000,0.000000,0.500000,0
51.670276,1765336410.943254,1765336347,1,7,-1.033098,-9.986610,0.321199,0.011726,0.000000,0.000000,0.500000,0
51.672276,1765336410.943254,1765336347,1,7,0.000000,-9.642244,0.321199,0.011726,0.000000,0.000000,0.500000,0
51.674271,1765336410.943254,1765336347,1,7,0.000000,-9.642244,0.321199,0.011726,0.000000,0.000000,0.500000,0
51.676275,1765336410.943254,1765336347,1,7,-1.033098,-9.986610,0.321199,0.011726,0.000000,0.000000,0.500000,0
51.678288,1765336410.943254,1765336347,1,7,-1.033098,-9.642244,0.321199,0.011726,0.000000,0.000000,0.500000,0
51.680291,1765336410.943254,1765336347,1,7,-1.033098,-9.642244,0.321199,0.011726,0.000000,0.000000,0.500000,0
51.682290,1765336410.943254,1765336347,1,7,-1.033098,-9.642244,0.321199,0.011726,0.000000,0.000000,0.500000,0
51.684276,1765336410.943254,1765336347,1,7,-1.033098,-9.642244,0.321199,0.011726,0.000000,0.000000,0.500000,0
51.686274,1765336410.943254,1765336347,1,7,0.000000,-9.642244,0.321199,0.011726,0.000000,0.000000,0.500000,0
51.688273,1765336410.943254,1765336347,1,7,-1.721829,-9.642244,0.321199,0.011726,0.000000,0.000000,0.500000,0
51.690286,1765336410.943254,1765336347,1,7,-1.033098,-9.297878,0.321199,0.011726,0.000000,0.000000,0.500000,0
51.692283,1765336410.943254,1765336347,1,7,-1.033098,-9.642244,0.321199,0.011726,0.000000,0.000000,0.500000,0
51.694299,1765336410.943254,1765336347,1,7,-0.688732,-9.642244,0.321199,0.011726,0.000000,0.000000,0.500000,0
51.696287,1765336410.943254,1765336347,1,7,-1.033098,-9.642244,0.321199,0.011726,0.000000,0.000000,0.500000,0
51.698273,1765336410.943254,1765336347,1,7,-1.033098,-9.642244,0.321199,0.011726,0.000000,0.000000,0.500000,0
51.700275,1765336410.943254,1765336347,1,7,0.000000,-9.642244,0.321199,0.011726,0.000000,0.000000,0.500000,0
51.702282,1765336410.943254,1765336347,1,7,-1.033098,-9.642244,0.321199,0.011726,0.000000,0.000000,0.500000,0
51.704278,1765336410.943254,1765336347,1,7,-1.033098,-9.642244,0.321199,0.011726,0.000000,0.000000,0.500000,0
51.706293,1765336410.943254,1765336347,1,7,-1.721829,-9.642244,0.321199,0.011726,0.000000,0.000000,0.500000,0
51.708290,1765336410.943254,1765336347,1,7,-1.033098,-9.642244,0.321199,0.011726,0.000000,0.000000,0.500000,0
51.710271,1765336410.943254,1765336347,1,7,-1.033098,-9.642244,0.321199,0.011726,0.000000,0.000000,0.500000,0
51.712286,1765336410.943254,1765336347,1,7,-1.033098,-9.642244,0.321199,0.011726,0.000000,0.000000,0.500000,0
51.714282,1765336410.943254,1765336347,1,7,-1.033098,-9.642244,0.321199,0.011726,0.000000,0.000000,0.500000,0
51.716274,1765336410.943254,1765336347,1,7,-1.033098,-9.297878,0.321199,0.011726,0.000000,0.000000,0.500000,0
51.718274,1765336410.943254,1765336347,1,7,-0.688732,-9.986610,0.321199,0.011726,0.000000,0.000000,0.500000,0
51.720285,1765336410.943254,1765336347,1,7,0.000000,-9.642244,0.321199,0.011726,0.000000,0.000000,0.500000,0
51.722274,1765336410.943254,1765336347,1,7,-1.721829,-9.986610,0.321199,0.011726,0.000000,0.000000,0.500000,0
51.724291,1765336410.943254,1765336347,1,7,-1.033098,-9.642244,0.321199,0.011726,0.000000,0.000000,0.500000,0
51.726294,1765336410.943254,1765336347,1,7,-1.033098,-9.642244,0.321199,0.011726,0.000000,0.000000,0.500000,0
51.728293,1765336410.943254,1765336347,1,7,-1.033098,-9.642244,0.321199,0.011726,0.000000,0.000000,0.500000,0
51.730290,1765336410.943254,1765336347,1,7,-1.033098,-9.986610,0.321199,0.011726,0.000000,0.000000,0.500000,0
51.732290,1765336410.943254,1765336347,1,7,-1.033098,-9.642244,0.321199,0.011726,0.000000,0.000000,0.500000,0
51.734292,1765336410.943254,1765336347,1,7,-1.033098,-9.297878,0.321199,0.011726,0.000000,0.000000,0.500000,0
51.736294,1765336410.943254,1765336347,1,7,-1.033098,-9.642244,0.321199,0.011726,0.000000,0.000000,0.500000,0
51.738288,1765336410.943254,1765336347,1,7,-1.033098,-9.642244,0.321199,0.011726,0.000000,0.000000,0.500000,0
51.740285,1765336410.943254,1765336347,1,7,-0.344366,-9.642244,0.321199,0.011726,0.000000,0.000000,0.500000,0
51.742296,1765336410.943254,1765336347,1,7,-1.721829,-9.642244,0.321199,0.011726,0.000000,0.000000,0.500000,0
51.744288,1765336410.943254,1765336347,1,7,-1.033098,-9.642244,0.321199,0.011726,0.000000,0.000000,0.500000,0
51.746284,1765336410.943254,1765336347,1,7,-1.033098,-9.642244,0.321199,0.011726,0.000000,0.000000,0.500000,0
51.748291,1765336410.943254,1765336347,1,7,-1.033098,-9.642244,0.321199,0.011726,0.000000,0.000000,0.500000,0
51.750302,1765336410.943254,1765336347,1,7,-0.688732,-9.642244,0.321199,0.011726,0.000000,0.000000,0.500000,0
51.752283,1765336410.943254,1765336347,1,7,-1.033098,-9.642244,0.321199,0.011726,0.000000,0.000000,0.500000,0
51.754292,1765336410.943254,1765336347,1,7,-1.033098,-9.642244,0.321199,0.011726,0.000000,0.000000,0.500000,0
51.756292,1765336410.943254,1765336347,1,7,-1.033098,-9.297878,0.321199,0.011726,0.000000,0.000000,0.500000,0
51.758286,1765336410.943254,1765336347,1,7,-1.033098,-9.642244,0.321199,0.011726,0.000000,0.000000,0.500000,0
51.760296,1765336410.943254,1765336347,1,7,0.000000,-9.642244,0.321199,0.011726,0.000000,0.000000,0.500000,0
51.762295,1765336410.943254,1765336347,1,7,-1.721829,-9.642244,0.321199,0.011726,0.000000,0.000000,0.500000,0
51.764287,1765336410.943254,1765336347,1,7,-1.033098,-9.642244,0.321199,0.011726,0.000000,0.000000,0.500000,0
51.766309,1765336410.943254,1765336347,1,7,-1.033098,-9.642244,0.321199,0.011726,0.000000,0.000000,0.500000,0
51.768304,1765336410.943254,1765336347,1,7,-1.033098,-9.642244,0.321199,0.011726,0.000000,0.000000,0.500000,0
51.770309,1765336410.943254,1765336347,1,7,-1.721829,-9.642244,0.321199,0.011726,0.000000,0.000000,0.500000,0
51.772293,1765336410.943254,1765336347,1,7,-1.033098,-9.642244,0.321199,0.011726,0.000000,0.000000,0.500000,0
51.774292,1765336410.943254,1765336347,1,7,-1.033098,-9.642244,0.321199,0.011726,0.000000,0.000000,0.500000,0
51.776300,1765336410.943254,1765336347,1,7,0.000000,-9.642244,0.321199,0.011726,0.000000,0.000000,0.500000,0
51.778304,1765336410.943254,1765336347,1,7,-1.033098,-9.297878,0.321199,0.011726,0.000000,0.000000,0.500000,0
51.780303,1765336410.943254,1765336347,1,7,-1.033098,-9.297878,0.321199,0.011726,0.000000,0.000000,0.500000,0
51.782299,1765336410.943254,1765336347,1,7,-1.033098,-9.986610,0.321199,0.011726,0.000000,0.000000,0.500000,0
51.784297,1765336410.943254,1765336347,1,7,-1.033098,-9.642244,0.321199,0.011726,0.000000,0.000000,0.500000,0
51.786297,1765336410.943254,1765336347,1,7,-1.721829,-9.642244,0.321199,0.011726,0.000000,0.000000,0.500000,0
51.788298,1765336410.943254,1765336347,1,7,0.000000,-9.642244,0.321199,0.011726,0.000000,0.000000,0.500000,0
51.790312,1765336410.943254,1765336347,1,7,-1.033098,-9.642244,0.321199,0.011726,0.000000,0.000000,0.500000,0
51.792305,1765336410.943254,1765336347,1,7,-1.033098,-9.297878,0.321199,0.011726,0.000000,0.000000,0.500000,0
51.794295,1765336410.943254,1765336347,1,7,-1.033098,-9.986610,0.321199,0.011726,0.000000,0.000000,0.500000,0
51.796294,1765336410.943254,1765336347,1,7,-1.033098,-9.642244,0.321199,0.011726,0.000000,0.000000,0.500000,0
51.798294,1765336410.943254,1765336347,1,7,-1.033098,-9.642244,0.321199,0.011726,0.000000,0.000000,0.500000,0
51.800311,1765336410.943254,1765336347,1,7,-1.033098,-9.642244,0.321199,0.011726,0.000000,0.000000,0.500000,0
51.802315,1765336410.943254,1765336347,1,7,-1.033098,-9.642244,0.321199,0.011726,0.000000,0.000000,0.500000,0
51.804310,1765336410.943254,1765336347,1,7,-1.033098,-9.642244,0.321199,0.011726,0.000000,0.000000,0.500000,0
51.806311,1765336410.943254,1765336347,1,7,0.000000,-9.642244,0.321199,0.011726,0.000000,0.000000,0.500000,0
51.808314,1765336410.943254,1765336347,1,7,-1.033098,-9.642244,0.321199,0.011726,0.000000,0.000000,0.500000,0
51.810299,1765336410.943254,1765336347,1,7,-1.033098,-9.297878,0.321199,0.011726,0.000000,0.000000,0.500000,0
51.812310,1765336410.943254,1765336347,1,7,-1.033098,-9.642244,0.321199,0.011726,0.000000,0.000000,0.500000,0
51.814314,1765336410.943254,1765336347,1,7,0.000000,-9.642244,0.321199,0.011726,0.000000,0.000000,0.500000,0
51.816306,1765336410.943254,1765336347,1,7,-1.033098,-9.642244,0.321199,0.011726,0.000000,0.000000,0.500000,0
51.818301,1765336410.943254,1765336347,1,7,-1.033098,-9.642244,0.321199,0.011726,0.000000,0.000000,0.500000,0
51.820298,1765336410.943254,1765336347,1,7,-0.344366,-9.297878,0.321199,0.011726,0.000000,0.000000,0.500000,0
51.822303,1765336410.943254,1765336347,1,7,-1.721829,-9.297878,0.321199,0.011726,0.000000,0.000000,0.500000,0
51.824305,1765336410.943254,1765336347,1,7,-1.033098,-9.642244,0.321199,0.011726,0.000000,0.000000,0.500000,0
51.826308,1765336410.943254,1765336347,1,7,-1.033098,-9.642244,0.321199,0.011726,0.000000,0.000000,0.500000,0
51.828307,1765336410.943254,1765336347,1,7,-1.033098,-10.330976,0.321199,0.011726,0.000000,0.000000,0.500000,0
51.830307,1765336410.943254,1765336347,1,7,-1.033098,-9.986610,0.321199,0.011726,0.000000,0.000000,0.500000,0
51.832298,1765336410.943254,1765336347,1,7,-1.033098,-10.330976,0.321199,0.011726,0.000000,0.000000,0.500000,0
51.834302,1765336410.943254,1765336347,1,7,-0.344366,-9.642244,0.321199,0.011726,0.000000,0.000000,0.500000,0
51.836308,1765336410.943254,1765336347,1,7,0.344366,-9.642244,0.321199,0.011726,0.000000,0.000000,0.500000,0
51.838307,1765336410.943254,1765336347,1,7,-1.033098,-9.642244,0.321199,0.011726,0.000000,0.000000,0.500000,0
51.840304,1765336410.943254,1765336347,1,7,-1.721829,-9.642244,0.321199,0.011726,0.000000,0.000000,0.500000,0
51.842316,1765336410.943254,1765336347,1,7,-1.033098,-9.642244,0.321199,0.011726,0.000000,0.000000,0.500000,0
51.844301,1765336410.943254,1765336347,1,7,0.000000,-9.642244,0.321199,0.011726,0.000000,0.000000,0.500000,0
51.846299,1765336410.943254,1765336347,1,7,-1.033098,-9.642244,0.321199,0.011726,0.000000,0.000000,0.500000,0
51.848307,1765336410.943254,1765336347,1,7,-1.033098,-9.642244,0.321199,0.011726,0.000000,0.000000,0.500000,0
51.850302,1765336410.943254,1765336347,1,7,-1.033098,-9.642244,0.321199,0.011726,0.000000,0.000000,0.500000,0
51.852302,1765336410.943254,1765336347,1,7,-1.033098,-9.642244,0.321199,0.011726,0.000000,0.000000,0.500000,0
58.209021,1765336417.498012,1765336347,1,8,-1.033098,-9.642244,0.321116,0.011669,0.000000,0.000000,0.500000,0
58.211019,1765336417.498012,1765336347,1,8,-1.033098,-9.642244,0.321116,0.011669,0.000000,0.000000,0.500000,0
58.213019,1765336417.498012,1765336347,1,8,-1.033098,-9.297878,0.321116,0.011669,0.000000,0.000000,0.500000,0
58.215011,1765336417.498012,1765336347,1,8,-1.033098,-9.642244,0.321116,0.011669,0.000000,0.000000,0.500000,0
58.217004,1765336417.498012,1765336347,1,8,-1.721829,-9.642244,0.321116,0.011669,0.000000,0.000000,0.500000,0
58.219011,1765336417.498012,1765336347,1,8,-1.721829,-9.642244,0.321116,0.011669,0.000000,0.000000,0.500000,0
58.221021,1765336417.498012,1765336347,1,8,-1.033098,-9.297878,0.321116,0.011669,0.000000,0.000000,0.500000,0
58.223010,1765336417.498012,1765336347,1,8,0.000000,-9.297878,0.321116,0.011669,0.000000,0.000000,0.500000,0
58.225004,1765336417.498012,1765336347,1,8,-1.033098,-9.642244,0.321116,0.011669,0.000000,0.000000,0.500000,0
58.227022,1765336417.498012,1765336347,1,8,-1.721829,-9.986610,0.321116,0.011669,0.000000,0.000000,0.500000,0
58.229005,1765336417.498012,1765336347,1,8,-1.033098,-9.642244,0.321116,0.011669,0.000000,0.000000,0.500000,0
58.231006,1765336417.498012,1765336347,1,8,-1.033098,-9.642244,0.321116,0.011669,0.000000,0.000000,0.500000,0
58.233015,1765336417.498012,1765336347,1,8,-1.033098,-9.297878,0.321116,0.011669,0.000000,0.000000,0.500000,0
58.235023,1765336417.498012,1765336347,1,8,-1.033098,-9.297878,0.321116,0.011669,0.000000,0.000000,0.500000,0
58.237017,1765336417.498012,1765336347,1,8,0.000000,-9.297878,0.321116,0.011669,0.000000,0.000000,0.500000,0
58.239017,1765336417.498012,1765336347,1,8,-1.721829,-9.986610,0.321116,0.011669,0.000000,0.000000,0.500000,0
58.241025,1765336417.498012,1765336347,1,8,0.000000,-9.642244,0.321116,0.011669,0.000000,0.000000,0.500000,0
58.243009,1765336417.498012,1765336347,1,8,-1.033098,-9.642244,0.321116,0.011669,0.000000,0.000000,0.500000,0
58.245014,1765336417.498012,1765336347,1,8,-1.033098,-9.297878,0.321116,0.011669,0.000000,0.000000,0.500000,0
58.247009,1765336417.498012,1765336347,1,8,-1.033098,-9.642244,0.321116,0.011669,0.000000,0.000000,0.500000,0
58.249007,1765336417.498012,1765336347,1,8,-1.033098,-9.986610,0.321116,0.011669,0.000000,0.000000,0.500000,0
58.251007,1765336417.498012,1765336347,1,8,-1.033098,-9.642244,0.321116,0.011669,0.000000,0.000000,0.500000,0
58.253020,1765336417.498012,1765336347,1,8,0.000000,-9.642244,0.321116,0.011669,0.000000,0.000000,0.500000,0
58.255014,1765336417.498012,1765336347,1,8,-1.033098,-9.986610,0.321116,0.011669,0.000000,0.000000,0.500000,0
58.257014,1765336417.498012,1765336347,1,8,-1.721829,-9.642244,0.321116,0.011669,0.000000,0.000000,0.500000,0
58.259029,1765336417.498012,1765336347,1,8,-1.033098,-9.986610,0.321116,0.011669,0.000000,0.000000,0.500000,0
58.261012,1765336417.498012,1765336347,1,8,-1.033098,-9.642244,0.321116,0.011669,0.000000,0.000000,0.500000,0
58.263021,1765336417.498012,1765336347,1,8,-1.033098,-9.642244,0.321116,0.011669,0.000000,0.000000,0.500000,0
58.265023,1765336417.498012,1765336347,1,8,-1.033098,-9.642244,0.321116,0.011669,0.000000,0.000000,0.500000,0
58.267022,1765336417.498012,1765336347,1,8,-1.721829,-9.642244,0.321116,0.011669,0.000000,0.000000,0.500000,0
58.269021,1765336417.498012,1765336347,1,8,0.000000,-9.642244,0.321116,0.011669,0.000000,0.000000,0.500000,0
58.271011,1765336417.498012,1765336347,1,8,-1.033098,-9.297878,0.321116,0.011669,0.000000,0.000000,0.500000,0
58.273015,1765336417.498012,1765336347,1,8,-1.033098,-9.642244,0.321116,0.011669,0.000000,0.000000,0.500000,0
58.275026,1765336417.498012,1765336347,1,8,-1.033098,-9.642244,0.321116,0.011669,0.000000,0.000000,0.500000,0
58.277012,1765336417.498012,1765336347,1,8,-1.033098,-9.297878,0.321116,0.011669,0.000000,0.000000,0.500000,0
58.279026,1765336417.498012,1765336347,1,8,-1.721829,-9.986610,0.321116,0.011669,0.000000,0.000000,0.500000,0
58.281021,1765336417.498012,1765336347,1,8,-1.033098,-9.642244,0.321116,0.011669,0.000000,0.000000,0.500000,0
58.283013,1765336417.498012,1765336347,1,8,-1.033098,-9.642244,0.321116,0.011669,0.000000,0.000000,0.500000,0
58.285013,1765336417.498012,1765336347,1,8,-1.033098,-9.297878,0.321116,0.011669,0.000000,0.000000,0.500000,0
58.287023,1765336417.498012,1765336347,1,8,-1.033098,-9.297878,0.321116,0.011669,0.000000,0.000000,0.500000,0
58.289020,1765336417.498012,1765336347,1,8,-1.033098,-9.642244,0.321116,0.011669,0.000000,0.000000,0.500000,0
58.291032,1765336417.498012,1765336347,1,8,-1.033098,-9.642244,0.321116,0.011669,0.000000,0.000000,0.500000,0
58.293033,1765336417.498012,1765336347,1,8,-0.344366,-9.986610,0.321116,0.011669,0.000000,0.000000,0.500000,0
58.295034,1765336417.498012,1765336347,1,8,-1.033098,-9.642244,0.321116,0.011669,0.000000,0.000000,0.500000,0
58.297033,1765336417.498012,1765336347,1,8,-1.033098,-9.642244,0.321116,0.011669,0.000000,0.000000,0.500000,0
58.299033,1765336417.498012,1765336347,1,8,-1.033098,-9.297878,0.321116,0.011669,0.000000,0.000000,0.500000,0
58.301029,1765336417.498012,1765336347,1,8,-1.033098,-9.986610,0.321116,0.011669,0.000000,0.000000,0.500000,0
58.303031,1765336417.498012,1765336347,1,8,-1.033098,-9.642244,0.321116,0.011669,0.000000,0.000000,0.500000,0
58.305034,1765336417.498012,1765336347,1,8,-1.033098,-9.642244,0.321116,0.011669,0.000000,0.000000,0.500000,0
58.307019,1765336417.498012,1765336347,1,8,-1.033098,-9.642244,0.321116,0.011669,0.000000,0.000000,0.500000,0
58.309039,1765336417.498012,1765336347,1,8,-1.033098,-9.642244,0.321116,0.011669,0.000000,0.000000,0.500000,0
58.311036,1765336417.498012,1765336347,1,8,-0.344366,-9.986610,0.321116,0.011669,0.000000,0.000000,0.500000,0
58.313018,1765336417.498012,1765336347,1,8,-1.033098,-9.642244,0.321116,0.011669,0.000000,0.000000,0.500000,0
58.315026,1765336417.498012,1765336347,1,8,-1.033098,-9.642244,0.321116,0.011669,0.000000,0.000000,0.500000,0
58.317023,1765336417.498012,1765336347,1,8,-1.033098,-9.986610,0.321116,0.011669,0.000000,0.000000,0.500000,0
58.319016,1765336417.498012,1765336347,1,8,-1.033098,-9.297878,0.321116,0.011669,0.000000,0.000000,0.500000,0
58.321024,1765336417.498012,1765336347,1,8,-0.688732,-9.642244,0.321116,0.011669,0.000000,0.000000,0.500000,0
58.323023,1765336417.498012,1765336347,1,8,-0.344366,-9.642244,0.321116,0.011669,0.000000,0.000000,0.500000,0
58.325042,1765336417.498012,1765336347,1,8,0.000000,-9.297878,0.321116,0.011669,0.000000,0.000000,0.500000,0
58.327019,1765336417.498012,1765336347,1,8,-1.033098,-9.642244,0.321116,0.011669,0.000000,0.000000,0.500000,0
58.329029,1765336417.498012,1765336347,1,8,-1.033098,-9.642244,0.321116,0.011669,0.000000,0.000000,0.500000,0
58.331018,1765336417.498012,1765336347,1,8,-1.033098,-9.986610,0.321116,0.011669,0.000000,0.000000,0.500000,0
58.333019,1765336417.498012,1765336347,1,8,-1.721829,-9.642244,0.321116,0.011669,0.000000,0.000000,0.500000,0
58.335034,1765336417.498012,1765336347,1,8,0.000000,-9.642244,0.321116,0.011669,0.000000,0.000000,0.500000,0
58.337018,1765336417.498012,1765336347,1,8,-1.033098,-9.642244,0.321116,0.011669,0.000000,0.000000,0.500000,0
58.339016,1765336417.498012,1765336347,1,8,-1.033098,-9.642244,0.321116,0.011669,0.000000,0.000000,0.500000,0
58.341040,1765336417.498012,1765336347,1,8,-1.033098,-9.642244,0.321116,0.011669,0.000000,0.000000,0.500000,0
58.343032,1765336417.498012,1765336347,1,8,-1.721829,-9.986610,0.321116,0.011669,0.000000,0.000000,0.500000,0
58.345043,1765336417.498012,1765336347,1,8,-1.721829,-9.297878,0.321116,0.011669,0.000000,0.000000,0.500000,0
58.347026,1765336417.498012,1765336347,1,8,-1.033098,-9.986610,0.321116,0.011669,0.000000,0.000000,0.500000,0
58.349021,1765336417.498012,1765336347,1,8,-1.721829,-9.297878,0.321116,0.011669,0.000000,0.000000,0.500000,0
58.351018,1765336417.498012,1765336347,1,8,-1.033098,-9.297878,0.321116,0.011669,0.000000,0.000000,0.500000,0
58.353021,1765336417.498012,1765336347,1,8,-1.033098,-9.642244,0.321116,0.011669,0.000000,0.000000,0.500000,0
58.355019,1765336417.498012,1765336347,1,8,-1.033098,-9.642244,0.321116,0.011669,0.000000,0.000000,0.500000,0
58.357042,1765336417.498012,1765336347,1,8,-1.033098,-9.642244,0.321116,0.011669,0.000000,0.000000,0.500000,0
58.359037,1765336417.498012,1765336347,1,8,-1.033098,-9.297878,0.321116,0.011669,0.000000,0.000000,0.500000,0
58.361025,1765336417.498012,1765336347,1,8,-1.033098,-9.986610,0.321116,0.011669,0.000000,0.000000,0.500000,0
58.363022,1765336417.498012,1765336347,1,8,-1.033098,-9.642244,0.321116,0.011669,0.000000,0.000000,0.500000,0
58.365027,1765336417.498012,1765336347,1,8,-1.033098,-9.642244,0.321116,0.011669,0.000000,0.000000,0.500000,0
58.367026,1765336417.498012,1765336347,1,8,-1.033098,-9.642244,0.321116,0.011669,0.000000,0.000000,0.500000,0
58.369033,1765336417.498012,1765336347,1,8,-1.033098,-9.297878,0.321116,0.011669,0.000000,0.000000,0.500000,0
58.371035,1765336417.498012,1765336347,1,8,-1.033098,-9.297878,0.321116,0.011669,0.000000,0.000000,0.500000,0
58.373024,1765336417.498012,1765336347,1,8,-1.721829,-9.297878,0.321116,0.011669,0.000000,0.000000,0.500000,0
58.375023,1765336417.498012,1765336347,1,8,0.000000,-9.642244,0.321116,0.011669,0.000000,0.000000,0.500000,0
58.377026,1765336417.498012,1765336347,1,8,-1.033098,-9.642244,0.321116,0.011669,0.000000,0.000000,0.500000,0
58.379025,1765336417.498012,1765336347,1,8,-1.033098,-9.642244,0.321116,0.011669,0.000000,0.000000,0.500000,0
58.381034,1765336417.498012,1765336347,1,8,-1.033098,-9.642244,0.321116,0.011669,0.000000,0.000000,0.500000,0
58.383027,1765336417.498012,1765336347,1,8,-1.033098,-9.642244,0.321116,0.011669,0.000000,0.000000,0.500000,0
58.385030,1765336417.498012,1765336347,1,8,-1.033098,-9.642244,0.321116,0.011669,0.000000,0.000000,0.500000,0
58.387025,1765336417.498012,1765336347,1,8,-1.033098,-9.642244,0.321116,0.011669,0.000000,0.000000,0.500000,0
58.389030,1765336417.498012,1765336347,1,8,-1.033098,-9.986610,0.321116,0.011669,0.000000,0.000000,0.500000,0
58.391030,1765336417.498012,1765336347,1,8,-0.344366,-9.642244,0.321116,0.011669,0.000000,0.000000,0.500000,0
58.393044,1765336417.498012,1765336347,1,8,-1.033098,-9.642244,0.321116,0.011669,0.000000,0.000000,0.500000,0
58.395030,1765336417.498012,1765336347,1,8,-1.721829,-9.297878,0.321116,0.011669,0.000000,0.000000,0.500000,0
58.397025,1765336417.498012,1765336347,1,8,-1.033098,-9.642244,0.321116,0.011669,0.000000,0.000000,0.500000,0
58.399032,1765336417.498012,1765336347,1,8,0.344366,-9.642244,0.321116,0.011669,0.000000,0.000000,0.500000,0
58.401029,1765336417.498012,1765336347,1,8,-1.033098,-9.297878,0.321116,0.011669,0.000000,0.000000,0.500000,0
58.403026,1765336417.498012,1765336347,1,8,-1.721829,-9.297878,0.321116,0.011669,0.000000,0.000000,0.500000,0
58.405036,1765336417.498012,1765336347,1,8,-1.033098,-9.986610,0.321116,0.011669,0.000000,0.000000,0.500000,0
58.407043,1765336417.498012,1765336347,1,8,-1.033098,-9.642244,0.321116,0.011669,0.000000,0.000000,0.500000,0
64.750939,1765336424.039906,1765336347,1,9,-1.033098,-9.297878,0.321146,0.011631,0.000000,0.000000,0.500000,0
64.752951,1765336424.039906,1765336347,1,9,-1.721829,-9.297878,0.321146,0.011631,0.000000,0.000000,0.500000,0
64.754935,1765336424.039906,1765336347,1,9,0.344366,-9.297878,0.321146,0.011631,0.000000,0.000000,0.500000,0
64.756935,1765336424.039906,1765336347,1,9,-1.033098,-9.297878,0.321146,0.011631,0.000000,0.000000,0.500000,0
64.758937,1765336424.039906,1765336347,1,9,-1.033098,-9.297878,0.321146,0.011631,0.000000,0.000000,0.500000,0
64.760939,1765336424.039906,1765336347,1,9,0.344366,-9.297878,0.321146,0.011631,0.000000,0.000000,0.500000,0
64.762934,1765336424.039906,1765336347,1,9,-1.033098,-9.297878,0.321146,0.011631,0.000000,0.000000,0.500000,0
64.764929,1765336424.039906,1765336347,1,9,-1.033098,-9.297878,0.321146,0.011631,0.000000,0.000000,0.500000,0
64.766938,1765336424.039906,1765336347,1,9,-1.033098,-8.953512,0.321146,0.011631,0.000000,0.000000,0.500000,0
64.768957,1765336424.039906,1765336347,1,9,-1.033098,-9.297878,0.321146,0.011631,0.000000,0.000000,0.500000,0
64.770948,1765336424.039906,1765336347,1,9,-1.721829,-9.297878,0.321146,0.011631,0.000000,0.000000,0.500000,0
64.772939,1765336424.039906,1765336347,1,9,0.000000,-9.297878,0.321146,0.011631,0.000000,0.000000,0.500000,0
64.774939,1765336424.039906,1765336347,1,9,-1.721829,-9.297878,0.321146,0.011631,0.000000,0.000000,0.500000,0
64.776945,1765336424.039906,1765336347,1,9,-1.033098,-9.297878,0.321146,0.011631,0.000000,0.000000,0.500000,0
64.778936,1765336424.039906,1765336347,1,9,-1.721829,-9.297878,0.321146,0.011631,0.000000,0.000000,0.500000,0
64.780948,1765336424.039906,1765336347,1,9,-0.344366,-9.297878,0.321146,0.011631,0.000000,0.000000,0.500000,0
64.782938,1765336424.039906,1765336347,1,9,-1.721829,-9.297878,0.321146,0.011631,0.000000,0.000000,0.500000,0
64.784929,1765336424.039906,1765336347,1,9,-1.033098,-9.297878,0.321146,0.011631,0.000000,0.000000,0.500000,0
64.786941,1765336424.039906,1765336347,1,9,-1.033098,-9.297878,0.321146,0.011631,0.000000,0.000000,0.500000,0
64.788982,1765336424.039906,1765336347,1,9,-1.033098,-9.297878,0.321146,0.011631,0.000000,0.000000,0.500000,0
64.790972,1765336424.039906,1765336347,1,9,-1.033098,-9.297878,0.321146,0.011631,0.000000,0.000000,0.500000,0
64.792970,1765336424.039906,1765336347,1,9,-1.033098,-9.297878,0.321146,0.011631,0.000000,0.000000,0.500000,0
64.794967,1765336424.039906,1765336347,1,9,-1.033098,-9.642244,0.321146,0.011631,0.000000,0.000000,0.500000,0
64.796955,1765336424.039906,1765336347,1,9,-1.721829,-9.297878,0.321146,0.011631,0.000000,0.000000,0.500000,0
64.798963,1765336424.039906,1765336347,1,9,-1.033098,-9.297878,0.321146,0.011631,0.000000,0.000000,0.500000,0
64.800955,1765336424.039906,1765336347,1,9,0.000000,-9.297878,0.321146,0.011631,0.000000,0.000000,0.500000,0
64.802936,1765336424.039906,1765336347,1,9,-1.721829,-9.297878,0.321146,0.011631,0.000000,0.000000,0.500000,0
64.804947,1765336424.039906,1765336347,1,9,0.000000,-9.297878,0.321146,0.011631,0.000000,0.000000,0.500000,0
64.806942,1765336424.039906,1765336347,1,9,-1.033098,-9.297878,0.321146,0.011631,0.000000,0.000000,0.500000,0
64.808956,1765336424.039906,1765336347,1,9,-1.721829,-9.297878,0.321146,0.011631,0.000000,0.000000,0.500000,0
64.810975,1765336424.039906,1765336347,1,9,-1.033098,-9.297878,0.321146,0.011631,0.000000,0.000000,0.500000,0
64.812986,1765336424.039906,1765336347,1,9,-0.344366,-9.297878,0.321146,0.011631,0.000000,0.000000,0.500000,0
64.814977,1765336424.039906,1765336347,1,9,-1.033098,-9.297878,0.321146,0.011631,0.000000,0.000000,0.500000,0
64.816976,1765336424.039906,1765336347,1,9,-1.033098,-9.297878,0.321146,0.011631,0.000000,0.000000,0.500000,0
64.818980,1765336424.039906,1765336347,1,9,-1.721829,-9.297878,0.321146,0.011631,0.000000,0.000000,0.500000,0
64.820949,1765336424.039906,1765336347,1,9,-1.721829,-9.297878,0.321146,0.011631,0.000000,0.000000,0.500000,0
64.822944,1765336424.039906,1765336347,1,9,-0.344366,-9.297878,0.321146,0.011631,0.000000,0.000000,0.500000,0
64.824943,1765336424.039906,1765336347,1,9,-1.033098,-9.297878,0.321146,0.011631,0.000000,0.000000,0.500000,0
64.826950,1765336424.039906,1765336347,1,9,-1.033098,-9.297878,0.321146,0.011631,0.000000,0.000000,0.500000,0
64.828995,1765336424.039906,1765336347,1,9,-1.033098,-9.297878,0.321146,0.011631,0.000000,0.000000,0.500000,0
64.830979,1765336424.039906,1765336347,1,9,-1.033098,-9.297878,0.321146,0.011631,0.000000,0.000000,0.500000,0
64.832965,1765336424.039906,1765336347,1,9,0.000000,-9.297878,0.321146,0.011631,0.000000,0.000000,0.500000,0
64.834960,1765336424.039906,1765336347,1,9,-1.721829,-9.642244,0.321146,0.011631,0.000000,0.000000,0.500000,0
64.836965,1765336424.039906,1765336347,1,9,-1.721829,-9.297878,0.321146,0.011631,0.000000,0.000000,0.500000,0
64.838960,1765336424.039906,1765336347,1,9,-1.033098,-9.297878,0.321146,0.011631,0.000000,0.000000,0.500000,0
64.840962,1765336424.039906,1765336347,1,9,-1.033098,-9.297878,0.321146,0.011631,0.000000,0.000000,0.500000,0
64.842984,1765336424.039906,1765336347,1,9,-1.033098,-9.297878,0.321146,0.011631,0.000000,0.000000,0.500000,0
64.844980,1765336424.039906,1765336347,1,9,0.000000,-8.953512,0.321146,0.011631,0.000000,0.000000,0.500000,0
64.846973,1765336424.039906,1765336347,1,9,-1.033098,-9.297878,0.321146,0.011631,0.000000,0.000000,0.500000,0
64.848987,1765336424.039906,1765336347,1,9,-1.033098,-9.642244,0.321146,0.011631,0.000000,0.000000,0.500000,0
64.850974,1765336424.039906,1765336347,1,9,-1.033098,-9.642244,0.321146,0.011631,0.000000,0.000000,0.500000,0
64.852972,1765336424.039906,1765336347,1,9,-1.033098,-9.297878,0.321146,0.011631,0.000000,0.000000,0.500000,0
64.854966,1765336424.039906,1765336347,1,9,-1.033098,-9.297878,0.321146,0.011631,0.000000,0.000000,0.500000,0
64.856946,1765336424.039906,1765336347,1,9,-1.033098,-9.297878,0.321146,0.011631,0.000000,0.000000,0.500000,0
64.858955,1765336424.039906,1765336347,1,9,-1.033098,-9.297878,0.321146,0.011631,0.000000,0.000000,0.500000,0
64.860949,1765336424.039906,1765336347,1,9,-1.033098,-9.297878,0.321146,0.011631,0.000000,0.000000,0.500000,0
64.862953,1765336424.039906,1765336347,1,9,-1.033098,-9.297878,0.321146,0.011631,0.000000,0.000000,0.500000,0
64.864947,1765336424.039906,1765336347,1,9,-1.033098,-9.297878,0.321146,0.011631,0.000000,0.000000,0.500000,0
64.866945,1765336424.039906,1765336347,1,9,-1.033098,-9.297878,0.321146,0.011631,0.000000,0.000000,0.500000,0
64.868947,1765336424.039906,1765336347,1,9,-0.344366,-9.297878,0.321146,0.011631,0.000000,0.000000,0.500000,0
64.870950,1765336424.039906,1765336347,1,9,-1.033098,-9.297878,0.321146,0.011631,0.000000,0.000000,0.500000,0
64.872949,1765336424.039906,1765336347,1,9,-1.721829,-9.297878,0.321146,0.011631,0.000000,0.000000,0.500000,0
64.874970,1765336424.039906,1765336347,1,9,-1.033098,-9.297878,0.321146,0.011631,0.000000,0.000000,0.500000,0
64.876959,1765336424.039906,1765336347,1,9,-1.721829,-9.297878,0.321146,0.011631,0.000000,0.000000,0.500000,0
64.878951,1765336424.039906,1765336347,1,9,-0.344366,-9.297878,0.321146,0.011631,0.000000,0.000000,0.500000,0
64.880946,1765336424.039906,1765336347,1,9,-0.344366,-9.297878,0.321146,0.011631,0.000000,0.000000,0.500000,0
64.882960,1765336424.039906,1765336347,1,9,-1.033098,-9.297878,0.321146,0.011631,0.000000,0.000000,0.500000,0
64.884965,1765336424.039906,1765336347,1,9,-1.033098,-9.297878,0.321146,0.011631,0.000000,0.000000,0.500000,0
64.886957,1765336424.039906,1765336347,1,9,-1.721829,-9.297878,0.321146,0.011631,0.000000,0.000000,0.500000,0
64.888972,1765336424.039906,1765336347,1,9,-1.033098,-9.297878,0.321146,0.011631,0.000000,0.000000,0.500000,0
64.890969,1765336424.039906,1765336347,1,9,0.000000,-9.297878,0.321146,0.011631,0.000000,0.000000,0.500000,0
64.892971,1765336424.039906,1765336347,1,9,-1.033098,-9.297878,0.321146,0.011631,0.000000,0.000000,0.500000,0
64.894966,1765336424.039906,1765336347,1,9,-1.033098,-9.297878,0.321146,0.011631,0.000000,0.000000,0.500000,0
64.896965,1765336424.039906,1765336347,1,9,-1.033098,-9.297878,0.321146,0.011631,0.000000,0.000000,0.500000,0
64.898952,1765336424.039906,1765336347,1,9,-1.721829,-9.297878,0.321146,0.011631,0.000000,0.000000,0.500000,0
64.900949,1765336424.039906,1765336347,1,9,0.000000,-9.297878,0.321146,0.011631,0.000000,0.000000,0.500000,0
64.902960,1765336424.039906,1765336347,1,9,-1.033098,-9.297878,0.321146,0.011631,0.000000,0.000000,0.500000,0
64.904964,1765336424.039906,1765336347,1,9,-1.721829,-9.642244,0.321146,0.011631,0.000000,0.000000,0.500000,0
64.906965,1765336424.039906,1765336347,1,9,-1.033098,-9.297878,0.321146,0.011631,0.000000,0.000000,0.500000,0
64.908956,1765336424.039906,1765336347,1,9,-1.033098,-9.297878,0.321146,0.011631,0.000000,0.000000,0.500000,0
64.910960,1765336424.039906,1765336347,1,9,-1.033098,-9.297878,0.321146,0.011631,0.000000,0.000000,0.500000,0
64.912956,1765336424.039906,1765336347,1,9,-1.033098,-8.953512,0.321146,0.011631,0.000000,0.000000,0.500000,0
64.914957,1765336424.039906,1765336347,1,9,-1.033098,-9.297878,0.321146,0.011631,0.000000,0.000000,0.500000,0
64.916970,1765336424.039906,1765336347,1,9,-0.344366,-9.297878,0.321146,0.011631,0.000000,0.000000,0.500000,0
64.918972,1765336424.039906,1765336347,1,9,-1.033098,-9.297878,0.321146,0.011631,0.000000,0.000000,0.500000,0
64.920973,1765336424.039906,1765336347,1,9,-1.721829,-9.297878,0.321146,0.011631,0.000000,0.000000,0.500000,0
64.922952,1765336424.039906,1765336347,1,9,-1.033098,-9.297878,0.321146,0.011631,0.000000,0.000000,0.500000,0
64.924966,1765336424.039906,1765336347,1,9,-0.344366,-9.297878,0.321146,0.011631,0.000000,0.000000,0.500000,0
64.926956,1765336424.039906,1765336347,1,9,-1.033098,-9.297878,0.321146,0.011631,0.000000,0.000000,0.500000,0
64.928952,1765336424.039906,1765336347,1,9,-1.033098,-9.297878,0.321146,0.011631,0.000000,0.000000,0.500000,0
64.930962,1765336424.039906,1765336347,1,9,-1.033098,-9.297878,0.321146,0.011631,0.000000,0.000000,0.500000,0
64.932975,1765336424.039906,1765336347,1,9,-1.033098,-9.297878,0.321146,0.011631,0.000000,0.000000,0.500000,0
64.934964,1765336424.039906,1765336347,1,9,-1.033098,-9.297878,0.321146,0.011631,0.000000,0.000000,0.500000,0
64.936954,1765336424.039906,1765336347,1,9,-1.033098,-9.297878,0.321146,0.011631,0.000000,0.000000,0.500000,0
64.938960,1765336424.039906,1765336347,1,9,-1.721829,-9.297878,0.321146,0.011631,0.000000,0.000000,0.500000,0
64.940970,1765336424.039906,1765336347,1,9,-1.033098,-9.297878,0.321146,0.011631,0.000000,0.000000,0.500000,0
64.942955,1765336424.039906,1765336347,1,9,-1.721829,-9.297878,0.321146,0.011631,0.000000,0.000000,0.500000,0
64.944972,1765336424.039906,1765336347,1,9,0.000000,-9.297878,0.321146,0.011631,0.000000,0.000000,0.500000,0
64.946983,1765336424.039906,1765336347,1,9,-1.033098,-9.297878,0.321146,0.011631,0.000000,0.000000,0.500000,0
64.948955,1765336424.039906,1765336347,1,9,-1.033098,-9.297878,0.321146,0.011631,0.000000,0.000000,0.500000,0
71.354909,1765336430.643894,1765336347,1,10,-1.033098,-9.297878,0.321162,0.011609,0.000000,0.000000,0.500000,0
71.356895,1765336430.643894,1765336347,1,10,-1.033098,-9.297878,0.321162,0.011609,0.000000,0.000000,0.500000,0
71.358904,1765336430.643894,1765336347,1,10,-1.721829,-9.297878,0.321162,0.011609,0.000000,0.000000,0.500000,0
71.360896,1765336430.643894,1765336347,1,10,-1.721829,-9.297878,0.321162,0.011609,0.000000,0.000000,0.500000,0
71.362892,1765336430.643894,1765336347,1,10,-1.033098,-9.297878,0.321162,0.011609,0.000000,0.000000,0.500000,0
71.364900,1765336430.643894,1765336347,1,10,0.000000,-9.297878,0.321162,0.011609,0.000000,0.000000,0.500000,0
71.366895,1765336430.643894,1765336347,1,10,0.344366,-9.297878,0.321162,0.011609,0.000000,0.000000,0.500000,0
71.368893,1765336430.643894,1765336347,1,10,-1.033098,-9.297878,0.321162,0.011609,0.000000,0.000000,0.500000,0
71.370912,1765336430.643894,1765336347,1,10,-1.033098,-9.297878,0.321162,0.011609,0.000000,0.000000,0.500000,0
71.372918,1765336430.643894,1765336347,1,10,-1.033098,-9.297878,0.321162,0.011609,0.000000,0.000000,0.500000,0
71.374903,1765336430.643894,1765336347,1,10,-1.033098,-9.297878,0.321162,0.011609,0.000000,0.000000,0.500000,0
71.376900,1765336430.643894,1765336347,1,10,-1.033098,-9.297878,0.321162,0.011609,0.000000,0.000000,0.500000,0
71.378898,1765336430.643894,1765336347,1,10,-1.033098,-9.297878,0.321162,0.011609,0.000000,0.000000,0.500000,0
71.380899,1765336430.643894,1765336347,1,10,-1.033098,-9.297878,0.321162,0.011609,0.000000,0.000000,0.500000,0
71.382906,1765336430.643894,1765336347,1,10,-1.033098,-9.297878,0.321162,0.011609,0.000000,0.000000,0.500000,0
71.384916,1765336430.643894,1765336347,1,10,-1.033098,-9.297878,0.321162,0.011609,0.000000,0.000000,0.500000,0
71.386911,1765336430.643894,1765336347,1,10,-1.033098,-9.297878,0.321162,0.011609,0.000000,0.000000,0.500000,0
71.388910,1765336430.643894,1765336347,1,10,-0.344366,-9.297878,0.321162,0.011609,0.000000,0.000000,0.500000,0
71.390902,1765336430.643894,1765336347,1,10,-1.033098,-9.297878,0.321162,0.011609,0.000000,0.000000,0.500000,0
71.392905,1765336430.643894,1765336347,1,10,-1.033098,-9.297878,0.321162,0.011609,0.000000,0.000000,0.500000,0
71.394899,1765336430.643894,1765336347,1,10,-1.033098,-9.297878,0.321162,0.011609,0.000000,0.000000,0.500000,0
71.396897,1765336430.643894,1765336347,1,10,-1.033098,-9.297878,0.321162,0.011609,0.000000,0.000000,0.500000,0
71.398918,1765336430.643894,1765336347,1,10,-1.033098,-9.297878,0.321162,0.011609,0.000000,0.000000,0.500000,0
71.400912,1765336430.643894,1765336347,1,10,-0.344366,-9.297878,0.321162,0.011609,0.000000,0.000000,0.500000,0
71.402903,1765336430.643894,1765336347,1,10,0.344366,-9.297878,0.321162,0.011609,0.000000,0.000000,0.500000,0
71.404906,1765336430.643894,1765336347,1,10,-1.033098,-9.297878,0.321162,0.011609,0.000000,0.000000,0.500000,0
71.406914,1765336430.643894,1765336347,1,10,-1.033098,-9.297878,0.321162,0.011609,0.000000,0.000000,0.500000,0
71.408908,1765336430.643894,1765336347,1,10,-1.033098,-9.297878,0.321162,0.011609,0.000000,0.000000,0.500000,0
71.410913,1765336430.643894,1765336347,1,10,-1.033098,-9.297878,0.321162,0.011609,0.000000,0.000000,0.500000,0
71.412923,1765336430.643894,1765336347,1,10,-1.033098,-9.297878,0.321162,0.011609,0.000000,0.000000,0.500000,0
71.414919,1765336430.643894,1765336347,1,10,-1.033098,-9.297878,0.321162,0.011609,0.000000,0.000000,0.500000,0
71.416940,1765336430.643894,1765336347,1,10,-1.033098,-9.297878,0.321162,0.011609,0.000000,0.000000,0.500000,0
71.418910,1765336430.643894,1765336347,1,10,-1.033098,-9.297878,0.321162,0.011609,0.000000,0.000000,0.500000,0
71.420909,1765336430.643894,1765336347,1,10,-1.033098,-9.297878,0.321162,0.011609,0.000000,0.000000,0.500000,0
71.422911,1765336430.643894,1765336347,1,10,-1.033098,-9.297878,0.321162,0.011609,0.000000,0.000000,0.500000,0
71.424918,1765336430.643894,1765336347,1,10,-1.033098,-9.297878,0.321162,0.011609,0.000000,0.000000,0.500000,0
71.426915,1765336430.643894,1765336347,1,10,0.000000,-9.297878,0.321162,0.011609,0.000000,0.000000,0.500000,0
71.428910,1765336430.643894,1765336347,1,10,-1.033098,-9.297878,0.321162,0.011609,0.000000,0.000000,0.500000,0
71.430922,1765336430.643894,1765336347,1,10,-1.033098,-9.297878,0.321162,0.011609,0.000000,0.000000,0.500000,0
71.432915,1765336430.643894,1765336347,1,10,-1.033098,-9.297878,0.321162,0.011609,0.000000,0.000000,0.500000,0
71.434915,1765336430.643894,1765336347,1,10,-1.033098,-9.297878,0.321162,0.011609,0.000000,0.000000,0.500000,0
71.436913,1765336430.643894,1765336347,1,10,-1.033098,-9.297878,0.321162,0.011609,0.000000,0.000000,0.500000,0
71.438921,1765336430.643894,1765336347,1,10,-1.033098,-9.297878,0.321162,0.011609,0.000000,0.000000,0.500000,0
71.440914,1765336430.643894,1765336347,1,10,-1.033098,-9.297878,0.321162,0.011609,0.000000,0.000000,0.500000,0
71.442934,1765336430.643894,1765336347,1,10,-1.033098,-9.297878,0.321162,0.011609,0.000000,0.000000,0.500000,0
71.444920,1765336430.643894,1765336347,1,10,-0.344366,-9.297878,0.321162,0.011609,0.000000,0.000000,0.500000,0
71.446912,1765336430.643894,1765336347,1,10,-1.033098,-9.297878,0.321162,0.011609,0.000000,0.000000,0.500000,0
71.448929,1765336430.643894,1765336347,1,10,0.000000,-9.297878,0.321162,0.011609,0.000000,0.000000,0.500000,0
71.450923,1765336430.643894,1765336347,1,10,-1.033098,-9.297878,0.321162,0.011609,0.000000,0.000000,0.500000,0
71.452925,1765336430.643894,1765336347,1,10,-0.344366,-9.297878,0.321162,0.011609,0.000000,0.000000,0.500000,0
71.454931,1765336430.643894,1765336347,1,10,-1.033098,-9.297878,0.321162,0.011609,0.000000,0.000000,0.500000,0
71.456914,1765336430.643894,1765336347,1,10,-1.033098,-9.297878,0.321162,0.011609,0.000000,0.000000,0.500000,0
71.458920,1765336430.643894,1765336347,1,10,-0.344366,-9.642244,0.321162,0.011609,0.000000,0.000000,0.500000,0
71.460920,1765336430.643894,1765336347,1,10,-0.344366,-9.297878,0.321162,0.011609,0.000000,0.000000,0.500000,0
71.462915,1765336430.643894,1765336347,1,10,0.000000,-9.297878,0.321162,0.011609,0.000000,0.000000,0.500000,0
71.464914,1765336430.643894,1765336347,1,10,-1.033098,-9.642244,0.321162,0.011609,0.000000,0.000000,0.500000,0
71.466933,1765336430.643894,1765336347,1,10,0.000000,-8.953512,0.321162,0.011609,0.000000,0.000000,0.500000,0
71.468931,1765336430.643894,1765336347,1,10,-1.033098,-9.297878,0.321162,0.011609,0.000000,0.000000,0.500000,0
71.470916,1765336430.643894,1765336347,1,10,-1.033098,-9.297878,0.321162,0.011609,0.000000,0.000000,0.500000,0
71.472923,1765336430.643894,1765336347,1,10,0.000000,-9.297878,0.321162,0.011609,0.000000,0.000000,0.500000,0
71.474917,1765336430.643894,1765336347,1,10,-1.033098,-9.297878,0.321162,0.011609,0.000000,0.000000,0.500000,0
71.476930,1765336430.643894,1765336347,1,10,-1.033098,-9.297878,0.321162,0.011609,0.000000,0.000000,0.500000,0
71.478944,1765336430.643894,1765336347,1,10,-1.033098,-9.642244,0.321162,0.011609,0.000000,0.000000,0.500000,0
71.480935,1765336430.643894,1765336347,1,10,-1.033098,-9.297878,0.321162,0.011609,0.000000,0.000000,0.500000,0
71.482938,1765336430.643894,1765336347,1,10,-1.033098,-9.297878,0.321162,0.011609,0.000000,0.000000,0.500000,0
71.484927,1765336430.643894,1765336347,1,10,-1.033098,-9.297878,0.321162,0.011609,0.000000,0.000000,0.500000,0
71.486918,1765336430.643894,1765336347,1,10,-1.033098,-9.297878,0.321162,0.011609,0.000000,0.000000,0.500000,0
71.488918,1765336430.643894,1765336347,1,10,-1.033098,-9.297878,0.321162,0.011609,0.000000,0.000000,0.500000,0
71.490925,1765336430.643894,1765336347,1,10,-1.721829,-9.297878,0.321162,0.011609,0.000000,0.000000,0.500000,0
71.492932,1765336430.643894,1765336347,1,10,-1.033098,-9.297878,0.321162,0.011609,0.000000,0.000000,0.500000,0
71.494941,1765336430.643894,1765336347,1,10,-1.033098,-9.297878,0.321162,0.011609,0.000000,0.000000,0.500000,0
71.496937,1765336430.643894,1765336347,1,10,-2.410561,-9.297878,0.321162,0.011609,0.000000,0.000000,0.500000,0
71.498921,1765336430.643894,1765336347,1,10,-1.033098,-9.297878,0.321162,0.011609,0.000000,0.000000,0.500000,0
71.500921,1765336430.643894,1765336347,1,10,-1.721829,-9.297878,0.321162,0.011609,0.000000,0.000000,0.500000,0
71.502930,1765336430.643894,1765336347,1,10,-1.033098,-9.297878,0.321162,0.011609,0.000000,0.000000,0.500000,0
71.504922,1765336430.643894,1765336347,1,10,-1.033098,-9.297878,0.321162,0.011609,0.000000,0.000000,0.500000,0
71.506927,1765336430.643894,1765336347,1,10,-0.344366,-9.297878,0.321162,0.011609,0.000000,0.000000,0.500000,0
71.508917,1765336430.643894,1765336347,1,10,-0.344366,-9.297878,0.321162,0.011609,0.000000,0.000000,0.500000,0
71.510940,1765336430.643894,1765336347,1,10,0.000000,-9.297878,0.321162,0.011609,0.000000,0.000000,0.500000,0
71.512935,1765336430.643894,1765336347,1,10,-1.033098,-9.297878,0.321162,0.011609,0.000000,0.000000,0.500000,0
71.514929,1765336430.643894,1765336347,1,10,-1.033098,-9.642244,0.321158,0.011609,-0.000941,0.000000,0.500000,0
71.516928,1765336430.643894,1765336347,1,10,0.000000,-9.297878,0.321162,0.011609,0.000798,0.000000,0.500000,0
71.518925,1765336430.643894,1765336347,1,10,-1.033098,-9.297878,0.321158,0.011609,0.000499,0.000000,0.500000,0
71.520939,1765336430.643894,1765336347,1,10,-1.033098,-9.297878,0.321158,0.011609,-0.000869,0.000000,0.500000,0
71.522929,1765336430.643894,1765336347,1,10,-1.033098,-9.297878,0.321158,0.011609,-0.000497,0.000000,0.500000,0
71.524921,1765336430.643894,1765336347,1,10,0.000000,-9.297878,0.321162,0.011609,0.000901,0.000000,0.500000,0
71.526926,1765336430.643894,1765336347,1,10,-1.033098,-9.642244,0.321162,0.011609,0.000946,0.000000,0.500000,0
71.528921,1765336430.643894,1765336347,1,10,-1.721829,-9.297878,0.321162,0.011609,0.000000,0.000000,0.500000,0
71.530923,1765336430.643894,1765336347,1,10,-1.033098,-9.297878,0.321162,0.011609,0.000000,0.000000,0.500000,0
71.532927,1765336430.643894,1765336347,1,10,-1.721829,-9.297878,0.321162,0.011609,0.000000,0.000000,0.500000,0
71.534928,1765336430.643894,1765336347,1,10,-1.033098,-9.297878,0.321162,0.011609,0.000000,0.000000,0.500000,0
71.536942,1765336430.643894,1765336347,1,10,-1.033098,-9.642244,0.321162,0.011609,0.000000,0.000000,0.500000,0
71.538934,1765336430.643894,1765336347,1,10,-1.033098,-9.297878,0.321162,0.011609,0.000000,0.000000,0.500000,0
71.540940,1765336430.643894,1765336347,1,10,-1.033098,-9.297878,0.321162,0.011609,0.000000,0.000000,0.500000,0
71.542924,1765336430.643894,1765336347,1,10,-1.033098,-9.297878,0.321162,0.011609,0.000000,0.000000,0.500000,0
71.544923,1765336430.643894,1765336347,1,10,-1.033098,-9.297878,0.321162,0.011609,0.000000,0.000000,0.500000,0
71.546941,1765336430.643894,1765336347,1,10,-1.033098,-9.297878,0.321158,0.011609,-0.000806,0.000000,0.500000,0
71.548922,1765336430.643894,1765336347,1,10,-1.033098,-9.297878,0.321158,0.011609,-0.000945,0.000000,0.500000,0
71.550934,1765336430.643894,1765336347,1,10,-0.344366,-9.297878,0.321158,0.011609,-0.000946,0.000000,0.500000,0
71.552935,1765336430.643894,1765336347,1,10,-1.033098,-9.297878,0.321162,0.011609,0.000929,0.000000,0.500000,0
6.487157,1765336449.700802,1765336347,1,1,0.688732,-1.721829,0.319436,0.003467,0.000000,0.000000,0.500000,0
6.489160,1765336449.700802,1765336347,1,1,0.000000,-1.721829,0.319436,0.003467,0.000000,0.000000,0.500000,0
6.491160,1765336449.700802,1765336347,1,1,0.688732,-1.033098,0.319436,0.003467,0.000000,0.000000,0.500000,0
6.493165,1765336449.700802,1765336347,1,1,0.000000,-1.721829,0.319436,0.003467,0.000000,0.000000,0.500000,0
6.495172,1765336449.700802,1765336347,1,1,0.688732,-1.033098,0.319436,0.003467,0.000000,0.000000,0.500000,0
6.497159,1765336449.700802,1765336347,1,1,0.000000,-1.721829,0.319436,0.003467,0.000000,0.000000,0.500000,0
6.499162,1765336449.700802,1765336347,1,1,0.000000,-1.377463,0.319436,0.003467,0.000000,0.000000,0.500000,0
6.501167,1765336449.700802,1765336347,1,1,0.000000,-1.377463,0.319436,0.003467,0.000000,0.000000,0.500000,0
6.503163,1765336449.700802,1765336347,1,1,0.000000,-1.721829,0.319436,0.003467,0.000000,0.000000,0.500000,0
6.505160,1765336449.700802,1765336347,1,1,0.000000,-1.721829,0.319436,0.003467,0.000000,0.000000,0.500000,0
6.507167,1765336449.700802,1765336347,1,1,0.000000,-1.721829,0.319436,0.003467,0.000000,0.000000,0.500000,0
6.509175,1765336449.700802,1765336347,1,1,0.688732,-1.721829,0.319436,0.003467,0.000000,0.000000,0.500000,0
6.511163,1765336449.700802,1765336347,1,1,0.688732,-1.377463,0.319436,0.003467,0.000000,0.000000,0.500000,0
6.513176,1765336449.700802,1765336347,1,1,0.688732,-1.377463,0.319436,0.003467,0.000000,0.000000,0.500000,0
6.515168,1765336449.700802,1765336347,1,1,0.000000,-1.721829,0.319436,0.003467,0.000000,0.000000,0.500000,0
6.517170,1765336449.700802,1765336347,1,1,0.000000,-1.721829,0.319436,0.003467,0.000000,0.000000,0.500000,0
6.519170,1765336449.700802,1765336347,1,1,0.688732,-1.033098,0.319436,0.003467,0.000000,0.000000,0.500000,0
6.521185,1765336449.700802,1765336347,1,1,0.688732,-1.721829,0.319436,0.003467,0.000000,0.000000,0.500000,0
6.523172,1765336449.700802,1765336347,1,1,0.344366,-1.377463,0.319436,0.003467,0.000000,0.000000,0.500000,0
6.525176,1765336449.700802,1765336347,1,1,0.688732,-1.721829,0.319436,0.003467,0.000000,0.000000,0.500000,0
6.527186,1765336449.700802,1765336347,1,1,0.000000,-1.377463,0.319436,0.003467,0.000000,0.000000,0.500000,0
6.529187,1765336449.700802,1765336347,1,1,0.688732,-1.377463,0.319436,0.003467,0.000000,0.000000,0.500000,0
6.531177,1765336449.700802,1765336347,1,1,0.688732,-2.066195,0.319436,0.003467,0.000000,0.000000,0.500000,0
6.533186,1765336449.700802,1765336347,1,1,0.688732,-1.377463,0.319436,0.003467,0.000000,0.000000,0.500000,0
6.535173,1765336449.700802,1765336347,1,1,0.000000,-1.721829,0.319436,0.003467,0.000000,0.000000,0.500000,0
6.537281,1765336449.700802,1765336347,1,1,0.344366,-1.721829,0.319436,0.003467,0.000000,0.000000,0.500000,0
6.539186,1765336449.700802,1765336347,1,1,0.688732,-1.721829,0.319436,0.003467,0.000000,0.000000,0.500000,0
6.541189,1765336449.700802,1765336347,1,1,0.344366,-1.033098,0.319436,0.003467,0.000000,0.000000,0.500000,0
6.543175,1765336449.700802,1765336347,1,1,0.344366,-1.721829,0.319436,0.003467,0.000000,0.000000,0.500000,0
6.545182,1765336449.700802,1765336347,1,1,0.688732,-1.721829,0.319436,0.003467,0.000000,0.000000,0.500000,0
6.547191,1765336449.700802,1765336347,1,1,0.000000,-1.033098,0.319436,0.003467,0.000000,0.000000,0.500000,0
6.549194,1765336449.700802,1765336347,1,1,0.000000,-1.721829,0.319436,0.003467,0.000000,0.000000,0.500000,0
6.551209,1765336449.700802,1765336347,1,1,0.000000,-1.377463,0.319436,0.003467,0.000000,0.000000,0.500000,0
6.553196,1765336449.700802,1765336347,1,1,0.000000,-1.721829,0.319436,0.003467,0.000000,0.000000,0.500000,0
6.555189,1765336449.700802,1765336347,1,1,0.688732,-1.721829,0.319436,0.003467,0.000000,0.000000,0.500000,0
6.557189,1765336449.700802,1765336347,1,1,0.688732,-1.377463,0.319436,0.003467,0.000000,0.000000,0.500000,0
6.559176,1765336449.700802,1765336347,1,1,0.688732,-1.033098,0.319436,0.003467,0.000000,0.000000,0.500000,0
6.561176,1765336449.700802,1765336347,1,1,0.688732,-1.721829,0.319436,0.003467,0.000000,0.000000,0.500000,0
6.563186,1765336449.700802,1765336347,1,1,0.000000,-1.377463,0.319436,0.003467,0.000000,0.000000,0.500000,0
6.565186,1765336449.700802,1765336347,1,1,0.344366,-1.033098,0.319436,0.003467,0.000000,0.000000,0.500000,0
6.567176,1765336449.700802,1765336347,1,1,0.688732,-1.377463,0.319436,0.003467,0.000000,0.000000,0.500000,0
6.569184,1765336449.700802,1765336347,1,1,0.688732,-1.721829,0.319436,0.003467,0.000000,0.000000,0.500000,0
6.571175,1765336449.700802,1765336347,1,1,0.688732,-1.721829,0.319436,0.003467,0.000000,0.000000,0.500000,0
6.573175,1765336449.700802,1765336347,1,1,0.688732,-0.688732,0.319436,0.003467,0.000000,0.000000,0.500000,0
6.575179,1765336449.700802,1765336347,1,1,0.688732,-1.377463,0.319436,0.003467,0.000000,0.000000,0.500000,0
6.577179,1765336449.700802,1765336347,1,1,0.688732,-1.377463,0.319436,0.003467,0.000000,0.000000,0.500000,0
6.579176,1765336449.700802,1765336347,1,1,0.688732,-1.033098,0.319436,0.003467,0.000000,0.000000,0.500000,0
6.581196,1765336449.700802,1765336347,1,1,0.000000,-1.721829,0.319436,0.003467,0.000000,0.000000,0.500000,0
6.583185,1765336449.700802,1765336347,1,1,0.000000,-1.033098,0.319436,0.003467,0.000000,0.000000,0.500000,0
6.585196,1765336449.700802,1765336347,1,1,0.688732,-1.377463,0.319436,0.003467,0.000000,0.000000,0.500000,0
6.587180,1765336449.700802,1765336347,1,1,0.344366,-1.377463,0.319436,0.003467,0.000000,0.000000,0.500000,0
6.589179,1765336449.700802,1765336347,1,1,0.688732,-1.377463,0.319436,0.003467,0.000000,0.000000,0.500000,0
6.591176,1765336449.700802,1765336347,1,1,0.000000,-0.688732,0.319436,0.003467,0.000000,0.000000,0.500000,0
6.593199,1765336449.700802,1765336347,1,1,0.688732,-1.721829,0.319436,0.003467,0.000000,0.000000,0.500000,0
6.595175,1765336449.700802,1765336347,1,1,0.000000,-1.377463,0.319436,0.003467,0.000000,0.000000,0.500000,0
6.597173,1765336449.700802,1765336347,1,1,0.000000,-1.721829,0.319436,0.003467,0.000000,0.000000,0.500000,0
6.599198,1765336449.700802,1765336347,1,1,0.688732,-1.033098,0.319436,0.003467,0.000000,0.000000,0.500000,0
6.601180,1765336449.700802,1765336347,1,1,0.000000,-1.377463,0.319436,0.003467,0.000000,0.000000,0.500000,0
6.603187,1765336449.700802,1765336347,1,1,0.688732,-1.377463,0.319436,0.003467,0.000000,0.000000,0.500000,0
6.605181,1765336449.700802,1765336347,1,1,0.000000,-1.377463,0.319436,0.003467,0.000000,0.000000,0.500000,0
6.607184,1765336449.700802,1765336347,1,1,0.000000,-1.377463,0.319436,0.003467,0.000000,0.000000,0.500000,0
6.609195,1765336449.700802,1765336347,1,1,0.000000,-1.721829,0.319436,0.003467,0.000000,0.000000,0.500000,0
6.611200,1765336449.700802,1765336347,1,1,0.688732,-1.721829,0.319436,0.003467,0.000000,0.000000,0.500000,0
6.613199,1765336449.700802,1765336347,1,1,0.688732,-1.377463,0.319436,0.003467,0.000000,0.000000,0.500000,0
6.615208,1765336449.700802,1765336347,1,1,0.688732,-1.721829,0.319436,0.003467,0.000000,0.000000,0.500000,0
6.617199,1765336449.700802,1765336347,1,1,0.688732,-1.721829,0.319436,0.003467,0.000000,0.000000,0.500000,0
6.619196,1765336449.700802,1765336347,1,1,0.000000,-1.721829,0.319436,0.003467,0.000000,0.000000,0.500000,0
6.621181,1765336449.700802,1765336347,1,1,0.000000,-1.721829,0.319436,0.003467,0.000000,0.000000,0.500000,0
6.623183,1765336449.700802,1765336347,1,1,0.000000,-1.721829,0.319436,0.003467,0.000000,0.000000,0.500000,0
6.625180,1765336449.700802,1765336347,1,1,0.000000,-1.033098,0.319436,0.003467,0.000000,0.000000,0.500000,0
6.627190,1765336449.700802,1765336347,1,1,0.688732,-1.377463,0.319436,0.003467,0.000000,0.000000,0.500000,0
6.629189,1765336449.700802,1765336347,1,1,0.688732,-1.721829,0.319436,0.003467,0.000000,0.000000,0.500000,0
6.631182,1765336449.700802,1765336347,1,1,0.000000,-1.377463,0.319436,0.003467,0.000000,0.000000,0.500000,0
6.633182,1765336449.700802,1765336347,1,1,0.000000,-1.377463,0.319436,0.003467,0.000000,0.000000,0.500000,0
6.635186,1765336449.700802,1765336347,1,1,0.688732,-1.377463,0.319436,0.003467,0.000000,0.000000,0.500000,0
6.637184,1765336449.700802,1765336347,1,1,0.688732,-1.721829,0.319436,0.003467,0.000000,0.000000,0.500000,0
6.639200,1765336449.700802,1765336347,1,1,0.688732,-1.377463,0.319436,0.003467,0.000000,0.000000,0.500000,0
6.641198,1765336449.700802,1765336347,1,1,0.000000,-1.721829,0.319436,0.003467,0.000000,0.000000,0.500000,0
6.643203,1765336449.700802,1765336347,1,1,0.000000,-1.721829,0.319436,0.003467,0.000000,0.000000,0.500000,0
6.645193,1765336449.700802,1765336347,1,1,0.688732,-2.066195,0.319436,0.003467,0.000000,0.000000,0.500000,0
6.647189,1765336449.700802,1765336347,1,1,0.000000,-1.377463,0.319436,0.003467,0.000000,0.000000,0.500000,0
6.649183,1765336449.700802,1765336347,1,1,0.000000,-1.721829,0.319436,0.003467,0.000000,0.000000,0.500000,0
6.651186,1765336449.700802,1765336347,1,1,0.000000,-1.721829,0.319436,0.003467,0.000000,0.000000,0.500000,0
6.653202,1765336449.700802,1765336347,1,1,0.000000,-2.066195,0.319436,0.003467,0.000000,0.000000,0.500000,0
6.655195,1765336449.700802,1765336347,1,1,0.000000,-1.377463,0.319436,0.003467,0.000000,0.000000,0.500000,0
6.657186,1765336449.700802,1765336347,1,1,0.688732,-1.033098,0.319436,0.003467,0.000000,0.000000,0.500000,0
6.659191,1765336449.700802,1765336347,1,1,0.688732,-1.377463,0.319436,0.003467,0.000000,0.000000,0.500000,0
6.661185,1765336449.700802,1765336347,1,1,0.000000,-1.721829,0.319436,0.003467,0.000000,0.000000,0.500000,0
6.663186,1765336449.700802,1765336347,1,1,0.688732,-1.721829,0.319436,0.003467,0.000000,0.000000,0.500000,0
6.665194,1765336449.700802,1765336347,1,1,0.000000,-1.721829,0.319436,0.003467,0.000000,0.000000,0.500000,0
6.667206,1765336449.700802,1765336347,1,1,0.688732,-1.721829,0.319436,0.003467,0.000000,0.000000,0.500000,0
6.669197,1765336449.700802,1765336347,1,1,0.688732,-1.721829,0.319436,0.003467,0.000000,0.000000,0.500000,0
6.671195,1765336449.700802,1765336347,1,1,0.000000,-2.066195,0.319436,0.003467,0.000000,0.000000,0.500000,0
6.673200,1765336449.700802,1765336347,1,1,0.688732,-1.721829,0.319436,0.003467,0.000000,0.000000,0.500000,0
6.675187,1765336449.700802,1765336347,1,1,0.000000,-1.377463,0.319436,0.003467,0.000000,0.000000,0.500000,0
6.677193,1765336449.700802,1765336347,1,1,0.000000,-1.377463,0.319436,0.003467,0.000000,0.000000,0.500000,0
6.679189,1765336449.700802,1765336347,1,1,0.000000,-1.377463,0.319436,0.003467,0.000000,0.000000,0.500000,0
6.681200,1765336449.700802,1765336347,1,1,0.000000,-1.721829,0.319436,0.003467,0.000000,0.000000,0.500000,0
6.683189,1765336449.700802,1765336347,1,1,0.000000,-1.721829,0.319436,0.003467,0.000000,0.000000,0.500000,0
6.685208,1765336449.700802,1765336347,1,1,0.000000,-1.377463,0.319436,0.003467,0.000000,0.000000,0.500000,0
18.049226,1765336461.262819,1765336347,1,2,-4.476756,-0.688732,0.324470,0.003323,0.000000,0.000001,0.500000,0
18.051217,1765336461.262819,1765336347,1,2,-4.132390,-0.688732,0.324474,0.003323,0.000682,0.000000,0.500000,0
18.053213,1765336461.262819,1765336347,1,2,-4.132390,-0.688732,0.324474,0.003323,0.000944,0.000000,0.500000,0
18.055215,1765336461.262819,1765336347,1,2,-4.476756,-1.377463,0.324474,0.003323,0.000021,0.000000,0.500000,0
18.057231,1765336461.262819,1765336347,1,2,-4.821122,-1.377463,0.324474,0.003323,0.000000,0.000000,0.500000,0
18.059212,1765336461.262819,1765336347,1,2,-4.132390,-0.688732,0.324474,0.003323,0.000000,0.000000,0.500000,0
18.061221,1765336461.262819,1765336347,1,2,-4.132390,-0.688732,0.324474,0.003323,0.000000,0.000000,0.500000,0
18.063220,1765336461.262819,1765336347,1,2,-4.132390,-0.688732,0.324474,0.003323,0.000000,0.000000,0.500000,0
18.065215,1765336461.262819,1765336347,1,2,-4.132390,-1.377463,0.324474,0.003323,0.000000,0.000000,0.500000,0
18.067213,1765336461.262819,1765336347,1,2,-4.132390,-1.377463,0.324474,0.003323,0.000000,0.000000,0.500000,0
18.069225,1765336461.262819,1765336347,1,2,-3.788025,-1.033098,0.324477,0.003323,0.000935,0.000000,0.500000,0
18.071234,1765336461.262819,1765336347,1,2,-4.132390,-0.688732,0.324477,0.003323,0.000140,0.000000,0.500000,0
18.073215,1765336461.262819,1765336347,1,2,-4.132390,-0.688732,0.324477,0.003323,0.000011,0.000000,0.500000,0
18.075245,1765336461.262819,1765336347,1,2,-4.476756,-0.688732,0.324477,0.003323,0.000000,0.000000,0.500000,0
18.077233,1765336461.262819,1765336347,1,2,-4.476756,-1.377463,0.324477,0.003323,0.000000,0.000000,0.500000,0
18.079218,1765336461.262819,1765336347,1,2,-4.132390,-1.721829,0.324477,0.003323,0.000000,0.000000,0.500000,0
18.081223,1765336461.262819,1765336347,1,2,-4.132390,-1.377463,0.324477,0.003323,0.000000,0.000000,0.500000,0
18.083215,1765336461.262819,1765336347,1,2,-4.132390,-1.377463,0.324477,0.003323,0.000000,0.000000,0.500000,0
18.085231,1765336461.262819,1765336347,1,2,-4.132390,-0.688732,0.324477,0.003323,0.000446,0.000000,0.500000,0
18.087223,1765336461.262819,1765336347,1,2,-4.476756,-1.377463,0.324481,0.003323,0.000943,0.000000,0.500000,0
18.089234,1765336461.262819,1765336347,1,2,-4.476756,-1.377463,0.324481,0.003323,0.000946,0.000000,0.500000,0
18.091221,1765336461.262819,1765336347,1,2,-4.476756,-1.377463,0.324481,0.003323,0.000039,0.000000,0.500000,0
18.093232,1765336461.262819,1765336347,1,2,-4.132390,-1.377463,0.324481,0.003323,0.000000,0.000000,0.500000,0
18.095218,1765336461.262819,1765336347,1,2,-4.132390,-1.377463,0.324481,0.003323,0.000000,0.000000,0.500000,0
18.097218,1765336461.262819,1765336347,1,2,-4.476756,-1.377463,0.324481,0.003323,0.000000,0.000000,0.500000,0
18.099229,1765336461.262819,1765336347,1,2,-4.476756,-1.377463,0.324481,0.003323,0.000000,0.000000,0.500000,0
18.101223,1765336461.262819,1765336347,1,2,-4.821122,-1.377463,0.324481,0.003323,0.000000,0.000000,0.500000,0
18.103244,1765336461.262819,1765336347,1,2,-4.132390,-1.377463,0.324481,0.003323,0.000000,0.000000,0.500000,0
18.105224,1765336461.262819,1765336347,1,2,-4.132390,-0.688732,0.324481,0.003323,0.000000,0.000000,0.500000,0
18.107219,1765336461.262819,1765336347,1,2,-4.132390,-1.377463,0.324485,0.003323,0.000682,0.000000,0.500000,0
18.109219,1765336461.262819,1765336347,1,2,-4.476756,-1.721829,0.324485,0.003323,0.000946,0.000000,0.500000,0
18.111224,1765336461.262819,1765336347,1,2,-4.476756,-0.688732,0.324485,0.003323,0.000021,0.000000,0.500000,0
18.113219,1765336461.262819,1765336347,1,2,-4.476756,-1.377463,0.324485,0.003323,0.000001,0.000000,0.500000,0
18.115238,1765336461.262819,1765336347,1,2,-4.821122,-0.688732,0.324485,0.003323,0.000000,0.000000,0.500000,0
18.117238,1765336461.262819,1765336347,1,2,-4.476756,-1.377463,0.324485,0.003323,0.000446,0.000000,0.500000,0
18.119251,1765336461.262819,1765336347,1,2,-4.476756,-1.377463,0.324489,0.003323,0.000946,0.000000,0.500000,0
18.121233,1765336461.262819,1765336347,1,2,-4.476756,-1.377463,0.324489,0.003323,0.000946,0.000000,0.500000,0
18.123245,1765336461.262819,1765336347,1,2,-4.132390,-0.688732,0.324489,0.003323,0.000006,0.000000,0.500000,0
18.125245,1765336461.262819,1765336347,1,2,-4.132390,-0.688732,0.324492,0.003323,0.000682,0.000000,0.500000,0
18.127230,1765336461.262819,1765336347,1,2,-4.132390,-0.688732,0.324492,0.003323,0.000946,0.000000,0.500000,0
18.129231,1765336461.262819,1765336347,1,2,-4.476756,-1.377463,0.324492,0.003323,0.000466,0.000000,0.500000,0
18.131222,1765336461.262819,1765336347,1,2,-4.132390,-1.033098,0.324496,0.003323,0.000909,0.000000,0.500000,0
18.133226,1765336461.262819,1765336347,1,2,-4.476756,-0.688732,0.324496,0.003323,0.000946,0.000000,0.500000,0
18.135237,1765336461.262819,1765336347,1,2,-4.132390,-0.688732,0.324500,0.003323,0.000948,0.000000,0.500000,0
18.137244,1765336461.262819,1765336347,1,2,-4.476756,-1.377463,0.324504,0.003323,0.001075,0.000000,0.500000,0
18.139226,1765336461.262819,1765336347,1,2,-4.476756,-1.033098,0.324504,0.003327,0.001402,0.000682,0.500000,0
18.141237,1765336461.262819,1765336347,1,2,-4.476756,-1.721829,0.324508,0.003327,0.001529,0.000945,0.500000,0
18.143235,1765336461.262819,1765336347,1,2,-4.132390,-1.377463,0.324511,0.003327,0.001890,0.000265,0.500000,0
18.145222,1765336461.262819,1765336347,1,2,-4.132390,-0.688732,0.324519,0.003327,0.001911,0.000001,0.500000,0
18.147240,1765336461.262819,1765336347,1,2,-4.476756,-1.377463,0.324523,0.003327,0.002367,0.000000,0.500000,0
18.149237,1765336461.262819,1765336347,1,2,-4.821122,-1.377463,0.324527,0.003331,0.002120,0.000806,0.500000,0
18.151227,1765336461.262819,1765336347,1,2,-4.132390,-1.377463,0.324530,0.003331,0.002459,0.000946,0.500000,0
18.153238,1765336461.262819,1765336347,1,2,-4.476756,-1.377463,0.324538,0.003331,0.002736,0.000140,0.500000,0
18.155234,1765336461.262819,1765336347,1,2,-4.132390,-0.688732,0.324545,0.003335,0.002802,0.000926,0.500000,0
18.157225,1765336461.262819,1765336347,1,2,-4.476756,-1.377463,0.324553,0.003338,0.003074,0.001172,0.500000,0
18.159244,1765336461.262819,1765336347,1,2,-4.132390,-1.721829,0.324557,0.003338,0.003539,0.000964,0.500000,0
18.161230,1765336461.262819,1765336347,1,2,-4.821122,-1.721829,0.324561,0.003342,0.003390,0.001408,0.500000,0
18.163230,1765336461.262819,1765336347,1,2,-4.821122,-1.377463,0.324572,0.003346,0.003762,0.001755,0.500000,0
18.165247,1765336461.262819,1765336347,1,2,-4.476756,-1.721829,0.324580,0.003346,0.004231,0.001430,0.500000,0
18.167229,1765336461.262819,1765336347,1,2,-4.476756,-1.377463,0.324587,0.003354,0.004056,0.001765,0.500000,0
18.169233,1765336461.262819,1765336347,1,2,-4.476756,-1.721829,0.324595,0.003354,0.004175,0.001892,0.500000,0
18.171231,1765336461.262819,1765336347,1,2,-4.132390,-1.721829,0.324610,0.003361,0.004731,0.001893,0.500000,0
18.173225,1765336461.262819,1765336347,1,2,-4.476756,-1.377463,0.324621,0.003365,0.005596,0.002253,0.500000,0
18.175232,1765336461.262819,1765336347,1,2,-4.476756,-1.377463,0.324629,0.003369,0.005671,0.002085,0.500000,0
18.177251,1765336461.262819,1765336347,1,2,-4.476756,-1.377463,0.324640,0.003372,0.006288,0.001960,0.500000,0
18.179238,1765336461.262819,1765336347,1,2,-4.821122,-1.721829,0.324663,0.003376,0.006856,0.001928,0.500000,0
18.181247,1765336461.262819,1765336347,1,2,-5.509854,-1.377463,0.324674,0.003380,0.007219,0.001946,0.500000,0
18.183245,1765336461.262819,1765336347,1,2,-4.821122,-1.721829,0.324689,0.003384,0.007243,0.001921,0.500000,0
18.185228,1765336461.262819,1765336347,1,2,-4.476756,-1.721829,0.324697,0.003388,0.007243,0.001893,0.500000,0
18.187227,1765336461.262819,1765336347,1,2,-4.821122,-1.377463,0.324712,0.003391,0.007568,0.001883,0.500000,0
18.189248,1765336461.262819,1765336347,1,2,-4.476756,-1.721829,0.324738,0.003395,0.008341,0.001892,0.500000,0
18.191247,1765336461.262819,1765336347,1,2,-5.509854,-1.377463,0.324757,0.003399,0.008817,0.001209,0.500000,0
18.193236,1765336461.262819,1765336347,1,2,-4.821122,-1.033098,0.324765,0.003399,0.008986,0.001413,0.500000,0
18.195247,1765336461.262819,1765336347,1,2,-4.476756,-1.377463,0.324784,0.003403,0.009295,0.000982,0.500000,0
18.197245,1765336461.262819,1765336347,1,2,-5.165488,-1.721829,0.324814,0.003407,0.009984,0.001182,0.500000,0
18.199238,1765336461.262819,1765336347,1,2,-4.821122,-1.721829,0.324837,0.003407,0.010366,0.000946,0.500000,0
18.201246,1765336461.262819,1765336347,1,2,-4.821122,-1.721829,0.324844,0.003407,0.010405,0.000265,0.500000,0
18.203252,1765336461.262819,1765336347,1,2,-4.476756,-1.033098,0.324867,0.003410,0.010921,0.000874,0.500000,0
18.205259,1765336461.262819,1765336347,1,2,-5.165488,-1.721829,0.324890,0.003410,0.011324,0.000946,0.500000,0
18.207247,1765336461.262819,1765336347,1,2,-4.821122,-1.377463,0.324928,0.003410,0.012190,0.000074,0.500000,0
18.209247,1765336461.262819,1765336347,1,2,-5.509854,-1.377463,0.324939,0.003410,0.012168,0.000000,0.500000,0
18.211238,1765336461.262819,1765336347,1,2,-5.509854,-1.721829,0.324966,0.003410,0.012866,0.000000,0.500000,0
18.213235,1765336461.262819,1765336347,1,2,-5.509854,-1.721829,0.324996,0.003410,0.014052,0.000000,0.500000,0
18.215237,1765336461.262819,1765336347,1,2,-4.821122,-1.377463,0.325038,0.003410,0.014184,0.000000,0.500000,0
18.217239,1765336461.262819,1765336347,1,2,-5.509854,-0.688732,0.325053,0.003410,0.014193,0.000000,0.500000,0
18.219251,1765336461.262819,1765336347,1,2,-5.165488,-1.377463,0.325087,0.003410,0.015811,0.000000,0.500000,0
18.221233,1765336461.262819,1765336347,1,2,-5.509854,-1.033098,0.325136,0.003410,0.016959,0.000000,0.500000,0
18.223234,1765336461.262819,1765336347,1,2,-5.509854,-1.033098,0.325170,0.003410,0.017014,0.000000,0.500000,0
18.225243,1765336461.262819,1765336347,1,2,-5.509854,-1.721829,0.325189,0.003410,0.017903,0.000000,0.500000,0
18.227233,1765336461.262819,1765336347,1,2,-5.165488,-1.377463,0.325227,0.003410,0.018851,0.000000,0.500000,0
18.229241,1765336461.262819,1765336347,1,2,-5.509854,-1.377463,0.325268,0.003410,0.019784,0.000000,0.500000,0
18.231262,1765336461.262819,1765336347,1,2,-6.198586,-1.377463,0.325333,0.003410,0.020936,0.000000,0.500000,0
18.233254,1765336461.262819,1765336347,1,2,-5.854220,-1.377463,0.325355,0.003414,0.021575,0.000935,0.500000,0
18.235234,1765336461.262819,1765336347,1,2,-5.509854,-1.377463,0.325401,0.003414,0.022065,0.000946,0.500000,0
18.237236,1765336461.262819,1765336347,1,2,-5.509854,-1.377463,0.325469,0.003414,0.023315,0.000011,0.500000,0
18.239234,1765336461.262819,1765336347,1,2,-5.854220,-1.377463,0.325522,0.003414,0.024496,0.000000,0.500000,0
18.241252,1765336461.262819,1765336347,1,2,-5.854220,-1.033098,0.325545,0.003418,0.024719,0.000872,0.500000,0
18.243255,1765336461.262819,1765336347,1,2,-5.854220,-1.033098,0.325598,0.003418,0.025534,0.000946,0.500000,0
18.245238,1765336461.262819,1765336347,1,2,-6.198586,-1.377463,0.325673,0.003422,0.025674,0.000981,0.500000,0
18.247234,1765336461.262819,1765336347,1,2,-6.198586,-1.377463,0.325726,0.003422,0.026196,0.001392,0.500000,0
24.622029,1765336467.835644,1765336347,1,3,-18.251391,-19.284488,0.338584,0.021393,-0.000872,0.000000,0.500000,1
24.624030,1765336467.835644,1765336347,1,3,-18.251391,-19.284488,0.338584,0.021393,-0.000946,0.000000,0.500000,1
24.626047,1765336467.835644,1765336347,1,3,-18.251391,-18.940123,0.338584,0.021393,-0.000006,0.000000,0.500000,1
24.628043,1765336467.835644,1765336347,1,3,-18.251391,-19.284488,0.338584,0.021393,0.000000,0.000000,0.500000,1
24.630059,1765336467.835644,1765336347,1,3,-17.562659,-19.284488,0.338584,0.021393,0.000000,0.000000,0.500000,1
24.632030,1765336467.835644,1765336347,1,3,-18.595757,-19.284488,0.338580,0.021393,-0.000806,0.000000,0.500000,1
24.634028,1765336467.835644,1765336347,1,3,-18.251391,-19.628854,0.338580,0.021393,-0.000946,0.000000,0.500000,1
24.636047,1765336467.835644,1765336347,1,3,-18.251391,-19.628854,0.338577,0.021393,-0.000946,0.000000,0.500000,1
24.638031,1765336467.835644,1765336347,1,3,-18.595757,-19.284488,0.338577,0.021393,-0.000946,0.000000,0.500000,1
24.640042,1765336467.835644,1765336347,1,3,-18.251391,-18.595757,0.338573,0.021393,-0.000952,0.000000,0.500000,1
24.642045,1765336467.835644,1765336347,1,3,-18.251391,-19.628854,0.338569,0.021393,-0.001628,0.000000,0.500000,1
24.644048,1765336467.835644,1765336347,1,3,-18.251391,-19.628854,0.338569,0.021393,-0.001019,0.000000,0.500000,1
24.646032,1765336467.835644,1765336347,1,3,-18.251391,-19.284488,0.338565,0.021393,-0.001206,0.000000,0.500000,1
24.648049,1765336467.835644,1765336347,1,3,-18.251391,-19.284488,0.338558,0.021393,-0.001826,0.000000,0.500000,1
24.650032,1765336467.835644,1765336347,1,3,-18.595757,-19.628854,0.338554,0.021393,-0.001958,0.000000,0.500000,1
24.652030,1765336467.835644,1765336347,1,3,-18.251391,-18.595757,0.338550,0.021393,-0.002343,0.000000,0.500000,1
24.654052,1765336467.835644,1765336347,1,3,-18.251391,-19.284488,0.338546,0.021393,-0.002257,0.000000,0.500000,1
24.656042,1765336467.835644,1765336347,1,3,-18.595757,-19.284488,0.338539,0.021393,-0.002589,0.000000,0.500000,1
24.658037,1765336467.835644,1765336347,1,3,-18.251391,-19.628854,0.338535,0.021393,-0.002717,0.000000,0.500000,1
24.660037,1765336467.835644,1765336347,1,3,-18.251391,-19.284488,0.338531,0.021393,-0.002469,0.000000,0.500000,1
24.662032,1765336467.835644,1765336347,1,3,-18.251391,-19.628854,0.338527,0.021393,-0.002611,0.000000,0.500000,1
24.664052,1765336467.835644,1765336347,1,3,-18.251391,-19.628854,0.338524,0.021393,-0.002263,0.000000,0.500000,1
24.666054,1765336467.835644,1765336347,1,3,-18.251391,-19.628854,0.338516,0.021393,-0.002717,0.000000,0.500000,1
24.668050,1765336467.835644,1765336347,1,3,-18.251391,-19.284488,0.338512,0.021393,-0.002329,0.000000,0.500000,1
24.670041,1765336467.835644,1765336347,1,3,-18.251391,-19.628854,0.338509,0.021393,-0.002608,0.000000,0.500000,1
24.672043,1765336467.835644,1765336347,1,3,-18.595757,-19.284488,0.338505,0.021393,-0.002708,0.000000,0.500000,1
24.674035,1765336467.835644,1765336347,1,3,-18.251391,-19.284488,0.338497,0.021393,-0.002354,0.000000,0.500000,1
24.676051,1765336467.835644,1765336347,1,3,-18.251391,-19.628854,0.338493,0.021393,-0.002582,0.000000,0.500000,1
24.678053,1765336467.835644,1765336347,1,3,-18.251391,-19.284488,0.338490,0.021393,-0.002257,0.000000,0.500000,1
24.680037,1765336467.835644,1765336347,1,3,-18.251391,-19.284488,0.338486,0.021393,-0.002085,0.000000,0.500000,1
24.682049,1765336467.835644,1765336347,1,3,-18.251391,-18.940123,0.338486,0.021393,-0.001908,0.000000,0.500000,1
24.684062,1765336467.835644,1765336347,1,3,-18.251391,-19.284488,0.338482,0.021393,-0.001898,0.000000,0.500000,1
24.686052,1765336467.835644,1765336347,1,3,-18.251391,-19.284488,0.338478,0.021393,-0.001893,0.000000,0.500000,1
24.688054,1765336467.835644,1765336347,1,3,-18.251391,-19.284488,0.338474,0.021393,-0.001887,0.000000,0.500000,1
24.690056,1765336467.835644,1765336347,1,3,-18.251391,-19.284488,0.338467,0.021393,-0.001768,0.000000,0.500000,1
24.692055,1765336467.835644,1765336347,1,3,-18.251391,-19.284488,0.338463,0.021393,-0.001531,0.000000,0.500000,1
24.694038,1765336467.835644,1765336347,1,3,-18.251391,-18.595757,0.338463,0.021393,-0.001864,0.000000,0.500000,1
24.696041,1765336467.835644,1765336347,1,3,-18.251391,-19.628854,0.338459,0.021393,-0.001773,0.000000,0.500000,1
24.698038,1765336467.835644,1765336347,1,3,-18.251391,-19.284488,0.338456,0.021393,-0.001431,0.000000,0.500000,1
24.700042,1765336467.835644,1765336347,1,3,-18.251391,-19.628854,0.338452,0.021393,-0.001763,0.000000,0.500000,1
24.702051,1765336467.835644,1765336347,1,3,-18.251391,-18.940123,0.338448,0.021393,-0.001666,0.000000,0.500000,1
24.704056,1765336467.835644,1765336347,1,3,-18.251391,-18.595757,0.338448,0.021393,-0.001875,0.000000,0.500000,1
24.706048,1765336467.835644,1765336347,1,3,-18.251391,-19.284488,0.338444,0.021393,-0.001763,0.000000,0.500000,1
24.708062,1765336467.835644,1765336347,1,3,-18.940123,-19.284488,0.338440,0.021389,-0.001648,-0.000907,0.500000,1
24.710039,1765336467.835644,1765336347,1,3,-18.251391,-19.628854,0.338440,0.021389,-0.001085,-0.000946,0.500000,1
24.712046,1765336467.835644,1765336347,1,3,-18.251391,-19.628854,0.338437,0.021389,-0.001206,-0.000003,0.500000,1
24.714053,1765336467.835644,1765336347,1,3,-18.251391,-19.284488,0.338433,0.021389,-0.001019,-0.000000,0.500000,1
24.716039,1765336467.835644,1765336347,1,3,-18.251391,-19.628854,0.338429,0.021389,-0.001758,0.000000,0.500000,1
24.718041,1765336467.835644,1765336347,1,3,-18.251391,-19.628854,0.338425,0.021389,-0.001412,0.000000,0.500000,1
24.720041,1765336467.835644,1765336347,1,3,-18.595757,-18.595757,0.338425,0.021389,-0.001083,0.000000,0.500000,1
24.722040,1765336467.835644,1765336347,1,3,-18.251391,-19.284488,0.338418,0.021389,-0.001792,0.000000,0.500000,1
24.724063,1765336467.835644,1765336347,1,3,-18.251391,-19.284488,0.338414,0.021389,-0.001466,0.000000,0.500000,1
24.726059,1765336467.835644,1765336347,1,3,-18.251391,-19.284488,0.338414,0.021389,-0.001859,0.000000,0.500000,1
24.728057,1765336467.835644,1765336347,1,3,-18.251391,-18.595757,0.338410,0.021389,-0.001829,0.000000,0.500000,1
24.730041,1765336467.835644,1765336347,1,3,-18.595757,-18.595757,0.338406,0.021389,-0.001885,0.000000,0.500000,1
24.732046,1765336467.835644,1765336347,1,3,-18.251391,-18.595757,0.338403,0.021389,-0.001893,0.000000,0.500000,1
24.734046,1765336467.835644,1765336347,1,3,-18.251391,-19.284488,0.338399,0.021389,-0.001893,0.000000,0.500000,1
24.736049,1765336467.835644,1765336347,1,3,-18.251391,-19.628854,0.338395,0.021389,-0.001827,0.000000,0.500000,1
24.738043,1765336467.835644,1765336347,1,3,-18.251391,-19.284488,0.338391,0.021389,-0.001927,0.000000,0.500000,1
24.740053,1765336467.835644,1765336347,1,3,-18.595757,-19.284488,0.338387,0.021389,-0.001994,0.000000,0.500000,1
24.742062,1765336467.835644,1765336347,1,3,-18.251391,-19.628854,0.338384,0.021389,-0.001947,0.000000,0.500000,1
24.744048,1765336467.835644,1765336347,1,3,-18.595757,-19.628854,0.338376,0.021389,-0.002085,0.000000,0.500000,1
24.746060,1765336467.835644,1765336347,1,3,-18.251391,-19.628854,0.338372,0.021389,-0.002013,0.000000,0.500000,1
24.748041,1765336467.835644,1765336347,1,3,-18.251391,-19.284488,0.338368,0.021389,-0.002708,0.000000,0.500000,1
24.750057,1765336467.835644,1765336347,1,3,-18.595757,-19.628854,0.338365,0.021389,-0.002123,0.000000,0.500000,1
24.752040,1765336467.835644,1765336347,1,3,-18.595757,-19.284488,0.338361,0.021389,-0.002013,0.000000,0.500000,1
24.754061,1765336467.835644,1765336347,1,3,-18.251391,-19.628854,0.338350,0.021389,-0.002585,0.000000,0.500000,1
24.756060,1765336467.835644,1765336347,1,3,-18.595757,-19.284488,0.338346,0.021389,-0.002771,0.000000,0.500000,1
24.758051,1765336467.835644,1765336347,1,3,-18.595757,-18.595757,0.338342,0.021389,-0.002598,0.000000,0.500000,1
24.760068,1765336467.835644,1765336347,1,3,-18.595757,-19.284488,0.338338,0.021389,-0.002737,0.000000,0.500000,1
24.762044,1765336467.835644,1765336347,1,3,-17.907025,-19.628854,0.338334,0.021389,-0.002383,0.000000,0.500000,1
24.764060,1765336467.835644,1765336347,1,3,-18.251391,-19.628854,0.338323,0.021389,-0.002603,0.000000,0.500000,1
24.766045,1765336467.835644,1765336347,1,3,-17.562659,-19.284488,0.338319,0.021389,-0.002837,0.000000,0.500000,1
24.768064,1765336467.835644,1765336347,1,3,-18.251391,-18.251391,0.338315,0.021389,-0.002839,0.000000,0.500000,1
24.770057,1765336467.835644,1765336347,1,3,-17.562659,-18.595757,0.338312,0.021389,-0.002857,0.000000,0.500000,1
24.772056,1765336467.835644,1765336347,1,3,-18.251391,-18.940123,0.338300,0.021389,-0.002839,0.000000,0.500000,1
24.774063,1765336467.835644,1765336347,1,3,-17.907025,-19.628854,0.338297,0.021389,-0.002874,0.000000,0.500000,1
24.776060,1765336467.835644,1765336347,1,3,-18.251391,-19.628854,0.338293,0.021389,-0.002908,0.000000,0.500000,1
24.778059,1765336467.835644,1765336347,1,3,-17.907025,-19.284488,0.338285,0.021389,-0.003215,0.000000,0.500000,1
24.780065,1765336467.835644,1765336347,1,3,-17.907025,-19.284488,0.338278,0.021389,-0.003340,0.000000,0.500000,1
24.782070,1765336467.835644,1765336347,1,3,-18.251391,-18.595757,0.338270,0.021389,-0.003035,0.000000,0.500000,1
24.784048,1765336467.835644,1765336347,1,3,-18.251391,-19.284488,0.338262,0.021389,-0.003550,0.000000,0.500000,1
24.786052,1765336467.835644,1765336347,1,3,-17.907025,-19.284488,0.338259,0.021389,-0.003576,0.000000,0.500000,1
24.788066,1765336467.835644,1765336347,1,3,-17.562659,-18.940123,0.338251,0.021389,-0.003390,0.000000,0.500000,1
24.790048,1765336467.835644,1765336347,1,3,-17.907025,-18.940123,0.338247,0.021389,-0.003048,0.000000,0.500000,1
24.792061,1765336467.835644,1765336347,1,3,-17.562659,-19.628854,0.338236,0.021389,-0.003747,0.000000,0.500000,1
24.794063,1765336467.835644,1765336347,1,3,-18.251391,-19.284488,0.338228,0.021389,-0.003785,0.000000,0.500000,1
24.796066,1765336467.835644,1765336347,1,3,-17.218293,-19.284488,0.338225,0.021389,-0.003785,0.000000,0.500000,1
24.798055,1765336467.835644,1765336347,1,3,-18.251391,-19.628854,0.338213,0.021389,-0.004266,0.000000,0.500000,1
24.800049,1765336467.835644,1765336347,1,3,-18.251391,-19.284488,0.338206,0.021389,-0.004505,0.000000,0.500000,1
24.802052,1765336467.835644,1765336347,1,3,-17.218293,-18.251391,0.338194,0.021389,-0.004166,0.000000,0.500000,1
24.804052,1765336467.835644,1765336347,1,3,-18.251391,-19.284488,0.338191,0.021389,-0.003939,0.000000,0.500000,1
24.806049,1765336467.835644,1765336347,1,3,-17.218293,-19.628854,0.338179,0.021389,-0.004576,0.000000,0.500000,1
24.808068,1765336467.835644,1765336347,1,3,-17.218293,-19.628854,0.338172,0.021389,-0.004595,0.000000,0.500000,1
24.810085,1765336467.835644,1765336347,1,3,-17.218293,-18.595757,0.338160,0.021389,-0.004726,0.000000,0.500000,1
24.812056,1765336467.835644,1765336347,1,3,-17.907025,-18.940123,0.338149,0.021389,-0.004730,0.000000,0.500000,1
24.814051,1765336467.835644,1765336347,1,3,-17.218293,-18.940123,0.338145,0.021386,-0.004285,-0.000907,0.500000,1
24.816062,1765336467.835644,1765336347,1,3,-17.907025,-19.284488,0.338134,0.021386,-0.004729,-0.000946,0.500000,1
24.818052,1765336467.835644,1765336347,1,3,-17.907025,-19.284488,0.338126,0.021386,-0.004656,-0.000039,0.500000,1
24.820065,1765336467.835644,1765336347,1,3,-18.251391,-18.940123,0.338111,0.021386,-0.004710,-0.000000,0.500000,1
31.196274,1765336474.410051,1765336347,1,4,-14.463366,-17.218293,0.334133,0.019739,-0.000945,-0.000946,0.500000,1
31.198272,1765336474.410051,1765336347,1,4,-13.430269,-17.907025,0.334129,0.019739,-0.000918,-0.000822,0.500000,1
31.200260,1765336474.410051,1765336347,1,4,-13.774635,-17.218293,0.334129,0.019735,-0.000946,-0.000946,0.500000,1
31.202262,1765336474.410051,1765336347,1,4,-13.774635,-17.218293,0.334129,0.019735,-0.000500,-0.000710,0.500000,1
31.204271,1765336474.410051,1765336347,1,4,-13.430269,-17.562659,0.334129,0.019731,-0.000006,-0.000945,0.500000,1
31.206273,1765336474.410051,1765336347,1,4,-13.774635,-17.562659,0.334125,0.019728,-0.000682,-0.001373,0.500000,1
31.208265,1765336474.410051,1765336347,1,4,-14.463366,-17.562659,0.334125,0.019724,-0.000945,-0.001426,0.500000,1
31.210283,1765336474.410051,1765336347,1,4,-13.774635,-17.907025,0.334125,0.019724,-0.000500,-0.001017,0.500000,1
31.212265,1765336474.410051,1765336347,1,4,-13.430269,-17.562659,0.334125,0.019716,-0.000002,-0.001654,0.500000,1
31.214265,1765336474.410051,1765336347,1,4,-13.774635,-17.907025,0.334125,0.019716,0.000000,-0.002571,0.500000,1
31.216269,1765336474.410051,1765336347,1,4,-14.463366,-17.562659,0.334125,0.019713,0.000000,-0.002703,0.500000,1
31.218287,1765336474.410051,1765336347,1,4,-14.463366,-17.562659,0.334122,0.019701,-0.000446,-0.002470,0.500000,1
31.220279,1765336474.410051,1765336347,1,4,-14.463366,-17.562659,0.334122,0.019701,-0.000872,-0.002710,0.500000,1
31.222282,1765336474.410051,1765336347,1,4,-13.774635,-17.218293,0.334122,0.019694,-0.000946,-0.002820,0.500000,1
31.224281,1765336474.410051,1765336347,1,4,-13.774635,-17.562659,0.334122,0.019690,-0.000074,-0.002833,0.500000,1
31.226267,1765336474.410051,1765336347,1,4,-13.774635,-17.218293,0.334118,0.019682,-0.000946,-0.002839,0.500000,1
31.228283,1765336474.410051,1765336347,1,4,-13.774635,-17.562659,0.334114,0.019675,-0.001137,-0.002393,0.500000,1
31.230278,1765336474.410051,1765336347,1,4,-13.774635,-17.562659,0.334114,0.019671,-0.000961,-0.002821,0.500000,1
31.232281,1765336474.410051,1765336347,1,4,-13.774635,-17.562659,0.334110,0.019667,-0.001441,-0.002603,0.500000,1
31.234279,1765336474.410051,1765336347,1,4,-13.774635,-18.251391,0.334110,0.019660,-0.000949,-0.002737,0.500000,1
31.236265,1765336474.410051,1765336347,1,4,-13.774635,-17.218293,0.334106,0.019656,-0.000944,-0.002088,0.500000,1
31.238282,1765336474.410051,1765336347,1,4,-13.430269,-17.562659,0.334106,0.019652,-0.001392,-0.002120,0.500000,1
31.240270,1765336474.410051,1765336347,1,4,-13.774635,-17.562659,0.334103,0.019648,-0.000983,-0.002705,0.500000,1
31.242265,1765336474.410051,1765336347,1,4,-13.774635,-17.562659,0.334103,0.019641,-0.000265,-0.002820,0.500000,1
31.244271,1765336474.410051,1765336347,1,4,-13.430269,-16.529562,0.334099,0.019637,-0.000873,-0.002147,0.500000,1
31.246278,1765336474.410051,1765336347,1,4,-14.119000,-17.218293,0.334099,0.019633,-0.000943,-0.002644,0.500000,1
31.248268,1765336474.410051,1765336347,1,4,-13.774635,-17.562659,0.334099,0.019625,-0.000946,-0.002329,0.500000,1
31.250268,1765336474.410051,1765336347,1,4,-13.774635,-16.529562,0.334099,0.019622,-0.000003,-0.002123,0.500000,1
31.252274,1765336474.410051,1765336347,1,4,-13.774635,-17.218293,0.334095,0.019618,-0.000872,-0.002705,0.500000,1
31.254268,1765336474.410051,1765336347,1,4,-13.774635,-17.218293,0.334095,0.019614,-0.000500,-0.002737,0.500000,1
31.256285,1765336474.410051,1765336347,1,4,-13.430269,-17.218293,0.334095,0.019607,-0.000756,-0.002128,0.500000,1
31.258282,1765336474.410051,1765336347,1,4,-13.774635,-16.529562,0.334091,0.019603,-0.000946,-0.002013,0.500000,1
31.260289,1765336474.410051,1765336347,1,4,-13.774635,-17.562659,0.334091,0.019599,-0.000946,-0.001903,0.500000,1
31.262298,1765336474.410051,1765336347,1,4,-14.119000,-17.218293,0.334084,0.019591,-0.001392,-0.001532,0.500000,1
31.264287,1765336474.410051,1765336347,1,4,-13.430269,-17.218293,0.334080,0.019591,-0.001403,-0.001207,0.500000,1
31.266271,1765336474.410051,1765336347,1,4,-13.430269,-17.218293,0.334080,0.019591,-0.001408,-0.000957,0.500000,1
31.268268,1765336474.410051,1765336347,1,4,-13.430269,-17.218293,0.334080,0.019588,-0.001633,-0.001010,0.500000,1
31.270272,1765336474.410051,1765336347,1,4,-13.430269,-17.218293,0.334072,0.019584,-0.001824,-0.001854,0.500000,1
31.272271,1765336474.410051,1765336347,1,4,-14.119000,-17.562659,0.334072,0.019584,-0.000967,-0.001763,0.500000,1
31.274295,1765336474.410051,1765336347,1,4,-14.119000,-17.218293,0.334069,0.019580,-0.001183,-0.001431,0.500000,1
31.276287,1765336474.410051,1765336347,1,4,-14.119000,-17.218293,0.334069,0.019573,-0.000949,-0.001825,0.500000,1
31.278272,1765336474.410051,1765336347,1,4,-13.430269,-17.218293,0.334065,0.019573,-0.001137,-0.002252,0.500000,1
31.280277,1765336474.410051,1765336347,1,4,-14.119000,-17.218293,0.334065,0.019565,-0.000946,-0.002085,0.500000,1
31.282279,1765336474.410051,1765336347,1,4,-13.430269,-17.218293,0.334065,0.019561,-0.000457,-0.001995,0.500000,1
31.284271,1765336474.410051,1765336347,1,4,-13.430269,-17.218293,0.334061,0.019557,-0.000908,-0.002638,0.500000,1
31.286276,1765336474.410051,1765336347,1,4,-14.119000,-17.218293,0.334061,0.019550,-0.000946,-0.002820,0.500000,1
31.288275,1765336474.410051,1765336347,1,4,-13.774635,-17.218293,0.334061,0.019546,-0.000039,-0.002839,0.500000,1
31.290273,1765336474.410051,1765336347,1,4,-13.430269,-17.218293,0.334057,0.019535,-0.000946,-0.003303,0.500000,1
31.292291,1765336474.410051,1765336347,1,4,-14.119000,-17.218293,0.334057,0.019535,-0.000074,-0.002969,0.500000,1
31.294288,1765336474.410051,1765336347,1,4,-13.430269,-17.218293,0.334053,0.019527,-0.000878,-0.003304,0.500000,1
31.296283,1765336474.410051,1765336347,1,4,-13.430269,-17.562659,0.334053,0.019520,-0.000946,-0.002875,0.500000,1
31.298287,1765336474.410051,1765336347,1,4,-14.119000,-17.218293,0.334053,0.019516,-0.000074,-0.003085,0.500000,1
31.300282,1765336474.410051,1765336347,1,4,-14.807732,-17.218293,0.334050,0.019508,-0.000945,-0.003339,0.500000,1
31.302298,1765336474.410051,1765336347,1,4,-13.430269,-17.218293,0.334050,0.019497,-0.000500,-0.003528,0.500000,1
31.304273,1765336474.410051,1765336347,1,4,-14.119000,-16.529562,0.334050,0.019493,-0.000021,-0.003319,0.500000,1
31.306283,1765336474.410051,1765336347,1,4,-13.430269,-17.218293,0.334050,0.019485,-0.000000,-0.003747,0.500000,1
31.308277,1765336474.410051,1765336347,1,4,-13.430269,-17.218293,0.334046,0.019478,-0.000872,-0.004231,0.500000,1
31.310273,1765336474.410051,1765336347,1,4,-13.430269,-16.529562,0.334046,0.019463,-0.000946,-0.004244,0.500000,1
31.312275,1765336474.410051,1765336347,1,4,-14.119000,-17.218293,0.334046,0.019459,-0.000074,-0.004693,0.500000,1
31.314300,1765336474.410051,1765336347,1,4,-13.430269,-17.218293,0.334046,0.019451,-0.000001,-0.004731,0.500000,1
31.316296,1765336474.410051,1765336347,1,4,-14.807732,-17.218293,0.334046,0.019440,0.000000,-0.005002,0.500000,1
31.318284,1765336474.410051,1765336347,1,4,-14.119000,-17.218293,0.334042,0.019432,-0.000907,-0.004733,0.500000,1
31.320275,1765336474.410051,1765336347,1,4,-13.430269,-17.218293,0.334042,0.019421,-0.000500,-0.004731,0.500000,1
31.322277,1765336474.410051,1765336347,1,4,-13.430269,-16.529562,0.334042,0.019410,-0.000039,-0.005253,0.500000,1
31.324281,1765336474.410051,1765336347,1,4,-14.119000,-16.529562,0.334038,0.019402,-0.000682,-0.004878,0.500000,1
31.326276,1765336474.410051,1765336347,1,4,-13.430269,-17.218293,0.334038,0.019391,-0.000943,-0.005008,0.500000,1
31.328281,1765336474.410051,1765336347,1,4,-13.430269,-17.218293,0.334038,0.019383,-0.000039,-0.004743,0.500000,1
31.330310,1765336474.410051,1765336347,1,4,-13.430269,-16.185196,0.334035,0.019368,-0.000941,-0.004588,0.500000,1
31.332276,1765336474.410051,1765336347,1,4,-14.119000,-17.218293,0.334035,0.019364,-0.000946,-0.004720,0.500000,1
31.334276,1765336474.410051,1765336347,1,4,-13.430269,-16.873927,0.334035,0.019349,-0.000074,-0.004710,0.500000,1
31.336284,1765336474.410051,1765336347,1,4,-14.119000,-16.873927,0.334031,0.019345,-0.000943,-0.004731,0.500000,1
31.338276,1765336474.410051,1765336347,1,4,-13.430269,-16.873927,0.334031,0.019334,-0.000500,-0.005002,0.500000,1
31.340283,1765336474.410051,1765336347,1,4,-13.430269,-16.873927,0.334031,0.019323,-0.000021,-0.005254,0.500000,1
31.342278,1765336474.410051,1765336347,1,4,-13.430269,-16.873927,0.334031,0.019311,-0.000000,-0.005640,0.500000,1
31.344476,1765336474.410051,1765336347,1,4,-13.430269,-16.873927,0.334031,0.019300,0.000000,-0.006073,0.500000,1
31.346469,1765336474.410051,1765336347,1,4,-14.119000,-16.873927,0.334031,0.019289,0.000000,-0.006309,0.500000,1
31.348471,1765336474.410051,1765336347,1,4,-13.430269,-16.873927,0.334031,0.019266,0.000000,-0.006533,0.500000,1
31.350460,1765336474.410051,1765336347,1,4,-13.430269,-17.562659,0.334031,0.019262,0.000000,-0.006604,0.500000,1
31.352453,1765336474.410051,1765336347,1,4,-13.430269,-16.185196,0.334031,0.019247,0.000000,-0.007239,0.500000,1
31.354455,1765336474.410051,1765336347,1,4,-14.807732,-16.873927,0.334031,0.019232,0.000000,-0.007566,0.500000,1
31.356469,1765336474.410051,1765336347,1,4,-13.430269,-16.873927,0.334027,0.019217,-0.000935,-0.007570,0.500000,1
31.358468,1765336474.410051,1765336347,1,4,-13.430269,-16.873927,0.334027,0.019190,-0.000946,-0.008016,0.500000,1
31.360470,1765336474.410051,1765336347,1,4,-13.430269,-16.873927,0.334027,0.019168,-0.000011,-0.008425,0.500000,1
31.362466,1765336474.410051,1765336347,1,4,-13.430269,-16.873927,0.334023,0.019160,-0.000946,-0.008449,0.500000,1
31.364467,1765336474.410051,1765336347,1,4,-14.119000,-16.873927,0.334023,0.019149,-0.000946,-0.008511,0.500000,1
31.366475,1765336474.410051,1765336347,1,4,-13.430269,-16.529562,0.334023,0.019133,-0.000021,-0.008526,0.500000,1
31.368471,1765336474.410051,1765336347,1,4,-13.430269,-16.529562,0.334019,0.019107,-0.000946,-0.008821,0.500000,1
31.370470,1765336474.410051,1765336347,1,4,-13.430269,-16.185196,0.334019,0.019096,-0.000074,-0.009411,0.500000,1
31.372474,1765336474.410051,1765336347,1,4,-13.430269,-16.529562,0.334019,0.019073,-0.000006,-0.010245,0.500000,1
31.374473,1765336474.410051,1765336347,1,4,-13.430269,-16.529562,0.334019,0.019039,0.000000,-0.011268,0.500000,1
31.376472,1765336474.410051,1765336347,1,4,-14.119000,-16.529562,0.334019,0.019027,-0.000682,-0.011479,0.500000,1
31.378457,1765336474.410051,1765336347,1,4,-14.119000,-16.529562,0.334016,0.019005,-0.000946,-0.012196,0.500000,1
31.380459,1765336474.410051,1765336347,1,4,-14.119000,-16.529562,0.334016,0.018967,-0.000011,-0.012737,0.500000,1
31.382457,1765336474.410051,1765336347,1,4,-14.119000,-16.529562,0.334016,0.018952,-0.000002,-0.012401,0.500000,1
31.384457,1765336474.410051,1765336347,1,4,-13.430269,-15.840830,0.334012,0.018925,-0.000926,-0.014049,0.500000,1
31.386481,1765336474.410051,1765336347,1,4,-14.119000,-15.840830,0.334012,0.018899,-0.000946,-0.014059,0.500000,1
31.388456,1765336474.410051,1765336347,1,4,-14.119000,-15.840830,0.334008,0.018842,-0.000946,-0.014156,0.500000,1
31.390475,1765336474.410051,1765336347,1,4,-13.430269,-16.529562,0.334004,0.018831,-0.001012,-0.013940,0.500000,1
31.392479,1765336474.410051,1765336347,1,4,-14.119000,-16.185196,0.334004,0.018815,-0.000952,-0.014174,0.500000,1
31.394457,1765336474.410051,1765336347,1,4,-14.119000,-16.185196,0.334001,0.018785,-0.001872,-0.015000,0.500000,1
37.750931,1765336480.964528,1765336347,1,5,-16.873927,-18.595757,0.336919,0.021223,0.000000,0.000021,0.500000,1
37.752915,1765336480.964528,1765336347,1,5,-16.529562,-18.595757,0.336919,0.021223,0.000000,0.000000,0.500000,1
37.754911,1765336480.964528,1765336347,1,5,-16.873927,-18.940123,0.336919,0.021223,0.000000,0.000000,0.500000,1
37.756908,1765336480.964528,1765336347,1,5,-16.873927,-18.595757,0.336923,0.021223,0.000907,0.000000,0.500000,1
37.758922,1765336480.964528,1765336347,1,5,-16.873927,-18.595757,0.336923,0.021223,0.000500,0.000000,0.500000,1
37.760929,1765336480.964528,1765336347,1,5,-16.873927,-19.284488,0.336923,0.021223,0.000003,0.000000,0.500000,1
37.762912,1765336480.964528,1765336347,1,5,-16.873927,-19.284488,0.336926,0.021223,0.000940,0.000000,0.500000,1
37.764913,1765336480.964528,1765336347,1,5,-16.873927,-19.284488,0.336926,0.021223,0.000946,0.000000,0.500000,1
37.766914,1765336480.964528,1765336347,1,5,-17.218293,-18.595757,0.336926,0.021223,0.000074,0.000000,0.500000,1
37.768910,1765336480.964528,1765336347,1,5,-17.218293,-18.595757,0.336930,0.021223,0.000946,0.000000,0.500000,1
37.770914,1765336480.964528,1765336347,1,5,-16.873927,-18.940123,0.336930,0.021223,0.000074,0.000000,0.500000,1
37.772909,1765336480.964528,1765336347,1,5,-16.873927,-18.595757,0.336930,0.021223,0.000687,0.000000,0.500000,1
37.774912,1765336480.964528,1765336347,1,5,-16.529562,-19.284488,0.336934,0.021223,0.000945,0.000000,0.500000,1
37.776937,1765336480.964528,1765336347,1,5,-16.873927,-18.940123,0.336934,0.021223,0.000021,0.000000,0.500000,1
37.778933,1765336480.964528,1765336347,1,5,-16.529562,-18.940123,0.336934,0.021223,0.000000,0.000000,0.500000,1
37.780915,1765336480.964528,1765336347,1,5,-16.873927,-18.940123,0.336934,0.021223,0.000000,0.000000,0.500000,1
37.782910,1765336480.964528,1765336347,1,5,-16.873927,-18.595757,0.336934,0.021223,0.000000,0.000000,0.500000,1
37.784913,1765336480.964528,1765336347,1,5,-16.529562,-18.940123,0.336934,0.021223,0.000000,0.000000,0.500000,1
37.786924,1765336480.964528,1765336347,1,5,-16.529562,-18.595757,0.336934,0.021223,0.000000,0.000000,0.500000,1
37.788923,1765336480.964528,1765336347,1,5,-16.529562,-18.595757,0.336934,0.021223,0.000000,0.000000,0.500000,1
37.790926,1765336480.964528,1765336347,1,5,-16.873927,-18.940123,0.336934,0.021223,0.000000,0.000000,0.500000,1
37.792913,1765336480.964528,1765336347,1,5,-16.873927,-18.595757,0.336934,0.021223,0.000000,0.000000,0.500000,1
37.794917,1765336480.964528,1765336347,1,5,-16.873927,-18.940123,0.336934,0.021223,0.000000,0.000000,0.500000,1
37.796919,1765336480.964528,1765336347,1,5,-16.873927,-18.940123,0.336934,0.021223,0.000000,0.000000,0.500000,1
37.798928,1765336480.964528,1765336347,1,5,-16.873927,-18.595757,0.336934,0.021223,0.000000,0.000000,0.500000,1
37.800917,1765336480.964528,1765336347,1,5,-16.873927,-18.595757,0.336934,0.021223,0.000000,0.000000,0.500000,1
37.802928,1765336480.964528,1765336347,1,5,-16.873927,-17.562659,0.336934,0.021223,0.000000,0.000000,0.500000,1
37.804927,1765336480.964528,1765336347,1,5,-16.529562,-18.940123,0.336934,0.021223,0.000000,0.000000,0.500000,1
37.806911,1765336480.964528,1765336347,1,5,-16.873927,-18.940123,0.336934,0.021223,0.000000,0.000000,0.500000,1
37.808924,1765336480.964528,1765336347,1,5,-16.873927,-19.284488,0.336934,0.021223,0.000000,0.000000,0.500000,1
37.810926,1765336480.964528,1765336347,1,5,-16.873927,-18.940123,0.336934,0.021223,0.000000,0.000000,0.500000,1
37.812919,1765336480.964528,1765336347,1,5,-16.529562,-18.595757,0.336934,0.021223,0.000000,0.000000,0.500000,1
37.814932,1765336480.964528,1765336347,1,5,-16.873927,-18.595757,0.336934,0.021223,0.000000,0.000000,0.500000,1
37.816919,1765336480.964528,1765336347,1,5,-16.529562,-18.595757,0.336934,0.021223,0.000000,0.000000,0.500000,1
37.818935,1765336480.964528,1765336347,1,5,-16.873927,-18.595757,0.336934,0.021223,0.000000,0.000000,0.500000,1
37.820933,1765336480.964528,1765336347,1,5,-16.529562,-18.595757,0.336934,0.021223,0.000000,0.000000,0.500000,1
37.822919,1765336480.964528,1765336347,1,5,-16.873927,-19.284488,0.336934,0.021223,0.000000,0.000000,0.500000,1
37.824917,1765336480.964528,1765336347,1,5,-16.873927,-19.284488,0.336934,0.021223,0.000000,0.000000,0.500000,1
37.826923,1765336480.964528,1765336347,1,5,-16.873927,-18.595757,0.336934,0.021223,0.000000,0.000000,0.500000,1
37.828916,1765336480.964528,1765336347,1,5,-16.873927,-18.251391,0.336934,0.021223,0.000000,0.000000,0.500000,1
37.830924,1765336480.964528,1765336347,1,5,-16.873927,-18.940123,0.336934,0.021223,0.000000,0.000000,0.500000,1
37.832929,1765336480.964528,1765336347,1,5,-16.873927,-18.595757,0.336934,0.021223,0.000000,0.000000,0.500000,1
37.834920,1765336480.964528,1765336347,1,5,-16.873927,-18.595757,0.336938,0.021223,0.000872,0.000000,0.500000,1
37.836921,1765336480.964528,1765336347,1,5,-17.218293,-18.595757,0.336938,0.021223,0.000500,0.000000,0.500000,1
37.838931,1765336480.964528,1765336347,1,5,-16.529562,-19.284488,0.336938,0.021223,0.000006,0.000000,0.500000,1
37.840921,1765336480.964528,1765336347,1,5,-16.873927,-18.940123,0.336938,0.021223,0.000000,0.000000,0.500000,1
37.842918,1765336480.964528,1765336347,1,5,-16.873927,-18.940123,0.336938,0.021223,0.000000,0.000000,0.500000,1
37.844936,1765336480.964528,1765336347,1,5,-16.873927,-18.595757,0.336938,0.021223,0.000000,0.000000,0.500000,1
37.846931,1765336480.964528,1765336347,1,5,-16.873927,-18.940123,0.336938,0.021223,0.000000,0.000000,0.500000,1
37.848920,1765336480.964528,1765336347,1,5,-16.873927,-18.595757,0.336938,0.021223,0.000000,0.000000,0.500000,1
37.850931,1765336480.964528,1765336347,1,5,-16.873927,-18.940123,0.336938,0.021223,0.000000,0.000000,0.500000,1
37.852920,1765336480.964528,1765336347,1,5,-16.529562,-19.284488,0.336938,0.021223,0.000000,0.000000,0.500000,1
37.854926,1765336480.964528,1765336347,1,5,-17.218293,-18.940123,0.336938,0.021223,0.000000,0.000000,0.500000,1
37.856922,1765336480.964528,1765336347,1,5,-16.873927,-18.595757,0.336938,0.021223,0.000000,0.000000,0.500000,1
37.858917,1765336480.964528,1765336347,1,5,-17.218293,-19.628854,0.336938,0.021223,-0.000806,0.000000,0.500000,1
37.860941,1765336480.964528,1765336347,1,5,-16.873927,-18.595757,0.336934,0.021223,-0.000945,0.000000,0.500000,1
37.862923,1765336480.964528,1765336347,1,5,-16.529562,-18.595757,0.336934,0.021223,-0.000011,0.000000,0.500000,1
37.864925,1765336480.964528,1765336347,1,5,-16.873927,-18.595757,0.336934,0.021223,0.000000,0.000000,0.500000,1
37.866921,1765336480.964528,1765336347,1,5,-16.529562,-19.284488,0.336934,0.021223,0.000446,0.000000,0.500000,1
37.868925,1765336480.964528,1765336347,1,5,-16.873927,-18.940123,0.336938,0.021223,0.000943,0.000000,0.500000,1
37.870941,1765336480.964528,1765336347,1,5,-16.873927,-18.940123,0.336938,0.021223,0.000500,0.000000,0.500000,1
37.872966,1765336480.964528,1765336347,1,5,-16.873927,-18.940123,0.336938,0.021223,0.000006,0.000000,0.500000,1
37.874963,1765336480.964528,1765336347,1,5,-16.873927,-18.251391,0.336938,0.021223,0.000000,0.000000,0.500000,1
37.876946,1765336480.964528,1765336347,1,5,-16.873927,-18.595757,0.336938,0.021223,0.000000,0.000000,0.500000,1
37.878968,1765336480.964528,1765336347,1,5,-16.873927,-18.940123,0.336938,0.021223,0.000000,0.000000,0.500000,1
37.880965,1765336480.964528,1765336347,1,5,-16.873927,-18.940123,0.336938,0.021223,0.000000,0.000000,0.500000,1
37.882955,1765336480.964528,1765336347,1,5,-16.873927,-18.595757,0.336938,0.021223,0.000000,0.000000,0.500000,1
37.884953,1765336480.964528,1765336347,1,5,-16.529562,-18.595757,0.336938,0.021223,0.000000,0.000000,0.500000,1
37.886958,1765336480.964528,1765336347,1,5,-16.873927,-18.940123,0.336938,0.021223,0.000000,0.000000,0.500000,1
37.888952,1765336480.964528,1765336347,1,5,-16.873927,-18.595757,0.336938,0.021223,0.000000,0.000000,0.500000,1
37.890951,1765336480.964528,1765336347,1,5,-16.873927,-18.940123,0.336938,0.021223,0.000000,0.000000,0.500000,1
37.892951,1765336480.964528,1765336347,1,5,-16.873927,-19.284488,0.336938,0.021223,0.000000,0.000000,0.500000,1
37.894972,1765336480.964528,1765336347,1,5,-16.529562,-18.595757,0.336938,0.021223,0.000000,0.000000,0.500000,1
37.896952,1765336480.964528,1765336347,1,5,-16.873927,-19.284488,0.336938,0.021223,0.000000,0.000000,0.500000,1
37.898967,1765336480.964528,1765336347,1,5,-16.529562,-19.284488,0.336938,0.021223,0.000000,0.000000,0.500000,1
37.900971,1765336480.964528,1765336347,1,5,-17.218293,-18.940123,0.336938,0.021223,0.000000,0.000000,0.500000,1
37.902971,1765336480.964528,1765336347,1,5,-16.873927,-18.940123,0.336938,0.021223,0.000000,0.000000,0.500000,1
37.904967,1765336480.964528,1765336347,1,5,-16.873927,-18.595757,0.336938,0.021223,0.000000,0.000000,0.500000,1
37.906951,1765336480.964528,1765336347,1,5,-16.873927,-18.940123,0.336938,0.021223,0.000000,0.000000,0.500000,1
37.908965,1765336480.964528,1765336347,1,5,-16.529562,-19.284488,0.336938,0.021223,0.000000,0.000000,0.500000,1
37.910954,1765336480.964528,1765336347,1,5,-16.529562,-19.284488,0.336938,0.021223,0.000000,0.000000,0.500000,1
37.912950,1765336480.964528,1765336347,1,5,-16.529562,-18.595757,0.336938,0.021223,0.000000,0.000000,0.500000,1
37.914961,1765336480.964528,1765336347,1,5,-16.873927,-18.595757,0.336938,0.021223,0.000000,0.000000,0.500000,1
37.916972,1765336480.964528,1765336347,1,5,-16.873927,-18.595757,0.336938,0.021223,0.000000,0.000000,0.500000,1
37.918955,1765336480.964528,1765336347,1,5,-16.873927,-18.595757,0.336938,0.021223,0.000000,0.000000,0.500000,1
37.920958,1765336480.964528,1765336347,1,5,-16.529562,-19.284488,0.336938,0.021223,0.000000,0.000000,0.500000,1
37.922955,1765336480.964528,1765336347,1,5,-16.873927,-18.940123,0.336938,0.021223,0.000000,0.000000,0.500000,1
37.924968,1765336480.964528,1765336347,1,5,-16.873927,-18.940123,0.336938,0.021223,0.000000,0.000000,0.500000,1
37.926951,1765336480.964528,1765336347,1,5,-16.873927,-19.284488,0.336938,0.021223,0.000000,0.000000,0.500000,1
37.928964,1765336480.964528,1765336347,1,5,-16.873927,-18.595757,0.336934,0.021223,-0.000945,0.000000,0.500000,1
37.930968,1765336480.964528,1765336347,1,5,-16.873927,-18.595757,0.336934,0.021223,-0.000140,0.000000,0.500000,1
37.932955,1765336480.964528,1765336347,1,5,-16.873927,-18.940123,0.336934,0.021223,-0.000011,0.000000,0.500000,1
37.934969,1765336480.964528,1765336347,1,5,-16.529562,-18.940123,0.336934,0.021223,0.000000,0.000000,0.500000,1
37.936957,1765336480.964528,1765336347,1,5,-16.873927,-19.284488,0.336934,0.021223,0.000000,0.000000,0.500000,1
37.938971,1765336480.964528,1765336347,1,5,-16.873927,-18.940123,0.336934,0.021223,0.000000,0.000000,0.500000,1
37.940970,1765336480.964528,1765336347,1,5,-16.529562,-18.595757,0.336934,0.021223,0.000000,0.000000,0.500000,1
37.942959,1765336480.964528,1765336347,1,5,-16.529562,-18.595757,0.336934,0.021223,0.000000,0.000000,0.500000,1
37.944971,1765336480.964528,1765336347,1,5,-16.873927,-18.595757,0.336934,0.021223,0.000000,0.000000,0.500000,1
37.946967,1765336480.964528,1765336347,1,5,-16.873927,-19.284488,0.336934,0.021223,0.000000,0.000000,0.500000,1
37.948957,1765336480.964528,1765336347,1,5,-16.873927,-19.284488,0.336934,0.021223,0.000000,0.000000,0.500000,1
44.292886,1765336487.506463,1765336347,1,6,-16.185196,-25.827440,0.335885,0.028513,0.000000,0.000000,0.500000,1
44.294860,1765336487.506463,1765336347,1,6,-16.185196,-26.516172,0.335885,0.028513,0.000000,0.000000,0.500000,1
44.296860,1765336487.506463,1765336347,1,6,-15.496464,-26.516172,0.335885,0.028513,0.000000,0.000000,0.500000,1
44.298870,1765336487.506463,1765336347,1,6,-15.496464,-26.516172,0.335885,0.028513,0.000000,0.000000,0.500000,1
44.300857,1765336487.506463,1765336347,1,6,-16.185196,-25.827440,0.335885,0.028513,0.000000,0.000000,0.500000,1
44.302854,1765336487.506463,1765336347,1,6,-15.496464,-25.827440,0.335885,0.028513,0.000000,0.000000,0.500000,1
44.304857,1765336487.506463,1765336347,1,6,-16.185196,-25.827440,0.335885,0.028513,0.000000,0.000000,0.500000,1
44.306854,1765336487.506463,1765336347,1,6,-16.185196,-26.516172,0.335885,0.028513,0.000000,0.000000,0.500000,1
44.308854,1765336487.506463,1765336347,1,6,-16.185196,-26.516172,0.335885,0.028513,0.000000,0.000000,0.500000,1
44.310858,1765336487.506463,1765336347,1,6,-15.496464,-26.171806,0.335885,0.028513,0.000000,0.000000,0.500000,1
44.312877,1765336487.506463,1765336347,1,6,-16.185196,-26.171806,0.335885,0.028513,0.000000,0.000000,0.500000,1
44.314875,1765336487.506463,1765336347,1,6,-16.185196,-25.827440,0.335885,0.028513,0.000000,0.000000,0.500000,1
44.316874,1765336487.506463,1765336347,1,6,-15.152098,-25.827440,0.335885,0.028513,0.000000,0.000000,0.500000,1
44.318865,1765336487.506463,1765336347,1,6,-15.152098,-26.516172,0.335885,0.028513,0.000000,0.000000,0.500000,1
44.320856,1765336487.506463,1765336347,1,6,-15.496464,-26.516172,0.335885,0.028513,0.000000,0.000000,0.500000,1
44.322860,1765336487.506463,1765336347,1,6,-15.496464,-25.827440,0.335885,0.028513,0.000000,0.000000,0.500000,1
44.324862,1765336487.506463,1765336347,1,6,-15.496464,-26.171806,0.335885,0.028513,0.000000,0.000000,0.500000,1
44.326877,1765336487.506463,1765336347,1,6,-15.152098,-26.516172,0.335885,0.028513,0.000000,0.000000,0.500000,1
44.328867,1765336487.506463,1765336347,1,6,-15.152098,-25.827440,0.335885,0.028513,0.000000,0.000000,0.500000,1
44.330858,1765336487.506463,1765336347,1,6,-16.185196,-25.827440,0.335885,0.028513,0.000000,0.000000,0.500000,1
44.332859,1765336487.506463,1765336347,1,6,-15.496464,-25.827440,0.335885,0.028513,0.000000,0.000000,0.500000,1
44.334863,1765336487.506463,1765336347,1,6,-16.185196,-25.827440,0.335885,0.028513,0.000000,0.000000,0.500000,1
44.336862,1765336487.506463,1765336347,1,6,-15.496464,-25.483074,0.335885,0.028513,0.000000,0.000000,0.500000,1
44.338871,1765336487.506463,1765336347,1,6,-16.529562,-26.171806,0.335885,0.028513,0.000000,0.000000,0.500000,1
44.340875,1765336487.506463,1765336347,1,6,-16.185196,-25.827440,0.335885,0.028513,0.000000,0.000000,0.500000,1
44.342859,1765336487.506463,1765336347,1,6,-15.496464,-25.827440,0.335885,0.028513,0.000000,0.000000,0.500000,1
44.344863,1765336487.506463,1765336347,1,6,-15.152098,-26.516172,0.335885,0.028513,0.000000,0.000000,0.500000,1
44.346867,1765336487.506463,1765336347,1,6,-16.185196,-26.516172,0.335885,0.028513,0.000000,0.000000,0.500000,1
44.348859,1765336487.506463,1765336347,1,6,-15.152098,-26.516172,0.335885,0.028513,0.000000,0.000000,0.500000,1
44.350860,1765336487.506463,1765336347,1,6,-16.185196,-26.171806,0.335885,0.028513,0.000000,0.000000,0.500000,1
44.352880,1765336487.506463,1765336347,1,6,-16.185196,-25.827440,0.335885,0.028513,0.000446,0.000000,0.500000,1
44.354871,1765336487.506463,1765336347,1,6,-15.496464,-25.827440,0.335889,0.028513,0.000943,0.000000,0.500000,1
44.356861,1765336487.506463,1765336347,1,6,-16.185196,-25.827440,0.335889,0.028513,0.000946,0.000000,0.500000,1
44.358864,1765336487.506463,1765336347,1,6,-15.496464,-25.483074,0.335889,0.028513,0.000039,0.000000,0.500000,1
44.360863,1765336487.506463,1765336347,1,6,-15.152098,-26.516172,0.335885,0.028513,-0.000940,0.000000,0.500000,1
44.362863,1765336487.506463,1765336347,1,6,-16.185196,-25.827440,0.335885,0.028513,-0.000074,0.000000,0.500000,1
44.364883,1765336487.506463,1765336347,1,6,-16.185196,-25.827440,0.335885,0.028513,-0.000000,0.000000,0.500000,1
44.366873,1765336487.506463,1765336347,1,6,-15.496464,-25.827440,0.335885,0.028513,0.000000,0.000000,0.500000,1
44.368880,1765336487.506463,1765336347,1,6,-16.185196,-26.171806,0.335885,0.028517,0.000000,0.000935,0.500000,1
44.370890,1765336487.506463,1765336347,1,6,-15.496464,-25.827440,0.335885,0.028517,0.000000,0.000946,0.500000,1
44.372882,1765336487.506463,1765336347,1,6,-16.529562,-26.171806,0.335885,0.028517,0.000000,0.000011,0.500000,1
44.374861,1765336487.506463,1765336347,1,6,-15.152098,-26.516172,0.335885,0.028517,0.000000,0.000000,0.500000,1
44.376890,1765336487.506463,1765336347,1,6,-16.185196,-26.171806,0.335885,0.028517,0.000000,0.000000,0.500000,1
44.378878,1765336487.506463,1765336347,1,6,-16.185196,-27.204903,0.335885,0.028517,0.000000,0.000000,0.500000,1
44.380883,1765336487.506463,1765336347,1,6,-16.185196,-26.171806,0.335885,0.028517,0.000000,0.000000,0.500000,1
44.382870,1765336487.506463,1765336347,1,6,-15.152098,-26.516172,0.335885,0.028517,0.000000,0.000000,0.500000,1
44.384871,1765336487.506463,1765336347,1,6,-15.496464,-26.516172,0.335885,0.028517,0.000000,0.000000,0.500000,1
44.386867,1765336487.506463,1765336347,1,6,-15.152098,-26.171806,0.335885,0.028520,0.000000,0.000940,0.500000,1
44.388882,1765336487.506463,1765336347,1,6,-15.152098,-26.171806,0.335885,0.028520,0.000000,0.000946,0.500000,1
44.390862,1765336487.506463,1765336347,1,6,-15.496464,-27.204903,0.335885,0.028520,0.000000,0.000006,0.500000,1
44.392876,1765336487.506463,1765336347,1,6,-16.185196,-27.204903,0.335885,0.028517,0.000000,-0.000945,0.500000,1
44.394871,1765336487.506463,1765336347,1,6,-16.529562,-27.204903,0.335885,0.028517,0.000000,-0.000500,0.500000,1
44.396878,1765336487.506463,1765336347,1,6,-15.496464,-27.204903,0.335885,0.028520,0.000000,0.000932,0.500000,1
44.398867,1765336487.506463,1765336347,1,6,-15.152098,-26.516172,0.335885,0.028520,0.000000,0.000500,0.500000,1
44.400864,1765336487.506463,1765336347,1,6,-15.496464,-26.516172,0.335885,0.028520,0.000000,0.000003,0.500000,1
44.402867,1765336487.506463,1765336347,1,6,-15.152098,-26.171806,0.335885,0.028520,0.000000,0.000000,0.500000,1
44.404886,1765336487.506463,1765336347,1,6,-16.185196,-26.516172,0.335885,0.028520,0.000000,0.000000,0.500000,1
44.406881,1765336487.506463,1765336347,1,6,-15.152098,-26.171806,0.335885,0.028520,0.000000,0.000000,0.500000,1
44.408883,1765336487.506463,1765336347,1,6,-15.496464,-26.516172,0.335885,0.028520,0.000000,0.000000,0.500000,1
44.410875,1765336487.506463,1765336347,1,6,-16.185196,-26.516172,0.335885,0.028520,0.000000,0.000000,0.500000,1
44.412871,1765336487.506463,1765336347,1,6,-15.152098,-26.171806,0.335885,0.028520,0.000000,0.000000,0.500000,1
44.414867,1765336487.506463,1765336347,1,6,-16.185196,-26.516172,0.335885,0.028520,0.000000,0.000000,0.500000,1
44.416868,1765336487.506463,1765336347,1,6,-15.496464,-26.171806,0.335885,0.028520,0.000000,0.000000,0.500000,1
44.418882,1765336487.506463,1765336347,1,6,-16.185196,-26.171806,0.335885,0.028520,0.000000,0.000000,0.500000,1
44.420870,1765336487.506463,1765336347,1,6,-15.496464,-26.171806,0.335885,0.028520,0.000000,0.000000,0.500000,1
44.422872,1765336487.506463,1765336347,1,6,-16.185196,-26.171806,0.335885,0.028520,0.000000,0.000000,0.500000,1
44.424882,1765336487.506463,1765336347,1,6,-16.185196,-26.171806,0.335885,0.028520,0.000000,0.000000,0.500000,1
44.426870,1765336487.506463,1765336347,1,6,-16.185196,-26.516172,0.335885,0.028520,0.000000,0.000000,0.500000,1
44.428868,1765336487.506463,1765336347,1,6,-15.152098,-26.516172,0.335885,0.028520,0.000000,0.000000,0.500000,1
44.430872,1765336487.506463,1765336347,1,6,-15.496464,-26.516172,0.335885,0.028520,0.000000,0.000000,0.500000,1
44.432887,1765336487.506463,1765336347,1,6,-15.496464,-27.204903,0.335885,0.028520,0.000000,0.000000,0.500000,1
44.434891,1765336487.506463,1765336347,1,6,-15.496464,-27.204903,0.335885,0.028520,0.000000,0.000000,0.500000,1
44.436884,1765336487.506463,1765336347,1,6,-16.185196,-26.171806,0.335885,0.028520,0.000000,0.000000,0.500000,1
44.438883,1765336487.506463,1765336347,1,6,-15.152098,-26.171806,0.335885,0.028520,0.000000,0.000000,0.500000,1
44.440877,1765336487.506463,1765336347,1,6,-16.185196,-26.516172,0.335885,0.028520,0.000000,0.000000,0.500000,1
44.442876,1765336487.506463,1765336347,1,6,-15.496464,-26.516172,0.335885,0.028520,0.000000,0.000000,0.500000,1
44.444872,1765336487.506463,1765336347,1,6,-16.185196,-26.516172,0.335885,0.028520,0.000000,0.000000,0.500000,1
44.446871,1765336487.506463,1765336347,1,6,-15.152098,-27.204903,0.335885,0.028520,0.000000,0.000000,0.500000,1
44.448905,1765336487.506463,1765336347,1,6,-16.185196,-27.204903,0.335885,0.028520,0.000000,0.000000,0.500000,1
44.450877,1765336487.506463,1765336347,1,6,-15.152098,-26.516172,0.335885,0.028520,0.000000,0.000000,0.500000,1
44.452873,1765336487.506463,1765336347,1,6,-16.185196,-26.171806,0.335885,0.028520,0.000000,0.000000,0.500000,1
44.454883,1765336487.506463,1765336347,1,6,-15.152098,-26.171806,0.335885,0.028520,0.000000,0.000000,0.500000,1
44.456889,1765336487.506463,1765336347,1,6,-15.152098,-26.516172,0.335885,0.028520,0.000000,0.000000,0.500000,1
44.458872,1765336487.506463,1765336347,1,6,-16.185196,-26.171806,0.335885,0.028520,0.000000,0.000000,0.500000,1
44.460888,1765336487.506463,1765336347,1,6,-15.496464,-27.204903,0.335885,0.028520,0.000000,0.000000,0.500000,1
44.462876,1765336487.506463,1765336347,1,6,-15.152098,-26.171806,0.335885,0.028520,0.000000,0.000000,0.500000,1
44.464875,1765336487.506463,1765336347,1,6,-15.152098,-26.516172,0.335885,0.028520,0.000000,0.000000,0.500000,1
44.466887,1765336487.506463,1765336347,1,6,-16.185196,-27.204903,0.335885,0.028520,0.000000,0.000000,0.500000,1
44.468874,1765336487.506463,1765336347,1,6,-15.496464,-27.204903,0.335885,0.028520,0.000000,0.000000,0.500000,1
44.470876,1765336487.506463,1765336347,1,6,-15.496464,-26.516172,0.335885,0.028520,0.000000,0.000000,0.500000,1
44.472892,1765336487.506463,1765336347,1,6,-15.152098,-26.171806,0.335885,0.028520,0.000000,0.000000,0.500000,1
44.474888,1765336487.506463,1765336347,1,6,-16.185196,-27.204903,0.335885,0.028520,0.000000,0.000000,0.500000,1
44.476892,1765336487.506463,1765336347,1,6,-16.185196,-26.516172,0.335885,0.028520,0.000000,0.000000,0.500000,1
44.478878,1765336487.506463,1765336347,1,6,-16.185196,-26.516172,0.335885,0.028520,0.000000,0.000000,0.500000,1
44.480894,1765336487.506463,1765336347,1,6,-15.152098,-27.204903,0.335885,0.028520,0.000000,0.000000,0.500000,1
44.482885,1765336487.506463,1765336347,1,6,-15.152098,-27.204903,0.335885,0.028520,0.000000,0.000000,0.500000,1
44.484893,1765336487.506463,1765336347,1,6,-16.185196,-26.516172,0.335885,0.028520,0.000000,0.000000,0.500000,1
44.486891,1765336487.506463,1765336347,1,6,-15.152098,-26.516172,0.335885,0.028520,0.000000,0.000000,0.500000,1
44.488895,1765336487.506463,1765336347,1,6,-15.496464,-26.516172,0.335885,0.028520,0.000000,0.000000,0.500000,1
44.490879,1765336487.506463,1765336347,1,6,-15.152098,-26.516172,0.335885,0.028520,0.000000,0.000000,0.500000,1
51.881476,1765336495.096914,1765336347,1,7,-5.854220,-12.052805,0.325980,0.014584,0.000000,0.000000,0.500000,1
51.883311,1765336495.096914,1765336347,1,7,-5.509854,-12.397171,0.325980,0.014584,0.000000,0.000000,0.500000,1
51.885300,1765336495.096914,1765336347,1,7,-5.854220,-12.397171,0.325980,0.014584,0.000000,0.000000,0.500000,1
51.887300,1765336495.096914,1765336347,1,7,-6.198586,-12.397171,0.325980,0.014584,0.000000,0.000000,0.500000,1
51.889304,1765336495.096914,1765336347,1,7,-5.509854,-12.397171,0.325980,0.014584,0.000000,0.000000,0.500000,1
51.891299,1765336495.096914,1765336347,1,7,-5.509854,-12.397171,0.325980,0.014584,0.000000,0.000000,0.500000,1
51.893297,1765336495.096914,1765336347,1,7,-5.854220,-12.397171,0.325980,0.014584,0.000000,0.000000,0.500000,1
51.895317,1765336495.096914,1765336347,1,7,-5.854220,-12.052805,0.325980,0.014584,0.000000,0.000000,0.500000,1
51.897300,1765336495.096914,1765336347,1,7,-5.854220,-12.052805,0.325980,0.014584,0.000000,0.000000,0.500000,1
51.899315,1765336495.096914,1765336347,1,7,-5.854220,-13.085903,0.325980,0.014584,0.000000,0.000000,0.500000,1
51.901304,1765336495.096914,1765336347,1,7,-5.854220,-12.397171,0.325980,0.014584,0.000000,0.000000,0.500000,1
51.903300,1765336495.096914,1765336347,1,7,-5.854220,-13.085903,0.325980,0.014584,0.000000,0.000000,0.500000,1
51.905302,1765336495.096914,1765336347,1,7,-5.854220,-12.397171,0.325980,0.014584,0.000000,0.000000,0.500000,1
51.907306,1765336495.096914,1765336347,1,7,-5.854220,-13.085903,0.325980,0.014584,0.000000,0.000000,0.500000,1
51.909312,1765336495.096914,1765336347,1,7,-5.854220,-12.397171,0.325980,0.014584,0.000000,0.000000,0.500000,1
51.911310,1765336495.096914,1765336347,1,7,-6.198586,-12.052805,0.325980,0.014584,0.000000,0.000000,0.500000,1
51.913320,1765336495.096914,1765336347,1,7,-6.198586,-12.397171,0.325980,0.014584,0.000000,0.000000,0.500000,1
51.915302,1765336495.096914,1765336347,1,7,-5.854220,-13.085903,0.325980,0.014584,0.000000,0.000000,0.500000,1
51.917304,1765336495.096914,1765336347,1,7,-6.198586,-12.397171,0.325980,0.014584,0.000000,0.000000,0.500000,1
51.919310,1765336495.096914,1765336347,1,7,-5.509854,-12.397171,0.325980,0.014584,0.000000,0.000000,0.500000,1
51.921300,1765336495.096914,1765336347,1,7,-6.198586,-12.741537,0.325980,0.014584,0.000000,0.000000,0.500000,1
51.923312,1765336495.096914,1765336347,1,7,-5.854220,-11.708439,0.325980,0.014584,0.000000,0.000000,0.500000,1
51.925316,1765336495.096914,1765336347,1,7,-5.854220,-12.397171,0.325980,0.014584,0.000000,0.000000,0.500000,1
51.927305,1765336495.096914,1765336347,1,7,-5.509854,-13.085903,0.325980,0.014584,0.000000,0.000000,0.500000,1
51.929302,1765336495.096914,1765336347,1,7,-5.854220,-12.397171,0.325980,0.014584,0.000000,0.000000,0.500000,1
51.931314,1765336495.096914,1765336347,1,7,-6.198586,-12.397171,0.325980,0.014584,0.000000,0.000000,0.500000,1
51.933301,1765336495.096914,1765336347,1,7,-5.854220,-13.085903,0.325980,0.014584,0.000000,0.000000,0.500000,1
51.935302,1765336495.096914,1765336347,1,7,-5.509854,-12.741537,0.325980,0.014584,0.000000,0.000000,0.500000,1
51.937314,1765336495.096914,1765336347,1,7,-5.854220,-12.397171,0.325980,0.014584,0.000000,0.000000,0.500000,1
51.939305,1765336495.096914,1765336347,1,7,-5.854220,-12.397171,0.325980,0.014584,0.000000,0.000000,0.500000,1
51.941327,1765336495.096914,1765336347,1,7,-6.198586,-12.397171,0.325980,0.014584,0.000000,0.000000,0.500000,1
51.943305,1765336495.096914,1765336347,1,7,-5.854220,-13.085903,0.325980,0.014584,0.000000,0.000000,0.500000,1
51.945306,1765336495.096914,1765336347,1,7,-5.509854,-13.085903,0.325980,0.014584,0.000000,0.000000,0.500000,1
51.947305,1765336495.096914,1765336347,1,7,-5.854220,-13.085903,0.325980,0.014584,0.000000,0.000000,0.500000,1
51.949308,1765336495.096914,1765336347,1,7,-5.854220,-12.397171,0.325980,0.014584,0.000000,0.000000,0.500000,1
51.951322,1765336495.096914,1765336347,1,7,-5.854220,-12.052805,0.325980,0.014584,0.000000,0.000000,0.500000,1
51.953311,1765336495.096914,1765336347,1,7,-5.509854,-12.741537,0.325980,0.014584,0.000000,0.000000,0.500000,1
51.955325,1765336495.096914,1765336347,1,7,-5.854220,-12.397171,0.325980,0.014584,0.000000,0.000000,0.500000,1
51.957315,1765336495.096914,1765336347,1,7,-5.854220,-13.085903,0.325980,0.014584,0.000000,0.000000,0.500000,1
51.959323,1765336495.096914,1765336347,1,7,-6.198586,-12.052805,0.325980,0.014584,0.000000,0.000000,0.500000,1
51.961323,1765336495.096914,1765336347,1,7,-5.854220,-12.397171,0.325980,0.014584,0.000000,0.000000,0.500000,1
51.963305,1765336495.096914,1765336347,1,7,-5.854220,-11.019708,0.325980,0.014584,0.000000,0.000000,0.500000,1
51.965328,1765336495.096914,1765336347,1,7,-5.854220,-12.397171,0.325980,0.014584,0.000000,0.000000,0.500000,1
51.967325,1765336495.096914,1765336347,1,7,-6.198586,-12.397171,0.325980,0.014584,0.000000,0.000000,0.500000,1
51.969315,1765336495.096914,1765336347,1,7,-6.198586,-13.085903,0.325980,0.014584,0.000000,0.000000,0.500000,1
51.971316,1765336495.096914,1765336347,1,7,-5.854220,-12.052805,0.325980,0.014584,0.000000,0.000000,0.500000,1
51.973323,1765336495.096914,1765336347,1,7,-5.854220,-12.052805,0.325980,0.014584,0.000000,0.000000,0.500000,1
51.975319,1765336495.096914,1765336347,1,7,-5.854220,-12.397171,0.325980,0.014584,0.000000,0.000000,0.500000,1
51.977321,1765336495.096914,1765336347,1,7,-6.198586,-13.085903,0.325980,0.014584,0.000000,0.000000,0.500000,1
51.979324,1765336495.096914,1765336347,1,7,-5.854220,-12.397171,0.325980,0.014584,0.000000,0.000000,0.500000,1
51.981322,1765336495.096914,1765336347,1,7,-5.854220,-12.397171,0.325980,0.014584,0.000000,0.000000,0.500000,1
51.983311,1765336495.096914,1765336347,1,7,-5.854220,-13.085903,0.325980,0.014584,0.000000,0.000000,0.500000,1
51.985311,1765336495.096914,1765336347,1,7,-6.198586,-12.741537,0.325980,0.014584,0.000000,0.000000,0.500000,1
51.987320,1765336495.096914,1765336347,1,7,-5.854220,-13.085903,0.325980,0.014584,0.000000,0.000000,0.500000,1
51.989309,1765336495.096914,1765336347,1,7,-5.854220,-12.397171,0.325980,0.014584,0.000000,0.000000,0.500000,1
51.991319,1765336495.096914,1765336347,1,7,-5.509854,-13.085903,0.325980,0.014584,0.000000,0.000000,0.500000,1
51.993325,1765336495.096914,1765336347,1,7,-5.854220,-12.397171,0.325980,0.014584,0.000000,0.000000,0.500000,1
51.995329,1765336495.096914,1765336347,1,7,-5.854220,-12.741537,0.325980,0.014584,0.000000,0.000000,0.500000,1
51.997310,1765336495.096914,1765336347,1,7,-5.509854,-12.741537,0.325980,0.014584,0.000000,0.000000,0.500000,1
51.999308,1765336495.096914,1765336347,1,7,-5.854220,-13.085903,0.325980,0.014584,0.000000,0.000000,0.500000,1
52.001313,1765336495.096914,1765336347,1,7,-5.854220,-12.397171,0.325980,0.014584,0.000000,0.000000,0.500000,1
52.003310,1765336495.096914,1765336347,1,7,-5.509854,-13.085903,0.325980,0.014584,0.000000,0.000000,0.500000,1
52.005311,1765336495.096914,1765336347,1,7,-5.509854,-12.052805,0.325980,0.014584,0.000000,0.000000,0.500000,1
52.007333,1765336495.096914,1765336347,1,7,-5.509854,-12.397171,0.325980,0.014584,0.000000,0.000000,0.500000,1
52.009333,1765336495.096914,1765336347,1,7,-5.854220,-12.397171,0.325980,0.014584,0.000000,0.000000,0.500000,1
52.011310,1765336495.096914,1765336347,1,7,-6.198586,-12.397171,0.325980,0.014584,0.000000,0.000000,0.500000,1
52.013309,1765336495.096914,1765336347,1,7,-5.509854,-13.085903,0.325980,0.014584,0.000000,0.000000,0.500000,1
52.015313,1765336495.096914,1765336347,1,7,-5.509854,-12.397171,0.325980,0.014584,0.000000,0.000000,0.500000,1
52.017316,1765336495.096914,1765336347,1,7,-5.854220,-12.397171,0.325980,0.014584,0.000000,0.000000,0.500000,1
52.019331,1765336495.096914,1765336347,1,7,-5.509854,-12.052805,0.325980,0.014584,0.000000,0.000000,0.500000,1
52.021327,1765336495.096914,1765336347,1,7,-6.198586,-13.085903,0.325980,0.014584,0.000000,0.000000,0.500000,1
52.023334,1765336495.096914,1765336347,1,7,-5.854220,-12.397171,0.325980,0.014584,0.000000,0.000000,0.500000,1
52.025313,1765336495.096914,1765336347,1,7,-6.198586,-13.085903,0.325980,0.014584,0.000000,0.000000,0.500000,1
52.027324,1765336495.096914,1765336347,1,7,-6.198586,-12.741537,0.325980,0.014584,0.000000,0.000000,0.500000,1
52.029314,1765336495.096914,1765336347,1,7,-5.854220,-12.741537,0.325980,0.014584,0.000000,0.000000,0.500000,1
52.031315,1765336495.096914,1765336347,1,7,-5.509854,-12.397171,0.325980,0.014584,0.000000,0.000000,0.500000,1
52.033314,1765336495.096914,1765336347,1,7,-5.854220,-12.397171,0.325980,0.014584,0.000000,0.000000,0.500000,1
52.035335,1765336495.096914,1765336347,1,7,-5.854220,-13.085903,0.325980,0.014584,0.000000,0.000000,0.500000,1
52.037333,1765336495.096914,1765336347,1,7,-5.854220,-12.397171,0.325980,0.014584,0.000000,0.000000,0.500000,1
52.039328,1765336495.096914,1765336347,1,7,-5.854220,-12.741537,0.325980,0.014584,0.000000,0.000000,0.500000,1
52.041331,1765336495.096914,1765336347,1,7,-5.509854,-12.397171,0.325980,0.014584,0.000000,0.000000,0.500000,1
52.043339,1765336495.096914,1765336347,1,7,-6.198586,-13.085903,0.325980,0.014584,0.000000,0.000000,0.500000,1
52.045315,1765336495.096914,1765336347,1,7,-5.854220,-13.085903,0.325980,0.014584,0.000000,0.000000,0.500000,1
52.047313,1765336495.096914,1765336347,1,7,-5.509854,-13.085903,0.325980,0.014584,0.000000,0.000000,0.500000,1
52.049318,1765336495.096914,1765336347,1,7,-5.854220,-13.085903,0.325980,0.014584,0.000000,0.000000,0.500000,1
52.051338,1765336495.096914,1765336347,1,7,-5.854220,-13.085903,0.325980,0.014584,0.000000,0.000000,0.500000,1
52.053332,1765336495.096914,1765336347,1,7,-6.198586,-13.085903,0.325980,0.014584,0.000000,0.000000,0.500000,1
52.055330,1765336495.096914,1765336347,1,7,-6.198586,-12.397171,0.325980,0.014584,0.000000,0.000000,0.500000,1
52.057335,1765336495.096914,1765336347,1,7,-5.509854,-12.741537,0.325980,0.014584,0.000000,0.000000,0.500000,1
52.059316,1765336495.096914,1765336347,1,7,-5.509854,-13.085903,0.325980,0.014584,0.000000,0.000000,0.500000,1
52.061315,1765336495.096914,1765336347,1,7,-5.854220,-13.085903,0.325980,0.014584,0.000000,0.000000,0.500000,1
52.063326,1765336495.096914,1765336347,1,7,-6.198586,-12.397171,0.325980,0.014584,0.000000,0.000000,0.500000,1
52.065328,1765336495.096914,1765336347,1,7,-5.509854,-13.085903,0.325980,0.014584,0.000000,0.000000,0.500000,1
52.067317,1765336495.096914,1765336347,1,7,-6.198586,-12.052805,0.325980,0.014584,0.000000,0.000000,0.500000,1
52.069332,1765336495.096914,1765336347,1,7,-5.509854,-12.397171,0.325980,0.014584,0.000000,0.000000,0.500000,1
52.071327,1765336495.096914,1765336347,1,7,-5.854220,-13.085903,0.325980,0.014584,0.000000,0.000000,0.500000,1
52.073319,1765336495.096914,1765336347,1,7,-5.854220,-11.019708,0.325980,0.014584,0.000000,0.000000,0.500000,1
52.075339,1765336495.096914,1765336347,1,7,-5.854220,-12.397171,0.325980,0.014584,0.000000,0.000000,0.500000,1
52.077320,1765336495.096914,1765336347,1,7,-5.509854,-12.397171,0.325980,0.014584,0.000000,0.000000,0.500000,1
52.079333,1765336495.096914,1765336347,1,7,-6.198586,-12.397171,0.325980,0.014584,0.000000,0.000000,0.500000,1
52.081325,1765336495.096914,1765336347,1,7,-5.509854,-12.741537,0.325980,0.014584,0.000000,0.000000,0.500000,1
58.441981,1765336501.655614,1765336347,1,8,-3.099293,-0.688732,0.323236,0.003331,0.000000,0.000000,0.500000,0
58.443980,1765336501.655614,1765336347,1,8,-3.099293,-0.688732,0.323236,0.003331,0.000000,0.000000,0.500000,0
58.445991,1765336501.655614,1765336347,1,8,-3.099293,-1.377463,0.323236,0.003331,0.000000,0.000000,0.500000,0
58.447985,1765336501.655614,1765336347,1,8,-2.754927,-1.377463,0.323236,0.003331,0.000000,0.000000,0.500000,0
58.449979,1765336501.655614,1765336347,1,8,-3.443659,-1.721829,0.323236,0.003331,0.000000,0.000000,0.500000,0
58.451991,1765336501.655614,1765336347,1,8,-3.099293,-1.377463,0.323236,0.003331,0.000000,0.000000,0.500000,0
58.453982,1765336501.655614,1765336347,1,8,-2.754927,-1.721829,0.323236,0.003331,0.000000,0.000000,0.500000,0
58.455978,1765336501.655614,1765336347,1,8,-2.410561,-1.721829,0.323236,0.003331,0.000000,0.000000,0.500000,0
58.457997,1765336501.655614,1765336347,1,8,-3.443659,-0.688732,0.323236,0.003331,0.000000,-0.000446,0.500000,0
58.459998,1765336501.655614,1765336347,1,8,-2.754927,-1.377463,0.323236,0.003327,0.000000,-0.000943,0.500000,0
58.461989,1765336501.655614,1765336347,1,8,-3.443659,-1.377463,0.323236,0.003327,0.000000,-0.000500,0.500000,0
58.463979,1765336501.655614,1765336347,1,8,-3.099293,-0.688732,0.323236,0.003327,0.000000,-0.000003,0.500000,0
58.465989,1765336501.655614,1765336347,1,8,-3.099293,-0.688732,0.323236,0.003327,0.000000,0.000000,0.500000,0
58.467986,1765336501.655614,1765336347,1,8,-2.410561,-0.688732,0.323236,0.003327,0.000000,0.000000,0.500000,0
58.469979,1765336501.655614,1765336347,1,8,-3.099293,-1.377463,0.323236,0.003327,0.000000,0.000000,0.500000,0
58.471988,1765336501.655614,1765336347,1,8,-2.410561,-0.688732,0.323236,0.003327,0.000000,0.000000,0.500000,0
58.474013,1765336501.655614,1765336347,1,8,-3.443659,-1.377463,0.323236,0.003327,0.000000,0.000000,0.500000,0
58.475988,1765336501.655614,1765336347,1,8,-3.099293,-0.688732,0.323236,0.003327,0.000000,0.000000,0.500000,0
58.477988,1765336501.655614,1765336347,1,8,-2.410561,-1.721829,0.323236,0.003327,0.000000,0.000000,0.500000,0
58.479991,1765336501.655614,1765336347,1,8,-2.754927,-1.377463,0.323236,0.003327,0.000000,0.000000,0.500000,0
58.481987,1765336501.655614,1765336347,1,8,-3.099293,-0.688732,0.323236,0.003327,0.000000,0.000000,0.500000,0
58.484009,1765336501.655614,1765336347,1,8,-2.754927,-0.688732,0.323236,0.003327,0.000000,0.000000,0.500000,0
58.485989,1765336501.655614,1765336347,1,8,-2.754927,-1.377463,0.323236,0.003327,0.000000,0.000000,0.500000,0
58.488007,1765336501.655614,1765336347,1,8,-3.099293,-1.377463,0.323236,0.003327,0.000000,0.000000,0.500000,0
58.489995,1765336501.655614,1765336347,1,8,-3.099293,-1.377463,0.323236,0.003327,0.000000,0.000000,0.500000,0
58.491988,1765336501.655614,1765336347,1,8,-2.410561,-0.688732,0.323236,0.003331,0.000000,0.000806,0.500000,0
58.493992,1765336501.655614,1765336347,1,8,-3.099293,-0.688732,0.323236,0.003331,0.000000,0.000946,0.500000,0
58.495989,1765336501.655614,1765336347,1,8,-3.443659,-0.688732,0.323236,0.003331,0.000000,0.000140,0.500000,0
58.497988,1765336501.655614,1765336347,1,8,-2.754927,-0.688732,0.323236,0.003331,0.000000,0.000001,0.500000,0
58.500014,1765336501.655614,1765336347,1,8,-3.099293,-1.377463,0.323236,0.003331,0.000000,0.000000,0.500000,0
58.502012,1765336501.655614,1765336347,1,8,-3.099293,-1.377463,0.323236,0.003331,0.000000,0.000000,0.500000,0
58.504008,1765336501.655614,1765336347,1,8,-3.099293,-1.377463,0.323236,0.003331,0.000000,0.000000,0.500000,0
58.506008,1765336501.655614,1765336347,1,8,-2.410561,-1.033098,0.323236,0.003331,0.000000,0.000000,0.500000,0
58.508008,1765336501.655614,1765336347,1,8,-3.099293,-1.377463,0.323236,0.003331,0.000000,0.000000,0.500000,0
58.509991,1765336501.655614,1765336347,1,8,-3.099293,-1.721829,0.323236,0.003331,0.000000,0.000000,0.500000,0
58.512006,1765336501.655614,1765336347,1,8,-3.099293,-1.377463,0.323236,0.003331,0.000000,0.000000,0.500000,0
58.514010,1765336501.655614,1765336347,1,8,-2.754927,-0.688732,0.323236,0.003331,0.000000,0.000000,0.500000,0
58.516009,1765336501.655614,1765336347,1,8,-3.099293,-0.688732,0.323236,0.003331,0.000000,0.000000,0.500000,0
58.517995,1765336501.655614,1765336347,1,8,-2.754927,-1.033098,0.323236,0.003331,0.000000,0.000000,0.500000,0
58.519997,1765336501.655614,1765336347,1,8,-3.099293,-1.377463,0.323236,0.003331,0.000000,0.000000,0.500000,0
58.521996,1765336501.655614,1765336347,1,8,-2.410561,-0.688732,0.323236,0.003331,0.000000,0.000000,0.500000,0
58.523992,1765336501.655614,1765336347,1,8,-3.099293,-1.377463,0.323236,0.003331,0.000000,0.000000,0.500000,0
58.525990,1765336501.655614,1765336347,1,8,-2.410561,-1.377463,0.323236,0.003331,0.000000,0.000000,0.500000,0
58.527998,1765336501.655614,1765336347,1,8,-3.443659,-1.721829,0.323236,0.003331,0.000000,0.000000,0.500000,0
58.530015,1765336501.655614,1765336347,1,8,-3.099293,-0.688732,0.323236,0.003331,0.000000,0.000000,0.500000,0
58.531994,1765336501.655614,1765336347,1,8,-2.754927,-1.377463,0.323236,0.003331,0.000000,0.000000,0.500000,0
58.533999,1765336501.655614,1765336347,1,8,-3.099293,-0.688732,0.323236,0.003331,0.000000,0.000000,0.500000,0
58.536003,1765336501.655614,1765336347,1,8,-2.410561,-0.688732,0.323236,0.003331,0.000000,0.000000,0.500000,0
58.537993,1765336501.655614,1765336347,1,8,-3.099293,-1.377463,0.323236,0.003331,0.000000,0.000000,0.500000,0
58.540010,1765336501.655614,1765336347,1,8,-3.099293,-1.033098,0.323236,0.003331,0.000000,0.000000,0.500000,0
58.542007,1765336501.655614,1765336347,1,8,-3.788025,-1.033098,0.323236,0.003331,0.000000,0.000000,0.500000,0
58.544017,1765336501.655614,1765336347,1,8,-2.410561,-0.688732,0.323236,0.003331,0.000000,0.000000,0.500000,0
58.546000,1765336501.655614,1765336347,1,8,-3.443659,-0.688732,0.323236,0.003331,0.000000,0.000000,0.500000,0
58.548001,1765336501.655614,1765336347,1,8,-3.099293,-0.688732,0.323236,0.003331,0.000000,0.000000,0.500000,0
58.549996,1765336501.655614,1765336347,1,8,-3.443659,-1.033098,0.323236,0.003331,0.000000,0.000000,0.500000,0
58.551993,1765336501.655614,1765336347,1,8,-2.754927,-1.377463,0.323236,0.003331,0.000000,0.000000,0.500000,0
58.554001,1765336501.655614,1765336347,1,8,-2.754927,-1.377463,0.323236,0.003331,0.000000,0.000000,0.500000,0
58.556010,1765336501.655614,1765336347,1,8,-2.754927,-1.377463,0.323236,0.003331,0.000000,0.000000,0.500000,0
58.558007,1765336501.655614,1765336347,1,8,-3.099293,-1.721829,0.323236,0.003331,0.000000,0.000000,0.500000,0
58.560011,1765336501.655614,1765336347,1,8,-3.099293,-0.688732,0.323236,0.003327,0.000000,-0.000682,0.500000,0
58.562001,1765336501.655614,1765336347,1,8,-3.099293,-1.377463,0.323236,0.003327,0.000000,-0.000943,0.500000,0
58.563999,1765336501.655614,1765336347,1,8,-2.754927,-0.688732,0.323236,0.003327,0.000000,-0.000265,0.500000,0
58.566000,1765336501.655614,1765336347,1,8,-3.099293,-1.377463,0.323236,0.003327,0.000000,-0.000002,0.500000,0
58.567998,1765336501.655614,1765336347,1,8,-3.443659,-1.377463,0.323236,0.003327,0.000000,0.000000,0.500000,0
58.570003,1765336501.655614,1765336347,1,8,-2.410561,-1.377463,0.323236,0.003327,0.000000,0.000000,0.500000,0
58.572033,1765336501.655614,1765336347,1,8,-2.754927,-0.688732,0.323236,0.003327,0.000000,0.000000,0.500000,0
58.574002,1765336501.655614,1765336347,1,8,-2.754927,-1.377463,0.323236,0.003327,0.000000,0.000000,0.500000,0
58.576001,1765336501.655614,1765336347,1,8,-3.099293,-0.688732,0.323236,0.003327,0.000000,0.000000,0.500000,0
58.578006,1765336501.655614,1765336347,1,8,-2.754927,-1.377463,0.323236,0.003327,0.000000,0.000000,0.500000,0
58.579997,1765336501.655614,1765336347,1,8,-3.099293,-1.377463,0.323236,0.003327,0.000000,0.000000,0.500000,0
58.581999,1765336501.655614,1765336347,1,8,-3.099293,-1.377463,0.323236,0.003327,0.000000,0.000000,0.500000,0
58.584009,1765336501.655614,1765336347,1,8,-3.443659,-1.377463,0.323236,0.003327,0.000000,0.000000,0.500000,0
58.586017,1765336501.655614,1765336347,1,8,-3.099293,-0.688732,0.323240,0.003327,0.000682,0.000000,0.500000,0
58.587998,1765336501.655614,1765336347,1,8,-3.443659,-1.033098,0.323240,0.003331,0.000946,0.000682,0.500000,0
58.590010,1765336501.655614,1765336347,1,8,-2.754927,-1.721829,0.323240,0.003331,0.000039,0.000946,0.500000,0
58.592003,1765336501.655614,1765336347,1,8,-3.099293,-1.721829,0.323240,0.003331,0.000003,0.000140,0.500000,0
58.594000,1765336501.655614,1765336347,1,8,-3.443659,-1.377463,0.323240,0.003331,0.000000,0.000001,0.500000,0
58.596009,1765336501.655614,1765336347,1,8,-2.410561,-0.688732,0.323236,0.003331,-0.000945,0.000000,0.500000,0
58.598024,1765336501.655614,1765336347,1,8,-3.099293,-0.688732,0.323236,0.003331,-0.000140,0.000000,0.500000,0
58.600018,1765336501.655614,1765336347,1,8,-3.099293,-1.033098,0.323236,0.003331,-0.000002,0.000000,0.500000,0
58.602007,1765336501.655614,1765336347,1,8,-3.099293,-0.688732,0.323236,0.003331,0.000000,0.000000,0.500000,0
58.604002,1765336501.655614,1765336347,1,8,-3.099293,-1.377463,0.323236,0.003331,0.000000,0.000000,0.500000,0
58.606004,1765336501.655614,1765336347,1,8,-2.410561,-1.377463,0.323236,0.003327,0.000000,-0.000925,0.500000,0
58.608003,1765336501.655614,1765336347,1,8,-3.099293,-1.377463,0.323236,0.003327,0.000000,-0.000265,0.500000,0
58.609999,1765336501.655614,1765336347,1,8,-3.099293,-1.721829,0.323232,0.003327,-0.000446,-0.000021,0.500000,0
58.612019,1765336501.655614,1765336347,1,8,-2.410561,-0.688732,0.323232,0.003331,-0.000945,0.000872,0.500000,0
58.614020,1765336501.655614,1765336347,1,8,-2.754927,-1.721829,0.323236,0.003331,0.000925,0.000946,0.500000,0
58.616002,1765336501.655614,1765336347,1,8,-3.443659,-1.377463,0.323236,0.003331,0.000264,0.000074,0.500000,0
58.618020,1765336501.655614,1765336347,1,8,-3.099293,-0.688732,0.323236,0.003327,0.000001,-0.000946,0.500000,0
58.620015,1765336501.655614,1765336347,1,8,-2.754927,-1.377463,0.323236,0.003327,0.000000,-0.000946,0.500000,0
58.622004,1765336501.655614,1765336347,1,8,-3.443659,-0.688732,0.323236,0.003331,0.000000,0.000935,0.500000,0
58.624024,1765336501.655614,1765336347,1,8,-3.443659,-1.033098,0.323236,0.003331,0.000000,0.000946,0.500000,0
58.626006,1765336501.655614,1765336347,1,8,-3.099293,-0.688732,0.323236,0.003331,0.000000,0.000006,0.500000,0
58.628003,1765336501.655614,1765336347,1,8,-3.099293,-1.377463,0.323236,0.003331,0.000000,0.000000,0.500000,0
58.630002,1765336501.655614,1765336347,1,8,-3.099293,-1.377463,0.323236,0.003331,0.000000,0.000000,0.500000,0
58.632005,1765336501.655614,1765336347,1,8,-3.099293,-1.377463,0.323236,0.003331,0.000000,0.000000,0.500000,0
58.634011,1765336501.655614,1765336347,1,8,-3.099293,-1.377463,0.323236,0.003331,0.000000,0.000000,0.500000,0
58.636005,1765336501.655614,1765336347,1,8,-2.410561,-1.721829,0.323236,0.003331,0.000000,0.000000,0.500000,0
58.638025,1765336501.655614,1765336347,1,8,-3.099293,-1.377463,0.323236,0.003331,0.000000,0.000000,0.500000,0
58.640020,1765336501.655614,1765336347,1,8,-3.099293,-0.688732,0.323232,0.003331,-0.000935,0.000000,0.500000,0
65.018084,1765336508.231755,1765336347,1,9,-26.860537,-25.483074,0.347252,0.027748,0.000000,0.000000,0.500000,1
65.020078,1765336508.231755,1765336347,1,9,-27.893635,-25.483074,0.347252,0.027748,0.000000,0.000000,0.500000,1
65.022104,1765336508.231755,1765336347,1,9,-26.860537,-25.483074,0.347252,0.027748,0.000000,0.000000,0.500000,1
65.024098,1765336508.231755,1765336347,1,9,-26.860537,-25.138708,0.347252,0.027748,0.000000,0.000000,0.500000,1
65.026090,1765336508.231755,1765336347,1,9,-26.860537,-25.138708,0.347252,0.027748,0.000000,0.000000,0.500000,1
65.028088,1765336508.231755,1765336347,1,9,-26.860537,-25.483074,0.347252,0.027748,0.000000,0.000000,0.500000,1
65.030092,1765336508.231755,1765336347,1,9,-27.549269,-25.827440,0.347252,0.027748,0.000000,0.000000,0.500000,1
65.032081,1765336508.231755,1765336347,1,9,-26.860537,-25.138708,0.347252,0.027748,0.000000,0.000000,0.500000,1
65.034086,1765336508.231755,1765336347,1,9,-26.860537,-25.827440,0.347252,0.027748,0.000000,0.000000,0.500000,1
65.036097,1765336508.231755,1765336347,1,9,-27.549269,-25.827440,0.347252,0.027748,0.000000,0.000000,0.500000,1
65.038098,1765336508.231755,1765336347,1,9,-27.549269,-25.827440,0.347252,0.027748,0.000000,0.000000,0.500000,1
65.040092,1765336508.231755,1765336347,1,9,-27.549269,-26.171806,0.347252,0.027748,0.000000,0.000000,0.500000,1
65.042082,1765336508.231755,1765336347,1,9,-26.860537,-25.138708,0.347252,0.027748,0.000000,0.000000,0.500000,1
65.044098,1765336508.231755,1765336347,1,9,-26.171806,-25.483074,0.347252,0.027748,0.000000,0.000000,0.500000,1
65.046083,1765336508.231755,1765336347,1,9,-26.860537,-25.483074,0.347252,0.027748,0.000000,0.000000,0.500000,1
65.048100,1765336508.231755,1765336347,1,9,-26.860537,-25.483074,0.347252,0.027748,0.000000,0.000000,0.500000,1
65.050097,1765336508.231755,1765336347,1,9,-26.860537,-25.483074,0.347252,0.027752,0.000000,0.000935,0.500000,1
65.052089,1765336508.231755,1765336347,1,9,-26.171806,-25.138708,0.347252,0.027752,0.000000,0.000946,0.500000,1
65.054096,1765336508.231755,1765336347,1,9,-28.238001,-25.827440,0.347252,0.027752,0.000000,0.000011,0.500000,1
65.056082,1765336508.231755,1765336347,1,9,-26.860537,-25.827440,0.347252,0.027752,0.000000,0.000000,0.500000,1
65.058081,1765336508.231755,1765336347,1,9,-27.549269,-25.483074,0.347252,0.027752,0.000000,0.000000,0.500000,1
65.060088,1765336508.231755,1765336347,1,9,-26.860537,-25.138708,0.347252,0.027752,0.000000,0.000000,0.500000,1
65.062086,1765336508.231755,1765336347,1,9,-26.860537,-25.483074,0.347252,0.027752,0.000000,0.000000,0.500000,1
65.064088,1765336508.231755,1765336347,1,9,-26.860537,-25.483074,0.347252,0.027752,0.000000,0.000000,0.500000,1
65.066087,1765336508.231755,1765336347,1,9,-27.893635,-25.138708,0.347252,0.027752,0.000000,0.000000,0.500000,1
65.068088,1765336508.231755,1765336347,1,9,-26.860537,-25.827440,0.347252,0.027752,0.000000,0.000000,0.500000,1
65.070084,1765336508.231755,1765336347,1,9,-26.860537,-25.138708,0.347252,0.027752,0.000000,0.000000,0.500000,1
65.072086,1765336508.231755,1765336347,1,9,-26.860537,-25.138708,0.347252,0.027752,0.000000,0.000000,0.500000,1
65.074110,1765336508.231755,1765336347,1,9,-26.860537,-25.483074,0.347252,0.027752,0.000000,0.000000,0.500000,1
65.076099,1765336508.231755,1765336347,1,9,-26.171806,-25.827440,0.347252,0.027752,0.000000,0.000000,0.500000,1
65.078103,1765336508.231755,1765336347,1,9,-26.860537,-26.516172,0.347252,0.027752,0.000000,0.000000,0.500000,1
65.080095,1765336508.231755,1765336347,1,9,-26.860537,-25.483074,0.347252,0.027752,0.000000,0.000000,0.500000,1
65.082086,1765336508.231755,1765336347,1,9,-26.860537,-25.138708,0.347252,0.027752,0.000000,0.000000,0.500000,1
65.084097,1765336508.231755,1765336347,1,9,-28.238001,-25.138708,0.347252,0.027752,0.000000,0.000000,0.500000,1
65.086091,1765336508.231755,1765336347,1,9,-26.860537,-25.483074,0.347252,0.027752,0.000000,0.000000,0.500000,1
65.088105,1765336508.231755,1765336347,1,9,-26.860537,-25.483074,0.347252,0.027752,0.000000,0.000000,0.500000,1
65.090092,1765336508.231755,1765336347,1,9,-26.860537,-25.827440,0.347252,0.027752,0.000000,0.000000,0.500000,1
65.092086,1765336508.231755,1765336347,1,9,-26.860537,-25.827440,0.347252,0.027752,0.000000,0.000000,0.500000,1
65.094087,1765336508.231755,1765336347,1,9,-26.860537,-25.827440,0.347252,0.027752,0.000000,0.000000,0.500000,1
65.096095,1765336508.231755,1765336347,1,9,-26.860537,-25.827440,0.347252,0.027752,0.000000,0.000000,0.500000,1
65.098096,1765336508.231755,1765336347,1,9,-26.860537,-25.827440,0.347252,0.027752,0.000000,0.000000,0.500000,1
65.100100,1765336508.231755,1765336347,1,9,-26.860537,-25.483074,0.347252,0.027752,0.000000,0.000000,0.500000,1
65.102104,1765336508.231755,1765336347,1,9,-26.860537,-25.483074,0.347252,0.027752,0.000000,0.000000,0.500000,1
65.104089,1765336508.231755,1765336347,1,9,-27.549269,-25.483074,0.347252,0.027752,0.000000,0.000000,0.500000,1
65.106096,1765336508.231755,1765336347,1,9,-26.860537,-25.138708,0.347252,0.027752,0.000000,0.000000,0.500000,1
65.108093,1765336508.231755,1765336347,1,9,-26.860537,-25.483074,0.347252,0.027752,0.000000,0.000000,0.500000,1
65.110103,1765336508.231755,1765336347,1,9,-27.549269,-25.483074,0.347252,0.027752,0.000000,0.000000,0.500000,1
65.112106,1765336508.231755,1765336347,1,9,-26.860537,-25.483074,0.347252,0.027752,0.000000,0.000000,0.500000,1
65.114095,1765336508.231755,1765336347,1,9,-26.860537,-25.827440,0.347252,0.027752,0.000000,0.000000,0.500000,1
65.116089,1765336508.231755,1765336347,1,9,-27.549269,-25.138708,0.347252,0.027752,0.000000,0.000000,0.500000,1
65.118088,1765336508.231755,1765336347,1,9,-26.860537,-26.171806,0.347252,0.027752,0.000000,0.000000,0.500000,1
65.120105,1765336508.231755,1765336347,1,9,-26.860537,-25.827440,0.347252,0.027752,0.000000,0.000000,0.500000,1
65.122106,1765336508.231755,1765336347,1,9,-26.860537,-25.483074,0.347252,0.027748,0.000000,-0.000907,0.500000,1
65.124099,1765336508.231755,1765336347,1,9,-26.860537,-25.483074,0.347252,0.027752,0.000000,-0.000140,0.500000,1
65.126104,1765336508.231755,1765336347,1,9,-26.860537,-26.516172,0.347252,0.027748,0.000000,0.000460,0.500000,1
65.128091,1765336508.231755,1765336347,1,9,-26.860537,-25.483074,0.347252,0.027748,0.000000,-0.000804,0.500000,1
65.130094,1765336508.231755,1765336347,1,9,-26.860537,-25.483074,0.347252,0.027748,0.000000,-0.000499,0.500000,1
65.132107,1765336508.231755,1765336347,1,9,-26.860537,-25.138708,0.347252,0.027752,0.000000,0.000922,0.500000,1
65.134105,1765336508.231755,1765336347,1,9,-26.860537,-25.483074,0.347252,0.027748,0.000000,0.000039,0.500000,1
65.136097,1765336508.231755,1765336347,1,9,-27.893635,-25.827440,0.347252,0.027748,0.000000,-0.000925,0.500000,1
65.138108,1765336508.231755,1765336347,1,9,-26.516172,-25.483074,0.347252,0.027752,0.000000,0.000833,0.500000,1
65.140099,1765336508.231755,1765336347,1,9,-26.860537,-25.483074,0.347252,0.027752,0.000000,0.000946,0.500000,1
65.142092,1765336508.231755,1765336347,1,9,-26.860537,-25.827440,0.347252,0.027752,0.000000,0.000074,0.500000,1
65.144110,1765336508.231755,1765336347,1,9,-27.893635,-26.516172,0.347252,0.027752,0.000000,0.000000,0.500000,1
65.146111,1765336508.231755,1765336347,1,9,-26.860537,-25.827440,0.347252,0.027752,0.000000,0.000000,0.500000,1
65.148100,1765336508.231755,1765336347,1,9,-26.860537,-25.827440,0.347252,0.027752,0.000000,0.000000,0.500000,1
65.150096,1765336508.231755,1765336347,1,9,-27.893635,-25.483074,0.347252,0.027752,0.000000,0.000000,0.500000,1
65.152114,1765336508.231755,1765336347,1,9,-26.860537,-25.138708,0.347252,0.027752,0.000000,0.000000,0.500000,1
65.154111,1765336508.231755,1765336347,1,9,-26.860537,-25.138708,0.347252,0.027752,0.000000,0.000000,0.500000,1
65.156106,1765336508.231755,1765336347,1,9,-26.860537,-25.827440,0.347252,0.027752,0.000000,0.000000,0.500000,1
65.158107,1765336508.231755,1765336347,1,9,-26.860537,-25.483074,0.347252,0.027752,0.000000,0.000000,0.500000,1
65.160127,1765336508.231755,1765336347,1,9,-26.860537,-25.483074,0.347252,0.027752,0.000000,0.000000,0.500000,1
65.162112,1765336508.231755,1765336347,1,9,-27.549269,-25.827440,0.347252,0.027752,0.000000,0.000000,0.500000,1
65.164102,1765336508.231755,1765336347,1,9,-27.893635,-24.794342,0.347252,0.027752,0.000000,0.000000,0.500000,1
65.166100,1765336508.231755,1765336347,1,9,-27.549269,-25.827440,0.347252,0.027752,0.000000,0.000000,0.500000,1
65.168099,1765336508.231755,1765336347,1,9,-27.893635,-25.827440,0.347252,0.027752,0.000000,0.000000,0.500000,1
65.170102,1765336508.231755,1765336347,1,9,-27.549269,-25.483074,0.347252,0.027752,0.000000,0.000000,0.500000,1
65.172132,1765336508.231755,1765336347,1,9,-26.860537,-25.483074,0.347252,0.027752,0.000000,0.000000,0.500000,1
65.174123,1765336508.231755,1765336347,1,9,-26.860537,-26.171806,0.347252,0.027752,0.000000,0.000000,0.500000,1
65.176116,1765336508.231755,1765336347,1,9,-27.549269,-25.483074,0.347252,0.027752,0.000000,0.000000,0.500000,1
65.178136,1765336508.231755,1765336347,1,9,-26.860537,-25.138708,0.347252,0.027752,0.000000,0.000000,0.500000,1
65.180132,1765336508.231755,1765336347,1,9,-26.860537,-25.138708,0.347252,0.027752,0.000000,0.000000,0.500000,1
65.182124,1765336508.231755,1765336347,1,9,-26.860537,-25.483074,0.347252,0.027752,0.000000,0.000000,0.500000,1
65.184123,1765336508.231755,1765336347,1,9,-27.549269,-25.483074,0.347252,0.027752,0.000000,0.000000,0.500000,1
65.186116,1765336508.231755,1765336347,1,9,-26.860537,-25.827440,0.347252,0.027752,0.000000,0.000000,0.500000,1
65.188123,1765336508.231755,1765336347,1,9,-26.860537,-25.138708,0.347252,0.027752,0.000000,0.000000,0.500000,1
65.190110,1765336508.231755,1765336347,1,9,-27.549269,-25.483074,0.347252,0.027752,0.000000,0.000000,0.500000,1
65.192113,1765336508.231755,1765336347,1,9,-26.860537,-25.827440,0.347252,0.027752,0.000000,0.000000,0.500000,1
65.194130,1765336508.231755,1765336347,1,9,-26.860537,-25.138708,0.347252,0.027752,0.000000,0.000000,0.500000,1
65.196121,1765336508.231755,1765336347,1,9,-26.860537,-25.827440,0.347252,0.027752,0.000000,0.000000,0.500000,1
65.198131,1765336508.231755,1765336347,1,9,-27.549269,-25.483074,0.347252,0.027752,0.000000,0.000000,0.500000,1
65.200122,1765336508.231755,1765336347,1,9,-26.860537,-25.483074,0.347252,0.027752,0.000000,0.000000,0.500000,1
65.202123,1765336508.231755,1765336347,1,9,-27.549269,-25.827440,0.347252,0.027752,0.000000,0.000000,0.500000,1
65.204125,1765336508.231755,1765336347,1,9,-26.860537,-25.483074,0.347252,0.027752,0.000000,0.000000,0.500000,1
65.206116,1765336508.231755,1765336347,1,9,-26.860537,-25.483074,0.347252,0.027752,0.000000,0.000000,0.500000,1
65.208132,1765336508.231755,1765336347,1,9,-26.860537,-26.171806,0.347252,0.027752,0.000000,0.000000,0.500000,1
65.210129,1765336508.231755,1765336347,1,9,-27.549269,-25.827440,0.347252,0.027752,0.000000,0.000000,0.500000,1
65.212119,1765336508.231755,1765336347,1,9,-26.860537,-25.827440,0.347252,0.027752,0.000000,0.000000,0.500000,1
65.214109,1765336508.231755,1765336347,1,9,-26.860537,-25.483074,0.347252,0.027752,0.000000,0.000000,0.500000,1
65.216124,1765336508.231755,1765336347,1,9,-26.860537,-25.483074,0.347252,0.027752,0.000000,0.000000,0.500000,1
71.555358,1765336514.768958,1765336347,1,10,-15.840830,-28.238001,0.335276,0.030648,0.009364,-0.003415,0.500000,1
71.557372,1765336514.768958,1765336347,1,10,-15.496464,-28.238001,0.335299,0.030640,0.010098,-0.002913,0.500000,1
71.559361,1765336514.768958,1765336347,1,10,-15.496464,-28.238001,0.335333,0.030629,0.011321,-0.003773,0.500000,1
71.561367,1765336514.768958,1765336347,1,10,-15.496464,-28.238001,0.335356,0.030625,0.012215,-0.004266,0.500000,1
71.563370,1765336514.768958,1765336347,1,10,-15.840830,-27.893635,0.335371,0.030617,0.012419,-0.003307,0.500000,1
71.565367,1765336514.768958,1765336347,1,10,-15.496464,-28.238001,0.335397,0.030613,0.012546,-0.003106,0.500000,1
71.567370,1765336514.768958,1765336347,1,10,-15.496464,-28.582367,0.335424,0.030606,0.013925,-0.003576,0.500000,1
71.569369,1765336514.768958,1765336347,1,10,-15.152098,-27.893635,0.335454,0.030595,0.014068,-0.003845,0.500000,1
71.571357,1765336514.768958,1765336347,1,10,-15.840830,-28.238001,0.335496,0.030591,0.014194,-0.003795,0.500000,1
71.573353,1765336514.768958,1765336347,1,10,-15.840830,-28.238001,0.335522,0.030583,0.014194,-0.002926,0.500000,1
71.575358,1765336514.768958,1765336347,1,10,-16.185196,-28.238001,0.335537,0.030579,0.014194,-0.002964,0.500000,1
71.577367,1765336514.768958,1765336347,1,10,-16.185196,-28.238001,0.335568,0.030568,0.014318,-0.004221,0.500000,1
71.579372,1765336514.768958,1765336347,1,10,-15.840830,-28.238001,0.335609,0.030561,0.013748,-0.004719,0.500000,1
71.581364,1765336514.768958,1765336347,1,10,-15.840830,-28.238001,0.335636,0.030549,0.013495,-0.004736,0.500000,1
71.583373,1765336514.768958,1765336347,1,10,-15.840830,-28.238001,0.335647,0.030542,0.013267,-0.004352,0.500000,1
71.585358,1765336514.768958,1765336347,1,10,-15.840830,-28.238001,0.335673,0.030526,0.012774,-0.004452,0.500000,1
71.587363,1765336514.768958,1765336347,1,10,-15.840830,-28.238001,0.335700,0.030523,0.012548,-0.005089,0.500000,1
71.589359,1765336514.768958,1765336347,1,10,-15.840830,-27.893635,0.335738,0.030511,0.012407,-0.005656,0.500000,1
71.591361,1765336514.768958,1765336347,1,10,-15.152098,-28.238001,0.335761,0.030492,0.012320,-0.005678,0.500000,1
71.593370,1765336514.768958,1765336347,1,10,-15.840830,-27.893635,0.335776,0.030489,0.012369,-0.005678,0.500000,1
71.595356,1765336514.768958,1765336347,1,10,-15.496464,-28.238001,0.335798,0.030470,0.012776,-0.005923,0.500000,1
71.597367,1765336514.768958,1765336347,1,10,-16.185196,-28.238001,0.335825,0.030462,0.012434,-0.006446,0.500000,1
71.599379,1765336514.768958,1765336347,1,10,-15.496464,-28.238001,0.335848,0.030439,0.011856,-0.006159,0.500000,1
71.601362,1765336514.768958,1765336347,1,10,-16.185196,-27.893635,0.335885,0.030432,0.012050,-0.005995,0.500000,1
71.603377,1765336514.768958,1765336347,1,10,-15.840830,-27.893635,0.335897,0.030428,0.012728,-0.005703,0.500000,1
71.605366,1765336514.768958,1765336347,1,10,-15.840830,-27.549269,0.335923,0.030417,0.012500,-0.005535,0.500000,1
71.607364,1765336514.768958,1765336347,1,10,-16.873927,-27.549269,0.335946,0.030405,0.012356,-0.005258,0.500000,1
71.609362,1765336514.768958,1765336347,1,10,-16.529562,-28.238001,0.335988,0.030394,0.012546,-0.004743,0.500000,1
71.611365,1765336514.768958,1765336347,1,10,-16.529562,-27.893635,0.336014,0.030390,0.013925,-0.004085,0.500000,1
71.613366,1765336514.768958,1765336347,1,10,-15.840830,-27.893635,0.336029,0.030383,0.014173,-0.003087,0.500000,1
71.615377,1765336514.768958,1765336347,1,10,-16.529562,-27.893635,0.336056,0.030379,0.014212,-0.002620,0.500000,1
71.617370,1765336514.768958,1765336347,1,10,-15.496464,-28.582367,0.336086,0.030375,0.014194,-0.002376,0.500000,1
71.619366,1765336514.768958,1765336347,1,10,-16.185196,-28.238001,0.336131,0.030371,0.015137,-0.001450,0.500000,1
71.621363,1765336514.768958,1765336347,1,10,-16.185196,-27.893635,0.336166,0.030371,0.016066,-0.000503,0.500000,1
71.623373,1765336514.768958,1765336347,1,10,-16.529562,-28.582367,0.336181,0.030371,0.016085,-0.000003,0.500000,1
71.625364,1765336514.768958,1765336347,1,10,-16.529562,-27.893635,0.336211,0.030375,0.016086,0.000682,0.500000,1
71.627370,1765336514.768958,1765336347,1,10,-16.529562,-28.582367,0.336245,0.030375,0.016532,0.000943,0.500000,1
71.629395,1765336514.768958,1765336347,1,10,-16.529562,-28.238001,0.336279,0.030375,0.017030,0.001182,0.500000,1
71.631369,1765336514.768958,1765336347,1,10,-16.529562,-27.893635,0.336332,0.030379,0.017061,0.000948,0.500000,1
71.633364,1765336514.768958,1765336347,1,10,-16.529562,-28.582367,0.336351,0.030379,0.017225,0.000265,0.500000,1
71.635363,1765336514.768958,1765336347,1,10,-16.873927,-28.238001,0.336385,0.030379,0.017153,0.000001,0.500000,1
71.637366,1765336514.768958,1765336347,1,10,-16.529562,-27.893635,0.336419,0.030383,0.017096,0.000682,0.500000,1
71.639362,1765336514.768958,1765336347,1,10,-16.185196,-28.238001,0.336453,0.030383,0.017033,0.000497,0.500000,1
71.641391,1765336514.768958,1765336347,1,10,-17.218293,-28.238001,0.336506,0.030379,0.017223,-0.000443,0.500000,1
71.643373,1765336514.768958,1765336347,1,10,-16.873927,-28.238001,0.336540,0.030379,0.017225,-0.000021,0.500000,1
71.645391,1765336514.768958,1765336347,1,10,-16.873927,-28.238001,0.336555,0.030379,0.017041,0.000803,0.500000,1
71.647385,1765336514.768958,1765336347,1,10,-16.873927,-28.238001,0.336589,0.030383,0.016582,0.000945,0.500000,1
71.649382,1765336514.768958,1765336347,1,10,-16.873927,-28.238001,0.336639,0.030379,0.016216,-0.000801,0.500000,1
71.651367,1765336514.768958,1765336347,1,10,-16.873927,-28.238001,0.336669,0.030383,0.016087,-0.000054,0.500000,1
71.653366,1765336514.768958,1765336347,1,10,-16.873927,-28.582367,0.336684,0.030383,0.015280,0.000935,0.500000,1
71.655374,1765336514.768958,1765336347,1,10,-16.873927,-28.582367,0.336714,0.030383,0.015141,0.000946,0.500000,1
71.657364,1765336514.768958,1765336347,1,10,-17.218293,-28.238001,0.336745,0.030379,0.015140,-0.000937,0.500000,1
71.659373,1765336514.768958,1765336347,1,10,-17.218293,-28.238001,0.336786,0.030379,0.014233,-0.000946,0.500000,1
71.661377,1765336514.768958,1765336347,1,10,-17.218293,-27.893635,0.336813,0.030379,0.013287,-0.000011,0.500000,1
71.663368,1765336514.768958,1765336347,1,10,-17.562659,-28.238001,0.336828,0.030379,0.013015,0.000000,0.500000,1
71.665369,1765336514.768958,1765336347,1,10,-17.218293,-28.582367,0.336851,0.030379,0.012820,0.000000,0.500000,1
71.667366,1765336514.768958,1765336347,1,10,-17.218293,-28.238001,0.336877,0.030379,0.012310,0.000000,0.500000,1
71.669371,1765336514.768958,1765336347,1,10,-17.218293,-28.582367,0.336907,0.030379,0.011295,0.000000,0.500000,1
71.671376,1765336514.768958,1765336347,1,10,-16.873927,-28.238001,0.336930,0.030379,0.010557,0.000000,0.500000,1
71.673366,1765336514.768958,1765336347,1,10,-17.218293,-27.893635,0.336941,0.030379,0.010545,0.000000,0.500000,1
71.675388,1765336514.768958,1765336347,1,10,-17.218293,-28.238001,0.336960,0.030379,0.010139,0.000000,0.500000,1
71.677384,1765336514.768958,1765336347,1,10,-17.218293,-27.893635,0.336987,0.030379,0.009184,0.000000,0.500000,1
71.679382,1765336514.768958,1765336347,1,10,-17.218293,-28.582367,0.336994,0.030379,0.008569,0.000000,0.500000,1
71.681376,1765336514.768958,1765336347,1,10,-17.218293,-28.582367,0.337013,0.030379,0.008517,0.000000,0.500000,1
71.683373,1765336514.768958,1765336347,1,10,-17.218293,-28.238001,0.337029,0.030379,0.007901,0.000000,0.500000,1
71.685371,1765336514.768958,1765336347,1,10,-17.562659,-27.893635,0.337051,0.030375,0.007335,-0.000926,0.500000,1
71.687370,1765336514.768958,1765336347,1,10,-17.218293,-27.893635,0.337063,0.030375,0.007243,-0.000265,0.500000,1
71.689379,1765336514.768958,1765336347,1,10,-17.218293,-28.238001,0.337070,0.030375,0.006672,-0.000021,0.500000,1
71.691377,1765336514.768958,1765336347,1,10,-17.218293,-28.582367,0.337082,0.030375,0.006178,0.000000,0.500000,1
71.693391,1765336514.768958,1765336347,1,10,-17.218293,-28.238001,0.337093,0.030375,0.005829,0.000000,0.500000,1
71.695376,1765336514.768958,1765336347,1,10,-17.562659,-27.893635,0.337112,0.030375,0.005443,0.000000,0.500000,1
71.697370,1765336514.768958,1765336347,1,10,-17.218293,-28.238001,0.337119,0.030375,0.004919,0.000000,0.500000,1
71.699373,1765336514.768958,1765336347,1,10,-17.218293,-28.582367,0.337127,0.030375,0.005258,0.000000,0.500000,1
71.701388,1765336514.768958,1765336347,1,10,-16.873927,-28.582367,0.337135,0.030375,0.004734,0.000000,0.500000,1
71.703371,1765336514.768958,1765336347,1,10,-17.218293,-27.893635,0.337146,0.030375,0.004044,0.000000,0.500000,1
71.705391,1765336514.768958,1765336347,1,10,-16.873927,-27.893635,0.337153,0.030375,0.003787,0.000000,0.500000,1
71.707392,1765336514.768958,1765336347,1,10,-17.218293,-27.893635,0.337161,0.030375,0.003549,0.000000,0.500000,1
71.709380,1765336514.768958,1765336347,1,10,-17.218293,-28.582367,0.337165,0.030375,0.003085,0.000000,0.500000,1
71.711371,1765336514.768958,1765336347,1,10,-16.873927,-28.582367,0.337169,0.030375,0.002855,0.000000,0.500000,1
71.713379,1765336514.768958,1765336347,1,10,-17.562659,-28.238001,0.337176,0.030375,0.002410,0.000000,0.500000,1
71.715375,1765336514.768958,1765336347,1,10,-17.218293,-27.893635,0.337180,0.030375,0.002356,0.000000,0.500000,1
71.717387,1765336514.768958,1765336347,1,10,-17.218293,-27.893635,0.337184,0.030375,0.001929,0.000000,0.500000,1
71.719372,1765336514.768958,1765336347,1,10,-17.218293,-28.582367,0.337184,0.030375,0.000986,0.000000,0.500000,1
71.721379,1765336514.768958,1765336347,1,10,-17.218293,-28.238001,0.337188,0.030375,0.000965,0.000000,0.500000,1
71.723372,1765336514.768958,1765336347,1,10,-16.873927,-28.582367,0.337188,0.030375,0.000265,0.000000,0.500000,1
71.725375,1765336514.768958,1765336347,1,10,-17.218293,-28.582367,0.337188,0.030375,0.000001,0.000000,0.500000,1
71.727374,1765336514.768958,1765336347,1,10,-16.873927,-27.893635,0.337188,0.030379,0.000000,0.000806,0.500000,1
71.729372,1765336514.768958,1765336347,1,10,-16.873927,-27.893635,0.337188,0.030379,0.000000,0.000935,0.500000,1
71.731384,1765336514.768958,1765336347,1,10,-16.529562,-27.893635,0.337188,0.030379,0.000000,0.000946,0.500000,1
71.733380,1765336514.768958,1765336347,1,10,-16.873927,-28.582367,0.337188,0.030379,0.000000,0.000021,0.500000,1
71.735380,1765336514.768958,1765336347,1,10,-16.873927,-28.582367,0.337188,0.030379,0.000000,0.000000,0.500000,1
71.737376,1765336514.768958,1765336347,1,10,-16.873927,-27.893635,0.337188,0.030379,0.000000,0.000000,0.500000,1
71.739374,1765336514.768958,1765336347,1,10,-16.873927,-28.582367,0.337188,0.030379,0.000000,0.000000,0.500000,1
71.741375,1765336514.768958,1765336347,1,10,-16.873927,-28.582367,0.337188,0.030379,0.000000,0.000000,0.500000,1
71.743381,1765336514.768958,1765336347,1,10,-16.873927,-27.893635,0.337188,0.030379,0.000000,0.000000,0.500000,1
71.745398,1765336514.768958,1765336347,1,10,-16.529562,-28.238001,0.337188,0.030379,0.000000,0.000000,0.500000,1
71.747377,1765336514.768958,1765336347,1,10,-16.873927,-28.582367,0.337188,0.030379,0.000000,0.000000,0.500000,1
71.749387,1765336514.768958,1765336347,1,10,-16.873927,-28.238001,0.337188,0.030379,0.000000,0.000000,0.500000,1
71.751375,1765336514.768958,1765336347,1,10,-16.873927,-28.582367,0.337188,0.030379,0.000000,0.000000,0.500000,1
71.753375,1765336514.768958,1765336347,1,10,-16.873927,-28.238001,0.337188,0.030379,0.000000,0.000000,0.500000,1
