time,sys_time,session_id,pos_x,pos_y,vel_x,vel_y,fcmd_x,fcmd_y,fs_x,fs_y
0.041723,1765334343.553700,1765334337,0.000530,0.000174,0.005644,-0.000872,0.000000,0.000000,-0.688732,0.000000
0.061689,1765334343.573617,1765334337,0.000541,0.000182,0.001955,0.000940,0.000000,0.000000,-0.688732,0.000000
0.081715,1765334343.593655,1765334337,0.000537,0.000189,-0.000940,0.000011,0.000000,0.000000,-0.688732,1.377463
0.101802,1765334343.613786,1765334337,0.000534,0.000193,-0.000001,0.000265,0.000000,0.000000,-0.344366,0.000000
0.121698,1765334343.633621,1765334337,0.000537,0.000193,0.000000,0.000946,0.000000,0.000000,0.000000,0.000000
0.141712,1765334343.653652,1765334337,0.000537,0.000193,0.000000,0.000000,0.000000,0.000000,-0.344366,0.000000
0.161801,1765334343.673777,1765334337,0.000537,0.000193,0.000000,0.000000,0.000000,0.000000,-0.344366,0.000000
0.181763,1765334343.693723,1765334337,0.000537,0.000197,0.000000,0.000000,0.000000,0.000000,0.000000,0.000000
0.201846,1765334343.713830,1765334337,0.000541,0.000197,0.000872,0.000000,0.000000,0.000000,0.000000,0.000000
0.221794,1765334343.733740,1765334337,0.000541,0.000197,0.000000,0.000001,0.000000,0.000000,0.000000,0.000000
0.241829,1765334343.753790,1765334337,0.000537,0.000197,0.000000,0.000000,0.000000,0.000000,0.000000,0.000000
0.261848,1765334343.773823,1765334337,0.000537,0.000197,-0.000935,0.000000,0.000000,0.000000,0.000000,0.000000
0.281835,1765334343.793789,1765334337,0.000541,0.000197,0.000000,0.000000,0.000000,0.000000,0.000000,0.000000
0.301802,1765334343.813736,1765334337,0.000541,0.000197,0.000000,0.000000,0.000000,0.000000,0.000000,-0.344366
0.321776,1765334343.833694,1765334337,0.000541,0.000197,0.000000,0.000000,0.000000,0.000000,0.000000,0.000000
0.341785,1765334343.853709,1765334337,0.000541,0.000197,0.000000,0.000000,0.000000,0.000000,0.000000,0.000000
0.361777,1765334343.873696,1765334337,0.000541,0.000197,0.000000,0.000000,0.000000,0.000000,0.000000,0.000000
0.381769,1765334343.893682,1765334337,0.000541,0.000201,0.000000,0.000945,0.000000,0.000000,0.000000,-0.344366
0.401781,1765334343.913698,1765334337,0.000541,0.000201,0.000000,0.000000,0.000000,0.000000,0.000000,0.000000
0.421783,1765334343.933700,1765334337,0.000541,0.000197,0.000000,-0.000937,0.000000,0.000000,0.000000,0.000000
0.441787,1765334343.953706,1765334337,0.000541,0.000201,0.000000,0.000500,0.000000,0.000000,0.000000,0.000000
0.461789,1765334343.973709,1765334337,0.000541,0.000201,0.000000,0.000946,0.000000,0.000000,0.000000,0.000000
0.481785,1765334343.993703,1765334337,0.000541,0.000201,0.000000,0.000000,0.000000,0.000000,0.000000,0.000000
0.501799,1765334344.013723,1765334337,0.000541,0.000201,0.000000,0.000000,0.000000,0.000000,0.000000,0.000000
0.521829,1765334344.033768,1765334337,0.000541,0.000201,0.000000,0.000000,0.000000,0.000000,0.000000,0.344366
0.541822,1765334344.053761,1765334337,0.000541,0.000201,0.000000,0.000000,0.000000,0.000000,-0.688732,0.000000
0.561870,1765334344.073828,1765334337,0.000541,0.000201,0.000000,0.000000,0.000000,0.000000,0.000000,0.344366
0.581875,1765334344.093831,1765334337,0.000541,0.000201,0.000000,0.000000,0.000000,0.000000,0.000000,-0.344366
0.601868,1765334344.113816,1765334337,0.000541,0.000201,0.000000,0.000000,0.000000,0.000000,0.000000,0.000000
0.621866,1765334344.133817,1765334337,0.000541,0.000201,0.000000,0.000000,0.000000,0.000000,0.000000,0.000000
0.641865,1765334344.153811,1765334337,0.000541,0.000201,0.000000,0.000000,0.000000,0.000000,0.000000,0.000000
0.661909,1765334344.173871,1765334337,0.000541,0.000201,0.000000,0.000000,0.000000,0.000000,0.000000,0.000000
0.681845,1765334344.193773,1765334337,0.000541,0.000201,0.000000,0.000000,0.000000,0.000000,0.000000,0.344366
0.701833,1765334344.213750,1765334337,0.000541,0.000204,0.000000,0.000011,0.000000,0.000000,0.000000,0.000000
0.721865,1765334344.233800,1765334337,0.000541,0.000204,0.000000,0.000946,0.000000,0.000000,0.000000,0.000000
0.741867,1765334344.253807,1765334337,0.000541,0.000201,-0.000140,0.000000,0.000000,0.000000,0.000000,0.000000
0.761883,1765334344.273828,1765334337,0.000541,0.000201,0.000000,0.000000,0.000000,0.000000,0.000000,0.000000
0.781888,1765334344.293829,1765334337,0.000541,0.000204,0.000000,0.000360,0.000000,0.000000,0.000000,0.000000
0.801973,1765334344.313947,1765334337,0.000541,0.000204,0.000000,0.000000,0.000000,0.000000,0.000000,-0.344366
0.821983,1765334344.333958,1765334337,0.000541,0.000204,0.000000,0.000000,0.000000,0.000000,0.000000,0.000000
0.841929,1765334344.353871,1765334337,0.000541,0.000204,0.000000,0.000000,0.000000,0.000000,-0.688732,-0.344366
0.861916,1765334344.373867,1765334337,0.000541,0.000201,0.000000,0.000006,0.000000,0.000000,0.000000,0.000000
0.882019,1765334344.394003,1765334337,0.000545,0.000204,0.000907,0.000021,0.000000,0.000000,0.000000,-0.344366
0.901982,1765334344.413941,1765334337,0.000541,0.000204,0.000000,0.000000,0.000000,0.000000,0.000000,0.000000
0.921989,1765334344.433951,1765334337,0.000541,0.000204,0.000000,0.000000,0.000000,0.000000,0.000000,0.344366
0.941996,1765334344.453957,1765334337,0.000541,0.000204,0.000000,0.000000,0.000000,0.000000,0.000000,-0.344366
0.962019,1765334344.473983,1765334337,0.000545,0.000201,0.000806,-0.000872,0.000000,0.000000,0.000000,-0.344366
0.982014,1765334344.493945,1765334337,0.000541,0.000204,-0.000924,0.000000,0.000000,0.000000,0.000000,0.344366
1.002008,1765334344.513942,1765334337,0.000541,0.000204,0.000000,0.000000,0.000000,0.000000,0.000000,0.344366
1.022005,1765334344.533927,1765334337,0.000545,0.000204,0.000798,0.000000,0.000000,0.000000,0.000000,0.000000
1.042132,1765334344.554140,1765334337,0.000545,0.000204,0.000000,0.000000,0.000000,0.000000,-0.688732,0.344366
1.062016,1765334344.573937,1765334337,0.000541,0.000204,-0.000943,0.000000,0.000000,0.000000,0.000000,0.000000
1.082028,1765334344.593954,1765334337,0.000541,0.000204,0.000000,0.000000,0.000000,0.000000,0.000000,0.000000
1.102036,1765334344.613965,1765334337,0.000545,0.000204,0.000000,0.000000,0.000000,0.000000,0.000000,0.000000
1.122037,1765334344.633965,1765334337,0.000545,0.000204,0.000000,0.000000,0.000000,0.000000,0.000000,0.000000
1.142046,1765334344.653978,1765334337,0.000545,0.000204,0.000945,0.000000,0.000000,0.000000,0.000000,0.000000
1.162030,1765334344.673956,1765334337,0.000545,0.000204,0.000943,0.000000,0.000000,0.000000,-0.688732,0.000000
1.182066,1765334344.694004,1765334337,0.000545,0.000204,0.000000,0.000000,0.000000,0.000000,0.000000,-0.344366
1.202068,1765334344.714005,1765334337,0.000545,0.000204,0.000000,0.000000,0.000000,0.000000,0.000000,0.000000
1.222075,1765334344.734014,1765334337,0.000545,0.000204,0.000000,0.000000,0.000000,0.000000,0.000000,-0.344366
1.242079,1765334344.754016,1765334337,0.000545,0.000204,0.000000,0.000000,0.000000,0.000000,0.000000,0.000000
1.262082,1765334344.774020,1765334337,0.000545,0.000204,0.000000,0.000000,0.000000,0.000000,0.000000,-0.344366
1.282083,1765334344.794019,1765334337,0.000545,0.000204,0.000000,0.000000,0.000000,0.000000,0.000000,-0.344366
1.302087,1765334344.814023,1765334337,0.000545,0.000204,0.000803,0.000000,0.000000,0.000000,0.000000,0.000000
1.322091,1765334344.834027,1765334337,0.000545,0.000204,0.000000,0.000000,0.000000,0.000000,0.000000,0.344366
1.342103,1765334344.854044,1765334337,0.000545,0.000204,0.000000,0.000000,0.000000,0.000000,0.000000,0.000000
1.362107,1765334344.874048,1765334337,0.000545,0.000204,0.000000,0.000000,0.000000,0.000000,0.000000,0.000000
1.382112,1765334344.894052,1765334337,0.000545,0.000204,0.000000,0.000000,0.000000,0.000000,0.000000,0.000000
1.402112,1765334344.914050,1765334337,0.000545,0.000204,0.000000,0.000000,0.000000,0.000000,0.000000,0.344366
1.422076,1765334344.933997,1765334337,0.000545,0.000204,0.000000,0.000000,0.000000,0.000000,0.000000,0.000000
1.442087,1765334344.954015,1765334337,0.000545,0.000204,0.000000,0.000000,0.000000,0.000000,0.000000,0.000000
1.462122,1765334344.974060,1765334337,0.000545,0.000204,0.000000,0.000000,0.000000,0.000000,0.000000,0.344366
1.482166,1765334344.994123,1765334337,0.000545,0.000204,0.000000,0.000000,0.000000,0.000000,0.000000,0.000000
1.502132,1765334345.014070,1765334337,0.000545,0.000208,0.000000,0.000943,0.000000,0.000000,1.033098,-0.344366
1.522143,1765334345.034083,1765334337,0.000545,0.000208,0.000000,0.000935,0.000000,0.000000,0.000000,0.000000
1.542147,1765334345.054086,1765334337,0.000545,0.000204,0.000000,0.000682,0.000000,0.000000,0.000000,0.344366
1.562109,1765334345.074034,1765334337,0.000545,0.000204,0.000000,-0.000000,0.000000,0.000000,0.000000,0.000000
1.582111,1765334345.094034,1765334337,0.000545,0.000204,0.000000,0.000000,0.000000,0.000000,0.000000,-0.344366
1.602128,1765334345.114052,1765334337,0.000545,0.000204,0.000000,0.000181,0.000000,0.000000,0.000000,0.000000
1.622125,1765334345.134047,1765334337,0.000545,0.000204,0.000000,-0.000011,0.000000,0.000000,0.000000,-0.344366
1.642122,1765334345.154041,1765334337,0.000545,0.000208,0.000000,0.000946,0.000000,0.000000,0.000000,0.344366
1.662127,1765334345.174047,1765334337,0.000545,0.000208,0.000000,0.000940,0.000000,0.000000,-0.688732,0.000000
1.682128,1765334345.194047,1765334337,0.000545,0.000208,0.000000,0.000806,0.000000,0.000000,0.000000,0.000000
1.702129,1765334345.214048,1765334337,0.000545,0.000208,0.000000,0.000907,0.000000,0.000000,0.000000,0.000000
1.722136,1765334345.234059,1765334337,0.000545,0.000208,0.000000,0.000003,0.000000,0.000000,0.000000,0.000000
1.742138,1765334345.254061,1765334337,0.000545,0.000208,0.000000,0.000946,0.000000,0.000000,0.000000,-0.344366
1.762134,1765334345.274052,1765334337,0.000545,0.000204,0.000000,0.000039,0.000000,0.000000,0.000000,0.000000
1.782135,1765334345.294053,1765334337,0.000545,0.000204,0.000000,0.000000,0.000000,0.000000,0.000000,-0.344366
1.802127,1765334345.314042,1765334337,0.000545,0.000204,0.000000,0.000446,0.000000,0.000000,-0.688732,0.344366
1.822145,1765334345.334066,1765334337,0.000545,0.000208,0.000000,0.000000,0.000000,0.000000,-0.688732,0.000000
1.842159,1765334345.354087,1765334337,0.000545,0.000208,0.000000,0.000000,0.000000,0.000000,0.000000,0.000000
1.862177,1765334345.374113,1765334337,0.000545,0.000208,0.000000,0.000006,0.000000,0.000000,0.000000,0.000000
1.882200,1765334345.394146,1765334337,0.000545,0.000204,0.000000,-0.000006,0.000000,0.000000,0.000000,0.000000
1.902222,1765334345.414176,1765334337,0.000545,0.000208,0.000000,0.000000,0.000000,0.000000,0.000000,0.000000
1.922228,1765334345.434181,1765334337,0.000545,0.000208,0.000000,0.000000,0.000000,0.000000,-0.688732,-0.344366
1.942246,1765334345.454216,1765334337,0.000545,0.000208,0.000000,0.000000,0.000000,0.000000,0.000000,0.000000
1.962242,1765334345.474195,1765334337,0.000545,0.000208,0.000000,0.000000,0.000000,0.000000,-0.344366,0.000000
1.982260,1765334345.494219,1765334337,0.000545,0.000208,0.000000,0.000000,0.000000,0.000000,-0.688732,0.000000
2.002263,1765334345.514222,1765334337,0.000545,0.000208,0.000000,0.000000,0.000000,0.000000,0.000000,0.000000
2.022198,1765334345.534120,1765334337,0.000545,0.000208,0.000000,0.000000,0.000000,0.000000,0.000000,0.344366
2.042280,1765334345.554276,1765334337,0.000545,0.000208,0.000000,0.000000,0.000000,0.000000,0.000000,-0.344366
2.062288,1765334345.574250,1765334337,0.000545,0.000208,0.000000,0.000000,0.000000,0.000000,0.000000,0.000000
2.082285,1765334345.594229,1765334337,0.000545,0.000208,0.000000,0.000000,0.000000,0.000000,0.000000,0.000000
2.102265,1765334345.614223,1765334337,0.000545,0.000204,0.000000,-0.000935,0.000000,0.000000,0.000000,0.000000
2.122360,1765334345.634358,1765334337,0.000545,0.000208,0.000000,0.000000,0.000000,0.000000,0.000000,0.000000
2.142293,1765334345.654240,1765334337,0.000545,0.000208,0.000000,0.000000,0.000000,0.000000,-0.344366,-0.344366
2.162410,1765334345.674385,1765334337,0.000545,0.000208,0.000000,0.000000,0.000000,0.000000,0.000000,0.000000
2.182340,1765334345.694330,1765334337,0.000545,0.000208,0.000000,0.000000,0.000000,0.000000,0.000000,0.344366
2.202328,1765334345.714319,1765334337,0.000545,0.000208,0.000000,0.000000,0.000000,0.000000,0.000000,0.344366
2.222356,1765334345.734326,1765334337,0.000545,0.000208,0.000000,0.000000,0.000000,0.000000,0.000000,0.344366
2.242392,1765334345.754342,1765334337,0.000545,0.000208,0.000000,0.000000,0.000000,0.000000,0.000000,-0.344366
2.262364,1765334345.774326,1765334337,0.000545,0.000208,0.000000,0.000000,0.000000,0.000000,0.000000,0.000000
2.282370,1765334345.794344,1765334337,0.000545,0.000208,0.000000,0.000000,0.000000,0.000000,0.000000,0.000000
2.302388,1765334345.814338,1765334337,0.000545,0.000208,0.000000,0.000000,0.000000,0.000000,0.000000,-0.344366
2.322413,1765334345.834363,1765334337,0.000545,0.000208,0.000000,0.000000,0.000000,0.000000,0.000000,0.000000
2.342404,1765334345.854354,1765334337,0.000545,0.000208,0.000000,0.000000,0.000000,0.000000,0.000000,0.000000
2.362426,1765334345.874376,1765334337,0.000545,0.000208,0.000000,0.000000,0.000000,0.000000,0.000000,0.000000
2.382444,1765334345.894394,1765334337,0.000545,0.000208,0.000000,0.000000,0.000000,0.000000,0.000000,0.000000
2.402577,1765334345.914575,1765334337,0.000545,0.000208,0.000000,0.000000,0.000000,0.000000,0.000000,0.000000
2.422589,1765334345.934587,1765334337,0.000545,0.000208,0.000000,0.000000,0.000000,0.000000,0.000000,-0.344366
2.442600,1765334345.954583,1765334337,0.000545,0.000208,0.000000,0.000000,0.000000,0.000000,0.000000,0.000000
2.462593,1765334345.974568,1765334337,0.000545,0.000208,0.000000,0.000000,0.000000,0.000000,0.000000,0.344366
2.482589,1765334345.994556,1765334337,0.000545,0.000208,0.000000,0.000000,0.000000,0.000000,0.000000,0.344366
2.502649,1765334346.014646,1765334337,0.000545,0.000208,0.000000,0.000000,0.000000,0.000000,0.000000,0.000000
2.522659,1765334346.034657,1765334337,0.000545,0.000208,0.000000,0.000000,0.000000,0.000000,0.000000,0.000000
2.542630,1765334346.054605,1765334337,0.000545,0.000208,0.000000,0.000000,0.000000,0.000000,0.000000,0.000000
2.562639,1765334346.074614,1765334337,0.000545,0.000208,0.000000,0.000000,0.000000,0.000000,0.000000,0.000000
2.582636,1765334346.094603,1765334337,0.000545,0.000208,0.000000,0.000000,0.000000,0.000000,0.000000,-0.344366
2.602657,1765334346.114631,1765334337,0.000545,0.000208,0.000000,0.000000,0.000000,0.000000,0.000000,0.000000
2.622665,1765334346.134639,1765334337,0.000545,0.000208,0.000000,0.000000,0.000000,0.000000,0.000000,0.000000
2.642675,1765334346.154649,1765334337,0.000545,0.000208,0.000000,0.000000,0.000000,0.000000,0.000000,0.344366
2.662683,1765334346.174657,1765334337,0.000545,0.000208,0.000000,0.000000,0.000000,0.000000,0.000000,0.000000
2.682692,1765334346.194666,1765334337,0.000545,0.000208,0.000000,0.000000,0.000000,0.000000,0.000000,-0.344366
2.702689,1765334346.214655,1765334337,0.000545,0.000208,0.000000,0.000000,0.000000,0.000000,0.000000,-0.344366
2.722750,1765334346.234748,1765334337,0.000545,0.000208,0.000000,0.000000,0.000000,0.000000,0.000000,0.000000
2.742762,1765334346.254759,1765334337,0.000545,0.000208,0.000000,0.000000,0.000000,0.000000,0.000000,-0.344366
2.762774,1765334346.274771,1765334337,0.000545,0.000208,0.000000,0.000000,0.000000,0.000000,0.000000,0.000000
2.782761,1765334346.294745,1765334337,0.000545,0.000208,0.000000,0.000000,0.000000,0.000000,0.000000,0.000000
2.802755,1765334346.314730,1765334337,0.000545,0.000208,0.000000,0.000000,0.000000,0.000000,-0.344366,-0.344366
2.822781,1765334346.334766,1765334337,0.000545,0.000208,0.000000,0.000000,0.000000,0.000000,0.000000,0.000000
2.842815,1765334346.354813,1765334337,0.000545,0.000208,0.000000,0.000000,0.000000,0.000000,0.000000,0.000000
2.862825,1765334346.374822,1765334337,0.000545,0.000208,0.000000,0.000000,0.000000,0.000000,0.000000,0.000000
2.882836,1765334346.394834,1765334337,0.000545,0.000208,0.000000,0.000000,0.000000,0.000000,0.000000,0.000000
2.902848,1765334346.414845,1765334337,0.000545,0.000208,0.000000,0.000000,0.000000,0.000000,0.000000,-0.344366
2.922835,1765334346.434819,1765334337,0.000545,0.000208,0.000000,0.000000,0.000000,0.000000,-0.688732,0.000000
2.942829,1765334346.454803,1765334337,0.000545,0.000208,0.000000,0.000000,0.000000,0.000000,0.000000,-0.344366
2.962774,1765334346.474725,1765334337,0.000545,0.000208,0.000000,0.000000,0.000000,0.000000,0.000000,0.000000
2.982898,1765334346.494896,1765334337,0.000545,0.000208,0.000000,0.000000,0.000000,0.000000,0.000000,-0.344366
3.002908,1765334346.514907,1765334337,0.000545,0.000208,0.000000,0.000000,0.000000,0.000000,0.000000,0.344366
3.022778,1765334346.534696,1765334337,0.000545,0.000208,0.000000,0.000000,0.000000,0.000000,0.000000,0.344366
3.043128,1765334346.555089,1765334337,0.000545,0.000208,0.000000,0.000000,0.000000,0.000000,0.000000,0.000000
3.063101,1765334346.575029,1765334337,0.000545,0.000208,0.000000,0.000000,0.000000,0.000000,0.000000,0.344366
3.083107,1765334346.595030,1765334337,0.000545,0.000208,0.000000,0.000000,0.000000,0.000000,0.000000,-0.344366
3.103101,1765334346.615024,1765334337,0.000545,0.000208,0.000000,0.000000,0.000000,0.000000,0.000000,0.000000
3.123151,1765334346.635093,1765334337,0.000545,0.000208,0.000000,0.000000,0.000000,0.000000,0.000000,0.000000
3.143178,1765334346.655131,1765334337,0.000545,0.000208,0.000000,0.000000,0.000000,0.000000,0.000000,0.000000
3.163204,1765334346.675172,1765334337,0.000545,0.000208,0.000000,0.000000,0.000000,0.000000,0.000000,0.000000
3.183217,1765334346.695184,1765334337,0.000545,0.000208,0.000000,0.000000,0.000000,0.000000,0.000000,0.344366
3.203226,1765334346.715192,1765334337,0.000545,0.000208,0.000000,0.000000,0.000000,0.000000,0.000000,0.000000
3.223218,1765334346.735178,1765334337,0.000545,0.000208,0.000000,0.000000,0.000000,0.000000,0.000000,-0.344366
3.243241,1765334346.755207,1765334337,0.000545,0.000208,0.000000,0.000000,0.000000,0.000000,0.000000,0.000000
3.263248,1765334346.775216,1765334337,0.000545,0.000208,0.000000,0.000000,0.000000,0.000000,0.000000,0.000000
3.283258,1765334346.795224,1765334337,0.000545,0.000208,0.000000,0.000000,0.000000,0.000000,0.000000,0.000000
3.303266,1765334346.815232,1765334337,0.000545,0.000208,0.000000,0.000000,0.000000,0.000000,0.000000,0.000000
3.323272,1765334346.835236,1765334337,0.000545,0.000208,0.000000,0.000000,0.000000,0.000000,0.000000,0.000000
3.343276,1765334346.855236,1765334337,0.000545,0.000208,0.000000,0.000000,0.000000,0.000000,0.000000,-0.344366
3.363288,1765334346.875254,1765334337,0.000545,0.000208,0.000000,0.000000,0.000000,0.000000,0.000000,-0.344366
3.383296,1765334346.895262,1765334337,0.000545,0.000208,0.000000,0.000000,0.000000,0.000000,0.000000,0.000000
3.403305,1765334346.915271,1765334337,0.000545,0.000208,0.000000,0.000000,0.000000,0.000000,0.000000,0.000000
3.423313,1765334346.935314,1765334337,0.000545,0.000208,0.000000,0.000000,0.000000,0.000000,0.000000,0.000000
3.443320,1765334346.955315,1765334337,0.000545,0.000208,0.000000,0.000000,0.000000,0.000000,0.000000,0.000000
3.463329,1765334346.975327,1765334337,0.000545,0.000208,0.000000,0.000000,0.000000,0.000000,0.000000,-0.344366
3.483321,1765334346.995303,1765334337,0.000545,0.000208,0.000000,0.000000,0.000000,0.000000,0.000000,0.000000
3.503343,1765334347.015335,1765334337,0.000545,0.000208,0.000000,0.000000,0.000000,0.000000,0.000000,0.000000
3.523350,1765334347.035353,1765334337,0.000545,0.000208,0.000000,0.000000,0.000000,0.000000,0.000000,0.000000
3.543371,1765334347.055375,1765334337,0.000545,0.000208,0.000000,0.000000,0.000000,0.000000,0.000000,0.000000
3.563368,1765334347.075362,1765334337,0.000545,0.000208,0.000000,0.000000,0.000000,0.000000,0.000000,0.344366
3.583398,1765334347.095366,1765334337,0.000545,0.000208,0.000000,0.000000,0.000000,0.000000,0.000000,0.000000
3.603409,1765334347.115377,1765334337,0.000545,0.000208,0.000000,0.000000,0.000000,0.000000,0.000000,0.000000
3.623423,1765334347.135391,1765334337,0.000545,0.000208,0.000000,0.000000,0.000000,0.000000,0.000000,0.344366
3.643427,1765334347.155395,1765334337,0.000545,0.000208,0.000000,0.000000,0.000000,0.000000,0.000000,0.000000
3.663436,1765334347.175403,1765334337,0.000545,0.000208,0.000000,0.000000,0.000000,0.000000,0.000000,-0.344366
3.683442,1765334347.195409,1765334337,0.000545,0.000208,0.000000,0.000000,0.000000,0.000000,0.000000,0.000000
3.703448,1765334347.215415,1765334337,0.000545,0.000208,0.000000,0.000000,0.000000,0.000000,0.000000,-0.688732
3.723456,1765334347.235423,1765334337,0.000545,0.000208,0.000000,0.000000,0.000000,0.000000,0.000000,0.000000
3.743513,1765334347.255512,1765334337,0.000545,0.000208,0.000000,0.000000,0.000000,0.000000,0.000000,0.000000
3.763497,1765334347.275481,1765334337,0.000545,0.000208,0.000000,0.000000,0.000000,0.000000,0.000000,0.000000
3.783391,1765334347.295319,1765334337,0.000545,0.000208,0.000000,0.000000,0.000000,0.000000,0.000000,0.000000
3.803383,1765334347.315306,1765334337,0.000545,0.000208,0.000000,0.000000,0.000000,0.000000,0.000000,0.000000
3.823399,1765334347.335335,1765334337,0.000545,0.000208,0.000000,0.000000,0.000000,0.000000,0.000000,0.000000
3.843403,1765334347.355343,1765334337,0.000545,0.000208,0.000000,0.000000,0.000000,0.000000,0.000000,0.000000
3.863417,1765334347.375358,1765334337,0.000545,0.000208,0.000000,0.000000,0.000000,0.000000,0.000000,-0.344366
3.883426,1765334347.395365,1765334337,0.000545,0.000208,0.000000,0.000000,0.000000,0.000000,-0.344366,0.344366
3.903438,1765334347.415382,1765334337,0.000545,0.000208,0.000000,0.000000,0.000000,0.000000,0.000000,0.000000
3.923451,1765334347.435401,1765334337,0.000545,0.000208,0.000000,0.000000,0.000000,0.000000,0.000000,-0.344366
3.943457,1765334347.455408,1765334337,0.000545,0.000208,0.000000,0.000000,0.000000,0.000000,0.000000,-0.344366
3.963580,1765334347.475578,1765334337,0.000545,0.000208,0.000000,0.000000,0.000000,0.000000,0.000000,-0.344366
3.983591,1765334347.495589,1765334337,0.000545,0.000208,0.000000,0.000000,0.000000,0.000000,0.000000,0.000000
4.003551,1765334347.515517,1765334337,0.000545,0.000208,0.000000,0.000000,0.000000,0.000000,0.000000,0.000000
4.023611,1765334347.535608,1765334337,0.000545,0.000208,0.000000,0.000000,0.000000,0.000000,0.000000,0.000000
4.043664,1765334347.555702,1765334337,0.000545,0.000208,0.000000,0.000000,0.000000,0.000000,0.000000,-0.344366
4.063509,1765334347.575442,1765334337,0.000545,0.000208,0.000000,0.000000,0.000000,0.000000,0.000000,0.000000
4.083531,1765334347.595474,1765334337,0.000545,0.000208,0.000000,0.000000,0.000000,0.000000,0.000000,-0.344366
4.103580,1765334347.615535,1765334337,0.000545,0.000208,0.000000,0.000000,0.000000,0.000000,0.000000,0.000000
4.123576,1765334347.635536,1765334337,0.000545,0.000208,0.000000,0.000000,0.000000,0.000000,0.000000,0.000000
4.143774,1765334347.655795,1765334337,0.000545,0.000208,0.000000,0.000000,0.000000,0.000000,0.000000,0.000000
4.163638,1765334347.675622,1765334337,0.000545,0.000208,0.000000,0.000000,0.000000,0.000000,0.000000,-0.344366
4.183647,1765334347.695631,1765334337,0.000545,0.000208,0.000000,0.000000,0.000000,0.000000,0.000000,0.000000
4.203657,1765334347.715641,1765334337,0.000545,0.000208,0.000000,0.000000,0.000000,0.000000,0.000000,0.000000
4.223650,1765334347.735626,1765334337,0.000545,0.000208,0.000000,0.000000,0.000000,0.000000,0.000000,0.000000
4.243625,1765334347.755618,1765334337,0.000545,0.000208,0.000000,0.000000,0.000000,0.000000,0.000000,-0.344366
4.263844,1765334347.775842,1765334337,0.000545,0.000208,0.000000,0.000000,0.000000,0.000000,0.000000,0.344366
4.283857,1765334347.795855,1765334337,0.000545,0.000208,0.000000,0.000000,0.000000,0.000000,0.000000,0.344366
4.303868,1765334347.815866,1765334337,0.000545,0.000208,0.000000,0.000000,0.000000,0.000000,-0.344366,0.000000
4.323857,1765334347.835841,1765334337,0.000545,0.000208,0.000000,0.000000,0.000000,0.000000,0.000000,0.000000
4.343866,1765334347.855840,1765334337,0.000545,0.000208,0.000000,0.000000,0.000000,0.000000,0.000000,-0.344366
4.363905,1765334347.875891,1765334337,0.000545,0.000208,0.000000,0.000000,0.000000,0.000000,-0.688732,0.000000
4.383887,1765334347.895872,1765334337,0.000545,0.000208,0.000000,0.000000,0.000000,0.000000,0.000000,-0.344366
4.403897,1765334347.915881,1765334337,0.000545,0.000208,0.000000,0.000000,0.000000,0.000000,0.000000,0.000000
4.423898,1765334347.935883,1765334337,0.000545,0.000208,0.000000,0.000000,0.000000,0.000000,0.000000,0.000000
4.443917,1765334347.955901,1765334337,0.000545,0.000208,0.000000,0.000000,0.000000,0.000000,0.000000,-0.344366
4.463910,1765334347.975885,1765334337,0.000545,0.000208,0.000000,0.000000,0.000000,0.000000,0.000000,0.000000
4.483990,1765334347.995990,1765334337,0.000545,0.000208,0.000000,0.000000,0.000000,0.000000,0.000000,-0.344366
4.503880,1765334348.015825,1765334337,0.000545,0.000208,0.000000,0.000000,0.000000,0.000000,0.000000,0.000000
4.523867,1765334348.035788,1765334337,0.000545,0.000208,0.000000,0.000000,0.000000,0.000000,0.000000,0.344366
4.543865,1765334348.055785,1765334337,0.000545,0.000208,0.000000,0.000000,0.000000,0.000000,0.000000,0.000000
4.563881,1765334348.075808,1765334337,0.000545,0.000208,0.000000,0.000000,0.000000,0.000000,-0.688732,0.000000
4.583903,1765334348.095839,1765334337,0.000545,0.000208,0.000000,0.000000,0.000000,0.000000,0.000000,-0.344366
4.603966,1765334348.115932,1765334337,0.000545,0.000208,0.000000,0.000000,0.000000,0.000000,0.000000,0.000000
4.624062,1765334348.136061,1765334337,0.000545,0.000208,0.000000,0.000000,0.000000,0.000000,0.000000,0.000000
4.644038,1765334348.156036,1765334337,0.000545,0.000208,0.000000,0.000000,0.000000,0.000000,0.000000,-0.344366
4.664028,1765334348.176012,1765334337,0.000545,0.000208,0.000000,0.000000,0.000000,0.000000,0.000000,0.344366
4.684038,1765334348.196014,1765334337,0.000545,0.000208,0.000000,0.000000,0.000000,0.000000,0.000000,-0.344366
4.704030,1765334348.216004,1765334337,0.000545,0.000208,0.000000,0.000000,0.000000,0.000000,0.000000,-0.344366
4.723962,1765334348.235907,1765334337,0.000545,0.000208,0.000000,0.000000,0.000000,0.000000,0.000000,-0.344366
4.744036,1765334348.256003,1765334337,0.000545,0.000208,0.000000,0.000000,0.000000,0.000000,0.000000,0.344366
4.764044,1765334348.276011,1765334337,0.000545,0.000208,0.000000,0.000000,0.000000,0.000000,0.000000,0.000000
4.784052,1765334348.296018,1765334337,0.000545,0.000208,0.000000,0.000000,0.000000,0.000000,0.000000,0.000000
4.804062,1765334348.316029,1765334337,0.000545,0.000208,0.000000,0.000000,0.000000,0.000000,0.000000,0.000000
4.824069,1765334348.336036,1765334337,0.000545,0.000208,0.000000,0.000000,0.000000,0.000000,0.000000,-0.344366
4.844077,1765334348.356043,1765334337,0.000545,0.000208,0.000000,0.000000,0.000000,0.000000,0.000000,0.000000
4.864097,1765334348.376069,1765334337,0.000545,0.000208,0.000000,0.000000,0.000000,0.000000,-0.344366,0.000000
4.884059,1765334348.396003,1765334337,0.000545,0.000208,0.000000,0.000000,0.000000,0.000000,0.000000,0.000000
4.904153,1765334348.416157,1765334337,0.000545,0.000208,0.000000,0.000000,0.000000,0.000000,0.000000,0.000000
4.924142,1765334348.436126,1765334337,0.000545,0.000208,0.000000,0.000000,0.000000,0.000000,0.000000,0.000000
4.944173,1765334348.456171,1765334337,0.000545,0.000208,0.000000,0.000000,0.000000,0.000000,0.000000,0.000000
4.964072,1765334348.476023,1765334337,0.000545,0.000208,0.000000,0.000000,0.000000,0.000000,0.000000,0.000000
4.984171,1765334348.496156,1765334337,0.000545,0.000208,0.000000,0.000000,0.000000,0.000000,0.000000,0.344366
5.004172,1765334348.516145,1765334337,0.000545,0.000208,0.000000,0.000000,0.000000,0.000000,0.000000,0.000000
5.024191,1765334348.536175,1765334337,0.000545,0.000208,0.000000,0.000000,0.000000,0.000000,0.000000,0.000000
5.044147,1765334348.556130,1765334337,0.000545,0.000208,0.000000,0.000000,0.000000,0.000000,0.000000,0.000000
5.064867,1765334348.576795,1765334337,0.000545,0.000208,0.000000,0.000000,0.000000,0.000000,0.000000,0.000000
5.084888,1765334348.596826,1765334337,0.000545,0.000208,0.000000,0.000000,0.000000,0.000000,0.000000,0.344366
5.104908,1765334348.616853,1765334337,0.000545,0.000208,0.000000,-0.000139,0.000000,0.000000,0.000000,-0.344366
5.124941,1765334348.636900,1765334337,0.000545,0.000208,0.000000,0.000000,0.000000,0.000000,0.000000,0.000000
5.145006,1765334348.656981,1765334337,0.000545,0.000208,0.000000,0.000000,0.000000,0.000000,0.000000,0.000000
5.165025,1765334348.677022,1765334337,0.000545,0.000208,0.000000,0.000000,0.000000,0.000000,0.000000,0.000000
5.185037,1765334348.697035,1765334337,0.000545,0.000208,0.000000,0.000000,0.000000,0.000000,0.000000,0.000000
5.205026,1765334348.717010,1765334337,0.000545,0.000208,0.000000,0.000000,0.000000,0.000000,0.000000,0.000000
5.225035,1765334348.737018,1765334337,0.000545,0.000208,0.000000,0.000000,0.000000,0.000000,0.000000,0.000000
5.245028,1765334348.757002,1765334337,0.000545,0.000208,0.000000,-0.000935,0.000000,0.000000,0.000000,0.000000
5.265038,1765334348.777011,1765334337,0.000545,0.000208,0.000000,0.000000,0.000000,0.000000,0.000000,0.000000
5.285046,1765334348.797020,1765334337,0.000545,0.000208,0.000000,-0.000003,0.000000,0.000000,0.000000,0.344366
5.304988,1765334348.816946,1765334337,0.000545,0.000208,0.000000,0.000000,0.000000,0.000000,0.000000,0.000000
5.324996,1765334348.836954,1765334337,0.000545,0.000208,0.000000,0.000000,0.000000,0.000000,-0.344366,0.000000
5.345094,1765334348.857053,1765334337,0.000545,0.000208,0.000000,-0.000935,0.000000,0.000000,0.000000,-0.344366
5.365035,1765334348.877029,1765334337,0.000545,0.000208,0.000000,0.000000,0.000000,0.000000,0.000000,0.000000
5.385054,1765334348.897042,1765334337,0.000545,0.000208,0.000000,0.000000,0.000000,0.000000,0.000000,0.000000
5.405193,1765334348.917179,1765334337,0.000545,0.000208,0.000000,0.000000,0.000000,0.000000,0.000000,0.344366
5.425188,1765334348.937185,1765334337,0.000545,0.000212,0.000000,0.000461,0.000000,0.000000,0.000000,0.344366
5.445176,1765334348.957160,1765334337,0.000545,0.000208,0.000000,0.000000,0.000000,0.000000,0.000000,0.000000
5.465103,1765334348.977052,1765334337,0.000545,0.000208,0.000000,0.000000,0.000000,0.000000,0.000000,0.000000
5.485114,1765334348.997072,1765334337,0.000545,0.000208,0.000000,0.000000,0.000000,0.000000,0.000000,-0.344366
5.505176,1765334349.017135,1765334337,0.000545,0.000208,0.000000,0.000000,0.000000,0.000000,0.000000,0.000000
5.525198,1765334349.037148,1765334337,0.000545,0.000208,0.000000,-0.000907,0.000000,0.000000,0.000000,0.000000
5.545238,1765334349.057197,1765334337,0.000545,0.000208,0.000000,0.000000,0.000000,0.000000,0.000000,0.344366
5.565188,1765334349.077127,1765334337,0.000545,0.000208,0.000000,-0.000925,0.000000,0.000000,0.000000,0.000000
5.585202,1765334349.097142,1765334337,0.000545,0.000208,0.000000,0.000000,0.000000,0.000000,-0.688732,0.000000
5.605213,1765334349.117157,1765334337,0.000545,0.000208,0.000000,0.000000,0.000000,0.000000,0.000000,-0.344366
5.625221,1765334349.137164,1765334337,0.000545,0.000208,0.000000,0.000000,0.000000,0.000000,0.000000,0.000000
5.645233,1765334349.157184,1765334337,0.000545,0.000212,0.000000,0.000945,0.000000,0.000000,0.000000,0.344366
5.665369,1765334349.177381,1765334337,0.000545,0.000208,0.000000,0.000000,0.000000,0.000000,0.000000,0.000000
5.685266,1765334349.197248,1765334337,0.000545,0.000208,0.000000,-0.000140,0.000000,0.000000,0.000000,0.000000
5.705320,1765334349.217305,1765334337,0.000545,0.000208,0.000000,0.000000,0.000000,0.000000,0.000000,0.000000
5.725317,1765334349.237267,1765334337,0.000545,0.000208,0.000000,-0.000945,0.000000,0.000000,0.000000,0.000000
5.745319,1765334349.257264,1765334337,0.000545,0.000212,0.000000,-0.000440,0.000000,0.000000,0.000000,0.000000
5.765324,1765334349.277268,1765334337,0.000545,0.000208,0.000000,0.000000,0.000000,0.000000,0.000000,0.000000
5.785340,1765334349.297295,1765334337,0.000545,0.000208,0.000000,0.000000,0.000000,0.000000,0.000000,0.000000
5.805347,1765334349.317302,1765334337,0.000545,0.000208,0.000000,0.000000,0.000000,0.000000,0.000000,0.000000
5.825354,1765334349.337328,1765334337,0.000545,0.000208,0.000000,0.000000,0.000000,0.000000,0.000000,-0.344366
5.845365,1765334349.357329,1765334337,0.000545,0.000212,0.000000,-0.000608,0.000000,0.000000,0.000000,0.000000
5.865383,1765334349.377334,1765334337,0.000545,0.000208,0.000000,0.000000,0.000000,0.000000,0.000000,0.000000
5.885391,1765334349.397341,1765334337,0.000545,0.000208,0.000000,-0.000935,0.000000,0.000000,0.000000,0.000000
5.905402,1765334349.417352,1765334337,0.000545,0.000208,0.000000,-0.000925,0.000000,0.000000,0.000000,0.000000
5.925580,1765334349.437580,1765334337,0.000545,0.000208,0.000000,-0.000500,0.000000,0.000000,0.000000,-0.344366
5.945446,1765334349.457409,1765334337,0.000545,0.000208,0.000000,0.000872,0.000000,0.000000,0.000000,0.344366
5.965565,1765334349.477563,1765334337,0.000545,0.000208,0.000000,0.000039,0.000000,0.000000,0.000000,0.000000
5.985540,1765334349.497524,1765334337,0.000545,0.000212,0.000000,0.000946,0.000000,0.000000,0.000000,-0.344366
6.005484,1765334349.517442,1765334337,0.000545,0.000208,0.000000,0.000000,0.000000,0.000000,-0.688732,0.000000
6.025498,1765334349.537458,1765334337,0.000545,0.000212,0.000000,0.000946,0.000000,0.000000,0.000000,-0.344366
6.045458,1765334349.557375,1765334337,0.000545,0.000212,0.000000,0.000946,0.000000,0.000000,0.000000,-0.344366
6.065539,1765334349.577472,1765334337,0.000545,0.000212,0.000000,0.000946,0.000000,0.000000,0.000000,0.000000
6.085596,1765334349.597555,1765334337,0.000545,0.000212,0.000000,0.000140,0.000000,0.000000,0.000000,0.000000
6.105591,1765334349.617545,1765334337,0.000545,0.000212,0.000000,0.000500,0.000000,0.000000,0.000000,0.344366
6.125625,1765334349.637592,1765334337,0.000545,0.000212,0.000000,0.000500,0.000000,0.000000,0.000000,-0.344366
6.145632,1765334349.657600,1765334337,0.000545,0.000212,0.000000,-0.000608,0.000000,0.000000,0.000000,0.000000
6.165653,1765334349.677627,1765334337,0.000545,0.000208,0.000000,-0.000867,0.000000,0.000000,0.000000,0.000000
6.185690,1765334349.697667,1765334337,0.000545,0.000212,0.000000,-0.000767,0.000000,0.000000,0.000000,0.000000
6.205673,1765334349.717646,1765334337,0.000545,0.000212,0.000000,0.000946,0.000000,0.000000,0.000000,0.000000
6.225679,1765334349.737653,1765334337,0.000545,0.000212,0.000000,0.000946,0.000000,0.000000,0.000000,0.000000
6.245710,1765334349.757693,1765334337,0.000545,0.000212,0.000000,0.000940,0.000000,0.000000,0.000000,0.000000
6.265719,1765334349.777703,1765334337,0.000545,0.000212,0.000000,0.000934,0.000000,0.000000,0.000000,0.000000
6.285730,1765334349.797714,1765334337,0.000545,0.000212,0.000000,0.000264,0.000000,0.000000,0.000000,-0.344366
6.305724,1765334349.817698,1765334337,0.000545,0.000208,0.000000,-0.000861,0.000000,0.000000,-0.688732,0.000000
6.325733,1765334349.837706,1765334337,0.000545,0.000212,0.000000,0.000140,0.000000,0.000000,0.000000,0.000000
6.345780,1765334349.857778,1765334337,0.000545,0.000212,0.000000,0.000039,0.000000,0.000000,0.000000,0.000000
6.365792,1765334349.877789,1765334337,0.000545,0.000212,0.000000,0.000944,0.000000,0.000000,0.000000,0.000000
6.385782,1765334349.897766,1765334337,0.000545,0.000212,0.000000,0.000946,0.000000,0.000000,0.000000,0.344366
6.405792,1765334349.917775,1765334337,0.000545,0.000212,0.000000,0.000929,0.000000,0.000000,0.000000,0.000000
6.425785,1765334349.937759,1765334337,0.000545,0.000208,0.000000,-0.000140,0.000000,0.000000,0.000000,0.000000
6.445904,1765334349.957872,1765334337,0.000545,0.000212,0.000000,0.000000,0.000000,0.000000,0.000000,-0.344366
6.465776,1765334349.977736,1765334337,0.000545,0.000208,0.000000,-0.000872,0.000000,0.000000,0.000000,0.000000
6.485798,1765334349.997764,1765334337,0.000545,0.000212,0.000000,0.000000,0.000000,0.000000,0.000000,-0.344366
6.505818,1765334350.017792,1765334337,0.000545,0.000212,0.000000,0.000944,0.000000,0.000000,0.000000,0.344366
6.525828,1765334350.037802,1765334337,0.000545,0.000212,0.000000,0.000500,0.000000,0.000000,0.000000,0.000000
6.545876,1765334350.057873,1765334337,0.000545,0.000212,0.000000,0.000000,0.000000,0.000000,0.000000,0.000000
6.565865,1765334350.077850,1765334337,0.000545,0.000208,0.000000,-0.000925,0.000000,0.000000,0.000000,-0.344366
6.585898,1765334350.097896,1765334337,0.000545,0.000212,0.000000,0.000140,0.000000,0.000000,0.000000,0.000000
6.605909,1765334350.117907,1765334337,0.000545,0.000212,0.000000,0.000074,0.000000,0.000000,0.000000,0.000000
6.625897,1765334350.137881,1765334337,0.000545,0.000212,0.000000,0.000946,0.000000,0.000000,0.000000,0.344366
6.645891,1765334350.157865,1765334337,0.000545,0.000212,0.000000,0.000140,0.000000,0.000000,0.000000,-0.344366
6.665900,1765334350.177874,1765334337,0.000545,0.000212,0.000000,0.000000,0.000000,0.000000,-0.688732,0.000000
6.685926,1765334350.197909,1765334337,0.000545,0.000212,0.000000,0.000940,0.000000,0.000000,0.000000,0.000000
6.705946,1765334350.217923,1765334337,0.000545,0.000212,0.000000,0.000608,0.000000,0.000000,0.000000,0.000000
6.725928,1765334350.237902,1765334337,0.000545,0.000208,0.000000,-0.000946,0.000000,0.000000,0.000000,0.000000
6.745937,1765334350.257911,1765334337,0.000545,0.000212,0.000000,-0.000074,0.000000,0.000000,0.000000,0.344366
6.765946,1765334350.277919,1765334337,0.000545,0.000212,0.000000,0.000000,0.000000,0.000000,0.000000,0.000000
6.785955,1765334350.297928,1765334337,0.000545,0.000212,0.000000,0.000000,0.000000,0.000000,0.000000,0.000000
6.806002,1765334350.317998,1765334337,0.000545,0.000212,0.000000,0.000944,0.000000,0.000000,0.000000,0.000000
6.825991,1765334350.337975,1765334337,0.000545,0.000212,0.000000,-0.000002,0.000000,0.000000,0.000000,0.000000
6.845984,1765334350.357958,1765334337,0.000545,0.000212,0.000000,-0.000039,0.000000,0.000000,0.000000,0.000000
6.866033,1765334350.378031,1765334337,0.000545,0.000212,0.000000,0.000000,0.000000,0.000000,0.000000,-0.344366
6.886045,1765334350.398042,1765334337,0.000545,0.000212,0.000000,-0.000140,0.000000,0.000000,0.000000,0.000000
6.906056,1765334350.418053,1765334337,0.000545,0.000212,0.000000,0.000001,0.000000,0.000000,0.000000,-0.344366
6.926067,1765334350.438064,1765334337,0.000545,0.000212,0.000000,0.000500,0.000000,0.000000,0.000000,0.000000
6.946039,1765334350.458013,1765334337,0.000545,0.000212,0.000000,0.000000,0.000000,0.000000,0.000000,0.000000
6.966078,1765334350.478054,1765334337,0.000545,0.000212,0.000000,0.000000,0.000000,0.000000,0.000000,0.000000
6.986097,1765334350.498094,1765334337,0.000545,0.000212,0.000000,0.000000,0.000000,0.000000,-0.688732,0.000000
7.006086,1765334350.518070,1765334337,0.000545,0.000208,0.000000,-0.000925,0.000000,0.000000,0.000000,0.344366
7.026096,1765334350.538080,1765334337,0.000545,0.000208,0.000000,-0.000946,0.000000,0.000000,0.000000,-0.344366
7.046045,1765334350.558026,1765334337,0.000545,0.000212,0.000000,0.000000,0.000000,0.000000,0.000000,0.000000
7.065999,1765334350.577923,1765334337,0.000545,0.000212,0.000000,0.000000,0.000000,0.000000,0.000000,0.000000
7.086020,1765334350.597954,1765334337,0.000545,0.000212,0.000000,0.000000,0.000000,0.000000,0.000000,0.000000
7.106040,1765334350.617983,1765334337,0.000545,0.000212,0.000000,0.000000,0.000000,0.000000,0.000000,0.000000
7.126069,1765334350.638037,1765334337,0.000545,0.000212,0.000000,0.000036,0.000000,0.000000,0.000000,0.000000
7.146085,1765334350.658045,1765334337,0.000545,0.000212,0.000000,0.000000,0.000000,0.000000,0.000000,0.344366
7.166159,1765334350.678157,1765334337,0.000545,0.000212,0.000000,0.000000,0.000000,0.000000,0.000000,0.344366
7.186148,1765334350.698132,1765334337,0.000545,0.000212,0.000000,-0.000074,0.000000,0.000000,0.000000,0.000000
7.206141,1765334350.718115,1765334337,0.000545,0.000212,0.000000,0.000000,0.000000,0.000000,0.000000,0.344366
7.226175,1765334350.738152,1765334337,0.000545,0.000212,0.000000,0.000000,0.000000,0.000000,0.000000,0.344366
7.246159,1765334350.758133,1765334337,0.000545,0.000212,0.000000,0.000935,0.000000,0.000000,0.000000,-0.344366
7.266156,1765334350.778123,1765334337,0.000545,0.000212,0.000000,0.000924,0.000000,0.000000,0.000000,0.000000
0.041264,1765334403.880526,1765334337,0.321866,0.003028,0.000000,0.000000,0.000000,0.000000,0.344366,0.000000
0.061978,1765334403.901301,1765334337,0.321866,0.003028,0.000000,0.000000,0.000000,0.000000,1.033098,0.000000
0.081936,1765334403.921213,1765334337,0.321866,0.003028,0.000000,0.000000,0.000000,0.000000,0.344366,0.000000
0.101929,1765334403.941192,1765334337,0.321866,0.003028,0.000000,0.000000,0.000000,0.000000,1.033098,0.000000
0.121935,1765334403.961206,1765334337,0.321866,0.003028,0.000000,0.000000,0.000000,0.000000,0.344366,0.000000
0.141956,1765334403.981238,1765334337,0.321866,0.003028,0.000000,0.000000,0.000000,0.000000,1.033098,0.000000
0.161969,1765334404.001255,1765334337,0.321866,0.003028,0.000000,0.000000,0.000000,0.000000,1.033098,0.000000
0.181984,1765334404.021276,1765334337,0.321866,0.003028,0.000000,0.000000,0.000000,0.000000,0.344366,0.000000
0.202006,1765334404.041327,1765334337,0.321866,0.003028,0.000000,0.000946,0.000000,0.000000,0.000000,0.000000
0.222024,1765334404.061347,1765334337,0.321866,0.003028,0.000000,0.000925,0.000000,0.000000,0.000000,-0.688732
0.242019,1765334404.081337,1765334337,0.321866,0.003024,0.000000,-0.000003,0.000000,0.000000,0.000000,0.000000
0.262025,1765334404.101344,1765334337,0.321866,0.003028,0.000000,-0.000682,0.000000,0.000000,0.000000,0.000000
0.282067,1765334404.121373,1765334337,0.321866,0.003028,0.000000,0.000944,0.000000,0.000000,0.344366,0.000000
0.302073,1765334404.141379,1765334337,0.321866,0.003028,0.000000,0.000925,0.000000,0.000000,0.000000,0.000000
0.322080,1765334404.161386,1765334337,0.321866,0.003024,0.000000,-0.000074,0.000000,0.000000,0.000000,0.000000
0.342088,1765334404.181394,1765334337,0.321866,0.003024,0.000000,-0.000946,0.000000,0.000000,0.344366,0.000000
0.362117,1765334404.201425,1765334337,0.321866,0.003024,0.000000,-0.000306,0.000000,0.000000,0.000000,0.000000
0.382101,1765334404.221407,1765334337,0.321866,0.003028,0.000000,0.000935,0.000000,0.000000,-0.688732,0.000000
0.402127,1765334404.241434,1765334337,0.321866,0.003024,0.000000,-0.000000,0.000000,0.000000,0.000000,0.000000
0.422114,1765334404.261420,1765334337,0.321866,0.003024,0.000000,-0.000500,0.000000,0.000000,0.000000,0.344366
0.442140,1765334404.281453,1765334337,0.321866,0.003024,0.000000,0.000000,0.000000,0.000000,0.344366,0.000000
0.462063,1765334404.301352,1765334337,0.321866,0.003024,0.000786,0.000000,0.000000,0.000000,0.000000,0.000000
0.482207,1765334404.321551,1765334337,0.321866,0.003024,0.000000,-0.000946,0.000000,0.000000,0.000000,0.000000
0.502233,1765334404.341577,1765334337,0.321866,0.003024,0.000000,-0.000907,0.000000,0.000000,0.000000,0.000000
0.522207,1765334404.361526,1765334337,0.321866,0.003028,0.000000,0.000946,0.000000,0.000000,0.000000,0.000000
0.542216,1765334404.381536,1765334337,0.321866,0.003024,0.000000,-0.000003,0.000000,0.000000,0.000000,0.000000
0.562224,1765334404.401536,1765334337,0.321866,0.003024,0.000000,-0.000946,0.000000,0.000000,0.000000,0.000000
0.582234,1765334404.421554,1765334337,0.321866,0.003024,0.000000,-0.000872,0.000000,0.000000,0.000000,0.000000
0.602242,1765334404.441562,1765334337,0.321866,0.003028,0.000000,0.000500,0.000000,0.000000,0.344366,0.000000
0.622281,1765334404.461603,1765334337,0.321866,0.003028,-0.000018,0.000806,0.000000,0.000000,0.000000,0.000000
0.642261,1765334404.481581,1765334337,0.321866,0.003024,0.000000,-0.000074,0.000000,0.000000,0.688732,0.000000
0.662269,1765334404.501589,1765334337,0.321866,0.003024,0.000500,-0.000943,0.000000,0.000000,0.000000,0.000000
0.682280,1765334404.521600,1765334337,0.321866,0.003028,0.000000,0.000946,0.000000,0.000000,0.344366,0.000000
0.702289,1765334404.541609,1765334337,0.321866,0.003024,0.000000,-0.000011,0.000000,0.000000,0.000000,-0.344366
0.722297,1765334404.561618,1765334337,0.321866,0.003024,0.000000,-0.000946,0.000000,0.000000,0.000000,0.000000
0.742305,1765334404.581625,1765334337,0.321866,0.003028,0.000039,-0.000417,0.000000,0.000000,-0.688732,0.000000
0.762303,1765334404.601615,1765334337,0.321866,0.003028,0.000000,0.000925,0.000000,0.000000,0.344366,0.000000
0.782317,1765334404.621629,1765334337,0.321866,0.003024,0.000000,-0.000140,0.000000,0.000000,0.000000,0.000000
0.802331,1765334404.641651,1765334337,0.321866,0.003028,0.000000,0.000000,0.000000,0.000000,0.344366,0.000000
0.822340,1765334404.661660,1765334337,0.321866,0.003024,0.000000,-0.000140,0.000000,0.000000,0.000000,0.000000
0.842349,1765334404.681670,1765334337,0.321866,0.003024,0.000000,-0.000140,0.000000,0.000000,0.344366,0.000000
0.862358,1765334404.701678,1765334337,0.321866,0.003024,0.000225,-0.000915,0.000000,0.000000,0.344366,0.000000
0.882394,1765334404.721716,1765334337,0.321866,0.003028,0.000000,0.000264,0.000000,0.000000,0.344366,0.000000
0.902376,1765334404.741696,1765334337,0.321866,0.003024,0.000000,0.000676,0.000000,0.000000,0.344366,0.000000
0.922385,1765334404.761705,1765334337,0.321866,0.003028,0.000000,0.000001,0.000000,0.000000,0.000000,0.000000
0.942394,1765334404.781715,1765334337,0.321866,0.003024,0.000000,-0.000946,0.000000,0.000000,0.344366,0.000000
0.962404,1765334404.801724,1765334337,0.321866,0.003024,0.000000,-0.000940,0.000000,0.000000,0.000000,0.000000
0.982405,1765334404.821717,1765334337,0.321866,0.003028,0.000000,0.000944,0.000000,0.000000,0.344366,0.000000
1.002408,1765334404.841721,1765334337,0.321866,0.003028,0.000000,0.000946,0.000000,0.000000,0.344366,0.000000
1.022417,1765334404.861728,1765334337,0.321866,0.003028,0.000000,0.000915,0.000000,0.000000,0.344366,0.000000
1.042477,1765334404.881821,1765334337,0.321866,0.003024,0.000000,-0.000946,0.000000,0.000000,0.000000,0.000000
1.062370,1765334404.901651,1765334337,0.321866,0.003024,0.000000,0.000682,0.000000,0.000000,0.688732,0.000000
1.082393,1765334404.921685,1765334337,0.321866,0.003024,0.000000,-0.000937,0.000000,0.000000,0.000000,0.000000
1.102406,1765334404.941702,1765334337,0.321866,0.003028,0.000946,0.000074,0.000000,0.000000,0.344366,0.000000
1.122435,1765334404.961740,1765334337,0.321866,0.003024,0.000000,-0.000039,0.000000,0.000000,0.000000,0.000000
1.142474,1765334404.981789,1765334337,0.321866,0.003024,0.000000,-0.000946,0.000000,0.000000,0.344366,0.000000
1.162478,1765334405.001798,1765334337,0.321866,0.003028,0.000000,0.000074,0.000000,0.000000,0.000000,0.000000
1.182486,1765334405.021806,1765334337,0.321866,0.003028,0.000000,0.000054,0.000000,0.000000,0.000000,0.000000
1.202495,1765334405.041814,1765334337,0.321866,0.003028,0.000000,0.000925,0.000000,0.000000,-0.688732,0.000000
1.222504,1765334405.061825,1765334337,0.321866,0.003024,0.000000,0.000680,0.000000,0.000000,0.000000,0.000000
1.242513,1765334405.081835,1765334337,0.321866,0.003024,0.000000,-0.000074,0.000000,0.000000,0.344366,0.000000
1.262522,1765334405.101842,1765334337,0.321866,0.003024,0.000000,-0.000945,0.000000,0.000000,0.000000,0.000000
1.282531,1765334405.121851,1765334337,0.321866,0.003024,0.000000,-0.000901,0.000000,0.000000,0.344366,0.000000
1.302514,1765334405.141819,1765334337,0.321866,0.003028,0.000000,0.000946,0.000000,0.000000,-0.688732,0.000000
1.322521,1765334405.161825,1765334337,0.321866,0.003024,0.000000,-0.000039,0.000000,0.000000,0.344366,0.000000
1.342543,1765334405.181856,1765334337,0.321866,0.003024,0.000000,-0.000934,0.000000,0.000000,0.344366,0.000000
1.362551,1765334405.201865,1765334337,0.321866,0.003028,0.000011,0.000500,0.000000,0.000000,0.000000,0.000000
1.382571,1765334405.221890,1765334337,0.321866,0.003024,0.000000,-0.000006,0.000000,0.000000,0.000000,0.000000
1.402609,1765334405.241932,1765334337,0.321866,0.003024,0.000000,-0.000925,0.000000,0.000000,0.000000,0.000000
1.422563,1765334405.261868,1765334337,0.321866,0.003028,0.000003,0.000500,0.000000,0.000000,0.000000,0.000000
1.442585,1765334405.281898,1765334337,0.321866,0.003028,0.000000,0.000944,0.000000,0.000000,0.000000,0.000000
1.462592,1765334405.301905,1765334337,0.321866,0.003024,0.000001,-0.000074,0.000000,0.000000,0.344366,0.000000
1.482601,1765334405.321914,1765334337,0.321866,0.003024,0.000000,-0.000945,0.000000,0.000000,0.344366,0.000000
1.502622,1765334405.341941,1765334337,0.321866,0.003028,0.000000,0.000140,0.000000,0.000000,0.000000,0.000000
1.522630,1765334405.361945,1765334337,0.321866,0.003028,0.000786,0.000264,0.000000,0.000000,0.000000,0.000000
1.542612,1765334405.381917,1765334337,0.321866,0.003028,0.000000,0.000000,0.000000,0.000000,0.000000,-0.688732
1.562634,1765334405.401946,1765334337,0.321866,0.003024,0.000003,-0.000039,0.000000,0.000000,0.000000,0.000000
1.582642,1765334405.421954,1765334337,0.321866,0.003024,-0.000038,-0.000935,0.000000,0.000000,0.344366,0.000000
1.602661,1765334405.441982,1765334337,0.321866,0.003028,0.000000,-0.000676,0.000000,0.000000,0.000000,0.000000
1.622671,1765334405.461992,1765334337,0.321866,0.003028,-0.000499,0.000940,0.000000,0.000000,0.000000,0.000000
1.642680,1765334405.481999,1765334337,0.321866,0.003024,0.000010,-0.000945,0.000000,0.000000,0.344366,0.000000
1.662701,1765334405.502015,1765334337,0.321862,0.003024,-0.000682,-0.000944,0.000000,0.000000,0.000000,0.000000
1.682684,1765334405.521997,1765334337,0.321866,0.003028,0.000000,0.000925,0.000000,0.000000,0.000000,0.000000
1.702693,1765334405.542006,1765334337,0.321866,0.003024,0.000000,-0.000001,0.000000,0.000000,0.344366,0.000000
1.722702,1765334405.562014,1765334337,0.321866,0.003028,0.000000,0.000935,0.000000,0.000000,0.344366,0.000000
1.742722,1765334405.582042,1765334337,0.321866,0.003024,0.000000,-0.000946,0.000000,0.000000,0.000000,-0.688732
1.762730,1765334405.602049,1765334337,0.321866,0.003024,0.000943,0.000011,0.000000,0.000000,0.000000,0.000000
1.782728,1765334405.622040,1765334337,0.321866,0.003028,0.000000,0.000946,0.000000,0.000000,0.000000,0.000000
1.802749,1765334405.642069,1765334337,0.321866,0.003028,0.000000,0.000806,0.000000,0.000000,0.344366,0.000000
1.822758,1765334405.662077,1765334337,0.321866,0.003024,0.000020,0.000440,0.000000,0.000000,0.344366,0.000000
1.842765,1765334405.682085,1765334337,0.321866,0.003024,0.000000,-0.000925,0.000000,0.000000,-0.688732,0.000000
1.862774,1765334405.702094,1765334337,0.321866,0.003024,0.000000,-0.000833,0.000000,0.000000,0.344366,0.000000
1.882784,1765334405.722104,1765334337,0.321866,0.003028,0.000000,0.000872,0.000000,0.000000,0.344366,0.000000
1.902793,1765334405.742112,1765334337,0.321866,0.003024,0.000000,-0.000039,0.000000,0.000000,0.344366,0.000000
1.922830,1765334405.762152,1765334337,0.321866,0.003024,0.000000,-0.000946,0.000000,0.000000,0.344366,0.000000
1.942810,1765334405.782130,1765334337,0.321866,0.003028,0.000000,0.000074,0.000000,0.000000,0.000000,0.000000
1.962819,1765334405.802138,1765334337,0.321866,0.003028,0.000000,0.000906,0.000000,0.000000,0.344366,0.000000
1.982800,1765334405.822106,1765334337,0.321862,0.003024,-0.000499,-0.000140,0.000000,0.000000,0.000000,0.000000
2.002824,1765334405.842136,1765334337,0.321866,0.003024,0.000000,-0.000946,0.000000,0.000000,0.344366,0.000000
2.022832,1765334405.862145,1765334337,0.321862,0.003028,-0.000682,0.000001,0.000000,0.000000,0.000000,0.000000
2.042739,1765334405.882001,1765334337,0.321866,0.003028,0.000000,0.000896,0.000000,0.000000,0.000000,0.000000
2.062752,1765334405.902017,1765334337,0.321866,0.003024,0.000000,-0.000946,0.000000,0.000000,-0.688732,0.000000
2.082770,1765334405.922044,1765334337,0.321866,0.003028,0.000000,0.000000,0.000000,0.000000,0.000000,-0.344366
2.102792,1765334405.942075,1765334337,0.321866,0.003024,0.000000,-0.000907,0.000000,0.000000,0.000000,-0.688732
2.122812,1765334405.962103,1765334337,0.321866,0.003028,-0.000036,0.000943,0.000000,0.000000,0.000000,0.000000
2.142844,1765334405.982150,1765334337,0.321866,0.003024,0.000011,-0.000943,0.000000,0.000000,0.000000,0.000000
2.162839,1765334406.002137,1765334337,0.321866,0.003024,0.000000,-0.000942,0.000000,0.000000,0.000000,0.000000
2.182875,1765334406.022176,1765334337,0.321866,0.003028,0.000000,0.000140,0.000000,0.000000,0.000000,0.000000
2.202874,1765334406.042189,1765334337,0.321866,0.003028,0.000000,0.000946,0.000000,0.000000,0.000000,0.000000
2.222872,1765334406.062177,1765334337,0.321866,0.003028,0.000000,0.000907,0.000000,0.000000,1.377463,0.000000
2.242879,1765334406.082184,1765334337,0.321866,0.003024,0.000000,-0.000006,0.000000,0.000000,0.000000,0.000000
2.262886,1765334406.102192,1765334337,0.321866,0.003024,0.000000,-0.000140,0.000000,0.000000,0.344366,0.000000
2.282909,1765334406.122221,1765334337,0.321866,0.003024,0.000000,-0.000852,0.000000,0.000000,0.000000,0.000000
2.302903,1765334406.142209,1765334337,0.321866,0.003028,0.000000,0.000500,0.000000,0.000000,0.000000,0.000000
2.322898,1765334406.162197,1765334337,0.321866,0.003024,0.000000,-0.000006,0.000000,0.000000,0.000000,0.000000
2.342913,1765334406.182212,1765334337,0.321866,0.003024,0.000000,-0.000946,0.000000,0.000000,0.344366,0.000000
2.362930,1765334406.202236,1765334337,0.321866,0.003024,0.000000,-0.000946,0.000000,0.000000,0.000000,0.000000
2.382930,1765334406.222236,1765334337,0.321866,0.003024,0.000000,0.000011,0.000000,0.000000,0.344366,0.000000
2.402967,1765334406.242323,1765334337,0.321866,0.003028,0.000800,0.000946,0.000000,0.000000,0.000000,-0.344366
2.422961,1765334406.262274,1765334337,0.321866,0.003028,-0.000129,0.000946,0.000000,0.000000,0.000000,0.000000
2.442997,1765334406.282339,1765334337,0.321866,0.003024,0.000000,-0.000003,0.000000,0.000000,0.000000,0.000000
2.462962,1765334406.302267,1765334337,0.321866,0.003024,0.000000,0.000000,0.000000,0.000000,0.000000,0.000000
2.482985,1765334406.322328,1765334337,0.321866,0.003024,0.000000,0.000000,0.000000,0.000000,0.000000,0.000000
2.502993,1765334406.342336,1765334337,0.321866,0.003024,0.000074,-0.000011,0.000000,0.000000,0.000000,0.000000
2.523000,1765334406.362341,1765334337,0.321866,0.003028,0.000000,0.000940,0.000000,0.000000,0.000000,0.000000
2.543008,1765334406.382349,1765334337,0.321866,0.003028,0.000000,0.000896,0.000000,0.000000,0.000000,0.000000
2.563015,1765334406.402360,1765334337,0.321866,0.003024,0.000000,-0.000925,0.000000,0.000000,0.000000,0.000000
2.583007,1765334406.422337,1765334337,0.321866,0.003028,0.000000,0.000264,0.000000,0.000000,0.344366,0.000000
2.603015,1765334406.442344,1765334337,0.321866,0.003028,0.000000,0.000935,0.000000,0.000000,0.000000,0.000000
2.623064,1765334406.462379,1765334337,0.321866,0.003024,0.000000,-0.000074,0.000000,0.000000,0.344366,0.000000
2.643069,1765334406.482382,1765334337,0.321866,0.003024,0.000000,-0.000946,0.000000,0.000000,0.344366,-0.688732
2.663080,1765334406.502393,1765334337,0.321866,0.003024,0.000000,-0.000407,0.000000,0.000000,0.000000,0.000000
2.683069,1765334406.522375,1765334337,0.321866,0.003028,0.000000,-0.000446,0.000000,0.000000,0.000000,0.000000
2.703097,1765334406.542404,1765334337,0.321866,0.003028,0.000000,0.000946,0.000000,0.000000,0.344366,0.000000
2.723102,1765334406.562416,1765334337,0.321862,0.003028,-0.000946,0.000872,0.000000,0.000000,0.000000,0.000000
2.743112,1765334406.582426,1765334337,0.321866,0.003028,0.000000,0.000500,0.000000,0.000000,0.344366,0.000000
2.763096,1765334406.602401,1765334337,0.321866,0.003028,0.000000,0.000940,0.000000,0.000000,0.000000,0.000000
2.783093,1765334406.622393,1765334337,0.321866,0.003028,0.000000,0.000000,0.000000,0.000000,0.344366,0.000000
2.803113,1765334406.642419,1765334337,0.321866,0.003028,0.000000,0.000946,0.000000,0.000000,-0.688732,0.000000
2.823118,1765334406.662424,1765334337,0.321866,0.003028,0.000000,0.000943,0.000000,0.000000,0.344366,0.000000
2.843142,1765334406.682455,1765334337,0.321866,0.003024,0.000000,-0.000074,0.000000,0.000000,0.000000,0.000000
2.863151,1765334406.702464,1765334337,0.321866,0.003024,-0.000020,-0.000074,0.000000,0.000000,0.000000,-0.688732
2.883160,1765334406.722472,1765334337,0.321866,0.003024,0.000000,0.000000,0.000000,0.000000,0.344366,0.000000
2.903152,1765334406.742458,1765334337,0.321866,0.003028,0.000000,0.000500,0.000000,0.000000,0.344366,0.000000
2.923160,1765334406.762466,1765334337,0.321866,0.003028,0.000000,0.000925,0.000000,0.000000,0.000000,0.000000
2.943183,1765334406.782495,1765334337,0.321862,0.003024,-0.000682,-0.000011,0.000000,0.000000,-0.688732,0.000000
2.963216,1765334406.802531,1765334337,0.321866,0.003024,0.000000,-0.000946,0.000000,0.000000,0.000000,0.000000
2.983185,1765334406.822490,1765334337,0.321866,0.003024,0.000000,-0.000946,0.000000,0.000000,0.344366,0.000000
3.003208,1765334406.842521,1765334337,0.321866,0.003028,0.000000,0.000946,0.000000,0.000000,0.000000,0.000000
3.023215,1765334406.862528,1765334337,0.321866,0.003028,0.000000,0.000907,0.000000,0.000000,0.000000,0.000000
3.043138,1765334406.882407,1765334337,0.321866,0.003024,0.000000,-0.000074,0.000000,0.000000,0.000000,0.000000
3.063214,1765334406.902492,1765334337,0.321866,0.003024,0.000000,-0.000945,0.000000,0.000000,0.688732,0.000000
3.083236,1765334406.922525,1765334337,0.321862,0.003024,-0.000925,-0.000923,0.000000,0.000000,0.344366,-0.688732
3.103263,1765334406.942563,1765334337,0.321866,0.003028,0.000000,0.000872,0.000000,0.000000,0.000000,0.000000
3.123281,1765334406.962586,1765334337,0.321866,0.003024,0.000000,-0.000140,0.000000,0.000000,0.000000,0.000000
3.143303,1765334406.982616,1765334337,0.321866,0.003024,0.000000,-0.000940,0.000000,0.000000,0.000000,0.000000
3.163297,1765334407.002601,1765334337,0.321866,0.003024,0.000000,-0.000945,0.000000,0.000000,0.000000,0.000000
3.183319,1765334407.022631,1765334337,0.321866,0.003024,0.000000,-0.000872,0.000000,0.000000,0.344366,-0.344366
3.203331,1765334407.042643,1765334337,0.321866,0.003028,0.000000,0.000943,0.000000,0.000000,0.344366,0.000000
3.223484,1765334407.062813,1765334337,0.321862,0.003028,-0.000682,0.000907,0.000000,0.000000,0.000000,-0.344366
3.243494,1765334407.082824,1765334337,0.321866,0.003024,0.000000,0.000445,0.000000,0.000000,0.344366,0.000000
3.263487,1765334407.102808,1765334337,0.321866,0.003028,0.000000,-0.000795,0.000000,0.000000,0.344366,0.000000
3.283476,1765334407.122781,1765334337,0.321866,0.003028,0.000000,0.000946,0.000000,0.000000,0.344366,0.000000
3.303573,1765334407.142917,1765334337,0.321866,0.003028,0.000000,0.000872,0.000000,0.000000,0.000000,0.000000
3.323546,1765334407.162866,1765334337,0.321866,0.003024,0.000000,-0.000140,0.000000,0.000000,0.344366,0.000000
3.343556,1765334407.182875,1765334337,0.321866,0.003028,0.000946,0.000011,0.000000,0.000000,0.344366,0.000000
3.363606,1765334407.202951,1765334337,0.321866,0.003028,0.000000,0.000944,0.000000,0.000000,0.344366,0.000000
3.383612,1765334407.222942,1765334337,0.321862,0.003024,-0.000500,-0.000074,0.000000,0.000000,0.344366,0.000000
3.403587,1765334407.242907,1765334337,0.321866,0.003024,0.000939,-0.000935,0.000000,0.000000,0.344366,0.000000
3.423614,1765334407.262944,1765334337,0.321866,0.003028,0.000000,-0.000661,0.000000,0.000000,0.000000,0.000000
3.443646,1765334407.282991,1765334337,0.321862,0.003028,-0.000943,0.000798,0.000000,0.000000,0.344366,0.000000
3.463657,1765334407.303000,1765334337,0.321862,0.003028,-0.000006,0.000000,0.000000,0.000000,0.000000,0.000000
3.483669,1765334407.323012,1765334337,0.321866,0.003024,0.000681,-0.000021,0.000000,0.000000,0.000000,0.000000
3.503657,1765334407.342987,1765334337,0.321862,0.003024,0.000446,-0.000943,0.000000,0.000000,0.000000,0.000000
3.523651,1765334407.362970,1765334337,0.321862,0.003024,-0.000500,-0.000925,0.000000,0.000000,0.344366,-0.344366
3.543676,1765334407.383006,1765334337,0.321862,0.003028,-0.000945,0.000140,0.000000,0.000000,0.344366,0.000000
3.563686,1765334407.403016,1765334337,0.321862,0.003024,-0.000943,0.000440,0.000000,0.000000,0.000000,0.000000
3.583665,1765334407.422978,1765334337,0.321866,0.003024,0.000000,-0.000074,0.000000,0.000000,0.000000,0.000000
3.603686,1765334407.443006,1765334337,0.321862,0.003024,-0.000904,-0.000946,0.000000,0.000000,0.344366,-0.344366
3.623683,1765334407.462995,1765334337,0.321866,0.003024,0.000905,-0.000946,0.000000,0.000000,0.000000,-0.688732
3.643691,1765334407.483003,1765334337,0.321866,0.003028,0.000000,0.000011,0.000000,0.000000,0.000000,0.000000
3.663749,1765334407.503093,1765334337,0.321866,0.003028,0.000000,0.000946,0.000000,0.000000,0.000000,0.000000
3.683760,1765334407.523104,1765334337,0.321866,0.003028,0.000000,0.000907,0.000000,0.000000,0.688732,0.000000
3.703660,1765334407.542957,1765334337,0.321866,0.003024,0.000000,-0.000946,0.000000,0.000000,0.344366,0.000000
3.723630,1765334407.562892,1765334337,0.321866,0.003024,0.000000,-0.000805,0.000000,0.000000,0.344366,-0.688732
3.743707,1765334407.583009,1765334337,0.321866,0.003028,0.000000,0.000946,0.000000,0.000000,0.000000,0.000000
3.763726,1765334407.603041,1765334337,0.321866,0.003028,0.000000,0.000935,0.000000,0.000000,0.000000,0.000000
3.783745,1765334407.623065,1765334337,0.321866,0.003024,0.000000,-0.000021,0.000000,0.000000,0.000000,0.000000
3.803779,1765334407.643115,1765334337,0.321866,0.003024,0.000000,0.000000,0.000000,0.000000,0.000000,0.000000
3.823779,1765334407.663111,1765334337,0.321866,0.003028,0.000000,-0.000679,0.000000,0.000000,0.344366,0.000000
3.843792,1765334407.683123,1765334337,0.321866,0.003024,0.000000,0.000608,0.000000,0.000000,0.344366,0.000000
3.863795,1765334407.703132,1765334337,0.321866,0.003024,0.000920,-0.000943,0.000000,0.000000,0.000000,0.000000
3.883804,1765334407.723136,1765334337,0.321862,0.003024,-0.000946,-0.000852,0.000000,0.000000,0.000000,0.000000
3.903823,1765334407.743156,1765334337,0.321866,0.003028,0.000000,0.000940,0.000000,0.000000,0.688732,0.000000
3.923820,1765334407.763151,1765334337,0.321866,0.003024,0.000000,0.000806,0.000000,0.000000,0.000000,0.000000
3.943837,1765334407.783171,1765334337,0.321866,0.003024,0.000000,-0.000946,0.000000,0.000000,0.000000,0.000000
3.963837,1765334407.803169,1765334337,0.321862,0.003024,-0.000935,-0.000945,0.000000,0.000000,0.344366,0.000000
3.983842,1765334407.823173,1765334337,0.321866,0.003028,0.000000,0.000500,0.000000,0.000000,0.000000,0.000000
4.003834,1765334407.843158,1765334337,0.321862,0.003024,-0.000925,0.000445,0.000000,0.000000,-0.688732,0.000000
4.023858,1765334407.863189,1765334337,0.321866,0.003024,0.000000,-0.000945,0.000000,0.000000,0.000000,0.000000
4.043765,1765334407.883035,1765334337,0.321866,0.003024,0.000946,-0.000661,0.000000,0.000000,0.688732,0.000000
4.063765,1765334407.903039,1765334337,0.321866,0.003028,0.000000,0.000925,0.000000,0.000000,0.344366,0.000000
4.083778,1765334407.923059,1765334337,0.321866,0.003024,0.000000,-0.000946,0.000000,0.000000,0.000000,0.000000
4.103784,1765334407.943065,1765334337,0.321862,0.003024,-0.000039,-0.000946,0.000000,0.000000,0.000000,0.000000
4.123788,1765334407.963070,1765334337,0.321866,0.003028,0.000000,0.000871,0.000000,0.000000,0.000000,0.000000
4.143838,1765334407.983148,1765334337,0.321862,0.003024,-0.000140,-0.000946,0.000000,0.000000,0.000000,0.000000
4.163852,1765334408.003143,1765334337,0.321866,0.003024,0.000946,-0.000946,0.000000,0.000000,0.000000,-0.344366
4.183889,1765334408.023203,1765334337,0.321866,0.003028,0.000000,0.000000,0.000000,0.000000,0.344366,0.000000
4.203835,1765334408.043098,1765334337,0.321866,0.003024,0.000000,0.000000,0.000000,0.000000,0.344366,-0.688732
4.223844,1765334408.063114,1765334337,0.321866,0.003024,0.000000,0.000806,0.000000,0.000000,0.344366,0.000000
4.243853,1765334408.083127,1765334337,0.321866,0.003024,0.000000,-0.000946,0.000000,0.000000,0.000000,0.000000
4.263863,1765334408.103142,1765334337,0.321866,0.003028,0.000000,-0.000680,0.000000,0.000000,0.000000,0.000000
4.283876,1765334408.123162,1765334337,0.321866,0.003028,0.000000,0.000021,0.000000,0.000000,-0.688732,0.000000
4.303882,1765334408.143167,1765334337,0.321866,0.003028,0.000000,0.000907,0.000000,0.000000,0.000000,0.000000
4.323889,1765334408.163174,1765334337,0.321866,0.003024,0.000000,0.000435,0.000000,0.000000,0.000000,0.000000
4.343911,1765334408.183200,1765334337,0.321866,0.003024,0.000000,-0.000500,0.000000,0.000000,0.344366,0.000000
4.363918,1765334408.203207,1765334337,0.321862,0.003028,-0.000943,0.000039,0.000000,0.000000,0.000000,0.000000
4.383925,1765334408.223215,1765334337,0.321866,0.003028,0.000000,0.000946,0.000000,0.000000,-0.688732,0.000000
4.403932,1765334408.243222,1765334337,0.321866,0.003028,0.000000,0.000940,0.000000,0.000000,0.000000,0.000000
4.423939,1765334408.263245,1765334337,0.321866,0.003024,0.000000,0.000000,0.000000,0.000000,0.000000,0.000000
4.444102,1765334408.283446,1765334337,0.321862,0.003028,-0.000943,0.000074,0.000000,0.000000,0.344366,0.000000
4.464112,1765334408.303457,1765334337,0.321866,0.003024,0.000000,-0.000006,0.000000,0.000000,0.000000,0.000000
4.484078,1765334408.323399,1765334337,0.321866,0.003024,0.000000,-0.000945,0.000000,0.000000,0.344366,0.000000
4.504084,1765334408.343405,1765334337,0.321866,0.003024,0.000000,-0.000887,0.000000,0.000000,0.000000,0.000000
4.524094,1765334408.363415,1765334337,0.321866,0.003028,0.000000,0.000946,0.000000,0.000000,0.344366,0.000000
4.544089,1765334408.383401,1765334337,0.321866,0.003028,0.000000,0.000907,0.000000,0.000000,0.000000,0.000000
4.564086,1765334408.403387,1765334337,0.321866,0.003024,0.000942,-0.000500,0.000000,0.000000,0.344366,0.000000
4.583982,1765334408.423246,1765334337,0.321866,0.003024,0.000020,-0.000872,0.000000,0.000000,0.000000,0.000000
4.604006,1765334408.443292,1765334337,0.321866,0.003028,0.000000,0.000140,0.000000,0.000000,0.000000,0.000000
4.624020,1765334408.463314,1765334337,0.321866,0.003024,0.000000,0.000681,0.000000,0.000000,0.344366,0.000000
4.644060,1765334408.483353,1765334337,0.321862,0.003024,-0.000924,-0.000265,0.000000,0.000000,0.344366,0.000000
4.664084,1765334408.503384,1765334337,0.321866,0.003028,0.000945,-0.000805,0.000000,0.000000,0.344366,-0.688732
4.684099,1765334408.523405,1765334337,0.321866,0.003028,0.000000,0.000946,0.000000,0.000000,0.344366,0.000000
4.704109,1765334408.543414,1765334337,0.321866,0.003028,0.000000,0.000935,0.000000,0.000000,0.000000,0.000000
4.724008,1765334408.563269,1765334337,0.321866,0.003024,0.000000,-0.000011,0.000000,0.000000,0.000000,0.000000
4.744317,1765334408.583589,1765334337,0.321862,0.003024,-0.000945,-0.000946,0.000000,0.000000,0.344366,-0.344366
4.764335,1765334408.603615,1765334337,0.321866,0.003028,0.000011,-0.000679,0.000000,0.000000,0.344366,-0.688732
4.784317,1765334408.623585,1765334337,0.321866,0.003028,0.000000,0.000942,0.000000,0.000000,0.000000,0.000000
4.804339,1765334408.643617,1765334337,0.321866,0.003028,0.000000,0.000925,0.000000,0.000000,0.000000,0.000000
4.824367,1765334408.663658,1765334337,0.321866,0.003024,0.000000,-0.000039,0.000000,0.000000,0.344366,0.000000
4.844399,1765334408.683704,1765334337,0.321866,0.003028,0.000000,0.000000,0.000000,0.000000,0.000000,0.000000
4.864422,1765334408.703735,1765334337,0.321866,0.003024,0.000000,0.000682,0.000000,0.000000,0.000000,0.000000
4.884431,1765334408.723744,1765334337,0.321866,0.003024,0.000000,-0.000074,0.000000,0.000000,0.344366,0.000000
4.904385,1765334408.743689,1765334337,0.321866,0.003028,0.000000,-0.000682,0.000000,0.000000,0.000000,0.000000
4.924499,1765334408.763842,1765334337,0.321866,0.003028,0.000000,0.000946,0.000000,0.000000,0.000000,0.000000
4.944510,1765334408.783853,1765334337,0.321866,0.003024,0.000000,-0.000011,0.000000,0.000000,0.000000,0.000000
4.964522,1765334408.803866,1765334337,0.321866,0.003028,0.000000,-0.000679,0.000000,0.000000,0.000000,0.000000
4.984511,1765334408.823840,1765334337,0.321866,0.003028,0.000000,0.000264,0.000000,0.000000,-0.688732,0.000000
5.004505,1765334408.843825,1765334337,0.321866,0.003028,0.000000,0.000945,0.000000,0.000000,0.000000,0.000000
5.024502,1765334408.863814,1765334337,0.321866,0.003024,0.000000,-0.000140,0.000000,0.000000,0.344366,0.000000
5.044591,1765334408.883962,1765334337,0.321866,0.003024,0.000934,-0.000943,0.000000,0.000000,0.000000,0.000000
5.064444,1765334408.903717,1765334337,0.321866,0.003028,0.000000,0.000264,0.000000,0.000000,0.688732,0.000000
5.084470,1765334408.923755,1765334337,0.321866,0.003024,0.000000,0.000435,0.000000,0.000000,0.000000,0.000000
5.104557,1765334408.943886,1765334337,0.321866,0.003028,0.000000,0.000000,0.000000,0.000000,0.000000,0.000000
5.124480,1765334408.963780,1765334337,0.321866,0.003024,0.000000,-0.000074,0.000000,0.000000,0.000000,0.000000
5.144602,1765334408.983945,1765334337,0.321866,0.003028,0.000935,0.000907,0.000000,0.000000,-0.688732,0.000000
5.164613,1765334409.003957,1765334337,0.321866,0.003024,0.000000,-0.000946,0.000000,0.000000,0.000000,0.000000
5.184622,1765334409.023965,1765334337,0.321866,0.003028,0.000000,-0.000806,0.000000,0.000000,0.344366,0.000000
5.204635,1765334409.043978,1765334337,0.321866,0.003028,0.000000,0.000074,0.000000,0.000000,0.000000,-0.344366
5.224645,1765334409.063988,1765334337,0.321866,0.003028,0.000000,0.000000,0.000000,0.000000,0.000000,0.000000
5.244616,1765334409.083937,1765334337,0.321866,0.003024,0.000000,-0.000039,0.000000,0.000000,0.000000,0.000000
5.264664,1765334409.104007,1765334337,0.321866,0.003024,0.000833,-0.000935,0.000000,0.000000,0.344366,0.000000
5.284677,1765334409.124021,1765334337,0.321862,0.003028,-0.000872,0.000006,0.000000,0.000000,0.344366,0.000000
5.304648,1765334409.143968,1765334337,0.321862,0.003028,-0.000499,0.000074,0.000000,0.000000,0.688732,0.000000
5.324678,1765334409.164008,1765334337,0.321866,0.003028,0.000000,0.000945,0.000000,0.000000,0.000000,0.000000
5.344683,1765334409.184014,1765334337,0.321866,0.003024,0.000001,-0.000039,0.000000,0.000000,0.344366,0.000000
5.364677,1765334409.203997,1765334337,0.321866,0.003024,0.000000,-0.000869,0.000000,0.000000,0.000000,-0.688732
5.384686,1765334409.224006,1765334337,0.321862,0.003028,-0.000940,0.000946,0.000000,0.000000,0.344366,0.000000
5.404623,1765334409.243922,1765334337,0.321866,0.003024,0.000946,-0.000006,0.000000,0.000000,0.000000,0.000000
5.424743,1765334409.264087,1765334337,0.321866,0.003024,0.000000,-0.000945,0.000000,0.000000,0.000000,0.000000
5.444698,1765334409.284047,1765334337,0.321866,0.003028,0.000001,0.000074,0.000000,0.000000,0.000000,0.000000
5.464719,1765334409.304091,1765334337,0.321862,0.003028,-0.000806,0.000945,0.000000,0.000000,0.000000,0.000000
5.484717,1765334409.324010,1765334337,0.321862,0.003024,-0.000946,-0.000946,0.000000,0.000000,0.000000,0.000000
5.504725,1765334409.344021,1765334337,0.321866,0.003028,0.000000,0.000140,0.000000,0.000000,0.000000,0.000000
5.524734,1765334409.364031,1765334337,0.321866,0.003028,0.000000,0.000940,0.000000,0.000000,0.000000,0.000000
5.544741,1765334409.384106,1765334337,0.321866,0.003024,-0.000264,-0.000946,0.000000,0.000000,0.000000,0.000000
5.564886,1765334409.404230,1765334337,0.321866,0.003024,0.000425,-0.000925,0.000000,0.000000,0.344366,0.000000
5.584897,1765334409.424240,1765334337,0.321866,0.003028,0.000000,0.000006,0.000000,0.000000,0.000000,0.000000
5.604883,1765334409.444212,1765334337,0.321866,0.003028,0.000000,0.000946,0.000000,0.000000,0.000000,0.000000
5.624866,1765334409.464178,1765334337,0.321862,0.003024,-0.000946,-0.000011,0.000000,0.000000,0.000000,0.000000
5.644872,1765334409.484184,1765334337,0.321866,0.003024,0.000000,-0.000946,0.000000,0.000000,0.000000,0.000000
5.664880,1765334409.504193,1765334337,0.321866,0.003028,0.000000,-0.000443,0.000000,0.000000,0.000000,0.000000
5.684887,1765334409.524200,1765334337,0.321862,0.003024,-0.000935,0.000000,0.000000,0.000000,0.000000,0.000000
5.704881,1765334409.544187,1765334337,0.321866,0.003028,-0.000426,0.000946,0.000000,0.000000,0.344366,0.000000
5.724811,1765334409.564079,1765334337,0.321866,0.003024,0.000945,0.000000,0.000000,0.000000,0.000000,0.000000
5.745371,1765334409.584650,1765334337,0.321866,0.003024,0.000000,-0.000011,0.000000,0.000000,0.000000,0.000000
5.765400,1765334409.604691,1765334337,0.321866,0.003028,0.000000,0.000003,0.000000,0.000000,0.344366,0.000000
5.785432,1765334409.624738,1765334337,0.321866,0.003028,0.000932,0.000500,0.000000,0.000000,0.344366,0.000000
5.805455,1765334409.644768,1765334337,0.321866,0.003024,0.000000,-0.000021,0.000000,0.000000,0.000000,0.000000
5.825474,1765334409.664776,1765334337,0.321866,0.003024,0.000806,-0.000925,0.000000,0.000000,0.000000,0.000000
5.845572,1765334409.684916,1765334337,0.321866,0.003028,-0.000021,0.000945,0.000000,0.000000,0.000000,0.000000
5.865584,1765334409.704927,1765334337,0.321866,0.003028,0.000000,0.000942,0.000000,0.000000,0.000000,0.000000
5.885572,1765334409.724901,1765334337,0.321866,0.003024,0.000000,-0.000945,0.000000,0.000000,0.344366,0.000000
5.905606,1765334409.744949,1765334337,0.321862,0.003028,-0.000946,0.000264,0.000000,0.000000,0.000000,0.000000
5.925615,1765334409.764960,1765334337,0.321866,0.003024,0.000000,-0.000140,0.000000,0.000000,-1.033098,0.000000
5.945628,1765334409.784971,1765334337,0.321866,0.003024,0.000000,-0.000946,0.000000,0.000000,-0.688732,0.000000
5.965637,1765334409.804966,1765334337,0.321866,0.003028,0.000000,0.000001,0.000000,0.000000,0.000000,0.000000
5.985627,1765334409.824956,1765334337,0.321866,0.003028,0.000000,0.000000,0.000000,0.000000,0.344366,0.000000
6.005636,1765334409.844965,1765334337,0.321866,0.003024,0.000000,0.000643,0.000000,0.000000,0.000000,0.000000
6.025628,1765334409.864948,1765334337,0.321866,0.003024,0.000000,-0.000945,0.000000,0.000000,0.000000,0.000000
6.045692,1765334409.885018,1765334337,0.321862,0.003024,-0.000946,-0.000904,0.000000,0.000000,0.000000,0.000000
6.065556,1765334409.904820,1765334337,0.321866,0.003028,0.000946,0.000945,0.000000,0.000000,0.000000,0.000000
6.085563,1765334409.924829,1765334337,0.321866,0.003024,0.000869,-0.000002,0.000000,0.000000,0.000000,0.000000
6.105572,1765334409.944842,1765334337,0.321866,0.003024,0.000000,-0.000946,0.000000,0.000000,0.344366,0.000000
6.125582,1765334409.964856,1765334337,0.321866,0.003028,0.000021,0.000925,0.000000,0.000000,0.000000,0.000000
6.145591,1765334409.984869,1765334337,0.321866,0.003028,0.000000,0.000946,0.000000,0.000000,0.000000,0.000000
6.165600,1765334410.004900,1765334337,0.321866,0.003024,0.000000,-0.000074,0.000000,0.000000,0.000000,0.000000
6.185617,1765334410.024903,1765334337,0.321866,0.003024,0.000000,-0.000946,0.000000,0.000000,0.000000,0.000000
6.205623,1765334410.044909,1765334337,0.321866,0.003024,0.000000,-0.000925,0.000000,0.000000,0.344366,0.000000
6.225631,1765334410.064917,1765334337,0.321866,0.003028,0.000000,0.000944,0.000000,0.000000,0.000000,0.000000
6.245766,1765334410.085110,1765334337,0.321866,0.003024,0.000872,-0.000074,0.000000,0.000000,0.000000,0.000000
6.265634,1765334410.104901,1765334337,0.321866,0.003024,0.000000,-0.000945,0.000000,0.000000,0.000000,0.000000
6.285691,1765334410.124986,1765334337,0.321866,0.003028,0.000000,0.000140,0.000000,0.000000,-0.688732,0.000000
6.305717,1765334410.145022,1765334337,0.321866,0.003028,-0.000074,0.000000,0.000000,0.000000,0.000000,0.000000
6.325739,1765334410.165052,1765334337,0.321866,0.003024,0.000000,-0.000011,0.000000,0.000000,0.000000,0.000000
6.345748,1765334410.185060,1765334337,0.321866,0.003028,0.000000,-0.000682,0.000000,0.000000,0.000000,0.000000
6.365769,1765334410.205087,1765334337,0.321866,0.003028,0.000500,0.000943,0.000000,0.000000,-0.688732,0.000000
6.385777,1765334410.225096,1765334337,0.321866,0.003024,0.000000,-0.000011,0.000000,0.000000,0.344366,0.000000
6.405772,1765334410.245085,1765334337,0.321862,0.003024,-0.000946,-0.000140,0.000000,0.000000,0.000000,0.000000
6.425781,1765334410.265094,1765334337,0.321862,0.003024,-0.000943,-0.000945,0.000000,0.000000,-0.688732,0.000000
6.445789,1765334410.285101,1765334337,0.321866,0.003028,0.000000,0.000946,0.000000,0.000000,0.344366,0.000000
6.465810,1765334410.305130,1765334337,0.321862,0.003024,-0.000265,-0.000946,0.000000,0.000000,0.000000,0.000000
6.485819,1765334410.325139,1765334337,0.321862,0.003024,-0.000801,-0.000943,0.000000,0.000000,0.000000,0.000000
6.505816,1765334410.345128,1765334337,0.321866,0.003028,0.000500,-0.000407,0.000000,0.000000,0.344366,-0.688732
6.525836,1765334410.365156,1765334337,0.321862,0.003028,-0.000039,0.000935,0.000000,0.000000,0.344366,0.000000
6.545845,1765334410.385164,1765334337,0.321866,0.003024,0.000943,-0.000907,0.000000,0.000000,-0.688732,0.000000
6.565854,1765334410.405173,1765334337,0.321866,0.003024,0.000806,-0.000940,0.000000,0.000000,0.000000,0.000000
6.585850,1765334410.425162,1765334337,0.321866,0.003024,0.000786,-0.000833,0.000000,0.000000,-0.688732,0.000000
6.605858,1765334410.445171,1765334337,0.321866,0.003028,0.000943,0.000264,0.000000,0.000000,0.000000,0.000000
6.625852,1765334410.465157,1765334337,0.321866,0.003028,0.000732,0.000500,0.000000,0.000000,0.344366,0.000000
6.645925,1765334410.485269,1765334337,0.321866,0.003028,0.000000,0.000946,0.000000,0.000000,0.344366,0.000000
6.665914,1765334410.505244,1765334337,0.321866,0.003024,0.000943,0.000445,0.000000,0.000000,0.000000,-0.688732
6.685907,1765334410.525226,1765334337,0.321862,0.003024,-0.000265,-0.000946,0.000000,0.000000,0.344366,0.000000
6.705956,1765334410.545331,1765334337,0.321866,0.003024,0.000140,0.000140,0.000000,0.000000,0.000000,-0.344366
6.725815,1765334410.565076,1765334337,0.321862,0.003028,-0.000074,0.000945,0.000000,0.000000,0.344366,0.000000
6.745850,1765334410.585129,1765334337,0.321866,0.003024,0.000039,0.000445,0.000000,0.000000,0.000000,0.000000
6.765868,1765334410.605152,1765334337,0.321862,0.003024,0.000446,-0.000500,0.000000,0.000000,0.000000,0.000000
6.785936,1765334410.625249,1765334337,0.321866,0.003028,0.000945,-0.000182,0.000000,0.000000,0.000000,0.000000
6.805943,1765334410.645252,1765334337,0.321866,0.003028,0.000000,0.000946,0.000000,0.000000,0.344366,0.000000
6.825935,1765334410.665242,1765334337,0.321862,0.003028,-0.000907,0.000935,0.000000,0.000000,0.000000,0.000000
6.845942,1765334410.685248,1765334337,0.321862,0.003024,-0.000940,-0.000021,0.000000,0.000000,0.000000,0.000000
6.865938,1765334410.705239,1765334337,0.321862,0.003024,-0.000943,-0.000943,0.000000,0.000000,0.000000,0.000000
6.885979,1765334410.725321,1765334337,0.321866,0.003028,0.000946,0.000500,0.000000,0.000000,0.000000,0.000000
6.905924,1765334410.745250,1765334337,0.321866,0.003028,0.000011,0.000907,0.000000,0.000000,0.000000,0.000000
6.925965,1765334410.765268,1765334337,0.321866,0.003024,0.000140,0.000671,0.000000,0.000000,0.000000,0.000000
6.945975,1765334410.785288,1765334337,0.321862,0.003024,-0.000937,-0.000500,0.000000,0.000000,0.000000,0.000000
6.965973,1765334410.805269,1765334337,0.321866,0.003024,0.000006,-0.000945,0.000000,0.000000,0.344366,0.000000
6.985965,1765334410.825250,1765334337,0.321862,0.003028,-0.000661,0.000946,0.000000,0.000000,0.000000,0.000000
7.005986,1765334410.845271,1765334337,0.321866,0.003024,0.000946,-0.000021,0.000000,0.000000,0.000000,0.000000
7.025996,1765334410.865288,1765334337,0.321862,0.003024,-0.000500,-0.000011,0.000000,0.000000,0.000000,0.000000
7.045974,1765334410.885236,1765334337,0.321862,0.003024,-0.000833,-0.000500,0.000000,0.000000,0.344366,0.000000
7.066011,1765334410.905304,1765334337,0.321866,0.003028,0.000946,0.000940,0.000000,0.000000,0.000000,0.000000
7.086045,1765334410.925332,1765334337,0.321866,0.003024,0.000940,-0.000140,0.000000,0.000000,-0.688732,0.000000
7.106010,1765334410.945307,1765334337,0.321862,0.003024,-0.000946,-0.000904,0.000000,0.000000,0.000000,0.000000
7.126146,1765334410.965476,1765334337,0.321866,0.003028,0.000000,0.000074,0.000000,0.000000,0.344366,0.000000
7.146144,1765334410.985465,1765334337,0.321866,0.003028,0.000946,0.000907,0.000000,0.000000,0.688732,0.000000
7.166153,1765334411.005473,1765334337,0.321866,0.003024,0.000942,-0.000872,0.000000,0.000000,0.000000,0.000000
7.186161,1765334411.025478,1765334337,0.321862,0.003028,-0.000940,0.000500,0.000000,0.000000,-0.688732,0.000000
7.206117,1765334411.045417,1765334337,0.321862,0.003028,-0.000944,0.000946,0.000000,0.000000,0.000000,0.000000
7.226142,1765334411.065449,1765334337,0.321862,0.003024,-0.000904,-0.000945,0.000000,0.000000,0.000000,0.000000
7.246170,1765334411.085482,1765334337,0.321866,0.003028,0.000946,0.000140,0.000000,0.000000,0.000000,0.000000
7.266191,1765334411.105511,1765334337,0.321862,0.003028,-0.000946,0.000946,0.000000,0.000000,0.344366,0.000000
7.286202,1765334411.125523,1765334337,0.321866,0.003028,0.000925,0.000939,0.000000,0.000000,0.000000,0.000000
7.306210,1765334411.145532,1765334337,0.321862,0.003024,-0.000946,-0.000265,0.000000,0.000000,0.000000,-0.344366
7.326207,1765334411.165520,1765334337,0.321866,0.003024,0.000500,0.000680,0.000000,0.000000,0.344366,0.000000
7.346215,1765334411.185528,1765334337,0.321866,0.003024,0.000074,-0.000946,0.000000,0.000000,0.344366,0.000000
7.366236,1765334411.205557,1765334337,0.321866,0.003024,0.000946,-0.000943,0.000000,0.000000,0.344366,0.000000
7.386246,1765334411.225567,1765334337,0.321862,0.003024,-0.000265,0.000000,0.000000,0.000000,0.000000,0.000000
7.406313,1765334411.245633,1765334337,0.321862,0.003024,-0.000944,-0.000500,0.000000,0.000000,0.344366,0.000000
7.426310,1765334411.265623,1765334337,0.321866,0.003024,0.000872,-0.000925,0.000000,0.000000,-0.688732,0.000000
7.446320,1765334411.285633,1765334337,0.321866,0.003028,0.000000,0.000500,0.000000,0.000000,-0.688732,0.000000
7.466339,1765334411.305659,1765334337,0.321862,0.003028,-0.000074,0.000944,0.000000,0.000000,0.000000,0.000000
7.486348,1765334411.325668,1765334337,0.321862,0.003024,-0.000945,-0.000946,0.000000,0.000000,0.000000,0.000000
7.506358,1765334411.345678,1765334337,0.321866,0.003028,0.000946,-0.000681,0.000000,0.000000,0.344366,-0.688732
7.526367,1765334411.365687,1765334337,0.321866,0.003028,0.000872,0.000945,0.000000,0.000000,0.688732,0.000000
7.546377,1765334411.385697,1765334337,0.321866,0.003028,0.000946,0.000925,0.000000,0.000000,0.000000,0.000000
7.566424,1765334411.405768,1765334337,0.321866,0.003024,0.000946,-0.000946,0.000000,0.000000,0.344366,0.000000
7.586436,1765334411.425780,1765334337,0.321866,0.003028,0.000929,0.000003,0.000000,0.000000,0.344366,0.000000
7.606448,1765334411.445793,1765334337,0.321866,0.003028,0.000945,0.000946,0.000000,0.000000,0.000000,0.000000
7.626436,1765334411.465766,1765334337,0.321866,0.003028,0.000661,0.000943,0.000000,0.000000,0.344366,0.000000
7.646447,1765334411.485776,1765334337,0.321866,0.003024,0.000906,-0.000011,0.000000,0.000000,0.000000,0.000000
7.666440,1765334411.505760,1765334337,0.321862,0.003024,-0.000945,-0.000930,0.000000,0.000000,0.000000,0.000000
7.686489,1765334411.525832,1765334337,0.321866,0.003024,0.000907,-0.000000,0.000000,0.000000,0.000000,0.000000
7.706446,1765334411.545759,1765334337,0.321866,0.003024,0.000945,-0.000872,0.000000,0.000000,0.000000,0.000000
7.726358,1765334411.565623,1765334337,0.321862,0.003028,-0.000906,-0.000681,0.000000,0.000000,-0.688732,0.000000
7.746396,1765334411.585676,1765334337,0.321866,0.003028,0.000932,0.000925,0.000000,0.000000,-0.688732,0.000000
7.766428,1765334411.605724,1765334337,0.321866,0.003024,0.000925,-0.000500,0.000000,0.000000,-0.688732,0.000000
7.786444,1765334411.625744,1765334337,0.321866,0.003024,0.000798,-0.000945,0.000000,0.000000,-0.688732,0.000000
7.806477,1765334411.645790,1765334337,0.321866,0.003028,0.000946,0.000039,0.000000,0.000000,0.344366,0.000000
7.826497,1765334411.665817,1765334337,0.321866,0.003028,0.000671,0.000925,0.000000,0.000000,0.000000,0.000000
7.846506,1765334411.685826,1765334337,0.321862,0.003024,-0.000306,-0.000140,0.000000,0.000000,-0.688732,0.000000
7.866515,1765334411.705836,1765334337,0.321866,0.003024,0.000944,-0.000946,0.000000,0.000000,0.344366,0.000000
7.886512,1765334411.725824,1765334337,0.321862,0.003028,-0.000500,0.000003,0.000000,0.000000,0.344366,0.000000
7.906572,1765334411.745915,1765334337,0.321866,0.003028,0.000915,0.000940,0.000000,0.000000,0.000000,0.000000
7.926584,1765334411.765928,1765334337,0.321866,0.003028,0.000000,-0.000682,0.000000,0.000000,0.000000,0.000000
7.946572,1765334411.785901,1765334337,0.321866,0.003028,0.000767,-0.000806,0.000000,0.000000,0.344366,0.000000
7.966605,1765334411.805949,1765334337,0.321866,0.003028,0.000006,0.000940,0.000000,0.000000,0.000000,0.000000
7.986617,1765334411.825960,1765334337,0.321866,0.003024,0.000940,0.000000,0.000000,0.000000,0.000000,0.000000
8.006628,1765334411.845972,1765334337,0.321866,0.003024,0.000039,-0.000945,0.000000,0.000000,0.344366,0.000000
8.026600,1765334411.865919,1765334337,0.321866,0.003028,0.000946,0.000001,0.000000,0.000000,0.000000,0.000000
8.046567,1765334411.885895,1765334337,0.321862,0.003028,-0.000940,0.000140,0.000000,0.000000,0.000000,0.000000
8.066532,1765334411.905810,1765334337,0.321862,0.003028,-0.000946,0.000943,0.000000,0.000000,0.000000,0.000000
8.086564,1765334411.925856,1765334337,0.321862,0.003024,-0.000861,-0.000265,0.000000,0.000000,0.344366,0.000000
8.106585,1765334411.945885,1765334337,0.321866,0.003028,0.000000,0.000871,0.000000,0.000000,0.344366,0.000000
8.126618,1765334411.965931,1765334337,0.321862,0.003028,-0.000001,-0.000786,0.000000,0.000000,0.000000,0.000000
8.146576,1765334411.985880,1765334337,0.321866,0.003028,0.000732,0.000946,0.000000,0.000000,0.688732,0.000000
8.166647,1765334412.005999,1765334337,0.321862,0.003028,-0.000945,0.000925,0.000000,0.000000,0.000000,0.000000
8.186689,1765334412.026028,1765334337,0.321866,0.003028,0.000944,0.000872,0.000000,0.000000,0.000000,-0.344366
8.206701,1765334412.045998,1765334337,0.321866,0.003028,0.000000,0.000000,0.000000,0.000000,0.000000,0.000000
8.226749,1765334412.066045,1765334337,0.321866,0.003024,0.000767,-0.000943,0.000000,0.000000,0.000000,-0.688732
8.246719,1765334412.086014,1765334337,0.321862,0.003028,-0.000798,0.000944,0.000000,0.000000,0.000000,0.000000
8.266724,1765334412.106020,1765334337,0.321866,0.003024,0.000942,-0.000006,0.000000,0.000000,0.000000,1.033098
8.286767,1765334412.126062,1765334337,0.321862,0.003024,-0.000074,-0.000946,0.000000,0.000000,0.000000,0.000000
8.306785,1765334412.146099,1765334337,0.321866,0.003028,-0.000140,0.000003,0.000000,0.000000,0.344366,0.000000
8.326817,1765334412.166112,1765334337,0.321862,0.003028,-0.000920,0.000944,0.000000,0.000000,0.000000,0.000000
8.346825,1765334412.186121,1765334337,0.321866,0.003024,0.000944,-0.000500,0.000000,0.000000,0.000000,0.000000
8.366833,1765334412.206129,1765334337,0.321862,0.003024,-0.000039,-0.000946,0.000000,0.000000,0.344366,0.000000
8.386840,1765334412.226135,1765334337,0.321862,0.003024,0.000372,-0.000925,0.000000,0.000000,0.000000,0.000000
8.406848,1765334412.246144,1765334337,0.321862,0.003028,-0.000945,0.000946,0.000000,0.000000,0.000000,0.000000
8.426856,1765334412.266151,1765334337,0.321862,0.003028,-0.000925,0.000867,0.000000,0.000000,0.344366,0.000000
8.446864,1765334412.286160,1765334337,0.321862,0.003028,-0.000945,0.000000,0.000000,0.000000,0.344366,0.000000
8.466872,1765334412.306169,1765334337,0.321866,0.003028,0.000000,0.000922,0.000000,0.000000,0.000000,0.000000
8.486879,1765334412.326175,1765334337,0.321862,0.003024,-0.000946,-0.000006,0.000000,0.000000,0.000000,0.000000
8.506888,1765334412.346205,1765334337,0.321866,0.003024,0.000925,-0.000946,0.000000,0.000000,0.000000,0.000000
8.527011,1765334412.366388,1765334337,0.321862,0.003028,-0.000661,-0.000425,0.000000,0.000000,0.000000,0.000000
8.547021,1765334412.386398,1765334337,0.321866,0.003028,-0.000138,0.000925,0.000000,0.000000,0.344366,0.000000
8.567009,1765334412.406367,1765334337,0.321862,0.003024,-0.000666,0.000803,0.000000,0.000000,0.000000,0.000000
8.586999,1765334412.426335,1765334337,0.321862,0.003024,-0.000946,-0.000946,0.000000,0.000000,0.000000,0.000000
8.607011,1765334412.446352,1765334337,0.321862,0.003024,-0.000940,-0.000946,0.000000,0.000000,0.000000,0.000000
8.627007,1765334412.466347,1765334337,0.321866,0.003024,0.000500,-0.000943,0.000000,0.000000,0.000000,0.000000
8.647016,1765334412.486357,1765334337,0.321862,0.003024,-0.000054,-0.000915,0.000000,0.000000,0.000000,0.000000
8.667025,1765334412.506365,1765334337,0.321866,0.003028,0.000946,-0.000676,0.000000,0.000000,0.000000,0.000000
8.687057,1765334412.526371,1765334337,0.321866,0.003028,0.000499,0.000943,0.000000,0.000000,0.000000,0.000000
8.707051,1765334412.546358,1765334337,0.321862,0.003028,-0.000946,0.000074,0.000000,0.000000,0.000000,-0.344366
8.726947,1765334412.566209,1765334337,0.321866,0.003028,0.000000,0.000920,0.000000,0.000000,0.000000,0.000000
8.746971,1765334412.586242,1765334337,0.321866,0.003024,0.000000,-0.000011,0.000000,0.000000,0.000000,0.000000
8.767011,1765334412.606320,1765334337,0.321862,0.003024,-0.000682,-0.000500,0.000000,0.000000,0.344366,0.000000
8.787101,1765334412.626421,1765334337,0.321866,0.003024,0.000940,-0.000907,0.000000,0.000000,0.344366,0.000000
8.807113,1765334412.646433,1765334337,0.321866,0.003028,0.000867,0.000946,0.000000,0.000000,0.688732,0.000000
8.827118,1765334412.666438,1765334337,0.321862,0.003024,-0.000945,0.000803,0.000000,0.000000,0.344366,0.000000
8.847127,1765334412.686447,1765334337,0.321866,0.003024,0.000945,-0.000946,0.000000,0.000000,0.344366,0.000000
8.867123,1765334412.706437,1765334337,0.321862,0.003028,-0.000905,-0.000795,0.000000,0.000000,-0.688732,0.000000
8.887124,1765334412.726437,1765334337,0.321866,0.003028,0.000006,0.000946,0.000000,0.000000,0.000000,0.000000
8.907179,1765334412.746523,1765334337,0.321866,0.003028,0.000945,0.000871,0.000000,0.000000,-0.688732,0.000000
8.927150,1765334412.766471,1765334337,0.321866,0.003024,0.000003,-0.000872,0.000000,0.000000,-0.688732,0.000000
8.947223,1765334412.786567,1765334337,0.321862,0.003028,-0.000937,0.000011,0.000000,0.000000,0.000000,0.000000
8.967235,1765334412.806578,1765334337,0.321866,0.003028,0.000944,0.000944,0.000000,0.000000,0.344366,0.000000
8.987207,1765334412.826528,1765334337,0.321862,0.003024,-0.000872,-0.000946,0.000000,0.000000,0.000000,0.000000
9.007216,1765334412.846537,1765334337,0.321866,0.003028,0.000676,0.000039,0.000000,0.000000,0.000000,0.000000
9.027226,1765334412.866547,1765334337,0.321862,0.003028,0.000140,0.000140,0.000000,0.000000,0.344366,0.000000
9.047121,1765334412.886383,1765334337,0.321866,0.003028,0.000000,0.000943,0.000000,0.000000,0.344366,0.000000
9.067152,1765334412.906427,1765334337,0.321866,0.003024,0.000946,-0.000006,0.000000,0.000000,0.000000,0.000000
9.087177,1765334412.926463,1765334337,0.321862,0.003024,-0.000907,-0.000039,0.000000,0.000000,0.000000,0.000000
9.107199,1765334412.946494,1765334337,0.321866,0.003028,0.000943,0.000000,0.000000,0.000000,0.344366,0.000000
9.127225,1765334412.966531,1765334337,0.321862,0.003024,-0.000945,-0.000945,0.000000,0.000000,0.344366,0.000000
9.147247,1765334412.986560,1765334337,0.321866,0.003028,0.000946,0.000140,0.000000,0.000000,0.000000,0.000000
9.167165,1765334413.006439,1765334337,0.321866,0.003028,0.000499,0.000946,0.000000,0.000000,0.000000,0.000000
9.187164,1765334413.026432,1765334337,0.321862,0.003024,0.000000,-0.000000,0.000000,0.000000,0.344366,0.000000
9.207194,1765334413.046472,1765334337,0.321862,0.003024,-0.000021,-0.000925,0.000000,0.000000,0.000000,0.000000
9.227267,1765334413.066579,1765334337,0.321866,0.003024,0.000943,0.000021,0.000000,0.000000,0.000000,0.000000
9.247273,1765334413.086586,1765334337,0.321866,0.003028,0.000000,0.000944,0.000000,0.000000,0.000000,0.000000
9.267295,1765334413.106615,1765334337,0.321866,0.003024,0.000945,-0.000946,0.000000,0.000000,0.000000,0.000000
9.287290,1765334413.126604,1765334337,0.321866,0.003024,0.000896,-0.000940,0.000000,0.000000,0.000000,0.000000
9.307299,1765334413.146611,1765334337,0.321866,0.003024,0.000039,0.000074,0.000000,0.000000,0.000000,0.000000
9.327272,1765334413.166567,1765334337,0.321862,0.003028,-0.000682,0.000074,0.000000,0.000000,0.344366,0.000000
9.347220,1765334413.186484,1765334337,0.321862,0.003028,-0.000140,0.000935,0.000000,0.000000,0.000000,0.000000
9.367221,1765334413.206485,1765334337,0.321866,0.003024,0.000946,-0.000925,0.000000,0.000000,0.344366,0.000000
9.387259,1765334413.226542,1765334337,0.321862,0.003028,-0.000946,0.000940,0.000000,0.000000,0.000000,-0.344366
9.407272,1765334413.246560,1765334337,0.321866,0.003024,0.000852,0.000795,0.000000,0.000000,0.000000,0.000000
9.427299,1765334413.266599,1765334337,0.321866,0.003024,0.000000,-0.000946,0.000000,0.000000,0.344366,0.000000
9.447332,1765334413.286644,1765334337,0.321862,0.003028,-0.000039,0.000074,0.000000,0.000000,-0.688732,0.000000
9.467340,1765334413.306651,1765334337,0.321862,0.003028,-0.000945,0.000946,0.000000,0.000000,0.000000,0.000000
9.487281,1765334413.326570,1765334337,0.321862,0.003028,-0.000924,0.000000,0.000000,0.000000,0.344366,0.000000
9.507273,1765334413.346555,1765334337,0.321866,0.003024,0.000494,-0.000140,0.000000,0.000000,0.000000,0.000000
9.527410,1765334413.366754,1765334337,0.321862,0.003024,-0.000872,-0.000945,0.000000,0.000000,0.000000,0.000000
9.547398,1765334413.386728,1765334337,0.321866,0.003028,-0.000265,0.000039,0.000000,0.000000,0.000000,0.000000
9.567391,1765334413.406712,1765334337,0.321862,0.003028,-0.000608,0.000925,0.000000,0.000000,0.000000,-0.688732
9.587401,1765334413.426721,1765334337,0.321862,0.003024,0.000000,-0.000006,0.000000,0.000000,0.000000,0.000000
9.607410,1765334413.446731,1765334337,0.321866,0.003024,0.000011,-0.000946,0.000000,0.000000,0.000000,0.000000
9.627420,1765334413.466740,1765334337,0.321862,0.003028,-0.000946,0.000500,0.000000,0.000000,0.000000,0.000000
9.647360,1765334413.486665,1765334337,0.321862,0.003024,-0.000923,-0.000935,0.000000,0.000000,0.000000,0.000000
9.667368,1765334413.506672,1765334337,0.321862,0.003028,-0.000946,0.000946,0.000000,0.000000,0.344366,0.000000
9.687363,1765334413.526659,1765334337,0.321866,0.003024,-0.000372,0.000679,0.000000,0.000000,0.344366,0.000000
9.707377,1765334413.546672,1765334337,0.321862,0.003024,-0.000500,0.000443,0.000000,0.000000,0.000000,0.000000
9.727348,1765334413.566615,1765334337,0.321866,0.003024,0.000500,-0.000500,0.000000,0.000000,0.000000,0.000000
9.747386,1765334413.586668,1765334337,0.321862,0.003028,-0.000767,-0.000806,0.000000,0.000000,0.344366,0.000000
9.767464,1765334413.606785,1765334337,0.321866,0.003024,0.000943,0.000074,0.000000,0.000000,0.344366,0.000000
9.787472,1765334413.626791,1765334337,0.321866,0.003028,0.000907,0.000944,0.000000,0.000000,0.000000,0.000000
9.807520,1765334413.646864,1765334337,0.321866,0.003024,-0.000425,-0.000003,0.000000,0.000000,0.000000,0.000000
9.827509,1765334413.666840,1765334337,0.321866,0.003024,0.000872,-0.000946,0.000000,0.000000,0.000000,0.000000
9.847519,1765334413.686848,1765334337,0.321862,0.003024,-0.000924,-0.000939,0.000000,0.000000,0.344366,0.000000
9.867529,1765334413.706860,1765334337,0.321866,0.003028,0.000944,0.000946,0.000000,0.000000,0.000000,0.000000
9.887522,1765334413.726842,1765334337,0.321866,0.003024,0.000372,0.000643,0.000000,0.000000,0.000000,0.000000
9.907454,1765334413.746747,1765334337,0.321866,0.003028,0.000915,0.000000,0.000000,0.000000,0.344366,0.000000
9.927541,1765334413.766862,1765334337,0.321862,0.003028,-0.000265,0.000940,0.000000,0.000000,0.000000,0.000000
9.947497,1765334413.786801,1765334337,0.321866,0.003024,0.000896,0.000000,0.000000,0.000000,0.000000,0.000000
9.967637,1765334413.806981,1765334337,0.321866,0.003028,-0.000011,0.000039,0.000000,0.000000,0.000000,0.000000
9.987649,1765334413.826992,1765334337,0.321862,0.003028,-0.000002,0.000140,0.000000,0.000000,0.344366,0.000000
10.007659,1765334413.846988,1765334337,0.321866,0.003028,0.000937,0.000924,0.000000,0.000000,0.344366,0.000000
10.027672,1765334413.867017,1765334337,0.321866,0.003024,0.000006,-0.000925,0.000000,0.000000,0.000000,-0.688732
10.047705,1765334413.887086,1765334337,0.321862,0.003028,-0.000002,0.000000,0.000000,0.000000,0.000000,0.000000
10.067599,1765334413.906898,1765334337,0.321862,0.003028,-0.000767,-0.000440,0.000000,0.000000,0.000000,0.000000
10.087574,1765334413.926859,1765334337,0.321862,0.003028,-0.000500,0.000500,0.000000,0.000000,0.000000,0.000000
10.107685,1765334413.947013,1765334337,0.321866,0.003024,0.000940,-0.000946,0.000000,0.000000,0.000000,0.000000
10.127678,1765334413.966996,1765334337,0.321862,0.003024,0.000000,-0.000939,0.000000,0.000000,0.000000,0.000000
10.147686,1765334413.987006,1765334337,0.321862,0.003024,0.000073,-0.000946,0.000000,0.000000,0.000000,0.000000
10.167688,1765334414.007028,1765334337,0.321866,0.003024,0.000929,-0.000930,0.000000,0.000000,0.000000,0.000000
10.187709,1765334414.027060,1765334337,0.321862,0.003028,0.000264,0.000021,0.000000,0.000000,0.344366,0.000000
10.207723,1765334414.047021,1765334337,0.321862,0.003024,-0.000925,-0.000140,0.000000,0.000000,0.344366,0.000000
10.227730,1765334414.067029,1765334337,0.321866,0.003024,0.000806,0.000000,0.000000,0.000000,0.000000,0.000000
10.247745,1765334414.087049,1765334337,0.321866,0.003024,0.000000,0.000000,0.000000,0.000000,0.344366,0.000000
10.267841,1765334414.107170,1765334337,0.321866,0.003024,0.000000,-0.000074,0.000000,0.000000,0.000000,0.000000
10.287833,1765334414.127153,1765334337,0.321862,0.003024,-0.000925,-0.000935,0.000000,0.000000,0.000000,0.000000
10.307843,1765334414.147163,1765334337,0.321862,0.003028,0.000074,0.000074,0.000000,0.000000,0.344366,0.000000
10.327838,1765334414.167151,1765334337,0.321862,0.003028,-0.000935,0.000871,0.000000,0.000000,0.000000,0.000000
10.347846,1765334414.187159,1765334337,0.321862,0.003024,0.000446,-0.000945,0.000000,0.000000,0.688732,0.000000
10.367855,1765334414.207168,1765334337,0.321862,0.003028,-0.000140,0.000140,0.000000,0.000000,0.000000,0.000000
10.387874,1765334414.227186,1765334337,0.321862,0.003028,-0.000140,0.000946,0.000000,0.000000,0.344366,0.000000
10.407884,1765334414.247203,1765334337,0.321862,0.003024,-0.000265,0.000806,0.000000,0.000000,0.000000,0.000000
10.427880,1765334414.267192,1765334337,0.321862,0.003024,-0.000901,-0.000265,0.000000,0.000000,0.344366,0.000000
10.447888,1765334414.287200,1765334337,0.321862,0.003024,-0.000074,-0.000946,0.000000,0.000000,0.000000,0.000000
10.467897,1765334414.307202,1765334337,0.321862,0.003024,-0.000930,-0.000798,0.000000,0.000000,0.000000,-0.344366
10.487903,1765334414.327208,1765334337,0.321866,0.003028,0.000608,0.000500,0.000000,0.000000,0.000000,0.000000
10.507912,1765334414.347224,1765334337,0.321862,0.003028,-0.000001,0.000944,0.000000,0.000000,0.344366,0.000000
10.527921,1765334414.367233,1765334337,0.321866,0.003024,-0.000223,-0.000140,0.000000,0.000000,0.344366,0.000000
10.547927,1765334414.387239,1765334337,0.321862,0.003024,-0.000946,-0.000872,0.000000,0.000000,0.000000,0.000000
10.567937,1765334414.407249,1765334337,0.321862,0.003028,-0.000000,0.000946,0.000000,0.000000,0.344366,0.000000
10.587945,1765334414.427257,1765334337,0.321866,0.003028,0.000500,0.000000,0.000000,0.000000,0.000000,0.000000
10.607954,1765334414.447267,1765334337,0.321862,0.003028,-0.000074,0.000000,0.000000,0.000000,0.344366,0.000000
10.627961,1765334414.467273,1765334337,0.321862,0.003028,-0.000417,0.000935,0.000000,0.000000,0.000000,0.000000
10.647971,1765334414.487305,1765334337,0.321862,0.003028,-0.000946,0.000000,0.000000,0.000000,0.000000,0.000000
10.667978,1765334414.507321,1765334337,0.321862,0.003024,-0.000002,0.000805,0.000000,0.000000,0.344366,0.000000
10.687987,1765334414.527333,1765334337,0.321866,0.003024,0.000803,-0.000943,0.000000,0.000000,0.000000,0.000000
10.707964,1765334414.547270,1765334337,0.321862,0.003024,-0.000140,-0.000935,0.000000,0.000000,0.000000,0.000000
10.727903,1765334414.567165,1765334337,0.321862,0.003028,-0.000002,-0.000682,0.000000,0.000000,0.000000,0.000000
10.747942,1765334414.587222,1765334337,0.321866,0.003028,0.000944,0.000074,0.000000,0.000000,0.000000,0.000000
10.767962,1765334414.607251,1765334337,0.321862,0.003028,-0.000945,0.000945,0.000000,0.000000,0.344366,0.000000
10.787928,1765334414.627204,1765334337,0.321862,0.003024,-0.000500,-0.000021,0.000000,0.000000,0.000000,0.000000
10.808005,1765334414.647327,1765334337,0.321862,0.003024,0.000000,-0.000943,0.000000,0.000000,0.344366,0.000000
10.828052,1765334414.667359,1765334337,0.321862,0.003024,-0.000001,-0.000935,0.000000,0.000000,0.000000,0.000000
10.848061,1765334414.687375,1765334337,0.321866,0.003028,0.000896,0.000946,0.000000,0.000000,0.000000,0.000000
10.868115,1765334414.707458,1765334337,0.321862,0.003024,-0.000946,0.000435,0.000000,0.000000,0.000000,0.000000
10.888106,1765334414.727436,1765334337,0.321862,0.003028,-0.000946,0.000000,0.000000,0.000000,0.000000,0.000000
10.908020,1765334414.747343,1765334337,0.321866,0.003024,0.000643,-0.000945,0.000000,0.000000,0.000000,0.000000
10.928163,1765334414.767507,1765334337,0.321862,0.003028,-0.000480,0.000006,0.000000,0.000000,0.000000,0.000000
10.948174,1765334414.787518,1765334337,0.321862,0.003024,-0.000011,0.000039,0.000000,0.000000,0.000000,0.000000
10.968151,1765334414.807481,1765334337,0.321866,0.003028,0.000608,0.000945,0.000000,0.000000,0.000000,0.000000
10.988153,1765334414.827474,1765334337,0.321862,0.003024,-0.000945,0.000000,0.000000,0.000000,0.344366,0.000000
11.008155,1765334414.847468,1765334337,0.321866,0.003024,0.000806,0.000000,0.000000,0.000000,0.344366,0.000000
11.028086,1765334414.867386,1765334337,0.321862,0.003024,-0.000944,0.000000,0.000000,0.000000,0.000000,0.000000
11.048087,1765334414.887353,1765334337,0.321862,0.003024,-0.000943,0.000000,0.000000,0.000000,0.000000,0.000000
11.068123,1765334414.907396,1765334337,0.321866,0.003028,0.000944,0.000943,0.000000,0.000000,0.000000,0.000000
11.088137,1765334414.927415,1765334337,0.321866,0.003024,0.000946,-0.000500,0.000000,0.000000,0.344366,0.000000
11.108165,1765334414.947456,1765334337,0.321866,0.003024,0.000942,-0.000937,0.000000,0.000000,0.000000,0.000000
11.128186,1765334414.967486,1765334337,0.321862,0.003028,-0.000265,0.000003,0.000000,0.000000,0.000000,0.000000
11.148218,1765334414.987531,1765334337,0.321862,0.003024,-0.000682,-0.000074,0.000000,0.000000,0.000000,0.000000
11.168227,1765334415.007539,1765334337,0.321866,0.003024,0.000798,-0.000500,0.000000,0.000000,0.344366,0.000000
11.188247,1765334415.027566,1765334337,0.321866,0.003024,0.000500,-0.000945,0.000000,0.000000,0.000000,0.000000
11.208257,1765334415.047577,1765334337,0.321866,0.003024,0.000680,0.000000,0.000000,0.000000,0.344366,0.000000
11.228266,1765334415.067586,1765334337,0.321862,0.003024,0.000000,0.000000,0.000000,0.000000,0.000000,0.000000
11.248275,1765334415.087595,1765334337,0.321862,0.003028,-0.000946,0.000946,0.000000,0.000000,0.344366,0.000000
11.268283,1765334415.107604,1765334337,0.321862,0.003024,-0.000942,-0.000039,0.000000,0.000000,-0.688732,0.000000
11.288293,1765334415.127614,1765334337,0.321862,0.003024,-0.000934,-0.000945,0.000000,0.000000,0.000000,0.000000
11.308406,1765334415.147749,1765334337,0.321862,0.003028,-0.000733,-0.000417,0.000000,0.000000,0.000000,0.000000
11.328452,1765334415.167796,1765334337,0.321862,0.003028,-0.000499,0.000946,0.000000,0.000000,0.000000,0.000000
11.348461,1765334415.187805,1765334337,0.321862,0.003024,-0.000943,-0.000140,0.000000,0.000000,0.000000,0.000000
11.368472,1765334415.207813,1765334337,0.321862,0.003024,0.000264,-0.000608,0.000000,0.000000,0.000000,0.000000
11.388461,1765334415.227790,1765334337,0.321862,0.003024,0.000000,0.000805,0.000000,0.000000,0.000000,0.000000
11.408471,1765334415.247801,1765334337,0.321862,0.003024,0.000000,-0.000000,0.000000,0.000000,0.000000,0.000000
11.428463,1765334415.267783,1765334337,0.321862,0.003028,0.000000,0.000001,0.000000,0.000000,0.000000,0.000000
11.448473,1765334415.287794,1765334337,0.321862,0.003028,0.000000,0.000940,0.000000,0.000000,0.344366,0.000000
11.468482,1765334415.307802,1765334337,0.321862,0.003024,-0.000940,-0.000872,0.000000,0.000000,0.344366,0.000000
11.488491,1765334415.327811,1765334337,0.321862,0.003028,0.000074,0.000000,0.000000,0.000000,0.000000,0.000000
11.508500,1765334415.347820,1765334337,0.321866,0.003028,0.000000,0.000925,0.000000,0.000000,0.000000,0.000000
11.528511,1765334415.367831,1765334337,0.321862,0.003028,-0.000440,0.000906,0.000000,0.000000,0.000000,0.000000
11.548507,1765334415.387819,1765334337,0.321862,0.003024,0.000039,-0.000039,0.000000,0.000000,0.344366,0.000000
11.568527,1765334415.407847,1765334337,0.321862,0.003028,0.000000,0.000021,0.000000,0.000000,-0.688732,0.000000
11.588538,1765334415.427858,1765334337,0.321862,0.003024,-0.000021,-0.000006,0.000000,0.000000,0.344366,0.000000
11.608546,1765334415.447867,1765334337,0.321862,0.003024,-0.000542,-0.000907,0.000000,0.000000,0.344366,-0.688732
11.628555,1765334415.467875,1765334337,0.321862,0.003028,-0.000265,0.000946,0.000000,0.000000,0.000000,0.000000
11.648564,1765334415.487885,1765334337,0.321862,0.003028,-0.000682,0.000940,0.000000,0.000000,-0.688732,0.000000
11.668574,1765334415.507894,1765334337,0.321866,0.003024,0.000000,-0.000006,0.000000,0.000000,-0.688732,0.000000
11.688583,1765334415.527902,1765334337,0.321866,0.003024,0.000000,-0.000925,0.000000,0.000000,0.000000,0.000000
11.708580,1765334415.547893,1765334337,0.321866,0.003028,0.000140,0.000074,0.000000,0.000000,0.344366,0.000000
11.728556,1765334415.567825,1765334337,0.321866,0.003024,0.000000,-0.000140,0.000000,0.000000,0.000000,0.000000
11.748551,1765334415.587823,1765334337,0.321866,0.003024,0.000000,-0.000074,0.000000,0.000000,0.000000,0.000000
11.768633,1765334415.607939,1765334337,0.321866,0.003024,0.000000,-0.000943,0.000000,0.000000,0.344366,0.000000
11.788668,1765334415.627988,1765334337,0.321862,0.003028,-0.000943,0.000946,0.000000,0.000000,0.000000,0.000000
11.808702,1765334415.648021,1765334337,0.321866,0.003024,0.000852,-0.000000,0.000000,0.000000,0.000000,0.000000
11.828697,1765334415.668010,1765334337,0.321866,0.003028,0.000000,0.000000,0.000000,0.000000,0.000000,0.000000
11.848718,1765334415.688038,1765334337,0.321862,0.003028,-0.000945,0.000003,0.000000,0.000000,0.344366,0.000000
11.868766,1765334415.708109,1765334337,0.321866,0.003028,0.000946,0.000500,0.000000,0.000000,0.000000,0.000000
11.888776,1765334415.728120,1765334337,0.321862,0.003028,-0.000868,0.000943,0.000000,0.000000,0.000000,0.000000
11.908764,1765334415.748093,1765334337,0.321862,0.003024,-0.000907,-0.000006,0.000000,0.000000,0.000000,0.000000
11.928756,1765334415.768076,1765334337,0.321862,0.003024,0.000000,-0.000265,0.000000,0.000000,0.344366,0.000000
11.948755,1765334415.788069,1765334337,0.321862,0.003024,0.000074,-0.000924,0.000000,0.000000,-0.688732,0.000000
11.968764,1765334415.808077,1765334337,0.321862,0.003028,0.000000,0.000946,0.000000,0.000000,0.000000,0.000000
11.988771,1765334415.828084,1765334337,0.321862,0.003028,0.000000,0.000872,0.000000,0.000000,0.000000,0.000000
12.008792,1765334415.848111,1765334337,0.321862,0.003024,-0.000833,-0.000074,0.000000,0.000000,0.344366,0.000000
12.028869,1765334415.868212,1765334337,0.321866,0.003024,0.000946,-0.000946,0.000000,0.000000,0.000000,0.000000
12.048923,1765334415.888358,1765334337,0.321862,0.003028,0.000000,0.000011,0.000000,0.000000,0.000000,0.000000
12.068759,1765334415.908033,1765334337,0.321866,0.003028,0.000925,0.000944,0.000000,0.000000,0.000000,0.000000
12.088781,1765334415.928065,1765334337,0.321862,0.003028,0.000000,0.000869,0.000000,0.000000,0.000000,0.000000
12.108801,1765334415.948093,1765334337,0.321862,0.003024,0.000000,-0.000946,0.000000,0.000000,-0.688732,0.000000
12.128814,1765334415.968109,1765334337,0.321862,0.003024,0.000000,-0.000943,0.000000,0.000000,0.000000,0.000000
12.148817,1765334415.988115,1765334337,0.321862,0.003028,0.000000,0.000021,0.000000,0.000000,0.000000,0.000000
12.168828,1765334416.008128,1765334337,0.321862,0.003024,0.000000,-0.000681,0.000000,0.000000,0.000000,0.000000
12.188921,1765334416.028265,1765334337,0.321862,0.003024,0.000000,-0.000946,0.000000,0.000000,0.000000,0.000000
12.208909,1765334416.048240,1765334337,0.321862,0.003028,-0.000943,-0.000661,0.000000,0.000000,0.344366,0.000000
12.228904,1765334416.068224,1765334337,0.321862,0.003028,-0.000006,0.000946,0.000000,0.000000,0.344366,0.000000
12.248912,1765334416.088233,1765334337,0.321862,0.003024,-0.000945,0.000806,0.000000,0.000000,0.000000,0.000000
12.268922,1765334416.108242,1765334337,0.321866,0.003024,0.000924,0.000671,0.000000,0.000000,0.000000,0.000000
12.288931,1765334416.128249,1765334337,0.321866,0.003024,0.000000,-0.000074,0.000000,0.000000,0.344366,0.000000
12.308927,1765334416.148242,1765334337,0.321862,0.003024,-0.000940,-0.000500,0.000000,0.000000,0.344366,0.000000
12.328935,1765334416.168249,1765334337,0.321866,0.003028,0.000943,0.000074,0.000000,0.000000,0.000000,0.000000
12.348944,1765334416.188257,1765334337,0.321862,0.003024,-0.000935,0.000000,0.000000,0.000000,0.344366,0.000000
12.368952,1765334416.208265,1765334337,0.321862,0.003024,-0.000887,-0.000500,0.000000,0.000000,0.000000,0.000000
12.388960,1765334416.228273,1765334337,0.321866,0.003028,0.000946,0.000000,0.000000,0.000000,0.344366,0.000000
12.408969,1765334416.248311,1765334337,0.321862,0.003028,0.000000,0.000000,0.000000,0.000000,0.000000,0.000000
12.428977,1765334416.268318,1765334337,0.321862,0.003028,0.000000,0.000946,0.000000,0.000000,0.000000,0.000000
12.448985,1765334416.288331,1765334337,0.321862,0.003028,-0.000435,0.000940,0.000000,0.000000,0.000000,0.000000
12.468993,1765334416.308334,1765334337,0.321866,0.003024,0.000946,-0.000039,0.000000,0.000000,0.000000,0.000000
12.489004,1765334416.328506,1765334337,0.321862,0.003024,0.000020,-0.000945,0.000000,0.000000,0.000000,0.000000
12.508947,1765334416.348243,1765334337,0.321866,0.003028,0.000946,-0.000803,0.000000,0.000000,0.000000,0.000000
12.529083,1765334416.368414,1765334337,0.321866,0.003028,0.000872,0.000074,0.000000,0.000000,0.000000,0.000000
12.549068,1765334416.388390,1765334337,0.321862,0.003028,-0.000139,0.000907,0.000000,0.000000,-0.688732,0.000000
12.569063,1765334416.408378,1765334337,0.321862,0.003024,0.000000,-0.000074,0.000000,0.000000,0.000000,0.000000
12.589071,1765334416.428385,1765334337,0.321862,0.003024,0.000000,-0.000945,0.000000,0.000000,0.000000,0.000000
12.609077,1765334416.448390,1765334337,0.321862,0.003024,-0.000265,-0.000896,0.000000,0.000000,0.000000,0.000000
12.629086,1765334416.468400,1765334337,0.321862,0.003028,-0.000945,0.000140,0.000000,0.000000,0.000000,0.000000
12.649094,1765334416.488407,1765334337,0.321866,0.003028,0.000907,0.000940,0.000000,0.000000,0.000000,0.000000
12.669101,1765334416.508414,1765334337,0.321862,0.003024,-0.000500,-0.000946,0.000000,0.000000,0.000000,0.000000
12.689109,1765334416.528422,1765334337,0.321866,0.003024,0.000946,-0.000021,0.000000,0.000000,0.000000,0.000000
12.709116,1765334416.548430,1765334337,0.321862,0.003024,-0.000500,-0.000943,0.000000,0.000000,0.344366,0.000000
12.729015,1765334416.568286,1765334337,0.321862,0.003028,0.000000,0.000264,0.000000,0.000000,0.000000,0.000000
12.749052,1765334416.588329,1765334337,0.321862,0.003028,-0.000925,0.000925,0.000000,0.000000,0.000000,0.000000
12.769104,1765334416.608399,1765334337,0.321862,0.003024,0.000000,-0.000140,0.000000,0.000000,0.344366,0.000000
12.789153,1765334416.628466,1765334337,0.321862,0.003028,0.000000,-0.000805,0.000000,0.000000,0.344366,0.000000
12.809158,1765334416.648472,1765334337,0.321862,0.003028,0.000000,0.000500,0.000000,0.000000,0.344366,0.000000
12.829171,1765334416.668483,1765334337,0.321862,0.003028,0.000000,0.000940,0.000000,0.000000,0.000000,0.000000
12.849191,1765334416.688512,1765334337,0.321866,0.003024,-0.000372,-0.000500,0.000000,0.000000,0.344366,0.000000
12.869201,1765334416.708520,1765334337,0.321862,0.003028,0.000000,0.000940,0.000000,0.000000,0.344366,0.000000
12.889209,1765334416.728530,1765334337,0.321866,0.003028,0.000940,0.000907,0.000000,0.000000,0.344366,0.000000
12.909219,1765334416.748540,1765334337,0.321862,0.003024,0.000000,-0.000039,0.000000,0.000000,0.000000,0.000000
12.929228,1765334416.768548,1765334337,0.321862,0.003024,-0.000006,-0.000925,0.000000,0.000000,0.000000,0.000000
12.949237,1765334416.788557,1765334337,0.321862,0.003028,-0.000140,0.000140,0.000000,0.000000,0.344366,0.000000
12.969246,1765334416.808567,1765334337,0.321862,0.003024,-0.000943,-0.000265,0.000000,0.000000,0.000000,0.000000
12.989254,1765334416.828574,1765334337,0.321862,0.003028,-0.000940,0.000945,0.000000,0.000000,0.000000,0.000000
13.009262,1765334416.848582,1765334337,0.321862,0.003028,0.000039,0.000934,0.000000,0.000000,0.000000,0.000000
13.029312,1765334416.868656,1765334337,0.321862,0.003024,-0.000901,-0.000946,0.000000,0.000000,-0.688732,0.000000
13.049343,1765334416.888708,1765334337,0.321862,0.003024,-0.000767,-0.000946,0.000000,0.000000,0.000000,0.000000
13.069196,1765334416.908466,1765334337,0.321866,0.003024,0.000946,-0.000021,0.000000,0.000000,0.344366,0.000000
13.089213,1765334416.928489,1765334337,0.321866,0.003024,0.000945,-0.000872,0.000000,0.000000,0.344366,0.000000
13.109237,1765334416.948525,1765334337,0.321862,0.003028,-0.000263,0.000000,0.000000,0.000000,0.000000,0.000000
13.129264,1765334416.968564,1765334337,0.321862,0.003028,-0.000872,0.000907,0.000000,0.000000,0.000000,0.000000
13.149297,1765334416.988610,1765334337,0.321862,0.003028,-0.000006,0.000943,0.000000,0.000000,0.000000,0.000000
13.169304,1765334417.008617,1765334337,0.321862,0.003028,0.000000,0.000021,0.000000,0.000000,0.344366,0.000000
13.189313,1765334417.028626,1765334337,0.321862,0.003028,0.000000,0.000907,0.000000,0.000000,0.000000,0.000000
13.209322,1765334417.048634,1765334337,0.321862,0.003024,0.000000,-0.000946,0.000000,0.000000,0.344366,0.000000
13.229329,1765334417.068641,1765334337,0.321866,0.003028,0.000946,0.000006,0.000000,0.000000,0.000000,0.000000
13.249350,1765334417.088688,1765334337,0.321862,0.003028,-0.000003,0.000946,0.000000,0.000000,0.000000,0.000000
13.269359,1765334417.108679,1765334337,0.321862,0.003024,-0.000786,-0.000006,0.000000,0.000000,0.344366,0.000000
13.289369,1765334417.128689,1765334337,0.321862,0.003024,0.000000,-0.000074,0.000000,0.000000,0.000000,0.000000
13.309377,1765334417.148698,1765334337,0.321862,0.003024,0.000000,-0.000945,0.000000,0.000000,0.344366,0.000000
13.329300,1765334417.168620,1765334337,0.321862,0.003028,-0.000138,0.000140,0.000000,0.000000,0.000000,0.000000
13.349347,1765334417.188652,1765334337,0.321862,0.003028,0.000000,0.000945,0.000000,0.000000,0.344366,0.000000
13.369491,1765334417.208835,1765334337,0.321862,0.003024,-0.000946,-0.000011,0.000000,0.000000,0.000000,0.000000
13.389502,1765334417.228846,1765334337,0.321866,0.003024,0.000945,-0.000907,0.000000,0.000000,0.344366,0.000000
13.409513,1765334417.248857,1765334337,0.321866,0.003028,0.000907,0.000946,0.000000,0.000000,0.000000,0.000000
13.429500,1765334417.268829,1765334337,0.321866,0.003028,0.000946,0.000944,0.000000,0.000000,0.344366,0.000000
13.449496,1765334417.288816,1765334337,0.321862,0.003028,-0.000000,0.000868,0.000000,0.000000,0.344366,0.000000
13.469505,1765334417.308826,1765334337,0.321862,0.003024,-0.000002,-0.000946,0.000000,0.000000,0.000000,0.000000
13.489514,1765334417.328834,1765334337,0.321862,0.003028,-0.000140,0.000946,0.000000,0.000000,0.344366,-0.688732
13.509523,1765334417.348842,1765334337,0.321862,0.003028,-0.000945,0.000906,0.000000,0.000000,0.344366,0.000000
13.529532,1765334417.368852,1765334337,0.321862,0.003024,-0.000905,-0.000039,0.000000,0.000000,0.000000,0.000000
13.549529,1765334417.388841,1765334337,0.321862,0.003024,-0.000946,-0.000935,0.000000,0.000000,0.000000,0.000000
13.569546,1765334417.408858,1765334337,0.321862,0.003028,0.000000,0.000946,0.000000,0.000000,0.000000,0.000000
13.589558,1765334417.428878,1765334337,0.321866,0.003024,0.000264,0.000444,0.000000,0.000000,0.344366,0.000000
13.609567,1765334417.448887,1765334337,0.321866,0.003024,0.000940,-0.000872,0.000000,0.000000,0.000000,0.000000
13.629576,1765334417.468895,1765334337,0.321862,0.003028,0.000000,0.000945,0.000000,0.000000,0.000000,0.000000
13.649585,1765334417.488905,1765334337,0.321866,0.003024,0.000872,-0.000500,0.000000,0.000000,0.000000,0.000000
13.669566,1765334417.508872,1765334337,0.321862,0.003024,-0.000805,-0.000946,0.000000,0.000000,0.000000,0.000000
13.689618,1765334417.528947,1765334337,0.321866,0.003024,0.000940,-0.000940,0.000000,0.000000,0.000000,0.000000
13.709588,1765334417.548905,1765334337,0.321862,0.003028,0.000000,0.000006,0.000000,0.000000,-0.688732,0.000000
13.729538,1765334417.568800,1765334337,0.321862,0.003028,0.000000,0.000935,0.000000,0.000000,0.344366,0.000000
13.749565,1765334417.588837,1765334337,0.321862,0.003028,0.000000,0.000925,0.000000,0.000000,0.344366,0.000000
13.769592,1765334417.608875,1765334337,0.321862,0.003024,-0.000869,-0.000074,0.000000,0.000000,0.000000,0.000000
13.789609,1765334417.628901,1765334337,0.321866,0.003024,0.000944,-0.000946,0.000000,0.000000,0.344366,0.000000
13.809630,1765334417.648930,1765334337,0.321862,0.003028,0.000000,-0.000417,0.000000,0.000000,0.344366,-0.688732
13.829715,1765334417.669059,1765334337,0.321862,0.003028,0.000000,0.000935,0.000000,0.000000,0.000000,0.000000
13.849729,1765334417.689073,1765334337,0.321866,0.003028,0.000945,0.000871,0.000000,0.000000,0.000000,0.000000
13.869704,1765334417.709024,1765334337,0.321862,0.003024,-0.000907,-0.000946,0.000000,0.000000,0.000000,0.000000
13.889709,1765334417.729029,1765334337,0.321862,0.003028,0.000039,-0.000806,0.000000,0.000000,-0.688732,0.000000
13.909757,1765334417.749103,1765334337,0.321862,0.003028,0.000000,0.000946,0.000000,0.000000,0.000000,0.000000
13.929769,1765334417.769112,1765334337,0.321866,0.003028,0.000682,0.000935,0.000000,0.000000,-0.688732,0.000000
13.949761,1765334417.789091,1765334337,0.321862,0.003024,0.000140,-0.000946,0.000000,0.000000,0.344366,0.000000
13.969768,1765334417.809098,1765334337,0.321862,0.003028,-0.000139,-0.000425,0.000000,0.000000,0.000000,0.000000
13.989767,1765334417.829087,1765334337,0.321862,0.003028,-0.000608,0.000000,0.000000,0.000000,0.000000,0.000000
14.009772,1765334417.849092,1765334337,0.321866,0.003024,0.000945,-0.000021,0.000000,0.000000,0.000000,0.000000
14.029821,1765334417.869165,1765334337,0.321862,0.003024,-0.000006,-0.000907,0.000000,0.000000,0.344366,0.000000
14.049759,1765334417.889089,1765334337,0.321862,0.003028,0.000000,0.000945,0.000000,0.000000,0.000000,0.000000
14.069685,1765334417.908948,1765334337,0.321866,0.003024,0.000542,-0.000265,0.000000,0.000000,0.000000,0.000000
14.089747,1765334417.929038,1765334337,0.321862,0.003024,0.000435,-0.000140,0.000000,0.000000,0.000000,0.000000
14.109768,1765334417.949068,1765334337,0.321862,0.003028,0.000010,0.000946,0.000000,0.000000,0.000000,0.000000
14.129789,1765334417.969095,1765334337,0.321862,0.003024,0.000006,-0.000003,0.000000,0.000000,-0.688732,0.000000
14.149858,1765334417.989202,1765334337,0.321866,0.003028,0.000500,0.000000,0.000000,0.000000,0.344366,0.000000
14.169870,1765334418.009214,1765334337,0.321866,0.003024,0.000796,-0.000500,0.000000,0.000000,0.000000,0.000000
14.189741,1765334418.029015,1765334337,0.321866,0.003024,0.000943,-0.000945,0.000000,0.000000,0.000000,0.000000
14.209731,1765334418.048993,1765334337,0.321862,0.003024,-0.000002,-0.000871,0.000000,0.000000,0.000000,0.000000
14.229742,1765334418.069014,1765334337,0.321862,0.003028,0.000000,0.000039,0.000000,0.000000,-0.688732,0.000000
14.249785,1765334418.089072,1765334337,0.321862,0.003028,0.000011,0.000140,0.000000,0.000000,0.344366,0.000000
14.269894,1765334418.109237,1765334337,0.321862,0.003024,0.000000,-0.000011,0.000000,0.000000,0.000000,0.000000
14.289871,1765334418.129191,1765334337,0.321862,0.003024,0.000000,-0.000946,0.000000,0.000000,0.000000,0.000000
14.309860,1765334418.149172,1765334337,0.321862,0.003028,0.000000,-0.000803,0.000000,0.000000,0.000000,-0.344366
14.329881,1765334418.169201,1765334337,0.321862,0.003028,0.000000,0.000943,0.000000,0.000000,0.000000,0.000000
14.349877,1765334418.189190,1765334337,0.321862,0.003024,0.000440,-0.000140,0.000000,0.000000,0.000000,0.000000
14.369815,1765334418.209105,1765334337,0.321862,0.003024,0.000000,-0.000946,0.000000,0.000000,0.344366,0.000000
14.389856,1765334418.229162,1765334337,0.321862,0.003024,0.000000,-0.000940,0.000000,0.000000,0.000000,0.000000
14.409864,1765334418.249168,1765334337,0.321862,0.003028,0.000000,0.000500,0.000000,0.000000,0.000000,0.000000
14.429910,1765334418.269230,1765334337,0.321862,0.003028,0.000001,0.000935,0.000000,0.000000,0.000000,0.000000
14.449909,1765334418.289225,1765334337,0.321862,0.003024,-0.000140,0.000000,0.000000,0.000000,0.000000,0.000000
14.469917,1765334418.309234,1765334337,0.321862,0.003024,-0.000934,-0.000002,0.000000,0.000000,0.000000,0.000000
14.490076,1765334418.329443,1765334337,0.321862,0.003028,0.000000,0.000935,0.000000,0.000000,0.000000,0.000000
14.510079,1765334418.349424,1765334337,0.321866,0.003024,0.000943,-0.000002,0.000000,0.000000,0.344366,0.000000
14.530100,1765334418.369445,1765334337,0.321862,0.003028,0.000000,0.000000,0.000000,0.000000,0.000000,0.000000
14.550084,1765334418.389415,1765334337,0.321862,0.003024,0.000000,-0.000500,0.000000,0.000000,0.000000,0.000000
14.570062,1765334418.409384,1765334337,0.321862,0.003024,0.000005,-0.000925,0.000000,0.000000,-0.688732,0.000000
14.589961,1765334418.429243,1765334337,0.321862,0.003028,-0.000935,0.000006,0.000000,0.000000,0.344366,0.000000
14.610077,1765334418.449391,1765334337,0.321862,0.003028,0.000000,0.000140,0.000000,0.000000,0.000000,0.000000
14.630082,1765334418.469395,1765334337,0.321862,0.003028,0.000000,0.000935,0.000000,0.000000,0.344366,0.000000
14.650086,1765334418.489399,1765334337,0.321862,0.003028,-0.000003,0.000806,0.000000,0.000000,0.000000,0.000000
14.670098,1765334418.509411,1765334337,0.321862,0.003028,0.000000,0.000003,0.000000,0.000000,0.000000,0.000000
14.690121,1765334418.529435,1765334337,0.321862,0.003024,0.000000,-0.000500,0.000000,0.000000,0.344366,0.000000
14.710091,1765334418.549396,1765334337,0.321862,0.003024,0.000000,-0.000925,0.000000,0.000000,0.344366,0.000000
14.730006,1765334418.569276,1765334337,0.321862,0.003024,0.000000,0.000872,0.000000,0.000000,0.000000,0.000000
14.750076,1765334418.589365,1765334337,0.321862,0.003024,0.000000,-0.000011,0.000000,0.000000,0.000000,0.000000
14.770034,1765334418.609298,1765334337,0.321862,0.003028,0.000000,0.000000,0.000000,0.000000,0.000000,0.000000
14.790067,1765334418.629343,1765334337,0.321862,0.003028,-0.000244,0.000943,0.000000,0.000000,0.344366,0.000000
14.810118,1765334418.649418,1765334337,0.321862,0.003024,0.000000,-0.000946,0.000000,0.000000,0.344366,0.000000
14.830061,1765334418.669341,1765334337,0.321862,0.003024,0.000000,-0.000940,0.000000,0.000000,0.000000,0.000000
14.850147,1765334418.689452,1765334337,0.321862,0.003024,0.000000,-0.000074,0.000000,0.000000,0.000000,0.000000
14.870171,1765334418.709484,1765334337,0.321862,0.003028,-0.000671,0.000943,0.000000,0.000000,0.000000,0.000000
14.890183,1765334418.729498,1765334337,0.321862,0.003024,0.000000,-0.000907,0.000000,0.000000,0.000000,0.000000
14.910200,1765334418.749520,1765334337,0.321862,0.003024,0.000005,-0.000934,0.000000,0.000000,0.344366,0.000000
14.930208,1765334418.769528,1765334337,0.321862,0.003028,0.000000,0.000500,0.000000,0.000000,0.344366,0.000000
14.950216,1765334418.789535,1765334337,0.321862,0.003028,0.000000,0.000000,0.000000,0.000000,0.344366,0.000000
14.970227,1765334418.809547,1765334337,0.321862,0.003028,0.000000,0.000935,0.000000,0.000000,0.000000,0.000000
14.990222,1765334418.829535,1765334337,0.321862,0.003024,0.000000,-0.000074,0.000000,0.000000,0.000000,0.000000
15.010230,1765334418.849543,1765334337,0.321862,0.003024,0.000000,-0.000945,0.000000,0.000000,0.000000,0.000000
15.030289,1765334418.869633,1765334337,0.321866,0.003024,0.000940,-0.000869,0.000000,0.000000,0.344366,0.000000
15.050214,1765334418.889539,1765334337,0.321862,0.003028,-0.000140,0.000944,0.000000,0.000000,0.000000,0.000000
15.070170,1765334418.909439,1765334337,0.321862,0.003024,0.000139,-0.000074,0.000000,0.000000,0.000000,0.000000
15.090200,1765334418.929483,1765334337,0.321862,0.003024,-0.000074,-0.000946,0.000000,0.000000,-0.688732,0.000000
15.110227,1765334418.949522,1765334337,0.321862,0.003024,0.000000,-0.000946,0.000000,0.000000,0.000000,0.000000
15.130253,1765334418.969561,1765334337,0.321862,0.003024,0.000000,-0.000542,0.000000,0.000000,0.000000,0.000000
15.150275,1765334418.989588,1765334337,0.321862,0.003028,0.000000,0.000946,0.000000,0.000000,0.000000,0.000000
15.170283,1765334419.009595,1765334337,0.321862,0.003024,0.000000,-0.000011,0.000000,0.000000,0.000000,0.000000
15.190290,1765334419.029602,1765334337,0.321862,0.003024,0.000006,0.000000,0.000000,0.000000,0.344366,0.000000
15.210311,1765334419.049631,1765334337,0.321862,0.003024,0.000020,0.000446,0.000000,0.000000,-0.688732,0.000000
15.230306,1765334419.069618,1765334337,0.321862,0.003024,0.000000,-0.000021,0.000000,0.000000,0.344366,0.000000
15.250344,1765334419.089674,1765334337,0.321862,0.003024,0.000000,-0.000946,0.000000,0.000000,0.000000,0.000000
15.270337,1765334419.109657,1765334337,0.321862,0.003024,0.000000,-0.000915,0.000000,0.000000,0.688732,0.000000
15.290386,1765334419.129730,1765334337,0.321862,0.003028,0.000000,0.000140,0.000000,0.000000,0.000000,0.000000
15.310318,1765334419.149634,1765334337,0.321862,0.003028,0.000073,0.000946,0.000000,0.000000,0.000000,0.000000
15.330338,1765334419.169643,1765334337,0.321862,0.003024,-0.000000,0.000682,0.000000,0.000000,0.344366,0.000000
15.350360,1765334419.189673,1765334337,0.321862,0.003024,0.000000,-0.000946,0.000000,0.000000,0.344366,0.000000
15.370380,1765334419.209701,1765334337,0.321862,0.003024,0.000000,-0.000945,0.000000,0.000000,0.000000,0.000000
15.390389,1765334419.229709,1765334337,0.321862,0.003024,0.000000,-0.000671,0.000000,0.000000,0.000000,0.000000
15.410387,1765334419.249700,1765334337,0.321862,0.003028,0.000000,0.000264,0.000000,0.000000,-0.688732,0.000000
15.430407,1765334419.269727,1765334337,0.321862,0.003028,0.000000,0.000946,0.000000,0.000000,0.000000,0.000000
15.450415,1765334419.289735,1765334337,0.321862,0.003028,0.000000,0.000906,0.000000,0.000000,0.000000,0.000000
15.470426,1765334419.309746,1765334337,0.321862,0.003024,0.000000,-0.000039,0.000000,0.000000,0.000000,0.000000
15.490436,1765334419.329756,1765334337,0.321862,0.003024,0.000000,-0.000945,0.000000,0.000000,0.344366,0.000000
15.510431,1765334419.349744,1765334337,0.321862,0.003024,0.000000,-0.000867,0.000000,0.000000,0.000000,0.000000
15.530439,1765334419.369753,1765334337,0.321862,0.003028,0.000000,0.000946,0.000000,0.000000,0.000000,0.000000
15.550449,1765334419.389761,1765334337,0.321862,0.003028,0.000000,0.000925,0.000000,0.000000,0.688732,0.000000
15.570469,1765334419.409789,1765334337,0.321862,0.003024,0.000000,-0.000265,0.000000,0.000000,0.000000,0.000000
15.590478,1765334419.429798,1765334337,0.321862,0.003028,0.000000,0.000011,0.000000,0.000000,0.000000,0.000000
15.610488,1765334419.449808,1765334337,0.321862,0.003028,0.000000,0.000264,0.000000,0.000000,0.344366,0.000000
15.630485,1765334419.469799,1765334337,0.321862,0.003028,0.000000,0.000935,0.000000,0.000000,0.344366,0.000000
15.650493,1765334419.489806,1765334337,0.321862,0.003028,0.000000,0.000935,0.000000,0.000000,0.000000,0.000000
15.670501,1765334419.509814,1765334337,0.321862,0.003024,0.000000,-0.000946,0.000000,0.000000,0.000000,0.000000
15.690522,1765334419.529842,1765334337,0.321862,0.003028,0.000000,-0.000867,0.000000,0.000000,0.000000,0.000000
15.710519,1765334419.549831,1765334337,0.321862,0.003024,0.000000,-0.000003,0.000000,0.000000,0.000000,0.000000
15.730425,1765334419.569687,1765334337,0.321862,0.003028,0.000000,0.000943,0.000000,0.000000,0.000000,0.000000
15.750467,1765334419.589748,1765334337,0.321862,0.003024,0.000000,-0.000946,0.000000,0.000000,0.344366,-0.344366
15.770493,1765334419.609785,1765334337,0.321866,0.003024,0.000872,-0.000943,0.000000,0.000000,0.688732,0.000000
15.790568,1765334419.629897,1765334337,0.321862,0.003028,0.000000,0.000945,0.000000,0.000000,0.000000,0.000000
15.810600,1765334419.649943,1765334337,0.321862,0.003024,0.000000,-0.000946,0.000000,0.000000,0.000000,0.000000
15.830588,1765334419.669918,1765334337,0.321862,0.003028,0.000000,0.000001,0.000000,0.000000,0.000000,0.000000
15.850598,1765334419.689927,1765334337,0.321862,0.003024,0.000000,-0.000140,0.000000,0.000000,0.000000,0.000000
15.870580,1765334419.709892,1765334337,0.321862,0.003024,0.000000,-0.000940,0.000000,0.000000,0.344366,0.000000
15.890589,1765334419.729901,1765334337,0.321862,0.003024,0.000000,-0.000946,0.000000,0.000000,0.000000,0.000000
15.910596,1765334419.749908,1765334337,0.321862,0.003024,0.000000,-0.000074,0.000000,0.000000,0.000000,0.000000
15.930616,1765334419.769929,1765334337,0.321862,0.003024,0.000000,-0.000942,0.000000,0.000000,0.000000,0.000000
15.950624,1765334419.789943,1765334337,0.321862,0.003024,0.000000,-0.000608,0.000000,0.000000,0.000000,0.000000
15.970634,1765334419.809955,1765334337,0.321866,0.003028,0.000907,0.000945,0.000000,0.000000,0.000000,0.000000
15.990631,1765334419.829944,1765334337,0.321862,0.003024,-0.000940,0.000445,0.000000,0.000000,0.000000,0.000000
16.010639,1765334419.849951,1765334337,0.321862,0.003024,0.000000,-0.000946,0.000000,0.000000,0.000000,-0.688732
16.030697,1765334419.870041,1765334337,0.321862,0.003028,0.000000,0.000001,0.000000,0.000000,0.000000,0.000000
16.050633,1765334419.889965,1765334337,0.321866,0.003028,0.000461,0.000945,0.000000,0.000000,0.344366,0.000000
16.070584,1765334419.909856,1765334337,0.321862,0.003028,0.000000,0.000806,0.000000,0.000000,0.344366,0.000000
16.090605,1765334419.929887,1765334337,0.321862,0.003028,0.000021,0.000767,0.000000,0.000000,0.000000,0.000000
16.110639,1765334419.949930,1765334337,0.321862,0.003024,0.000000,-0.000946,0.000000,0.000000,0.000000,0.000000
16.130661,1765334419.969966,1765334337,0.321862,0.003028,0.000000,0.000500,0.000000,0.000000,0.000000,0.000000
16.150668,1765334419.989974,1765334337,0.321862,0.003028,0.000000,0.000872,0.000000,0.000000,0.344366,0.000000
16.170720,1765334420.010050,1765334337,0.321862,0.003024,0.000000,-0.000935,0.000000,0.000000,-0.688732,0.000000
16.190753,1765334420.030096,1765334337,0.321862,0.003028,0.000000,0.000852,0.000000,0.000000,0.344366,0.000000
16.210742,1765334420.050073,1765334337,0.321862,0.003024,0.000000,-0.000946,0.000000,0.000000,0.688732,0.000000
16.230735,1765334420.070054,1765334337,0.321862,0.003028,-0.000440,0.000074,0.000000,0.000000,0.000000,0.000000
16.250744,1765334420.090063,1765334337,0.321862,0.003024,0.000000,-0.000901,0.000000,0.000000,0.000000,0.000000
16.270752,1765334420.110073,1765334337,0.321862,0.003028,0.000000,0.000946,0.000000,0.000000,0.000000,0.000000
16.290760,1765334420.130079,1765334337,0.321862,0.003028,0.000000,0.000944,0.000000,0.000000,0.688732,0.000000
16.310705,1765334420.150010,1765334337,0.321862,0.003024,0.000000,-0.000946,0.000000,0.000000,0.688732,0.000000
16.330723,1765334420.170027,1765334337,0.321862,0.003024,0.000000,-0.000140,0.000000,0.000000,0.344366,0.000000
16.350843,1765334420.190187,1765334337,0.321862,0.003024,-0.000002,-0.000925,0.000000,0.000000,0.000000,0.000000
16.370854,1765334420.210198,1765334337,0.321862,0.003028,0.000000,0.000021,0.000000,0.000000,0.000000,0.000000
16.390863,1765334420.230206,1765334337,0.321862,0.003028,0.000140,0.000500,0.000000,0.000000,0.000000,0.000000
16.410851,1765334420.250181,1765334337,0.321862,0.003024,0.000000,-0.000907,0.000000,0.000000,0.000000,0.000000
16.430844,1765334420.270164,1765334337,0.321862,0.003028,0.000000,0.000000,0.000000,0.000000,0.000000,0.000000
16.450853,1765334420.290172,1765334337,0.321862,0.003028,0.000000,0.000500,0.000000,0.000000,0.000000,0.000000
16.470862,1765334420.310180,1765334337,0.321862,0.003024,-0.000945,-0.000006,0.000000,0.000000,0.000000,0.000000
16.490858,1765334420.330171,1765334337,0.321862,0.003024,0.000000,-0.000940,0.000000,0.000000,0.000000,-0.688732
16.510879,1765334420.350195,1765334337,0.321862,0.003028,0.000000,0.000946,0.000000,0.000000,0.000000,0.000000
16.530808,1765334420.370097,1765334337,0.321862,0.003028,0.000000,0.000946,0.000000,0.000000,0.000000,0.000000
16.550885,1765334420.390198,1765334337,0.321862,0.003028,0.000000,0.000925,0.000000,0.000000,0.344366,0.000000
16.570892,1765334420.410204,1765334337,0.321862,0.003024,0.000000,-0.000500,0.000000,0.000000,0.000000,0.000000
16.590899,1765334420.430212,1765334337,0.321862,0.003024,0.000000,-0.000935,0.000000,0.000000,0.000000,0.000000
16.610909,1765334420.450221,1765334337,0.321862,0.003028,0.000000,0.000500,0.000000,0.000000,0.344366,0.000000
16.630916,1765334420.470229,1765334337,0.321866,0.003028,0.000906,0.000946,0.000000,0.000000,0.000000,-0.688732
16.650925,1765334420.490237,1765334337,0.321862,0.003024,0.000000,-0.000006,0.000000,0.000000,0.000000,0.000000
16.670933,1765334420.510245,1765334337,0.321866,0.003024,0.000426,-0.000946,0.000000,0.000000,0.344366,0.000000
16.690965,1765334420.530310,1765334337,0.321862,0.003024,0.000000,-0.000943,0.000000,0.000000,0.000000,0.000000
16.710950,1765334420.550261,1765334337,0.321862,0.003028,-0.000020,0.000946,0.000000,0.000000,0.344366,-0.344366
16.730856,1765334420.570117,1765334337,0.321862,0.003028,0.000000,-0.000444,0.000000,0.000000,0.000000,0.000000
16.750886,1765334420.590159,1765334337,0.321862,0.003028,0.000000,0.000806,0.000000,0.000000,0.000000,0.000000
16.770871,1765334420.610142,1765334337,0.321862,0.003024,-0.000002,-0.000074,0.000000,0.000000,0.000000,0.000000
16.790934,1765334420.630225,1765334337,0.321862,0.003024,0.000000,-0.000806,0.000000,0.000000,0.344366,0.000000
16.810959,1765334420.650264,1765334337,0.321862,0.003028,0.000000,0.000944,0.000000,0.000000,0.000000,0.000000
16.830980,1765334420.670325,1765334337,0.321862,0.003024,0.000000,-0.000039,0.000000,0.000000,0.000000,0.000000
16.850989,1765334420.690326,1765334337,0.321862,0.003024,0.000000,-0.000500,0.000000,0.000000,0.000000,0.000000
16.870996,1765334420.710337,1765334337,0.321862,0.003028,0.000000,-0.000643,0.000000,0.000000,0.000000,0.000000
16.891005,1765334420.730348,1765334337,0.321862,0.003028,0.000000,0.000940,0.000000,0.000000,0.344366,0.000000
16.911013,1765334420.750352,1765334337,0.321862,0.003028,0.000000,0.000446,0.000000,0.000000,0.000000,0.000000
16.931021,1765334420.770361,1765334337,0.321862,0.003024,0.000000,-0.000946,0.000000,0.000000,0.000000,-0.344366
16.951055,1765334420.790369,1765334337,0.321862,0.003024,0.000000,-0.000425,0.000000,0.000000,0.000000,0.000000
16.971063,1765334420.810377,1765334337,0.321862,0.003028,0.000000,0.000944,0.000000,0.000000,0.000000,0.000000
16.991058,1765334420.830365,1765334337,0.321862,0.003028,0.000000,0.000946,0.000000,0.000000,0.000000,0.000000
17.011078,1765334420.850392,1765334337,0.321862,0.003028,0.000000,0.000679,0.000000,0.000000,0.000000,0.000000
17.031089,1765334420.870402,1765334337,0.321862,0.003028,0.000000,0.000682,0.000000,0.000000,0.000000,0.000000
17.051053,1765334420.890375,1765334337,0.321862,0.003024,0.000000,-0.000946,0.000000,0.000000,0.000000,0.000000
17.071001,1765334420.910277,1765334337,0.321862,0.003024,0.000036,-0.000944,0.000000,0.000000,0.344366,0.000000
17.091022,1765334420.930318,1765334337,0.321862,0.003028,0.000000,0.000946,0.000000,0.000000,-0.688732,0.000000
17.111065,1765334420.950360,1765334337,0.321862,0.003024,0.000000,-0.000000,0.000000,0.000000,0.344366,0.000000
17.131090,1765334420.970396,1765334337,0.321862,0.003024,0.000000,-0.000806,0.000000,0.000000,0.344366,0.000000
17.151105,1765334420.990410,1765334337,0.321862,0.003024,0.000000,-0.000681,0.000000,0.000000,0.344366,0.000000
17.171127,1765334421.010440,1765334337,0.321862,0.003024,0.000000,-0.000946,0.000000,0.000000,0.344366,0.000000
17.191134,1765334421.030446,1765334337,0.321862,0.003024,0.000000,-0.000943,0.000000,0.000000,0.000000,0.000000
17.211142,1765334421.050454,1765334337,0.321862,0.003024,0.000000,-0.000021,0.000000,0.000000,0.000000,0.000000
17.231149,1765334421.070462,1765334337,0.321862,0.003024,0.000039,-0.000935,0.000000,0.000000,0.000000,0.000000
17.251147,1765334421.090458,1765334337,0.321862,0.003028,0.000000,0.000906,0.000000,0.000000,0.000000,0.000000
17.271168,1765334421.110480,1765334337,0.321862,0.003028,0.000000,0.000940,0.000000,0.000000,0.344366,0.000000
17.291177,1765334421.130492,1765334337,0.321862,0.003024,0.000000,-0.000021,0.000000,0.000000,0.000000,0.000000
17.311132,1765334421.150618,1765334337,0.321862,0.003024,0.000000,-0.000872,0.000000,0.000000,0.000000,0.000000
17.331248,1765334421.170592,1765334337,0.321862,0.003028,0.000000,0.000946,0.000000,0.000000,0.344366,0.000000
17.351260,1765334421.190600,1765334337,0.321862,0.003024,0.000000,0.000805,0.000000,0.000000,0.000000,0.000000
17.371232,1765334421.210553,1765334337,0.321862,0.003028,0.000000,0.000407,0.000000,0.000000,0.000000,0.000000
17.391279,1765334421.230623,1765334337,0.321862,0.003024,0.000000,-0.000946,0.000000,0.000000,0.344366,0.000000
17.411291,1765334421.250635,1765334337,0.321862,0.003028,0.000000,0.000011,0.000000,0.000000,0.344366,0.000000
17.431304,1765334421.270648,1765334337,0.321862,0.003028,0.000000,0.000676,0.000000,0.000000,0.344366,0.000000
17.451316,1765334421.290658,1765334337,0.321862,0.003024,0.000000,-0.000940,0.000000,0.000000,0.344366,0.000000
17.471304,1765334421.310633,1765334337,0.321862,0.003028,0.000000,0.000264,0.000000,0.000000,0.344366,0.000000
17.491298,1765334421.330618,1765334337,0.321862,0.003028,0.000000,0.000944,0.000000,0.000000,0.000000,0.000000
17.511347,1765334421.350692,1765334337,0.321862,0.003024,0.000000,-0.000074,0.000000,0.000000,0.000000,0.000000
17.531358,1765334421.370702,1765334337,0.321862,0.003028,0.000000,0.000011,0.000000,0.000000,0.344366,0.000000
17.551369,1765334421.390714,1765334337,0.321862,0.003024,0.000000,-0.000946,0.000000,0.000000,0.344366,0.000000
17.571381,1765334421.410724,1765334337,0.321862,0.003024,0.000000,-0.000925,0.000000,0.000000,0.688732,0.000000
17.591368,1765334421.430698,1765334337,0.321866,0.003028,0.000497,0.000039,0.000000,0.000000,-0.688732,0.000000
17.611400,1765334421.450744,1765334337,0.321862,0.003028,0.000000,0.000945,0.000000,0.000000,0.344366,0.000000
17.631411,1765334421.470755,1765334337,0.321862,0.003024,0.000000,-0.000011,0.000000,0.000000,0.000000,0.000000
17.651400,1765334421.490730,1765334337,0.321862,0.003028,0.000000,0.000001,0.000000,0.000000,0.000000,0.000000
17.671434,1765334421.510778,1765334337,0.321862,0.003024,0.000000,-0.000140,0.000000,0.000000,0.000000,0.000000
17.691445,1765334421.530789,1765334337,0.321862,0.003024,0.000000,-0.000265,0.000000,0.000000,0.344366,0.000000
17.711433,1765334421.550761,1765334337,0.321862,0.003028,0.000000,0.000000,0.000000,0.000000,0.000000,0.000000
17.731326,1765334421.570593,1765334337,0.321862,0.003024,0.000000,-0.000500,0.000000,0.000000,0.344366,0.000000
17.751346,1765334421.590622,1765334337,0.321862,0.003024,0.000000,-0.000946,0.000000,0.000000,0.344366,0.000000
17.771379,1765334421.610670,1765334337,0.321862,0.003028,0.000000,0.000074,0.000000,0.000000,0.000000,0.000000
17.791396,1765334421.630703,1765334337,0.321862,0.003024,0.000000,-0.000074,0.000000,0.000000,0.000000,0.000000
17.811508,1765334421.650852,1765334337,0.321862,0.003024,0.000000,0.000054,0.000000,0.000000,-0.688732,0.000000
17.831522,1765334421.670865,1765334337,0.321862,0.003028,0.000000,0.000943,0.000000,0.000000,0.000000,0.000000
17.851533,1765334421.690878,1765334337,0.321862,0.003028,0.000000,0.000681,0.000000,0.000000,0.344366,0.000000
17.871543,1765334421.710886,1765334337,0.321862,0.003024,0.000000,-0.000039,0.000000,0.000000,0.000000,0.000000
17.891533,1765334421.730875,1765334337,0.321862,0.003024,0.000000,-0.000925,0.000000,0.000000,0.000000,0.000000
17.911569,1765334421.750913,1765334337,0.321862,0.003028,0.000000,0.000500,0.000000,0.000000,0.344366,0.000000
17.931577,1765334421.770921,1765334337,0.321862,0.003028,0.000000,0.000867,0.000000,0.000000,0.344366,0.000000
17.951590,1765334421.790932,1765334337,0.321862,0.003028,0.000000,0.000907,0.000000,0.000000,0.000000,0.000000
17.971579,1765334421.810909,1765334337,0.321862,0.003024,0.000000,-0.000946,0.000000,0.000000,0.000000,0.000000
17.991570,1765334421.830891,1765334337,0.321862,0.003024,0.000000,-0.000940,0.000000,0.000000,0.000000,0.000000
18.011580,1765334421.850900,1765334337,0.321862,0.003028,0.000000,-0.000671,0.000000,0.000000,-0.688732,0.000000
18.031589,1765334421.870909,1765334337,0.321862,0.003028,0.000000,0.000945,0.000000,0.000000,0.344366,0.000000
18.051554,1765334421.890880,1765334337,0.321862,0.003028,0.000000,0.000922,0.000000,0.000000,0.000000,0.000000
18.071528,1765334421.910806,1765334337,0.321862,0.003024,0.000000,-0.000500,0.000000,0.000000,0.000000,0.000000
18.091546,1765334421.930834,1765334337,0.321862,0.003024,0.000000,-0.000925,0.000000,0.000000,0.000000,0.000000
18.111649,1765334421.950993,1765334337,0.321862,0.003028,0.000000,0.000264,0.000000,0.000000,0.000000,0.000000
18.131639,1765334421.970968,1765334337,0.321862,0.003028,0.000000,0.000935,0.000000,0.000000,0.000000,0.000000
18.151647,1765334421.990977,1765334337,0.321862,0.003024,-0.000018,-0.000074,0.000000,0.000000,0.000000,0.000000
18.171640,1765334422.010960,1765334337,0.321862,0.003024,0.000000,-0.000867,0.000000,0.000000,0.344366,0.000000
18.191638,1765334422.030951,1765334337,0.321866,0.003028,0.000907,0.000006,0.000000,0.000000,0.000000,0.000000
18.211700,1765334422.051044,1765334337,0.321862,0.003028,0.000000,0.000944,0.000000,0.000000,0.000000,0.000000
18.231688,1765334422.071018,1765334337,0.321862,0.003024,0.000000,-0.000021,0.000000,0.000000,0.344366,0.000000
18.251699,1765334422.091029,1765334337,0.321862,0.003024,0.000000,-0.000946,0.000000,0.000000,0.000000,0.000000
18.271708,1765334422.111027,1765334337,0.321862,0.003024,0.000000,-0.000896,0.000000,0.000000,0.000000,-0.688732
18.291702,1765334422.131021,1765334337,0.321862,0.003024,0.000138,0.000446,0.000000,0.000000,0.000000,0.000000
18.311654,1765334422.150964,1765334337,0.321862,0.003024,0.000000,-0.000946,0.000000,0.000000,0.000000,0.000000
18.331760,1765334422.171103,1765334337,0.321862,0.003024,0.000000,-0.000805,0.000000,0.000000,0.344366,0.000000
18.351750,1765334422.191079,1765334337,0.321862,0.003028,0.000000,0.000946,0.000000,0.000000,0.344366,0.000000
18.371758,1765334422.211087,1765334337,0.321862,0.003028,0.000000,0.000000,0.000000,0.000000,0.000000,0.000000
18.391752,1765334422.231071,1765334337,0.321862,0.003024,0.000000,-0.000039,0.000000,0.000000,0.000000,0.000000
18.411749,1765334422.251061,1765334337,0.321862,0.003024,0.000000,-0.000946,0.000000,0.000000,-0.688732,0.000000
18.431757,1765334422.271070,1765334337,0.321862,0.003024,0.000000,-0.000923,0.000000,0.000000,0.344366,0.000000
18.451764,1765334422.291077,1765334337,0.321862,0.003028,0.000000,0.000806,0.000000,0.000000,-0.688732,0.000000
18.471774,1765334422.311087,1765334337,0.321862,0.003024,0.000000,-0.000265,0.000000,0.000000,0.344366,0.000000
18.491796,1765334422.331112,1765334337,0.321862,0.003024,0.000000,-0.000946,0.000000,0.000000,0.000000,0.000000
18.511803,1765334422.351122,1765334337,0.321862,0.003028,0.000000,0.000011,0.000000,0.000000,0.000000,0.000000
18.531798,1765334422.371111,1765334337,0.321862,0.003028,0.000000,0.000934,0.000000,0.000000,0.000000,0.000000
18.551817,1765334422.391130,1765334337,0.321862,0.003024,0.000000,-0.000946,0.000000,0.000000,-0.688732,0.000000
18.571821,1765334422.411133,1765334337,0.321862,0.003024,0.000000,-0.000661,0.000000,0.000000,0.344366,0.000000
18.591837,1765334422.431157,1765334337,0.321862,0.003028,0.000000,-0.000021,0.000000,0.000000,0.000000,-0.344366
18.611846,1765334422.451167,1765334337,0.321862,0.003024,0.000000,-0.000945,0.000000,0.000000,0.344366,0.000000
18.631789,1765334422.471090,1765334337,0.321862,0.003024,0.000000,-0.000946,0.000000,0.000000,0.344366,0.000000
18.651903,1765334422.491248,1765334337,0.321862,0.003028,0.000000,0.000435,0.000000,0.000000,0.000000,0.000000
18.671893,1765334422.511223,1765334337,0.321862,0.003024,0.000000,-0.000946,0.000000,0.000000,0.000000,0.000000
18.691900,1765334422.531220,1765334337,0.321862,0.003024,0.000000,-0.000942,0.000000,0.000000,0.000000,0.000000
18.711896,1765334422.551215,1765334337,0.321862,0.003024,0.000000,-0.000445,0.000000,0.000000,0.344366,0.000000
18.731791,1765334422.571054,1765334337,0.321862,0.003028,0.000000,0.000946,0.000000,0.000000,0.344366,0.000000
18.751831,1765334422.591111,1765334337,0.321862,0.003024,0.000000,-0.000946,0.000000,0.000000,1.033098,0.000000
18.771808,1765334422.611079,1765334337,0.321862,0.003024,0.000000,-0.000935,0.000000,0.000000,0.344366,0.000000
18.791862,1765334422.631153,1765334337,0.321862,0.003024,0.000000,-0.000907,0.000000,0.000000,-0.688732,0.000000
18.811896,1765334422.651201,1765334337,0.321862,0.003028,0.000000,0.000940,0.000000,0.000000,0.344366,0.000000
18.831903,1765334422.671208,1765334337,0.321862,0.003024,0.000000,-0.000939,0.000000,0.000000,0.000000,0.000000
18.851926,1765334422.691238,1765334337,0.321862,0.003024,0.000000,0.000003,0.000000,0.000000,0.000000,0.000000
18.871935,1765334422.711249,1765334337,0.321862,0.003024,0.000000,0.000000,0.000000,0.000000,0.344366,0.000000
18.891926,1765334422.731231,1765334337,0.321866,0.003028,0.000945,0.000440,0.000000,0.000000,0.000000,0.000000
18.911949,1765334422.751262,1765334337,0.321862,0.003028,0.000000,0.000000,0.000000,0.000000,0.000000,0.000000
18.931957,1765334422.771270,1765334337,0.321862,0.003024,0.000000,-0.000000,0.000000,0.000000,0.000000,0.000000
18.951965,1765334422.791277,1765334337,0.321862,0.003024,0.000000,-0.000946,0.000000,0.000000,0.000000,0.000000
18.971974,1765334422.811316,1765334337,0.321862,0.003024,0.000000,-0.000872,0.000000,0.000000,0.000000,0.000000
18.991966,1765334422.831270,1765334337,0.321862,0.003028,0.000000,0.000945,0.000000,0.000000,0.000000,0.000000
19.011973,1765334422.851278,1765334337,0.321862,0.003028,0.000000,0.000000,0.000000,0.000000,0.000000,0.000000
19.031997,1765334422.871339,1765334337,0.321862,0.003028,0.000000,0.000000,0.000000,0.000000,0.344366,0.000000
19.051912,1765334422.891176,1765334337,0.321862,0.003024,0.000000,-0.000930,0.000000,0.000000,0.000000,-0.344366
19.071911,1765334422.911180,1765334337,0.321862,0.003028,-0.000682,0.000074,0.000000,0.000000,-0.688732,0.000000
19.091921,1765334422.931196,1765334337,0.321866,0.003024,0.000945,-0.000946,0.000000,0.000000,0.344366,0.000000
19.111926,1765334422.951203,1765334337,0.321862,0.003024,0.000000,-0.000425,0.000000,0.000000,0.000000,0.000000
19.132094,1765334422.971439,1765334337,0.321862,0.003028,0.000000,0.000074,0.000000,0.000000,0.000000,0.000000
19.152089,1765334422.991421,1765334337,0.321862,0.003024,0.000000,-0.000039,0.000000,0.000000,0.344366,0.000000
19.172063,1765334423.011377,1765334337,0.321862,0.003024,0.000000,-0.000946,0.000000,0.000000,0.344366,0.000000
19.191994,1765334423.031290,1765334337,0.321862,0.003028,0.000000,0.000944,0.000000,0.000000,0.344366,0.000000
19.211981,1765334423.051247,1765334337,0.321862,0.003028,0.000000,0.000000,0.000000,0.000000,0.000000,0.000000
19.231989,1765334423.071263,1765334337,0.321862,0.003028,0.000000,0.000946,0.000000,0.000000,0.000000,0.000000
19.252077,1765334423.091377,1765334337,0.321862,0.003024,0.000000,-0.000946,0.000000,0.000000,0.000000,0.000000
19.272009,1765334423.111291,1765334337,0.321862,0.003028,0.000000,0.000001,0.000000,0.000000,0.000000,0.000000
19.292068,1765334423.131363,1765334337,0.321862,0.003024,0.000000,-0.000946,0.000000,0.000000,0.000000,0.000000
19.312103,1765334423.151409,1765334337,0.321862,0.003028,0.000000,0.000000,0.000000,0.000000,-0.688732,0.000000
19.332079,1765334423.171371,1765334337,0.321862,0.003028,0.000000,0.000924,0.000000,0.000000,0.000000,0.000000
19.352064,1765334423.191353,1765334337,0.321862,0.003028,0.000000,0.000924,0.000000,0.000000,0.344366,0.000000
19.372019,1765334423.211290,1765334337,0.321862,0.003024,0.000000,-0.000946,0.000000,0.000000,0.344366,0.000000
19.392038,1765334423.231310,1765334337,0.321866,0.003024,0.000935,-0.000767,0.000000,0.000000,-0.688732,0.000000
19.412087,1765334423.251379,1765334337,0.321862,0.003028,0.000000,0.000806,0.000000,0.000000,0.000000,0.000000
19.432113,1765334423.271413,1765334337,0.321862,0.003024,0.000000,-0.000011,0.000000,0.000000,0.688732,0.000000
19.452130,1765334423.291435,1765334337,0.321862,0.003024,0.000000,0.000000,0.000000,0.000000,0.344366,0.000000
19.472154,1765334423.311467,1765334337,0.321862,0.003024,0.000000,0.000000,0.000000,0.000000,0.000000,0.000000
19.492163,1765334423.331475,1765334337,0.321862,0.003024,0.000000,0.000000,0.000000,0.000000,0.000000,0.000000
19.512171,1765334423.351484,1765334337,0.321862,0.003024,0.000000,0.000000,0.000000,0.000000,0.344366,0.000000
19.532192,1765334423.371511,1765334337,0.321862,0.003024,0.000000,0.000000,0.000000,0.000000,0.344366,0.000000
19.552200,1765334423.391520,1765334337,0.321862,0.003024,0.000000,-0.000924,0.000000,0.000000,0.000000,0.000000
19.572210,1765334423.411531,1765334337,0.321862,0.003028,0.000000,0.000946,0.000000,0.000000,0.000000,0.000000
19.592219,1765334423.431539,1765334337,0.321862,0.003028,0.000000,0.000925,0.000000,0.000000,0.344366,0.000000
19.612229,1765334423.451549,1765334337,0.321862,0.003028,0.000000,0.000904,0.000000,0.000000,0.344366,0.000000
19.632225,1765334423.471539,1765334337,0.321862,0.003028,0.000000,0.000000,0.000000,0.000000,0.344366,0.000000
19.652247,1765334423.491567,1765334337,0.321862,0.003028,0.000000,0.000140,0.000000,0.000000,0.000000,0.000000
19.672255,1765334423.511575,1765334337,0.321862,0.003028,0.000000,0.000946,0.000000,0.000000,0.000000,0.000000
19.692238,1765334423.531542,1765334337,0.321862,0.003028,0.000000,0.000935,0.000000,0.000000,0.344366,0.000000
19.712290,1765334423.551620,1765334337,0.321862,0.003024,0.000000,-0.000265,0.000000,0.000000,0.000000,0.000000
19.732170,1765334423.571432,1765334337,0.321862,0.003024,0.000000,-0.000945,0.000000,0.000000,0.000000,0.000000
19.752187,1765334423.591455,1765334337,0.321862,0.003028,0.000000,0.000140,0.000000,0.000000,0.000000,0.000000
19.772206,1765334423.611483,1765334337,0.321862,0.003028,0.000000,0.000946,0.000000,0.000000,0.344366,0.000000
19.792231,1765334423.631519,1765334337,0.321862,0.003028,0.000000,0.000000,0.000000,0.000000,0.000000,0.000000
19.812258,1765334423.651558,1765334337,0.321862,0.003024,0.000000,-0.000907,0.000000,0.000000,0.344366,0.000000
19.832276,1765334423.671581,1765334337,0.321862,0.003028,0.000000,0.000946,0.000000,0.000000,0.000000,0.000000
19.852298,1765334423.691611,1765334337,0.321862,0.003028,0.000000,0.000443,0.000000,0.000000,0.000000,0.000000
19.872305,1765334423.711618,1765334337,0.321862,0.003024,0.000000,-0.000265,0.000000,0.000000,0.000000,0.000000
19.892315,1765334423.731627,1765334337,0.321862,0.003028,0.000000,0.000011,0.000000,0.000000,0.344366,0.000000
19.912323,1765334423.751637,1765334337,0.321862,0.003028,0.000000,0.000800,0.000000,0.000000,0.000000,0.000000
19.932333,1765334423.771645,1765334337,0.321862,0.003024,0.000000,-0.000946,0.000000,0.000000,0.000000,0.000000
19.952341,1765334423.791654,1765334337,0.321862,0.003024,0.000000,-0.000806,0.000000,0.000000,0.000000,0.000000
19.972361,1765334423.811681,1765334337,0.321862,0.003028,0.000000,0.000500,0.000000,0.000000,0.344366,0.000000
19.992369,1765334423.831690,1765334337,0.321862,0.003024,0.000000,-0.000935,0.000000,0.000000,0.344366,0.000000
20.012366,1765334423.851679,1765334337,0.321862,0.003028,-0.000806,0.000000,0.000000,0.000000,0.000000,0.000000
20.032386,1765334423.871706,1765334337,0.321862,0.003028,0.000000,0.000935,0.000000,0.000000,0.000000,0.000000
20.052337,1765334423.891625,1765334337,0.321862,0.003024,0.000000,-0.000039,0.000000,0.000000,0.000000,0.000000
20.072317,1765334423.911593,1765334337,0.321862,0.003028,0.000000,0.000039,0.000000,0.000000,0.344366,0.000000
20.092343,1765334423.931629,1765334337,0.321862,0.003028,0.000000,0.000907,0.000000,0.000000,0.344366,-0.344366
20.112429,1765334423.951759,1765334337,0.321862,0.003024,0.000000,-0.000140,0.000000,0.000000,0.000000,0.000000
20.132462,1765334423.971807,1765334337,0.321862,0.003024,0.000000,-0.000946,0.000000,0.000000,0.000000,-0.688732
20.152475,1765334423.991818,1765334337,0.321862,0.003024,0.000000,-0.000407,0.000000,0.000000,0.344366,0.000000
20.172464,1765334424.011794,1765334337,0.321866,0.003024,0.000264,-0.000907,0.000000,0.000000,0.344366,0.000000
20.192475,1765334424.031805,1765334337,0.321862,0.003024,-0.000039,0.000000,0.000000,0.000000,0.344366,0.000000
20.212487,1765334424.051820,1765334337,0.321862,0.003024,0.000000,-0.000907,0.000000,0.000000,0.000000,0.000000
20.232496,1765334424.071826,1765334337,0.321862,0.003024,-0.000940,-0.000833,0.000000,0.000000,0.344366,0.000000
20.252529,1765334424.091873,1765334337,0.321862,0.003028,-0.000945,0.000140,0.000000,0.000000,0.000000,0.000000
20.272540,1765334424.111883,1765334337,0.321862,0.003028,0.000000,0.000946,0.000000,0.000000,0.344366,0.000000
20.292526,1765334424.131858,1765334337,0.321862,0.003024,0.000000,-0.000011,0.000000,0.000000,0.344366,-0.344366
20.312540,1765334424.151870,1765334337,0.321862,0.003024,0.000139,-0.000946,0.000000,0.000000,0.344366,0.000000
20.332540,1765334424.171860,1765334337,0.321862,0.003024,-0.000500,-0.000806,0.000000,0.000000,0.000000,0.000000
20.352543,1765334424.191864,1765334337,0.321862,0.003028,-0.000946,0.000021,0.000000,0.000000,0.344366,0.000000
20.372498,1765334424.211804,1765334337,0.321866,0.003028,0.000946,0.000872,0.000000,0.000000,0.000000,0.000000
20.392625,1765334424.231968,1765334337,0.321862,0.003024,0.000000,-0.000140,0.000000,0.000000,0.000000,0.000000
20.412635,1765334424.251979,1765334337,0.321862,0.003024,0.000000,-0.000946,0.000000,0.000000,0.344366,0.000000
20.432543,1765334424.271848,1765334337,0.321862,0.003024,0.000000,-0.000925,0.000000,0.000000,0.000000,0.000000
20.452656,1765334424.292000,1765334337,0.321862,0.003028,0.000000,0.000945,0.000000,0.000000,0.000000,0.000000
20.472668,1765334424.312012,1765334337,0.321862,0.003028,0.000000,0.000924,0.000000,0.000000,0.344366,0.000000
20.492656,1765334424.331985,1765334337,0.321862,0.003024,0.000000,-0.000946,0.000000,0.000000,0.000000,0.000000
20.512663,1765334424.351982,1765334337,0.321862,0.003024,0.000000,-0.000935,0.000000,0.000000,0.000000,0.000000
20.532669,1765334424.371989,1765334337,0.321862,0.003028,0.000000,0.000943,0.000000,0.000000,0.344366,0.000000
20.552669,1765334424.391989,1765334337,0.321862,0.003024,0.000000,-0.000003,0.000000,0.000000,0.000000,0.000000
20.572678,1765334424.411998,1765334337,0.321862,0.003028,0.000000,0.000000,0.000000,0.000000,0.000000,0.000000
20.592688,1765334424.432007,1765334337,0.321862,0.003028,0.000000,0.000181,0.000000,0.000000,0.000000,0.000000
20.612696,1765334424.452016,1765334337,0.321862,0.003024,0.000000,-0.000901,0.000000,0.000000,0.000000,0.000000
20.632722,1765334424.472051,1765334337,0.321862,0.003024,0.000000,-0.000407,0.000000,0.000000,-0.688732,0.000000
20.652731,1765334424.492060,1765334337,0.321862,0.003028,0.000000,0.000945,0.000000,0.000000,-0.688732,0.000000
20.672724,1765334424.512044,1765334337,0.321862,0.003028,0.000000,0.000806,0.000000,0.000000,0.000000,0.000000
20.692733,1765334424.532053,1765334337,0.321862,0.003028,0.000000,0.000940,0.000000,0.000000,0.344366,0.000000
20.712729,1765334424.552041,1765334337,0.321862,0.003028,0.000000,0.000000,0.000000,0.000000,0.000000,0.000000
20.732672,1765334424.571935,1765334337,0.321862,0.003028,0.000000,0.000682,0.000000,0.000000,0.000000,0.000000
20.752675,1765334424.591940,1765334337,0.321862,0.003028,0.000000,0.000680,0.000000,0.000000,0.000000,0.000000
20.772718,1765334424.612000,1765334337,0.321862,0.003024,0.000000,-0.000795,0.000000,0.000000,0.000000,0.000000
20.792810,1765334424.632140,1765334337,0.321862,0.003028,0.000000,0.000943,0.000000,0.000000,0.000000,0.000000
20.812804,1765334424.652123,1765334337,0.321862,0.003024,0.000000,-0.000074,0.000000,0.000000,0.344366,0.000000
20.832800,1765334424.672113,1765334337,0.321862,0.003024,0.000000,-0.000946,0.000000,0.000000,0.344366,0.000000
20.852809,1765334424.692133,1765334337,0.321862,0.003028,0.000000,0.000006,0.000000,0.000000,0.000000,-0.344366
20.872817,1765334424.712129,1765334337,0.321862,0.003028,0.000000,0.000946,0.000000,0.000000,0.000000,0.000000
20.892747,1765334424.732029,1765334337,0.321862,0.003028,0.000181,0.000946,0.000000,0.000000,0.688732,0.000000
20.912884,1765334424.752204,1765334337,0.321866,0.003028,0.000806,0.000681,0.000000,0.000000,0.344366,0.000000
20.932881,1765334424.772193,1765334337,0.321862,0.003024,-0.000907,-0.000265,0.000000,0.000000,0.000000,0.000000
20.952891,1765334424.792203,1765334337,0.321866,0.003028,0.000940,0.000003,0.000000,0.000000,0.000000,0.000000
20.972882,1765334424.812187,1765334337,0.321862,0.003028,0.000000,0.000001,0.000000,0.000000,0.344366,0.000000
20.992891,1765334424.832197,1765334337,0.321862,0.003028,-0.000937,0.000925,0.000000,0.000000,-0.688732,0.000000
21.012900,1765334424.852204,1765334337,0.321862,0.003024,-0.000006,-0.000140,0.000000,0.000000,0.000000,0.000000
21.032906,1765334424.872211,1765334337,0.321862,0.003024,0.000000,-0.000946,0.000000,0.000000,0.000000,0.000000
21.052838,1765334424.892102,1765334337,0.321862,0.003028,0.000000,0.000946,0.000000,0.000000,0.344366,0.000000
21.072841,1765334424.912114,1765334337,0.321862,0.003024,0.000000,-0.000001,0.000000,0.000000,0.000000,0.000000
21.092848,1765334424.932127,1765334337,0.321862,0.003024,0.000000,-0.000946,0.000000,0.000000,0.000000,0.000000
21.112854,1765334424.952133,1765334337,0.321862,0.003024,0.000000,-0.000942,0.000000,0.000000,0.000000,0.000000
21.132918,1765334424.972217,1765334337,0.321862,0.003028,0.000000,0.000946,0.000000,0.000000,0.000000,0.000000
21.152925,1765334424.992224,1765334337,0.321862,0.003028,0.000000,0.000679,0.000000,0.000000,0.344366,0.000000
21.172942,1765334425.012246,1765334337,0.321862,0.003024,0.000000,-0.000265,0.000000,0.000000,0.000000,0.000000
21.192967,1765334425.032316,1765334337,0.321862,0.003024,0.000000,-0.000946,0.000000,0.000000,0.000000,0.000000
21.212929,1765334425.052221,1765334337,0.321862,0.003028,0.000000,0.000907,0.000000,0.000000,0.000000,0.000000
21.232942,1765334425.072237,1765334337,0.321862,0.003024,0.000000,-0.000002,0.000000,0.000000,0.344366,0.000000
21.252956,1765334425.092256,1765334337,0.321862,0.003024,0.000000,-0.000265,0.000000,0.000000,0.000000,0.000000
21.272962,1765334425.112262,1765334337,0.321862,0.003028,0.000000,0.000021,0.000000,0.000000,0.000000,0.000000
21.292980,1765334425.132308,1765334337,0.321862,0.003024,0.000000,-0.000003,0.000000,0.000000,0.000000,0.000000
21.312976,1765334425.152275,1765334337,0.321862,0.003024,0.000000,-0.000943,0.000000,0.000000,0.000000,0.000000
21.332973,1765334425.172267,1765334337,0.321862,0.003028,0.000000,0.000006,0.000000,0.000000,0.344366,0.000000
21.352999,1765334425.192328,1765334337,0.321862,0.003028,-0.000869,0.000946,0.000000,0.000000,0.000000,0.000000
21.373022,1765334425.212359,1765334337,0.321862,0.003024,0.000000,-0.000001,0.000000,0.000000,0.000000,0.000000
21.393056,1765334425.232370,1765334337,0.321862,0.003024,0.000039,-0.000074,0.000000,0.000000,0.000000,0.000000
21.413059,1765334425.252374,1765334337,0.321862,0.003024,0.000000,-0.000920,0.000000,0.000000,0.000000,0.000000
21.433073,1765334425.272386,1765334337,0.321862,0.003024,0.000001,-0.000901,0.000000,0.000000,0.000000,-0.688732
21.453084,1765334425.292397,1765334337,0.321866,0.003028,0.000500,0.000946,0.000000,0.000000,0.000000,0.000000
21.473090,1765334425.312403,1765334337,0.321862,0.003024,-0.000940,-0.000006,0.000000,0.000000,0.000000,0.000000
21.493082,1765334425.332388,1765334337,0.321866,0.003024,0.000907,-0.000946,0.000000,0.000000,0.000000,0.000000
21.513089,1765334425.352394,1765334337,0.321866,0.003024,0.000944,-0.000943,0.000000,0.000000,-0.688732,-0.688732
21.533095,1765334425.372400,1765334337,0.321862,0.003028,0.000000,0.000264,0.000000,0.000000,0.344366,0.000000
21.553122,1765334425.392436,1765334337,0.321862,0.003028,0.000000,0.000872,0.000000,0.000000,0.344366,0.000000
21.573126,1765334425.412439,1765334337,0.321862,0.003028,0.000000,0.000435,0.000000,0.000000,0.000000,0.000000
21.593124,1765334425.432437,1765334337,0.321862,0.003024,0.000000,-0.000935,0.000000,0.000000,1.033098,0.000000
21.613138,1765334425.452451,1765334337,0.321862,0.003024,0.000000,-0.000440,0.000000,0.000000,0.000000,0.000000
21.633146,1765334425.472459,1765334337,0.321862,0.003028,0.000000,0.000500,0.000000,0.000000,0.344366,0.000000
21.653155,1765334425.492467,1765334337,0.321862,0.003024,0.000000,-0.000039,0.000000,0.000000,0.344366,0.000000
21.673166,1765334425.512477,1765334337,0.321862,0.003028,0.000000,0.000000,0.000000,0.000000,0.000000,0.000000
21.693185,1765334425.532507,1765334337,0.321862,0.003024,-0.000003,-0.000500,0.000000,0.000000,0.000000,0.000000
21.713194,1765334425.552514,1765334337,0.321862,0.003024,0.000000,-0.000934,0.000000,0.000000,0.000000,0.000000
21.733470,1765334425.572731,1765334337,0.321862,0.003028,0.000000,0.000140,0.000000,0.000000,0.000000,0.000000
21.753494,1765334425.592765,1765334337,0.321862,0.003024,0.000000,0.000000,0.000000,0.000000,0.000000,0.000000
21.773513,1765334425.612792,1765334337,0.321862,0.003024,0.000000,-0.000906,0.000000,0.000000,0.344366,0.000000
21.793539,1765334425.632830,1765334337,0.321862,0.003028,0.000000,0.000074,0.000000,0.000000,0.000000,0.000000
21.813572,1765334425.652877,1765334337,0.321862,0.003028,0.000000,0.000946,0.000000,0.000000,0.344366,0.000000
21.833587,1765334425.672892,1765334337,0.321862,0.003028,-0.000003,0.000906,0.000000,0.000000,0.344366,0.000000
21.853602,1765334425.692915,1765334337,0.321862,0.003024,0.000000,-0.000021,0.000000,0.000000,0.000000,0.000000
21.873609,1765334425.712922,1765334337,0.321862,0.003024,0.000000,-0.000945,0.000000,0.000000,0.000000,0.000000
21.893618,1765334425.732929,1765334337,0.321862,0.003024,0.000000,-0.000806,0.000000,0.000000,0.000000,0.000000
21.913634,1765334425.752946,1765334337,0.321862,0.003028,0.000000,0.000000,0.000000,0.000000,0.000000,0.000000
21.933648,1765334425.772968,1765334337,0.321862,0.003028,0.000000,0.000946,0.000000,0.000000,0.344366,0.000000
