time,sys_time,session_id,pos_x,pos_y,vel_x,vel_y,fcmd_x,fcmd_y,fs_x,fs_y
0.042263,1765336352.963910,1765336347,0.000439,0.000117,0.002822,-0.000907,0.000000,0.000000,0.000000,0.344366
0.062245,1765336352.983874,1765336347,0.000435,0.000121,0.002835,0.000021,0.000000,0.000000,0.000000,0.000000
0.082263,1765336353.003902,1765336347,0.000431,0.000121,-0.000943,0.000000,0.000000,0.000000,0.000000,0.344366
0.102275,1765336353.023920,1765336347,0.000431,0.000121,0.000000,0.000000,0.000000,0.000000,0.000000,0.344366
0.122281,1765336353.043923,1765336347,0.000431,0.000121,0.000000,0.000000,0.000000,0.000000,0.000000,0.344366
0.142275,1765336353.063923,1765336347,0.000431,0.000121,-0.000946,0.000000,0.000000,0.000000,0.000000,0.000000
0.162279,1765336353.083925,1765336347,0.000431,0.000121,0.000000,0.000000,0.000000,0.000000,0.000000,0.344366
0.182335,1765336353.104007,1765336347,0.000431,0.000121,0.000000,0.000000,0.000000,0.000000,0.000000,0.344366
0.202374,1765336353.124059,1765336347,0.000431,0.000121,0.000000,0.000000,0.000000,0.000000,0.000000,0.000000
0.222357,1765336353.144026,1765336347,0.000431,0.000121,-0.000946,0.000000,0.000000,0.000000,0.000000,0.344366
0.242357,1765336353.164025,1765336347,0.000431,0.000121,0.000000,0.000000,0.000000,0.000000,0.000000,0.000000
0.262373,1765336353.184045,1765336347,0.000431,0.000121,0.000000,0.000000,0.000000,0.000000,0.000000,0.000000
0.282370,1765336353.204031,1765336347,0.000435,0.000121,0.000000,0.000000,0.000000,0.000000,0.000000,0.344366
0.302303,1765336353.223933,1765336347,0.000431,0.000121,-0.000946,0.000000,0.000000,0.000000,0.000000,-0.344366
0.322315,1765336353.243948,1765336347,0.000431,0.000121,0.000000,0.000000,0.000000,0.000000,0.000000,0.000000
0.342308,1765336353.263938,1765336347,0.000431,0.000121,0.000000,0.000000,0.000000,0.000000,0.000000,-0.344366
0.362309,1765336353.283940,1765336347,0.000435,0.000121,0.000000,0.000000,0.000000,0.000000,0.000000,0.000000
0.382323,1765336353.303957,1765336347,0.000431,0.000121,-0.000001,0.000000,0.000000,0.000000,0.000000,0.000000
0.402325,1765336353.323959,1765336347,0.000431,0.000121,-0.000907,0.000000,0.000000,0.000000,0.000000,0.344366
0.422326,1765336353.343961,1765336347,0.000435,0.000121,0.000000,0.000000,0.000000,0.000000,0.000000,0.000000
0.442325,1765336353.363959,1765336347,0.000435,0.000121,0.000000,0.000000,0.000000,0.000000,0.000000,0.000000
0.462338,1765336353.383979,1765336347,0.000435,0.000121,0.000833,0.000000,0.000000,0.000000,0.000000,0.000000
0.482325,1765336353.403960,1765336347,0.000431,0.000125,-0.000944,0.000944,0.000000,0.000000,-0.344366,0.000000
0.502353,1765336353.423990,1765336347,0.000435,0.000121,0.000000,-0.000021,0.000000,0.000000,0.000000,0.000000
0.522348,1765336353.443990,1765336347,0.000435,0.000125,0.000000,0.000006,0.000000,0.000000,0.000000,0.000000
0.542354,1765336353.463999,1765336347,0.000435,0.000125,0.000661,0.000000,0.000000,0.000000,0.000000,0.344366
0.562406,1765336353.484068,1765336347,0.000431,0.000121,-0.000500,-0.000943,0.000000,0.000000,0.000000,0.000000
0.582451,1765336353.504137,1765336347,0.000435,0.000125,0.000000,0.000000,0.000000,0.000000,0.000000,-0.344366
0.602460,1765336353.524145,1765336347,0.000435,0.000125,0.000000,0.000000,0.000000,0.000000,0.000000,0.000000
0.622439,1765336353.544106,1765336347,0.000435,0.000125,0.000000,0.000074,0.000000,0.000000,0.000000,0.344366
0.642464,1765336353.564142,1765336347,0.000435,0.000125,0.000000,0.000000,0.000000,0.000000,0.000000,-0.344366
0.662462,1765336353.584135,1765336347,0.000435,0.000125,0.000000,0.000006,0.000000,0.000000,0.000000,0.344366
0.682428,1765336353.604076,1765336347,0.000435,0.000125,0.000000,0.000000,0.000000,0.000000,0.000000,0.344366
0.702404,1765336353.624037,1765336347,0.000435,0.000125,0.000000,0.000000,0.000000,0.000000,0.000000,0.000000
0.722434,1765336353.644083,1765336347,0.000435,0.000125,0.000000,0.000000,0.000000,0.000000,0.000000,0.000000
0.742448,1765336353.664101,1765336347,0.000435,0.000125,0.000000,0.000000,0.000000,0.000000,0.000000,-0.344366
0.762459,1765336353.684117,1765336347,0.000435,0.000125,0.000000,0.000000,0.000000,0.000000,0.000000,0.000000
0.782434,1765336353.704075,1765336347,0.000435,0.000125,0.000000,0.000000,0.000000,0.000000,-0.344366,0.000000
0.802457,1765336353.724109,1765336347,0.000435,0.000125,0.000000,0.000000,0.000000,0.000000,-0.688732,0.000000
0.822476,1765336353.744134,1765336347,0.000435,0.000125,0.000000,0.000000,0.000000,0.000000,0.000000,0.000000
0.842475,1765336353.764131,1765336347,0.000435,0.000125,0.000000,0.000000,0.000000,0.000000,0.000000,0.000000
0.862506,1765336353.784177,1765336347,0.000435,0.000125,0.000000,0.000000,0.000000,0.000000,0.000000,0.344366
0.882543,1765336353.804226,1765336347,0.000435,0.000125,0.000000,0.000000,0.000000,0.000000,0.000000,0.000000
0.902536,1765336353.824212,1765336347,0.000435,0.000125,0.000000,0.000000,0.000000,0.000000,0.000000,0.000000
0.922541,1765336353.844219,1765336347,0.000435,0.000125,0.000000,0.000000,0.000000,0.000000,0.000000,0.000000
0.942540,1765336353.864213,1765336347,0.000435,0.000125,0.000000,0.000000,0.000000,0.000000,-0.344366,0.000000
0.962556,1765336353.884234,1765336347,0.000435,0.000125,0.000000,0.000000,0.000000,0.000000,0.000000,0.344366
0.982563,1765336353.904241,1765336347,0.000435,0.000125,0.000000,0.000000,0.000000,0.000000,0.000000,0.344366
1.002561,1765336353.924233,1765336347,0.000435,0.000125,0.000000,0.000000,0.000000,0.000000,0.000000,0.000000
1.022720,1765336353.944476,1765336347,0.000435,0.000125,0.000000,0.000000,0.000000,0.000000,0.000000,0.000000
1.042536,1765336353.964200,1765336347,0.000435,0.000125,0.000000,0.000000,0.000000,0.000000,0.000000,0.000000
1.062508,1765336353.984147,1765336347,0.000435,0.000125,0.000000,0.000000,0.000000,0.000000,0.000000,0.000000
1.082560,1765336354.004222,1765336347,0.000435,0.000125,0.000000,0.000000,0.000000,0.000000,0.000000,0.000000
1.102596,1765336354.024310,1765336347,0.000435,0.000125,0.000000,0.000000,0.000000,0.000000,0.000000,-0.344366
1.122533,1765336354.044185,1765336347,0.000435,0.000125,0.000000,0.000000,0.000000,0.000000,0.000000,0.344366
1.142594,1765336354.064279,1765336347,0.000435,0.000125,0.000000,0.000000,0.000000,0.000000,0.000000,0.000000
1.162588,1765336354.084266,1765336347,0.000435,0.000125,0.000000,0.000000,0.000000,0.000000,0.000000,0.344366
1.182557,1765336354.104202,1765336347,0.000435,0.000125,0.000000,0.000000,0.000000,0.000000,0.000000,0.000000
1.202561,1765336354.124202,1765336347,0.000435,0.000125,0.000000,0.000000,0.000000,0.000000,0.000000,0.344366
1.222566,1765336354.144210,1765336347,0.000435,0.000125,0.000000,0.000000,0.000000,0.000000,0.000000,0.344366
1.242572,1765336354.164219,1765336347,0.000435,0.000125,0.000068,0.000000,0.000000,0.000000,0.000000,0.000000
1.262572,1765336354.184216,1765336347,0.000435,0.000125,0.000000,0.000000,0.000000,0.000000,0.000000,0.344366
1.282720,1765336354.204413,1765336347,0.000435,0.000125,0.000000,0.000000,0.000000,0.000000,0.000000,0.000000
1.302619,1765336354.224276,1765336347,0.000435,0.000125,0.000000,0.000000,0.000000,0.000000,-0.344366,0.000000
1.322656,1765336354.244365,1765336347,0.000435,0.000125,0.000000,0.000000,0.000000,0.000000,0.000000,0.000000
1.342645,1765336354.264330,1765336347,0.000435,0.000125,0.000000,0.000000,0.000000,0.000000,0.000000,0.344366
1.362601,1765336354.284249,1765336347,0.000435,0.000125,0.000000,0.000000,0.000000,0.000000,0.000000,-0.344366
1.382682,1765336354.304356,1765336347,0.000435,0.000125,0.000000,0.000000,0.000000,0.000000,0.000000,-0.344366
1.402638,1765336354.324302,1765336347,0.000435,0.000125,0.000000,0.000000,0.000000,0.000000,0.000000,0.000000
1.422624,1765336354.344271,1765336347,0.000435,0.000125,0.000000,0.000000,0.000000,0.000000,0.000000,0.000000
1.442702,1765336354.364384,1765336347,0.000435,0.000125,0.000000,0.000000,0.000000,0.000000,0.000000,-0.344366
1.462677,1765336354.384338,1765336347,0.000435,0.000125,0.000000,0.000000,0.000000,0.000000,0.000000,0.000000
1.482636,1765336354.404297,1765336347,0.000435,0.000125,0.000000,0.000000,0.000000,0.000000,0.000000,0.000000
1.502700,1765336354.424362,1765336347,0.000435,0.000125,0.000000,0.000000,0.000000,0.000000,-0.688732,-0.344366
1.522706,1765336354.444369,1765336347,0.000435,0.000125,0.000000,0.000000,0.000000,0.000000,0.000000,0.000000
1.542682,1765336354.464333,1765336347,0.000435,0.000125,0.000000,0.000000,0.000000,0.000000,0.000000,0.000000
1.562663,1765336354.484305,1765336347,0.000435,0.000125,0.000000,0.000000,0.000000,0.000000,0.000000,-0.344366
1.582642,1765336354.504274,1765336347,0.000435,0.000125,0.000000,0.000000,0.000000,0.000000,0.000000,0.344366
1.602651,1765336354.524290,1765336347,0.000435,0.000125,0.000000,0.000000,0.000000,0.000000,0.000000,-0.344366
1.622641,1765336354.544271,1765336347,0.000435,0.000125,0.000000,0.000000,0.000000,0.000000,0.000000,0.000000
1.642653,1765336354.564291,1765336347,0.000435,0.000125,0.000000,0.000000,0.000000,0.000000,0.000000,0.000000
1.662689,1765336354.584337,1765336347,0.000435,0.000125,0.000000,0.000000,0.000000,0.000000,0.000000,-0.344366
1.682700,1765336354.604352,1765336347,0.000435,0.000125,0.000000,0.000000,0.000000,0.000000,0.000000,0.000000
1.702686,1765336354.624332,1765336347,0.000435,0.000125,0.000000,0.000000,0.000000,0.000000,0.000000,-0.344366
1.722720,1765336354.644379,1765336347,0.000435,0.000125,0.000000,0.000000,0.000000,0.000000,-0.688732,0.000000
1.742721,1765336354.664366,1765336347,0.000435,0.000125,0.000000,0.000000,0.000000,0.000000,0.000000,0.344366
1.762687,1765336354.684329,1765336347,0.000435,0.000125,0.000000,0.000000,0.000000,0.000000,0.000000,0.000000
1.782689,1765336354.704329,1765336347,0.000435,0.000125,0.000000,0.000000,0.000000,0.000000,0.000000,0.000000
1.802698,1765336354.724344,1765336347,0.000435,0.000125,0.000000,0.000000,0.000000,0.000000,-0.344366,0.000000
1.822701,1765336354.744348,1765336347,0.000435,0.000125,0.000000,0.000000,0.000000,0.000000,0.000000,0.000000
1.842710,1765336354.764361,1765336347,0.000435,0.000125,0.000000,0.000000,0.000000,0.000000,0.000000,0.344366
1.862720,1765336354.784374,1765336347,0.000435,0.000125,0.000000,0.000000,0.000000,0.000000,0.000000,0.344366
1.882726,1765336354.804380,1765336347,0.000435,0.000125,0.000000,0.000000,0.000000,0.000000,0.000000,0.000000
1.902737,1765336354.824396,1765336347,0.000435,0.000125,0.000000,0.000000,0.000000,0.000000,0.000000,0.000000
1.922743,1765336354.844403,1765336347,0.000435,0.000125,0.000000,0.000000,0.000000,0.000000,-0.344366,0.000000
1.942877,1765336354.864591,1765336347,0.000435,0.000125,0.000000,0.000000,0.000000,0.000000,0.000000,0.344366
1.962889,1765336354.884603,1765336347,0.000435,0.000125,0.000000,0.000000,0.000000,0.000000,0.000000,0.000000
1.982879,1765336354.904580,1765336347,0.000435,0.000125,0.000000,0.000000,0.000000,0.000000,0.000000,0.344366
2.002873,1765336354.924564,1765336347,0.000435,0.000125,0.000000,0.000000,0.000000,0.000000,0.000000,0.000000
2.022767,1765336354.944398,1765336347,0.000435,0.000125,0.000000,0.000000,0.000000,0.000000,0.000000,0.000000
2.042901,1765336354.964607,1765336347,0.000435,0.000125,0.000000,0.000000,0.000000,0.000000,0.000000,0.000000
2.062804,1765336354.984461,1765336347,0.000435,0.000125,0.000000,0.000000,0.000000,0.000000,0.000000,0.000000
2.082791,1765336355.004425,1765336347,0.000435,0.000125,0.000000,0.000000,0.000000,0.000000,0.000000,0.000000
2.102836,1765336355.024479,1765336347,0.000435,0.000125,0.000000,0.000000,0.000000,0.000000,0.000000,0.000000
2.122915,1765336355.044598,1765336347,0.000435,0.000125,0.000000,0.000000,0.000000,0.000000,0.000000,0.344366
2.142929,1765336355.064602,1765336347,0.000435,0.000125,0.000000,0.000000,0.000000,0.000000,1.033098,0.000000
2.163140,1765336355.084854,1765336347,0.000435,0.000125,0.000000,0.000000,0.000000,0.000000,0.000000,0.000000
2.183008,1765336355.104643,1765336347,0.000435,0.000125,0.000000,0.000000,0.000000,0.000000,0.000000,0.344366
2.203069,1765336355.124734,1765336347,0.000435,0.000125,0.000000,0.000000,0.000000,0.000000,0.000000,0.000000
2.223096,1765336355.144771,1765336347,0.000435,0.000125,0.000000,0.000000,0.000000,0.000000,0.000000,0.344366
2.243094,1765336355.164764,1765336347,0.000435,0.000125,0.000000,0.000000,0.000000,0.000000,0.000000,0.344366
2.263102,1765336355.184772,1765336347,0.000435,0.000125,0.000000,0.000000,0.000000,0.000000,0.000000,0.000000
2.283121,1765336355.204796,1765336347,0.000435,0.000125,0.000000,0.000000,0.000000,0.000000,-0.688732,0.344366
2.303196,1765336355.224911,1765336347,0.000435,0.000125,0.000000,0.000000,0.000000,0.000000,0.000000,0.000000
2.323209,1765336355.244925,1765336347,0.000435,0.000125,0.000000,0.000000,0.000000,0.000000,0.000000,0.000000
2.343199,1765336355.264899,1765336347,0.000435,0.000125,0.000000,0.000000,0.000000,0.000000,0.000000,0.344366
2.363209,1765336355.284908,1765336347,0.000435,0.000125,0.000000,0.000000,0.000000,0.000000,0.000000,-0.344366
2.383191,1765336355.304874,1765336347,0.000435,0.000125,0.000000,0.000000,0.000000,0.000000,0.000000,0.000000
2.403210,1765336355.324892,1765336347,0.000435,0.000125,0.000000,0.000000,0.000000,0.000000,0.000000,0.000000
2.423220,1765336355.344910,1765336347,0.000435,0.000125,0.000000,0.000000,0.000000,0.000000,0.000000,-0.344366
2.443231,1765336355.364921,1765336347,0.000435,0.000125,0.000000,0.000000,0.000000,0.000000,0.000000,-0.344366
2.463241,1765336355.384932,1765336347,0.000435,0.000125,0.000000,0.000000,0.000000,0.000000,0.000000,0.000000
2.483290,1765336355.405004,1765336347,0.000435,0.000125,0.000000,0.000000,0.000000,0.000000,0.000000,0.344366
2.503303,1765336355.425018,1765336347,0.000435,0.000125,0.000000,0.000000,0.000000,0.000000,0.000000,0.000000
2.523316,1765336355.445030,1765336347,0.000435,0.000125,0.000000,0.000000,0.000000,0.000000,0.000000,-0.344366
2.543305,1765336355.465005,1765336347,0.000435,0.000125,0.000000,0.000000,0.000000,0.000000,0.000000,0.000000
2.563316,1765336355.485016,1765336347,0.000435,0.000125,0.000000,0.000000,0.000000,0.000000,0.000000,0.000000
2.583316,1765336355.505005,1765336347,0.000435,0.000125,0.000000,0.000000,0.000000,0.000000,0.000000,0.344366
2.603321,1765336355.525011,1765336347,0.000435,0.000125,0.000000,0.000000,0.000000,0.000000,0.000000,0.344366
2.623330,1765336355.545022,1765336347,0.000435,0.000125,0.000000,0.000000,0.000000,0.000000,0.000000,0.000000
2.643380,1765336355.565095,1765336347,0.000435,0.000125,0.000000,0.000000,0.000000,0.000000,0.000000,0.000000
2.663392,1765336355.585105,1765336347,0.000435,0.000125,0.000000,0.000000,0.000000,0.000000,0.000000,0.000000
2.683404,1765336355.605118,1765336347,0.000435,0.000125,0.000000,0.000000,0.000000,0.000000,0.000000,-0.344366
2.703416,1765336355.625130,1765336347,0.000435,0.000125,0.000000,0.000000,0.000000,0.000000,0.000000,0.000000
2.723389,1765336355.645079,1765336347,0.000435,0.000125,0.000000,0.000000,0.000000,0.000000,0.000000,-0.344366
2.743399,1765336355.665090,1765336347,0.000435,0.000125,0.000000,0.000000,0.000000,0.000000,0.000000,0.000000
2.763408,1765336355.685098,1765336347,0.000435,0.000125,0.000000,0.000000,0.000000,0.000000,0.000000,0.000000
2.783418,1765336355.705107,1765336347,0.000435,0.000125,0.000000,0.000000,0.000000,0.000000,0.000000,0.344366
2.803427,1765336355.725117,1765336347,0.000435,0.000125,0.000000,0.000000,0.000000,0.000000,0.000000,0.000000
2.823437,1765336355.745127,1765336347,0.000435,0.000125,0.000000,0.000000,0.000000,0.000000,0.000000,0.344366
2.843435,1765336355.765117,1765336347,0.000435,0.000125,0.000000,0.000000,0.000000,0.000000,0.344366,0.000000
2.863457,1765336355.785147,1765336347,0.000435,0.000125,0.000000,0.000000,0.000000,0.000000,0.000000,0.000000
2.883466,1765336355.805157,1765336347,0.000435,0.000125,0.000000,0.000000,0.000000,0.000000,0.000000,0.000000
2.903476,1765336355.825166,1765336347,0.000435,0.000125,0.000000,0.000000,0.000000,0.000000,0.000000,-0.344366
2.923485,1765336355.845175,1765336347,0.000435,0.000125,0.000000,0.000000,0.000000,0.000000,0.000000,0.000000
2.943496,1765336355.865186,1765336347,0.000435,0.000125,0.000000,0.000000,0.000000,0.000000,0.000000,0.000000
2.963506,1765336355.885195,1765336347,0.000435,0.000125,0.000000,0.000000,0.000000,0.000000,0.000000,0.344366
2.983515,1765336355.905205,1765336347,0.000435,0.000125,0.000000,0.000000,0.000000,0.000000,0.000000,-0.344366
3.003513,1765336355.925196,1765336347,0.000435,0.000125,0.000000,0.000000,0.000000,0.000000,0.000000,0.000000
3.023521,1765336355.945203,1765336347,0.000435,0.000125,0.000000,0.000000,0.000000,0.000000,0.000000,0.000000
3.043444,1765336355.965083,1765336347,0.000435,0.000125,0.000000,0.000000,0.000000,0.000000,0.000000,-0.344366
3.063490,1765336355.985153,1765336347,0.000435,0.000125,0.000000,0.000000,0.000000,0.000000,0.000000,0.000000
3.083457,1765336356.005109,1765336347,0.000435,0.000125,0.000000,0.000000,0.000000,0.000000,0.000000,-0.344366
3.103485,1765336356.025141,1765336347,0.000435,0.000125,0.000000,0.000000,0.000000,0.000000,0.000000,-0.344366
3.123478,1765336356.045133,1765336347,0.000435,0.000125,0.000000,0.000000,0.000000,0.000000,0.000000,0.000000
3.143491,1765336356.065167,1765336347,0.000435,0.000125,0.000000,0.000000,0.000000,0.000000,-0.344366,0.344366
3.163499,1765336356.085175,1765336347,0.000435,0.000125,0.000000,0.000000,0.000000,0.000000,0.000000,0.000000
3.183508,1765336356.105186,1765336347,0.000435,0.000125,0.000000,0.000000,0.000000,0.000000,0.000000,0.000000
3.203515,1765336356.125191,1765336347,0.000435,0.000125,0.000000,0.000000,0.000000,0.000000,0.000000,0.344366
3.223539,1765336356.145198,1765336347,0.000435,0.000125,0.000000,0.000000,0.000000,0.000000,0.000000,-0.344366
3.243654,1765336356.165401,1765336347,0.000435,0.000125,0.000000,0.000000,0.000000,0.000000,0.000000,0.000000
3.263695,1765336356.185413,1765336347,0.000435,0.000125,0.000000,0.000000,0.000000,0.000000,0.000000,0.000000
3.283712,1765336356.205431,1765336347,0.000435,0.000125,0.000000,0.000000,0.000000,0.000000,-0.688732,0.000000
3.303652,1765336356.225361,1765336347,0.000435,0.000125,0.000000,0.000000,0.000000,0.000000,0.000000,0.000000
3.323635,1765336356.245337,1765336347,0.000435,0.000125,0.000000,0.000000,0.000000,0.000000,0.000000,0.000000
3.343688,1765336356.265375,1765336347,0.000435,0.000125,0.000000,0.000000,0.000000,0.000000,0.000000,-0.344366
3.363720,1765336356.285407,1765336347,0.000435,0.000125,0.000000,0.000000,0.000000,0.000000,0.000000,0.000000
3.383606,1765336356.305262,1765336347,0.000435,0.000125,0.000000,0.000000,0.000000,0.000000,0.000000,0.344366
3.403716,1765336356.325401,1765336347,0.000435,0.000125,0.000000,0.000000,0.000000,0.000000,0.000000,0.344366
3.423724,1765336356.345408,1765336347,0.000435,0.000125,0.000000,0.000000,0.000000,0.000000,-0.688732,0.000000
3.443651,1765336356.365339,1765336347,0.000435,0.000125,0.000000,0.000000,0.000000,0.000000,0.000000,-0.344366
3.463674,1765336356.385349,1765336347,0.000435,0.000125,0.000000,0.000000,0.000000,0.000000,0.000000,0.344366
3.483682,1765336356.405356,1765336347,0.000435,0.000125,0.000000,0.000000,0.000000,0.000000,0.000000,-0.344366
3.503680,1765336356.425344,1765336347,0.000435,0.000125,0.000000,0.000000,0.000000,0.000000,0.000000,0.000000
3.523702,1765336356.445367,1765336347,0.000435,0.000125,0.000000,0.000000,0.000000,0.000000,0.000000,0.344366
3.543697,1765336356.465361,1765336347,0.000435,0.000125,0.000000,0.000000,0.000000,0.000000,0.000000,0.000000
3.563698,1765336356.485357,1765336347,0.000435,0.000125,0.000000,0.000806,0.000000,0.000000,0.000000,0.344366
3.583709,1765336356.505368,1765336347,0.000435,0.000125,0.000000,0.000000,0.000000,0.000000,0.000000,0.344366
3.603723,1765336356.525381,1765336347,0.000435,0.000125,0.000000,0.000000,0.000000,0.000000,0.000000,0.000000
3.623740,1765336356.545400,1765336347,0.000435,0.000125,0.000000,0.000000,0.000000,0.000000,0.000000,0.344366
3.643736,1765336356.565395,1765336347,0.000435,0.000125,0.000000,0.000000,0.000000,0.000000,0.000000,0.000000
3.663878,1765336356.585603,1765336347,0.000435,0.000125,0.000000,0.000000,0.000000,0.000000,0.000000,0.000000
3.683884,1765336356.605599,1765336347,0.000435,0.000125,0.000000,0.000000,0.000000,0.000000,0.000000,0.000000
3.703897,1765336356.625611,1765336347,0.000435,0.000125,0.000000,0.000000,0.000000,0.000000,0.000000,0.344366
3.723885,1765336356.645586,1765336347,0.000435,0.000125,0.000000,0.000000,0.000000,0.000000,0.000000,0.000000
3.743897,1765336356.665597,1765336347,0.000435,0.000125,0.000000,0.000000,0.000000,0.000000,0.000000,0.344366
3.763908,1765336356.685604,1765336347,0.000435,0.000125,0.000000,0.000000,0.000000,0.000000,0.000000,0.000000
3.783902,1765336356.705592,1765336347,0.000435,0.000125,0.000000,0.000000,0.000000,0.000000,0.000000,0.344366
3.803910,1765336356.725600,1765336347,0.000435,0.000125,0.000000,0.000000,0.000000,0.000000,0.000000,-0.344366
3.823919,1765336356.745610,1765336347,0.000435,0.000125,0.000000,0.000000,0.000000,0.000000,0.000000,0.000000
3.843930,1765336356.765620,1765336347,0.000435,0.000125,0.000000,0.000000,0.000000,0.000000,0.000000,0.000000
3.863940,1765336356.785630,1765336347,0.000435,0.000125,0.000000,0.000000,0.000000,0.000000,0.000000,0.344366
3.883975,1765336356.805668,1765336347,0.000435,0.000125,0.000000,0.000000,0.000000,0.000000,0.000000,0.000000
3.903959,1765336356.825649,1765336347,0.000435,0.000125,0.000000,0.000000,0.000000,0.000000,-0.688732,0.000000
3.924010,1765336356.845724,1765336347,0.000435,0.000125,0.000000,0.000000,0.000000,0.000000,0.000000,-0.344366
3.944023,1765336356.865737,1765336347,0.000435,0.000125,0.000000,0.000000,0.000000,0.000000,0.000000,0.000000
3.964013,1765336356.885712,1765336347,0.000435,0.000125,0.000000,0.000000,0.000000,0.000000,0.000000,0.000000
3.984023,1765336356.905723,1765336347,0.000435,0.000125,0.000000,0.000000,0.000000,0.000000,0.000000,0.344366
4.004018,1765336356.925708,1765336347,0.000435,0.000125,0.000000,0.000000,0.000000,0.000000,1.033098,-0.344366
4.023976,1765336356.945648,1765336347,0.000435,0.000125,0.000000,0.000000,0.000000,0.000000,0.000000,0.344366
4.044071,1765336356.965786,1765336347,0.000435,0.000125,0.000000,0.000000,0.000000,0.000000,0.000000,-0.344366
4.063947,1765336356.985587,1765336347,0.000435,0.000125,0.000000,-0.000872,0.000000,0.000000,-0.344366,0.000000
4.083968,1765336357.005618,1765336347,0.000435,0.000125,0.000000,0.000000,0.000000,0.000000,0.000000,0.344366
4.103994,1765336357.025656,1765336347,0.000435,0.000125,0.000000,0.000000,0.000000,0.000000,0.000000,0.000000
4.124027,1765336357.045703,1765336347,0.000435,0.000125,0.000000,0.000000,0.000000,0.000000,0.000000,0.344366
4.144044,1765336357.065717,1765336347,0.000435,0.000125,0.000000,0.000000,0.000000,0.000000,0.000000,0.344366
4.164056,1765336357.085739,1765336347,0.000435,0.000125,0.000000,0.000000,0.000000,0.000000,0.000000,-0.344366
4.184066,1765336357.105749,1765336347,0.000435,0.000125,0.000000,-0.000920,0.000000,0.000000,0.000000,0.000000
4.204087,1765336357.125776,1765336347,0.000435,0.000129,0.000000,0.000935,0.000000,0.000000,0.000000,0.344366
4.224094,1765336357.145782,1765336347,0.000435,0.000125,0.000000,0.000000,0.000000,0.000000,0.000000,0.000000
4.244173,1765336357.165863,1765336347,0.000435,0.000125,0.000000,0.000000,0.000000,0.000000,0.000000,-0.344366
4.264172,1765336357.185855,1765336347,0.000435,0.000125,0.000000,0.000000,0.000000,0.000000,0.000000,0.000000
4.284193,1765336357.205877,1765336347,0.000435,0.000129,0.000000,-0.000443,0.000000,0.000000,0.000000,-0.344366
4.304189,1765336357.225872,1765336347,0.000435,0.000129,0.000000,-0.000372,0.000000,0.000000,0.000000,0.000000
4.324211,1765336357.245901,1765336347,0.000435,0.000129,0.000000,0.000946,0.000000,0.000000,0.000000,0.000000
4.344220,1765336357.265910,1765336347,0.000435,0.000129,0.000000,0.000935,0.000000,0.000000,0.000000,0.000000
4.364230,1765336357.285921,1765336347,0.000435,0.000125,0.000000,-0.000139,0.000000,0.000000,0.000000,0.000000
4.384239,1765336357.305929,1765336347,0.000435,0.000125,0.000000,-0.000500,0.000000,0.000000,0.000000,0.000000
4.404274,1765336357.325967,1765336347,0.000435,0.000125,0.000000,-0.000946,0.000000,0.000000,0.000000,0.344366
4.424258,1765336357.345948,1765336347,0.000435,0.000125,0.000000,0.000000,0.000000,0.000000,0.000000,-0.344366
4.444268,1765336357.365958,1765336347,0.000435,0.000125,0.000000,-0.000852,0.000000,0.000000,0.000000,0.000000
4.464278,1765336357.385968,1765336347,0.000435,0.000125,0.000000,0.000039,0.000000,0.000000,0.000000,0.000000
4.484274,1765336357.405956,1765336347,0.000435,0.000129,0.000000,0.000945,0.000000,0.000000,0.000000,0.000000
4.504297,1765336357.425987,1765336347,0.000435,0.000129,0.000000,0.000942,0.000000,0.000000,0.000000,-0.344366
4.524307,1765336357.445997,1765336347,0.000435,0.000125,0.000000,-0.000074,0.000000,0.000000,0.000000,0.000000
4.544317,1765336357.466007,1765336347,0.000435,0.000125,0.000000,0.000000,0.000000,0.000000,0.000000,0.344366
4.564327,1765336357.486016,1765336347,0.000435,0.000129,0.000000,0.000872,0.000000,0.000000,0.000000,0.000000
4.584337,1765336357.506027,1765336347,0.000435,0.000125,0.000000,-0.000937,0.000000,0.000000,0.000000,-0.344366
4.604346,1765336357.526037,1765336347,0.000435,0.000125,0.000000,-0.000676,0.000000,0.000000,0.000000,0.000000
4.624356,1765336357.546040,1765336347,0.000435,0.000125,0.000000,-0.000000,0.000000,0.000000,0.000000,0.000000
4.644366,1765336357.566056,1765336347,0.000435,0.000125,0.000000,0.000000,0.000000,0.000000,0.000000,0.344366
4.664405,1765336357.586098,1765336347,0.000435,0.000129,0.000000,0.000000,0.000000,0.000000,-0.344366,-0.344366
4.684318,1765336357.605991,1765336347,0.000435,0.000125,0.000000,-0.000945,0.000000,0.000000,0.000000,0.000000
4.704338,1765336357.626013,1765336347,0.000435,0.000129,0.000000,0.000140,0.000000,0.000000,0.000000,0.000000
4.724338,1765336357.646004,1765336347,0.000435,0.000125,0.000000,0.000682,0.000000,0.000000,0.000000,0.344366
4.744372,1765336357.666046,1765336347,0.000435,0.000125,0.000000,-0.000946,0.000000,0.000000,0.000000,0.344366
4.764412,1765336357.686085,1765336347,0.000435,0.000129,0.000000,0.000907,0.000000,0.000000,0.000000,0.000000
4.784530,1765336357.706245,1765336347,0.000435,0.000125,0.000000,-0.000943,0.000000,0.000000,0.000000,-0.344366
4.804543,1765336357.726258,1765336347,0.000435,0.000129,0.000000,0.000021,0.000000,0.000000,0.000000,0.344366
4.824533,1765336357.746233,1765336347,0.000435,0.000129,0.000000,0.000924,0.000000,0.000000,0.000000,0.344366
4.844515,1765336357.766198,1765336347,0.000435,0.000125,0.000000,-0.000935,0.000000,0.000000,0.000000,0.344366
4.864510,1765336357.786185,1765336347,0.000435,0.000129,0.000000,0.000039,0.000000,0.000000,0.000000,0.000000
4.884518,1765336357.806193,1765336347,0.000435,0.000129,0.000000,0.000798,0.000000,0.000000,0.000000,0.000000
4.904515,1765336357.826185,1765336347,0.000435,0.000129,0.000000,0.000000,0.000000,0.000000,0.000000,0.344366
4.924540,1765336357.846213,1765336347,0.000435,0.000129,0.000000,0.000000,0.000000,0.000000,0.000000,0.344366
4.944543,1765336357.866219,1765336347,0.000435,0.000125,0.000000,-0.000934,0.000000,0.000000,0.000000,0.344366
4.964532,1765336357.886197,1765336347,0.000435,0.000125,0.000000,-0.000798,0.000000,0.000000,0.000000,0.344366
4.984539,1765336357.906205,1765336347,0.000435,0.000125,0.000000,-0.000945,0.000000,0.000000,0.000000,-0.344366
5.004554,1765336357.926224,1765336347,0.000435,0.000129,0.000000,0.000073,0.000000,0.000000,0.000000,-0.344366
5.024574,1765336357.946250,1765336347,0.000435,0.000129,0.000000,-0.000407,0.000000,0.000000,0.000000,0.000000
5.044510,1765336357.966145,1765336347,0.000435,0.000125,0.000000,-0.000006,0.000000,0.000000,0.000000,-0.344366
5.064535,1765336357.986185,1765336347,0.000435,0.000129,0.000000,0.000000,0.000000,0.000000,0.000000,0.344366
5.084552,1765336358.006207,1765336347,0.000435,0.000129,0.000000,0.000000,0.000000,0.000000,0.000000,0.000000
5.104576,1765336358.026241,1765336347,0.000435,0.000129,0.000000,0.000000,0.000000,0.000000,0.000000,0.000000
5.124582,1765336358.046247,1765336347,0.000435,0.000129,0.000000,0.000372,0.000000,0.000000,0.000000,0.000000
5.144609,1765336358.066308,1765336347,0.000435,0.000129,0.000000,-0.000806,0.000000,0.000000,0.000000,0.000000
5.164616,1765336358.086321,1765336347,0.000435,0.000129,0.000000,0.000021,0.000000,0.000000,-0.688732,0.000000
5.184648,1765336358.106352,1765336347,0.000435,0.000129,0.000000,0.000003,0.000000,0.000000,0.000000,0.000000
5.204621,1765336358.126315,1765336347,0.000435,0.000129,0.000000,0.000500,0.000000,0.000000,0.000000,0.000000
5.224640,1765336358.146349,1765336347,0.000435,0.000129,0.000000,0.000000,0.000000,0.000000,0.000000,0.000000
5.244626,1765336358.166311,1765336347,0.000435,0.000129,0.000000,0.000946,0.000000,0.000000,0.000000,-0.344366
5.264641,1765336358.186334,1765336347,0.000435,0.000125,0.000000,-0.000872,0.000000,0.000000,0.000000,-0.344366
5.284648,1765336358.206337,1765336347,0.000435,0.000129,0.000000,0.000000,0.000000,0.000000,0.000000,0.000000
5.304655,1765336358.226347,1765336347,0.000435,0.000129,0.000000,0.000000,0.000000,0.000000,0.000000,0.344366
5.324681,1765336358.246356,1765336347,0.000435,0.000129,0.000000,0.000000,0.000000,0.000000,0.000000,0.000000
5.344688,1765336358.266360,1765336347,0.000435,0.000129,0.000000,0.000000,0.000000,0.000000,0.000000,0.000000
5.364695,1765336358.286366,1765336347,0.000435,0.000125,0.000000,0.000682,0.000000,0.000000,0.000000,0.000000
5.384719,1765336358.306390,1765336347,0.000435,0.000125,0.000000,-0.000925,0.000000,0.000000,0.000000,0.344366
5.404709,1765336358.326380,1765336347,0.000435,0.000129,0.000000,-0.000676,0.000000,0.000000,0.000000,0.000000
5.424717,1765336358.346387,1765336347,0.000435,0.000129,0.000000,0.000140,0.000000,0.000000,0.000000,0.344366
5.444740,1765336358.366413,1765336347,0.000435,0.000129,0.000000,0.000946,0.000000,0.000000,-0.344366,0.000000
5.464730,1765336358.386400,1765336347,0.000435,0.000129,0.000000,0.000940,0.000000,0.000000,0.000000,0.344366
5.484735,1765336358.406405,1765336347,0.000435,0.000129,0.000000,0.000000,0.000000,0.000000,0.000000,-0.344366
5.504741,1765336358.426412,1765336347,0.000435,0.000129,0.000000,0.000000,0.000000,0.000000,0.000000,0.000000
5.524763,1765336358.446438,1765336347,0.000435,0.000129,0.000000,0.000000,0.000000,0.000000,-0.688732,0.344366
5.544765,1765336358.466447,1765336347,0.000435,0.000129,0.000000,0.000000,0.000000,0.000000,0.000000,0.000000
5.564770,1765336358.486440,1765336347,0.000435,0.000129,0.000000,0.000000,0.000000,0.000000,0.000000,0.344366
5.584776,1765336358.506446,1765336347,0.000435,0.000129,0.000000,0.000000,0.000000,0.000000,0.000000,0.000000
5.604796,1765336358.526472,1765336347,0.000435,0.000129,0.000000,0.000000,0.000000,0.000000,0.000000,0.000000
5.624804,1765336358.546480,1765336347,0.000435,0.000129,0.000000,0.000000,0.000000,0.000000,0.000000,0.000000
5.644812,1765336358.566488,1765336347,0.000435,0.000129,0.000000,0.000000,0.000000,0.000000,0.000000,0.000000
5.664810,1765336358.586480,1765336347,0.000435,0.000129,0.000000,0.000000,0.000000,0.000000,0.000000,0.344366
5.684829,1765336358.606504,1765336347,0.000435,0.000129,0.000000,0.000000,0.000000,0.000000,0.000000,0.000000
5.704853,1765336358.626532,1765336347,0.000435,0.000129,0.000000,0.000000,0.000000,0.000000,0.000000,0.344366
5.724845,1765336358.646521,1765336347,0.000435,0.000129,0.000000,0.000000,0.000000,0.000000,0.000000,0.000000
5.744852,1765336358.666528,1765336347,0.000435,0.000129,0.000000,0.000000,0.000000,0.000000,0.000000,0.344366
5.764860,1765336358.686535,1765336347,0.000435,0.000129,0.000000,-0.000074,0.000000,0.000000,0.000000,0.344366
5.784866,1765336358.706542,1765336347,0.000435,0.000129,0.000000,0.000000,0.000000,0.000000,0.000000,-0.344366
5.804876,1765336358.726551,1765336347,0.000435,0.000129,0.000000,0.000000,0.000000,0.000000,0.000000,0.000000
5.824884,1765336358.746561,1765336347,0.000435,0.000129,0.000000,0.000000,0.000000,0.000000,0.000000,0.000000
5.844892,1765336358.766569,1765336347,0.000435,0.000129,0.000000,0.000000,0.000000,0.000000,-0.688732,0.000000
5.864900,1765336358.786576,1765336347,0.000435,0.000129,0.000000,0.000000,0.000000,0.000000,0.000000,0.000000
5.884908,1765336358.806584,1765336347,0.000435,0.000129,0.000000,0.000000,0.000000,0.000000,0.000000,0.000000
5.904902,1765336358.826571,1765336347,0.000435,0.000129,0.000000,0.000000,0.000000,0.000000,0.000000,0.000000
5.924924,1765336358.846600,1765336347,0.000435,0.000129,0.000000,0.000800,0.000000,0.000000,0.000000,0.000000
5.944931,1765336358.866605,1765336347,0.000435,0.000129,0.000000,0.000000,0.000000,0.000000,0.000000,0.344366
5.964961,1765336358.886640,1765336347,0.000435,0.000129,0.000000,0.000000,0.000000,0.000000,0.000000,-0.344366
5.984946,1765336358.906621,1765336347,0.000435,0.000129,0.000000,0.000000,0.000000,0.000000,0.000000,0.344366
6.004955,1765336358.926630,1765336347,0.000435,0.000129,0.000000,0.000001,0.000000,0.000000,0.000000,0.000000
6.024950,1765336358.946620,1765336347,0.000435,0.000129,0.000000,0.000000,0.000000,0.000000,0.000000,0.000000
6.044896,1765336358.966532,1765336347,0.000435,0.000125,0.000000,-0.000943,0.000000,0.000000,0.000000,0.000000
6.064914,1765336358.986559,1765336347,0.000435,0.000129,0.000000,0.000006,0.000000,0.000000,0.000000,0.000000
6.084934,1765336359.006588,1765336347,0.000435,0.000129,0.000000,0.000000,0.000000,0.000000,0.000000,0.000000
6.104961,1765336359.026627,1765336347,0.000435,0.000129,0.000000,0.000000,0.000000,0.000000,0.000000,0.344366
6.124978,1765336359.046648,1765336347,0.000435,0.000129,0.000000,0.000925,0.000000,0.000000,0.000000,0.000000
6.144974,1765336359.066640,1765336347,0.000435,0.000129,0.000000,0.000000,0.000000,0.000000,0.000000,0.000000
6.165002,1765336359.086678,1765336347,0.000435,0.000129,0.000000,0.000943,0.000000,0.000000,0.000000,0.000000
0.041807,1765336431.190167,1765336347,0.321203,0.248886,-0.000907,0.619986,0.000000,0.000000,0.344366,1.033098
0.061707,1765336431.209994,1765336347,0.321203,0.260593,0.000681,0.576005,0.000000,0.000000,0.344366,0.344366
0.081760,1765336431.230071,1765336347,0.321203,0.271365,0.000000,0.515807,0.000000,0.000000,0.344366,0.000000
0.101814,1765336431.250140,1765336347,0.321203,0.281040,0.000000,0.461385,0.000000,0.000000,0.344366,0.000000
0.121811,1765336431.270140,1765336347,0.321199,0.289700,-0.000946,0.419472,0.000000,0.000000,0.344366,0.344366
0.141819,1765336431.290148,1765336347,0.321199,0.297630,0.000000,0.383345,0.000000,0.000000,0.344366,1.033098
0.161842,1765336431.310179,1765336347,0.321199,0.304443,0.000000,0.338835,0.000000,0.000000,0.344366,0.000000
0.181852,1765336431.330189,1765336347,0.321196,0.310953,-0.000946,0.291661,0.000000,0.000000,0.000000,6.887317
0.201862,1765336431.350199,1765336347,0.321196,0.316408,0.000000,0.263367,0.000000,0.000000,0.000000,6.887317
0.221856,1765336431.370185,1765336347,0.321196,0.321358,0.000000,0.236313,0.000000,0.000000,0.000000,7.576049
0.241845,1765336431.390164,1765336347,0.321196,0.325768,0.000000,0.209168,0.000000,0.000000,0.344366,8.264781
0.261860,1765336431.410183,1765336347,0.321196,0.329693,0.000000,0.176010,0.000000,0.000000,0.000000,8.264781
0.281880,1765336431.430208,1765336347,0.321196,0.332740,0.000000,0.156543,0.000000,0.000000,0.344366,7.920415
0.301887,1765336431.450217,1765336347,0.321196,0.335647,0.000000,0.139468,0.000000,0.000000,0.688732,8.264781
0.321910,1765336431.470248,1765336347,0.321196,0.338202,0.000000,0.117669,0.000000,0.000000,0.000000,7.920415
0.341972,1765336431.490374,1765336347,0.321199,0.340522,0.000907,0.096960,0.000000,0.000000,0.000000,7.576049
0.362059,1765336431.510433,1765336347,0.321203,0.342244,0.000000,0.086253,0.000000,0.000000,0.000000,7.231683
0.381895,1765336431.530215,1765336347,0.321203,0.343959,0.000000,0.086629,0.000000,0.000000,0.000000,8.264781
0.402051,1765336431.550424,1765336347,0.321203,0.345583,0.000000,0.079630,0.000000,0.000000,0.000000,8.264781
0.422061,1765336431.570433,1765336347,0.321203,0.347093,0.000000,0.072799,0.000000,0.000000,0.000000,7.576049
0.442051,1765336431.590404,1765336347,0.321207,0.348550,0.000946,0.073493,0.000000,0.000000,0.000000,8.609147
0.462041,1765336431.610389,1765336347,0.321211,0.350023,0.000000,0.081079,0.000000,0.000000,0.000000,7.920415
0.482026,1765336431.630365,1765336347,0.321215,0.351673,0.000003,0.078416,0.000000,0.000000,-0.688732,8.609147
0.502048,1765336431.650389,1765336347,0.321245,0.353157,0.004909,0.072287,0.000000,0.000000,0.000000,7.576049
0.522055,1765336431.670394,1765336347,0.321430,0.354546,0.009111,0.072397,0.000000,0.000000,0.344366,7.576049
0.542036,1765336431.690366,1765336347,0.321589,0.356211,0.006873,0.083897,0.000000,0.000000,0.000000,8.609147
0.562071,1765336431.710409,1765336347,0.321695,0.357877,0.003796,0.082918,0.000000,0.000000,0.000000,8.264781
0.582059,1765336431.730389,1765336347,0.321726,0.359553,0.000021,0.082170,0.000000,0.000000,0.000000,7.920415
0.602073,1765336431.750404,1765336347,0.321729,0.361048,0.000872,0.077474,0.000000,0.000000,0.000000,7.920415
0.622120,1765336431.770461,1765336347,0.321729,0.362774,0.000000,0.085517,0.000000,0.000000,0.000000,8.953512
0.642100,1765336431.790429,1765336347,0.321726,0.364508,0.000000,0.089139,0.000000,0.000000,0.000000,7.576049
0.662107,1765336431.810445,1765336347,0.321726,0.366264,0.000500,0.086258,0.000000,0.000000,0.344366,7.576049
0.682117,1765336431.830454,1765336347,0.321726,0.367835,-0.000944,0.080429,0.000000,0.000000,0.000000,7.231683
0.702111,1765336431.850441,1765336347,0.321733,0.369516,0.000907,0.086054,0.000000,0.000000,0.000000,7.920415
0.722066,1765336431.870394,1765336347,0.321760,0.371268,0.001892,0.087889,0.000000,0.000000,0.000000,7.231683
0.742068,1765336431.890388,1765336347,0.321809,0.373032,0.002024,0.080811,0.000000,0.000000,0.688732,7.920415
0.762208,1765336431.910577,1765336347,0.321828,0.374572,0.000000,0.076608,0.000000,0.000000,0.000000,7.920415
0.782220,1765336431.930589,1765336347,0.321832,0.376109,0.000000,0.076636,0.000000,0.000000,0.000000,8.264781
0.802194,1765336431.950540,1765336347,0.321835,0.377612,0.000265,0.077600,0.000000,0.000000,0.000000,8.264781
0.822222,1765336431.970577,1765336347,0.321847,0.379198,0.000946,0.074755,0.000000,0.000000,0.688732,8.609147
0.842258,1765336431.990627,1765336347,0.321866,0.380492,0.000946,0.065574,0.000000,0.000000,0.000000,7.231683
0.862271,1765336432.010640,1765336347,0.321896,0.381806,0.002353,0.067308,0.000000,0.000000,0.344366,7.920415
0.882316,1765336432.030688,1765336347,0.321975,0.383225,0.005775,0.070586,0.000000,0.000000,-0.344366,7.920415
0.902297,1765336432.050660,1765336347,0.322131,0.384470,0.008962,0.060641,0.000000,0.000000,0.000000,8.264781
0.922286,1765336432.070640,1765336347,0.322290,0.385750,0.008189,0.061507,0.000000,0.000000,0.000000,7.920415
0.942293,1765336432.090647,1765336347,0.322403,0.386984,0.004731,0.064323,0.000000,0.000000,0.344366,7.920415
0.962332,1765336432.110700,1765336347,0.322467,0.388373,0.002644,0.065493,0.000000,0.000000,0.688732,8.264781
0.982344,1765336432.130713,1765336347,0.322498,0.389599,0.001205,0.064480,0.000000,0.000000,0.688732,7.920415
1.002334,1765336432.150688,1765336347,0.322517,0.390795,0.000872,0.058735,0.000000,0.000000,0.000000,7.231683
1.022344,1765336432.170696,1765336347,0.322528,0.391976,0.000011,0.065167,0.000000,0.000000,0.000000,7.920415
1.042253,1765336432.190551,1765336347,0.322547,0.393331,0.000946,0.064792,0.000000,0.000000,0.344366,7.231683
1.062519,1765336432.210814,1765336347,0.322555,0.394667,0.000000,0.065961,0.000000,0.000000,0.000000,7.920415
1.082532,1765336432.230828,1765336347,0.322555,0.395935,0.000000,0.064150,0.000000,0.000000,0.000000,7.920415
1.102581,1765336432.250905,1765336347,0.322558,0.397252,0.000682,0.066777,0.000000,0.000000,-0.344366,8.264781
1.122600,1765336432.270931,1765336347,0.322570,0.398592,0.000946,0.072465,0.000000,0.000000,0.000000,8.264781
1.142642,1765336432.290983,1765336347,0.322585,0.399985,0.000011,0.067225,0.000000,0.000000,0.000000,7.576049
1.162633,1765336432.310976,1765336347,0.322592,0.401314,0.000000,0.063545,0.000000,0.000000,0.000000,7.231683
1.182641,1765336432.330985,1765336347,0.322596,0.402586,0.000000,0.064412,0.000000,0.000000,0.000000,7.920415
1.202661,1765336432.351011,1765336347,0.322596,0.403888,0.000000,0.064806,0.000000,0.000000,0.000000,8.264781
1.222679,1765336432.371038,1765336347,0.322596,0.405231,0.000000,0.062530,0.000000,0.000000,0.688732,8.609147
1.242678,1765336432.391036,1765336347,0.322596,0.406374,0.000000,0.054917,0.000000,0.000000,0.000000,7.231683
1.262682,1765336432.411034,1765336347,0.322600,0.407423,0.000000,0.054883,0.000000,0.000000,0.000000,7.576049
1.282716,1765336432.431067,1765336347,0.322604,0.408619,0.000000,0.054611,0.000000,0.000000,-0.344366,7.920415
1.302712,1765336432.451062,1765336347,0.322604,0.409543,0.000000,0.048424,0.000000,0.000000,0.000000,8.264781
1.322705,1765336432.471056,1765336347,0.322604,0.410360,0.000000,0.033222,0.000000,0.000000,0.000000,0.000000
1.342723,1765336432.491075,1765336347,0.322604,0.410871,0.000000,0.025446,0.000000,0.000000,0.000000,0.344366
1.362751,1765336432.511110,1765336347,0.322604,0.411378,0.000000,0.020038,0.000000,0.000000,0.344366,0.000000
1.382735,1765336432.531094,1765336347,0.322604,0.411624,0.000000,0.007018,0.000000,0.000000,0.000000,0.344366
1.402768,1765336432.551124,1765336347,0.322604,0.411628,0.000000,-0.000985,0.000000,0.000000,0.000000,0.000000
1.422746,1765336432.571097,1765336347,0.322604,0.411636,0.000000,0.000021,0.000000,0.000000,0.000000,0.000000
1.442753,1765336432.591104,1765336347,0.322604,0.411636,0.000000,0.000000,0.000000,0.000000,0.000000,0.000000
1.462763,1765336432.611115,1765336347,0.322604,0.411636,0.000000,-0.000072,0.000000,0.000000,0.000000,0.000000
1.482783,1765336432.631134,1765336347,0.322604,0.411632,0.000000,-0.000500,0.000000,0.000000,0.688732,0.000000
1.502807,1765336432.651164,1765336347,0.322604,0.411636,0.000000,0.000000,0.000000,0.000000,0.000000,0.000000
1.522792,1765336432.671148,1765336347,0.322604,0.411639,0.000000,0.000000,0.000000,0.000000,0.344366,0.000000
1.542791,1765336432.691141,1765336347,0.322604,0.411639,0.000000,0.000000,0.000000,0.000000,0.000000,0.000000
1.562801,1765336432.711152,1765336347,0.322604,0.411639,0.000000,0.000000,0.000000,0.000000,0.000000,0.000000
1.582809,1765336432.731159,1765336347,0.322604,0.411639,0.000000,0.000000,0.000000,0.000000,0.000000,0.000000
1.602841,1765336432.751191,1765336347,0.322604,0.411639,0.000000,0.000000,0.000000,0.000000,0.688732,0.000000
1.622850,1765336432.771200,1765336347,0.322604,0.411643,0.000000,0.000140,0.000000,0.000000,-0.688732,0.000000
1.642857,1765336432.791208,1765336347,0.322604,0.411643,0.000000,-0.000682,0.000000,0.000000,0.000000,0.000000
1.662892,1765336432.811237,1765336347,0.322604,0.411639,0.000000,0.000000,0.000000,0.000000,-0.688732,-0.688732
1.682852,1765336432.831195,1765336347,0.322600,0.411639,0.000000,0.000000,0.000000,0.000000,0.344366,0.344366
1.702855,1765336432.851198,1765336347,0.322600,0.411643,0.000000,0.000000,0.000000,0.000000,0.344366,0.344366
1.722843,1765336432.871186,1765336347,0.322600,0.411643,0.000000,0.000000,0.000000,0.000000,0.000000,0.000000
1.742867,1765336432.891211,1765336347,0.322600,0.411643,0.000000,0.000000,0.000000,0.000000,-0.688732,1.377463
1.762874,1765336432.911217,1765336347,0.322600,0.411643,0.000000,0.000000,0.000000,0.000000,0.000000,0.344366
1.782879,1765336432.931222,1765336347,0.322600,0.411643,0.000000,0.000000,0.000000,0.000000,0.000000,0.344366
1.802845,1765336432.951197,1765336347,0.322600,0.411647,0.000000,0.000000,0.000000,0.000000,0.344366,0.000000
1.822848,1765336432.971187,1765336347,0.322600,0.411647,0.000000,0.000000,0.000000,0.000000,-0.688732,0.000000
1.842855,1765336432.991194,1765336347,0.322600,0.411647,0.000000,0.000000,0.000000,0.000000,-0.344366,0.344366
1.862865,1765336433.011202,1765336347,0.322600,0.411647,0.000000,0.000000,0.000000,0.000000,0.000000,0.688732
1.882865,1765336433.031196,1765336347,0.322600,0.411647,0.000000,0.000000,0.000000,0.000000,0.688732,0.000000
1.902941,1765336433.051299,1765336347,0.322600,0.411647,0.000000,0.000000,0.000000,0.000000,0.000000,0.000000
1.922931,1765336433.071250,1765336347,0.322600,0.411647,0.000000,0.000000,0.000000,0.000000,0.000000,0.000000
1.942909,1765336433.091222,1765336347,0.322600,0.411647,0.000000,0.000000,0.000000,0.000000,0.000000,0.000000
1.962916,1765336433.111229,1765336347,0.322600,0.411647,0.000000,0.000000,0.000000,0.000000,0.000000,0.344366
1.982937,1765336433.131249,1765336347,0.322600,0.411651,0.000000,0.000000,0.000000,0.000000,0.688732,0.000000
2.003098,1765336433.151469,1765336347,0.322600,0.411655,0.000000,0.000000,0.000000,0.000000,0.344366,0.000000
2.023093,1765336433.171450,1765336347,0.322600,0.411655,0.000000,0.000000,0.000000,0.000000,0.000000,0.344366
2.042957,1765336433.191248,1765336347,0.322600,0.411655,0.000000,0.000000,0.000000,0.000000,0.344366,0.000000
2.062989,1765336433.211316,1765336347,0.322600,0.411655,0.000000,0.000000,0.000000,0.000000,0.344366,0.000000
2.083098,1765336433.231447,1765336347,0.322600,0.411655,0.000000,0.000000,0.000000,0.000000,0.000000,0.000000
2.103101,1765336433.251446,1765336347,0.322600,0.411658,0.000000,0.000000,0.000000,0.000000,0.000000,-0.688732
2.123116,1765336433.271461,1765336347,0.322600,0.411658,0.000000,0.000000,0.000000,0.000000,0.344366,0.000000
2.143123,1765336433.291467,1765336347,0.322596,0.411658,-0.000926,0.000946,0.000000,0.000000,0.000000,0.000000
2.163123,1765336433.311459,1765336347,0.322596,0.411658,0.000000,0.000000,0.000000,0.000000,-0.344366,-0.688732
2.183150,1765336433.331489,1765336347,0.322600,0.411658,0.000000,0.000806,0.000000,0.000000,0.000000,-0.688732
2.203134,1765336433.351471,1765336347,0.322596,0.411662,0.000000,0.000000,0.000000,0.000000,0.344366,0.000000
2.223055,1765336433.371343,1765336347,0.322596,0.411662,0.000000,0.000000,0.000000,0.000000,0.000000,0.344366
2.243061,1765336433.391352,1765336347,0.322596,0.411662,0.000000,0.000000,0.000000,0.000000,0.000000,0.688732
2.263074,1765336433.411362,1765336347,0.322596,0.411662,0.000000,0.000000,0.000000,0.000000,0.000000,-0.688732
2.283223,1765336433.431533,1765336347,0.322596,0.411670,0.000000,0.000500,0.000000,0.000000,0.000000,0.344366
2.303312,1765336433.451666,1765336347,0.322596,0.411685,0.000000,0.000946,0.000000,0.000000,0.000000,0.000000
2.323323,1765336433.471678,1765336347,0.322596,0.411685,0.000000,0.000000,0.000000,0.000000,0.000000,0.000000
2.343317,1765336433.491662,1765336347,0.322596,0.411685,0.000000,0.000000,0.000000,0.000000,0.000000,0.000000
2.363448,1765336433.511803,1765336347,0.322596,0.411685,0.000000,0.000000,0.000000,0.000000,0.344366,0.344366
2.383408,1765336433.531744,1765336347,0.322600,0.411689,0.000011,0.000000,0.000000,0.000000,0.000000,0.000000
2.403464,1765336433.551808,1765336347,0.322596,0.411689,-0.000425,0.000000,0.000000,0.000000,0.000000,0.000000
2.423515,1765336433.571884,1765336347,0.322596,0.411689,-0.000806,0.000000,0.000000,0.000000,0.344366,0.344366
2.443563,1765336433.591935,1765336347,0.322600,0.411689,0.000000,0.000000,0.000000,0.000000,0.000000,0.000000
2.463540,1765336433.611907,1765336347,0.322600,0.411689,0.000000,0.000000,0.000000,0.000000,0.000000,0.344366
2.483554,1765336433.631922,1765336347,0.322600,0.411689,0.000000,0.000000,0.000000,0.000000,0.000000,0.000000
2.503568,1765336433.651936,1765336347,0.322600,0.411689,0.000000,0.000000,0.000000,0.000000,-1.033098,0.344366
2.523583,1765336433.671952,1765336347,0.322600,0.411689,0.000000,0.000000,0.000000,0.000000,0.000000,0.000000
2.543554,1765336433.691899,1765336347,0.322596,0.411689,0.000000,0.000000,0.000000,0.000000,0.000000,0.000000
2.563606,1765336433.711974,1765336347,0.322596,0.411689,0.000000,0.000000,0.000000,0.000000,0.688732,-0.688732
2.583596,1765336433.731950,1765336347,0.322596,0.411689,0.000000,0.000000,0.000000,0.000000,0.688732,0.000000
2.603608,1765336433.751962,1765336347,0.322596,0.411689,0.000000,0.000000,0.000000,0.000000,0.000000,0.344366
2.623602,1765336433.771946,1765336347,0.322596,0.411689,0.000000,0.000000,0.000000,0.000000,0.000000,-0.688732
2.643614,1765336433.791958,1765336347,0.322596,0.411689,0.000000,0.000000,0.000000,0.000000,0.000000,0.344366
2.663624,1765336433.811968,1765336347,0.322596,0.411689,0.000000,0.000000,0.000000,0.000000,0.688732,0.344366
2.683635,1765336433.831979,1765336347,0.322596,0.411689,0.000000,0.000000,0.000000,0.000000,0.344366,0.000000
2.703671,1765336433.852018,1765336347,0.322596,0.411689,0.000000,0.000000,0.000000,0.000000,0.344366,0.000000
2.723658,1765336433.872002,1765336347,0.322596,0.411689,0.000000,0.000000,0.000000,0.000000,0.000000,0.000000
2.743669,1765336433.892013,1765336347,0.322596,0.411689,0.000000,0.000000,0.000000,0.000000,0.344366,-0.688732
2.763679,1765336433.912024,1765336347,0.322596,0.411689,0.000000,0.000000,0.000000,0.000000,0.000000,0.000000
2.783690,1765336433.932034,1765336347,0.322596,0.411689,0.000000,0.000000,0.000000,0.000000,-0.344366,0.000000
2.803701,1765336433.952046,1765336347,0.322596,0.411689,0.000000,0.000000,0.000000,0.000000,0.000000,0.344366
2.823711,1765336433.972055,1765336347,0.322596,0.411689,0.000000,0.000000,0.000000,0.000000,0.344366,0.344366
2.843722,1765336433.992065,1765336347,0.322596,0.411689,0.000000,0.000000,0.000000,0.000000,0.344366,0.000000
2.863733,1765336434.012077,1765336347,0.322596,0.411689,0.000000,0.000000,0.000000,0.000000,-0.344366,0.000000
2.883743,1765336434.032088,1765336347,0.322596,0.411689,0.000000,0.000000,0.000000,0.000000,0.000000,0.344366
2.903755,1765336434.052099,1765336347,0.322596,0.411689,0.000000,0.000000,0.000000,0.000000,0.000000,0.000000
2.923766,1765336434.072109,1765336347,0.322596,0.411689,0.000000,0.000000,0.000000,0.000000,0.344366,-0.688732
2.943776,1765336434.092120,1765336347,0.322596,0.411689,0.000000,0.000000,0.000000,0.000000,0.344366,0.000000
2.963738,1765336434.112060,1765336347,0.322596,0.411689,0.000000,0.000000,0.000000,0.000000,0.000000,0.344366
2.983835,1765336434.132205,1765336347,0.322596,0.411689,0.000000,0.000000,0.000000,0.000000,0.344366,0.000000
3.003873,1765336434.152242,1765336347,0.322596,0.411689,0.000000,0.000000,0.000000,0.000000,0.688732,0.000000
3.023886,1765336434.172255,1765336347,0.322596,0.411689,0.000000,0.000000,0.000000,0.000000,0.000000,0.000000
3.043810,1765336434.192158,1765336347,0.322596,0.411689,0.000000,0.000000,0.000000,0.000000,0.000000,0.344366
3.063791,1765336434.212102,1765336347,0.322596,0.411689,-0.000806,0.000000,0.000000,0.000000,0.688732,0.344366
3.083832,1765336434.232163,1765336347,0.322596,0.411689,0.000000,0.000000,0.000000,0.000000,0.000000,0.000000
3.103928,1765336434.252274,1765336347,0.322596,0.411689,0.000000,0.000000,0.000000,0.000000,0.000000,0.344366
3.123934,1765336434.272278,1765336347,0.322596,0.411689,0.000000,0.000000,0.000000,0.000000,0.344366,0.000000
3.143959,1765336434.292343,1765336347,0.322596,0.411689,0.000000,0.000000,0.000000,0.000000,0.000000,0.344366
3.163945,1765336434.312317,1765336347,0.322596,0.411689,0.000000,0.000000,0.000000,0.000000,0.688732,0.000000
3.183974,1765336434.332361,1765336347,0.322596,0.411689,0.000000,0.000000,0.000000,0.000000,0.000000,0.000000
3.203974,1765336434.352341,1765336347,0.322596,0.411689,0.000000,0.000000,0.000000,0.000000,0.000000,0.000000
3.224087,1765336434.372461,1765336347,0.322596,0.411689,0.000000,0.000000,0.000000,0.000000,0.000000,0.000000
3.244061,1765336434.392431,1765336347,0.322596,0.411689,0.000000,0.000000,0.000000,0.000000,0.000000,0.000000
3.264023,1765336434.412368,1765336347,0.322596,0.411689,0.000000,0.000000,0.000000,0.000000,-0.688732,0.000000
3.284034,1765336434.432374,1765336347,0.322596,0.411689,0.000000,0.000000,0.000000,0.000000,0.000000,0.344366
3.304042,1765336434.452381,1765336347,0.322596,0.411689,0.000000,0.000000,0.000000,0.000000,-0.344366,0.000000
3.324050,1765336434.472388,1765336347,0.322596,0.411689,0.000000,0.000000,0.000000,0.000000,0.000000,0.000000
3.344060,1765336434.492398,1765336347,0.322596,0.411689,0.000000,0.000000,0.000000,0.000000,0.000000,-0.688732
3.364067,1765336434.512406,1765336347,0.322596,0.411689,0.000000,0.000000,0.000000,0.000000,0.000000,0.344366
3.384057,1765336434.532388,1765336347,0.322596,0.411689,0.000000,0.000000,0.000000,0.000000,0.000000,0.000000
3.404061,1765336434.552392,1765336347,0.322596,0.411689,0.000000,0.000000,0.000000,0.000000,0.000000,0.000000
3.424038,1765336434.572355,1765336347,0.322596,0.411689,0.000000,0.000000,0.000000,0.000000,0.000000,0.344366
3.443986,1765336434.592287,1765336347,0.322596,0.411689,0.000000,0.000000,0.000000,0.000000,0.000000,0.000000
3.463985,1765336434.612292,1765336347,0.322596,0.411689,0.000000,0.000000,0.000000,0.000000,0.000000,0.000000
3.484090,1765336434.632421,1765336347,0.322596,0.411689,0.000000,0.000000,0.000000,0.000000,0.000000,0.000000
3.504171,1765336434.652540,1765336347,0.322596,0.411689,0.000000,0.000000,0.000000,0.000000,0.000000,0.344366
3.524191,1765336434.672559,1765336347,0.322596,0.411689,0.000000,0.000000,0.000000,0.000000,-0.688732,0.000000
3.544178,1765336434.692532,1765336347,0.322596,0.411689,0.000000,0.000000,0.000000,0.000000,0.688732,0.000000
3.564188,1765336434.712536,1765336347,0.322596,0.411689,0.000000,0.000000,0.000000,0.000000,0.688732,0.000000
3.584183,1765336434.732527,1765336347,0.322596,0.411689,0.000000,0.000000,0.000000,0.000000,0.000000,0.000000
3.604193,1765336434.752537,1765336347,0.322596,0.411689,0.000000,0.000000,0.000000,0.000000,0.000000,0.000000
3.624191,1765336434.772528,1765336347,0.322596,0.411689,0.000000,0.000000,0.000000,0.000000,0.688732,0.000000
3.644211,1765336434.792549,1765336347,0.322596,0.411689,0.000000,0.000000,0.000000,0.000000,0.000000,0.000000
3.664221,1765336434.812564,1765336347,0.322596,0.411689,0.000000,0.000000,0.000000,0.000000,0.000000,0.344366
3.684231,1765336434.832575,1765336347,0.322596,0.411689,0.000000,0.000000,0.000000,0.000000,0.000000,0.000000
3.704241,1765336434.852585,1765336347,0.322596,0.411689,0.000000,0.000000,0.000000,0.000000,0.000000,0.000000
3.724251,1765336434.872595,1765336347,0.322596,0.411689,0.000000,0.000000,0.000000,0.000000,0.000000,0.344366
3.744272,1765336434.892612,1765336347,0.322596,0.411689,0.000000,0.000000,0.000000,0.000000,0.000000,0.344366
3.764257,1765336434.912594,1765336347,0.322596,0.411689,0.000000,0.000000,0.000000,0.000000,0.688732,0.000000
3.784278,1765336434.932622,1765336347,0.322596,0.411689,0.000000,0.000000,0.000000,0.000000,0.000000,0.000000
3.804288,1765336434.952632,1765336347,0.322596,0.411689,0.000000,-0.000001,0.000000,0.000000,0.000000,0.000000
3.824298,1765336434.972641,1765336347,0.322596,0.411689,0.000000,0.000000,0.000000,0.000000,0.000000,0.000000
3.844308,1765336434.992652,1765336347,0.322596,0.411689,0.000000,0.000000,0.000000,0.000000,0.000000,0.000000
3.864290,1765336435.012619,1765336347,0.322596,0.411692,0.000000,0.000000,0.000000,0.000000,0.000000,0.000000
3.884314,1765336435.032651,1765336347,0.322596,0.411692,0.000000,0.000000,0.000000,0.000000,0.688732,0.000000
3.904420,1765336435.052774,1765336347,0.322596,0.411692,0.000000,0.000000,0.000000,0.000000,0.000000,0.000000
3.924414,1765336435.072757,1765336347,0.322596,0.411692,0.000000,0.000000,0.000000,0.000000,0.000000,0.000000
3.944466,1765336435.092834,1765336347,0.322596,0.411689,0.000000,0.000000,0.000000,0.000000,0.000000,0.000000
3.964479,1765336435.112847,1765336347,0.322596,0.411689,0.000000,0.000000,0.000000,0.000000,0.344366,0.000000
3.984451,1765336435.132795,1765336347,0.322596,0.411692,0.000000,0.000000,0.000000,0.000000,-0.688732,0.000000
4.004457,1765336435.152788,1765336347,0.322596,0.411692,0.000000,-0.000446,0.000000,0.000000,0.000000,0.000000
4.024513,1765336435.172881,1765336347,0.322596,0.411689,0.000000,-0.000944,0.000000,0.000000,0.000000,0.000000
4.044434,1765336435.192770,1765336347,0.322596,0.411689,0.000000,0.000000,0.000000,0.000000,0.344366,0.344366
4.064416,1765336435.212720,1765336347,0.322596,0.411692,0.000000,0.000000,0.000000,0.000000,0.000000,0.344366
4.084456,1765336435.232780,1765336347,0.322596,0.411692,0.000000,0.000039,0.000000,0.000000,0.000000,0.344366
4.104519,1765336435.252873,1765336347,0.322596,0.411692,0.000000,0.000000,0.000000,0.000000,0.344366,0.000000
4.124531,1765336435.272884,1765336347,0.322596,0.411692,0.000000,0.000000,0.000000,0.000000,0.344366,0.000000
4.144524,1765336435.292868,1765336347,0.322596,0.411689,0.000000,0.000000,0.000000,0.000000,0.000000,0.000000
4.164537,1765336435.312881,1765336347,0.322596,0.411692,0.000000,-0.000446,0.000000,0.000000,0.000000,0.000000
4.184547,1765336435.332891,1765336347,0.322596,0.411689,0.000000,0.000000,0.000000,0.000000,0.000000,0.344366
4.204559,1765336435.352903,1765336347,0.322596,0.411689,0.000000,0.000000,0.000000,0.000000,0.000000,0.000000
4.224609,1765336435.372978,1765336347,0.322596,0.411689,0.000000,0.000000,0.000000,0.000000,0.688732,0.000000
4.244600,1765336435.392954,1765336347,0.322596,0.411689,0.000000,0.000000,0.000000,0.000000,0.000000,-0.688732
4.264668,1765336435.413039,1765336347,0.322596,0.411689,0.000000,-0.000140,0.000000,0.000000,0.000000,0.344366
4.284625,1765336435.432979,1765336347,0.322596,0.411692,0.000000,0.000945,0.000000,0.000000,0.344366,0.000000
4.304637,1765336435.452991,1765336347,0.322596,0.411689,0.000000,-0.000943,0.000000,0.000000,0.000000,0.000000
4.324633,1765336435.472978,1765336347,0.322596,0.411689,0.000000,-0.000907,0.000000,0.000000,0.000000,0.000000
4.344641,1765336435.492985,1765336347,0.322596,0.411689,0.000000,0.000000,0.000000,0.000000,0.000000,0.000000
4.364654,1765336435.512999,1765336347,0.322596,0.411689,0.000000,0.000000,0.000000,0.000000,0.000000,0.344366
4.384664,1765336435.533008,1765336347,0.322596,0.411689,0.000000,0.000000,0.000000,0.000000,0.000000,0.000000
4.404667,1765336435.553000,1765336347,0.322596,0.411689,0.000000,-0.000000,0.000000,0.000000,0.000000,0.000000
4.424671,1765336435.573008,1765336347,0.322596,0.411689,0.000000,0.000000,0.000000,0.000000,0.344366,0.000000
4.444682,1765336435.593019,1765336347,0.322592,0.411692,0.000492,0.000934,0.000000,0.000000,0.344366,0.344366
4.464705,1765336435.613049,1765336347,0.322592,0.411689,0.000000,-0.000140,0.000000,0.000000,0.000000,0.000000
4.484715,1765336435.633060,1765336347,0.322592,0.411692,0.000000,0.000000,0.000000,0.000000,0.000000,0.000000
4.504726,1765336435.653071,1765336347,0.322592,0.411689,0.000000,0.000000,0.000000,0.000000,0.000000,0.688732
4.524765,1765336435.673111,1765336347,0.322596,0.411689,0.000907,0.000000,0.000000,0.000000,0.000000,0.000000
4.544748,1765336435.693092,1765336347,0.322592,0.411692,0.000000,0.000500,0.000000,0.000000,-0.688732,0.344366
4.564799,1765336435.713167,1765336347,0.322592,0.411692,0.000000,0.000000,0.000000,0.000000,0.344366,0.000000
4.584789,1765336435.733143,1765336347,0.322592,0.411689,0.000000,-0.000946,0.000000,0.000000,-0.344366,0.000000
4.604786,1765336435.753130,1765336347,0.322592,0.411689,0.000000,0.000000,0.000000,0.000000,0.000000,0.000000
4.624796,1765336435.773140,1765336347,0.322592,0.411689,0.000003,0.000000,0.000000,0.000000,0.000000,0.688732
4.644807,1765336435.793151,1765336347,0.322592,0.411689,0.000000,0.000000,0.000000,0.000000,0.000000,0.000000
4.664818,1765336435.813162,1765336347,0.322592,0.411692,0.000000,0.000039,0.000000,0.000000,0.000000,0.000000
4.684800,1765336435.833129,1765336347,0.322592,0.411689,0.000000,0.000000,0.000000,0.000000,0.000000,0.000000
4.704822,1765336435.853159,1765336347,0.322592,0.411689,0.000000,0.000000,0.000000,0.000000,0.000000,0.344366
4.724834,1765336435.873170,1765336347,0.322592,0.411689,0.000000,0.000000,0.000000,0.000000,0.000000,0.344366
4.744844,1765336435.893180,1765336347,0.322592,0.411692,0.000000,0.000000,0.000000,0.000000,-0.688732,0.000000
4.764905,1765336435.913273,1765336347,0.322592,0.411692,0.000000,0.000000,0.000000,0.000000,0.000000,0.688732
4.784923,1765336435.933305,1765336347,0.322592,0.411692,0.000000,0.000000,0.000000,0.000000,0.344366,0.000000
4.804888,1765336435.953232,1765336347,0.322592,0.411689,0.000000,0.000000,0.000000,0.000000,0.000000,0.000000
4.824940,1765336435.973349,1765336347,0.322592,0.411689,0.000000,0.000000,0.000000,0.000000,-0.688732,-0.688732
4.844953,1765336435.993361,1765336347,0.322592,0.411689,0.000000,0.000000,0.000000,0.000000,0.000000,0.000000
4.864943,1765336436.013325,1765336347,0.322592,0.411689,0.000000,0.000000,0.000000,0.000000,0.688732,0.344366
4.884937,1765336436.033309,1765336347,0.322592,0.411689,0.000000,0.000000,0.000000,0.000000,0.000000,0.000000
4.904935,1765336436.053272,1765336347,0.322592,0.411689,0.000000,0.000000,0.000000,0.000000,-0.688732,0.000000
4.924997,1765336436.073409,1765336347,0.322592,0.411689,0.000000,0.000000,0.000000,0.000000,-0.688732,0.000000
4.944988,1765336436.093368,1765336347,0.322592,0.411689,0.000000,0.000000,0.000000,0.000000,0.000000,0.344366
4.964983,1765336436.113363,1765336347,0.322592,0.411689,0.000000,0.000000,0.000000,0.000000,0.000000,0.344366
4.984981,1765336436.133352,1765336347,0.322592,0.411689,0.000000,0.000000,0.000000,0.000000,0.000000,0.344366
5.004956,1765336436.153276,1765336347,0.322592,0.411689,0.000000,0.000000,0.000000,0.000000,0.344366,-0.688732
5.024944,1765336436.173254,1765336347,0.322592,0.411689,0.000000,0.000000,0.000000,0.000000,0.000000,-0.688732
5.044924,1765336436.193217,1765336347,0.322592,0.411689,0.000000,0.000000,0.000000,0.000000,0.000000,0.344366
5.064916,1765336436.213210,1765336347,0.322592,0.411689,0.000000,0.000000,0.000000,0.000000,0.000000,0.000000
5.084927,1765336436.233230,1765336347,0.322592,0.411689,0.000000,0.000000,0.000000,0.000000,0.000000,0.000000
5.104935,1765336436.253241,1765336347,0.322592,0.411689,0.000000,0.000000,0.000000,0.000000,0.000000,0.344366
5.124946,1765336436.273255,1765336347,0.322592,0.411689,0.000000,0.000000,0.000000,0.000000,-0.344366,0.000000
5.144954,1765336436.293264,1765336347,0.322592,0.411689,0.000000,0.000000,0.000000,0.000000,-0.688732,0.000000
5.164963,1765336436.313275,1765336347,0.322592,0.411689,0.000000,0.000000,0.000000,0.000000,0.344366,0.000000
5.184970,1765336436.333293,1765336347,0.322592,0.411689,0.000000,0.000000,0.000000,0.000000,0.000000,0.000000
5.204976,1765336436.353302,1765336347,0.322592,0.411689,0.000000,0.000000,0.000000,0.000000,0.344366,0.000000
5.224984,1765336436.373309,1765336347,0.322592,0.411689,0.000000,0.000000,0.000000,0.000000,0.000000,0.000000
5.244990,1765336436.393315,1765336347,0.322592,0.411689,0.000000,0.000000,0.000000,0.000000,0.000000,0.000000
5.264991,1765336436.413309,1765336347,0.322592,0.411689,0.000000,0.000000,0.000000,0.000000,0.344366,0.344366
5.285000,1765336436.433317,1765336347,0.322592,0.411689,0.000000,0.000000,0.000000,0.000000,0.344366,0.344366
5.305034,1765336436.453347,1765336347,0.322592,0.411689,0.000000,0.000000,0.000000,0.000000,0.000000,0.000000
5.325024,1765336436.473336,1765336347,0.322592,0.411689,0.000000,0.000000,0.000000,0.000000,0.000000,0.000000
5.345043,1765336436.493357,1765336347,0.322592,0.411689,0.000000,0.000000,0.000000,0.000000,0.344366,0.000000
5.365048,1765336436.513361,1765336347,0.322592,0.411689,0.000000,0.000000,0.000000,0.000000,0.000000,0.000000
5.385044,1765336436.533356,1765336347,0.322592,0.411689,0.000000,0.000000,0.000000,0.000000,-0.344366,0.000000
5.405155,1765336436.553500,1765336347,0.322592,0.411689,0.000000,0.000000,0.000000,0.000000,0.000000,0.000000
5.425204,1765336436.573572,1765336347,0.322592,0.411689,0.000000,0.000000,0.000000,0.000000,0.688732,0.344366
5.445194,1765336436.593548,1765336347,0.322592,0.411689,0.000000,0.000000,0.000000,0.000000,0.000000,0.000000
5.465188,1765336436.613533,1765336347,0.322592,0.411689,0.000000,0.000000,0.000000,0.000000,0.000000,-0.688732
5.485199,1765336436.633545,1765336347,0.322592,0.411689,0.000000,0.000000,0.000000,0.000000,0.000000,0.000000
5.505197,1765336436.653534,1765336347,0.322592,0.411689,0.000000,0.000000,0.000000,0.000000,0.000000,0.000000
5.525220,1765336436.673564,1765336347,0.322592,0.411689,0.000000,0.000000,0.000000,0.000000,0.000000,0.000000
5.545220,1765336436.693557,1765336347,0.322592,0.411689,0.000000,0.000000,0.000000,0.000000,0.344366,-0.688732
5.565270,1765336436.713617,1765336347,0.322592,0.411689,0.000000,0.000000,0.000000,0.000000,0.688732,0.000000
5.585241,1765336436.733577,1765336347,0.322592,0.411689,0.000000,0.000000,0.000000,0.000000,0.000000,0.000000
5.605224,1765336436.753547,1765336347,0.322592,0.411689,0.000000,0.000000,0.000000,0.000000,0.688732,0.344366
5.625245,1765336436.773574,1765336347,0.322592,0.411689,0.000000,0.000000,0.000000,0.000000,0.000000,0.000000
5.645269,1765336436.793606,1765336347,0.322592,0.411689,0.000000,0.000000,0.000000,0.000000,0.000000,0.000000
5.665279,1765336436.813615,1765336347,0.322592,0.411689,0.000000,0.000000,0.000000,0.000000,0.000000,0.000000
5.685288,1765336436.833625,1765336347,0.322592,0.411689,0.000000,0.000000,0.000000,0.000000,0.344366,0.344366
5.705298,1765336436.853636,1765336347,0.322592,0.411689,0.000000,0.000000,0.000000,0.000000,-0.688732,0.000000
5.725320,1765336436.873665,1765336347,0.322592,0.411689,0.000000,0.000000,0.000000,0.000000,0.000000,0.344366
5.745330,1765336436.893674,1765336347,0.322592,0.411689,0.000000,0.000000,0.000000,0.000000,0.000000,0.344366
5.765340,1765336436.913685,1765336347,0.322592,0.411689,0.000000,0.000000,0.000000,0.000000,0.000000,0.000000
5.785351,1765336436.933696,1765336347,0.322592,0.411689,0.000000,0.000000,0.000000,0.000000,0.000000,0.000000
5.805360,1765336436.953704,1765336347,0.322592,0.411689,0.000870,0.000000,0.000000,0.000000,-0.344366,0.688732
5.825398,1765336436.973744,1765336347,0.322589,0.411689,-0.000671,0.000000,0.000000,0.000000,0.000000,0.344366
5.845382,1765336436.993727,1765336347,0.322589,0.411689,0.000000,0.000000,0.000000,0.000000,-0.344366,0.000000
5.865456,1765336437.013824,1765336347,0.322589,0.411689,0.000000,0.000000,0.000000,0.000000,0.344366,0.344366
5.885470,1765336437.033838,1765336347,0.322589,0.411689,0.000000,0.000000,0.000000,0.000000,0.000000,0.344366
5.905483,1765336437.053851,1765336347,0.322589,0.411689,0.000000,0.000000,0.000000,0.000000,-0.344366,0.000000
5.925473,1765336437.073827,1765336347,0.322592,0.411689,0.000806,0.000000,0.000000,0.000000,0.688732,0.000000
5.945485,1765336437.093839,1765336347,0.322589,0.411689,0.000000,0.000000,0.000000,0.000000,0.000000,0.688732
5.965480,1765336437.113824,1765336347,0.322589,0.411689,0.000000,0.000000,0.000000,0.000000,0.000000,0.000000
5.985492,1765336437.133836,1765336347,0.322589,0.411689,0.000000,0.000000,0.000000,0.000000,0.000000,0.000000
6.005502,1765336437.153846,1765336347,0.322589,0.411689,0.000000,0.000000,0.000000,0.000000,0.000000,0.344366
6.025499,1765336437.173836,1765336347,0.322589,0.411689,0.000000,0.000000,0.000000,0.000000,0.688732,-0.688732
6.045422,1765336437.193715,1765336347,0.322589,0.411689,0.000000,0.000000,0.000000,0.000000,0.344366,0.000000
6.065459,1765336437.213766,1765336347,0.322589,0.411689,0.000000,0.000000,0.000000,0.000000,0.000000,0.000000
6.085579,1765336437.233937,1765336347,0.322589,0.411689,0.000000,0.000000,0.000000,0.000000,0.000000,0.000000
6.105570,1765336437.253924,1765336347,0.322589,0.411689,0.000000,0.000000,0.000000,0.000000,0.000000,0.000000
6.125537,1765336437.273866,1765336347,0.322589,0.411689,0.000000,0.000000,0.000000,0.000000,0.000000,0.000000
6.145562,1765336437.293899,1765336347,0.322589,0.411689,0.000000,0.000000,0.000000,0.000000,0.000000,0.000000
6.165572,1765336437.313909,1765336347,0.322589,0.411689,0.000000,0.000000,0.000000,0.000000,-0.688732,0.344366
6.185596,1765336437.333940,1765336347,0.322589,0.411689,0.000000,0.000000,0.000000,0.000000,-0.688732,-0.688732
6.205541,1765336437.353905,1765336347,0.322589,0.411689,0.000000,0.000000,0.000000,0.000000,0.688732,0.000000
6.225646,1765336437.373982,1765336347,0.322589,0.411689,0.000000,0.000000,0.000000,0.000000,-0.688732,-0.688732
6.245710,1765336437.394079,1765336347,0.322589,0.411689,0.000000,0.000000,0.000000,0.000000,0.344366,0.344366
6.265723,1765336437.414091,1765336347,0.322589,0.411689,0.000000,0.000000,0.000000,0.000000,0.000000,0.000000
6.285713,1765336437.434067,1765336347,0.322589,0.411685,0.000000,-0.000935,0.000000,0.000000,0.000000,0.000000
6.305709,1765336437.454053,1765336347,0.322589,0.411685,0.000000,-0.000074,0.000000,0.000000,0.000000,0.000000
6.325705,1765336437.474041,1765336347,0.322585,0.411689,0.000000,0.000000,0.000000,0.000000,-0.688732,0.344366
6.345740,1765336437.494079,1765336347,0.322585,0.411689,0.000000,0.000000,0.000000,0.000000,0.000000,0.000000
6.365736,1765336437.514080,1765336347,0.322585,0.411689,0.000000,0.000000,0.000000,0.000000,0.000000,-0.688732
6.385746,1765336437.534090,1765336347,0.322585,0.411689,0.000945,0.000000,0.000000,0.000000,0.000000,0.344366
6.405756,1765336437.554101,1765336347,0.322585,0.411689,0.000000,0.000021,0.000000,0.000000,0.000000,-0.688732
6.425755,1765336437.574092,1765336347,0.322585,0.411685,0.000000,-0.000943,0.000000,0.000000,0.000000,0.344366
6.445763,1765336437.594099,1765336347,0.322585,0.411685,0.000000,-0.000945,0.000000,0.000000,-0.688732,-0.688732
6.465784,1765336437.614129,1765336347,0.322585,0.411685,0.000000,-0.000139,0.000000,0.000000,0.000000,0.344366
6.485835,1765336437.634203,1765336347,0.322581,0.411685,-0.000039,0.000000,0.000000,0.000000,0.344366,0.000000
6.505827,1765336437.654181,1765336347,0.322585,0.411685,0.000935,0.000000,0.000000,0.000000,-0.688732,0.000000
6.525821,1765336437.674165,1765336347,0.322581,0.411685,-0.000872,0.000000,0.000000,0.000000,0.000000,0.000000
6.545820,1765336437.694157,1765336347,0.322581,0.411685,0.000000,0.000000,0.000000,0.000000,-0.688732,0.000000
6.565830,1765336437.714166,1765336347,0.322581,0.411685,0.000000,0.000000,0.000000,0.000000,0.000000,0.344366
6.585840,1765336437.734177,1765336347,0.322585,0.411685,0.000000,0.000000,0.000000,0.000000,0.000000,0.344366
6.605872,1765336437.754211,1765336347,0.322585,0.411685,0.000000,0.000000,0.000000,0.000000,0.000000,0.344366
6.625859,1765336437.774195,1765336347,0.322589,0.411681,0.000946,-0.000002,0.000000,0.000000,0.000000,0.000000
6.645869,1765336437.794206,1765336347,0.322596,0.411681,0.000926,-0.000682,0.000000,0.000000,0.344366,0.000000
6.665879,1765336437.814216,1765336347,0.322623,0.411674,0.002320,-0.000140,0.000000,0.000000,0.000000,0.000000
6.685889,1765336437.834225,1765336347,0.322740,0.411670,0.009260,0.000000,0.000000,0.000000,0.688732,0.344366
6.705899,1765336437.854235,1765336347,0.323137,0.411662,0.025261,0.000000,0.000000,0.000000,-0.344366,0.000000
6.725909,1765336437.874246,1765336347,0.323857,0.411655,0.042138,0.000000,0.000000,0.000000,0.000000,0.000000
6.745919,1765336437.894257,1765336347,0.324894,0.411647,0.082880,0.000000,0.000000,0.000000,7.231683,0.000000
6.765875,1765336437.914204,1765336347,0.327608,0.411628,0.158701,-0.000964,0.000000,0.000000,7.920415,0.000000
6.785992,1765336437.934391,1765336347,0.330382,0.411609,0.160740,-0.000911,0.000000,0.000000,7.231683,0.000000
6.805952,1765336437.954313,1765336347,0.334194,0.411594,0.188270,-0.001753,0.000000,0.000000,8.264781,0.688732
6.825945,1765336437.974274,1765336347,0.338206,0.411564,0.222050,-0.001882,0.000000,0.000000,7.576049,0.000000
6.845952,1765336437.994306,1765336347,0.342736,0.411537,0.251687,-0.000947,0.000000,0.000000,7.576049,0.000000
6.866032,1765336438.014373,1765336347,0.348092,0.411515,0.276105,-0.000946,0.000000,0.000000,7.920415,-0.688732
6.885985,1765336438.034356,1765336347,0.354145,0.411499,0.296245,-0.000913,0.000000,0.000000,8.264781,0.344366
6.905958,1765336438.054299,1765336347,0.360363,0.411484,0.317283,-0.000907,0.000000,0.000000,8.264781,0.000000
6.926113,1765336438.074484,1765336347,0.366949,0.411481,0.340189,-0.000074,0.000000,0.000000,7.576049,0.000000
6.946101,1765336438.094456,1765336347,0.373479,0.411481,0.350037,0.000000,0.000000,0.000000,8.609147,0.000000
6.966091,1765336438.114436,1765336347,0.380632,0.411473,0.365757,0.000000,0.000000,0.000000,8.264781,0.000000
6.986101,1765336438.134446,1765336347,0.388626,0.411465,0.389404,-0.000946,0.000000,0.000000,8.609147,-0.688732
7.006101,1765336438.154438,1765336347,0.396537,0.411458,0.403618,-0.000265,0.000000,0.000000,8.609147,0.344366
7.026086,1765336438.174417,1765336347,0.404149,0.411435,0.398585,-0.002021,0.000000,0.000000,8.609147,0.000000
7.046117,1765336438.194408,1765336347,0.412502,0.411375,0.393246,-0.003273,0.000000,0.000000,7.920415,0.688732
7.066040,1765336438.214346,1765336347,0.419933,0.411299,0.390940,-0.002913,0.000000,0.000000,8.264781,0.000000
7.086050,1765336438.234358,1765336347,0.428002,0.411261,0.374438,-0.000951,0.000000,0.000000,8.609147,0.000000
7.106074,1765336438.254390,1765336347,0.434944,0.411261,0.359129,0.000000,0.000000,0.000000,8.609147,0.000000
7.126120,1765336438.274446,1765336347,0.442166,0.411261,0.334772,0.000000,0.000000,0.000000,9.297878,0.344366
7.146121,1765336438.294451,1765336347,0.448192,0.411261,0.307649,0.000000,0.000000,0.000000,8.609147,0.344366
7.166148,1765336438.314485,1765336347,0.454070,0.411261,0.282402,0.000000,0.000000,0.000000,8.264781,0.344366
7.186156,1765336438.334493,1765336347,0.460092,0.411261,0.265752,-0.000072,0.000000,0.000000,8.609147,0.688732
7.206166,1765336438.354503,1765336347,0.464963,0.411261,0.249183,0.000000,0.000000,0.000000,7.576049,0.344366
7.226188,1765336438.374533,1765336347,0.469729,0.411261,0.229762,-0.000661,0.000000,0.000000,7.576049,0.344366
7.246184,1765336438.394522,1765336347,0.474093,0.411265,0.211043,0.000000,0.000000,0.000000,8.264781,0.344366
7.266206,1765336438.414550,1765336347,0.478014,0.411265,0.184465,0.000000,0.000000,0.000000,7.576049,0.344366
7.286215,1765336438.434559,1765336347,0.481334,0.411265,0.163132,0.000000,0.000000,0.000000,7.920415,0.000000
7.306226,1765336438.454570,1765336347,0.484536,0.411265,0.154933,0.000901,0.000000,0.000000,8.609147,0.000000
7.326236,1765336438.474580,1765336347,0.487568,0.411265,0.136418,0.000000,0.000000,0.000000,7.576049,0.000000
7.346233,1765336438.494571,1765336347,0.490278,0.411265,0.132244,0.000000,0.000000,0.000000,7.576049,0.000000
7.366243,1765336438.514580,1765336347,0.492643,0.411265,0.121669,0.000000,0.000000,0.000000,6.887317,0.344366
7.386278,1765336438.534617,1765336347,0.495172,0.411265,0.113840,0.000000,0.000000,0.000000,8.264781,0.000000
7.406261,1765336438.554598,1765336347,0.497291,0.411265,0.103970,0.000000,0.000000,0.000000,7.920415,-1.033098
7.426282,1765336438.574627,1765336347,0.499222,0.411265,0.096066,0.000000,0.000000,0.000000,7.920415,-0.688732
7.446293,1765336438.594638,1765336347,0.500906,0.411265,0.088683,0.000000,0.000000,0.000000,7.576049,0.000000
7.466291,1765336438.614629,1765336347,0.502545,0.411269,0.077893,0.000945,0.000000,0.000000,8.264781,0.344366
7.486311,1765336438.634655,1765336347,0.503896,0.411269,0.066223,0.000000,0.000000,0.000000,7.231683,0.344366
7.506319,1765336438.654663,1765336347,0.505270,0.411269,0.063279,0.000000,0.000000,0.000000,8.264781,0.000000
7.526331,1765336438.674675,1765336347,0.506258,0.411272,0.032750,0.000000,0.000000,0.000000,0.000000,0.344366
7.546341,1765336438.694685,1765336347,0.506618,0.411272,0.009136,0.000000,0.000000,0.000000,0.000000,0.344366
7.566351,1765336438.714696,1765336347,0.506606,0.411272,-0.000074,0.000000,0.000000,0.000000,0.000000,0.688732
7.586361,1765336438.734706,1765336347,0.506599,0.411272,-0.000945,0.000000,0.000000,0.000000,0.000000,0.344366
7.606371,1765336438.754716,1765336347,0.506599,0.411272,0.000000,0.000000,0.000000,0.000000,0.000000,0.000000
7.626381,1765336438.774726,1765336347,0.506599,0.411272,0.000000,0.000000,0.000000,0.000000,0.000000,0.000000
7.646417,1765336438.794764,1765336347,0.506599,0.411272,0.000000,0.000000,0.000000,0.000000,0.000000,0.000000
7.666401,1765336438.814746,1765336347,0.506599,0.411272,0.000000,0.000000,0.000000,0.000000,0.000000,0.000000
7.686411,1765336438.834755,1765336347,0.506599,0.411272,0.000000,0.000000,0.000000,0.000000,0.000000,0.688732
7.706421,1765336438.854766,1765336347,0.506603,0.411272,0.000946,0.000000,0.000000,0.000000,0.000000,0.344366
7.726431,1765336438.874776,1765336347,0.506599,0.411272,-0.000021,0.000000,0.000000,0.000000,0.000000,-0.688732
7.746440,1765336438.894784,1765336347,0.506599,0.411272,0.000000,0.000000,0.000000,0.000000,0.000000,0.000000
7.766449,1765336438.914794,1765336347,0.506599,0.411272,0.000000,0.000000,0.000000,0.000000,0.000000,0.344366
7.786460,1765336438.934804,1765336347,0.506599,0.411272,-0.000002,0.000000,0.000000,0.000000,0.000000,0.000000
7.806470,1765336438.954814,1765336347,0.506599,0.411272,0.000000,0.000000,0.000000,0.000000,0.000000,0.000000
7.826411,1765336438.974738,1765336347,0.506599,0.411272,-0.000000,0.000000,0.000000,0.000000,0.000000,0.344366
7.846530,1765336438.994898,1765336347,0.506599,0.411272,0.000000,0.000000,0.000000,0.000000,0.000000,0.000000
7.866542,1765336439.014910,1765336347,0.506603,0.411272,0.000006,0.000000,0.000000,0.000000,0.000000,0.000000
7.886555,1765336439.034923,1765336347,0.506599,0.411272,-0.000872,0.000000,0.000000,0.000000,0.000000,0.000000
7.906603,1765336439.054974,1765336347,0.506603,0.411272,0.000006,0.000000,0.000000,0.000000,0.000000,0.000000
7.926558,1765336439.074912,1765336347,0.506603,0.411272,-0.000806,0.000000,0.000000,0.000000,0.000000,0.000000
7.946447,1765336439.094734,1765336347,0.506603,0.411272,0.000000,0.000000,0.000000,0.000000,0.000000,0.000000
7.966519,1765336439.114843,1765336347,0.506599,0.411272,0.000000,0.000000,0.000000,0.000000,0.000000,0.000000
7.986565,1765336439.134909,1765336347,0.506599,0.411272,0.000000,0.000000,0.000000,0.000000,0.000000,0.344366
8.006475,1765336439.154773,1765336347,0.506599,0.411272,-0.000000,0.000000,0.000000,0.000000,0.000000,0.000000
8.026517,1765336439.174840,1765336347,0.506599,0.411272,0.000000,0.000000,0.000000,0.000000,0.000000,0.344366
8.046556,1765336439.194908,1765336347,0.506599,0.411272,0.000500,0.000000,0.000000,0.000000,0.000000,0.000000
8.066510,1765336439.214807,1765336347,0.506599,0.411272,-0.000011,0.000000,0.000000,0.000000,0.000000,-0.688732
8.086534,1765336439.234842,1765336347,0.506603,0.411272,-0.000446,0.000000,0.000000,0.000000,0.000000,0.000000
8.106585,1765336439.254915,1765336347,0.506599,0.411272,-0.000039,0.000000,0.000000,0.000000,0.000000,0.344366
8.126641,1765336439.274996,1765336347,0.506599,0.411272,0.000000,0.000000,0.000000,0.000000,0.000000,0.000000
8.146637,1765336439.294981,1765336347,0.506599,0.411272,-0.000446,0.000000,0.000000,0.000000,0.000000,0.000000
8.166641,1765336439.314974,1765336347,0.506599,0.411272,-0.000002,0.000000,0.000000,0.000000,0.000000,0.000000
8.186628,1765336439.334958,1765336347,0.506599,0.411272,0.000000,0.000000,0.000000,0.000000,0.000000,0.000000
8.206636,1765336439.354966,1765336347,0.506603,0.411272,0.000940,0.000000,0.000000,0.000000,0.000000,0.000000
8.226708,1765336439.375076,1765336347,0.506599,0.411272,-0.000872,0.000000,0.000000,0.000000,0.000000,0.000000
8.246722,1765336439.395090,1765336347,0.506599,0.411272,0.000000,0.000000,0.000000,0.000000,0.000000,0.344366
8.266711,1765336439.415065,1765336347,0.506599,0.411272,0.000000,0.000000,0.000000,0.000000,0.000000,0.344366
8.286722,1765336439.435076,1765336347,0.506599,0.411272,0.000000,0.000000,0.000000,0.000000,0.000000,0.344366
8.306757,1765336439.455124,1765336347,0.506603,0.411272,0.000946,0.000000,0.000000,0.000000,0.000000,0.344366
8.326668,1765336439.474997,1765336347,0.506599,0.411272,0.000000,0.000000,0.000000,0.000000,0.688732,0.000000
8.346758,1765336439.495112,1765336347,0.506603,0.411272,0.000944,0.000000,0.000000,0.000000,0.000000,0.000000
8.366752,1765336439.515097,1765336347,0.506599,0.411272,0.000000,0.000000,0.000000,0.000000,0.000000,0.000000
8.386762,1765336439.535107,1765336347,0.506603,0.411272,0.000940,0.000000,0.000000,0.000000,0.000000,0.000000
8.406744,1765336439.555074,1765336347,0.506599,0.411272,0.000000,0.000000,0.000000,0.000000,0.000000,0.344366
8.426676,1765336439.574963,1765336347,0.506599,0.411272,-0.000265,0.000000,0.000000,0.000000,0.000000,0.344366
8.446672,1765336439.594965,1765336347,0.506599,0.411272,0.000000,0.000000,0.000000,0.000000,0.000000,0.000000
8.466730,1765336439.615045,1765336347,0.506599,0.411272,0.000000,0.000000,0.000000,0.000000,-0.344366,0.344366
8.486763,1765336439.635093,1765336347,0.506599,0.411272,-0.000003,0.000000,0.000000,0.000000,0.000000,0.000000
8.506786,1765336439.655123,1765336347,0.506599,0.411272,0.000000,0.000000,0.000000,0.000000,0.000000,0.000000
8.526796,1765336439.675133,1765336347,0.506599,0.411272,-0.000265,0.000000,0.000000,0.000000,0.000000,0.688732
8.546803,1765336439.695140,1765336347,0.506599,0.411272,-0.000265,0.000000,0.000000,0.000000,0.000000,0.344366
8.566798,1765336439.715127,1765336347,0.506599,0.411272,0.000000,0.000000,0.000000,0.000000,0.000000,0.000000
8.586821,1765336439.735158,1765336347,0.506599,0.411272,-0.000074,0.000000,0.000000,0.000000,0.000000,0.344366
8.606831,1765336439.755168,1765336347,0.506599,0.411272,-0.000946,0.000000,0.000000,0.000000,0.000000,0.000000
8.626840,1765336439.775176,1765336347,0.506603,0.411272,0.000000,0.000000,0.000000,0.000000,0.000000,0.000000
8.646849,1765336439.795185,1765336347,0.506599,0.411272,-0.000039,0.000000,0.000000,0.000000,0.000000,0.344366
8.666859,1765336439.815196,1765336347,0.506599,0.411272,0.000000,0.000000,0.000000,0.000000,0.000000,0.000000
8.686891,1765336439.835231,1765336347,0.506599,0.411272,0.000000,0.000000,0.000000,0.000000,0.000000,0.688732
8.706875,1765336439.855213,1765336347,0.506599,0.411272,0.000000,0.000000,0.000000,0.000000,-0.344366,0.000000
8.726884,1765336439.875220,1765336347,0.506599,0.411272,0.000000,0.000000,0.000000,0.000000,0.000000,0.000000
8.746894,1765336439.895231,1765336347,0.506599,0.411272,0.000000,0.000000,0.000000,0.000000,0.000000,0.000000
8.766835,1765336439.915154,1765336347,0.506599,0.411272,-0.000073,0.000000,0.000000,0.000000,0.000000,0.000000
8.786938,1765336439.935314,1765336347,0.506599,0.411272,-0.000021,0.000000,0.000000,0.000000,0.000000,0.000000
8.806933,1765336439.955277,1765336347,0.506599,0.411272,0.000000,0.000000,0.000000,0.000000,0.000000,0.000000
8.826942,1765336439.975322,1765336347,0.506599,0.411272,0.000000,0.000000,0.000000,0.000000,0.000000,0.688732
8.846952,1765336439.995332,1765336347,0.506599,0.411272,0.000000,0.000000,0.000000,0.000000,0.000000,0.000000
8.866872,1765336440.015181,1765336347,0.506599,0.411272,0.000000,0.000000,0.000000,0.000000,0.000000,0.000000
8.886876,1765336440.035184,1765336347,0.506599,0.411272,-0.000801,0.000000,0.000000,0.000000,0.000000,0.000000
8.906962,1765336440.055332,1765336347,0.506599,0.411272,0.000000,0.000000,0.000000,0.000000,0.000000,0.344366
8.926972,1765336440.075349,1765336347,0.506599,0.411272,0.000000,0.000000,0.000000,0.000000,0.000000,0.000000
8.947031,1765336440.095374,1765336347,0.506599,0.411272,0.000000,0.000000,0.000000,0.000000,0.000000,0.000000
8.966989,1765336440.115359,1765336347,0.506599,0.411272,0.000000,0.000000,0.000000,0.000000,0.000000,0.000000
8.986997,1765336440.135358,1765336347,0.506603,0.411272,0.000945,0.000000,0.000000,0.000000,0.000000,0.000000
9.007035,1765336440.155375,1765336347,0.506603,0.411272,0.000946,0.000000,0.000000,0.000000,0.000000,0.344366
9.027046,1765336440.175387,1765336347,0.506599,0.411272,-0.000943,0.000000,0.000000,0.000000,0.000000,0.000000
9.046933,1765336440.195224,1765336347,0.506603,0.411272,0.000946,0.000000,0.000000,0.000000,0.000000,-0.688732
9.066931,1765336440.215223,1765336347,0.506599,0.411272,-0.000946,0.000000,0.000000,0.000000,-0.344366,0.344366
9.087024,1765336440.235350,1765336347,0.506599,0.411272,-0.000000,0.000000,0.000000,0.000000,0.000000,0.000000
9.106962,1765336440.255273,1765336347,0.506603,0.411272,0.000946,0.000000,0.000000,0.000000,0.000000,0.344366
9.126979,1765336440.275318,1765336347,0.506599,0.411272,0.000001,0.000000,0.000000,0.000000,0.000000,0.000000
9.146986,1765336440.295331,1765336347,0.506599,0.411272,-0.000265,0.000000,0.000000,0.000000,0.000000,0.344366
9.167023,1765336440.315352,1765336347,0.506599,0.411272,0.000000,0.000000,0.000000,0.000000,0.000000,0.000000
9.187149,1765336440.335518,1765336347,0.506599,0.411272,-0.000074,0.000000,0.000000,0.000000,0.000000,0.344366
9.207083,1765336440.355406,1765336347,0.506599,0.411272,0.000000,0.000000,0.000000,0.000000,0.000000,0.344366
9.227036,1765336440.375351,1765336347,0.506603,0.411272,0.000003,0.000000,0.000000,0.000000,0.000000,0.344366
9.247146,1765336440.395489,1765336347,0.506599,0.411272,0.000000,0.000000,0.000000,0.000000,0.000000,0.000000
9.267142,1765336440.415478,1765336347,0.506599,0.411272,0.000000,0.000000,0.000000,0.000000,0.000000,0.344366
9.287163,1765336440.435507,1765336347,0.506599,0.411272,0.000000,0.000000,0.000000,0.000000,0.000000,0.344366
9.307174,1765336440.455518,1765336347,0.506599,0.411272,0.000000,0.000000,0.000000,0.000000,-0.344366,0.000000
9.327183,1765336440.475528,1765336347,0.506599,0.411272,0.000000,0.000000,0.000000,0.000000,0.000000,0.000000
9.347192,1765336440.495536,1765336347,0.506599,0.411272,0.000000,0.000000,0.000000,0.000000,0.000000,0.688732
9.367190,1765336440.515528,1765336347,0.506599,0.411272,0.000000,0.000000,0.000000,0.000000,0.000000,0.000000
9.387213,1765336440.535551,1765336347,0.506599,0.411272,0.000000,0.000000,0.000000,0.000000,0.000000,0.000000
9.407222,1765336440.555566,1765336347,0.506599,0.411272,0.000000,0.000000,0.000000,0.000000,0.000000,0.688732
9.427231,1765336440.575575,1765336347,0.506599,0.411272,0.000000,0.000000,0.000000,0.000000,0.000000,0.000000
9.447241,1765336440.595585,1765336347,0.506599,0.411272,0.000000,0.000000,0.000000,0.000000,0.000000,0.344366
9.467263,1765336440.615602,1765336347,0.506599,0.411272,-0.000003,0.000000,0.000000,0.000000,0.000000,-0.688732
9.487249,1765336440.635586,1765336347,0.506599,0.411272,-0.000003,0.000000,0.000000,0.000000,0.000000,0.344366
9.507257,1765336440.655593,1765336347,0.506599,0.411272,-0.000940,0.000000,0.000000,0.000000,0.000000,0.000000
9.527279,1765336440.675622,1765336347,0.506599,0.411272,0.000000,0.000000,0.000000,0.000000,0.000000,0.344366
9.547290,1765336440.695634,1765336347,0.506599,0.411272,0.000000,0.000000,0.000000,0.000000,0.000000,0.000000
9.567297,1765336440.715634,1765336347,0.506599,0.411272,-0.000946,0.000000,0.000000,0.000000,0.000000,0.000000
9.587308,1765336440.735653,1765336347,0.506599,0.411272,0.000000,0.000000,0.000000,0.000000,0.000000,0.000000
9.607318,1765336440.755663,1765336347,0.506603,0.411272,0.000907,0.000000,0.000000,0.000000,0.000000,0.000000
9.627315,1765336440.775652,1765336347,0.506599,0.411272,0.000000,0.000000,0.000000,0.000000,0.000000,0.000000
9.647336,1765336440.795680,1765336347,0.506603,0.411272,0.000935,0.000000,0.000000,0.000000,0.000000,0.344366
9.667347,1765336440.815691,1765336347,0.506603,0.411272,0.000000,0.000000,0.000000,0.000000,0.000000,0.000000
9.687339,1765336440.835678,1765336347,0.506599,0.411272,0.000000,0.000000,0.000000,0.000000,0.000000,0.000000
9.707354,1765336440.855691,1765336347,0.506599,0.411272,0.000000,0.000000,0.000000,0.000000,0.000000,0.000000
9.727394,1765336440.875734,1765336347,0.506599,0.411272,0.000000,0.000000,0.000000,0.000000,0.000000,-0.688732
9.747383,1765336440.895728,1765336347,0.506599,0.411272,-0.000935,0.000000,0.000000,0.000000,0.000000,0.000000
9.767393,1765336440.915738,1765336347,0.506599,0.411272,0.000000,0.000000,0.000000,0.000000,0.000000,0.344366
9.787404,1765336440.935748,1765336347,0.506603,0.411272,0.000264,0.000000,0.000000,0.000000,0.000000,0.000000
9.807402,1765336440.955739,1765336347,0.506599,0.411272,-0.000946,0.000000,0.000000,0.000000,0.000000,0.000000
9.827423,1765336440.975767,1765336347,0.506599,0.411272,0.000000,0.000000,0.000000,0.000000,0.000000,0.000000
9.847432,1765336440.995776,1765336347,0.506603,0.411272,0.000940,0.000000,0.000000,0.000000,0.000000,0.000000
9.867443,1765336441.015788,1765336347,0.506599,0.411272,-0.000500,0.000000,0.000000,0.000000,0.000000,0.344366
9.887454,1765336441.035798,1765336347,0.506599,0.411272,0.000000,0.000000,0.000000,0.000000,0.000000,0.344366
9.907465,1765336441.055809,1765336347,0.506599,0.411272,0.000000,0.000000,0.000000,0.000000,-0.688732,0.344366
9.927474,1765336441.075819,1765336347,0.506599,0.411272,0.000000,0.000000,0.000000,0.000000,0.000000,0.344366
9.947490,1765336441.095833,1765336347,0.506599,0.411272,0.000000,0.000000,0.000000,0.000000,0.000000,0.344366
9.967494,1765336441.115837,1765336347,0.506599,0.411272,0.000000,0.000000,0.000000,0.000000,0.000000,0.000000
9.987532,1765336441.135879,1765336347,0.506599,0.411272,0.000000,0.000000,0.000000,0.000000,0.000000,0.000000
10.007515,1765336441.155859,1765336347,0.506599,0.411272,0.000000,0.000000,0.000000,0.000000,-0.344366,0.344366
10.027524,1765336441.175869,1765336347,0.506599,0.411272,0.000000,0.000000,0.000000,0.000000,0.000000,0.000000
10.047522,1765336441.195855,1765336347,0.506599,0.411272,0.000000,0.000000,0.000000,0.000000,0.000000,0.344366
10.067507,1765336441.215807,1765336347,0.506599,0.411272,0.000000,0.000000,0.000000,0.000000,0.000000,0.000000
10.087498,1765336441.235799,1765336347,0.506599,0.411272,0.000000,0.000000,0.000000,0.000000,0.000000,0.344366
10.107511,1765336441.255819,1765336347,0.506599,0.411272,-0.000945,0.000000,0.000000,0.000000,0.000000,0.344366
10.127518,1765336441.275826,1765336347,0.506599,0.411272,0.000000,0.000000,0.000000,0.000000,0.000000,0.000000
10.147690,1765336441.296058,1765336347,0.506599,0.411272,0.000000,0.000000,0.000000,0.000000,0.000000,0.000000
10.167637,1765336441.315964,1765336347,0.506599,0.411272,0.000000,0.000000,0.000000,0.000000,0.000000,0.000000
10.187661,1765336441.335990,1765336347,0.506599,0.411272,-0.000946,0.000000,0.000000,0.000000,0.000000,0.000000
10.207732,1765336441.356052,1765336347,0.506599,0.411272,0.000000,0.000000,0.000000,0.000000,0.000000,0.000000
10.227726,1765336441.376086,1765336347,0.506603,0.411272,0.000000,0.000000,0.000000,0.000000,0.000000,-0.688732
10.247707,1765336441.396026,1765336347,0.506603,0.411272,0.000500,0.000000,0.000000,0.000000,0.000000,0.000000
10.267747,1765336441.416065,1765336347,0.506603,0.411272,0.000140,0.000000,0.000000,0.000000,0.000000,0.000000
10.287877,1765336441.436246,1765336347,0.506603,0.411272,0.000000,0.000000,0.000000,0.000000,0.000000,0.000000
10.307865,1765336441.456219,1765336347,0.506603,0.411272,0.000264,0.000000,0.000000,0.000000,0.000000,0.344366
10.327861,1765336441.476205,1765336347,0.506603,0.411272,0.000001,0.000000,0.000000,0.000000,0.000000,0.000000
10.347869,1765336441.496213,1765336347,0.506599,0.411272,0.000000,0.000000,0.000000,0.000000,0.000000,0.000000
10.367879,1765336441.516223,1765336347,0.506599,0.411272,-0.000946,0.000000,0.000000,0.000000,0.000000,0.344366
10.387876,1765336441.536214,1765336347,0.506599,0.411272,-0.000946,0.000000,0.000000,0.000000,-0.688732,0.000000
10.407885,1765336441.556222,1765336347,0.506599,0.411272,-0.000002,0.000000,0.000000,0.000000,0.000000,0.344366
10.427896,1765336441.576233,1765336347,0.506599,0.411272,0.000000,0.000000,0.000000,0.000000,0.000000,0.000000
10.447903,1765336441.596241,1765336347,0.506599,0.411272,0.000000,0.000000,0.000000,0.000000,0.000000,0.000000
10.467913,1765336441.616250,1765336347,0.506599,0.411272,0.000000,0.000000,0.000000,0.000000,0.000000,0.000000
10.487922,1765336441.636258,1765336347,0.506599,0.411272,0.000000,0.000000,0.000000,0.000000,0.000000,0.000000
10.507957,1765336441.656323,1765336347,0.506599,0.411272,0.000000,0.000000,0.000000,0.000000,0.000000,0.688732
10.527939,1765336441.676275,1765336347,0.506599,0.411272,0.000000,0.000000,0.000000,0.000000,0.000000,0.000000
10.547946,1765336441.696319,1765336347,0.506599,0.411272,0.000000,0.000000,0.000000,0.000000,0.000000,0.344366
10.567922,1765336441.716250,1765336347,0.506599,0.411272,0.000000,0.000000,0.000000,0.000000,0.000000,0.000000
10.588043,1765336441.736415,1765336347,0.506599,0.411272,0.000000,0.000000,0.000000,0.000000,0.000000,0.000000
10.608055,1765336441.756426,1765336347,0.506599,0.411272,0.000000,0.000000,0.000000,0.000000,0.000000,0.000000
10.628037,1765336441.776386,1765336347,0.506599,0.411272,0.000000,0.000000,0.000000,0.000000,0.000000,0.344366
10.647936,1765336441.796250,1765336347,0.506599,0.411272,0.000000,0.000000,0.000000,0.000000,0.000000,-0.688732
10.668054,1765336441.816402,1765336347,0.506599,0.411272,0.000000,0.000000,0.000000,0.000000,0.000000,0.000000
10.688066,1765336441.836413,1765336347,0.506599,0.411272,0.000000,0.000000,0.000000,0.000000,0.000000,0.344366
10.708072,1765336441.856424,1765336347,0.506599,0.411272,0.000000,0.000000,0.000000,0.000000,0.000000,-0.688732
10.728125,1765336441.876494,1765336347,0.506603,0.411272,0.000940,0.000000,0.000000,0.000000,0.000000,0.000000
10.748143,1765336441.896513,1765336347,0.506599,0.411272,-0.000139,0.000000,0.000000,0.000000,0.000000,0.000000
10.768154,1765336441.916512,1765336347,0.506599,0.411272,0.000000,0.000000,0.000000,0.000000,0.000000,0.000000
10.788123,1765336441.936469,1765336347,0.506599,0.411272,0.000000,0.000000,0.000000,0.000000,0.000000,0.344366
10.808134,1765336441.956478,1765336347,0.506599,0.411272,0.000000,0.000000,0.000000,0.000000,0.000000,0.000000
10.828145,1765336441.976489,1765336347,0.506599,0.411272,0.000000,0.000000,0.000000,0.000000,0.000000,0.000000
10.848147,1765336441.996484,1765336347,0.506599,0.411272,0.000000,0.000000,0.000000,0.000000,0.000000,0.000000
10.868205,1765336442.016573,1765336347,0.506599,0.411272,0.000000,0.000000,0.000000,0.000000,0.000000,0.000000
10.888219,1765336442.036588,1765336347,0.506599,0.411272,0.000000,0.000000,0.000000,0.000000,0.000000,0.000000
10.908234,1765336442.056601,1765336347,0.506599,0.411272,0.000446,0.000000,0.000000,0.000000,0.000000,0.344366
10.928223,1765336442.076577,1765336347,0.506599,0.411272,-0.000010,0.000000,0.000000,0.000000,0.000000,0.000000
10.948236,1765336442.096589,1765336347,0.506599,0.411272,0.000000,0.000000,0.000000,0.000000,0.000000,0.000000
10.968224,1765336442.116560,1765336347,0.506599,0.411272,0.000000,0.000000,0.000000,0.000000,0.000000,0.000000
10.988281,1765336442.136649,1765336347,0.506599,0.411272,-0.000945,0.000000,0.000000,0.000000,0.000000,0.000000
11.008295,1765336442.156665,1765336347,0.506599,0.411272,-0.000074,0.000000,0.000000,0.000000,0.000000,0.344366
11.028316,1765336442.176674,1765336347,0.506599,0.411272,0.000000,0.000000,0.000000,0.000000,0.000000,0.000000
11.048251,1765336442.196605,1765336347,0.506599,0.411272,0.000000,0.000000,0.000000,0.000000,0.000000,-0.688732
11.068173,1765336442.216461,1765336347,0.506599,0.411272,0.000000,0.000000,0.000000,0.000000,0.000000,0.000000
11.088219,1765336442.236526,1765336347,0.506599,0.411272,0.000000,0.000000,0.000000,0.000000,0.000000,0.688732
11.108222,1765336442.256542,1765336347,0.506599,0.411272,0.000000,0.000000,0.000000,0.000000,0.000000,0.000000
11.128321,1765336442.276675,1765336347,0.506599,0.411272,0.000000,0.000000,0.000000,0.000000,0.000000,0.000000
11.148316,1765336442.296659,1765336347,0.506599,0.411272,0.000000,0.000000,0.000000,0.000000,0.000000,0.344366
11.168326,1765336442.316670,1765336347,0.506599,0.411272,0.000000,0.000000,0.000000,0.000000,0.000000,0.000000
11.188335,1765336442.336680,1765336347,0.506599,0.411272,0.000000,0.000000,0.000000,0.000000,0.000000,0.344366
11.208346,1765336442.356690,1765336347,0.506599,0.411272,0.000000,0.000000,0.000000,0.000000,0.000000,0.000000
11.228355,1765336442.376700,1765336347,0.506599,0.411272,0.000000,0.000000,0.000000,0.000000,0.000000,0.344366
11.248365,1765336442.396709,1765336347,0.506599,0.411272,-0.000500,0.000000,0.000000,0.000000,0.000000,0.000000
11.268374,1765336442.416718,1765336347,0.506599,0.411272,0.000000,0.000000,0.000000,0.000000,0.000000,0.344366
11.288410,1765336442.436756,1765336347,0.506599,0.411272,0.000000,0.000000,0.000000,0.000000,0.000000,0.000000
11.308395,1765336442.456738,1765336347,0.506599,0.411272,0.000000,0.000000,0.000000,0.000000,0.000000,0.344366
11.328405,1765336442.476750,1765336347,0.506599,0.411272,0.000000,0.000000,0.000000,0.000000,0.000000,0.344366
11.348414,1765336442.496758,1765336347,0.506599,0.411272,0.000000,0.000000,0.000000,0.000000,0.000000,0.000000
11.368424,1765336442.516768,1765336347,0.506599,0.411272,0.000000,0.000000,0.000000,0.000000,0.000000,0.344366
11.388435,1765336442.536779,1765336347,0.506599,0.411272,0.000000,0.000000,0.000000,0.000000,0.000000,0.000000
11.408443,1765336442.556787,1765336347,0.506599,0.411272,0.000000,0.000000,0.000000,0.000000,0.000000,0.344366
11.428454,1765336442.576798,1765336347,0.506599,0.411272,0.000000,0.000000,0.000000,0.000000,0.000000,0.000000
11.448465,1765336442.596808,1765336347,0.506599,0.411272,0.000000,0.000000,0.000000,0.000000,0.000000,0.000000
11.468474,1765336442.616818,1765336347,0.506599,0.411272,0.000000,0.000000,0.000000,0.000000,-0.344366,0.000000
11.488524,1765336442.636893,1765336347,0.506599,0.411272,0.000000,0.000000,0.000000,0.000000,0.000000,0.000000
11.508515,1765336442.656868,1765336347,0.506599,0.411272,0.000000,0.000000,0.000000,0.000000,0.000000,-0.688732
11.528510,1765336442.676854,1765336347,0.506599,0.411272,0.000000,0.000000,0.000000,0.000000,0.000000,0.000000
11.548533,1765336442.696872,1765336347,0.506599,0.411272,0.000000,0.000000,0.000000,0.000000,0.000000,0.000000
11.568568,1765336442.716936,1765336347,0.506599,0.411272,0.000000,0.000000,0.000000,0.000000,0.000000,0.344366
11.588582,1765336442.736950,1765336347,0.506599,0.411272,0.000000,0.000000,0.000000,0.000000,0.000000,0.000000
11.608594,1765336442.756963,1765336347,0.506599,0.411272,0.000000,0.000000,0.000000,0.000000,0.000000,0.344366
11.628607,1765336442.776976,1765336347,0.506599,0.411272,0.000000,0.000000,0.000000,0.000000,0.000000,0.688732
11.648580,1765336442.796924,1765336347,0.506599,0.411272,0.000000,0.000000,0.000000,0.000000,0.000000,0.000000
11.668551,1765336442.816876,1765336347,0.506599,0.411272,0.000000,0.000000,0.000000,0.000000,0.000000,0.000000
11.688657,1765336442.836986,1765336347,0.506599,0.411272,0.000000,0.000000,0.000000,0.000000,0.000000,0.000000
11.708669,1765336442.856996,1765336347,0.506599,0.411272,0.000000,0.000000,0.000000,0.000000,0.000000,0.344366
11.728677,1765336442.877004,1765336347,0.506599,0.411272,0.000000,0.000000,0.000000,0.000000,0.000000,0.344366
11.748677,1765336442.896997,1765336347,0.506599,0.411272,0.000000,0.000000,0.000000,0.000000,0.000000,0.688732
11.768806,1765336442.917174,1765336347,0.506599,0.411272,0.000000,0.000000,0.000000,0.000000,0.000000,-0.688732
11.788690,1765336442.936999,1765336347,0.506599,0.411272,0.000000,0.000000,0.000000,0.000000,0.000000,0.000000
11.808758,1765336442.957087,1765336347,0.506599,0.411272,0.000000,0.000000,0.000000,0.000000,0.000000,0.000000
11.828853,1765336442.977221,1765336347,0.506599,0.411272,0.000000,0.000000,0.000000,0.000000,0.000000,0.000000
11.848866,1765336442.997235,1765336347,0.506599,0.411272,0.000000,0.000000,0.000000,0.000000,1.033098,0.000000
0.041873,1765336515.315269,1765336347,0.387771,0.322838,-0.171319,0.438007,0.000000,0.000000,0.344366,1.033098
0.061874,1765336515.335257,1765336347,0.384758,0.330560,-0.143540,0.359094,0.000000,0.000000,0.344366,-0.344366
0.081729,1765336515.355014,1765336347,0.382207,0.336449,-0.120035,0.252294,0.000000,0.000000,0.000000,0.344366
0.101796,1765336515.375109,1765336347,0.380038,0.340560,-0.108256,0.157022,0.000000,0.000000,0.000000,0.344366
0.121823,1765336515.395151,1765336347,0.378002,0.342706,-0.096124,0.086814,0.000000,0.000000,0.000000,0.000000
0.141884,1765336515.415244,1765336347,0.376230,0.343781,-0.082123,0.028357,0.000000,0.000000,0.344366,0.000000
0.161875,1765336515.435220,1765336347,0.375004,0.343792,-0.057543,-0.017591,0.000000,0.000000,0.000000,0.000000
0.181869,1765336515.455205,1765336347,0.373884,0.343062,-0.055495,-0.045399,0.000000,0.000000,-6.887317,1.033098
0.201879,1765336515.475215,1765336347,0.372256,0.341873,-0.117064,-0.070727,0.000000,0.000000,-7.920415,-7.231683
0.221878,1765336515.495206,1765336347,0.370704,0.340197,-0.076304,-0.092209,0.000000,0.000000,-7.231683,-8.264781
0.241888,1765336515.515217,1765336347,0.369201,0.338259,-0.076293,-0.101602,0.000000,0.000000,-7.920415,-7.920415
0.261898,1765336515.535227,1765336347,0.367525,0.335783,-0.082953,-0.126810,0.000000,0.000000,-7.576049,-8.264781
0.281909,1765336515.555237,1765336347,0.365625,0.333013,-0.093856,-0.153646,0.000000,0.000000,-7.231683,-7.576049
0.301918,1765336515.575247,1765336347,0.363475,0.329318,-0.100336,-0.173339,0.000000,0.000000,-7.920415,-7.920415
0.321929,1765336515.595257,1765336347,0.361291,0.325844,-0.103085,-0.192922,0.000000,0.000000,-7.920415,-7.920415
0.341937,1765336515.615264,1765336347,0.359171,0.321578,-0.103967,-0.215495,0.000000,0.000000,-7.920415,-7.920415
0.361976,1765336515.635336,1765336347,0.357086,0.317123,-0.107999,-0.250942,0.000000,0.000000,-7.920415,-8.953512
0.382040,1765336515.655403,1765336347,0.354773,0.311998,-0.115777,-0.265329,0.000000,0.000000,-7.920415,-7.920415
0.402056,1765336515.675420,1765336347,0.352403,0.306612,-0.120302,-0.278779,0.000000,0.000000,-7.576049,-7.920415
0.422047,1765336515.695397,1765336347,0.350015,0.300946,-0.121757,-0.291289,0.000000,0.000000,-8.264781,-8.264781
0.442009,1765336515.715378,1765336347,0.347642,0.294871,-0.121619,-0.310992,0.000000,0.000000,-7.920415,-8.264781
0.462048,1765336515.735387,1765336347,0.345348,0.288481,-0.115149,-0.321457,0.000000,0.000000,-8.264781,-8.264781
0.482045,1765336515.755377,1765336347,0.343183,0.282013,-0.108976,-0.324642,0.000000,0.000000,-7.920415,-8.609147
0.502054,1765336515.775385,1765336347,0.341135,0.275537,-0.103476,-0.325375,0.000000,0.000000,-7.576049,-8.264781
0.522066,1765336515.795396,1765336347,0.339209,0.268848,-0.097409,-0.342870,0.000000,0.000000,-7.576049,-8.264781
0.541972,1765336515.815273,1765336347,0.337312,0.262062,-0.090700,-0.339013,0.000000,0.000000,-7.920415,-8.264781
0.562000,1765336515.835333,1765336347,0.335636,0.254617,-0.081999,-0.335628,0.000000,0.000000,-8.264781,-7.920415
0.582001,1765336515.855340,1765336347,0.334053,0.248606,-0.072076,-0.334700,0.000000,0.000000,-8.609147,-7.920415
0.602009,1765336515.875332,1765336347,0.332706,0.241816,-0.068396,-0.341275,0.000000,0.000000,-8.264781,-8.264781
0.622040,1765336515.895352,1765336347,0.331468,0.234984,-0.060540,-0.342762,0.000000,0.000000,-7.576049,-8.609147
0.642039,1765336515.915349,1765336347,0.330318,0.228201,-0.053984,-0.338469,0.000000,0.000000,-8.264781,-8.953512
0.662046,1765336515.935354,1765336347,0.329383,0.221577,-0.024598,-0.330263,0.000000,0.000000,-0.344366,-7.920415
0.682054,1765336515.955363,1765336347,0.329349,0.214945,0.005696,-0.332166,0.000000,0.000000,0.000000,-8.264781
0.702198,1765336515.975558,1765336347,0.329402,0.207489,0.002346,-0.341094,0.000000,0.000000,0.000000,-8.264781
0.722198,1765336515.995543,1765336347,0.329428,0.201334,0.000946,-0.342176,0.000000,0.000000,0.000000,-8.264781
0.742192,1765336516.015528,1765336347,0.329447,0.194529,0.001408,-0.338473,0.000000,0.000000,0.000000,-7.920415
0.762203,1765336516.035540,1765336347,0.329493,0.187398,0.002905,-0.339448,0.000000,0.000000,0.000000,-8.264781
0.782212,1765336516.055549,1765336347,0.329500,0.180899,0.000000,-0.344114,0.000000,0.000000,0.000000,-8.953512
0.802222,1765336516.075558,1765336347,0.329504,0.174010,0.001628,-0.344317,0.000000,0.000000,0.000000,-8.264781
0.822219,1765336516.095547,1765336347,0.329538,0.167102,0.001442,-0.347137,0.000000,0.000000,0.000000,-7.576049
0.842228,1765336516.115556,1765336347,0.329542,0.159865,-0.000945,-0.346492,0.000000,0.000000,0.000000,-8.264781
0.862250,1765336516.135579,1765336347,0.329542,0.153211,-0.000265,-0.356846,0.000000,0.000000,0.000000,-8.264781
0.882287,1765336516.155626,1765336347,0.329545,0.145770,0.000000,-0.353903,0.000000,0.000000,0.000000,-7.576049
0.902270,1765336516.175606,1765336347,0.329545,0.139010,0.000000,-0.356525,0.000000,0.000000,0.000000,-8.264781
0.922280,1765336516.195616,1765336347,0.329545,0.131875,0.000000,-0.357166,0.000000,0.000000,0.000000,-8.264781
0.942290,1765336516.215626,1765336347,0.329545,0.124702,0.000000,-0.359159,0.000000,0.000000,0.000000,-8.609147
0.962299,1765336516.235636,1765336347,0.329545,0.117492,0.000000,-0.362394,0.000000,0.000000,0.000000,-8.264781
0.982309,1765336516.255646,1765336347,0.329549,0.110035,0.000001,-0.351078,0.000000,0.000000,0.000000,-8.264781
1.002320,1765336516.275656,1765336347,0.329549,0.103396,0.000000,-0.346333,0.000000,0.000000,0.000000,-8.264781
1.022316,1765336516.295645,1765336347,0.329549,0.096500,0.000000,-0.343236,0.000000,0.000000,0.000000,-7.920415
1.042239,1765336516.315524,1765336347,0.329549,0.089660,0.000000,-0.341611,0.000000,0.000000,0.000000,-8.264781
1.062364,1765336516.335675,1765336347,0.329553,0.082953,0.000000,-0.334285,0.000000,0.000000,0.000000,-8.264781
1.082432,1765336516.355778,1765336347,0.329553,0.076443,0.000000,-0.321917,0.000000,0.000000,0.000000,-7.576049
1.102466,1765336516.375826,1765336347,0.329553,0.070137,0.000000,-0.311320,0.000000,0.000000,0.000000,-8.264781
1.122457,1765336516.395803,1765336347,0.329553,0.063994,-0.000915,-0.305907,0.000000,0.000000,0.000000,-8.609147
1.142521,1765336516.415885,1765336347,0.329553,0.058066,-0.000943,-0.292095,0.000000,0.000000,0.000000,-8.264781
1.162503,1765336516.435864,1765336347,0.329557,0.052381,0.000000,-0.277262,0.000000,0.000000,0.000000,-8.609147
1.182410,1765336516.455729,1765336347,0.329557,0.046700,0.000000,-0.263467,0.000000,0.000000,0.000000,-7.920415
1.202435,1765336516.475760,1765336347,0.329561,0.041598,0.000490,-0.248649,0.000000,0.000000,0.000000,-8.264781
1.222447,1765336516.495751,1765336347,0.329557,0.037029,-0.000925,-0.239246,0.000000,0.000000,0.000000,-7.920415
1.242451,1765336516.515742,1765336347,0.329561,0.032442,0.000000,-0.222703,0.000000,0.000000,0.000000,-8.264781
1.262432,1765336516.535711,1765336347,0.329564,0.027896,0.000000,-0.210873,0.000000,0.000000,0.000000,-7.576049
1.282482,1765336516.555786,1765336347,0.329572,0.024024,0.000946,-0.194668,0.000000,0.000000,0.000000,-7.920415
1.302468,1765336516.575768,1765336347,0.329591,0.020114,0.001137,-0.195022,0.000000,0.000000,0.000000,-8.264781
1.322480,1765336516.595785,1765336347,0.329636,0.016442,0.002711,-0.180989,0.000000,0.000000,0.000000,-8.264781
1.342615,1765336516.615976,1765336347,0.329682,0.012888,0.002574,-0.172081,0.000000,0.000000,0.000000,-8.609147
1.362628,1765336516.635988,1765336347,0.329898,0.009307,0.014765,-0.169347,0.000000,0.000000,0.000000,-8.264781
1.382640,1765336516.656001,1765336347,0.330231,0.006257,0.019070,-0.152322,0.000000,0.000000,-0.344366,-7.920415
1.402689,1765336516.676053,1765336347,0.330726,0.003161,0.028812,-0.152076,0.000000,0.000000,0.000000,-7.576049
1.422668,1765336516.696027,1765336347,0.331468,0.000307,0.044310,-0.135923,0.000000,0.000000,0.000000,-7.920415
1.442656,1765336516.716003,1765336347,0.332808,-0.001264,0.098232,-0.016147,0.000000,0.000000,8.264781,0.000000
1.462640,1765336516.735969,1765336347,0.335492,-0.000693,0.086520,0.024275,0.000000,0.000000,8.264781,0.344366
1.482701,1765336516.756061,1765336347,0.337494,-0.000526,0.108935,-0.001441,0.000000,0.000000,7.920415,0.344366
1.502723,1765336516.776098,1765336347,0.339792,-0.000424,0.130664,0.015048,0.000000,0.000000,7.231683,0.000000
1.522767,1765336516.796165,1765336347,0.342918,0.000053,0.179129,0.026472,0.000000,0.000000,7.576049,0.000000
1.542746,1765336516.816121,1765336347,0.347225,0.000507,0.220608,0.017764,0.000000,0.000000,8.264781,0.000000
1.562760,1765336516.836153,1765336347,0.351737,0.000617,0.244221,-0.003987,0.000000,0.000000,7.576049,0.000000
1.582741,1765336516.856108,1765336347,0.356904,0.000394,0.263269,-0.014249,0.000000,0.000000,8.264781,0.344366
1.602751,1765336516.876120,1765336347,0.362275,0.000216,0.272524,0.000434,0.000000,0.000000,7.920415,0.000000
1.622738,1765336516.896088,1765336347,0.368021,0.000265,0.272384,0.001085,0.000000,0.000000,7.576049,0.344366
1.642749,1765336516.916100,1765336347,0.373263,0.000261,0.276453,-0.000909,0.000000,0.000000,8.953512,0.344366
1.662783,1765336516.936137,1765336347,0.378607,0.000254,0.260161,0.000000,0.000000,0.000000,8.264781,-0.344366
1.682768,1765336516.956119,1765336347,0.383588,0.000254,0.237366,0.000000,0.000000,0.000000,8.609147,0.344366
1.702951,1765336516.976337,1765336347,0.387915,0.000250,0.199956,-0.000021,0.000000,0.000000,7.920415,-0.344366
1.722963,1765336516.996355,1765336347,0.391238,0.000250,0.141731,0.000000,0.000000,0.000000,7.576049,0.344366
1.742953,1765336517.016334,1765336347,0.393657,0.000250,0.097248,0.000000,0.000000,0.000000,8.609147,0.344366
1.762946,1765336517.036313,1765336347,0.395076,0.000250,0.048817,0.000000,0.000000,0.000000,8.264781,-0.344366
1.782916,1765336517.056231,1765336347,0.395299,0.000250,-0.007133,0.000000,0.000000,0.000000,0.000000,-0.344366
1.802935,1765336517.076256,1765336347,0.394804,0.000250,-0.032105,0.000000,0.000000,0.000000,0.000000,0.344366
1.822958,1765336517.096312,1765336347,0.394058,0.000254,-0.047093,0.000000,0.000000,0.000000,0.000000,0.344366
1.842966,1765336517.116324,1765336347,0.392199,0.000254,-0.137735,0.000000,0.000000,0.000000,-7.576049,0.344366
1.862975,1765336517.136333,1765336347,0.389557,0.000250,-0.124710,-0.000011,0.000000,0.000000,-8.264781,0.344366
1.882901,1765336517.156194,1765336347,0.386522,0.000257,-0.151196,0.000927,0.000000,0.000000,-7.920415,-0.344366
1.902975,1765336517.176321,1765336347,0.383096,0.000257,-0.183549,0.000039,0.000000,0.000000,-7.920415,0.000000
1.923004,1765336517.196349,1765336347,0.379186,0.000261,-0.205285,0.000003,0.000000,0.000000,-7.576049,0.000000
1.943005,1765336517.216365,1765336347,0.374917,0.000257,-0.212834,-0.000002,0.000000,0.000000,-8.264781,-0.344366
1.963042,1765336517.236375,1765336347,0.370519,0.000257,-0.222706,0.000000,0.000000,0.000000,-8.609147,0.000000
1.983046,1765336517.256379,1765336347,0.366094,0.000257,-0.228384,0.000000,0.000000,0.000000,-7.231683,-0.344366
2.003055,1765336517.276386,1765336347,0.361563,0.000257,-0.233767,0.000000,0.000000,0.000000,-7.576049,-0.344366
2.023069,1765336517.296399,1765336347,0.356949,0.000269,-0.214767,0.000909,0.000000,0.000000,-7.920415,0.000000
2.042964,1765336517.316249,1765336347,0.352789,0.000273,-0.202601,0.000904,0.000000,0.000000,-8.264781,0.000000
2.062994,1765336517.336342,1765336347,0.348690,0.000273,-0.212452,-0.000020,0.000000,0.000000,-7.920415,-0.344366
2.082999,1765336517.356309,1765336347,0.344750,0.000276,-0.199238,0.000000,0.000000,0.000000,-7.920415,-0.344366
2.103111,1765336517.376672,1765336347,0.341173,0.000276,-0.179554,0.000000,0.000000,0.000000,-7.920415,-0.344366
2.123168,1765336517.396528,1765336347,0.338077,0.000291,-0.149871,0.001441,0.000000,0.000000,-7.920415,-0.344366
2.143130,1765336517.416466,1765336347,0.334852,0.000326,-0.154090,0.001203,0.000000,0.000000,-7.920415,0.344366
2.163061,1765336517.436379,1765336347,0.332097,0.000341,-0.133128,0.000000,0.000000,0.000000,-7.920415,0.000000
2.183237,1765336517.456601,1765336347,0.329735,0.000337,-0.115427,-0.000872,0.000000,0.000000,-7.920415,0.344366
2.203196,1765336517.476542,1765336347,0.327418,0.000337,-0.109693,0.000000,0.000000,0.000000,-8.264781,0.344366
2.223208,1765336517.496553,1765336347,0.325109,0.000341,-0.104765,0.000907,0.000000,0.000000,-7.576049,0.688732
2.243201,1765336517.516537,1765336347,0.323190,0.000341,-0.091949,0.000000,0.000000,0.000000,-7.576049,-0.344366
2.263184,1765336517.536506,1765336347,0.321324,0.000337,-0.080142,0.000000,0.000000,0.000000,-7.920415,0.344366
2.283180,1765336517.556496,1765336347,0.319708,0.000337,-0.074938,-0.000265,0.000000,0.000000,-7.920415,0.000000
2.303187,1765336517.576503,1765336347,0.318270,0.000337,-0.069806,0.000000,0.000000,0.000000,-7.920415,-0.344366
2.323201,1765336517.596521,1765336347,0.317142,0.000337,-0.052086,0.000000,0.000000,0.000000,-7.576049,-0.344366
2.343222,1765336517.616549,1765336347,0.316222,0.000337,-0.031203,0.000000,0.000000,0.000000,0.000000,0.000000
2.363236,1765336517.636565,1765336347,0.315832,0.000337,-0.013533,0.000000,0.000000,0.000000,0.000000,-0.344366
2.383257,1765336517.656592,1765336347,0.315817,0.000333,0.001927,-0.000946,0.000000,0.000000,0.000000,0.000000
2.403267,1765336517.676599,1765336347,0.315889,0.000333,0.003786,0.000000,0.000000,0.000000,0.000000,-0.344366
2.423278,1765336517.696613,1765336347,0.315923,0.000333,0.000003,0.000000,0.000000,0.000000,0.000000,0.000000
2.443297,1765336517.716627,1765336347,0.315923,0.000333,0.000000,0.000000,0.000000,0.000000,0.000000,0.000000
2.463266,1765336517.736587,1765336347,0.315923,0.000333,0.000000,0.000000,0.000000,0.000000,0.000000,0.344366
2.483263,1765336517.756579,1765336347,0.315923,0.000333,0.000000,0.000000,0.000000,0.000000,-0.344366,0.000000
2.503280,1765336517.776602,1765336347,0.315923,0.000329,0.000181,0.000000,0.000000,0.000000,0.000000,-0.344366
2.523304,1765336517.796630,1765336347,0.315927,0.000329,0.000000,0.000000,0.000000,0.000000,0.000000,0.344366
2.543287,1765336517.816601,1765336347,0.315927,0.000329,0.000000,0.000000,0.000000,0.000000,0.000000,-0.344366
2.563374,1765336517.836733,1765336347,0.315942,0.000329,0.000946,0.000000,0.000000,0.000000,0.000000,-0.344366
2.583368,1765336517.856714,1765336347,0.315969,0.000329,0.001426,0.000000,0.000000,0.000000,0.000000,-0.344366
2.603398,1765336517.876759,1765336347,0.315984,0.000329,0.000946,0.000861,0.000000,0.000000,0.000000,0.000000
2.623412,1765336517.896772,1765336347,0.316010,0.000329,0.001892,0.000000,0.000000,0.000000,0.000000,-0.344366
2.643379,1765336517.916706,1765336347,0.316071,0.000329,0.003856,0.000000,0.000000,0.000000,0.000000,0.344366
2.663394,1765336517.936729,1765336347,0.316135,0.000329,0.002274,0.000000,0.000000,0.000000,0.000000,-0.344366
2.683404,1765336517.956739,1765336347,0.316146,0.000329,0.000000,0.000000,0.000000,0.000000,0.000000,0.000000
2.703441,1765336517.976780,1765336347,0.316146,0.000329,0.000000,0.000000,0.000000,0.000000,0.000000,0.344366
2.723344,1765336517.996651,1765336347,0.316139,0.000333,-0.000946,0.000946,0.000000,0.000000,-0.344366,0.000000
2.743429,1765336518.016757,1765336347,0.316131,0.000333,-0.000003,0.000000,0.000000,0.000000,0.000000,0.344366
2.763439,1765336518.036775,1765336347,0.316131,0.000333,0.000000,0.000000,0.000000,0.000000,0.000000,0.000000
2.783449,1765336518.056785,1765336347,0.316127,0.000333,-0.000039,0.000000,0.000000,0.000000,0.000000,0.344366
2.803459,1765336518.076794,1765336347,0.316131,0.000333,0.000946,0.000000,0.000000,0.000000,0.000000,0.344366
2.823458,1765336518.096786,1765336347,0.316124,0.000333,0.000000,0.000000,0.000000,0.000000,0.000000,0.000000
2.843466,1765336518.116795,1765336347,0.316124,0.000333,0.000000,0.000000,0.000000,0.000000,0.000000,0.000000
2.863504,1765336518.136849,1765336347,0.316124,0.000333,0.000000,-0.000946,0.000000,0.000000,0.000000,-0.344366
2.883540,1765336518.156900,1765336347,0.316124,0.000333,0.000000,0.000000,0.000000,0.000000,0.000000,0.000000
2.903528,1765336518.176873,1765336347,0.316124,0.000333,0.000000,0.000000,0.000000,0.000000,0.000000,-0.344366
2.923523,1765336518.196859,1765336347,0.316124,0.000333,0.000000,0.000000,0.000000,0.000000,0.000000,0.344366
2.943464,1765336518.216784,1765336347,0.316124,0.000333,0.000000,0.000000,0.000000,0.000000,0.000000,-0.344366
2.963631,1765336518.236994,1765336347,0.316124,0.000333,0.000000,0.000000,0.000000,0.000000,0.000000,0.344366
2.983610,1765336518.256970,1765336347,0.316124,0.000333,0.000000,0.000000,0.000000,0.000000,0.000000,0.000000
3.003623,1765336518.276983,1765336347,0.316124,0.000333,0.000000,0.000000,0.000000,0.000000,0.000000,-0.344366
3.023636,1765336518.296995,1765336347,0.316124,0.000333,0.000000,0.000000,0.000000,0.000000,0.000000,-0.344366
3.043577,1765336518.316919,1765336347,0.316124,0.000333,0.000000,0.000000,0.000000,0.000000,0.000000,0.000000
3.063536,1765336518.336830,1765336347,0.316124,0.000333,0.000000,0.000000,0.000000,0.000000,0.000000,0.344366
3.083559,1765336518.356863,1765336347,0.316124,0.000333,0.000000,0.000000,0.000000,0.000000,0.000000,-0.344366
3.103598,1765336518.376919,1765336347,0.316124,0.000333,0.000000,0.000000,0.000000,0.000000,0.000000,-0.344366
3.123620,1765336518.396949,1765336347,0.316124,0.000333,0.000000,0.000000,0.000000,0.000000,0.000000,0.344366
3.143631,1765336518.416960,1765336347,0.316124,0.000333,0.000000,0.000000,0.000000,0.000000,0.000000,-0.344366
3.163639,1765336518.436967,1765336347,0.316124,0.000333,0.000000,0.000000,0.000000,0.000000,0.000000,-0.344366
3.183650,1765336518.456978,1765336347,0.316124,0.000333,0.000000,0.000000,0.000000,0.000000,0.000000,0.344366
3.203659,1765336518.476988,1765336347,0.316124,0.000333,0.000000,0.000000,0.000000,0.000000,0.000000,0.000000
3.223730,1765336518.497078,1765336347,0.316124,0.000333,0.000000,0.000000,0.000000,0.000000,0.000000,-0.344366
3.243691,1765336518.517027,1765336347,0.316124,0.000333,0.000000,0.000000,0.000000,0.000000,0.000000,0.000000
3.263702,1765336518.537037,1765336347,0.316124,0.000333,0.000000,0.000000,0.000000,0.000000,0.000000,0.000000
3.283699,1765336518.557026,1765336347,0.316124,0.000333,0.000000,0.000000,0.000000,0.000000,0.000000,-0.344366
3.303719,1765336518.577055,1765336347,0.316124,0.000333,0.000000,0.000000,0.000000,0.000000,0.000000,0.344366
3.323769,1765336518.597130,1765336347,0.316124,0.000333,0.000000,0.000000,0.000000,0.000000,0.000000,0.000000
3.343783,1765336518.617143,1765336347,0.316124,0.000333,0.000000,0.000000,0.000000,0.000000,0.000000,0.000000
3.363773,1765336518.637120,1765336347,0.316124,0.000333,0.000000,0.000000,0.000000,0.000000,0.000000,0.000000
3.383785,1765336518.657130,1765336347,0.316124,0.000333,0.000000,0.000000,0.000000,0.000000,0.000000,0.344366
3.403818,1765336518.677179,1765336347,0.316124,0.000333,0.000000,0.000000,0.000000,0.000000,0.000000,0.344366
3.423830,1765336518.697191,1765336347,0.316124,0.000333,0.000000,0.000000,0.000000,0.000000,0.000000,-0.344366
3.443820,1765336518.717165,1765336347,0.316124,0.000333,0.000000,0.000000,0.000000,0.000000,-0.344366,0.344366
3.463815,1765336518.737152,1765336347,0.316124,0.000333,0.000000,0.000000,0.000000,0.000000,0.000000,0.344366
3.483851,1765336518.757189,1765336347,0.316124,0.000333,0.000000,0.000000,0.000000,0.000000,0.000000,0.344366
3.503837,1765336518.777173,1765336347,0.316124,0.000333,0.000003,0.000000,0.000000,0.000000,0.000000,0.344366
3.523849,1765336518.797184,1765336347,0.316124,0.000333,0.000000,0.000000,0.000000,0.000000,0.000000,0.344366
3.543848,1765336518.817176,1765336347,0.316124,0.000333,0.000935,0.000000,0.000000,0.000000,0.000000,-0.344366
3.563800,1765336518.837119,1765336347,0.316120,0.000333,-0.000264,0.000000,0.000000,0.000000,0.000000,-0.344366
3.583819,1765336518.857138,1765336347,0.316120,0.000333,0.000000,-0.000005,0.000000,0.000000,0.000000,0.000000
3.603859,1765336518.877201,1765336347,0.316120,0.000333,-0.000001,0.000000,0.000000,0.000000,0.000000,-0.344366
3.623853,1765336518.897194,1765336347,0.316120,0.000333,0.000000,0.000000,0.000000,0.000000,0.000000,0.000000
3.643847,1765336518.917168,1765336347,0.316120,0.000333,-0.000945,0.000000,0.000000,0.000000,0.000000,-0.344366
3.663854,1765336518.937177,1765336347,0.316124,0.000333,0.000872,0.000000,0.000000,0.000000,0.000000,0.000000
3.683867,1765336518.957191,1765336347,0.316120,0.000333,-0.000861,0.000000,0.000000,0.000000,0.000000,0.000000
3.703870,1765336518.977192,1765336347,0.316120,0.000333,0.000006,0.000000,0.000000,0.000000,0.000000,0.344366
3.723894,1765336518.997199,1765336347,0.316120,0.000333,-0.000682,0.000000,0.000000,0.000000,0.000000,0.344366
3.744041,1765336519.017392,1765336347,0.316124,0.000333,0.000925,0.000000,0.000000,0.000000,0.000000,0.344366
3.764059,1765336519.037423,1765336347,0.316120,0.000333,-0.000071,0.000000,0.000000,0.000000,-0.344366,0.344366
3.783945,1765336519.057264,1765336347,0.316120,0.000333,0.000000,0.000000,0.000000,0.000000,0.000000,-0.344366
3.803967,1765336519.077296,1765336347,0.316120,0.000333,0.000000,0.000000,0.000000,0.000000,0.000000,0.344366
3.823975,1765336519.097309,1765336347,0.316120,0.000333,0.000000,0.000000,0.000000,0.000000,0.000000,-0.344366
3.843985,1765336519.117314,1765336347,0.316120,0.000333,0.000000,0.000000,0.000000,0.000000,0.000000,-0.344366
3.863976,1765336519.137303,1765336347,0.316124,0.000333,0.000925,0.000000,0.000000,0.000000,0.000000,0.000000
3.883983,1765336519.157299,1765336347,0.316124,0.000333,0.000800,0.000000,0.000000,0.000000,0.000000,-0.344366
3.903991,1765336519.177309,1765336347,0.316120,0.000333,-0.000000,0.000000,0.000000,0.000000,0.000000,0.344366
3.924148,1765336519.197509,1765336347,0.316120,0.000333,-0.000000,0.000000,0.000000,0.000000,0.000000,0.344366
3.944173,1765336519.217532,1765336347,0.316120,0.000333,0.000000,0.000000,0.000000,0.000000,0.000000,0.344366
3.964156,1765336519.237501,1765336347,0.316120,0.000333,0.000000,0.000000,0.000000,0.000000,0.000000,0.000000
3.984133,1765336519.257461,1765336347,0.316120,0.000333,0.000000,0.000000,0.000000,0.000000,0.000000,0.344366
4.004166,1765336519.277497,1765336347,0.316120,0.000333,0.000000,0.000000,0.000000,0.000000,0.000000,0.000000
4.024153,1765336519.297482,1765336347,0.316120,0.000333,0.000000,0.000000,0.000000,0.000000,0.000000,0.000000
4.044091,1765336519.317371,1765336347,0.316120,0.000333,0.000000,0.000000,0.000000,0.000000,0.000000,0.000000
4.064180,1765336519.337470,1765336347,0.316120,0.000333,0.000000,0.000000,0.000000,0.000000,0.000000,0.344366
4.084349,1765336519.357661,1765336347,0.316120,0.000333,0.000000,0.000000,0.000000,0.000000,0.000000,0.344366
4.104351,1765336519.377672,1765336347,0.316120,0.000333,0.000000,0.000000,0.000000,0.000000,0.000000,0.344366
4.124405,1765336519.397733,1765336347,0.316120,0.000333,0.000000,0.000000,0.000000,0.000000,0.000000,0.344366
4.144427,1765336519.417763,1765336347,0.316120,0.000333,0.000000,0.000000,0.000000,0.000000,0.000000,-0.344366
4.164437,1765336519.437773,1765336347,0.316120,0.000333,0.000000,0.000000,0.000000,0.000000,0.000000,0.344366
4.184434,1765336519.457762,1765336347,0.316120,0.000333,0.000000,0.000000,0.000000,0.000000,0.000000,0.344366
4.204520,1765336519.477880,1765336347,0.316120,0.000333,0.000000,0.000000,0.000000,0.000000,0.000000,0.344366
4.224533,1765336519.497893,1765336347,0.316120,0.000333,0.000000,0.000000,0.000000,0.000000,0.000000,-0.344366
4.244539,1765336519.517885,1765336347,0.316120,0.000333,0.000000,0.000000,0.000000,0.000000,0.000000,0.344366
4.264568,1765336519.537917,1765336347,0.316120,0.000333,0.000000,0.000000,0.000000,0.000000,0.000000,0.344366
4.284464,1765336519.557782,1765336347,0.316120,0.000333,0.000000,0.000000,0.000000,0.000000,0.000000,0.344366
4.304492,1765336519.577811,1765336347,0.316120,0.000333,0.000000,0.000000,0.000000,0.000000,0.000000,0.344366
4.324612,1765336519.597972,1765336347,0.316120,0.000333,0.000000,0.000000,0.000000,0.000000,0.000000,-0.344366
4.344603,1765336519.617949,1765336347,0.316120,0.000333,0.000000,0.000000,0.000000,0.000000,0.000000,0.344366
4.364613,1765336519.637959,1765336347,0.316120,0.000333,0.000000,0.000000,0.000000,0.000000,0.000000,0.344366
4.384608,1765336519.657943,1765336347,0.316120,0.000333,0.000000,0.000000,0.000000,0.000000,0.000000,0.000000
4.404657,1765336519.678017,1765336347,0.316120,0.000333,0.000000,0.000000,0.000000,0.000000,0.000000,0.344366
4.424677,1765336519.698037,1765336347,0.316120,0.000333,0.000000,0.000000,0.000000,0.000000,0.000000,0.000000
4.444684,1765336519.718043,1765336347,0.316120,0.000333,0.000000,0.000000,0.000000,0.000000,0.000000,0.344366
4.464673,1765336519.738018,1765336347,0.316120,0.000333,0.000000,0.000000,0.000000,0.000000,0.000000,0.344366
4.484686,1765336519.758032,1765336347,0.316120,0.000333,0.000000,0.000000,0.000000,0.000000,0.000000,0.344366
4.504697,1765336519.778044,1765336347,0.316120,0.000333,0.000000,0.000000,0.000000,0.000000,0.000000,0.344366
4.524720,1765336519.798059,1765336347,0.316120,0.000333,0.000000,0.000000,0.000000,0.000000,0.000000,-0.344366
4.544691,1765336519.818020,1765336347,0.316120,0.000333,0.000000,0.000000,0.000000,0.000000,0.000000,-0.344366
4.564700,1765336519.838028,1765336347,0.316120,0.000333,0.000000,0.000000,0.000000,0.000000,0.000000,-0.344366
4.584722,1765336519.858059,1765336347,0.316120,0.000333,0.000000,0.000000,0.000000,0.000000,0.000000,0.344366
4.604733,1765336519.878069,1765336347,0.316120,0.000333,0.000000,0.000000,0.000000,0.000000,0.000000,-0.344366
4.624744,1765336519.898080,1765336347,0.316120,0.000333,0.000000,0.000000,0.000000,0.000000,0.000000,-0.344366
4.644710,1765336519.918029,1765336347,0.316120,0.000333,0.000000,0.000000,0.000000,0.000000,0.000000,0.344366
4.664811,1765336519.938170,1765336347,0.316120,0.000333,0.000000,0.000000,0.000000,0.000000,0.000000,0.000000
4.684763,1765336519.958082,1765336347,0.316120,0.000333,0.000000,0.000000,0.000000,0.000000,0.000000,-0.344366
4.704884,1765336519.978244,1765336347,0.316120,0.000333,0.000000,0.000000,0.000000,0.000000,0.000000,-0.344366
4.724781,1765336519.998092,1765336347,0.316120,0.000333,0.000000,0.000000,0.000000,0.000000,0.000000,0.344366
4.744909,1765336520.018268,1765336347,0.316120,0.000333,0.000000,0.000000,0.000000,0.000000,0.000000,-0.344366
4.764881,1765336520.038216,1765336347,0.316120,0.000333,0.000000,0.000000,0.000000,0.000000,0.000000,0.688732
4.784850,1765336520.058191,1765336347,0.316120,0.000333,0.000000,0.000000,0.000000,0.000000,0.000000,-0.344366
4.804834,1765336520.078173,1765336347,0.316120,0.000333,0.000000,0.000000,0.000000,0.000000,0.000000,-0.344366
4.824862,1765336520.098203,1765336347,0.316120,0.000333,0.000000,0.000000,0.000000,0.000000,0.000000,0.344366
4.844982,1765336520.118376,1765336347,0.316120,0.000333,0.000000,0.000000,0.000000,0.000000,0.000000,-0.344366
4.864971,1765336520.138354,1765336347,0.316120,0.000333,0.000000,0.000000,0.000000,0.000000,0.000000,-0.344366
4.884953,1765336520.158319,1765336347,0.316120,0.000333,0.000000,0.000000,0.000000,0.000000,0.000000,0.000000
4.904877,1765336520.178162,1765336347,0.316120,0.000333,0.000000,0.000000,0.000000,0.000000,0.000000,0.344366
4.924887,1765336520.198174,1765336347,0.316120,0.000333,0.000000,0.000000,0.000000,0.000000,0.000000,-0.344366
4.944862,1765336520.218136,1765336347,0.316120,0.000333,0.000000,0.000000,0.000000,0.000000,0.000000,-0.344366
4.964867,1765336520.238143,1765336347,0.316120,0.000333,0.000000,0.000000,0.000000,0.000000,0.000000,0.344366
4.984872,1765336520.258160,1765336347,0.316120,0.000333,0.000000,0.000000,0.000000,0.000000,0.000000,-1.033098
5.004880,1765336520.278173,1765336347,0.316120,0.000333,0.000000,0.000000,0.000000,0.000000,0.000000,0.344366
5.024889,1765336520.298176,1765336347,0.316120,0.000333,0.000000,0.000000,0.000000,0.000000,0.000000,0.000000
5.044907,1765336520.318192,1765336347,0.316120,0.000333,0.000000,0.000000,0.000000,0.000000,0.000000,0.000000
5.064934,1765336520.338236,1765336347,0.316120,0.000333,0.000000,0.000000,0.000000,0.000000,0.000000,0.000000
5.084913,1765336520.358210,1765336347,0.316120,0.000333,0.000000,0.000000,0.000000,0.000000,0.000000,-0.344366
5.105085,1765336520.378447,1765336347,0.316120,0.000333,0.000000,0.000000,0.000000,0.000000,0.000000,0.344366
5.125097,1765336520.398457,1765336347,0.316120,0.000333,0.000000,0.000000,0.000000,0.000000,0.000000,0.000000
5.145094,1765336520.418443,1765336347,0.316120,0.000333,0.000000,0.000000,0.000000,0.000000,0.000000,0.000000
5.165079,1765336520.438412,1765336347,0.316120,0.000333,0.000000,0.000000,0.000000,0.000000,0.000000,0.000000
5.185080,1765336520.458410,1765336347,0.316120,0.000333,0.000000,0.000000,0.000000,0.000000,0.000000,-0.344366
5.205087,1765336520.478416,1765336347,0.316120,0.000333,0.000000,0.000000,0.000000,0.000000,0.000000,0.000000
5.225098,1765336520.498427,1765336347,0.316120,0.000333,0.000000,0.000000,0.000000,0.000000,0.000000,0.344366
5.245107,1765336520.518429,1765336347,0.316120,0.000333,0.000000,0.000000,0.000000,0.000000,0.000000,-0.344366
5.265111,1765336520.538440,1765336347,0.316120,0.000333,0.000000,0.000000,0.000000,0.000000,0.000000,0.000000
5.285124,1765336520.558452,1765336347,0.316120,0.000333,0.000000,0.000000,0.000000,0.000000,0.000000,-0.344366
5.305159,1765336520.578490,1765336347,0.316120,0.000333,0.000000,0.000000,0.000000,0.000000,0.000000,0.344366
5.325144,1765336520.598473,1765336347,0.316120,0.000333,0.000000,0.000000,0.000000,0.000000,0.000000,-0.344366
5.345157,1765336520.618486,1765336347,0.316120,0.000333,0.000000,0.000000,0.000000,0.000000,0.000000,0.000000
5.365167,1765336520.638495,1765336347,0.316120,0.000333,0.000000,0.000000,0.000000,0.000000,0.000000,0.344366
5.385188,1765336520.658524,1765336347,0.316120,0.000333,0.000000,0.000000,0.000000,0.000000,0.000000,-0.344366
5.405199,1765336520.678535,1765336347,0.316120,0.000333,0.000000,0.000000,0.000000,0.000000,0.000000,-0.344366
5.425209,1765336520.698544,1765336347,0.316120,0.000333,0.000000,0.000000,0.000000,0.000000,0.000000,0.000000
5.445219,1765336520.718555,1765336347,0.316120,0.000333,0.000000,0.000000,0.000000,0.000000,0.000000,-0.344366
5.465230,1765336520.738567,1765336347,0.316120,0.000333,0.000000,0.000000,0.000000,0.000000,0.000000,0.344366
5.485241,1765336520.758577,1765336347,0.316120,0.000333,0.000000,0.000000,0.000000,0.000000,0.000000,-0.344366
5.505251,1765336520.778587,1765336347,0.316120,0.000333,0.000000,0.000000,0.000000,0.000000,0.000000,-0.344366
5.525261,1765336520.798597,1765336347,0.316120,0.000333,0.000000,0.000000,0.000000,0.000000,0.000000,-0.344366
5.545271,1765336520.818607,1765336347,0.316120,0.000333,0.000000,0.000000,0.000000,0.000000,0.000000,-0.344366
5.565309,1765336520.838648,1765336347,0.316120,0.000333,0.000000,0.000000,0.000000,0.000000,0.000000,0.000000
5.585293,1765336520.858629,1765336347,0.316120,0.000333,0.000000,0.000000,0.000000,0.000000,0.000000,0.344366
5.605303,1765336520.878640,1765336347,0.316120,0.000333,0.000000,0.000000,0.000000,0.000000,-0.344366,0.000000
5.625315,1765336520.898652,1765336347,0.316120,0.000333,0.000000,0.000000,0.000000,0.000000,0.000000,0.344366
5.645325,1765336520.918661,1765336347,0.316120,0.000333,0.000000,0.000000,0.000000,0.000000,0.000000,0.000000
5.665337,1765336520.938673,1765336347,0.316120,0.000333,0.000000,0.000000,0.000000,0.000000,0.000000,0.344366
5.685347,1765336520.958684,1765336347,0.316120,0.000333,0.000000,0.000000,0.000000,0.000000,0.000000,0.000000
5.705358,1765336520.978694,1765336347,0.316120,0.000333,0.000000,0.000000,0.000000,0.000000,0.000000,-0.344366
5.725368,1765336520.998704,1765336347,0.316120,0.000333,0.000000,0.000000,0.000000,0.000000,0.000000,0.344366
5.745378,1765336521.018713,1765336347,0.316120,0.000333,0.000000,0.000000,0.000000,0.000000,0.000000,0.000000
5.765389,1765336521.038725,1765336347,0.316120,0.000333,0.000000,0.000000,0.000000,0.000000,0.000000,0.000000
5.785398,1765336521.058734,1765336347,0.316120,0.000333,0.000000,0.000000,0.000000,0.000000,0.000000,-0.344366
5.805408,1765336521.078744,1765336347,0.316120,0.000333,0.000000,0.000000,0.000000,0.000000,0.000000,-0.344366
5.825446,1765336521.098785,1765336347,0.316120,0.000333,0.000000,0.000000,0.000000,0.000000,0.000000,0.000000
5.845430,1765336521.118766,1765336347,0.316120,0.000333,0.000000,0.000000,0.000000,0.000000,0.000000,0.000000
5.865441,1765336521.138777,1765336347,0.316120,0.000333,0.000000,0.000000,0.000000,0.000000,0.000000,0.000000
5.885452,1765336521.158788,1765336347,0.316120,0.000333,0.000000,0.000000,0.000000,0.000000,0.000000,0.344366
5.905462,1765336521.178799,1765336347,0.316120,0.000333,0.000000,0.000000,0.000000,0.000000,-0.688732,0.344366
5.925474,1765336521.198810,1765336347,0.316120,0.000333,0.000000,0.000000,0.000000,0.000000,0.000000,0.000000
5.945486,1765336521.218821,1765336347,0.316120,0.000333,0.000000,0.000000,0.000000,0.000000,0.000000,-0.344366
5.965496,1765336521.238833,1765336347,0.316120,0.000333,0.000000,0.000000,0.000000,0.000000,0.000000,0.000000
5.985547,1765336521.258907,1765336347,0.316120,0.000333,0.000000,0.000000,0.000000,0.000000,0.000000,0.000000
6.005560,1765336521.278919,1765336347,0.316120,0.000333,0.000000,0.000000,0.000000,0.000000,0.000000,0.000000
6.025573,1765336521.298933,1765336347,0.316120,0.000333,0.000000,0.000000,0.000000,0.000000,0.000000,-0.344366
6.045594,1765336521.318953,1765336347,0.316120,0.000333,0.000000,0.000000,0.000000,0.000000,0.000000,0.344366
6.065460,1765336521.338744,1765336347,0.316120,0.000333,0.000000,0.000000,0.000000,0.000000,0.000000,-0.344366
6.085494,1765336521.358789,1765336347,0.316120,0.000333,0.000000,0.000000,0.000000,0.000000,0.000000,-0.344366
6.105490,1765336521.378795,1765336347,0.316120,0.000333,0.000000,0.000000,0.000000,0.000000,0.000000,0.344366
6.125591,1765336521.398937,1765336347,0.316120,0.000333,0.000000,0.000000,0.000000,0.000000,0.000000,-0.344366
6.145626,1765336521.418986,1765336347,0.316120,0.000333,0.000000,0.000000,0.000000,0.000000,0.000000,0.000000
6.165639,1765336521.438999,1765336347,0.316120,0.000333,0.000000,0.000000,0.000000,0.000000,0.000000,0.000000
6.185620,1765336521.458954,1765336347,0.316120,0.000333,0.000000,0.000000,0.000000,0.000000,0.000000,-0.344366
6.205622,1765336521.478956,1765336347,0.316120,0.000333,0.000000,0.000000,0.000000,0.000000,0.000000,0.000000
6.225631,1765336521.498967,1765336347,0.316120,0.000333,0.000000,0.000000,0.000000,0.000000,0.000000,0.344366
6.245535,1765336521.518809,1765336347,0.316120,0.000333,0.000000,0.000000,0.000000,0.000000,0.000000,0.000000
6.265552,1765336521.538833,1765336347,0.316120,0.000333,0.000000,0.000000,0.000000,0.000000,0.000000,0.000000
6.285603,1765336521.558898,1765336347,0.316120,0.000333,0.000000,0.000000,0.000000,0.000000,0.000000,-0.344366
6.305584,1765336521.578881,1765336347,0.316120,0.000333,0.000000,0.000000,0.000000,0.000000,0.000000,-1.033098
6.325594,1765336521.598896,1765336347,0.316120,0.000333,0.000000,0.000000,0.000000,0.000000,0.000000,0.344366
6.345625,1765336521.618964,1765336347,0.316120,0.000333,0.000000,0.000000,0.000000,0.000000,0.000000,0.000000
6.365621,1765336521.638921,1765336347,0.316120,0.000333,0.000000,0.000000,0.000000,0.000000,0.000000,0.000000
6.385632,1765336521.658936,1765336347,0.316120,0.000333,0.000000,0.000000,0.000000,0.000000,0.000000,0.344366
6.405653,1765336521.678957,1765336347,0.316120,0.000333,0.000000,0.000000,0.000000,0.000000,0.000000,-0.344366
6.425688,1765336521.698992,1765336347,0.316120,0.000333,0.000000,0.000000,0.000000,0.000000,0.000000,0.000000
6.445680,1765336521.718986,1765336347,0.316120,0.000333,0.000000,0.000000,0.000000,0.000000,0.000000,-0.344366
6.465836,1765336521.739182,1765336347,0.316120,0.000333,0.000000,0.000000,0.000000,0.000000,0.000000,-0.344366
6.485872,1765336521.759231,1765336347,0.316120,0.000333,0.000000,0.000000,0.000000,0.000000,0.000000,0.000000
6.505861,1765336521.779206,1765336347,0.316120,0.000333,0.000000,0.000000,0.000000,0.000000,0.000000,0.344366
6.525855,1765336521.799192,1765336347,0.316120,0.000333,0.000000,0.000000,0.000000,0.000000,0.000000,-0.344366
6.545865,1765336521.819200,1765336347,0.316120,0.000333,0.000000,0.000000,0.000000,0.000000,0.000000,-0.344366
6.565874,1765336521.839209,1765336347,0.316120,0.000333,0.000000,0.000000,0.000000,0.000000,0.000000,0.000000
6.585883,1765336521.859218,1765336347,0.316120,0.000333,0.000000,0.000000,0.000000,0.000000,0.000000,0.000000
6.605909,1765336521.879239,1765336347,0.316120,0.000333,0.000000,0.000000,0.000000,0.000000,0.000000,-0.344366
6.625891,1765336521.899219,1765336347,0.316120,0.000333,0.000020,0.000000,0.000000,0.000000,0.000000,-0.344366
6.645900,1765336521.919228,1765336347,0.316120,0.000333,0.000000,0.000000,0.000000,0.000000,0.000000,-0.344366
6.665909,1765336521.939237,1765336347,0.316116,0.000333,0.000682,0.000000,0.000000,0.000000,0.000000,0.000000
6.685890,1765336521.959206,1765336347,0.316116,0.000333,-0.000498,0.000000,0.000000,0.000000,0.000000,-0.344366
6.705908,1765336521.979229,1765336347,0.316120,0.000333,0.000006,0.000000,0.000000,0.000000,0.000000,0.000000
6.725917,1765336521.999238,1765336347,0.316120,0.000333,0.000489,0.000000,0.000000,0.000000,0.000000,-0.344366
6.745939,1765336522.019267,1765336347,0.316120,0.000333,-0.000074,0.000000,0.000000,0.000000,0.000000,0.000000
6.765948,1765336522.039276,1765336347,0.316120,0.000333,0.000000,0.000000,0.000000,0.000000,0.000000,0.344366
6.785957,1765336522.059308,1765336347,0.316120,0.000333,0.000000,0.000000,0.000000,0.000000,0.000000,-0.344366
6.805966,1765336522.079325,1765336347,0.316116,0.000333,-0.000786,0.000000,0.000000,0.000000,0.000000,0.000000
6.825973,1765336522.099322,1765336347,0.316116,0.000333,0.000009,0.000000,0.000000,0.000000,0.000000,-0.344366
6.845983,1765336522.119342,1765336347,0.316120,0.000333,0.000000,0.000000,0.000000,0.000000,0.000000,-0.344366
6.866051,1765336522.139386,1765336347,0.316116,0.000333,-0.000806,0.000000,0.000000,0.000000,0.000000,0.344366
6.886001,1765336522.159365,1765336347,0.316120,0.000333,0.000798,0.000000,0.000000,0.000000,0.000000,-0.344366
6.906009,1765336522.179368,1765336347,0.316116,0.000333,-0.000940,0.000000,0.000000,0.000000,0.000000,-0.344366
6.926046,1765336522.199378,1765336347,0.316116,0.000333,0.000000,0.000000,0.000000,0.000000,0.000000,0.344366
6.946035,1765336522.219359,1765336347,0.316116,0.000333,-0.000872,0.000000,0.000000,0.000000,0.000000,0.344366
6.966046,1765336522.239370,1765336347,0.316116,0.000333,-0.000945,0.000000,0.000000,0.000000,0.000000,0.000000
6.986070,1765336522.259401,1765336347,0.316116,0.000333,0.000000,0.000000,0.000000,0.000000,0.000000,0.344366
7.006078,1765336522.279407,1765336347,0.316116,0.000333,0.000000,0.000000,0.000000,0.000000,0.000000,0.000000
7.026087,1765336522.299416,1765336347,0.316116,0.000333,0.000000,0.000000,0.000000,0.000000,0.000000,0.000000
7.045964,1765336522.319242,1765336347,0.316116,0.000333,0.000074,0.000000,0.000000,0.000000,0.000000,0.000000
7.065979,1765336522.339263,1765336347,0.316116,0.000333,-0.000786,0.000000,0.000000,0.000000,-0.688732,-0.344366
7.086025,1765336522.359324,1765336347,0.316120,0.000333,0.000945,0.000000,0.000000,0.000000,0.000000,0.000000
7.106117,1765336522.379446,1765336347,0.316120,0.000333,0.000259,0.000000,0.000000,0.000000,0.000000,0.000000
7.126136,1765336522.399467,1765336347,0.316116,0.000333,0.000053,0.000000,0.000000,0.000000,-0.344366,0.344366
7.146123,1765336522.419451,1765336347,0.316120,0.000333,0.000940,0.000000,0.000000,0.000000,0.000000,-0.344366
7.166139,1765336522.439467,1765336347,0.316116,0.000333,0.000000,0.000000,0.000000,0.000000,0.000000,0.344366
7.186063,1765336522.459375,1765336347,0.316116,0.000333,0.000000,0.000000,0.000000,0.000000,0.000000,-0.344366
7.206080,1765336522.479399,1765336347,0.316120,0.000333,0.000869,0.000000,0.000000,0.000000,0.000000,0.344366
7.226208,1765336522.499567,1765336347,0.316116,0.000333,-0.000006,0.000000,0.000000,0.000000,0.000000,-0.344366
7.246221,1765336522.519581,1765336347,0.316116,0.000333,-0.000074,0.000000,0.000000,0.000000,0.000000,-0.344366
7.266212,1765336522.539558,1765336347,0.316116,0.000333,0.000000,0.000000,0.000000,0.000000,0.000000,0.344366
7.286142,1765336522.559462,1765336347,0.316116,0.000333,0.000000,0.000000,0.000000,0.000000,0.000000,0.344366
7.306259,1765336522.579618,1765336347,0.316116,0.000333,0.000000,0.000000,0.000000,0.000000,0.000000,-0.344366
7.326249,1765336522.599595,1765336347,0.316116,0.000333,-0.000021,0.000000,0.000000,0.000000,0.000000,0.000000
7.346259,1765336522.619605,1765336347,0.316116,0.000333,0.000000,0.000000,0.000000,0.000000,0.000000,0.344366
7.366272,1765336522.639617,1765336347,0.316116,0.000333,0.000000,0.000000,0.000000,0.000000,0.000000,-0.344366
7.386295,1765336522.659634,1765336347,0.316116,0.000333,0.000000,0.000000,0.000000,0.000000,0.000000,0.344366
7.406275,1765336522.679611,1765336347,0.316116,0.000333,0.000000,0.000000,0.000000,0.000000,0.000000,0.000000
7.426327,1765336522.699686,1765336347,0.316116,0.000333,0.000000,0.000000,0.000000,0.000000,0.000000,-0.344366
7.446338,1765336522.719697,1765336347,0.316116,0.000333,0.000000,0.000000,0.000000,0.000000,0.000000,0.000000
7.466301,1765336522.739630,1765336347,0.316116,0.000333,0.000000,0.000000,0.000000,0.000000,-0.344366,0.000000
7.486309,1765336522.759636,1765336347,0.316116,0.000333,-0.000682,0.000000,0.000000,0.000000,0.000000,-0.344366
7.506326,1765336522.779654,1765336347,0.316116,0.000333,0.000000,0.000000,0.000000,0.000000,0.000000,-0.344366
7.526339,1765336522.799676,1765336347,0.316116,0.000333,0.000000,0.000000,0.000000,0.000000,0.000000,-0.344366
7.546338,1765336522.819667,1765336347,0.316116,0.000333,0.000000,0.000000,0.000000,0.000000,0.000000,0.344366
7.566401,1765336522.839762,1765336347,0.316116,0.000333,0.000000,0.000000,0.000000,0.000000,-0.344366,-0.344366
7.586410,1765336522.859757,1765336347,0.316116,0.000333,0.000000,0.000000,0.000000,0.000000,0.000000,0.344366
7.606404,1765336522.879749,1765336347,0.316116,0.000333,0.000000,0.000000,0.000000,0.000000,0.000000,-0.344366
7.626413,1765336522.899749,1765336347,0.316116,0.000333,0.000000,0.000000,0.000000,0.000000,0.000000,0.000000
7.646435,1765336522.919774,1765336347,0.316116,0.000333,0.000000,0.000000,0.000000,0.000000,-0.688732,-0.344366
7.666419,1765336522.939756,1765336347,0.316116,0.000333,0.000000,0.000000,0.000000,0.000000,0.000000,0.000000
7.686430,1765336522.959765,1765336347,0.316116,0.000333,0.000000,0.000000,0.000000,0.000000,0.000000,0.344366
7.706441,1765336522.979777,1765336347,0.316116,0.000333,0.000000,0.000000,0.000000,0.000000,0.000000,0.000000
7.726452,1765336522.999787,1765336347,0.316116,0.000333,0.000000,0.000000,0.000000,0.000000,0.000000,0.000000
7.746462,1765336523.019797,1765336347,0.316116,0.000333,0.000000,0.000000,0.000000,0.000000,0.000000,0.344366
7.766461,1765336523.039788,1765336347,0.316116,0.000333,0.000000,0.000000,0.000000,0.000000,-0.688732,-0.344366
7.786523,1765336523.059882,1765336347,0.316116,0.000333,0.000000,0.000000,0.000000,0.000000,0.000000,-0.344366
7.806513,1765336523.079858,1765336347,0.316116,0.000333,0.000000,0.000000,0.000000,0.000000,0.000000,-0.344366
7.826525,1765336523.099871,1765336347,0.316116,0.000333,0.000000,0.000000,0.000000,0.000000,0.000000,0.000000
7.846538,1765336523.119875,1765336347,0.316116,0.000333,0.000000,0.000000,0.000000,0.000000,-0.688732,-0.344366
7.866533,1765336523.139868,1765336347,0.316116,0.000333,0.000000,0.000000,0.000000,0.000000,0.000000,0.344366
7.886563,1765336523.159909,1765336347,0.316116,0.000333,0.000000,0.000000,0.000000,0.000000,0.000000,0.000000
7.906606,1765336523.179955,1765336347,0.316116,0.000333,0.000000,0.000000,0.000000,0.000000,0.000000,-0.344366
7.926607,1765336523.199968,1765336347,0.316116,0.000333,0.000000,0.000000,0.000000,0.000000,0.000000,0.344366
7.946621,1765336523.219980,1765336347,0.316116,0.000333,0.000000,0.000000,0.000000,0.000000,0.000000,0.000000
7.966611,1765336523.239956,1765336347,0.316116,0.000333,0.000000,0.000000,0.000000,0.000000,0.000000,0.000000
7.986623,1765336523.259968,1765336347,0.316116,0.000333,0.000000,0.000000,0.000000,0.000000,0.000000,0.000000
8.006634,1765336523.279980,1765336347,0.316116,0.000333,0.000000,0.000000,0.000000,0.000000,0.000000,0.344366
8.026629,1765336523.299965,1765336347,0.316116,0.000333,0.000000,0.000000,0.000000,0.000000,0.000000,0.344366
8.046535,1765336523.319815,1765336347,0.316116,0.000333,0.000000,0.000000,0.000000,0.000000,0.000000,0.344366
8.066556,1765336523.339847,1765336347,0.316116,0.000333,0.000000,0.000000,0.000000,0.000000,0.000000,-0.344366
8.086577,1765336523.359876,1765336347,0.316116,0.000333,0.000000,0.000000,0.000000,0.000000,0.000000,-0.344366
8.106597,1765336523.379905,1765336347,0.316116,0.000333,0.000000,0.000000,0.000000,0.000000,0.000000,0.344366
8.126562,1765336523.399845,1765336347,0.316116,0.000333,0.000000,0.000000,0.000000,0.000000,0.000000,-0.344366
8.146563,1765336523.419848,1765336347,0.316116,0.000333,0.000000,0.000000,0.000000,0.000000,0.000000,0.344366
8.166600,1765336523.439898,1765336347,0.316116,0.000333,0.000000,0.000000,0.000000,0.000000,0.000000,0.344366
8.186613,1765336523.459920,1765336347,0.316116,0.000333,0.000000,0.000000,0.000000,0.000000,0.000000,-0.344366
8.206636,1765336523.479951,1765336347,0.316116,0.000333,0.000000,0.000000,0.000000,0.000000,0.000000,-0.344366
8.226670,1765336523.499999,1765336347,0.316116,0.000333,0.000000,0.000000,0.000000,0.000000,0.000000,0.000000
8.246680,1765336523.520009,1765336347,0.316116,0.000333,0.000000,0.000000,0.000000,0.000000,0.000000,0.344366
8.266690,1765336523.540019,1765336347,0.316116,0.000333,0.000000,0.000000,0.000000,0.000000,0.000000,-0.344366
8.286700,1765336523.560028,1765336347,0.316116,0.000333,0.000000,0.000000,0.000000,0.000000,0.000000,-0.344366
8.306711,1765336523.580039,1765336347,0.316116,0.000333,0.000000,0.000000,0.000000,0.000000,0.000000,0.000000
8.326721,1765336523.600050,1765336347,0.316116,0.000333,0.000000,0.000000,0.000000,0.000000,0.000000,-0.344366
8.346743,1765336523.620079,1765336347,0.316116,0.000333,0.000000,0.000000,0.000000,0.000000,0.000000,0.000000
8.366754,1765336523.640091,1765336347,0.316116,0.000333,0.000000,0.000000,0.000000,0.000000,0.000000,0.000000
8.386765,1765336523.660101,1765336347,0.316116,0.000333,0.000000,0.000000,0.000000,0.000000,0.000000,-0.344366
8.406763,1765336523.680092,1765336347,0.316116,0.000333,0.000000,0.000000,0.000000,0.000000,0.000000,-0.344366
8.426815,1765336523.700153,1765336347,0.316116,0.000333,0.000000,0.000000,0.000000,0.000000,0.000000,0.000000
8.446784,1765336523.720114,1765336347,0.316116,0.000333,0.000000,0.000000,0.000000,0.000000,0.000000,-0.344366
8.466806,1765336523.740143,1765336347,0.316116,0.000333,0.000000,0.000000,0.000000,0.000000,0.000000,-0.344366
8.486857,1765336523.760216,1765336347,0.316116,0.000333,0.000000,0.000000,0.000000,0.000000,0.000000,-0.344366
8.506848,1765336523.780194,1765336347,0.316116,0.000333,0.000000,0.000000,0.000000,0.000000,0.000000,0.000000
8.526859,1765336523.800204,1765336347,0.316116,0.000333,0.000000,0.000000,0.000000,0.000000,0.000000,0.344366
8.546852,1765336523.820187,1765336347,0.316116,0.000333,0.000000,0.000000,0.000000,0.000000,0.000000,0.000000
8.566862,1765336523.840197,1765336347,0.316116,0.000333,0.000000,0.000000,0.000000,0.000000,0.000000,0.000000
8.586870,1765336523.860206,1765336347,0.316116,0.000333,0.000000,0.000000,0.000000,0.000000,0.000000,-0.344366
8.606867,1765336523.880195,1765336347,0.316116,0.000333,0.000000,0.000000,0.000000,0.000000,0.000000,0.344366
8.626876,1765336523.900204,1765336347,0.316116,0.000333,0.000000,0.000000,0.000000,0.000000,0.000000,0.000000
8.646828,1765336523.920147,1765336347,0.316116,0.000333,0.000000,0.000000,0.000000,0.000000,0.000000,-0.344366
8.666837,1765336523.940177,1765336347,0.316116,0.000333,0.000000,0.000000,0.000000,0.000000,0.000000,0.344366
8.686942,1765336523.960254,1765336347,0.316116,0.000333,0.000000,0.000000,0.000000,0.000000,0.000000,0.000000
8.706932,1765336523.980243,1765336347,0.316116,0.000333,0.000000,0.000000,0.000000,0.000000,0.000000,0.344366
8.726956,1765336524.000267,1765336347,0.316116,0.000333,0.000000,0.000000,0.000000,0.000000,0.000000,0.000000
8.746963,1765336524.020275,1765336347,0.316116,0.000333,0.000000,0.000000,0.000000,0.000000,0.000000,-0.344366
8.766972,1765336524.040292,1765336347,0.316116,0.000333,0.000000,0.000000,0.000000,0.000000,0.000000,-0.344366
8.786979,1765336524.060303,1765336347,0.316116,0.000333,0.000000,0.000000,0.000000,0.000000,0.000000,-0.344366
8.806986,1765336524.080308,1765336347,0.316116,0.000333,0.000000,0.000000,0.000000,0.000000,0.000000,-0.344366
8.826995,1765336524.100317,1765336347,0.316116,0.000333,0.000000,0.000000,0.000000,0.000000,0.000000,-0.344366
8.847003,1765336524.120324,1765336347,0.316116,0.000333,0.000000,0.000000,0.000000,0.000000,0.000000,-0.344366
8.867022,1765336524.140333,1765336347,0.316116,0.000333,0.000000,0.000000,0.000000,0.000000,0.000000,0.344366
8.887166,1765336524.160526,1765336347,0.316116,0.000333,0.000000,0.000000,0.000000,0.000000,0.000000,0.000000
8.907174,1765336524.180535,1765336347,0.316116,0.000333,0.000000,0.000000,0.000000,0.000000,0.000000,0.000000
8.927170,1765336524.200516,1765336347,0.316116,0.000333,0.000000,0.000000,0.000000,0.000000,-0.344366,0.000000
8.947190,1765336524.220529,1765336347,0.316116,0.000333,0.000000,0.000000,0.000000,0.000000,0.000000,0.000000
8.967172,1765336524.240508,1765336347,0.316116,0.000333,0.000000,0.000000,0.000000,0.000000,0.000000,0.344366
8.987183,1765336524.260519,1765336347,0.316116,0.000333,0.000000,0.000000,0.000000,0.000000,0.000000,0.344366
9.007193,1765336524.280529,1765336347,0.316116,0.000333,0.000000,0.000000,0.000000,0.000000,0.000000,-0.344366
9.027203,1765336524.300539,1765336347,0.316116,0.000333,0.000000,0.000000,0.000000,0.000000,0.000000,-0.344366
9.047113,1765336524.320398,1765336347,0.316116,0.000333,0.000000,0.000000,0.000000,0.000000,0.000000,0.344366
9.067108,1765336524.340392,1765336347,0.316116,0.000333,0.000000,0.000000,0.000000,0.000000,0.000000,0.344366
9.087301,1765336524.360630,1765336347,0.316116,0.000333,0.000000,0.000000,0.000000,0.000000,-0.688732,0.000000
9.107311,1765336524.380639,1765336347,0.316116,0.000333,0.000000,0.000000,0.000000,0.000000,0.000000,-0.344366
9.127321,1765336524.400651,1765336347,0.316116,0.000333,0.000000,0.000000,0.000000,0.000000,0.000000,0.344366
9.147383,1765336524.420743,1765336347,0.316116,0.000333,0.000000,0.000000,0.000000,0.000000,0.000000,0.000000
9.167373,1765336524.440719,1765336347,0.316116,0.000333,0.000000,0.000000,0.000000,0.000000,0.000000,-0.344366
9.187383,1765336524.460724,1765336347,0.316116,0.000333,0.000000,0.000000,0.000000,0.000000,-0.688732,-0.344366
9.207403,1765336524.480742,1765336347,0.316116,0.000333,0.000000,0.000000,0.000000,0.000000,0.000000,-0.344366
9.227388,1765336524.500723,1765336347,0.316116,0.000333,0.000000,0.000000,0.000000,0.000000,0.000000,-0.344366
9.247399,1765336524.520735,1765336347,0.316116,0.000333,0.000000,0.000000,0.000000,0.000000,0.000000,-0.344366
9.267450,1765336524.540809,1765336347,0.316116,0.000333,0.000000,0.000000,0.000000,0.000000,0.000000,0.000000
9.287464,1765336524.560823,1765336347,0.316116,0.000333,0.000000,0.000000,0.000000,0.000000,0.000000,-0.344366
9.307453,1765336524.580799,1765336347,0.316116,0.000333,0.000000,0.000000,0.000000,0.000000,0.000000,0.000000
9.327448,1765336524.600784,1765336347,0.316116,0.000333,0.000000,0.000000,0.000000,0.000000,0.000000,0.000000
9.347457,1765336524.620792,1765336347,0.316116,0.000333,0.000000,0.000000,0.000000,0.000000,0.000000,0.344366
9.367467,1765336524.640803,1765336347,0.316116,0.000333,0.000000,0.000000,0.000000,0.000000,0.000000,0.000000
9.387479,1765336524.660814,1765336347,0.316116,0.000333,0.000000,0.000000,0.000000,0.000000,-0.344366,-0.344366
9.407489,1765336524.680825,1765336347,0.316116,0.000333,0.000000,0.000000,0.000000,0.000000,0.000000,-0.344366
9.427500,1765336524.700835,1765336347,0.316116,0.000333,0.000000,0.000000,0.000000,0.000000,0.000000,0.000000
9.447510,1765336524.720845,1765336347,0.316116,0.000333,0.000000,0.000000,0.000000,0.000000,0.000000,-0.344366
9.467551,1765336524.740888,1765336347,0.316116,0.000333,0.000000,0.000000,0.000000,0.000000,0.000000,-0.344366
9.487532,1765336524.760867,1765336347,0.316116,0.000333,0.000000,0.000000,0.000000,0.000000,0.000000,0.000000
9.507530,1765336524.780858,1765336347,0.316116,0.000333,0.000000,0.000000,0.000000,0.000000,-1.033098,-0.344366
9.527539,1765336524.800867,1765336347,0.316116,0.000333,0.000000,0.000000,0.000000,0.000000,0.000000,0.000000
9.547561,1765336524.820894,1765336347,0.316116,0.000333,0.000000,0.000000,0.000000,0.000000,0.000000,-0.344366
9.567589,1765336524.840935,1765336347,0.316116,0.000333,0.000000,0.000000,0.000000,0.000000,0.000000,-0.344366
9.587585,1765336524.860920,1765336347,0.316116,0.000333,0.000000,0.000000,0.000000,0.000000,0.000000,0.000000
9.607594,1765336524.880929,1765336347,0.316116,0.000333,0.000000,0.000000,0.000000,0.000000,0.000000,0.344366
9.627604,1765336524.900940,1765336347,0.316116,0.000333,0.000000,0.000000,0.000000,0.000000,0.000000,-0.344366
9.647615,1765336524.920950,1765336347,0.316116,0.000333,0.000000,0.000000,0.000000,0.000000,0.000000,-0.344366
9.667624,1765336524.940959,1765336347,0.316116,0.000333,0.000000,0.000000,0.000000,0.000000,0.000000,-0.344366
9.687569,1765336524.960890,1765336347,0.316116,0.000333,0.000000,0.000000,0.000000,0.000000,0.000000,0.344366
9.707685,1765336524.981044,1765336347,0.316116,0.000333,0.000000,0.000000,0.000000,0.000000,0.000000,0.000000
9.727729,1765336525.001093,1765336347,0.316116,0.000333,0.000000,0.000000,0.000000,0.000000,0.000000,-0.344366
9.747685,1765336525.021031,1765336347,0.316116,0.000333,0.000000,0.000000,0.000000,0.000000,0.000000,0.000000
9.767690,1765336525.041026,1765336347,0.316116,0.000333,0.000000,0.000000,0.000000,0.000000,0.000000,-0.344366
9.787691,1765336525.061026,1765336347,0.316116,0.000333,0.000000,0.000000,0.000000,0.000000,0.000000,0.344366
9.807699,1765336525.081034,1765336347,0.316116,0.000333,0.000000,0.000000,0.000000,0.000000,0.000000,0.344366
9.827710,1765336525.101046,1765336347,0.316116,0.000333,0.000000,0.000000,0.000000,0.000000,0.000000,-0.344366
9.847719,1765336525.121055,1765336347,0.316116,0.000333,0.000000,0.000000,0.000000,0.000000,0.000000,-0.344366
9.867729,1765336525.141065,1765336347,0.316116,0.000333,0.000000,0.000000,0.000000,0.000000,0.000000,0.344366
9.887745,1765336525.161077,1765336347,0.316116,0.000333,0.000000,0.000000,0.000000,0.000000,0.000000,0.000000
9.907756,1765336525.181091,1765336347,0.316116,0.000333,0.000000,0.000000,0.000000,0.000000,0.000000,0.344366
9.927758,1765336525.201086,1765336347,0.316116,0.000333,0.000000,0.000000,0.000000,0.000000,0.000000,-0.344366
9.947727,1765336525.221049,1765336347,0.316116,0.000333,0.000000,0.000000,0.000000,0.000000,0.000000,0.000000
9.967796,1765336525.241116,1765336347,0.316116,0.000333,0.000000,0.000000,0.000000,0.000000,0.000000,0.344366
9.987826,1765336525.261147,1765336347,0.316116,0.000333,0.000000,0.000000,0.000000,0.000000,0.000000,0.000000
10.007839,1765336525.281169,1765336347,0.316116,0.000333,0.000000,0.000000,0.000000,0.000000,0.000000,-0.344366
10.027830,1765336525.301141,1765336347,0.316116,0.000333,0.000000,0.000000,0.000000,0.000000,0.000000,0.344366
10.048610,1765336525.321947,1765336347,0.316116,0.000333,0.000000,0.000000,0.000000,0.000000,0.000000,0.344366
10.068450,1765336525.341740,1765336347,0.316116,0.000333,0.000000,0.000000,0.000000,0.000000,0.000000,0.344366
10.088471,1765336525.361770,1765336347,0.316116,0.000333,0.000000,0.000000,0.000000,0.000000,0.000000,-0.344366
10.108499,1765336525.381810,1765336347,0.316116,0.000333,0.000000,0.000000,0.000000,0.000000,0.000000,-0.344366
10.128527,1765336525.401849,1765336347,0.316116,0.000333,0.000000,0.000000,0.000000,0.000000,0.000000,0.000000
10.148534,1765336525.421855,1765336347,0.316116,0.000333,0.000000,0.000000,0.000000,0.000000,0.000000,0.000000
10.168617,1765336525.441977,1765336347,0.316116,0.000333,0.000000,0.000000,0.000000,0.000000,0.000000,-0.344366
10.188623,1765336525.461982,1765336347,0.316116,0.000333,0.000000,0.000000,0.000000,0.000000,0.000000,0.000000
10.208632,1765336525.481992,1765336347,0.316116,0.000333,0.000000,0.000000,0.000000,0.000000,0.000000,0.000000
10.228645,1765336525.502004,1765336347,0.316116,0.000333,0.000000,0.000000,0.000000,0.000000,0.000000,0.000000
10.248663,1765336525.522003,1765336347,0.316116,0.000333,0.000000,0.000000,0.000000,0.000000,0.000000,-0.344366
10.268668,1765336525.542027,1765336347,0.316116,0.000333,0.000000,0.000000,0.000000,0.000000,0.000000,0.000000
10.288657,1765336525.562002,1765336347,0.316116,0.000333,0.000000,0.000000,0.000000,0.000000,0.000000,0.344366
10.308693,1765336525.582052,1765336347,0.316116,0.000333,0.000000,0.000000,0.000000,0.000000,0.000000,0.344366
10.328706,1765336525.602065,1765336347,0.316116,0.000333,0.000000,0.000000,0.000000,0.000000,0.000000,0.344366
10.348696,1765336525.622041,1765336347,0.316116,0.000333,0.000000,0.000000,0.000000,0.000000,0.000000,0.344366
10.368729,1765336525.642089,1765336347,0.316116,0.000333,0.000000,0.000000,0.000000,0.000000,0.000000,0.000000
10.388721,1765336525.662066,1765336347,0.316116,0.000333,0.000000,0.000000,0.000000,0.000000,0.000000,0.000000
10.408732,1765336525.682077,1765336347,0.316116,0.000333,0.000000,0.000000,0.000000,0.000000,0.000000,-0.344366
10.428745,1765336525.702090,1765336347,0.316116,0.000333,0.000000,0.000000,0.000000,0.000000,-0.688732,0.344366
10.448740,1765336525.722076,1765336347,0.316116,0.000333,0.000000,0.000000,0.000000,0.000000,0.000000,-0.344366
10.468749,1765336525.742085,1765336347,0.316116,0.000333,0.000000,0.000000,0.000000,0.000000,0.000000,-0.344366
10.488776,1765336525.762122,1765336347,0.316116,0.000333,0.000000,0.000000,0.000000,0.000000,0.000000,0.344366
10.508847,1765336525.782210,1765336347,0.316116,0.000333,0.000000,0.000000,0.000000,0.000000,0.000000,-0.344366
10.528800,1765336525.802147,1765336347,0.316116,0.000333,0.000000,0.000000,0.000000,0.000000,0.000000,0.344366
10.548793,1765336525.822129,1765336347,0.316116,0.000333,0.000000,0.000000,0.000000,0.000000,0.000000,-0.344366
10.568804,1765336525.842140,1765336347,0.316116,0.000333,0.000000,0.000000,0.000000,0.000000,0.000000,-0.344366
10.588814,1765336525.862150,1765336347,0.316116,0.000333,0.000000,0.000000,0.000000,0.000000,0.000000,-0.344366
10.608812,1765336525.882139,1765336347,0.316116,0.000333,0.000000,0.000000,0.000000,0.000000,0.000000,-0.344366
10.628821,1765336525.902149,1765336347,0.316116,0.000333,0.000000,0.000000,0.000000,0.000000,0.000000,-0.344366
10.648843,1765336525.922179,1765336347,0.316116,0.000333,0.000000,0.000000,0.000000,0.000000,0.000000,0.000000
10.668840,1765336525.942169,1765336347,0.316116,0.000333,0.000000,0.000000,0.000000,0.000000,0.000000,-0.344366
10.688849,1765336525.962177,1765336347,0.316116,0.000333,0.000000,0.000000,0.000000,0.000000,0.000000,0.000000
10.708872,1765336525.982208,1765336347,0.316116,0.000333,0.000000,0.000000,0.000000,0.000000,0.000000,0.000000
10.728869,1765336526.002198,1765336347,0.316116,0.000333,0.000000,0.000000,0.000000,0.000000,0.000000,0.344366
10.748878,1765336526.022207,1765336347,0.316116,0.000333,0.000000,0.000000,0.000000,0.000000,0.000000,0.344366
10.768913,1765336526.042244,1765336347,0.316116,0.000333,0.000000,0.000000,0.000000,0.000000,-0.344366,0.000000
10.788938,1765336526.062321,1765336347,0.316116,0.000333,0.000000,0.000000,0.000000,0.000000,0.000000,0.344366
10.808962,1765336526.082359,1765336347,0.316116,0.000333,0.000000,0.000000,0.000000,0.000000,0.000000,0.344366
10.828951,1765336526.102334,1765336347,0.316116,0.000333,0.000000,0.000000,0.000000,0.000000,-0.688732,0.000000
10.848946,1765336526.122307,1765336347,0.316116,0.000333,0.000000,0.000000,0.000000,0.000000,0.000000,-0.344366
10.869005,1765336526.142393,1765336347,0.316116,0.000333,0.000000,0.000000,0.000000,0.000000,-0.688732,-0.344366
10.888995,1765336526.162377,1765336347,0.316116,0.000333,0.000000,0.000000,0.000000,0.000000,0.000000,-0.344366
10.908988,1765336526.182351,1765336347,0.316116,0.000333,0.000000,0.000000,0.000000,0.000000,-0.344366,0.344366
10.928999,1765336526.202368,1765336347,0.316116,0.000333,0.000000,0.000000,0.000000,0.000000,0.000000,0.000000
10.949009,1765336526.222377,1765336347,0.316116,0.000333,0.000000,0.000000,0.000000,0.000000,0.000000,0.344366
10.969007,1765336526.242368,1765336347,0.316116,0.000333,0.000000,0.000000,0.000000,0.000000,0.000000,-0.344366
10.989042,1765336526.262374,1765336347,0.316116,0.000333,0.000000,0.000000,0.000000,0.000000,0.000000,0.344366
11.009107,1765336526.282467,1765336347,0.316116,0.000333,0.000000,0.000000,0.000000,0.000000,0.000000,0.000000
11.029154,1765336526.302519,1765336347,0.316116,0.000333,0.000000,0.000000,0.000000,0.000000,0.000000,-0.344366
11.049152,1765336526.322549,1765336347,0.316116,0.000333,0.000000,0.000000,0.000000,0.000000,0.000000,-0.344366
11.068995,1765336526.342297,1765336347,0.316116,0.000333,0.000000,0.000000,0.000000,0.000000,0.000000,0.000000
11.088976,1765336526.362266,1765336347,0.316116,0.000333,0.000000,0.000000,0.000000,0.000000,0.000000,-0.344366
11.108993,1765336526.382298,1765336347,0.316116,0.000333,0.000000,0.000000,0.000000,0.000000,0.000000,-0.344366
11.129156,1765336526.402515,1765336347,0.316116,0.000333,0.000000,0.000000,0.000000,0.000000,0.000000,-0.344366
11.149173,1765336526.422534,1765336347,0.316116,0.000333,0.000000,0.000000,0.000000,0.000000,0.000000,0.000000
11.169164,1765336526.442500,1765336347,0.316116,0.000333,0.000000,0.000000,0.000000,0.000000,0.000000,0.344366
11.189132,1765336526.462459,1765336347,0.316116,0.000333,0.000000,0.000000,0.000000,0.000000,0.000000,0.344366
11.209201,1765336526.482561,1765336347,0.316116,0.000333,0.000000,0.000000,0.000000,0.000000,0.000000,0.344366
11.229176,1765336526.502511,1765336347,0.316116,0.000333,0.000000,0.000000,0.000000,0.000000,0.000000,0.000000
11.249106,1765336526.522411,1765336347,0.316116,0.000333,0.000000,0.000000,0.000000,0.000000,0.000000,0.000000
11.269085,1765336526.542368,1765336347,0.316116,0.000333,0.000000,0.000000,0.000000,0.000000,0.000000,-0.344366
11.289152,1765336526.562461,1765336347,0.316116,0.000333,0.000000,0.000000,0.000000,0.000000,0.000000,0.000000
11.309148,1765336526.582459,1765336347,0.316116,0.000333,0.000000,0.000000,0.000000,0.000000,0.000000,0.344366
11.329175,1765336526.602496,1765336347,0.316116,0.000333,0.000000,0.000000,0.000000,0.000000,0.000000,0.344366
11.349171,1765336526.622486,1765336347,0.316116,0.000333,0.000000,0.000000,0.000000,0.000000,0.000000,-0.344366
11.369189,1765336526.642509,1765336347,0.316116,0.000333,0.000000,0.000000,0.000000,0.000000,0.000000,0.344366
11.389212,1765336526.662540,1765336347,0.316116,0.000333,0.000000,0.000000,0.000000,0.000000,0.000000,0.000000
11.409218,1765336526.682546,1765336347,0.316116,0.000333,0.000000,0.000000,0.000000,0.000000,0.000000,0.344366
11.429214,1765336526.702535,1765336347,0.316116,0.000333,0.000000,0.000000,0.000000,0.000000,0.000000,0.344366
11.449238,1765336526.722566,1765336347,0.316116,0.000333,0.000000,0.000000,0.000000,0.000000,0.000000,0.000000
11.469198,1765336526.742509,1765336347,0.316116,0.000333,0.000000,0.000000,0.000000,0.000000,0.000000,0.000000
11.489541,1765336526.762901,1765336347,0.316116,0.000333,0.000000,0.000000,0.000000,0.000000,0.000000,0.000000
11.509554,1765336526.782913,1765336347,0.316116,0.000333,0.000000,0.000000,0.000000,0.000000,0.000000,-0.344366
11.529566,1765336526.802926,1765336347,0.316116,0.000333,0.000000,0.000000,0.000000,0.000000,0.000000,0.000000
11.549550,1765336526.822882,1765336347,0.316116,0.000333,0.000000,0.000000,0.000000,0.000000,0.000000,-0.344366
11.569548,1765336526.842884,1765336347,0.316116,0.000333,0.000000,0.000000,0.000000,0.000000,0.000000,0.344366
11.589558,1765336526.862893,1765336347,0.316116,0.000333,0.000000,0.000000,0.000000,0.000000,0.000000,0.000000
11.609567,1765336526.882903,1765336347,0.316116,0.000333,0.000000,0.000000,0.000000,0.000000,0.000000,0.000000
11.629577,1765336526.902913,1765336347,0.316116,0.000333,0.000000,0.000000,0.000000,0.000000,-0.344366,0.344366
11.649588,1765336526.922924,1765336347,0.316116,0.000333,0.000000,0.000000,0.000000,0.000000,0.000000,0.000000
11.669544,1765336526.942864,1765336347,0.316116,0.000333,0.000000,0.000000,0.000000,0.000000,0.000000,0.000000
11.689547,1765336526.962858,1765336347,0.316116,0.000333,0.000000,0.000000,0.000000,0.000000,0.000000,0.344366
11.709648,1765336526.982993,1765336347,0.316116,0.000333,0.000000,0.000000,0.000000,0.000000,0.000000,0.344366
11.729683,1765336527.003044,1765336347,0.316116,0.000333,0.000000,0.000000,0.000000,0.000000,0.000000,-0.344366
11.749696,1765336527.023056,1765336347,0.316116,0.000333,0.000000,0.000000,0.000000,0.000000,0.000000,-0.344366
11.769659,1765336527.042987,1765336347,0.316116,0.000333,0.000000,0.000000,0.000000,0.000000,0.000000,-0.344366
11.789677,1765336527.063014,1765336347,0.316116,0.000333,0.000000,0.000000,0.000000,0.000000,0.000000,-0.344366
11.809716,1765336527.083055,1765336347,0.316116,0.000333,0.000000,0.000000,0.000000,0.000000,0.000000,0.000000
11.829699,1765336527.103034,1765336347,0.316116,0.000333,0.000000,0.000000,0.000000,0.000000,0.000000,0.344366
11.849708,1765336527.123044,1765336347,0.316116,0.000333,0.000000,0.000000,0.000000,0.000000,0.000000,0.000000
11.869720,1765336527.143054,1765336347,0.316116,0.000333,0.000000,0.000000,0.000000,0.000000,0.000000,0.344366
11.889702,1765336527.163022,1765336347,0.316116,0.000333,0.000000,0.000000,0.000000,0.000000,0.000000,-0.344366
11.909725,1765336527.183053,1765336347,0.316116,0.000333,0.000000,0.000000,0.000000,0.000000,0.000000,0.000000
11.929733,1765336527.203061,1765336347,0.316116,0.000333,0.000000,0.000000,0.000000,0.000000,0.000000,-0.344366
11.949743,1765336527.223071,1765336347,0.316116,0.000333,0.000000,0.000000,0.000000,0.000000,0.000000,0.000000
11.969751,1765336527.243079,1765336347,0.316116,0.000333,0.000000,0.000000,0.000000,0.000000,0.000000,-0.344366
11.989745,1765336527.263066,1765336347,0.316116,0.000333,0.000000,0.000000,0.000000,0.000000,0.000000,0.344366
12.009822,1765336527.283182,1765336347,0.316116,0.000333,0.000000,0.000000,0.000000,0.000000,0.000000,0.344366
12.029833,1765336527.303193,1765336347,0.316116,0.000333,0.000000,0.000000,0.000000,0.000000,0.000000,0.000000
12.049754,1765336527.323039,1765336347,0.316116,0.000333,0.000000,0.000000,0.000000,0.000000,0.000000,0.000000
12.069793,1765336527.343090,1765336347,0.316116,0.000333,0.000000,0.000000,0.000000,0.000000,0.000000,0.000000
12.089853,1765336527.363182,1765336347,0.316116,0.000333,0.000000,0.000000,0.000000,0.000000,0.000000,-0.344366
12.109858,1765336527.383186,1765336347,0.316116,0.000333,0.000000,0.000000,0.000000,0.000000,0.000000,-0.344366
12.129867,1765336527.403195,1765336347,0.316116,0.000333,0.000000,0.000000,0.000000,0.000000,0.000000,-0.344366
12.149861,1765336527.423182,1765336347,0.316116,0.000333,0.000000,0.000000,0.000000,0.000000,0.000000,-0.344366
12.169884,1765336527.443213,1765336347,0.316116,0.000333,0.000000,0.000000,0.000000,0.000000,0.000000,0.344366
12.189893,1765336527.463221,1765336347,0.316116,0.000333,0.000000,0.000000,0.000000,0.000000,0.000000,-0.344366
12.209903,1765336527.483231,1765336347,0.316116,0.000333,0.000000,0.000000,0.000000,0.000000,0.000000,0.344366
12.229911,1765336527.503239,1765336347,0.316116,0.000333,0.000000,0.000000,0.000000,0.000000,0.000000,-0.344366
12.249920,1765336527.523249,1765336347,0.316116,0.000333,0.000000,0.000000,0.000000,0.000000,0.000000,0.344366
12.269929,1765336527.543257,1765336347,0.316116,0.000333,0.000000,0.000000,0.000000,0.000000,0.000000,0.000000
12.289850,1765336527.563141,1765336347,0.316116,0.000333,0.000000,0.000000,0.000000,0.000000,0.000000,0.000000
12.309941,1765336527.583269,1765336347,0.316116,0.000333,0.000000,0.000000,0.000000,0.000000,0.000000,0.000000
12.329975,1765336527.603334,1765336347,0.316116,0.000333,0.000000,0.000000,0.000000,0.000000,0.000000,0.344366
12.349957,1765336527.623316,1765336347,0.316116,0.000333,0.000000,0.000000,0.000000,0.000000,-0.688732,-0.344366
12.369966,1765336527.643324,1765336347,0.316116,0.000333,0.000000,0.000000,0.000000,0.000000,0.000000,-0.344366
12.389974,1765336527.663335,1765336347,0.316116,0.000333,0.000000,0.000000,0.000000,0.000000,0.000000,0.000000
12.409983,1765336527.683343,1765336347,0.316116,0.000333,0.000000,0.000000,0.000000,0.000000,0.000000,0.344366
12.429991,1765336527.703351,1765336347,0.316116,0.000333,0.000000,0.000000,0.000000,0.000000,0.000000,0.344366
12.450000,1765336527.723355,1765336347,0.316116,0.000333,0.000000,0.000000,0.000000,0.000000,0.000000,0.000000
12.470009,1765336527.743371,1765336347,0.316116,0.000333,0.000000,0.000000,0.000000,0.000000,0.000000,0.000000
12.490047,1765336527.763379,1765336347,0.316116,0.000333,0.000000,0.000000,0.000000,0.000000,0.000000,0.000000
12.510056,1765336527.783388,1765336347,0.316116,0.000333,0.000000,0.000000,0.000000,0.000000,0.000000,0.000000
12.530067,1765336527.803398,1765336347,0.316116,0.000333,0.000000,0.000000,0.000000,0.000000,0.000000,0.344366
12.550074,1765336527.823404,1765336347,0.316116,0.000333,0.000000,0.000000,0.000000,0.000000,0.000000,0.000000
12.570056,1765336527.843378,1765336347,0.316116,0.000333,0.000000,0.000000,0.000000,0.000000,0.000000,-0.344366
12.590113,1765336527.863445,1765336347,0.316116,0.000333,0.000000,0.000000,0.000000,0.000000,0.000000,-0.344366
12.610097,1765336527.883427,1765336347,0.316116,0.000333,0.000000,0.000000,0.000000,0.000000,0.000000,0.000000
12.630100,1765336527.903430,1765336347,0.316116,0.000333,0.000000,0.000000,0.000000,0.000000,0.000000,0.344366
12.650164,1765336527.923524,1765336347,0.316116,0.000333,0.000000,0.000000,0.000000,0.000000,0.000000,0.344366
12.670150,1765336527.943496,1765336347,0.316116,0.000333,0.000000,0.000000,0.000000,0.000000,0.000000,0.000000
12.690130,1765336527.963459,1765336347,0.316116,0.000333,0.000000,0.000000,0.000000,0.000000,0.000000,-0.344366
12.710145,1765336527.983475,1765336347,0.316116,0.000333,0.000000,0.000000,0.000000,0.000000,0.000000,0.000000
12.730185,1765336528.003531,1765336347,0.316116,0.000333,0.000000,0.000000,0.000000,0.000000,-0.344366,0.344366
12.750218,1765336528.023578,1765336347,0.316116,0.000333,0.000000,0.000000,0.000000,0.000000,0.000000,0.000000
12.770207,1765336528.043552,1765336347,0.316116,0.000333,0.000000,0.000000,0.000000,0.000000,0.000000,0.344366
12.790202,1765336528.063538,1765336347,0.316116,0.000333,0.000000,0.000000,0.000000,0.000000,-0.688732,-0.344366
12.810251,1765336528.083611,1765336347,0.316116,0.000333,0.000000,0.000000,0.000000,0.000000,0.000000,0.000000
12.830263,1765336528.103623,1765336347,0.316116,0.000333,0.000000,0.000000,0.000000,0.000000,0.000000,-0.344366
12.850313,1765336528.123676,1765336347,0.316116,0.000333,0.000000,0.000000,0.000000,0.000000,0.000000,-0.344366
12.870289,1765336528.143649,1765336347,0.316116,0.000333,0.000000,0.000000,0.000000,0.000000,0.000000,0.000000
12.890279,1765336528.163625,1765336347,0.316116,0.000333,0.000000,0.000000,0.000000,0.000000,0.000000,-0.344366
12.910289,1765336528.183636,1765336347,0.316116,0.000333,0.000000,0.000000,0.000000,0.000000,0.000000,-0.344366
12.930284,1765336528.203620,1765336347,0.316116,0.000333,0.000000,0.000000,0.000000,0.000000,0.000000,0.344366
12.950295,1765336528.223632,1765336347,0.316116,0.000333,0.000000,0.000000,0.000000,0.000000,0.000000,0.344366
12.970306,1765336528.243642,1765336347,0.316116,0.000333,0.000000,0.000000,0.000000,0.000000,0.000000,-0.344366
12.990315,1765336528.263651,1765336347,0.316116,0.000333,0.000000,0.000000,0.000000,0.000000,0.000000,-0.344366
13.010326,1765336528.283662,1765336347,0.316116,0.000333,0.000000,0.000000,0.000000,0.000000,0.000000,0.000000
13.030336,1765336528.303672,1765336347,0.316116,0.000333,0.000000,0.000000,0.000000,0.000000,0.000000,0.344366
13.050248,1765336528.323532,1765336347,0.316116,0.000333,0.000000,0.000000,0.000000,0.000000,0.000000,-0.344366
13.070285,1765336528.343586,1765336347,0.316116,0.000333,0.000000,0.000000,0.000000,0.000000,0.000000,-0.344366
13.090314,1765336528.363625,1765336347,0.316116,0.000333,0.000000,0.000000,0.000000,0.000000,0.000000,0.344366
13.110438,1765336528.383801,1765336347,0.316116,0.000333,0.000000,0.000000,0.000000,0.000000,0.000000,0.000000
13.130312,1765336528.403628,1765336347,0.316116,0.000333,0.000000,0.000000,0.000000,0.000000,0.000000,0.344366
13.150350,1765336528.423660,1765336347,0.316116,0.000333,0.000000,0.000000,0.000000,0.000000,0.000000,-0.344366
13.170487,1765336528.443847,1765336347,0.316116,0.000333,0.000000,0.000000,0.000000,0.000000,0.000000,0.344366
13.190501,1765336528.463860,1765336347,0.316116,0.000333,0.000000,0.000000,0.000000,0.000000,0.000000,-1.033098
13.210488,1765336528.483834,1765336347,0.316116,0.000333,0.000000,0.000000,0.000000,0.000000,0.000000,0.000000
13.230500,1765336528.503846,1765336347,0.316116,0.000333,0.000000,0.000000,0.000000,0.000000,0.000000,0.344366
13.250494,1765336528.523830,1765336347,0.316116,0.000333,0.000000,0.000000,0.000000,0.000000,0.000000,-0.344366
13.270471,1765336528.543790,1765336347,0.316116,0.000333,0.000000,0.000000,0.000000,0.000000,0.000000,0.000000
13.290591,1765336528.563951,1765336347,0.316116,0.000333,0.000000,0.000000,0.000000,0.000000,0.000000,-0.344366
13.310604,1765336528.583963,1765336347,0.316116,0.000333,0.000000,0.000000,0.000000,0.000000,0.000000,-0.344366
13.330592,1765336528.603937,1765336347,0.316116,0.000333,0.000000,0.000000,0.000000,0.000000,0.000000,-0.344366
13.350585,1765336528.623921,1765336347,0.316116,0.000333,0.000000,0.000000,0.000000,0.000000,0.000000,0.344366
13.370621,1765336528.643960,1765336347,0.316116,0.000333,0.000000,0.000000,0.000000,0.000000,0.000000,0.344366
13.390605,1765336528.663941,1765336347,0.316116,0.000333,0.000000,0.000000,0.000000,0.000000,0.000000,0.000000
13.410615,1765336528.683950,1765336347,0.316116,0.000333,0.000000,0.000000,0.000000,0.000000,0.000000,0.344366
13.430624,1765336528.703960,1765336347,0.316116,0.000333,0.000000,0.000000,0.000000,0.000000,0.000000,-0.344366
13.450634,1765336528.723970,1765336347,0.316116,0.000333,0.000000,0.000000,0.000000,0.000000,0.000000,0.000000
13.470644,1765336528.743980,1765336347,0.316116,0.000333,0.000000,0.000000,0.000000,0.000000,0.000000,-0.344366
13.490654,1765336528.763989,1765336347,0.316116,0.000333,0.000000,0.000000,0.000000,0.000000,0.000000,-0.344366
13.510663,1765336528.783999,1765336347,0.316116,0.000333,0.000000,0.000000,0.000000,0.000000,0.000000,-0.344366
13.530673,1765336528.804010,1765336347,0.316116,0.000333,0.000000,0.000000,0.000000,0.000000,0.000000,0.000000
13.550599,1765336528.823900,1765336347,0.316116,0.000333,0.000000,0.000000,0.000000,0.000000,0.000000,-0.344366
13.570692,1765336528.844028,1765336347,0.316116,0.000333,0.000000,0.000000,0.000000,0.000000,0.000000,0.344366
13.590701,1765336528.864037,1765336347,0.316116,0.000333,0.000000,0.000000,0.000000,0.000000,0.000000,0.000000
13.610712,1765336528.884047,1765336347,0.316116,0.000333,0.000000,0.000000,0.000000,0.000000,0.000000,-0.344366
13.630750,1765336528.904088,1765336347,0.316116,0.000333,0.000000,0.000000,0.000000,0.000000,0.000000,0.000000
13.650732,1765336528.924067,1765336347,0.316116,0.000333,0.000000,0.000000,0.000000,0.000000,0.000000,0.344366
13.670742,1765336528.944077,1765336347,0.316116,0.000333,0.000000,0.000000,0.000000,0.000000,-0.688732,0.000000
13.690752,1765336528.964087,1765336347,0.316116,0.000333,0.000000,0.000000,0.000000,0.000000,0.000000,0.000000
13.710801,1765336528.984161,1765336347,0.316116,0.000333,0.000000,0.000000,0.000000,0.000000,0.000000,0.344366
13.730815,1765336529.004175,1765336347,0.316116,0.000333,0.000000,0.000000,0.000000,0.000000,0.000000,0.000000
13.750804,1765336529.024151,1765336347,0.316116,0.000333,0.000000,0.000000,0.000000,0.000000,0.000000,-0.344366
13.770759,1765336529.044072,1765336347,0.316116,0.000333,0.000000,0.000000,0.000000,0.000000,0.000000,-0.344366
13.790769,1765336529.064089,1765336347,0.316116,0.000333,0.000000,0.000000,0.000000,0.000000,0.000000,0.344366
13.810790,1765336529.084109,1765336347,0.316116,0.000333,0.000000,0.000000,0.000000,0.000000,0.000000,0.344366
13.830813,1765336529.104140,1765336347,0.316116,0.000333,0.000000,0.000000,0.000000,0.000000,0.000000,0.344366
13.850917,1765336529.124277,1765336347,0.316116,0.000333,0.000000,0.000000,0.000000,0.000000,0.000000,0.000000
13.870906,1765336529.144252,1765336347,0.316116,0.000333,0.000000,0.000000,0.000000,0.000000,0.000000,-0.344366
13.890893,1765336529.164216,1765336347,0.316116,0.000333,0.000000,0.000000,0.000000,0.000000,0.000000,0.344366
13.910896,1765336529.184223,1765336347,0.316116,0.000333,0.000000,0.000000,0.000000,0.000000,0.000000,0.344366
13.930890,1765336529.204211,1765336347,0.316116,0.000333,0.000000,0.000000,0.000000,0.000000,0.000000,-0.344366
13.950912,1765336529.224240,1765336347,0.316116,0.000333,0.000000,0.000000,0.000000,0.000000,0.000000,-0.344366
13.970922,1765336529.244250,1765336347,0.316116,0.000333,0.000000,0.000000,0.000000,0.000000,0.000000,-0.344366
13.990937,1765336529.264333,1765336347,0.316116,0.000333,0.000000,0.000000,0.000000,0.000000,0.000000,0.000000
14.010995,1765336529.284399,1765336347,0.316116,0.000333,0.000000,0.000000,0.000000,0.000000,0.000000,0.000000
14.030984,1765336529.304367,1765336347,0.316116,0.000333,0.000000,0.000000,0.000000,0.000000,0.000000,0.000000
14.050860,1765336529.324134,1765336347,0.316116,0.000333,0.000000,0.000000,0.000000,0.000000,0.000000,-0.344366
14.070868,1765336529.344146,1765336347,0.316116,0.000333,0.000000,0.000000,0.000000,0.000000,0.000000,0.344366
14.090878,1765336529.364168,1765336347,0.316116,0.000333,0.000000,0.000000,0.000000,0.000000,0.000000,0.344366
14.110896,1765336529.384182,1765336347,0.316116,0.000333,0.000000,0.000000,0.000000,0.000000,0.000000,-0.344366
14.130898,1765336529.404189,1765336347,0.316116,0.000333,0.000000,0.000000,0.000000,0.000000,0.000000,-0.344366
14.150928,1765336529.424222,1765336347,0.316116,0.000333,0.000000,0.000000,0.000000,0.000000,0.000000,0.000000
14.170934,1765336529.444234,1765336347,0.316116,0.000333,0.000000,0.000000,0.000000,0.000000,0.000000,-0.344366
14.190942,1765336529.464241,1765336347,0.316116,0.000333,0.000000,0.000000,0.000000,0.000000,0.000000,-0.344366
14.210953,1765336529.484258,1765336347,0.316116,0.000333,0.000000,0.000000,0.000000,0.000000,0.000000,0.344366
14.230960,1765336529.504265,1765336347,0.316116,0.000333,0.000000,0.000000,0.000000,0.000000,0.000000,0.344366
14.250967,1765336529.524272,1765336347,0.316116,0.000333,0.000000,0.000000,0.000000,0.000000,0.000000,-0.344366
14.270973,1765336529.544278,1765336347,0.316116,0.000333,0.000000,0.000000,0.000000,0.000000,0.000000,-0.344366
14.291095,1765336529.564434,1765336347,0.316116,0.000333,0.000000,0.000000,0.000000,0.000000,0.000000,-0.344366
14.311153,1765336529.584514,1765336347,0.316116,0.000333,0.000000,0.000000,0.000000,0.000000,0.000000,0.000000
14.331136,1765336529.604482,1765336347,0.316116,0.000333,0.000000,0.000000,0.000000,0.000000,0.000000,-0.344366
14.351126,1765336529.624463,1765336347,0.316116,0.000333,0.000000,0.000000,0.000000,0.000000,0.000000,0.344366
14.371138,1765336529.644474,1765336347,0.316116,0.000333,0.000000,0.000000,0.000000,0.000000,0.000000,-0.344366
14.391146,1765336529.664483,1765336347,0.316116,0.000333,0.000000,0.000000,0.000000,0.000000,0.000000,-0.344366
14.411110,1765336529.684432,1765336347,0.316116,0.000333,0.000000,0.000000,0.000000,0.000000,0.000000,-0.344366
14.431212,1765336529.704573,1765336347,0.316116,0.000333,0.000000,0.000000,0.000000,0.000000,0.000000,0.000000
14.451226,1765336529.724585,1765336347,0.316116,0.000333,0.000000,0.000000,0.000000,0.000000,0.000000,0.344366
14.471237,1765336529.744596,1765336347,0.316116,0.000333,0.000000,0.000000,0.000000,0.000000,0.000000,0.344366
14.491465,1765336529.764845,1765336347,0.316116,0.000333,0.000000,0.000000,0.000000,0.000000,0.000000,0.344366
14.511239,1765336529.784585,1765336347,0.316116,0.000333,0.000000,0.000000,0.000000,0.000000,0.000000,-0.344366
14.531234,1765336529.804569,1765336347,0.316116,0.000333,0.000000,0.000000,0.000000,0.000000,0.000000,0.000000
14.551243,1765336529.824579,1765336347,0.316116,0.000333,0.000000,0.000000,0.000000,0.000000,0.000000,-0.344366
14.571253,1765336529.844589,1765336347,0.316116,0.000333,0.000000,0.000000,0.000000,0.000000,0.000000,0.344366
14.591264,1765336529.864601,1765336347,0.316116,0.000333,0.000000,0.000000,0.000000,0.000000,0.000000,0.344366
14.611273,1765336529.884609,1765336347,0.316116,0.000333,0.000000,0.000000,0.000000,0.000000,0.000000,-0.344366
14.631283,1765336529.904619,1765336347,0.316116,0.000333,0.000000,0.000000,0.000000,0.000000,-0.344366,0.344366
14.651294,1765336529.924629,1765336347,0.316116,0.000333,0.000000,0.000000,0.000000,0.000000,0.000000,0.000000
14.671332,1765336529.944670,1765336347,0.316116,0.000333,0.000000,0.000000,0.000000,0.000000,0.000000,-0.344366
14.691312,1765336529.964648,1765336347,0.316116,0.000333,0.000000,0.000000,0.000000,0.000000,0.000000,0.344366
14.711311,1765336529.984638,1765336347,0.316116,0.000333,0.000000,0.000000,0.000000,0.000000,0.000000,0.000000
14.731331,1765336530.004667,1765336347,0.316116,0.000333,0.000000,0.000000,0.000000,0.000000,0.000000,0.344366
14.751341,1765336530.024676,1765336347,0.316116,0.000333,0.000000,0.000000,0.000000,0.000000,0.000000,-0.344366
14.771351,1765336530.044687,1765336347,0.316116,0.000333,0.000000,0.000000,0.000000,0.000000,-0.344366,0.344366
14.791360,1765336530.064696,1765336347,0.316116,0.000333,0.000000,0.000000,0.000000,0.000000,0.000000,-0.344366
14.811371,1765336530.084706,1765336347,0.316116,0.000333,0.000944,0.000000,0.000000,0.000000,0.000000,0.344366
14.831380,1765336530.104716,1765336347,0.316116,0.000333,0.000000,0.000000,0.000000,0.000000,0.000000,0.344366
14.851390,1765336530.124726,1765336347,0.316116,0.000333,0.000000,0.000000,0.000000,0.000000,0.000000,-0.344366
14.871387,1765336530.144716,1765336347,0.316116,0.000333,0.000000,0.000000,0.000000,0.000000,0.000000,-0.344366
14.891408,1765336530.164744,1765336347,0.316116,0.000333,0.000000,0.000000,0.000000,0.000000,0.000000,0.000000
14.911418,1765336530.184754,1765336347,0.316116,0.000333,0.000000,0.000000,0.000000,0.000000,0.000000,0.344366
14.931455,1765336530.204794,1765336347,0.316116,0.000333,0.000000,0.000000,0.000000,0.000000,0.000000,0.000000
14.951439,1765336530.224775,1765336347,0.316116,0.000333,0.000000,0.000000,0.000000,0.000000,0.000000,-0.344366
14.971449,1765336530.244785,1765336347,0.316116,0.000333,0.000000,0.000000,0.000000,0.000000,0.000000,0.344366
14.991459,1765336530.264795,1765336347,0.316116,0.000333,0.000000,0.000000,0.000000,0.000000,0.000000,0.000000
15.011470,1765336530.284805,1765336347,0.316116,0.000333,0.000000,0.000000,0.000000,0.000000,0.000000,0.344366
15.031478,1765336530.304812,1765336347,0.316116,0.000333,0.000000,0.000000,0.000000,0.000000,0.000000,0.000000
15.051548,1765336530.324866,1765336347,0.316116,0.000333,0.000000,0.000000,0.000000,0.000000,0.000000,-0.344366
15.071446,1765336530.344759,1765336347,0.316116,0.000333,0.000000,0.000000,0.000000,0.000000,0.000000,-0.344366
15.091454,1765336530.364772,1765336347,0.316116,0.000333,0.000000,0.000000,0.000000,0.000000,0.000000,-0.344366
15.111553,1765336530.384914,1765336347,0.316116,0.000333,0.000000,0.000000,0.000000,0.000000,0.000000,0.344366
15.131544,1765336530.404890,1765336347,0.316116,0.000333,0.000000,0.000000,0.000000,0.000000,0.000000,0.344366
15.151572,1765336530.424932,1765336347,0.316116,0.000333,0.000000,0.000000,0.000000,0.000000,-0.344366,-0.344366
15.171585,1765336530.444944,1765336347,0.316116,0.000333,0.000000,0.000000,0.000000,0.000000,0.000000,-0.344366
15.191636,1765336530.464999,1765336347,0.316116,0.000333,0.000000,0.000000,0.000000,0.000000,0.000000,0.344366
15.211613,1765336530.484974,1765336347,0.316116,0.000333,0.000000,0.000000,0.000000,0.000000,0.000000,-0.344366
15.231626,1765336530.504985,1765336347,0.316116,0.000333,0.000000,0.000000,0.000000,0.000000,0.000000,-0.344366
15.251530,1765336530.524848,1765336347,0.316116,0.000333,0.000000,0.000000,0.000000,0.000000,0.000000,0.000000
15.271582,1765336530.544901,1765336347,0.316116,0.000333,0.000000,0.000000,0.000000,0.000000,0.000000,0.000000
15.291591,1765336530.564909,1765336347,0.316116,0.000333,0.000000,0.000000,0.000000,0.000000,0.000000,0.000000
15.311709,1765336530.585068,1765336347,0.316116,0.000333,0.000000,0.000000,0.000000,0.000000,0.000000,-0.344366
15.331722,1765336530.605081,1765336347,0.316116,0.000333,0.000000,0.000000,0.000000,0.000000,0.000000,0.000000
15.351710,1765336530.625057,1765336347,0.316116,0.000333,0.000000,0.000000,0.000000,0.000000,0.000000,-0.344366
15.371722,1765336530.645067,1765336347,0.316116,0.000333,0.000000,0.000000,0.000000,0.000000,0.000000,0.344366
15.391732,1765336530.665078,1765336347,0.316116,0.000333,0.000039,0.000000,0.000000,0.000000,0.000000,-0.344366
15.411727,1765336530.685063,1765336347,0.316116,0.000333,0.000000,0.000000,0.000000,0.000000,0.000000,-0.344366
15.431736,1765336530.705072,1765336347,0.316116,0.000333,0.000000,0.000000,0.000000,0.000000,0.000000,-0.344366
15.451774,1765336530.725112,1765336347,0.316116,0.000333,0.000000,0.000000,0.000000,0.000000,-0.344366,-0.344366
15.471756,1765336530.745091,1765336347,0.316116,0.000333,0.000000,0.000000,0.000000,0.000000,0.000000,0.000000
15.491765,1765336530.765101,1765336347,0.316116,0.000333,0.000000,0.000000,0.000000,0.000000,0.000000,0.344366
15.511763,1765336530.785091,1765336347,0.316116,0.000333,0.000000,0.000000,0.000000,0.000000,0.000000,-0.344366
15.531784,1765336530.805119,1765336347,0.316112,0.000333,-0.000945,0.000000,0.000000,0.000000,0.000000,0.344366
15.551794,1765336530.825131,1765336347,0.316116,0.000333,0.000000,0.000000,0.000000,0.000000,0.000000,-0.344366
15.571802,1765336530.845138,1765336347,0.316116,0.000333,0.000000,0.000000,0.000000,0.000000,0.000000,-0.344366
15.591813,1765336530.865149,1765336347,0.316116,0.000333,0.000000,0.000000,0.000000,0.000000,0.000000,0.000000
15.611822,1765336530.885157,1765336347,0.316116,0.000333,0.000054,0.000000,0.000000,0.000000,0.000000,-0.344366
15.631832,1765336530.905167,1765336347,0.316116,0.000333,0.000000,0.000000,0.000000,0.000000,0.000000,0.000000
15.651830,1765336530.925158,1765336347,0.316116,0.000333,0.000000,0.000000,0.000000,0.000000,0.000000,0.344366
15.671838,1765336530.945166,1765336347,0.316116,0.000333,0.000000,0.000000,0.000000,0.000000,0.000000,0.000000
15.691847,1765336530.965175,1765336347,0.316116,0.000333,0.000000,0.000000,0.000000,0.000000,0.000000,-0.344366
15.711879,1765336530.985210,1765336347,0.316112,0.000333,-0.000500,0.000000,0.000000,0.000000,0.000000,0.000000
15.731866,1765336531.005194,1765336347,0.316116,0.000333,0.000000,0.000000,0.000000,0.000000,0.000000,0.344366
15.751875,1765336531.025203,1765336347,0.316116,0.000333,0.000000,0.000000,0.000000,0.000000,0.000000,0.344366
15.771885,1765336531.045213,1765336347,0.316112,0.000333,-0.000946,0.000000,0.000000,0.000000,0.000000,-0.344366
15.791893,1765336531.065222,1765336347,0.316116,0.000333,0.000000,0.000000,0.000000,0.000000,0.000000,0.344366
15.811901,1765336531.085228,1765336347,0.316112,0.000333,-0.000942,0.000000,0.000000,0.000000,0.000000,0.344366
15.831911,1765336531.105240,1765336347,0.316116,0.000333,0.000000,0.000000,0.000000,0.000000,0.000000,-0.344366
15.851918,1765336531.125247,1765336347,0.316112,0.000333,-0.000904,0.000000,0.000000,0.000000,0.000000,0.000000
15.871928,1765336531.145255,1765336347,0.316116,0.000333,0.000946,0.000000,0.000000,0.000000,0.000000,0.344366
15.891922,1765336531.165243,1765336347,0.316112,0.000333,0.000020,0.000000,0.000000,0.000000,0.000000,0.000000
15.911918,1765336531.185233,1765336347,0.316112,0.000333,-0.000946,0.000000,0.000000,0.000000,0.000000,0.344366
15.931936,1765336531.205258,1765336347,0.316112,0.000333,-0.000946,0.000000,0.000000,0.000000,0.000000,0.344366
15.951959,1765336531.225322,1765336347,0.316116,0.000333,0.000946,0.000000,0.000000,0.000000,0.000000,-0.344366
15.971994,1765336531.245356,1765336347,0.316116,0.000333,0.000074,0.000000,0.000000,0.000000,0.000000,0.000000
15.991977,1765336531.265336,1765336347,0.316116,0.000333,0.000264,0.000000,0.000000,0.000000,0.000000,0.000000
16.011936,1765336531.285246,1765336347,0.316112,0.000333,-0.000907,0.000000,0.000000,0.000000,0.000000,0.344366
16.031966,1765336531.305297,1765336347,0.316116,0.000333,0.000003,0.000000,0.000000,0.000000,0.000000,0.000000
16.051996,1765336531.325362,1765336347,0.316112,0.000333,-0.000920,0.000000,0.000000,0.000000,0.000000,0.344366
16.071961,1765336531.345250,1765336347,0.316116,0.000333,0.000000,0.000000,0.000000,0.000000,0.000000,-0.344366
16.091990,1765336531.365314,1765336347,0.316116,0.000333,0.000861,0.000000,0.000000,0.000000,0.000000,0.344366
16.112033,1765336531.385511,1765336347,0.316116,0.000333,0.000000,0.000000,0.000000,0.000000,0.000000,0.344366
16.132144,1765336531.405504,1765336347,0.316116,0.000333,0.000939,0.000000,0.000000,0.000000,0.000000,-0.344366
16.152129,1765336531.425476,1765336347,0.316116,0.000333,0.000935,0.000000,0.000000,0.000000,0.000000,0.344366
16.172169,1765336531.445529,1765336347,0.316112,0.000333,-0.000054,0.000000,0.000000,0.000000,0.000000,0.000000
16.192146,1765336531.465493,1765336347,0.316116,0.000333,0.000000,0.000000,0.000000,0.000000,0.000000,-0.344366
16.212169,1765336531.485515,1765336347,0.316116,0.000333,0.000000,0.000000,0.000000,0.000000,0.000000,-0.344366
16.232137,1765336531.505461,1765336347,0.316112,0.000333,-0.000945,0.000000,0.000000,0.000000,0.000000,0.000000
16.252034,1765336531.525312,1765336347,0.316116,0.000333,0.000946,0.000000,0.000000,0.000000,0.000000,-0.344366
16.272125,1765336531.545447,1765336347,0.316116,0.000333,0.000000,0.000000,0.000000,0.000000,0.000000,-0.344366
16.292176,1765336531.565522,1765336347,0.316116,0.000333,0.000000,0.000000,0.000000,0.000000,0.000000,0.344366
16.312170,1765336531.585506,1765336347,0.316112,0.000333,-0.000661,0.000000,0.000000,0.000000,0.000000,-0.344366
16.332180,1765336531.605516,1765336347,0.316116,0.000333,0.000733,0.000000,0.000000,0.000000,0.000000,-0.344366
16.352190,1765336531.625526,1765336347,0.316116,0.000333,0.000000,0.000000,0.000000,0.000000,0.000000,0.000000
16.372187,1765336531.645516,1765336347,0.316116,0.000333,0.000000,0.000000,0.000000,0.000000,0.000000,-0.344366
16.392181,1765336531.665501,1765336347,0.316112,0.000333,-0.000946,0.000000,0.000000,0.000000,0.000000,-0.344366
16.412204,1765336531.685532,1765336347,0.316112,0.000333,0.000000,0.000000,0.000000,0.000000,0.000000,-0.344366
16.432213,1765336531.705542,1765336347,0.316112,0.000333,0.000020,0.000000,0.000000,0.000000,0.000000,0.000000
16.452221,1765336531.725550,1765336347,0.316112,0.000333,0.000019,0.000000,0.000000,0.000000,0.000000,0.344366
16.472232,1765336531.745561,1765336347,0.316112,0.000333,-0.000925,0.000000,0.000000,0.000000,0.000000,0.000000
16.492249,1765336531.765572,1765336347,0.316116,0.000333,0.000500,0.000000,0.000000,0.000000,0.000000,-0.344366
16.512249,1765336531.785577,1765336347,0.316116,0.000333,0.000945,0.000000,0.000000,0.000000,0.000000,0.344366
16.532259,1765336531.805587,1765336347,0.316116,0.000333,0.000499,0.000000,0.000000,0.000000,0.000000,0.344366
16.552279,1765336531.825616,1765336347,0.316112,0.000333,-0.000417,0.000000,0.000000,0.000000,0.000000,-0.344366
16.572277,1765336531.845606,1765336347,0.316116,0.000333,0.000943,0.000000,0.000000,0.000000,0.000000,0.000000
16.592339,1765336531.865700,1765336347,0.316116,0.000333,0.000945,0.000000,0.000000,0.000000,0.000000,0.000000
16.612248,1765336531.885568,1765336347,0.316116,0.000333,0.000871,0.000000,0.000000,0.000000,0.000000,-0.344366
16.632364,1765336531.905725,1765336347,0.316112,0.000333,-0.000934,0.000000,0.000000,0.000000,0.000000,-0.344366
16.652376,1765336531.925736,1765336347,0.316116,0.000333,-0.000446,0.000000,0.000000,0.000000,0.000000,0.344366
16.672389,1765336531.945748,1765336347,0.316112,0.000333,-0.000872,0.000000,0.000000,0.000000,0.000000,-1.033098
16.692349,1765336531.965678,1765336347,0.316112,0.000333,-0.000904,0.000000,0.000000,0.000000,-0.688732,0.000000
16.712413,1765336531.985773,1765336347,0.316112,0.000333,-0.000946,0.000000,0.000000,0.000000,0.000000,0.000000
16.732311,1765336532.005620,1765336347,0.316116,0.000333,0.000264,0.000000,0.000000,0.000000,0.000000,-0.344366
16.752419,1765336532.025758,1765336347,0.316112,0.000333,-0.000946,0.000000,0.000000,0.000000,0.000000,0.000000
16.772405,1765336532.045741,1765336347,0.316112,0.000333,-0.000011,0.000000,0.000000,0.000000,0.000000,0.344366
16.792400,1765336532.065727,1765336347,0.316112,0.000333,0.000000,0.000000,0.000000,0.000000,0.000000,0.344366
16.812412,1765336532.085740,1765336347,0.316112,0.000333,-0.000920,0.000000,0.000000,0.000000,-0.344366,0.000000
16.832473,1765336532.105833,1765336347,0.316112,0.000333,0.000000,0.000000,0.000000,0.000000,0.000000,0.000000
16.852487,1765336532.125847,1765336347,0.316112,0.000333,-0.000940,0.000000,0.000000,0.000000,0.000000,0.000000
16.872499,1765336532.145859,1765336347,0.316112,0.000333,-0.000937,0.000000,0.000000,0.000000,0.000000,-0.344366
16.892513,1765336532.165872,1765336347,0.316112,0.000333,-0.000003,0.000000,0.000000,0.000000,0.000000,-0.344366
16.912502,1765336532.185847,1765336347,0.316116,0.000333,0.000925,0.000000,0.000000,0.000000,0.000000,0.344366
16.932446,1765336532.205811,1765336347,0.316116,0.000333,0.000679,0.000000,0.000000,0.000000,0.000000,0.344366
16.952565,1765336532.225924,1765336347,0.316112,0.000333,-0.000074,0.000000,0.000000,0.000000,0.000000,0.000000
16.972556,1765336532.245902,1765336347,0.316112,0.000333,-0.000945,0.000000,0.000000,0.000000,0.000000,-0.344366
16.992549,1765336532.265885,1765336347,0.316116,0.000333,0.000935,0.000000,0.000000,0.000000,0.000000,0.000000
17.012587,1765336532.285925,1765336347,0.316112,0.000333,0.000372,0.000000,0.000000,0.000000,0.000000,-0.344366
17.032569,1765336532.305904,1765336347,0.316112,0.000333,-0.000872,0.000000,0.000000,0.000000,0.000000,0.344366
17.052529,1765336532.325866,1765336347,0.316112,0.000333,0.000264,0.000000,0.000000,0.000000,-0.688732,0.344366
17.072492,1765336532.345778,1765336347,0.316116,0.000333,0.000945,0.000000,0.000000,0.000000,0.000000,-0.344366
17.092509,1765336532.365801,1765336347,0.316112,0.000333,-0.000000,0.000000,0.000000,0.000000,0.000000,-0.344366
17.112529,1765336532.385830,1765336347,0.316112,0.000333,0.000000,0.000000,0.000000,0.000000,0.000000,0.344366
17.132545,1765336532.405852,1765336347,0.316112,0.000333,0.000000,0.000000,0.000000,0.000000,0.000000,0.000000
17.152516,1765336532.425817,1765336347,0.316112,0.000333,-0.000806,0.000000,0.000000,0.000000,0.000000,-0.344366
17.172660,1765336532.446020,1765336347,0.316112,0.000333,-0.000946,0.000000,0.000000,0.000000,0.000000,0.000000
17.192648,1765336532.465993,1765336347,0.316112,0.000333,-0.000425,0.000000,0.000000,0.000000,0.000000,-0.344366
17.212586,1765336532.485907,1765336347,0.316116,0.000333,0.000946,0.000000,0.000000,0.000000,0.000000,0.000000
17.232721,1765336532.506081,1765336347,0.316112,0.000333,-0.000140,0.000000,0.000000,0.000000,0.000000,-0.344366
17.252733,1765336532.526092,1765336347,0.316112,0.000333,-0.000417,0.000000,0.000000,0.000000,0.000000,0.344366
17.272783,1765336532.546147,1765336347,0.316112,0.000333,-0.000001,0.000000,0.000000,0.000000,0.000000,-0.344366
17.292719,1765336532.566054,1765336347,0.316112,0.000333,0.000000,0.000000,0.000000,0.000000,0.000000,0.344366
17.312728,1765336532.586063,1765336347,0.316116,0.000333,0.000006,0.000000,0.000000,0.000000,0.000000,0.344366
17.332737,1765336532.606072,1765336347,0.316116,0.000333,0.000494,0.000000,0.000000,0.000000,0.000000,-0.344366
17.352747,1765336532.626082,1765336347,0.316112,0.000333,0.000006,0.000000,0.000000,0.000000,0.000000,0.344366
17.372757,1765336532.646092,1765336347,0.316112,0.000333,-0.000942,0.000000,0.000000,0.000000,0.000000,-0.344366
17.392767,1765336532.666102,1765336347,0.316116,0.000333,0.000946,0.000000,0.000000,0.000000,0.000000,0.344366
17.412777,1765336532.686112,1765336347,0.316112,0.000333,-0.000500,0.000000,0.000000,0.000000,0.000000,0.000000
17.432786,1765336532.706121,1765336347,0.316116,0.000333,0.000021,0.000000,0.000000,0.000000,0.000000,0.000000
17.452796,1765336532.726132,1765336347,0.316116,0.000333,0.000946,0.000000,0.000000,0.000000,0.000000,0.000000
17.472806,1765336532.746141,1765336347,0.316112,0.000333,-0.000001,0.000000,0.000000,0.000000,0.000000,-0.344366
17.492856,1765336532.766217,1765336347,0.316112,0.000333,0.000000,0.000000,0.000000,0.000000,0.000000,0.344366
17.512846,1765336532.786191,1765336347,0.316112,0.000333,-0.000945,0.000000,0.000000,0.000000,0.000000,-0.344366
17.532868,1765336532.806208,1765336347,0.316112,0.000333,0.000000,0.000000,0.000000,0.000000,0.000000,-0.344366
17.552891,1765336532.826251,1765336347,0.316112,0.000333,-0.000039,0.000000,0.000000,0.000000,0.000000,0.000000
17.572904,1765336532.846263,1765336347,0.316112,0.000333,0.000000,0.000000,0.000000,0.000000,0.000000,0.344366
17.592876,1765336532.866211,1765336347,0.316112,0.000333,0.000000,0.000000,0.000000,0.000000,0.000000,0.344366
17.612887,1765336532.886223,1765336347,0.316112,0.000333,0.000000,0.000000,0.000000,0.000000,0.000000,0.344366
17.632899,1765336532.906234,1765336347,0.316112,0.000333,0.000000,0.000000,0.000000,0.000000,-0.344366,-0.344366
17.652910,1765336532.926246,1765336347,0.316112,0.000333,0.000000,0.000000,0.000000,0.000000,0.000000,-0.344366
17.672908,1765336532.946236,1765336347,0.316116,0.000333,0.000946,0.000000,0.000000,0.000000,0.000000,-0.344366
17.692917,1765336532.966246,1765336347,0.316116,0.000333,0.000806,0.000000,0.000000,0.000000,0.000000,0.344366
17.712928,1765336532.986254,1765336347,0.316112,0.000333,0.000000,0.000000,0.000000,0.000000,0.000000,0.344366
17.732937,1765336533.006266,1765336347,0.316116,0.000333,0.000940,0.000000,0.000000,0.000000,0.000000,-0.344366
17.752947,1765336533.026275,1765336347,0.316112,0.000333,0.000000,0.000000,0.000000,0.000000,0.000000,-0.344366
17.772958,1765336533.046309,1765336347,0.316112,0.000333,0.000000,0.000000,0.000000,0.000000,0.000000,0.688732
17.792993,1765336533.066360,1765336347,0.316112,0.000333,0.000000,0.000000,0.000000,0.000000,0.000000,0.000000
17.812978,1765336533.086335,1765336347,0.316112,0.000333,0.000000,0.000000,0.000000,0.000000,0.000000,0.344366
17.832989,1765336533.106347,1765336347,0.316112,0.000333,0.000000,0.000000,0.000000,0.000000,0.000000,0.344366
17.852998,1765336533.126358,1765336347,0.316112,0.000333,0.000000,0.000000,0.000000,0.000000,0.000000,-1.033098
17.873009,1765336533.146367,1765336347,0.316112,0.000333,0.000000,0.000000,0.000000,0.000000,0.000000,0.344366
17.892963,1765336533.166294,1765336347,0.316112,0.000333,0.000000,0.000000,0.000000,0.000000,0.000000,0.344366
17.912971,1765336533.186302,1765336347,0.316112,0.000333,0.000000,0.000000,0.000000,0.000000,0.000000,-0.344366
17.932980,1765336533.206312,1765336347,0.316112,0.000333,0.000000,0.000000,0.000000,0.000000,0.000000,0.344366
17.953123,1765336533.226484,1765336347,0.316112,0.000333,0.000000,0.000000,0.000000,0.000000,0.000000,-0.344366
17.973138,1765336533.246499,1765336347,0.316112,0.000333,0.000000,0.000000,0.000000,0.000000,0.000000,0.000000
17.993133,1765336533.266478,1765336347,0.316112,0.000333,0.000000,0.000000,0.000000,0.000000,0.000000,0.344366
18.013122,1765336533.286458,1765336347,0.316112,0.000333,0.000000,0.000000,0.000000,0.000000,0.000000,-0.344366
18.033138,1765336533.306474,1765336347,0.316112,0.000333,0.000000,0.000000,0.000000,0.000000,0.000000,0.344366
18.053030,1765336533.326315,1765336347,0.316112,0.000333,0.000000,0.000000,0.000000,0.000000,-0.688732,-0.344366
18.073034,1765336533.346320,1765336347,0.316112,0.000333,0.000000,0.000000,0.000000,0.000000,0.000000,-0.344366
18.093053,1765336533.366346,1765336347,0.316112,0.000333,0.000000,0.000000,0.000000,0.000000,0.000000,0.000000
18.113052,1765336533.386344,1765336347,0.316112,0.000333,0.000000,0.000000,0.000000,0.000000,0.000000,0.000000
18.133022,1765336533.406299,1765336347,0.316112,0.000333,0.000000,0.000000,0.000000,0.000000,0.000000,0.344366
18.153040,1765336533.426323,1765336347,0.316112,0.000333,0.000000,0.000000,0.000000,0.000000,0.000000,-0.344366
18.173059,1765336533.446350,1765336347,0.316112,0.000333,0.000001,0.000000,0.000000,0.000000,0.000000,0.344366
18.193073,1765336533.466371,1765336347,0.316112,0.000333,0.000000,0.000000,0.000000,0.000000,0.000000,0.344366
18.213105,1765336533.486416,1765336347,0.316112,0.000333,-0.000946,0.000000,0.000000,0.000000,0.000000,0.344366
18.233132,1765336533.506453,1765336347,0.316112,0.000333,-0.000681,0.000000,0.000000,0.000000,0.000000,0.000000
18.253162,1765336533.526490,1765336347,0.316112,0.000333,0.000000,0.000000,0.000000,0.000000,0.000000,-0.344366
18.273184,1765336533.546520,1765336347,0.316112,0.000333,0.000000,0.000000,0.000000,0.000000,0.000000,0.344366
18.293147,1765336533.566458,1765336347,0.316112,0.000333,0.000000,0.000000,0.000000,0.000000,0.000000,-0.344366
18.313193,1765336533.586517,1765336347,0.316112,0.000333,0.000000,0.000000,0.000000,0.000000,0.000000,-0.344366
18.333197,1765336533.606525,1765336347,0.316112,0.000333,0.000000,0.000000,0.000000,0.000000,0.000000,-0.344366
18.353206,1765336533.626535,1765336347,0.316112,0.000333,0.000000,0.000000,0.000000,0.000000,0.000000,0.344366
18.373228,1765336533.646563,1765336347,0.316116,0.000333,0.000935,0.000000,0.000000,0.000000,0.000000,0.344366
18.393249,1765336533.666578,1765336347,0.316112,0.000333,0.000063,0.000000,0.000000,0.000000,0.000000,0.000000
18.413270,1765336533.686606,1765336347,0.316112,0.000333,0.000000,0.000000,0.000000,0.000000,0.000000,0.344366
18.433322,1765336533.706681,1765336347,0.316112,0.000333,0.000000,0.000000,0.000000,0.000000,0.000000,0.000000
18.453310,1765336533.726656,1765336347,0.316112,0.000333,0.000000,0.000000,0.000000,0.000000,0.000000,0.344366
18.473305,1765336533.746641,1765336347,0.316112,0.000333,0.000000,0.000000,0.000000,0.000000,0.000000,-0.344366
18.493315,1765336533.766650,1765336347,0.316112,0.000333,0.000000,0.000000,0.000000,0.000000,0.000000,0.000000
18.513313,1765336533.786641,1765336347,0.316112,0.000333,0.000000,0.000000,0.000000,0.000000,0.000000,0.344366
18.533294,1765336533.806609,1765336347,0.316112,0.000333,0.000000,0.000000,0.000000,0.000000,0.000000,0.000000
18.553328,1765336533.826656,1765336347,0.316112,0.000333,-0.000000,0.000000,0.000000,0.000000,0.000000,-0.344366
18.573427,1765336533.846790,1765336347,0.316112,0.000333,-0.000872,0.000000,0.000000,0.000000,0.000000,0.344366
18.593402,1765336533.866761,1765336347,0.316112,0.000333,0.000000,0.000000,0.000000,0.000000,0.000000,0.344366
18.613392,1765336533.886738,1765336347,0.316112,0.000333,0.000000,0.000000,0.000000,0.000000,0.000000,0.344366
18.633373,1765336533.906701,1765336347,0.316112,0.000333,0.000000,0.000000,0.000000,0.000000,0.000000,-0.344366
18.653434,1765336533.926794,1765336347,0.316112,0.000333,0.000000,0.000000,0.000000,0.000000,0.000000,0.000000
18.673448,1765336533.946808,1765336347,0.316112,0.000333,0.000000,0.000000,0.000000,0.000000,0.000000,-0.344366
18.693462,1765336533.966821,1765336347,0.316112,0.000333,0.000000,0.000000,0.000000,0.000000,0.000000,0.000000
18.713473,1765336533.986834,1765336347,0.316112,0.000333,-0.000907,0.000000,0.000000,0.000000,0.000000,0.000000
18.733447,1765336534.006783,1765336347,0.316112,0.000333,0.000000,0.000000,0.000000,0.000000,0.000000,0.000000
18.753444,1765336534.026779,1765336347,0.316112,0.000333,0.000000,0.000000,0.000000,0.000000,0.000000,-0.344366
18.773509,1765336534.046868,1765336347,0.316112,0.000333,0.000000,0.000000,0.000000,0.000000,0.000000,0.000000
18.793521,1765336534.066880,1765336347,0.316112,0.000333,0.000000,0.000000,0.000000,0.000000,0.000000,0.000000
18.813534,1765336534.086893,1765336347,0.316112,0.000333,-0.000074,0.000000,0.000000,0.000000,0.000000,0.344366
18.833552,1765336534.106902,1765336347,0.316112,0.000333,0.000000,0.000000,0.000000,0.000000,0.000000,-0.344366
18.853518,1765336534.126854,1765336347,0.316112,0.000333,0.000000,0.000000,0.000000,0.000000,0.000000,0.000000
18.873528,1765336534.146863,1765336347,0.316112,0.000333,0.000000,0.000000,0.000000,0.000000,0.000000,-0.344366
18.893537,1765336534.166872,1765336347,0.316112,0.000333,0.000259,0.000000,0.000000,0.000000,-0.688732,-0.344366
18.913546,1765336534.186882,1765336347,0.316112,0.000333,0.000000,0.000000,0.000000,0.000000,0.000000,0.344366
18.933557,1765336534.206892,1765336347,0.316112,0.000333,0.000000,0.000000,0.000000,0.000000,0.000000,-0.344366
18.953567,1765336534.226903,1765336347,0.316112,0.000333,0.000000,0.000000,0.000000,0.000000,0.000000,0.000000
18.973575,1765336534.246910,1765336347,0.316112,0.000333,0.000000,0.000000,0.000000,0.000000,0.000000,-0.344366
18.993572,1765336534.266900,1765336347,0.316112,0.000333,0.000000,0.000000,0.000000,0.000000,0.000000,0.000000
19.013594,1765336534.286930,1765336347,0.316112,0.000333,0.000000,0.000000,0.000000,0.000000,0.000000,0.344366
19.033604,1765336534.306940,1765336347,0.316112,0.000333,0.000000,0.000000,0.000000,0.000000,-0.688732,-0.344366
19.053512,1765336534.326796,1765336347,0.316112,0.000333,0.000000,0.000000,0.000000,0.000000,0.000000,0.344366
19.074584,1765336534.347903,1765336347,0.316112,0.000333,0.000000,0.000000,0.000000,0.000000,0.000000,0.000000
19.094626,1765336534.367955,1765336347,0.316112,0.000333,0.000000,0.000000,0.000000,0.000000,0.000000,-0.344366
19.114646,1765336534.387982,1765336347,0.316112,0.000333,0.000000,0.000000,0.000000,0.000000,0.000000,-0.344366
19.134657,1765336534.407992,1765336347,0.316112,0.000333,0.000000,0.000000,0.000000,0.000000,0.000000,0.344366
19.154748,1765336534.428146,1765336347,0.316112,0.000333,0.000000,0.000000,0.000000,0.000000,0.000000,-0.344366
19.174728,1765336534.448102,1765336347,0.316112,0.000333,0.000000,0.000000,0.000000,0.000000,0.000000,0.344366
19.194718,1765336534.468075,1765336347,0.316112,0.000333,0.000000,0.000000,0.000000,0.000000,0.000000,0.344366
19.214705,1765336534.488051,1765336347,0.316112,0.000333,0.000000,0.000000,0.000000,0.000000,-0.688732,0.000000
19.234716,1765336534.508060,1765336347,0.316112,0.000333,0.000000,0.000000,0.000000,0.000000,0.000000,0.000000
19.254747,1765336534.528094,1765336347,0.316112,0.000333,0.000000,0.000000,0.000000,0.000000,-0.688732,0.344366
19.274803,1765336534.548161,1765336347,0.316112,0.000333,0.000000,0.000000,0.000000,0.000000,-0.344366,0.000000
19.294764,1765336534.568114,1765336347,0.316112,0.000333,0.000000,0.000000,0.000000,0.000000,0.000000,-0.344366
19.314753,1765336534.588098,1765336347,0.316112,0.000333,0.000000,0.000000,0.000000,0.000000,0.000000,0.000000
19.334763,1765336534.608108,1765336347,0.316112,0.000333,0.000000,0.000000,0.000000,0.000000,0.000000,-0.344366
19.354774,1765336534.628114,1765336347,0.316112,0.000333,0.000000,0.000000,0.000000,0.000000,0.000000,-0.344366
19.374784,1765336534.648132,1765336347,0.316112,0.000333,0.000000,0.000000,0.000000,0.000000,0.000000,0.000000
19.394798,1765336534.668143,1765336347,0.316112,0.000333,0.000000,0.000000,0.000000,0.000000,0.000000,0.000000
19.414813,1765336534.688159,1765336347,0.316112,0.000333,0.000000,0.000000,0.000000,0.000000,0.000000,-0.344366
19.434853,1765336534.708213,1765336347,0.316112,0.000333,0.000000,0.000000,0.000000,0.000000,0.000000,0.344366
19.454756,1765336534.728076,1765336347,0.316112,0.000333,0.000000,0.000000,0.000000,0.000000,0.000000,0.000000
19.474899,1765336534.748258,1765336347,0.316112,0.000333,0.000000,0.000000,0.000000,0.000000,0.000000,0.000000
19.494889,1765336534.768235,1765336347,0.316112,0.000333,0.000000,0.000000,0.000000,0.000000,0.000000,0.344366
19.514802,1765336534.788108,1765336347,0.316112,0.000333,0.000000,0.000000,0.000000,0.000000,0.000000,-0.344366
19.534920,1765336534.808258,1765336347,0.316112,0.000333,0.000000,0.000000,0.000000,0.000000,-0.344366,0.344366
19.554838,1765336534.828166,1765336347,0.316112,0.000333,0.000000,0.000000,0.000000,0.000000,0.000000,0.000000
19.574862,1765336534.848203,1765336347,0.316112,0.000333,0.000000,0.000000,0.000000,0.000000,0.000000,0.344366
19.594871,1765336534.868211,1765336347,0.316112,0.000333,0.000000,0.000000,0.000000,0.000000,0.000000,0.344366
19.614921,1765336534.888240,1765336347,0.316112,0.000333,0.000000,0.000000,0.000000,0.000000,0.000000,0.344366
19.634910,1765336534.908230,1765336347,0.316112,0.000333,0.000000,0.000000,0.000000,0.000000,0.000000,-0.344366
19.655045,1765336534.928407,1765336347,0.316112,0.000333,0.000000,0.000000,0.000000,0.000000,0.000000,0.344366
19.674986,1765336534.948344,1765336347,0.316112,0.000333,0.000000,0.000000,0.000000,0.000000,0.000000,-0.344366
19.694996,1765336534.968354,1765336347,0.316112,0.000333,0.000000,0.000000,0.000000,0.000000,0.000000,0.344366
19.715037,1765336534.988369,1765336347,0.316112,0.000333,0.000000,0.000000,0.000000,0.000000,0.000000,-0.344366
19.735055,1765336535.008394,1765336347,0.316112,0.000333,0.000000,0.000000,0.000000,0.000000,0.000000,0.344366
19.755051,1765336535.028382,1765336347,0.316112,0.000333,0.000000,0.000000,0.000000,0.000000,0.000000,0.000000
19.774960,1765336535.048256,1765336347,0.316112,0.000333,0.000000,0.000000,0.000000,0.000000,0.000000,0.344366
19.795075,1765336535.068399,1765336347,0.316112,0.000333,0.000000,0.000000,0.000000,0.000000,0.000000,0.000000
19.815083,1765336535.088414,1765336347,0.316112,0.000333,0.000000,0.000000,0.000000,0.000000,0.000000,-0.344366
19.835093,1765336535.108423,1765336347,0.316112,0.000333,0.000000,0.000000,0.000000,0.000000,0.000000,-0.344366
19.855101,1765336535.128430,1765336347,0.316112,0.000333,0.000000,0.000000,0.000000,0.000000,0.000000,0.000000
19.875105,1765336535.148432,1765336347,0.316112,0.000333,0.000000,0.000000,0.000000,0.000000,0.000000,0.344366
19.895097,1765336535.168418,1765336347,0.316112,0.000333,0.000000,0.000000,0.000000,0.000000,0.000000,-0.344366
19.915076,1765336535.188387,1765336347,0.316112,0.000333,0.000000,0.000000,0.000000,0.000000,0.000000,-0.344366
19.935202,1765336535.208562,1765336347,0.316112,0.000333,0.000000,0.000000,0.000000,0.000000,0.000000,0.000000
19.955180,1765336535.228526,1765336347,0.316112,0.000333,0.000000,0.000000,0.000000,0.000000,0.000000,-0.344366
19.975191,1765336535.248536,1765336347,0.316112,0.000333,0.000000,0.000000,0.000000,0.000000,0.000000,-0.344366
19.995203,1765336535.268549,1765336347,0.316112,0.000333,0.000000,0.000000,0.000000,0.000000,0.000000,-0.344366
20.015114,1765336535.288419,1765336347,0.316112,0.000333,0.000000,0.000000,0.000000,0.000000,0.000000,-0.344366
20.035137,1765336535.308691,1765336347,0.316112,0.000333,0.000000,0.000000,0.000000,0.000000,0.000000,0.344366
20.055313,1765336535.328693,1765336347,0.316112,0.000333,0.000000,0.000000,0.000000,0.000000,0.000000,-0.344366
20.075401,1765336535.348813,1765336347,0.316112,0.000333,0.000000,0.000000,0.000000,0.000000,0.000000,0.000000
20.095261,1765336535.368628,1765336347,0.316112,0.000333,0.000000,0.000000,0.000000,0.000000,0.000000,-0.344366
20.115152,1765336535.388442,1765336347,0.316112,0.000333,0.000000,0.000000,0.000000,0.000000,0.000000,0.000000
20.135257,1765336535.408578,1765336347,0.316112,0.000333,0.000000,0.000000,0.000000,0.000000,0.000000,-0.344366
20.155280,1765336535.428609,1765336347,0.316112,0.000333,0.000000,0.000000,0.000000,0.000000,-0.688732,-0.344366
20.175225,1765336535.448534,1765336347,0.316112,0.000333,0.000000,0.000000,0.000000,0.000000,0.000000,0.000000
20.195246,1765336535.468567,1765336347,0.316112,0.000333,0.000000,0.000000,0.000000,0.000000,0.000000,-0.344366
20.215363,1765336535.488722,1765336347,0.316112,0.000333,0.000000,0.000000,0.000000,0.000000,0.000000,0.344366
20.235375,1765336535.508734,1765336347,0.316112,0.000333,0.000000,0.000000,0.000000,0.000000,0.000000,0.344366
20.255389,1765336535.528748,1765336347,0.316112,0.000333,0.000000,0.000000,0.000000,0.000000,0.000000,-0.344366
20.275377,1765336535.548723,1765336347,0.316112,0.000333,0.000000,0.000000,0.000000,0.000000,0.000000,0.000000
20.295388,1765336535.568734,1765336347,0.316112,0.000333,0.000000,0.000000,0.000000,0.000000,0.000000,0.344366
20.315395,1765336535.588726,1765336347,0.316112,0.000333,0.000000,0.000000,0.000000,0.000000,0.000000,-0.344366
20.335391,1765336535.608727,1765336347,0.316112,0.000333,0.000000,0.000000,0.000000,0.000000,0.000000,-0.344366
20.355400,1765336535.628735,1765336347,0.316112,0.000333,0.000000,0.000000,0.000000,0.000000,0.000000,0.000000
20.375410,1765336535.648746,1765336347,0.316112,0.000333,0.000000,0.000000,0.000000,0.000000,0.000000,0.000000
20.395420,1765336535.668756,1765336347,0.316112,0.000333,0.000000,0.000000,0.000000,0.000000,0.000000,0.000000
20.415429,1765336535.688766,1765336347,0.316112,0.000333,0.000000,0.000000,0.000000,0.000000,0.000000,-0.344366
20.435440,1765336535.708775,1765336347,0.316112,0.000333,0.000000,0.000000,0.000000,0.000000,0.000000,-0.344366
20.455492,1765336535.728852,1765336347,0.316112,0.000333,0.000000,0.000000,0.000000,0.000000,0.000000,0.344366
20.475465,1765336535.748801,1765336347,0.316112,0.000333,0.000000,0.000000,0.000000,0.000000,0.000000,0.000000
20.495475,1765336535.768810,1765336347,0.316112,0.000333,0.000000,0.000000,0.000000,0.000000,0.000000,-0.344366
20.515486,1765336535.788818,1765336347,0.316112,0.000333,0.000000,0.000000,0.000000,0.000000,0.000000,0.344366
20.535497,1765336535.808833,1765336347,0.316112,0.000333,0.000000,0.000000,0.000000,0.000000,0.000000,-0.344366
20.555508,1765336535.828844,1765336347,0.316112,0.000333,0.000000,0.000000,0.000000,0.000000,0.000000,-0.344366
20.575533,1765336535.848864,1765336347,0.316112,0.000333,0.000000,0.000000,0.000000,0.000000,0.000000,0.000000
20.595515,1765336535.868843,1765336347,0.316112,0.000333,0.000000,0.000000,0.000000,0.000000,0.000000,0.000000
20.615537,1765336535.888874,1765336347,0.316112,0.000333,0.000000,0.000000,0.000000,0.000000,0.000000,-0.344366
20.635520,1765336535.908840,1765336347,0.316112,0.000333,0.000000,0.000000,0.000000,0.000000,0.000000,0.000000
20.655547,1765336535.928875,1765336347,0.316112,0.000333,0.000000,0.000000,0.000000,0.000000,0.000000,0.000000
20.675570,1765336535.948905,1765336347,0.316112,0.000333,0.000000,0.000000,0.000000,0.000000,-0.344366,0.344366
20.695568,1765336535.968897,1765336347,0.316112,0.000333,0.000000,0.000000,0.000000,0.000000,0.000000,-0.344366
20.715524,1765336535.988844,1765336347,0.316112,0.000333,0.000000,0.000000,0.000000,0.000000,0.000000,0.000000
20.735642,1765336536.009001,1765336347,0.316112,0.000333,0.000000,0.000000,0.000000,0.000000,0.000000,-0.344366
20.755655,1765336536.029006,1765336347,0.316112,0.000333,0.000000,0.000000,0.000000,0.000000,-0.344366,-0.344366
20.775644,1765336536.048989,1765336347,0.316112,0.000333,0.000000,0.000000,0.000000,0.000000,0.000000,0.000000
20.795648,1765336536.068983,1765336347,0.316112,0.000333,0.000000,0.000000,0.000000,0.000000,0.000000,0.344366
20.815648,1765336536.088981,1765336347,0.316112,0.000333,0.000000,0.000000,0.000000,0.000000,0.000000,-0.344366
20.835682,1765336536.109021,1765336347,0.316112,0.000333,0.000000,0.000000,0.000000,0.000000,0.000000,0.344366
20.855683,1765336536.129029,1765336347,0.316112,0.000333,0.000000,0.000000,0.000000,0.000000,0.000000,0.344366
20.875720,1765336536.149080,1765336347,0.316112,0.000333,0.000000,0.000000,0.000000,0.000000,0.000000,0.000000
20.895711,1765336536.169056,1765336347,0.316112,0.000333,0.000000,0.000000,0.000000,0.000000,0.000000,0.344366
20.915703,1765336536.189035,1765336347,0.316112,0.000333,0.000000,0.000000,0.000000,0.000000,0.000000,0.000000
20.935733,1765336536.209079,1765336347,0.316112,0.000333,0.000000,0.000000,0.000000,0.000000,0.000000,0.000000
20.955765,1765336536.229125,1765336347,0.316112,0.000333,0.000000,0.000000,0.000000,0.000000,0.000000,-0.344366
20.975780,1765336536.249140,1765336347,0.316112,0.000333,0.000000,0.000000,0.000000,0.000000,-0.688732,-0.344366
20.995794,1765336536.269154,1765336347,0.316112,0.000333,0.000000,0.000000,0.000000,0.000000,0.000000,0.344366
21.015783,1765336536.289129,1765336347,0.316112,0.000333,0.000000,0.000000,0.000000,0.000000,0.000000,0.344366
21.035779,1765336536.309115,1765336347,0.316112,0.000333,0.000000,0.000000,0.000000,0.000000,0.000000,-0.344366
21.055688,1765336536.328970,1765336347,0.316112,0.000333,0.000000,0.000000,0.000000,0.000000,0.000000,0.344366
21.075707,1765336536.348997,1765336347,0.316112,0.000333,0.000000,0.000000,0.000000,0.000000,0.000000,-0.344366
21.095754,1765336536.369059,1765336347,0.316112,0.000333,0.000000,0.000000,0.000000,0.000000,0.000000,-0.344366
21.115755,1765336536.389066,1765336347,0.316112,0.000333,0.000000,0.000000,0.000000,0.000000,0.000000,-0.344366
21.135782,1765336536.409104,1765336347,0.316112,0.000333,0.000000,0.000000,0.000000,0.000000,0.000000,-0.344366
21.155806,1765336536.429134,1765336347,0.316112,0.000333,0.000000,0.000000,0.000000,0.000000,0.000000,0.344366
21.175799,1765336536.449121,1765336347,0.316112,0.000333,0.000000,0.000000,0.000000,0.000000,0.000000,0.344366
21.195813,1765336536.469134,1765336347,0.316112,0.000333,0.000000,0.000000,0.000000,0.000000,0.000000,-0.344366
21.215847,1765336536.489212,1765336347,0.316112,0.000333,0.000000,0.000000,0.000000,0.000000,0.000000,0.344366
21.235795,1765336536.509094,1765336347,0.316112,0.000333,0.000000,0.000000,0.000000,0.000000,0.000000,-0.344366
21.255758,1765336536.529038,1765336347,0.316112,0.000333,0.000000,0.000000,0.000000,0.000000,0.000000,0.000000
21.275792,1765336536.549089,1765336347,0.316112,0.000333,0.000000,0.000000,0.000000,0.000000,0.000000,0.000000
21.295816,1765336536.569123,1765336347,0.316112,0.000333,0.000000,0.000000,0.000000,0.000000,0.000000,0.344366
21.315822,1765336536.589128,1765336347,0.316112,0.000333,0.000000,0.000000,0.000000,0.000000,0.000000,0.000000
21.335849,1765336536.609165,1765336347,0.316112,0.000333,0.000000,0.000000,0.000000,0.000000,0.000000,0.344366
21.355897,1765336536.629220,1765336347,0.316112,0.000333,0.000000,0.000000,0.000000,0.000000,0.000000,0.000000
21.375870,1765336536.649190,1765336347,0.316112,0.000333,0.000000,0.000000,0.000000,0.000000,0.000000,-0.344366
21.395942,1765336536.669333,1765336347,0.316112,0.000333,0.000000,0.000000,0.000000,0.000000,0.000000,0.000000
21.415960,1765336536.689348,1765336347,0.316112,0.000333,0.000000,0.000000,0.000000,0.000000,-0.688732,-0.344366
21.435949,1765336536.709333,1765336347,0.316112,0.000333,0.000000,0.000000,0.000000,0.000000,0.000000,0.000000
21.455943,1765336536.729279,1765336347,0.316112,0.000333,0.000000,0.000000,0.000000,0.000000,0.000000,-0.344366
21.475942,1765336536.749271,1765336347,0.316112,0.000333,0.000000,0.000000,0.000000,0.000000,-0.688732,-0.344366
21.495953,1765336536.769312,1765336347,0.316112,0.000333,0.000000,0.000000,0.000000,0.000000,0.000000,0.344366
21.515889,1765336536.789191,1765336347,0.316112,0.000333,0.000000,0.000000,0.000000,0.000000,-0.344366,0.000000
21.535972,1765336536.809321,1765336347,0.316112,0.000333,0.000000,0.000000,0.000000,0.000000,0.000000,0.344366
21.555981,1765336536.829339,1765336347,0.316112,0.000333,0.000000,0.000000,0.000000,0.000000,-0.344366,-0.344366
21.575992,1765336536.849352,1765336347,0.316112,0.000333,0.000000,0.000000,0.000000,0.000000,0.000000,0.000000
21.596002,1765336536.869361,1765336347,0.316112,0.000333,0.000000,0.000000,0.000000,0.000000,0.000000,-0.344366
21.616062,1765336536.889395,1765336347,0.316112,0.000333,0.000000,0.000000,0.000000,0.000000,0.000000,0.000000
21.636044,1765336536.909376,1765336347,0.316112,0.000333,0.000000,0.000000,0.000000,0.000000,-0.344366,0.000000
21.656052,1765336536.929383,1765336347,0.316112,0.000333,0.000000,0.000000,0.000000,0.000000,0.000000,0.344366
21.676089,1765336536.949426,1765336347,0.316112,0.000333,0.000000,0.000000,0.000000,0.000000,0.000000,-0.344366
21.696081,1765336536.969410,1765336347,0.316112,0.000333,0.000000,0.000000,0.000000,0.000000,0.000000,0.344366
21.715986,1765336536.989300,1765336347,0.316112,0.000333,0.000000,0.000000,0.000000,0.000000,0.000000,0.000000
21.735987,1765336537.009293,1765336347,0.316112,0.000333,0.000000,0.000000,0.000000,0.000000,0.000000,-0.344366
21.756103,1765336537.029432,1765336347,0.316112,0.000333,0.000000,0.000000,0.000000,0.000000,0.000000,0.344366
21.776009,1765336537.049317,1765336347,0.316112,0.000333,0.000000,0.000000,0.000000,0.000000,0.000000,-0.344366
21.796049,1765336537.069368,1765336347,0.316112,0.000333,0.000000,0.000000,0.000000,0.000000,0.000000,0.344366
21.816057,1765336537.089375,1765336347,0.316112,0.000333,0.000000,0.000000,0.000000,0.000000,0.000000,0.000000
21.836065,1765336537.109383,1765336347,0.316112,0.000333,0.000000,0.000000,0.000000,0.000000,0.000000,-0.344366
21.856064,1765336537.129376,1765336347,0.316112,0.000333,0.000000,0.000000,0.000000,0.000000,0.000000,-0.344366
21.876092,1765336537.149403,1765336347,0.316112,0.000333,0.000000,0.000000,0.000000,0.000000,0.000000,-0.344366
21.896184,1765336537.169530,1765336347,0.316112,0.000333,0.000000,0.000000,0.000000,0.000000,0.000000,-0.344366
21.916216,1765336537.189578,1765336347,0.316112,0.000333,0.000000,0.000000,0.000000,0.000000,0.000000,0.000000
21.936230,1765336537.209590,1765336347,0.316112,0.000333,0.000000,0.000000,0.000000,0.000000,0.000000,0.000000
21.956218,1765336537.229565,1765336347,0.316112,0.000333,0.000000,0.000000,0.000000,0.000000,0.000000,0.000000
21.976155,1765336537.249481,1765336347,0.316112,0.000333,0.000000,0.000000,0.000000,0.000000,0.000000,0.344366
21.996265,1765336537.269624,1765336347,0.316112,0.000333,0.000000,0.000000,0.000000,0.000000,0.000000,0.000000
22.016254,1765336537.289600,1765336347,0.316112,0.000333,0.000000,0.000000,0.000000,0.000000,0.000000,-0.344366
22.036247,1765336537.309583,1765336347,0.316112,0.000333,0.000000,0.000000,0.000000,0.000000,0.000000,0.344366
22.056153,1765336537.329433,1765336347,0.316112,0.000333,0.000000,0.000000,0.000000,0.000000,0.000000,-0.344366
22.076269,1765336537.349624,1765336347,0.316112,0.000333,0.000000,0.000000,0.000000,0.000000,0.000000,-0.344366
22.096231,1765336537.369545,1765336347,0.316112,0.000333,0.000000,0.000000,0.000000,0.000000,-0.688732,-0.344366
22.116199,1765336537.389489,1765336347,0.316112,0.000333,0.000000,0.000000,0.000000,0.000000,0.000000,0.000000
22.136264,1765336537.409544,1765336347,0.316112,0.000333,0.000000,0.000000,0.000000,0.000000,0.000000,-0.344366
22.156271,1765336537.429557,1765336347,0.316112,0.000333,0.000000,0.000000,0.000000,0.000000,0.000000,-0.344366
22.176291,1765336537.449587,1765336347,0.316112,0.000333,0.000000,0.000000,0.000000,0.000000,0.000000,0.344366
22.196320,1765336537.469628,1765336347,0.316112,0.000333,0.000000,0.000000,0.000000,0.000000,0.000000,0.000000
22.216341,1765336537.489657,1765336347,0.316112,0.000333,0.000000,0.000000,0.000000,0.000000,0.000000,0.344366
22.236360,1765336537.509682,1765336347,0.316112,0.000333,0.000000,0.000000,0.000000,0.000000,0.000000,0.000000
22.256386,1765336537.529715,1765336347,0.316112,0.000333,0.000000,0.000000,0.000000,0.000000,0.000000,0.344366
22.276393,1765336537.549721,1765336347,0.316112,0.000333,0.000000,0.000000,0.000000,0.000000,0.000000,0.344366
22.296452,1765336537.569812,1765336347,0.316112,0.000333,0.000000,0.000000,0.000000,0.000000,0.000000,0.000000
22.316412,1765336537.589740,1765336347,0.316112,0.000333,0.000000,0.000000,0.000000,0.000000,0.000000,-0.344366
22.336423,1765336537.609752,1765336347,0.316112,0.000333,0.000000,0.000000,0.000000,0.000000,0.000000,-0.344366
22.356431,1765336537.629759,1765336347,0.316112,0.000333,0.000000,0.000000,0.000000,0.000000,0.000000,0.000000
22.376440,1765336537.649768,1765336347,0.316112,0.000333,0.000000,0.000000,0.000000,0.000000,0.000000,0.000000
22.396474,1765336537.669805,1765336347,0.316112,0.000333,0.000000,0.000000,0.000000,0.000000,0.000000,0.000000
22.416459,1765336537.689787,1765336347,0.316112,0.000333,0.000000,0.000000,0.000000,0.000000,0.000000,0.344366
22.436523,1765336537.709882,1765336347,0.316112,0.000333,0.000000,0.000000,0.000000,0.000000,0.000000,-0.344366
22.456535,1765336537.729895,1765336347,0.316112,0.000333,0.000000,0.000000,0.000000,0.000000,0.000000,0.344366
22.476548,1765336537.749908,1765336347,0.316112,0.000333,0.000000,0.000000,0.000000,0.000000,0.000000,-0.344366
22.496538,1765336537.769883,1765336347,0.316112,0.000333,0.000000,0.000000,0.000000,0.000000,0.000000,0.344366
22.516603,1765336537.789977,1765336347,0.316112,0.000333,0.000000,0.000000,0.000000,0.000000,0.000000,0.344366
22.536638,1765336537.809998,1765336347,0.316112,0.000333,0.000000,0.000000,0.000000,0.000000,0.000000,-0.344366
22.556650,1765336537.830010,1765336347,0.316112,0.000333,0.000000,0.000000,0.000000,0.000000,0.000000,0.344366
22.576642,1765336537.849988,1765336347,0.316112,0.000333,0.000000,0.000000,0.000000,0.000000,0.000000,0.000000
22.596675,1765336537.870034,1765336347,0.316112,0.000333,0.000000,0.000000,0.000000,0.000000,0.000000,0.000000
22.616689,1765336537.890049,1765336347,0.316112,0.000333,0.000000,0.000000,0.000000,0.000000,0.000000,0.000000
22.636681,1765336537.910027,1765336347,0.316112,0.000333,0.000000,0.000000,0.000000,0.000000,0.000000,-0.344366
22.656707,1765336537.930047,1765336347,0.316112,0.000333,0.000000,0.000000,0.000000,0.000000,0.000000,0.000000
22.676725,1765336537.950084,1765336347,0.316112,0.000333,0.000000,0.000000,0.000000,0.000000,0.000000,-0.344366
22.696738,1765336537.970097,1765336347,0.316112,0.000333,0.000000,0.000000,0.000000,0.000000,0.000000,0.000000
22.716728,1765336537.990084,1765336347,0.316112,0.000333,0.000000,0.000000,0.000000,0.000000,0.000000,0.000000
22.736710,1765336538.010038,1765336347,0.316112,0.000333,0.000000,0.000000,0.000000,0.000000,0.000000,-0.344366
22.756721,1765336538.030049,1765336347,0.316112,0.000333,0.000000,0.000000,0.000000,0.000000,0.000000,-0.344366
22.776782,1765336538.050142,1765336347,0.316112,0.000333,0.000000,0.000000,0.000000,0.000000,0.000000,0.000000
22.796771,1765336538.070116,1765336347,0.316112,0.000333,0.000000,0.000000,0.000000,0.000000,0.000000,-0.344366
22.816807,1765336538.090167,1765336347,0.316112,0.000333,0.000000,0.000000,0.000000,0.000000,0.000000,-0.344366
22.836796,1765336538.110142,1765336347,0.316112,0.000333,0.000000,0.000000,0.000000,0.000000,0.000000,0.344366
22.856789,1765336538.130125,1765336347,0.316112,0.000333,0.000000,0.000000,0.000000,0.000000,0.000000,0.000000
22.876803,1765336538.150139,1765336347,0.316112,0.000333,0.000000,0.000000,0.000000,0.000000,0.000000,0.000000
22.896853,1765336538.170213,1765336347,0.316112,0.000333,0.000000,0.000000,0.000000,0.000000,0.000000,0.000000
22.916871,1765336538.190221,1765336347,0.316112,0.000333,0.000000,0.000000,0.000000,0.000000,0.000000,-0.344366
22.936837,1765336538.210173,1765336347,0.316112,0.000333,0.000000,0.000000,0.000000,0.000000,0.000000,0.000000
22.956835,1765336538.230165,1765336347,0.316112,0.000333,0.000000,0.000000,0.000000,0.000000,0.000000,0.344366
22.976846,1765336538.250175,1765336347,0.316112,0.000333,0.000000,0.000000,0.000000,0.000000,0.000000,0.000000
22.996866,1765336538.270202,1765336347,0.316112,0.000333,0.000000,0.000000,0.000000,0.000000,1.377463,0.000000
23.016917,1765336538.290276,1765336347,0.316112,0.000333,0.000000,0.000000,0.000000,0.000000,0.000000,0.000000
23.036906,1765336538.310252,1765336347,0.316112,0.000333,0.000000,0.000000,0.000000,0.000000,0.000000,0.344366
23.056783,1765336538.330060,1765336347,0.316112,0.000333,0.000000,0.000000,0.000000,0.000000,0.000000,0.344366
23.076833,1765336538.350132,1765336347,0.316112,0.000333,0.000000,0.000000,0.000000,0.000000,0.000000,-0.344366
23.096860,1765336538.370171,1765336347,0.316112,0.000333,0.000000,0.000000,0.000000,0.000000,0.000000,0.344366
23.116876,1765336538.390192,1765336347,0.316112,0.000333,0.000000,0.000000,0.000000,0.000000,0.000000,0.000000
23.136896,1765336538.410217,1765336347,0.316112,0.000333,0.000000,0.000000,0.000000,0.000000,-0.344366,-0.344366
23.156921,1765336538.430249,1765336347,0.316112,0.000333,0.000000,0.000000,0.000000,0.000000,0.000000,-0.344366
23.176958,1765336538.450318,1765336347,0.316112,0.000333,0.000000,0.000000,0.000000,0.000000,0.000000,0.000000
23.196940,1765336538.470269,1765336347,0.316112,0.000333,0.000000,0.000000,0.000000,0.000000,0.000000,0.344366
23.216950,1765336538.490278,1765336347,0.316112,0.000333,0.000000,0.000000,0.000000,0.000000,0.000000,0.344366
23.236961,1765336538.510318,1765336347,0.316112,0.000333,0.000000,0.000000,0.000000,0.000000,0.000000,-0.344366
23.256971,1765336538.530327,1765336347,0.316112,0.000333,0.000000,0.000000,0.000000,0.000000,0.000000,-0.344366
23.276981,1765336538.550339,1765336347,0.316112,0.000333,0.000000,0.000000,0.000000,0.000000,0.000000,0.344366
23.297066,1765336538.570429,1765336347,0.316112,0.000333,0.000000,0.000000,0.000000,0.000000,0.000000,-0.344366
23.317068,1765336538.590418,1765336347,0.316112,0.000333,0.000000,0.000000,0.000000,0.000000,0.000000,0.000000
23.337001,1765336538.610344,1765336347,0.316112,0.000333,0.000000,0.000000,0.000000,0.000000,-0.688732,-0.344366
23.357042,1765336538.630367,1765336347,0.316112,0.000333,0.000000,0.000000,0.000000,0.000000,0.000000,-0.344366
23.377067,1765336538.650404,1765336347,0.316112,0.000333,0.000000,0.000000,0.000000,0.000000,0.000000,0.000000
23.397128,1765336538.670488,1765336347,0.316112,0.000333,0.000000,0.000000,0.000000,0.000000,0.000000,-0.344366
23.417119,1765336538.690465,1765336347,0.316112,0.000333,0.000000,0.000000,0.000000,0.000000,0.000000,0.344366
23.437137,1765336538.710475,1765336347,0.316112,0.000333,0.000000,0.000000,0.000000,0.000000,0.000000,0.344366
23.457104,1765336538.730434,1765336347,0.316112,0.000333,0.000000,0.000000,0.000000,0.000000,0.000000,-0.344366
23.477114,1765336538.750443,1765336347,0.316112,0.000333,0.000000,0.000000,0.000000,0.000000,2.066195,0.000000
23.497098,1765336538.770419,1765336347,0.316112,0.000333,0.000000,0.000000,0.000000,0.000000,0.000000,0.344366
23.517101,1765336538.790422,1765336347,0.316112,0.000333,0.000000,0.000000,0.000000,0.000000,0.000000,0.000000
23.537136,1765336538.810465,1765336347,0.316112,0.000333,0.000000,0.000000,0.000000,0.000000,0.000000,-0.344366
23.557120,1765336538.830441,1765336347,0.316112,0.000333,0.000000,0.000000,0.000000,0.000000,-0.344366,0.000000
23.577152,1765336538.850480,1765336347,0.316112,0.000333,0.000000,0.000000,0.000000,0.000000,0.000000,-0.344366
23.597161,1765336538.870489,1765336347,0.316112,0.000333,0.000000,0.000000,0.000000,0.000000,0.000000,0.344366
23.617169,1765336538.890497,1765336347,0.316112,0.000333,0.000000,0.000000,0.000000,0.000000,0.000000,0.344366
23.637179,1765336538.910507,1765336347,0.316112,0.000333,0.000000,0.000000,0.000000,0.000000,0.000000,0.000000
23.657201,1765336538.930536,1765336347,0.316112,0.000333,0.000000,0.000000,0.000000,0.000000,0.000000,-0.344366
23.677210,1765336538.950545,1765336347,0.316112,0.000333,0.000000,0.000000,0.000000,0.000000,0.000000,0.344366
23.697249,1765336538.970588,1765336347,0.316112,0.000333,0.000000,0.000000,0.000000,0.000000,0.000000,-0.344366
23.717217,1765336538.990546,1765336347,0.316112,0.000333,0.000000,0.000000,0.000000,0.000000,0.000000,-0.344366
23.737225,1765336539.010554,1765336347,0.316112,0.000333,0.000000,0.000000,0.000000,0.000000,0.000000,-0.344366
23.757235,1765336539.030563,1765336347,0.316112,0.000333,0.000000,0.000000,0.000000,0.000000,0.000000,0.000000
23.777258,1765336539.050594,1765336347,0.316112,0.000333,0.000000,0.000000,0.000000,0.000000,0.000000,0.000000
23.797253,1765336539.070582,1765336347,0.316112,0.000333,0.000000,0.000000,0.000000,0.000000,0.000000,-0.344366
23.817262,1765336539.090590,1765336347,0.316112,0.000333,0.000000,0.000000,0.000000,0.000000,0.000000,-0.344366
23.837271,1765336539.110600,1765336347,0.316112,0.000333,0.000000,0.000000,0.000000,0.000000,0.000000,-0.344366
23.857281,1765336539.130609,1765336347,0.316112,0.000333,0.000000,0.000000,0.000000,0.000000,0.000000,-0.344366
23.877291,1765336539.150619,1765336347,0.316112,0.000333,0.000000,0.000000,0.000000,0.000000,0.000000,-0.344366
23.897299,1765336539.170628,1765336347,0.316112,0.000333,0.000000,0.000000,0.000000,0.000000,0.000000,-0.344366
23.917293,1765336539.190613,1765336347,0.316112,0.000333,0.000000,0.000000,0.000000,0.000000,0.000000,0.000000
23.937317,1765336539.210645,1765336347,0.316112,0.000333,0.000000,0.000000,0.000000,0.000000,0.000000,0.000000
23.957351,1765336539.230681,1765336347,0.316112,0.000333,0.000000,0.000000,0.000000,0.000000,0.000000,0.344366
23.977346,1765336539.250681,1765336347,0.316112,0.000333,0.000000,0.000000,0.000000,0.000000,0.000000,0.000000
23.997355,1765336539.270691,1765336347,0.316112,0.000333,0.000000,0.000000,0.000000,0.000000,0.000000,-0.344366
24.017354,1765336539.290682,1765336347,0.316112,0.000333,0.000000,0.000000,0.000000,0.000000,0.000000,0.344366
24.037374,1765336539.310709,1765336347,0.316112,0.000333,0.000000,0.000000,0.000000,0.000000,0.000000,-0.344366
24.057271,1765336539.330548,1765336347,0.316112,0.000333,0.000000,0.000000,0.000000,0.000000,0.000000,0.344366
24.077307,1765336539.350600,1765336347,0.316112,0.000333,0.000000,0.000000,0.000000,0.000000,0.000000,-0.344366
24.097333,1765336539.370637,1765336347,0.316112,0.000333,0.000000,0.000000,0.000000,0.000000,0.000000,0.344366
24.117360,1765336539.390675,1765336347,0.316112,0.000333,0.000000,0.000000,0.000000,0.000000,0.000000,-0.344366
24.137379,1765336539.410700,1765336347,0.316112,0.000333,0.000000,0.000000,0.000000,0.000000,0.000000,0.344366
24.157387,1765336539.430708,1765336347,0.316112,0.000333,0.000000,0.000000,0.000000,0.000000,0.000000,-0.344366
24.177395,1765336539.450715,1765336347,0.316112,0.000333,0.000000,0.000000,0.000000,0.000000,0.000000,-0.344366
24.197420,1765336539.470749,1765336347,0.316112,0.000333,0.000000,0.000000,0.000000,0.000000,0.000000,-0.344366
24.217467,1765336539.490805,1765336347,0.316112,0.000333,0.000000,0.000000,0.000000,0.000000,0.000000,0.344366
24.237452,1765336539.510787,1765336347,0.316112,0.000333,0.000000,0.000000,0.000000,0.000000,0.000000,-0.344366
24.257473,1765336539.530818,1765336347,0.316112,0.000333,0.000000,0.000000,0.000000,0.000000,0.000000,0.000000
24.277514,1765336539.550873,1765336347,0.316112,0.000333,0.000000,0.000000,0.000000,0.000000,0.000000,-0.344366
24.297465,1765336539.570786,1765336347,0.316112,0.000333,0.000000,0.000000,0.000000,0.000000,0.000000,0.000000
24.317478,1765336539.590798,1765336347,0.316112,0.000333,0.000000,0.000000,0.000000,0.000000,0.000000,0.000000
24.337627,1765336539.610986,1765336347,0.316112,0.000333,0.000000,0.000000,0.000000,0.000000,0.000000,0.344366
24.357639,1765336539.630997,1765336347,0.316112,0.000333,0.000000,0.000000,0.000000,0.000000,0.000000,0.000000
24.377615,1765336539.650951,1765336347,0.316112,0.000333,0.000000,0.000000,0.000000,0.000000,-0.688732,0.344366
24.397625,1765336539.670961,1765336347,0.316112,0.000333,0.000000,0.000000,0.000000,0.000000,0.000000,0.344366
24.417675,1765336539.691034,1765336347,0.316112,0.000333,0.000000,0.000000,0.000000,0.000000,0.000000,-0.344366
24.437688,1765336539.711048,1765336347,0.316112,0.000333,0.000000,0.000000,0.000000,0.000000,0.000000,-0.344366
24.457678,1765336539.731023,1765336347,0.316112,0.000333,0.000000,0.000000,0.000000,0.000000,0.000000,0.000000
24.477701,1765336539.751039,1765336347,0.316112,0.000333,0.000000,0.000000,0.000000,0.000000,0.000000,0.344366
24.497651,1765336539.770970,1765336347,0.316112,0.000333,0.000000,0.000000,0.000000,0.000000,0.000000,0.344366
24.517789,1765336539.791150,1765336347,0.316112,0.000333,0.000000,0.000000,0.000000,0.000000,0.000000,0.344366
24.537683,1765336539.811003,1765336347,0.316112,0.000333,0.000000,0.000000,0.000000,0.000000,0.000000,-0.344366
24.557733,1765336539.831086,1765336347,0.316112,0.000333,0.000000,0.000000,0.000000,0.000000,-0.344366,0.000000
24.577692,1765336539.851003,1765336347,0.316112,0.000333,0.000000,0.000000,0.000000,0.000000,0.000000,-1.033098
24.597834,1765336539.871202,1765336347,0.316112,0.000333,0.000000,0.000000,0.000000,0.000000,0.000000,-0.344366
24.617828,1765336539.891189,1765336347,0.316112,0.000333,0.000000,0.000000,0.000000,0.000000,0.000000,0.344366
24.637817,1765336539.911162,1765336347,0.316112,0.000333,0.000000,0.000000,0.000000,0.000000,0.000000,0.344366
24.657853,1765336539.931212,1765336347,0.316112,0.000333,0.000000,0.000000,0.000000,0.000000,0.000000,0.344366
24.677816,1765336539.951144,1765336347,0.316112,0.000333,0.000000,0.000000,0.000000,0.000000,0.000000,-0.344366
24.697826,1765336539.971154,1765336347,0.316112,0.000333,0.000000,0.000000,0.000000,0.000000,0.000000,0.000000
24.717758,1765336539.991055,1765336347,0.316112,0.000333,0.000000,0.000000,0.000000,0.000000,0.000000,0.344366
24.737928,1765336540.011317,1765336347,0.316112,0.000333,0.000000,0.000000,0.000000,0.000000,0.000000,0.344366
24.757909,1765336540.031268,1765336347,0.316112,0.000333,0.000000,0.000000,0.000000,0.000000,0.000000,-0.344366
24.777923,1765336540.051310,1765336347,0.316112,0.000333,0.000000,0.000000,0.000000,0.000000,0.000000,-1.033098
24.797912,1765336540.071258,1765336347,0.316112,0.000333,0.000000,0.000000,0.000000,0.000000,0.000000,-0.344366
24.817894,1765336540.091222,1765336347,0.316112,0.000333,0.000000,0.000000,0.000000,0.000000,0.000000,0.344366
24.837889,1765336540.111210,1765336347,0.316112,0.000333,0.000000,0.000000,0.000000,0.000000,0.000000,0.000000
24.857913,1765336540.131241,1765336347,0.316112,0.000333,0.000000,0.000000,0.000000,0.000000,0.000000,-0.344366
24.877923,1765336540.151252,1765336347,0.316112,0.000333,0.000000,0.000000,0.000000,0.000000,0.000000,-0.344366
24.897934,1765336540.171263,1765336347,0.316112,0.000333,0.000000,0.000000,0.000000,0.000000,0.000000,0.000000
24.917944,1765336540.191272,1765336347,0.316112,0.000333,0.000000,0.000000,0.000000,0.000000,0.000000,-0.344366
24.937954,1765336540.211279,1765336347,0.316112,0.000333,0.000000,0.000000,0.000000,0.000000,0.000000,-0.344366
24.957948,1765336540.231269,1765336347,0.316112,0.000333,0.000000,0.000000,0.000000,0.000000,0.000000,0.000000
24.977971,1765336540.251330,1765336347,0.316112,0.000333,0.000000,0.000000,0.000000,0.000000,0.000000,-0.344366
24.998007,1765336540.271368,1765336347,0.316112,0.000333,0.000000,0.000000,0.000000,0.000000,0.000000,0.344366
25.017992,1765336540.291358,1765336347,0.316112,0.000333,0.000000,0.000000,0.000000,0.000000,0.000000,0.000000
25.037944,1765336540.311263,1765336347,0.316112,0.000333,0.000000,0.000000,0.000000,0.000000,0.000000,0.000000
25.057984,1765336540.331344,1765336347,0.316112,0.000333,0.000000,0.000000,0.000000,0.000000,0.000000,0.000000
25.077948,1765336540.351241,1765336347,0.316112,0.000333,0.000000,0.000000,0.000000,0.000000,0.000000,0.000000
25.097961,1765336540.371260,1765336347,0.316112,0.000333,0.000000,0.000000,0.000000,0.000000,0.000000,-0.344366
25.117982,1765336540.391311,1765336347,0.316112,0.000333,0.000000,0.000000,0.000000,0.000000,0.000000,0.000000
25.138005,1765336540.411340,1765336347,0.316112,0.000333,0.000000,0.000000,0.000000,0.000000,0.000000,-0.344366
25.158047,1765336540.431371,1765336347,0.316112,0.000333,0.000000,0.000000,0.000000,0.000000,-0.688732,0.000000
25.178050,1765336540.451373,1765336347,0.316112,0.000333,0.000000,0.000000,0.000000,0.000000,0.000000,-0.344366
25.198088,1765336540.471410,1765336347,0.316112,0.000333,0.000000,0.000000,0.000000,0.000000,0.000000,0.344366
25.218105,1765336540.491436,1765336347,0.316112,0.000333,0.000000,0.000000,0.000000,0.000000,0.000000,-0.344366
25.238106,1765336540.511436,1765336347,0.316112,0.000333,0.000000,0.000000,0.000000,0.000000,0.000000,0.000000
25.258137,1765336540.531469,1765336347,0.316112,0.000333,0.000000,0.000000,0.000000,0.000000,0.000000,-0.344366
25.278097,1765336540.551418,1765336347,0.316112,0.000333,0.000000,0.000000,0.000000,0.000000,0.000000,0.344366
25.298110,1765336540.571425,1765336347,0.316112,0.000333,0.000000,0.000000,0.000000,0.000000,0.000000,-0.344366
25.318140,1765336540.591469,1765336347,0.316112,0.000333,0.000000,0.000000,0.000000,0.000000,0.000000,0.344366
25.338153,1765336540.611481,1765336347,0.316112,0.000333,0.000000,0.000000,0.000000,0.000000,0.000000,-0.344366
25.358161,1765336540.631490,1765336347,0.316112,0.000333,0.000000,0.000000,0.000000,0.000000,0.000000,-0.344366
25.378183,1765336540.651519,1765336347,0.316112,0.000333,0.000000,0.000000,0.000000,0.000000,0.000000,0.344366
25.398180,1765336540.671509,1765336347,0.316112,0.000333,0.000000,0.000000,0.000000,0.000000,0.000000,0.000000
25.418188,1765336540.691517,1765336347,0.316112,0.000333,0.000000,0.000000,0.000000,0.000000,0.000000,-0.344366
25.438199,1765336540.711527,1765336347,0.316112,0.000333,0.000000,0.000000,0.000000,0.000000,0.000000,-0.344366
25.458221,1765336540.731556,1765336347,0.316112,0.000333,0.000000,0.000000,0.000000,0.000000,0.000000,-0.344366
25.478231,1765336540.751566,1765336347,0.316112,0.000333,0.000000,0.000000,0.000000,0.000000,0.000000,0.344366
25.498242,1765336540.771578,1765336347,0.316112,0.000333,0.000000,0.000000,0.000000,0.000000,0.000000,0.000000
25.518262,1765336540.791590,1765336347,0.316112,0.000333,0.000000,0.000000,0.000000,0.000000,0.000000,-0.344366
25.538248,1765336540.811577,1765336347,0.316112,0.000333,0.000000,0.000000,0.000000,0.000000,0.000000,0.000000
25.558269,1765336540.831605,1765336347,0.316112,0.000333,0.000000,0.000000,0.000000,0.000000,-0.688732,0.000000
25.578280,1765336540.851616,1765336347,0.316112,0.000333,0.000000,0.000000,0.000000,0.000000,0.000000,-0.344366
25.598290,1765336540.871625,1765336347,0.316112,0.000333,0.000000,0.000000,0.000000,0.000000,0.000000,0.344366
25.618300,1765336540.891636,1765336347,0.316112,0.000333,0.000000,0.000000,0.000000,0.000000,0.000000,-0.344366
25.638283,1765336540.911604,1765336347,0.316112,0.000333,0.000000,0.000000,0.000000,0.000000,0.000000,0.000000
25.658307,1765336540.931636,1765336347,0.316112,0.000333,0.000000,0.000000,0.000000,0.000000,0.000000,0.000000
25.678317,1765336540.951646,1765336347,0.316112,0.000333,0.000000,0.000000,0.000000,0.000000,0.000000,-0.344366
25.698340,1765336540.971676,1765336347,0.316112,0.000333,0.000000,0.000000,0.000000,0.000000,0.000000,-0.344366
25.718350,1765336540.991686,1765336347,0.316112,0.000333,0.000000,0.000000,0.000000,0.000000,0.000000,0.344366
25.738348,1765336541.011676,1765336347,0.316112,0.000333,0.000000,0.000000,0.000000,0.000000,-0.344366,-0.344366
25.758342,1765336541.031664,1765336347,0.316112,0.000333,0.000000,0.000000,0.000000,0.000000,0.000000,-0.344366
25.778389,1765336541.051720,1765336347,0.316112,0.000333,0.000000,0.000000,0.000000,0.000000,0.000000,-0.344366
25.798376,1765336541.071704,1765336347,0.316112,0.000333,0.000000,0.000000,0.000000,0.000000,0.000000,0.344366
25.818385,1765336541.091714,1765336347,0.316112,0.000333,0.000000,0.000000,0.000000,0.000000,0.000000,0.344366
25.838407,1765336541.111743,1765336347,0.316112,0.000333,0.000000,0.000000,0.000000,0.000000,0.000000,0.000000
25.858405,1765336541.131734,1765336347,0.316112,0.000333,0.000000,0.000000,0.000000,0.000000,0.000000,-0.344366
25.878415,1765336541.151743,1765336347,0.316112,0.000333,0.000000,0.000000,0.000000,0.000000,0.000000,0.344366
25.898424,1765336541.171752,1765336347,0.316112,0.000333,0.000000,0.000000,0.000000,0.000000,0.000000,-0.344366
25.918435,1765336541.191763,1765336347,0.316112,0.000333,0.000000,0.000000,0.000000,0.000000,0.000000,-0.344366
25.938457,1765336541.211794,1765336347,0.316112,0.000333,0.000000,0.000000,0.000000,0.000000,0.000000,0.344366
25.958469,1765336541.231805,1765336347,0.316112,0.000333,0.000000,0.000000,0.000000,0.000000,0.000000,-0.344366
25.978466,1765336541.251795,1765336347,0.316112,0.000333,0.000000,0.000000,0.000000,0.000000,0.000000,0.344366
25.998449,1765336541.271767,1765336347,0.316112,0.000333,0.000000,0.000000,0.000000,0.000000,0.000000,0.344366
26.018390,1765336541.291672,1765336347,0.316112,0.000333,0.000000,0.000000,0.000000,0.000000,0.000000,0.344366
26.038402,1765336541.311685,1765336347,0.316112,0.000333,0.000000,0.000000,0.000000,0.000000,0.000000,0.344366
26.058397,1765336541.331682,1765336347,0.316112,0.000333,0.000000,0.000000,0.000000,0.000000,0.000000,0.344366
26.078385,1765336541.351663,1765336347,0.316112,0.000333,0.000000,0.000000,0.000000,0.000000,0.000000,0.344366
26.098385,1765336541.371660,1765336347,0.316112,0.000333,0.000000,0.000000,0.000000,0.000000,0.000000,-0.344366
26.118402,1765336541.391684,1765336347,0.316112,0.000333,0.000000,0.000000,0.000000,0.000000,0.000000,-0.344366
26.138396,1765336541.411677,1765336347,0.316112,0.000333,0.000000,0.000000,0.000000,0.000000,0.000000,0.344366
26.158423,1765336541.431714,1765336347,0.316112,0.000333,0.000000,0.000000,0.000000,0.000000,0.000000,-0.344366
26.178475,1765336541.451798,1765336347,0.316112,0.000333,0.000000,0.000000,0.000000,0.000000,0.000000,0.344366
26.198415,1765336541.471699,1765336347,0.316112,0.000333,0.000000,0.000000,0.000000,0.000000,0.000000,0.000000
26.218415,1765336541.491695,1765336347,0.316112,0.000333,0.000000,0.000000,0.000000,0.000000,0.000000,0.000000
26.238442,1765336541.511739,1765336347,0.316112,0.000333,0.000000,0.000000,0.000000,0.000000,0.000000,0.000000
26.258421,1765336541.531700,1765336347,0.316112,0.000333,0.000000,0.000000,0.000000,0.000000,0.000000,-0.344366
26.278412,1765336541.551687,1765336347,0.316112,0.000333,0.000000,0.000000,0.000000,0.000000,0.000000,0.000000
26.298435,1765336541.571714,1765336347,0.316112,0.000333,0.000000,0.000000,0.000000,0.000000,0.000000,0.344366
26.318434,1765336541.591717,1765336347,0.316112,0.000333,0.000000,0.000000,0.000000,0.000000,0.000000,0.344366
26.338452,1765336541.611743,1765336347,0.316112,0.000333,0.000000,0.000000,0.000000,0.000000,0.000000,-0.344366
26.358452,1765336541.631742,1765336347,0.316112,0.000333,0.000000,0.000000,0.000000,0.000000,0.000000,-0.344366
26.378458,1765336541.651748,1765336347,0.316112,0.000333,0.000000,0.000000,0.000000,0.000000,0.000000,0.000000
26.398456,1765336541.671742,1765336347,0.316112,0.000333,0.000000,0.000000,0.000000,0.000000,0.000000,0.000000
26.418445,1765336541.691724,1765336347,0.316112,0.000333,0.000000,0.000000,0.000000,0.000000,0.000000,0.344366
26.438448,1765336541.711729,1765336347,0.316112,0.000333,0.000000,0.000000,0.000000,0.000000,0.000000,0.000000
26.458458,1765336541.731744,1765336347,0.316112,0.000333,0.000000,0.000000,0.000000,0.000000,1.377463,-0.344366
26.478441,1765336541.751717,1765336347,0.316112,0.000333,0.000000,0.000000,0.000000,0.000000,0.000000,0.344366
26.498442,1765336541.771717,1765336347,0.316112,0.000333,0.000000,0.000000,0.000000,0.000000,0.000000,0.344366
26.518457,1765336541.791737,1765336347,0.316112,0.000333,0.000000,0.000000,0.000000,0.000000,0.000000,-0.344366
26.538463,1765336541.811743,1765336347,0.316112,0.000333,0.000000,0.000000,0.000000,0.000000,0.000000,0.344366
26.558476,1765336541.831759,1765336347,0.316112,0.000333,0.000000,0.000000,0.000000,0.000000,0.000000,0.000000
26.578467,1765336541.851749,1765336347,0.316112,0.000333,0.000000,0.000000,0.000000,0.000000,0.000000,0.000000
26.598471,1765336541.871754,1765336347,0.316112,0.000333,0.000000,0.000000,0.000000,0.000000,0.000000,0.000000
26.618492,1765336541.891784,1765336347,0.316112,0.000333,0.000000,0.000000,0.000000,0.000000,0.000000,0.344366
26.638478,1765336541.911766,1765336347,0.316112,0.000333,0.000000,0.000000,0.000000,0.000000,0.000000,0.000000
26.658501,1765336541.931795,1765336347,0.316112,0.000333,0.000000,0.000000,0.000000,0.000000,0.000000,-0.344366
26.678509,1765336541.951804,1765336347,0.316112,0.000333,0.000000,0.000000,0.000000,0.000000,0.000000,-0.344366
26.698544,1765336541.971857,1765336347,0.316112,0.000333,0.000000,0.000000,0.000000,0.000000,0.000000,0.000000
26.718512,1765336541.991802,1765336347,0.316112,0.000333,0.000000,0.000000,0.000000,0.000000,0.000000,-0.344366
26.738519,1765336542.011811,1765336347,0.316112,0.000333,0.000000,0.000000,0.000000,0.000000,0.000000,0.344366
26.758527,1765336542.031823,1765336347,0.316112,0.000333,0.000000,0.000000,0.000000,0.000000,0.000000,0.344366
26.778535,1765336542.051831,1765336347,0.316112,0.000333,0.000000,0.000000,0.000000,0.000000,0.000000,0.000000
26.798528,1765336542.071823,1765336347,0.316112,0.000333,0.000000,0.000000,0.000000,0.000000,0.000000,-0.344366
26.818520,1765336542.091803,1765336347,0.316112,0.000333,0.000000,0.000000,0.000000,0.000000,-0.344366,0.344366
26.838506,1765336542.111781,1765336347,0.316112,0.000333,0.000000,0.000000,0.000000,0.000000,0.000000,0.344366
26.858519,1765336542.131799,1765336347,0.316112,0.000333,0.000000,0.000000,0.000000,0.000000,0.000000,0.000000
26.878521,1765336542.151801,1765336347,0.316112,0.000333,0.000000,0.000000,0.000000,0.000000,0.000000,-0.344366
26.898520,1765336542.171803,1765336347,0.316112,0.000333,0.000000,0.000000,0.000000,0.000000,-0.344366,0.000000
26.918572,1765336542.191867,1765336347,0.316112,0.000333,0.000000,0.000000,0.000000,0.000000,0.000000,0.000000
26.938537,1765336542.211828,1765336347,0.316112,0.000333,0.000000,0.000000,0.000000,0.000000,0.000000,0.344366
26.958591,1765336542.231893,1765336347,0.316112,0.000333,0.000000,0.000000,0.000000,0.000000,0.000000,0.344366
26.978569,1765336542.251859,1765336347,0.316112,0.000333,0.000000,0.000000,0.000000,0.000000,0.000000,0.000000
26.998570,1765336542.271856,1765336347,0.316112,0.000333,0.000000,0.000000,0.000000,0.000000,1.033098,-0.344366
27.018581,1765336542.291872,1765336347,0.316112,0.000333,0.000000,0.000000,0.000000,0.000000,0.000000,0.000000
27.038581,1765336542.311872,1765336347,0.316112,0.000333,0.000000,0.000000,0.000000,0.000000,0.000000,0.000000
27.058599,1765336542.331889,1765336347,0.316112,0.000333,0.000000,0.000000,0.000000,0.000000,0.000000,0.000000
27.078591,1765336542.351870,1765336347,0.316112,0.000333,0.000000,0.000000,0.000000,0.000000,0.000000,0.344366
27.098572,1765336542.371847,1765336347,0.316112,0.000333,0.000000,0.000000,0.000000,0.000000,0.000000,-0.344366
27.118591,1765336542.391869,1765336347,0.316112,0.000333,0.000000,0.000000,0.000000,0.000000,0.000000,-0.344366
27.138586,1765336542.411867,1765336347,0.316112,0.000333,0.000000,0.000000,0.000000,0.000000,0.000000,0.000000
27.158607,1765336542.431900,1765336347,0.316112,0.000333,0.000000,0.000000,0.000000,0.000000,0.000000,-0.344366
27.178611,1765336542.451911,1765336347,0.316112,0.000333,0.000000,0.000000,0.000000,0.000000,0.000000,0.344366
27.198639,1765336542.471940,1765336347,0.316112,0.000333,0.000000,0.000000,0.000000,0.000000,0.000000,-0.344366
27.218640,1765336542.491939,1765336347,0.316112,0.000333,0.000000,0.000000,0.000000,0.000000,0.000000,-0.344366
27.238623,1765336542.511912,1765336347,0.316112,0.000333,0.000000,0.000000,0.000000,0.000000,0.000000,0.000000
27.258608,1765336542.531893,1765336347,0.316112,0.000333,0.000000,0.000000,0.000000,0.000000,0.000000,-0.344366
27.278611,1765336542.551896,1765336347,0.316112,0.000333,0.000000,0.000000,0.000000,0.000000,0.000000,-0.344366
27.298660,1765336542.571973,1765336347,0.316112,0.000333,0.000000,0.000000,0.000000,0.000000,0.000000,0.000000
27.318638,1765336542.591928,1765336347,0.316112,0.000333,0.000000,0.000000,0.000000,0.000000,0.000000,0.000000
27.338646,1765336542.611935,1765336347,0.316112,0.000333,0.000000,0.000000,0.000000,0.000000,0.000000,0.000000
27.358642,1765336542.631938,1765336347,0.316112,0.000333,0.000000,0.000000,0.000000,0.000000,0.000000,0.000000
27.378644,1765336542.651938,1765336347,0.316112,0.000333,0.000000,0.000000,0.000000,0.000000,0.000000,0.344366
27.398659,1765336542.671957,1765336347,0.316112,0.000333,0.000000,0.000000,0.000000,0.000000,0.000000,-0.344366
27.418639,1765336542.691923,1765336347,0.316112,0.000333,0.000000,0.000000,0.000000,0.000000,0.000000,0.344366
27.438658,1765336542.711951,1765336347,0.316112,0.000333,0.000000,0.000000,0.000000,0.000000,0.000000,-0.344366
27.458665,1765336542.731961,1765336347,0.316112,0.000333,0.000000,0.000000,0.000000,0.000000,0.000000,0.000000
27.478697,1765336542.752005,1765336347,0.316112,0.000333,0.000000,0.000000,0.000000,0.000000,0.000000,-0.344366
27.498710,1765336542.772024,1765336347,0.316112,0.000333,0.000000,0.000000,0.000000,0.000000,0.000000,0.000000
27.518650,1765336542.791928,1765336347,0.316112,0.000333,0.000000,0.000000,0.000000,0.000000,0.000000,0.344366
27.538648,1765336542.811923,1765336347,0.316112,0.000333,0.000000,0.000000,0.000000,0.000000,0.000000,-0.344366
27.558652,1765336542.831929,1765336347,0.316112,0.000333,0.000000,0.000000,0.000000,0.000000,0.000000,0.344366
27.578660,1765336542.851939,1765336347,0.316112,0.000333,0.000000,0.000000,0.000000,0.000000,0.000000,-0.344366
27.598685,1765336542.871972,1765336347,0.316112,0.000333,0.000000,0.000000,0.000000,0.000000,0.000000,0.000000
27.618683,1765336542.891970,1765336347,0.316112,0.000333,0.000000,0.000000,0.000000,0.000000,0.000000,0.000000
27.638689,1765336542.911978,1765336347,0.316112,0.000333,0.000000,0.000000,0.000000,0.000000,0.000000,-0.344366
27.658698,1765336542.931991,1765336347,0.316112,0.000333,0.000000,0.000000,0.000000,0.000000,0.000000,-0.344366
27.678719,1765336542.952020,1765336347,0.316112,0.000333,0.000000,0.000000,0.000000,0.000000,0.000000,0.000000
27.698735,1765336542.972041,1765336347,0.316112,0.000333,0.000000,0.000000,0.000000,0.000000,0.000000,0.000000
27.718757,1765336542.992072,1765336347,0.316112,0.000333,0.000000,0.000000,0.000000,0.000000,0.000000,-0.344366
27.738775,1765336543.012095,1765336347,0.316112,0.000333,0.000000,0.000000,0.000000,0.000000,0.000000,0.000000
27.758799,1765336543.032128,1765336347,0.316112,0.000333,0.000000,0.000000,0.000000,0.000000,0.000000,0.000000
27.778808,1765336543.052136,1765336347,0.316112,0.000333,0.000000,0.000000,0.000000,0.000000,0.000000,0.000000
27.798815,1765336543.072144,1765336347,0.316112,0.000333,0.000000,0.000000,0.000000,0.000000,0.000000,0.000000
27.818809,1765336543.092130,1765336347,0.316112,0.000333,0.000000,0.000000,0.000000,0.000000,0.000000,0.000000
27.838748,1765336543.112042,1765336347,0.316112,0.000333,0.000000,0.000000,0.000000,0.000000,1.033098,-0.344366
27.858745,1765336543.132024,1765336347,0.316112,0.000333,0.000000,0.000000,0.000000,0.000000,0.000000,0.000000
27.878737,1765336543.152015,1765336347,0.316112,0.000333,0.000000,0.000000,0.000000,0.000000,0.000000,-0.344366
27.898743,1765336543.172022,1765336347,0.316112,0.000333,0.000000,0.000000,0.000000,0.000000,0.000000,-1.033098
27.918760,1765336543.192048,1765336347,0.316112,0.000333,0.000000,0.000000,0.000000,0.000000,0.000000,-0.344366
27.938765,1765336543.212053,1765336347,0.316112,0.000333,0.000000,0.000000,0.000000,0.000000,0.000000,-0.344366
27.958811,1765336543.232122,1765336347,0.316112,0.000333,0.000000,0.000000,0.000000,0.000000,0.000000,0.000000
27.978825,1765336543.252141,1765336347,0.316112,0.000333,0.000000,0.000000,0.000000,0.000000,0.000000,-0.344366
27.998861,1765336543.272188,1765336347,0.316112,0.000333,0.000000,0.000000,0.000000,0.000000,0.000000,-0.344366
28.018868,1765336543.292196,1765336347,0.316112,0.000333,0.000000,0.000000,0.000000,0.000000,0.000000,0.344366
28.038863,1765336543.312184,1765336347,0.316112,0.000333,0.000000,0.000000,0.000000,0.000000,0.000000,-0.344366
28.058784,1765336543.332061,1765336347,0.316112,0.000333,0.000000,0.000000,0.000000,0.000000,0.000000,-0.344366
28.078821,1765336543.352116,1765336347,0.316112,0.000333,0.000000,0.000000,0.000000,0.000000,0.000000,0.344366
28.098847,1765336543.372151,1765336347,0.316112,0.000333,0.000000,0.000000,0.000000,0.000000,0.000000,0.344366
28.118843,1765336543.392138,1765336347,0.316112,0.000333,0.000000,0.000000,0.000000,0.000000,0.000000,0.344366
28.138808,1765336543.412087,1765336347,0.316112,0.000333,0.000000,0.000000,0.000000,0.000000,0.000000,-0.344366
28.158831,1765336543.432121,1765336347,0.316112,0.000333,0.000000,0.000000,0.000000,0.000000,0.000000,0.000000
28.178867,1765336543.452173,1765336347,0.316112,0.000333,0.000000,0.000000,0.000000,0.000000,0.000000,-0.344366
28.198874,1765336543.472180,1765336347,0.316112,0.000333,0.000000,0.000000,0.000000,0.000000,0.000000,0.000000
28.218896,1765336543.492211,1765336347,0.316112,0.000333,0.000000,0.000000,0.000000,0.000000,0.000000,0.000000
28.238915,1765336543.512235,1765336347,0.316112,0.000333,0.000000,0.000000,0.000000,0.000000,0.000000,-0.344366
28.258923,1765336543.532244,1765336347,0.316112,0.000333,0.000000,0.000000,0.000000,0.000000,0.000000,-0.344366
28.279003,1765336543.552399,1765336347,0.316112,0.000333,0.000000,0.000000,0.000000,0.000000,0.000000,-0.344366
28.298992,1765336543.572387,1765336347,0.316112,0.000333,0.000000,0.000000,0.000000,0.000000,0.000000,0.000000
28.319002,1765336543.592378,1765336347,0.316112,0.000333,0.000000,0.000000,0.000000,0.000000,-0.688732,0.344366
28.338998,1765336543.612369,1765336347,0.316112,0.000333,0.000000,0.000000,0.000000,0.000000,0.000000,-0.344366
28.358994,1765336543.632354,1765336347,0.316112,0.000333,0.000000,0.000000,0.000000,0.000000,0.000000,0.000000
28.379046,1765336543.652376,1765336347,0.316112,0.000333,0.000000,0.000000,0.000000,0.000000,0.000000,0.344366
28.399059,1765336543.672391,1765336347,0.316112,0.000333,0.000000,0.000000,0.000000,0.000000,0.000000,-0.344366
28.418964,1765336543.692261,1765336347,0.316112,0.000333,0.000000,0.000000,0.000000,0.000000,0.000000,0.000000
28.438969,1765336543.712269,1765336347,0.316112,0.000333,0.000000,0.000000,0.000000,0.000000,-0.344366,0.344366
28.458970,1765336543.732265,1765336347,0.316112,0.000333,0.000000,0.000000,0.000000,0.000000,0.000000,0.344366
28.478982,1765336543.752289,1765336347,0.316112,0.000333,0.000000,0.000000,0.000000,0.000000,0.000000,0.000000
28.499074,1765336543.772404,1765336347,0.316112,0.000333,0.000000,0.000000,0.000000,0.000000,0.000000,0.344366
28.518985,1765336543.792276,1765336347,0.316112,0.000333,0.000000,0.000000,0.000000,0.000000,0.000000,0.000000
28.538983,1765336543.812271,1765336347,0.316112,0.000333,0.000000,0.000000,0.000000,0.000000,0.000000,-0.344366
28.558985,1765336543.832273,1765336347,0.316112,0.000333,0.000000,0.000000,0.000000,0.000000,0.000000,-0.344366
28.578994,1765336543.852296,1765336347,0.316112,0.000333,0.000000,0.000000,0.000000,0.000000,0.000000,0.000000
28.599006,1765336543.872317,1765336347,0.316112,0.000333,0.000000,0.000000,0.000000,0.000000,0.000000,-0.344366
28.619022,1765336543.892320,1765336347,0.316112,0.000333,0.000000,0.000000,0.000000,0.000000,0.000000,-0.344366
28.639036,1765336543.912333,1765336347,0.316112,0.000333,0.000000,0.000000,0.000000,0.000000,0.000000,0.000000
28.659023,1765336543.932317,1765336347,0.316112,0.000333,0.000000,0.000000,0.000000,0.000000,0.000000,-0.344366
28.679127,1765336543.952463,1765336347,0.316112,0.000333,0.000000,0.000000,0.000000,0.000000,0.000000,-0.344366
28.699103,1765336543.972419,1765336347,0.316112,0.000333,0.000000,0.000000,0.000000,0.000000,0.000000,0.344366
28.719113,1765336543.992429,1765336347,0.316112,0.000333,0.000000,0.000000,0.000000,0.000000,0.000000,0.000000
28.739110,1765336544.012421,1765336347,0.316112,0.000333,0.000000,0.000000,0.000000,0.000000,0.000000,-0.344366
28.759136,1765336544.032458,1765336347,0.316112,0.000333,0.000000,0.000000,0.000000,0.000000,0.000000,0.344366
28.779160,1765336544.052488,1765336347,0.316112,0.000333,0.000000,0.000000,0.000000,0.000000,0.000000,0.344366
28.799092,1765336544.072389,1765336347,0.316112,0.000333,0.000000,0.000000,0.000000,0.000000,0.000000,-0.344366
28.819270,1765336544.092594,1765336347,0.316112,0.000333,0.000000,0.000000,0.000000,0.000000,0.000000,0.344366
28.839113,1765336544.112415,1765336347,0.316112,0.000333,0.000000,0.000000,0.000000,0.000000,0.000000,-0.344366
28.859196,1765336544.132523,1765336347,0.316112,0.000333,0.000000,0.000000,0.000000,0.000000,0.000000,0.000000
28.879188,1765336544.152510,1765336347,0.316112,0.000333,0.000000,0.000000,0.000000,0.000000,0.000000,0.344366
28.899130,1765336544.172415,1765336347,0.316112,0.000333,0.000000,0.000000,0.000000,0.000000,0.000000,0.344366
28.919129,1765336544.192414,1765336347,0.316112,0.000333,0.000000,0.000000,0.000000,0.000000,0.000000,0.344366
28.939110,1765336544.212384,1765336347,0.316112,0.000333,0.000000,0.000000,0.000000,0.000000,0.000000,-0.344366
28.959149,1765336544.232441,1765336347,0.316112,0.000333,0.000000,0.000000,0.000000,0.000000,0.000000,0.344366
28.979174,1765336544.252478,1765336347,0.316112,0.000333,0.000000,0.000000,0.000000,0.000000,0.000000,0.000000
28.999193,1765336544.272503,1765336347,0.316112,0.000333,0.000000,0.000000,0.000000,0.000000,0.000000,0.344366
29.019220,1765336544.292542,1765336347,0.316112,0.000333,0.000000,0.000000,0.000000,0.000000,0.000000,-0.344366
29.039229,1765336544.312550,1765336347,0.316112,0.000333,0.000000,0.000000,0.000000,0.000000,0.000000,-0.344366
29.059348,1765336544.332751,1765336347,0.316112,0.000333,0.000000,0.000000,0.000000,0.000000,0.000000,0.344366
29.079154,1765336544.352432,1765336347,0.316112,0.000333,0.000000,0.000000,0.000000,0.000000,0.000000,-0.344366
29.099201,1765336544.372498,1765336347,0.316112,0.000333,0.000000,0.000000,0.000000,0.000000,0.000000,-0.344366
29.119224,1765336544.392531,1765336347,0.316112,0.000333,0.000000,0.000000,0.000000,0.000000,0.000000,-0.344366
29.139238,1765336544.412549,1765336347,0.316112,0.000333,0.000000,0.000000,0.000000,0.000000,0.000000,0.344366
29.159272,1765336544.432589,1765336347,0.316112,0.000333,0.000000,0.000000,0.000000,0.000000,0.000000,0.344366
29.179251,1765336544.452562,1765336347,0.316112,0.000333,0.000000,0.000000,0.000000,0.000000,0.000000,0.000000
29.199245,1765336544.472549,1765336347,0.316112,0.000333,0.000000,0.000000,0.000000,0.000000,0.000000,-1.033098
29.219210,1765336544.492503,1765336347,0.316112,0.000333,0.000000,0.000000,0.000000,0.000000,0.000000,0.000000
29.239226,1765336544.512523,1765336347,0.316112,0.000333,0.000000,0.000000,0.000000,0.000000,0.000000,-0.344366
29.259473,1765336544.532832,1765336347,0.316112,0.000333,0.000000,0.000000,0.000000,0.000000,0.000000,0.344366
29.279464,1765336544.552809,1765336347,0.316112,0.000333,0.000000,0.000000,0.000000,0.000000,0.000000,0.000000
29.299474,1765336544.572820,1765336347,0.316112,0.000333,0.000000,0.000000,0.000000,0.000000,0.000000,0.000000
29.319468,1765336544.592803,1765336347,0.316112,0.000333,0.000000,0.000000,0.000000,0.000000,0.000000,0.000000
29.339449,1765336544.612770,1765336347,0.316112,0.000333,0.000000,0.000000,0.000000,0.000000,0.000000,0.000000
29.359439,1765336544.632750,1765336347,0.316112,0.000333,0.000000,0.000000,0.000000,0.000000,0.000000,0.344366
29.379566,1765336544.652899,1765336347,0.316112,0.000333,0.000000,0.000000,0.000000,0.000000,0.000000,0.344366
29.399499,1765336544.672827,1765336347,0.316112,0.000333,0.000000,0.000000,0.000000,0.000000,0.000000,-0.344366
29.419501,1765336544.692818,1765336347,0.316112,0.000333,0.000000,0.000000,0.000000,0.000000,0.000000,0.344366
29.439570,1765336544.712930,1765336347,0.316112,0.000333,0.000000,0.000000,0.000000,0.000000,0.000000,0.344366
29.459584,1765336544.732943,1765336347,0.316112,0.000333,0.000000,0.000000,0.000000,0.000000,0.000000,0.000000
29.479555,1765336544.752890,1765336347,0.316112,0.000333,0.000000,0.000000,0.000000,0.000000,0.000000,0.344366
29.499554,1765336544.772882,1765336347,0.316112,0.000333,0.000000,0.000000,0.000000,0.000000,0.000000,0.344366
29.519565,1765336544.792893,1765336347,0.316112,0.000333,0.000000,0.000000,0.000000,0.000000,0.000000,-0.344366
29.539576,1765336544.812903,1765336347,0.316112,0.000333,0.000000,0.000000,0.000000,0.000000,0.000000,0.344366
29.559633,1765336544.832994,1765336347,0.316112,0.000333,0.000000,0.000000,0.000000,0.000000,0.000000,-0.344366
29.579646,1765336544.853006,1765336347,0.316112,0.000333,0.000000,0.000000,0.000000,0.000000,0.000000,0.000000
29.599634,1765336544.872979,1765336347,0.316112,0.000333,0.000000,0.000000,0.000000,0.000000,0.000000,-0.344366
29.619645,1765336544.892982,1765336347,0.316112,0.000333,0.000000,0.000000,0.000000,0.000000,2.066195,0.344366
29.639639,1765336544.912974,1765336347,0.316112,0.000333,0.000000,0.000000,0.000000,0.000000,0.000000,0.344366
29.659648,1765336544.932984,1765336347,0.316112,0.000333,0.000000,0.000000,0.000000,0.000000,0.000000,0.000000
29.679669,1765336544.953000,1765336347,0.316112,0.000333,0.000000,0.000000,0.000000,0.000000,0.000000,-0.344366
29.699667,1765336544.973002,1765336347,0.316112,0.000333,0.000000,0.000000,0.000000,0.000000,0.000000,0.000000
29.719677,1765336544.993013,1765336347,0.316112,0.000333,0.000000,0.000000,0.000000,0.000000,0.000000,-0.344366
29.739687,1765336545.013022,1765336347,0.316112,0.000333,0.000000,0.000000,0.000000,0.000000,0.000000,0.344366
29.759696,1765336545.033032,1765336347,0.316112,0.000333,0.000000,0.000000,0.000000,0.000000,0.000000,-0.344366
29.779706,1765336545.053041,1765336347,0.316112,0.000333,0.000000,0.000000,0.000000,0.000000,0.000000,-0.344366
29.799716,1765336545.073051,1765336347,0.316112,0.000333,0.000000,0.000000,0.000000,0.000000,0.000000,0.000000
29.819726,1765336545.093061,1765336347,0.316112,0.000333,0.000000,0.000000,0.000000,0.000000,0.000000,-0.344366
29.839736,1765336545.113072,1765336347,0.316112,0.000333,0.000000,0.000000,0.000000,0.000000,0.000000,-0.344366
29.859746,1765336545.133081,1765336347,0.316112,0.000333,0.000000,0.000000,0.000000,0.000000,0.000000,0.000000
29.879742,1765336545.153070,1765336347,0.316112,0.000333,0.000000,0.000000,0.000000,0.000000,0.000000,-0.344366
29.899805,1765336545.173165,1765336347,0.316112,0.000333,0.000000,0.000000,0.000000,0.000000,0.000000,0.344366
29.919779,1765336545.193115,1765336347,0.316112,0.000333,0.000000,0.000000,0.000000,0.000000,0.000000,-0.344366
29.939817,1765336545.213156,1765336347,0.316112,0.000333,0.000000,0.000000,0.000000,0.000000,0.000000,0.000000
29.959801,1765336545.233136,1765336347,0.316112,0.000333,0.000000,0.000000,0.000000,0.000000,0.000000,0.000000
29.979773,1765336545.253088,1765336347,0.316112,0.000333,0.000000,0.000000,0.000000,0.000000,0.000000,0.000000
29.999790,1765336545.273111,1765336347,0.316112,0.000333,0.000000,0.000000,0.000000,0.000000,0.000000,-0.344366
30.019799,1765336545.293120,1765336347,0.316112,0.000333,0.000000,0.000000,0.000000,0.000000,0.000000,0.344366
30.039807,1765336545.313128,1765336347,0.316112,0.000333,0.000000,0.000000,0.000000,0.000000,0.000000,0.344366
30.059739,1765336545.333021,1765336347,0.316112,0.000333,0.000000,0.000000,0.000000,0.000000,0.000000,-0.344366
30.079771,1765336545.353066,1765336347,0.316112,0.000333,0.000000,0.000000,0.000000,0.000000,0.000000,0.000000
30.099786,1765336545.373088,1765336347,0.316112,0.000333,0.000000,0.000000,0.000000,0.000000,0.000000,0.344366
30.119766,1765336545.393063,1765336347,0.316112,0.000333,0.000000,0.000000,0.000000,0.000000,0.000000,-0.344366
30.139855,1765336545.413182,1765336347,0.316112,0.000333,0.000000,0.000000,0.000000,0.000000,0.000000,0.344366
30.159854,1765336545.433180,1765336347,0.316112,0.000333,0.000000,0.000000,0.000000,0.000000,0.000000,-0.344366
30.179815,1765336545.453127,1765336347,0.316112,0.000333,0.000000,0.000000,0.000000,0.000000,-0.688732,0.344366
30.199916,1765336545.473248,1765336347,0.316112,0.000333,0.000000,0.000000,0.000000,0.000000,0.000000,0.344366
30.219828,1765336545.493130,1765336347,0.316112,0.000333,0.000000,0.000000,0.000000,0.000000,0.000000,0.000000
30.239890,1765336545.513212,1765336347,0.316112,0.000333,0.000000,0.000000,0.000000,0.000000,0.000000,0.344366
30.259887,1765336545.533203,1765336347,0.316112,0.000333,0.000000,0.000000,0.000000,0.000000,0.000000,-0.344366
30.279907,1765336545.553228,1765336347,0.316112,0.000333,0.000000,0.000000,0.000000,0.000000,0.000000,0.344366
30.299915,1765336545.573236,1765336347,0.316112,0.000333,0.000000,0.000000,0.000000,0.000000,0.000000,0.000000
30.319920,1765336545.593235,1765336347,0.316112,0.000333,0.000000,0.000000,0.000000,0.000000,0.000000,0.344366
30.339919,1765336545.613234,1765336347,0.316112,0.000333,0.000000,0.000000,0.000000,0.000000,0.000000,-0.344366
30.359938,1765336545.633259,1765336347,0.316112,0.000333,0.000000,0.000000,0.000000,0.000000,0.000000,0.000000
30.379947,1765336545.653268,1765336347,0.316112,0.000333,0.000000,0.000000,0.000000,0.000000,0.000000,0.000000
30.399972,1765336545.673322,1765336347,0.316112,0.000333,0.000000,0.000000,0.000000,0.000000,0.000000,-0.344366
30.419964,1765336545.693307,1765336347,0.316112,0.000333,0.000000,0.000000,0.000000,0.000000,0.000000,0.344366
30.439973,1765336545.713324,1765336347,0.316112,0.000333,0.000000,0.000000,0.000000,0.000000,0.000000,0.344366
30.460002,1765336545.733345,1765336347,0.316112,0.000333,0.000000,0.000000,0.000000,0.000000,0.000000,-0.344366
30.479968,1765336545.753278,1765336347,0.316112,0.000333,0.000000,0.000000,0.000000,0.000000,0.000000,-0.344366
30.499919,1765336545.773209,1765336347,0.316112,0.000333,0.000000,0.000000,0.000000,0.000000,0.000000,0.000000
30.519939,1765336545.793238,1765336347,0.316112,0.000333,0.000000,0.000000,0.000000,0.000000,0.000000,-1.033098
30.539987,1765336545.813310,1765336347,0.316112,0.000333,0.000000,0.000000,0.000000,0.000000,0.000000,-1.033098
30.559981,1765336545.833294,1765336347,0.316112,0.000333,0.000000,0.000000,0.000000,0.000000,0.000000,0.000000
30.579986,1765336545.853302,1765336347,0.316112,0.000333,0.000000,0.000000,0.000000,0.000000,0.000000,-1.033098
30.599999,1765336545.873322,1765336347,0.316112,0.000333,0.000000,0.000000,0.000000,0.000000,0.000000,-0.344366
30.620004,1765336545.893316,1765336347,0.316112,0.000333,0.000000,0.000000,0.000000,0.000000,0.000000,-0.344366
30.640009,1765336545.913329,1765336347,0.316112,0.000333,0.000000,0.000000,0.000000,0.000000,0.000000,0.344366
30.660002,1765336545.933318,1765336347,0.316112,0.000333,0.000000,0.000000,0.000000,0.000000,0.000000,0.000000
30.680003,1765336545.953317,1765336347,0.316112,0.000333,0.000000,0.000000,0.000000,0.000000,0.000000,-0.344366
30.699992,1765336545.973309,1765336347,0.316112,0.000333,0.000000,0.000000,0.000000,0.000000,0.000000,-0.344366
30.720060,1765336545.993366,1765336347,0.316112,0.000333,0.000000,0.000000,0.000000,0.000000,0.000000,0.344366
30.740083,1765336546.013398,1765336347,0.316112,0.000333,0.000000,0.000000,0.000000,0.000000,0.000000,-0.344366
30.760124,1765336546.033453,1765336347,0.316112,0.000333,0.000000,0.000000,0.000000,0.000000,0.000000,0.344366
30.780146,1765336546.053482,1765336347,0.316112,0.000333,0.000000,0.000000,0.000000,0.000000,0.000000,-0.344366
30.800104,1765336546.073418,1765336347,0.316112,0.000333,0.000000,0.000000,0.000000,0.000000,0.000000,0.344366
30.820088,1765336546.093395,1765336347,0.316112,0.000333,0.000000,0.000000,0.000000,0.000000,0.000000,0.344366
30.840157,1765336546.113493,1765336347,0.316112,0.000333,0.000000,0.000000,0.000000,0.000000,0.000000,0.344366
30.860194,1765336546.133540,1765336347,0.316112,0.000333,0.000000,0.000000,0.000000,0.000000,0.000000,0.344366
30.880151,1765336546.153466,1765336347,0.316112,0.000333,0.000000,0.000000,0.000000,0.000000,0.000000,0.344366
30.900184,1765336546.173512,1765336347,0.316112,0.000333,0.000000,0.000000,0.000000,0.000000,0.000000,0.000000
30.920168,1765336546.193483,1765336347,0.316112,0.000333,0.000000,0.000000,0.000000,0.000000,0.000000,0.344366
30.940165,1765336546.213475,1765336347,0.316112,0.000333,0.000000,0.000000,0.000000,0.000000,0.000000,-0.344366
30.960193,1765336546.233515,1765336347,0.316112,0.000333,0.000000,0.000000,0.000000,0.000000,0.000000,-0.344366
30.980243,1765336546.253574,1765336347,0.316112,0.000333,0.000000,0.000000,0.000000,0.000000,0.000000,0.344366
31.000295,1765336546.273623,1765336347,0.316112,0.000333,0.000000,0.000000,0.000000,0.000000,0.000000,0.000000
31.020226,1765336546.293515,1765336347,0.316112,0.000333,0.000000,0.000000,0.000000,0.000000,0.000000,-1.033098
31.040199,1765336546.313475,1765336347,0.316112,0.000333,0.000000,0.000000,0.000000,0.000000,0.000000,0.344366
31.060203,1765336546.333480,1765336347,0.316112,0.000333,0.000000,0.000000,0.000000,0.000000,0.000000,-0.344366
31.080224,1765336546.353508,1765336347,0.316112,0.000333,0.000000,0.000000,0.000000,0.000000,0.000000,0.000000
31.100219,1765336546.373499,1765336347,0.316112,0.000333,0.000000,0.000000,0.000000,0.000000,0.000000,0.344366
31.120224,1765336546.393504,1765336347,0.316112,0.000333,0.000000,0.000000,0.000000,0.000000,1.033098,-1.033098
31.140228,1765336546.413509,1765336347,0.316112,0.000333,0.000000,0.000000,0.000000,0.000000,0.000000,0.344366
31.160240,1765336546.433527,1765336347,0.316112,0.000333,0.000000,0.000000,0.000000,0.000000,0.000000,0.000000
31.180239,1765336546.453525,1765336347,0.316112,0.000333,0.000000,0.000000,0.000000,0.000000,0.000000,0.344366
31.200225,1765336546.473501,1765336347,0.316112,0.000333,0.000000,0.000000,0.000000,0.000000,0.000000,-0.344366
31.220236,1765336546.493516,1765336347,0.316112,0.000333,0.000000,0.000000,0.000000,0.000000,-0.344366,0.344366
31.240242,1765336546.513519,1765336347,0.316112,0.000333,0.000000,0.000000,0.000000,0.000000,0.000000,0.344366
31.260244,1765336546.533529,1765336347,0.316112,0.000333,0.000000,0.000000,0.000000,0.000000,0.000000,-0.344366
31.280248,1765336546.553538,1765336347,0.316112,0.000333,0.000000,0.000000,0.000000,0.000000,0.000000,-0.344366
31.300272,1765336546.573565,1765336347,0.316112,0.000333,0.000000,0.000000,0.000000,0.000000,0.000000,0.344366
31.320279,1765336546.593571,1765336347,0.316112,0.000333,0.000000,0.000000,0.000000,0.000000,0.000000,-0.344366
31.340277,1765336546.613570,1765336347,0.316112,0.000333,0.000000,0.000000,0.000000,0.000000,0.000000,0.000000
31.360276,1765336546.633566,1765336347,0.316112,0.000333,0.000000,0.000000,0.000000,0.000000,0.000000,-0.344366
31.380277,1765336546.653566,1765336347,0.316112,0.000333,0.000000,0.000000,0.000000,0.000000,0.000000,-0.344366
31.400299,1765336546.673599,1765336347,0.316112,0.000333,0.000000,0.000000,0.000000,0.000000,0.000000,-0.344366
31.420260,1765336546.693540,1765336347,0.316112,0.000333,0.000000,0.000000,0.000000,0.000000,0.000000,-0.344366
31.440277,1765336546.713561,1765336347,0.316112,0.000333,0.000000,0.000000,0.000000,0.000000,0.000000,0.344366
31.460273,1765336546.733551,1765336347,0.316112,0.000333,0.000000,0.000000,0.000000,0.000000,0.000000,0.344366
31.480268,1765336546.753547,1765336347,0.316112,0.000333,0.000000,0.000000,0.000000,0.000000,0.000000,-0.344366
31.500284,1765336546.773566,1765336347,0.316112,0.000333,0.000000,0.000000,0.000000,0.000000,0.000000,-0.344366
31.520279,1765336546.793563,1765336347,0.316112,0.000333,0.000000,0.000000,0.000000,0.000000,0.000000,-0.344366
31.540293,1765336546.813582,1765336347,0.316112,0.000333,0.000000,0.000000,0.000000,0.000000,0.000000,0.344366
31.560305,1765336546.833595,1765336347,0.316112,0.000333,0.000000,0.000000,0.000000,0.000000,0.000000,0.344366
31.580286,1765336546.853567,1765336347,0.316112,0.000333,0.000000,0.000000,0.000000,0.000000,-0.344366,0.000000
31.600305,1765336546.873591,1765336347,0.316112,0.000333,0.000000,0.000000,0.000000,0.000000,0.000000,0.344366
31.620338,1765336546.893643,1765336347,0.316112,0.000333,0.000000,0.000000,0.000000,0.000000,0.000000,0.000000
31.640298,1765336546.913579,1765336347,0.316112,0.000333,0.000000,0.000000,0.000000,0.000000,0.000000,-0.344366
31.660291,1765336546.933567,1765336347,0.316112,0.000333,0.000000,0.000000,0.000000,0.000000,0.000000,-0.344366
31.680303,1765336546.953583,1765336347,0.316112,0.000333,0.000000,0.000000,0.000000,0.000000,0.000000,0.344366
31.700304,1765336546.973583,1765336347,0.316112,0.000333,0.000000,0.000000,0.000000,0.000000,0.000000,0.344366
31.720308,1765336546.993587,1765336347,0.316112,0.000333,0.000000,0.000000,0.000000,0.000000,0.000000,0.344366
31.740308,1765336547.013587,1765336347,0.316112,0.000333,0.000000,0.000000,0.000000,0.000000,0.000000,0.344366
31.760331,1765336547.033618,1765336347,0.316112,0.000333,0.000000,0.000000,0.000000,0.000000,0.000000,-0.344366
31.780335,1765336547.053628,1765336347,0.316112,0.000333,0.000000,0.000000,0.000000,0.000000,0.000000,-0.344366
31.800346,1765336547.073641,1765336347,0.316112,0.000333,0.000000,0.000000,0.000000,0.000000,0.000000,0.344366
31.820357,1765336547.093656,1765336347,0.316112,0.000333,0.000000,0.000000,0.000000,0.000000,0.000000,0.000000
31.840362,1765336547.113662,1765336347,0.316112,0.000333,0.000000,0.000000,0.000000,0.000000,-0.344366,-0.344366
31.860338,1765336547.133630,1765336347,0.316112,0.000333,0.000000,0.000000,0.000000,0.000000,0.000000,-0.344366
31.880397,1765336547.153710,1765336347,0.316112,0.000333,0.000000,0.000000,0.000000,0.000000,0.000000,0.344366
31.900397,1765336547.173706,1765336347,0.316112,0.000333,0.000000,0.000000,0.000000,0.000000,0.000000,0.344366
31.920428,1765336547.193754,1765336347,0.316112,0.000333,0.000000,0.000000,0.000000,0.000000,0.000000,-0.344366
31.940374,1765336547.213671,1765336347,0.316112,0.000333,0.000000,0.000000,0.000000,0.000000,0.000000,-0.344366
31.960461,1765336547.233789,1765336347,0.316112,0.000333,0.000000,0.000000,0.000000,0.000000,0.000000,0.000000
31.980390,1765336547.253690,1765336347,0.316112,0.000333,0.000000,0.000000,0.000000,0.000000,0.000000,0.000000
32.000455,1765336547.273788,1765336347,0.316112,0.000333,0.000000,0.000000,0.000000,0.000000,0.000000,0.000000
32.020416,1765336547.293713,1765336347,0.316112,0.000333,0.000000,0.000000,0.000000,0.000000,0.000000,0.000000
32.040488,1765336547.313829,1765336347,0.316112,0.000333,0.000000,0.000000,0.000000,0.000000,0.000000,-0.344366
32.060550,1765336547.333930,1765336347,0.316112,0.000333,0.000000,0.000000,0.000000,0.000000,0.000000,0.000000
32.080412,1765336547.353702,1765336347,0.316112,0.000333,0.000000,0.000000,0.000000,0.000000,-0.688732,0.344366
32.100452,1765336547.373759,1765336347,0.316112,0.000333,0.000000,0.000000,0.000000,0.000000,0.000000,-0.344366
32.120472,1765336547.393789,1765336347,0.316112,0.000333,0.000000,0.000000,0.000000,0.000000,0.000000,0.344366
32.140503,1765336547.413837,1765336347,0.316112,0.000333,0.000000,0.000000,0.000000,0.000000,-0.344366,0.000000
32.160486,1765336547.433803,1765336347,0.316112,0.000333,0.000000,0.000000,0.000000,0.000000,0.000000,0.000000
32.180449,1765336547.453753,1765336347,0.316112,0.000333,0.000000,0.000000,0.000000,0.000000,0.000000,0.000000
32.200485,1765336547.473794,1765336347,0.316112,0.000333,0.000000,0.000000,0.000000,0.000000,0.000000,0.000000
32.220447,1765336547.493738,1765336347,0.316112,0.000333,0.000000,0.000000,0.000000,0.000000,0.000000,0.344366
32.240540,1765336547.513883,1765336347,0.316112,0.000333,0.000000,0.000000,0.000000,0.000000,0.000000,-0.344366
32.260473,1765336547.533772,1765336347,0.316112,0.000333,0.000000,0.000000,0.000000,0.000000,0.000000,-0.344366
32.280496,1765336547.553795,1765336347,0.316112,0.000333,0.000000,0.000000,0.000000,0.000000,0.000000,0.000000
32.300489,1765336547.573812,1765336347,0.316112,0.000333,0.000000,0.000000,0.000000,0.000000,0.000000,0.000000
32.320514,1765336547.593825,1765336347,0.316112,0.000333,0.000000,0.000000,0.000000,0.000000,0.000000,-0.344366
32.340532,1765336547.613847,1765336347,0.316112,0.000333,0.000000,0.000000,0.000000,0.000000,0.000000,0.000000
32.360507,1765336547.633810,1765336347,0.316112,0.000333,0.000000,0.000000,0.000000,0.000000,0.000000,0.344366
32.380512,1765336547.653815,1765336347,0.316112,0.000333,0.000000,0.000000,0.000000,0.000000,0.000000,-0.344366
32.400510,1765336547.673805,1765336347,0.316112,0.000333,0.000000,0.000000,0.000000,0.000000,0.000000,0.000000
32.420584,1765336547.693915,1765336347,0.316112,0.000333,0.000000,0.000000,0.000000,0.000000,0.000000,0.344366
32.440528,1765336547.713818,1765336347,0.316112,0.000333,0.000000,0.000000,0.000000,0.000000,0.000000,0.000000
32.460575,1765336547.733886,1765336347,0.316112,0.000333,0.000000,0.000000,0.000000,0.000000,0.000000,0.000000
32.480592,1765336547.753908,1765336347,0.316112,0.000333,0.000000,0.000000,0.000000,0.000000,0.000000,-0.344366
32.500599,1765336547.773915,1765336347,0.316112,0.000333,0.000000,0.000000,0.000000,0.000000,0.000000,0.000000
32.520597,1765336547.793909,1765336347,0.316112,0.000333,0.000000,0.000000,0.000000,0.000000,0.000000,0.000000
32.540636,1765336547.813954,1765336347,0.316112,0.000333,0.000000,0.000000,0.000000,0.000000,0.000000,-0.344366
32.560673,1765336547.834019,1765336347,0.316112,0.000333,0.000000,0.000000,0.000000,0.000000,0.000000,0.000000
32.580711,1765336547.854071,1765336347,0.316112,0.000333,0.000000,0.000000,0.000000,0.000000,0.000000,0.344366
32.600769,1765336547.874129,1765336347,0.316112,0.000333,0.000000,0.000000,0.000000,0.000000,-0.344366,0.344366
32.620739,1765336547.894068,1765336347,0.316112,0.000333,0.000000,0.000000,0.000000,0.000000,0.000000,-0.344366
32.640741,1765336547.914069,1765336347,0.316112,0.000333,0.000000,0.000000,0.000000,0.000000,0.000000,0.000000
32.660735,1765336547.934056,1765336347,0.316112,0.000333,0.000000,0.000000,0.000000,0.000000,0.000000,0.344366
32.680744,1765336547.954066,1765336347,0.316112,0.000333,0.000000,0.000000,0.000000,0.000000,0.000000,0.000000
32.700714,1765336547.974035,1765336347,0.316112,0.000333,0.000000,0.000000,0.000000,0.000000,0.000000,-0.344366
32.720830,1765336547.994190,1765336347,0.316112,0.000333,0.000000,0.000000,0.000000,0.000000,0.000000,0.344366
32.740843,1765336548.014203,1765336347,0.316112,0.000333,0.000000,0.000000,0.000000,0.000000,0.000000,0.344366
32.760833,1765336548.034178,1765336347,0.316112,0.000333,0.000000,0.000000,0.000000,0.000000,0.000000,0.000000
32.780828,1765336548.054164,1765336347,0.316112,0.000333,0.000000,0.000000,0.000000,0.000000,0.000000,0.344366
32.800865,1765336548.074204,1765336347,0.316112,0.000333,0.000000,0.000000,0.000000,0.000000,0.000000,0.000000
32.820851,1765336548.094186,1765336347,0.316112,0.000333,0.000000,0.000000,0.000000,0.000000,-0.688732,0.344366
32.840849,1765336548.114178,1765336347,0.316112,0.000333,0.000000,0.000000,0.000000,0.000000,0.000000,-0.344366
32.860859,1765336548.134187,1765336347,0.316112,0.000333,0.000000,0.000000,0.000000,0.000000,0.000000,-0.344366
32.880855,1765336548.154176,1765336347,0.316112,0.000333,0.000000,0.000000,0.000000,0.000000,0.000000,-0.344366
32.900863,1765336548.174184,1765336347,0.316112,0.000333,0.000000,0.000000,0.000000,0.000000,0.000000,-0.344366
32.920888,1765336548.194216,1765336347,0.316112,0.000333,0.000000,0.000000,0.000000,0.000000,0.000000,0.344366
32.940881,1765336548.214203,1765336347,0.316112,0.000333,0.000000,0.000000,0.000000,0.000000,0.000000,-0.344366
32.960890,1765336548.234211,1765336347,0.316112,0.000333,0.000000,0.000000,0.000000,0.000000,0.000000,-0.344366
32.980911,1765336548.254239,1765336347,0.316112,0.000333,0.000000,0.000000,0.000000,0.000000,0.000000,-0.344366
33.000925,1765336548.274253,1765336347,0.316112,0.000333,0.000000,0.000000,0.000000,0.000000,0.000000,-0.344366
33.020935,1765336548.294264,1765336347,0.316112,0.000333,0.000000,0.000000,0.000000,0.000000,0.000000,-0.344366
33.040946,1765336548.314274,1765336347,0.316112,0.000333,0.000000,0.000000,0.000000,0.000000,0.000000,0.000000
33.060873,1765336548.334158,1765336347,0.316112,0.000333,0.000000,0.000000,0.000000,0.000000,0.000000,0.000000
33.080939,1765336548.354262,1765336347,0.316112,0.000333,0.000000,0.000000,0.000000,0.000000,0.000000,-0.344366
33.100950,1765336548.374271,1765336347,0.316112,0.000333,0.000000,0.000000,0.000000,0.000000,0.000000,0.344366
33.120956,1765336548.394278,1765336347,0.316112,0.000333,0.000000,0.000000,0.000000,0.000000,0.000000,-0.344366
33.140980,1765336548.414339,1765336347,0.316112,0.000333,0.000000,0.000000,0.000000,0.000000,0.000000,0.344366
33.160989,1765336548.434352,1765336347,0.316112,0.000333,0.000000,0.000000,0.000000,0.000000,0.000000,-0.344366
33.180997,1765336548.454355,1765336347,0.316112,0.000333,0.000000,0.000000,0.000000,0.000000,0.000000,0.000000
33.201009,1765336548.474358,1765336347,0.316112,0.000333,0.000000,0.000000,0.000000,0.000000,0.000000,0.344366
33.221070,1765336548.494418,1765336347,0.316112,0.000333,0.000000,0.000000,0.000000,0.000000,0.000000,-0.344366
33.241107,1765336548.514468,1765336347,0.316112,0.000333,0.000000,0.000000,0.000000,0.000000,-0.344366,0.344366
33.261106,1765336548.534445,1765336347,0.316112,0.000333,0.000000,0.000000,0.000000,0.000000,0.000000,0.000000
33.281098,1765336548.554435,1765336347,0.316112,0.000333,0.000000,0.000000,0.000000,0.000000,0.000000,0.344366
33.301106,1765336548.574442,1765336347,0.316112,0.000333,0.000000,0.000000,0.000000,0.000000,0.000000,-0.344366
33.321129,1765336548.594461,1765336347,0.316112,0.000333,0.000000,0.000000,0.000000,0.000000,0.000000,0.000000
33.341101,1765336548.614432,1765336347,0.316112,0.000333,0.000000,0.000000,0.000000,0.000000,0.000000,-0.344366
33.361117,1765336548.634445,1765336347,0.316112,0.000333,0.000000,0.000000,0.000000,0.000000,0.000000,-0.344366
33.381125,1765336548.654454,1765336347,0.316112,0.000333,0.000000,0.000000,0.000000,0.000000,0.000000,-0.344366
33.401138,1765336548.674466,1765336347,0.316112,0.000333,0.000000,0.000000,0.000000,0.000000,0.000000,-0.344366
33.421144,1765336548.694472,1765336347,0.316112,0.000333,0.000000,0.000000,0.000000,0.000000,0.000000,-0.344366
33.441095,1765336548.714414,1765336347,0.316112,0.000333,0.000000,0.000000,0.000000,0.000000,-0.344366,-0.344366
33.461213,1765336548.734572,1765336347,0.316112,0.000333,0.000000,0.000000,0.000000,0.000000,0.000000,0.344366
33.481225,1765336548.754585,1765336347,0.316112,0.000333,0.000000,0.000000,0.000000,0.000000,0.000000,0.000000
33.501216,1765336548.774563,1765336347,0.316112,0.000333,0.000000,0.000000,0.000000,0.000000,0.000000,0.344366
33.521130,1765336548.794435,1765336347,0.316112,0.000333,0.000000,0.000000,0.000000,0.000000,0.000000,0.344366
33.541220,1765336548.814556,1765336347,0.316112,0.000333,0.000000,0.000000,0.000000,0.000000,0.000000,-0.344366
33.561230,1765336548.834566,1765336347,0.316112,0.000333,0.000000,0.000000,0.000000,0.000000,0.000000,-0.344366
33.581265,1765336548.854604,1765336347,0.316112,0.000333,0.000000,0.000000,0.000000,0.000000,0.000000,-0.344366
33.601249,1765336548.874585,1765336347,0.316112,0.000333,0.000000,0.000000,0.000000,0.000000,0.000000,-1.033098
33.621260,1765336548.894596,1765336347,0.316112,0.000333,0.000000,0.000000,0.000000,0.000000,0.000000,0.000000
33.641177,1765336548.914452,1765336347,0.316112,0.000333,0.000000,0.000000,0.000000,0.000000,0.000000,0.344366
33.661171,1765336548.934456,1765336347,0.316112,0.000333,0.000000,0.000000,0.000000,0.000000,0.000000,-0.344366
33.681166,1765336548.954452,1765336347,0.316112,0.000333,0.000000,0.000000,0.000000,0.000000,0.000000,-0.344366
33.701425,1765336548.974766,1765336347,0.316112,0.000333,0.000000,0.000000,0.000000,0.000000,0.000000,-0.344366
33.721402,1765336548.994730,1765336347,0.316112,0.000333,0.000000,0.000000,0.000000,0.000000,0.000000,0.344366
33.741410,1765336549.014738,1765336347,0.316112,0.000333,0.000000,0.000000,0.000000,0.000000,0.000000,-1.033098
33.761343,1765336549.034648,1765336347,0.316112,0.000333,0.000000,0.000000,0.000000,0.000000,0.000000,0.000000
33.781352,1765336549.054654,1765336347,0.316112,0.000333,0.000000,0.000000,0.000000,0.000000,0.000000,0.000000
33.801353,1765336549.074653,1765336347,0.316112,0.000333,0.000000,0.000000,0.000000,0.000000,0.000000,0.000000
33.821356,1765336549.094657,1765336347,0.316112,0.000333,0.000000,0.000000,0.000000,0.000000,0.000000,0.344366
33.841373,1765336549.114673,1765336347,0.316112,0.000333,0.000000,0.000000,0.000000,0.000000,-0.344366,-0.344366
33.861365,1765336549.134666,1765336347,0.316112,0.000333,0.000000,0.000000,0.000000,0.000000,0.000000,0.000000
33.881464,1765336549.154809,1765336347,0.316112,0.000333,0.000000,0.000000,0.000000,0.000000,0.000000,0.344366
33.901410,1765336549.174717,1765336347,0.316112,0.000333,0.000000,0.000000,0.000000,0.000000,0.000000,0.000000
33.921490,1765336549.194836,1765336347,0.316112,0.000333,0.000000,0.000000,0.000000,0.000000,0.000000,-0.344366
33.941485,1765336549.214820,1765336347,0.316112,0.000333,0.000000,0.000000,0.000000,0.000000,0.000000,0.000000
33.961535,1765336549.234895,1765336347,0.316112,0.000333,0.000000,0.000000,0.000000,0.000000,0.000000,0.344366
33.981547,1765336549.254906,1765336347,0.316112,0.000333,0.000000,0.000000,0.000000,0.000000,-0.344366,-0.344366
34.001537,1765336549.274882,1765336347,0.316112,0.000333,0.000000,0.000000,0.000000,0.000000,0.000000,0.344366
34.021548,1765336549.294892,1765336347,0.316112,0.000333,0.000000,0.000000,0.000000,0.000000,0.000000,-0.344366
34.041542,1765336549.314877,1765336347,0.316112,0.000333,0.000000,0.000000,0.000000,0.000000,0.000000,-0.344366
34.061436,1765336549.334714,1765336347,0.316112,0.000333,0.000000,0.000000,0.000000,0.000000,0.000000,-1.033098
34.081474,1765336549.354767,1765336347,0.316112,0.000333,0.000000,0.000000,0.000000,0.000000,0.000000,0.344366
34.101520,1765336549.374829,1765336347,0.316112,0.000333,0.000000,0.000000,0.000000,0.000000,0.000000,-0.344366
34.121584,1765336549.394930,1765336347,0.316112,0.000333,0.000000,0.000000,0.000000,0.000000,0.000000,0.344366
34.141578,1765336549.414913,1765336347,0.316112,0.000333,0.000000,0.000000,0.000000,0.000000,0.000000,0.344366
34.161590,1765336549.434926,1765336347,0.316112,0.000333,0.000000,0.000000,0.000000,0.000000,0.000000,0.000000
34.181601,1765336549.454936,1765336347,0.316112,0.000333,0.000000,0.000000,0.000000,0.000000,-0.688732,0.000000
34.201610,1765336549.474946,1765336347,0.316112,0.000333,0.000000,0.000000,0.000000,0.000000,0.000000,-0.344366
34.221622,1765336549.494957,1765336347,0.316112,0.000333,0.000000,0.000000,0.000000,0.000000,0.000000,0.000000
34.241620,1765336549.514949,1765336347,0.316112,0.000333,0.000000,0.000000,0.000000,0.000000,0.000000,-0.344366
34.261641,1765336549.534976,1765336347,0.316112,0.000333,0.000000,0.000000,0.000000,0.000000,0.000000,0.344366
34.281652,1765336549.554989,1765336347,0.316112,0.000333,0.000000,0.000000,0.000000,0.000000,0.000000,-0.344366
34.301681,1765336549.575026,1765336347,0.316112,0.000333,0.000000,0.000000,0.000000,0.000000,0.000000,0.344366
34.321676,1765336549.595011,1765336347,0.316112,0.000333,0.000000,0.000000,0.000000,0.000000,0.000000,0.344366
34.341674,1765336549.615003,1765336347,0.316112,0.000333,0.000000,0.000000,0.000000,0.000000,0.000000,0.000000
34.361710,1765336549.635041,1765336347,0.316112,0.000333,0.000000,0.000000,0.000000,0.000000,0.000000,-0.344366
34.381695,1765336549.655023,1765336347,0.316112,0.000333,0.000000,0.000000,0.000000,0.000000,-0.344366,0.000000
34.401757,1765336549.675117,1765336347,0.316112,0.000333,0.000000,0.000000,0.000000,0.000000,0.000000,0.000000
34.421769,1765336549.695129,1765336347,0.316112,0.000333,0.000000,0.000000,0.000000,0.000000,0.000000,0.000000
34.441759,1765336549.715106,1765336347,0.316112,0.000333,0.000000,0.000000,0.000000,0.000000,0.000000,0.000000
34.461771,1765336549.735117,1765336347,0.316112,0.000333,0.000000,0.000000,0.000000,0.000000,0.000000,-0.344366
34.481766,1765336549.755102,1765336347,0.316112,0.000333,0.000000,0.000000,0.000000,0.000000,0.000000,0.000000
34.501776,1765336549.775112,1765336347,0.316112,0.000333,0.000000,0.000000,0.000000,0.000000,0.000000,0.344366
34.521787,1765336549.795122,1765336347,0.316112,0.000333,0.000000,0.000000,0.000000,0.000000,0.000000,0.000000
34.541796,1765336549.815132,1765336347,0.316112,0.000333,0.000000,0.000000,0.000000,0.000000,0.000000,0.344366
34.561806,1765336549.835142,1765336347,0.316112,0.000333,0.000000,0.000000,0.000000,0.000000,0.000000,0.344366
34.581817,1765336549.855153,1765336347,0.316112,0.000333,0.000000,0.000000,0.000000,0.000000,0.344366,0.000000
34.601828,1765336549.875163,1765336347,0.316112,0.000333,0.000000,0.000000,0.000000,0.000000,0.000000,0.344366
34.621791,1765336549.895111,1765336347,0.316112,0.000333,0.000000,0.000000,0.000000,0.000000,0.000000,-0.344366
34.641790,1765336549.915109,1765336347,0.316112,0.000333,0.000000,0.000000,0.000000,0.000000,0.000000,0.344366
34.661821,1765336549.935139,1765336347,0.316112,0.000333,0.000000,0.000000,0.000000,0.000000,0.000000,0.000000
34.681848,1765336549.955188,1765336347,0.316112,0.000333,0.000000,0.000000,0.000000,0.000000,0.000000,0.000000
34.701849,1765336549.975178,1765336347,0.316112,0.000333,0.000000,0.000000,0.000000,0.000000,0.000000,0.000000
34.721859,1765336549.995189,1765336347,0.316112,0.000333,0.000000,0.000000,0.000000,0.000000,0.000000,0.344366
34.741868,1765336550.015199,1765336347,0.316112,0.000333,0.000000,0.000000,0.000000,0.000000,-0.344366,-0.344366
34.761896,1765336550.035207,1765336347,0.316112,0.000333,0.000000,0.000000,0.000000,0.000000,0.000000,0.000000
34.781905,1765336550.055216,1765336347,0.316112,0.000333,0.000000,0.000000,0.000000,0.000000,0.000000,0.000000
34.801918,1765336550.075228,1765336347,0.316112,0.000333,0.000000,0.000000,0.000000,0.000000,0.000000,-0.344366
34.822050,1765336550.095413,1765336347,0.316112,0.000333,0.000000,0.000000,0.000000,0.000000,0.000000,0.344366
34.841996,1765336550.115354,1765336347,0.316112,0.000333,0.000000,0.000000,0.000000,0.000000,2.066195,0.344366
34.861969,1765336550.135306,1765336347,0.316112,0.000333,0.000000,0.000000,0.000000,0.000000,-0.344366,0.000000
34.881987,1765336550.155319,1765336347,0.316112,0.000333,0.000000,0.000000,0.000000,0.000000,-0.688732,-0.344366
34.901981,1765336550.175321,1765336347,0.316112,0.000333,0.000000,0.000000,0.000000,0.000000,0.000000,0.344366
34.921975,1765336550.195298,1765336347,0.316112,0.000333,0.000000,0.000000,0.000000,0.000000,0.000000,-0.344366
34.941989,1765336550.215320,1765336347,0.316112,0.000333,0.000000,0.000000,0.000000,0.000000,0.000000,-0.344366
34.961996,1765336550.235329,1765336347,0.316112,0.000333,0.000000,0.000000,0.000000,0.000000,0.000000,0.344366
34.982033,1765336550.255351,1765336347,0.316112,0.000333,0.000000,0.000000,0.000000,0.000000,0.000000,0.344366
35.002037,1765336550.275354,1765336347,0.316112,0.000333,0.000000,0.000000,0.000000,0.000000,0.000000,-0.344366
35.022062,1765336550.295385,1765336347,0.316112,0.000333,0.000000,0.000000,0.000000,0.000000,0.000000,-0.344366
35.042067,1765336550.315390,1765336347,0.316112,0.000333,0.000000,0.000000,0.000000,0.000000,0.000000,-0.344366
35.061983,1765336550.335267,1765336347,0.316112,0.000333,0.000000,0.000000,0.000000,0.000000,0.000000,-0.344366
35.082038,1765336550.355354,1765336347,0.316112,0.000333,0.000000,0.000000,0.000000,0.000000,0.000000,0.344366
35.102000,1765336550.375310,1765336347,0.316112,0.000333,0.000000,0.000000,0.000000,0.000000,0.000000,0.000000
35.122161,1765336550.395521,1765336347,0.316112,0.000333,0.000000,0.000000,0.000000,0.000000,0.000000,0.344366
35.142176,1765336550.415523,1765336347,0.316112,0.000333,0.000000,0.000000,0.000000,0.000000,0.000000,0.344366
35.162101,1765336550.435417,1765336347,0.316112,0.000333,0.000000,0.000000,0.000000,0.000000,0.000000,0.000000
35.182120,1765336550.455441,1765336347,0.316112,0.000333,0.000000,0.000000,0.000000,0.000000,0.000000,-0.344366
35.202142,1765336550.475475,1765336347,0.316112,0.000333,0.000000,0.000000,0.000000,0.000000,0.000000,0.000000
35.222220,1765336550.495580,1765336347,0.316112,0.000333,0.000000,0.000000,0.000000,0.000000,0.000000,0.344366
35.242210,1765336550.515556,1765336347,0.316112,0.000333,0.000000,0.000000,0.000000,0.000000,0.000000,0.000000
35.262205,1765336550.535541,1765336347,0.316112,0.000333,0.000000,0.000000,0.000000,0.000000,0.000000,-0.344366
35.282215,1765336550.555552,1765336347,0.316112,0.000333,0.000000,0.000000,0.000000,0.000000,0.000000,-0.344366
35.302226,1765336550.575562,1765336347,0.316112,0.000333,0.000000,0.000000,0.000000,0.000000,0.000000,0.000000
35.322235,1765336550.595572,1765336347,0.316112,0.000333,0.000000,0.000000,0.000000,0.000000,0.000000,0.688732
35.342234,1765336550.615562,1765336347,0.316112,0.000333,0.000000,0.000000,0.000000,0.000000,0.000000,0.344366
35.362255,1765336550.635592,1765336347,0.316112,0.000333,0.000000,0.000000,0.000000,0.000000,-0.344366,0.000000
35.382252,1765336550.655581,1765336347,0.316112,0.000333,0.000000,0.000000,0.000000,0.000000,0.000000,0.000000
35.402289,1765336550.675616,1765336347,0.316112,0.000333,0.000000,0.000000,0.000000,0.000000,0.000000,0.000000
35.422270,1765336550.695597,1765336347,0.316112,0.000333,0.000000,0.000000,0.000000,0.000000,0.000000,0.344366
35.442292,1765336550.715624,1765336347,0.316112,0.000333,0.000000,0.000000,0.000000,0.000000,0.000000,0.000000
35.462302,1765336550.735638,1765336347,0.316112,0.000333,0.000000,0.000000,0.000000,0.000000,0.000000,0.000000
35.482313,1765336550.755649,1765336347,0.316112,0.000333,0.000000,0.000000,0.000000,0.000000,0.000000,0.000000
35.502311,1765336550.775639,1765336347,0.316112,0.000333,0.000000,0.000000,0.000000,0.000000,0.000000,-0.344366
35.522310,1765336550.795631,1765336347,0.316112,0.000333,0.000000,0.000000,0.000000,0.000000,0.000000,0.000000
35.542315,1765336550.815636,1765336347,0.316112,0.000333,0.000000,0.000000,0.000000,0.000000,0.000000,-1.033098
35.562340,1765336550.835670,1765336347,0.316112,0.000333,0.000000,0.000000,0.000000,0.000000,0.000000,0.000000
35.582363,1765336550.855698,1765336347,0.316112,0.000333,0.000000,0.000000,0.000000,0.000000,0.000000,-0.344366
35.602374,1765336550.875711,1765336347,0.316112,0.000333,0.000000,0.000000,0.000000,0.000000,0.000000,0.344366
35.622383,1765336550.895711,1765336347,0.316112,0.000333,0.000000,0.000000,0.000000,0.000000,-0.688732,0.000000
35.642396,1765336550.915732,1765336347,0.316112,0.000333,0.000000,0.000000,0.000000,0.000000,0.000000,0.000000
35.662435,1765336550.935775,1765336347,0.316112,0.000333,0.000000,0.000000,0.000000,0.000000,0.000000,0.344366
35.682418,1765336550.955755,1765336347,0.316112,0.000333,0.000000,0.000000,0.000000,0.000000,0.000000,-0.344366
35.702429,1765336550.975765,1765336347,0.316112,0.000333,0.000000,0.000000,0.000000,0.000000,0.000000,0.000000
35.722361,1765336550.995669,1765336347,0.316112,0.000333,0.000000,0.000000,0.000000,0.000000,0.000000,-0.344366
35.742422,1765336551.015743,1765336347,0.316112,0.000333,0.000000,0.000000,0.000000,0.000000,0.000000,-0.344366
35.762446,1765336551.035774,1765336347,0.316112,0.000333,0.000000,0.000000,0.000000,0.000000,0.000000,0.344366
35.782455,1765336551.055783,1765336347,0.316112,0.000333,0.000000,0.000000,0.000000,0.000000,0.000000,0.000000
35.802477,1765336551.075813,1765336347,0.316112,0.000333,0.000000,0.000000,0.000000,0.000000,0.000000,0.000000
35.822478,1765336551.095806,1765336347,0.316112,0.000333,0.000000,0.000000,0.000000,0.000000,0.000000,0.344366
35.842488,1765336551.115816,1765336347,0.316112,0.000333,0.000000,0.000000,0.000000,0.000000,0.000000,-0.344366
35.862551,1765336551.135910,1765336347,0.316112,0.000333,0.000000,0.000000,0.000000,0.000000,0.000000,0.000000
35.882564,1765336551.155923,1765336347,0.316112,0.000333,0.000000,0.000000,0.000000,0.000000,0.000000,0.344366
35.902577,1765336551.175937,1765336347,0.316112,0.000333,0.000000,0.000000,0.000000,0.000000,0.000000,0.000000
35.922594,1765336551.195943,1765336347,0.316112,0.000333,0.000000,0.000000,0.000000,0.000000,0.000000,0.344366
35.942549,1765336551.215878,1765336347,0.316112,0.000333,0.000000,0.000000,0.000000,0.000000,0.000000,0.344366
35.962559,1765336551.235888,1765336347,0.316112,0.000333,0.000000,0.000000,0.000000,0.000000,0.000000,-0.344366
35.982582,1765336551.255917,1765336347,0.316112,0.000333,0.000000,0.000000,0.000000,0.000000,0.000000,0.344366
36.002592,1765336551.275928,1765336347,0.316112,0.000333,0.000000,0.000000,0.000000,0.000000,0.000000,0.000000
36.022603,1765336551.295938,1765336347,0.316112,0.000333,0.000000,0.000000,0.000000,0.000000,0.000000,0.000000
36.042614,1765336551.315950,1765336347,0.316112,0.000333,0.000000,0.000000,0.000000,0.000000,0.000000,0.000000
36.062578,1765336551.335914,1765336347,0.316112,0.000333,0.000000,0.000000,0.000000,0.000000,0.000000,-0.344366
36.082555,1765336551.355852,1765336347,0.316112,0.000333,0.000000,0.000000,0.000000,0.000000,0.000000,-0.344366
36.102579,1765336551.375887,1765336347,0.316112,0.000333,0.000000,0.000000,0.000000,0.000000,0.000000,-0.344366
36.122612,1765336551.395932,1765336347,0.316112,0.000333,0.000000,0.000000,0.000000,0.000000,-0.688732,0.000000
36.142635,1765336551.415964,1765336347,0.316112,0.000333,0.000000,0.000000,0.000000,0.000000,0.000000,0.344366
36.162645,1765336551.435973,1765336347,0.316112,0.000333,0.000000,0.000000,0.000000,0.000000,0.000000,0.344366
36.182743,1765336551.456107,1765336347,0.316112,0.000333,0.000000,0.000000,0.000000,0.000000,0.000000,0.000000
36.202720,1765336551.476080,1765336347,0.316112,0.000333,0.000000,0.000000,0.000000,0.000000,-0.688732,-0.344366
36.222693,1765336551.496029,1765336347,0.316112,0.000333,0.000000,0.000000,0.000000,0.000000,0.000000,0.344366
36.242654,1765336551.515965,1765336347,0.316112,0.000333,0.000000,0.000000,0.000000,0.000000,0.000000,0.000000
36.262589,1765336551.535865,1765336347,0.316112,0.000333,0.000000,0.000000,0.000000,0.000000,0.000000,0.000000
36.282625,1765336551.555917,1765336347,0.316112,0.000333,0.000000,0.000000,0.000000,0.000000,0.000000,-0.344366
36.302636,1765336551.575932,1765336347,0.316112,0.000333,0.000000,0.000000,0.000000,0.000000,0.000000,-0.344366
36.322657,1765336551.595961,1765336347,0.316112,0.000333,0.000000,0.000000,0.000000,0.000000,0.000000,-0.344366
36.342670,1765336551.615977,1765336347,0.316112,0.000333,0.000000,0.000000,0.000000,0.000000,0.000000,0.344366
36.362703,1765336551.636024,1765336347,0.316112,0.000333,0.000000,0.000000,0.000000,0.000000,0.000000,-0.344366
36.382712,1765336551.656033,1765336347,0.316112,0.000333,0.000000,0.000000,0.000000,0.000000,0.000000,0.000000
36.402721,1765336551.676043,1765336347,0.316112,0.000333,0.000000,0.000000,0.000000,0.000000,0.000000,0.000000
36.422718,1765336551.696034,1765336347,0.316112,0.000333,0.000000,0.000000,0.000000,0.000000,0.000000,0.000000
36.442836,1765336551.716198,1765336347,0.316112,0.000333,0.000000,0.000000,0.000000,0.000000,0.000000,-0.344366
36.462793,1765336551.736140,1765336347,0.316112,0.000333,0.000000,0.000000,0.000000,0.000000,0.000000,0.000000
36.482787,1765336551.756124,1765336347,0.316112,0.000333,0.000000,0.000000,0.000000,0.000000,0.000000,-0.344366
36.502797,1765336551.776133,1765336347,0.316112,0.000333,0.000000,0.000000,0.000000,0.000000,0.000000,-0.344366
36.522780,1765336551.796101,1765336347,0.316112,0.000333,0.000000,0.000000,0.000000,0.000000,0.000000,0.000000
36.542803,1765336551.816131,1765336347,0.316112,0.000333,0.000000,0.000000,0.000000,0.000000,-0.344366,0.688732
36.562811,1765336551.836139,1765336347,0.316112,0.000333,0.000000,0.000000,0.000000,0.000000,0.000000,0.344366
36.582821,1765336551.856150,1765336347,0.316112,0.000333,0.000000,0.000000,0.000000,0.000000,0.000000,0.344366
36.602843,1765336551.876179,1765336347,0.316112,0.000333,0.000000,0.000000,0.000000,0.000000,0.000000,-0.344366
36.622841,1765336551.896169,1765336347,0.316112,0.000333,0.000000,0.000000,0.000000,0.000000,0.000000,0.000000
36.642851,1765336551.916179,1765336347,0.316112,0.000333,0.000000,0.000000,0.000000,0.000000,0.000000,0.000000
36.662860,1765336551.936188,1765336347,0.316112,0.000333,0.000000,0.000000,0.000000,0.000000,0.000000,0.344366
36.682853,1765336551.956174,1765336347,0.316112,0.000333,0.000000,0.000000,0.000000,0.000000,0.000000,0.000000
36.702901,1765336551.976233,1765336347,0.316112,0.000333,0.000000,0.000000,0.000000,0.000000,0.000000,0.000000
36.722884,1765336551.996212,1765336347,0.316112,0.000333,0.000000,0.000000,0.000000,0.000000,0.000000,0.000000
36.742893,1765336552.016221,1765336347,0.316112,0.000333,0.000000,0.000000,0.000000,0.000000,0.000000,0.344366
36.762902,1765336552.036231,1765336347,0.316112,0.000333,0.000000,0.000000,0.000000,0.000000,0.000000,-0.344366
36.782966,1765336552.056357,1765336347,0.316112,0.000333,0.000000,0.000000,0.000000,0.000000,-0.344366,0.344366
36.802939,1765336552.076274,1765336347,0.316112,0.000333,0.000000,0.000000,0.000000,0.000000,0.000000,0.000000
36.822949,1765336552.096318,1765336347,0.316112,0.000333,0.000000,0.000000,0.000000,0.000000,0.000000,-0.344366
36.842960,1765336552.116329,1765336347,0.316112,0.000333,0.000000,0.000000,0.000000,0.000000,0.000000,0.344366
36.862970,1765336552.136339,1765336347,0.316112,0.000333,0.000000,0.000000,0.000000,0.000000,0.000000,0.000000
36.882969,1765336552.156326,1765336347,0.316112,0.000333,0.000000,0.000000,0.000000,0.000000,0.000000,0.000000
36.902978,1765336552.176337,1765336347,0.316112,0.000333,0.000000,0.000000,0.000000,0.000000,0.000000,-0.344366
36.922987,1765336552.196346,1765336347,0.316112,0.000333,0.000000,0.000000,0.000000,0.000000,0.000000,0.344366
36.942983,1765336552.216322,1765336347,0.316112,0.000333,0.000000,0.000000,0.000000,0.000000,0.000000,-0.344366
36.963033,1765336552.236359,1765336347,0.316112,0.000333,0.000000,0.000000,0.000000,0.000000,0.000000,0.000000
36.983044,1765336552.256376,1765336347,0.316112,0.000333,0.000000,0.000000,0.000000,0.000000,0.000000,0.000000
37.003116,1765336552.276477,1765336347,0.316112,0.000333,0.000000,0.000000,0.000000,0.000000,0.000000,-0.344366
37.023108,1765336552.296455,1765336347,0.316112,0.000333,0.000000,0.000000,0.000000,0.000000,0.000000,-0.344366
37.043093,1765336552.316428,1765336347,0.316112,0.000333,0.000000,0.000000,0.000000,0.000000,0.000000,0.344366
37.063165,1765336552.336530,1765336347,0.316112,0.000333,0.000000,0.000000,0.000000,0.000000,0.000000,-0.344366
37.082986,1765336552.356276,1765336347,0.316112,0.000333,0.000000,0.000000,0.000000,0.000000,0.000000,0.000000
37.103036,1765336552.376343,1765336347,0.316112,0.000333,0.000000,0.000000,0.000000,0.000000,0.000000,0.344366
37.123103,1765336552.396431,1765336347,0.316112,0.000333,0.000000,0.000000,0.000000,0.000000,0.000000,-0.344366
37.143110,1765336552.416440,1765336347,0.316112,0.000333,0.000000,0.000000,0.000000,0.000000,0.000000,0.000000
37.163020,1765336552.436319,1765336347,0.316112,0.000333,0.000000,0.000000,0.000000,0.000000,0.000000,-0.344366
37.183125,1765336552.456462,1765336347,0.316112,0.000333,0.000000,0.000000,0.000000,0.000000,0.000000,0.000000
37.203163,1765336552.476509,1765336347,0.316112,0.000333,0.000000,0.000000,0.000000,0.000000,0.000000,0.000000
37.223178,1765336552.496516,1765336347,0.316112,0.000333,0.000000,0.000000,0.000000,0.000000,0.000000,0.344366
37.243215,1765336552.516574,1765336347,0.316112,0.000333,0.000000,0.000000,0.000000,0.000000,0.000000,-0.344366
37.263204,1765336552.536550,1765336347,0.316112,0.000333,0.000000,0.000000,0.000000,0.000000,0.000000,0.344366
37.283130,1765336552.556450,1765336347,0.316112,0.000333,0.000000,0.000000,0.000000,0.000000,0.000000,0.000000
37.303215,1765336552.576551,1765336347,0.316112,0.000333,0.000000,0.000000,0.000000,0.000000,0.000000,0.000000
37.323192,1765336552.596514,1765336347,0.316112,0.000333,0.000000,0.000000,0.000000,0.000000,0.000000,0.000000
37.343152,1765336552.616449,1765336347,0.316112,0.000333,0.000000,0.000000,0.000000,0.000000,0.000000,-0.344366
37.363156,1765336552.636453,1765336347,0.316112,0.000333,0.000000,0.000000,0.000000,0.000000,0.000000,-0.344366
37.383179,1765336552.656487,1765336347,0.316112,0.000333,0.000000,0.000000,0.000000,0.000000,0.000000,0.344366
37.403201,1765336552.676516,1765336347,0.316112,0.000333,0.000000,0.000000,0.000000,0.000000,0.000000,0.000000
37.423220,1765336552.696542,1765336347,0.316112,0.000333,0.000000,0.000000,0.000000,0.000000,0.000000,0.344366
37.443228,1765336552.716549,1765336347,0.316112,0.000333,0.000000,0.000000,0.000000,0.000000,0.000000,-0.344366
37.463252,1765336552.736580,1765336347,0.316112,0.000333,0.000000,0.000000,0.000000,0.000000,0.000000,0.000000
37.483174,1765336552.756454,1765336347,0.316112,0.000333,0.000000,0.000000,0.000000,0.000000,0.000000,0.344366
37.503195,1765336552.776489,1765336347,0.316112,0.000333,0.000000,0.000000,0.000000,0.000000,0.000000,-0.344366
37.523216,1765336552.796517,1765336347,0.316112,0.000333,0.000000,0.000000,0.000000,0.000000,-0.344366,0.344366
37.543238,1765336552.816547,1765336347,0.316112,0.000333,0.000000,0.000000,0.000000,0.000000,0.000000,0.000000
37.563232,1765336552.836528,1765336347,0.316112,0.000333,0.000000,0.000000,0.000000,0.000000,0.000000,0.344366
37.583247,1765336552.856548,1765336347,0.316112,0.000333,0.000000,0.000000,0.000000,0.000000,0.000000,0.000000
37.603279,1765336552.876595,1765336347,0.316112,0.000333,0.000000,0.000000,0.000000,0.000000,0.000000,0.344366
37.623298,1765336552.896619,1765336347,0.316112,0.000333,0.000000,0.000000,0.000000,0.000000,0.000000,0.344366
37.643321,1765336552.916650,1765336347,0.316112,0.000333,0.000000,0.000000,0.000000,0.000000,0.000000,0.344366
37.663331,1765336552.936660,1765336347,0.316112,0.000333,0.000000,0.000000,0.000000,0.000000,0.000000,-0.344366
37.683341,1765336552.956669,1765336347,0.316112,0.000333,0.000000,0.000000,0.000000,0.000000,0.000000,0.000000
37.703355,1765336552.976684,1765336347,0.316112,0.000333,0.000000,0.000000,0.000000,0.000000,0.000000,0.000000
37.723372,1765336552.996708,1765336347,0.316112,0.000333,0.000000,0.000000,0.000000,0.000000,0.000000,0.000000
37.743411,1765336553.016750,1765336347,0.316112,0.000333,0.000000,0.000000,0.000000,0.000000,0.000000,-0.344366
37.763411,1765336553.036746,1765336347,0.316112,0.000333,0.000000,0.000000,0.000000,0.000000,0.000000,-0.344366
37.783392,1765336553.056714,1765336347,0.316112,0.000333,0.000000,0.000000,0.000000,0.000000,0.000000,0.000000
37.803402,1765336553.076718,1765336347,0.316112,0.000333,0.000000,0.000000,0.000000,0.000000,0.000000,0.000000
37.823358,1765336553.096650,1765336347,0.316112,0.000333,0.000000,0.000000,0.000000,0.000000,0.000000,0.000000
37.843399,1765336553.116714,1765336347,0.316112,0.000333,0.000000,0.000000,0.000000,0.000000,-0.688732,-0.344366
37.863420,1765336553.136740,1765336347,0.316112,0.000333,0.000000,0.000000,0.000000,0.000000,-0.344366,0.344366
37.883446,1765336553.156774,1765336347,0.316112,0.000333,0.000000,0.000000,0.000000,0.000000,0.000000,-0.344366
37.903450,1765336553.176779,1765336347,0.316112,0.000333,0.000000,0.000000,0.000000,0.000000,0.000000,0.344366
37.923417,1765336553.196724,1765336347,0.316112,0.000333,0.000000,0.000000,0.000000,0.000000,0.000000,0.344366
37.943392,1765336553.216685,1765336347,0.316112,0.000333,0.000000,0.000000,0.000000,0.000000,0.000000,0.344366
37.963399,1765336553.236692,1765336347,0.316112,0.000333,0.000000,0.000000,0.000000,0.000000,0.000000,0.000000
37.983382,1765336553.256663,1765336347,0.316112,0.000333,0.000000,0.000000,0.000000,0.000000,0.000000,0.344366
38.003390,1765336553.276670,1765336347,0.316112,0.000333,0.000000,0.000000,0.000000,0.000000,0.000000,0.344366
38.023405,1765336553.296697,1765336347,0.316112,0.000333,0.000000,0.000000,0.000000,0.000000,0.000000,0.000000
38.043390,1765336553.316671,1765336347,0.316112,0.000333,0.000000,0.000000,0.000000,0.000000,0.000000,0.000000
38.063429,1765336553.336749,1765336347,0.316112,0.000333,0.000000,0.000000,0.000000,0.000000,0.000000,0.000000
38.083419,1765336553.356709,1765336347,0.316112,0.000333,0.000000,0.000000,0.000000,0.000000,0.000000,-0.344366
38.103409,1765336553.376693,1765336347,0.316112,0.000333,0.000000,0.000000,0.000000,0.000000,0.000000,0.000000
38.123411,1765336553.396695,1765336347,0.316112,0.000333,0.000000,0.000000,0.000000,0.000000,0.000000,-0.344366
38.143443,1765336553.416743,1765336347,0.316112,0.000333,0.000000,0.000000,0.000000,0.000000,0.000000,-0.344366
38.163471,1765336553.436783,1765336347,0.316112,0.000333,0.000000,0.000000,0.000000,0.000000,0.000000,-0.344366
38.183497,1765336553.456818,1765336347,0.316112,0.000333,0.000000,0.000000,0.000000,0.000000,0.000000,0.000000
38.203520,1765336553.476849,1765336347,0.316112,0.000333,0.000000,0.000000,0.000000,0.000000,0.000000,0.000000
38.223558,1765336553.496902,1765336347,0.316112,0.000333,0.000000,0.000000,0.000000,0.000000,0.000000,0.344366
38.243594,1765336553.516955,1765336347,0.316112,0.000333,0.000000,0.000000,0.000000,0.000000,0.000000,0.000000
38.263494,1765336553.536791,1765336347,0.316112,0.000333,0.000000,0.000000,0.000000,0.000000,0.000000,0.344366
38.283502,1765336553.556799,1765336347,0.316112,0.000333,0.000000,0.000000,0.000000,0.000000,0.000000,0.344366
38.303499,1765336553.576793,1765336347,0.316112,0.000333,0.000000,0.000000,0.000000,0.000000,0.000000,0.344366
38.323519,1765336553.596820,1765336347,0.316112,0.000333,0.000000,0.000000,0.000000,0.000000,0.000000,0.000000
38.343523,1765336553.616822,1765336347,0.316112,0.000333,0.000000,0.000000,0.000000,0.000000,0.000000,0.000000
38.363519,1765336553.636814,1765336347,0.316112,0.000333,0.000000,0.000000,0.000000,0.000000,0.000000,0.000000
38.383553,1765336553.656864,1765336347,0.316112,0.000333,0.000000,0.000000,0.000000,0.000000,0.000000,0.344366
38.403544,1765336553.676851,1765336347,0.316112,0.000333,0.000000,0.000000,0.000000,0.000000,0.000000,0.000000
38.423547,1765336553.696852,1765336347,0.316112,0.000333,0.000000,0.000000,0.000000,0.000000,0.000000,0.000000
38.443535,1765336553.716830,1765336347,0.316112,0.000333,0.000000,0.000000,0.000000,0.000000,0.000000,0.000000
38.463529,1765336553.736817,1765336347,0.316112,0.000333,0.000000,0.000000,0.000000,0.000000,0.000000,-0.344366
38.483549,1765336553.756847,1765336347,0.316112,0.000333,0.000000,0.000000,0.000000,0.000000,0.000000,-0.344366
38.503574,1765336553.776883,1765336347,0.316112,0.000333,0.000000,0.000000,0.000000,0.000000,0.000000,-0.344366
38.523562,1765336553.796856,1765336347,0.316112,0.000333,0.000000,0.000000,0.000000,0.000000,0.000000,0.000000
38.543610,1765336553.816942,1765336347,0.316112,0.000333,0.000000,0.000000,0.000000,0.000000,0.000000,0.000000
38.563558,1765336553.836848,1765336347,0.316112,0.000333,0.000000,0.000000,0.000000,0.000000,0.000000,0.344366
38.583557,1765336553.856846,1765336347,0.316112,0.000333,0.000000,0.000000,0.000000,0.000000,0.000000,0.000000
38.603568,1765336553.876858,1765336347,0.316112,0.000333,0.000000,0.000000,0.000000,0.000000,0.000000,-0.344366
38.623565,1765336553.896858,1765336347,0.316112,0.000333,0.000000,0.000000,0.000000,0.000000,0.000000,-0.344366
38.643534,1765336553.916812,1765336347,0.316112,0.000333,0.000000,0.000000,0.000000,0.000000,0.000000,0.000000
38.663544,1765336553.936822,1765336347,0.316112,0.000333,0.000000,0.000000,0.000000,0.000000,0.000000,-0.344366
38.683540,1765336553.956820,1765336347,0.316112,0.000333,0.000000,0.000000,0.000000,0.000000,0.000000,0.000000
38.703584,1765336553.976883,1765336347,0.316112,0.000333,0.000000,0.000000,0.000000,0.000000,0.000000,0.000000
38.723563,1765336553.996848,1765336347,0.316112,0.000333,0.000000,0.000000,0.000000,0.000000,0.000000,0.000000
38.743570,1765336554.016859,1765336347,0.316112,0.000333,0.000000,0.000000,0.000000,0.000000,0.000000,0.000000
38.763580,1765336554.036873,1765336347,0.316112,0.000333,0.000000,0.000000,0.000000,0.000000,-0.688732,0.000000
38.783611,1765336554.056911,1765336347,0.316112,0.000333,0.000000,0.000000,0.000000,0.000000,0.000000,0.000000
38.803589,1765336554.076882,1765336347,0.316112,0.000333,0.000000,0.000000,0.000000,0.000000,0.000000,-0.344366
38.823598,1765336554.096894,1765336347,0.316112,0.000333,0.000000,0.000000,0.000000,0.000000,0.000000,0.344366
38.843576,1765336554.116863,1765336347,0.316112,0.000333,0.000000,0.000000,0.000000,0.000000,0.000000,0.000000
38.863611,1765336554.136908,1765336347,0.316112,0.000333,0.000000,0.000000,0.000000,0.000000,0.000000,-0.344366
38.883572,1765336554.156850,1765336347,0.316112,0.000333,0.000000,0.000000,0.000000,0.000000,0.000000,0.000000
38.903590,1765336554.176873,1765336347,0.316112,0.000333,0.000000,0.000000,0.000000,0.000000,0.000000,-1.033098
38.923574,1765336554.196849,1765336347,0.316112,0.000333,0.000000,0.000000,0.000000,0.000000,0.000000,0.000000
38.943574,1765336554.216848,1765336347,0.316112,0.000333,0.000000,0.000000,0.000000,0.000000,0.000000,0.000000
38.963583,1765336554.236860,1765336347,0.316112,0.000333,0.000000,0.000000,0.000000,0.000000,0.000000,-0.344366
38.983614,1765336554.256904,1765336347,0.316112,0.000333,0.000000,0.000000,0.000000,0.000000,0.000000,-0.344366
39.003597,1765336554.276882,1765336347,0.316112,0.000333,0.000000,0.000000,0.000000,0.000000,0.000000,0.344366
39.023605,1765336554.296891,1765336347,0.316112,0.000333,0.000000,0.000000,0.000000,0.000000,0.000000,-0.344366
39.043660,1765336554.316962,1765336347,0.316112,0.000333,0.000000,0.000000,0.000000,0.000000,-0.688732,-0.344366
39.063617,1765336554.336901,1765336347,0.316112,0.000333,0.000000,0.000000,0.000000,0.000000,0.000000,0.344366
39.083632,1765336554.356927,1765336347,0.316112,0.000333,0.000000,0.000000,0.000000,0.000000,0.000000,0.344366
39.103687,1765336554.377005,1765336347,0.316112,0.000333,0.000000,0.000000,0.000000,0.000000,0.000000,-0.344366
39.123693,1765336554.397011,1765336347,0.316112,0.000333,0.000000,0.000000,0.000000,0.000000,0.000000,-0.344366
39.143725,1765336554.417048,1765336347,0.316112,0.000333,0.000000,0.000000,0.000000,0.000000,0.000000,0.344366
39.163693,1765336554.437002,1765336347,0.316112,0.000333,0.000000,0.000000,0.000000,0.000000,0.000000,0.344366
39.183689,1765336554.456993,1765336347,0.316112,0.000333,0.000000,0.000000,0.000000,0.000000,0.000000,0.344366
39.203725,1765336554.477043,1765336347,0.316112,0.000333,0.000000,0.000000,0.000000,0.000000,0.000000,0.000000
39.223724,1765336554.497042,1765336347,0.316112,0.000333,0.000000,0.000000,0.000000,0.000000,0.000000,0.000000
39.243723,1765336554.517036,1765336347,0.316112,0.000333,0.000000,0.000000,0.000000,0.000000,0.000000,0.344366
39.263751,1765336554.537071,1765336347,0.316112,0.000333,0.000000,0.000000,0.000000,0.000000,0.000000,-0.344366
39.283695,1765336554.556995,1765336347,0.316112,0.000333,0.000000,0.000000,0.000000,0.000000,0.000000,0.000000
39.303746,1765336554.577052,1765336347,0.316112,0.000333,0.000000,0.000000,0.000000,0.000000,0.000000,0.000000
39.323743,1765336554.597053,1765336347,0.316112,0.000333,0.000000,0.000000,0.000000,0.000000,-0.344366,-0.344366
39.343715,1765336554.617013,1765336347,0.316112,0.000333,0.000000,0.000000,0.000000,0.000000,0.000000,-0.344366
39.363714,1765336554.637009,1765336347,0.316112,0.000333,0.000000,0.000000,0.000000,0.000000,0.000000,-0.344366
39.383776,1765336554.657093,1765336347,0.316112,0.000333,0.000000,0.000000,0.000000,0.000000,0.000000,-0.344366
39.403739,1765336554.677043,1765336347,0.316112,0.000333,0.000000,0.000000,0.000000,0.000000,0.000000,0.000000
39.423739,1765336554.697041,1765336347,0.316112,0.000333,0.000000,0.000000,0.000000,0.000000,0.000000,0.344366
39.443753,1765336554.717060,1765336347,0.316112,0.000333,0.000000,0.000000,0.000000,0.000000,0.000000,-0.344366
39.463802,1765336554.737119,1765336347,0.316112,0.000333,0.000000,0.000000,0.000000,0.000000,0.000000,-0.344366
39.483773,1765336554.757072,1765336347,0.316112,0.000333,0.000000,0.000000,0.000000,0.000000,0.000000,0.000000
39.503755,1765336554.777044,1765336347,0.316112,0.000333,0.000000,0.000000,0.000000,0.000000,0.000000,-0.344366
39.523855,1765336554.797197,1765336347,0.316112,0.000333,0.000000,0.000000,0.000000,0.000000,0.000000,0.000000
39.543773,1765336554.817068,1765336347,0.316112,0.000333,0.000000,0.000000,0.000000,0.000000,0.000000,0.000000
39.563867,1765336554.837190,1765336347,0.316112,0.000333,0.000000,0.000000,0.000000,0.000000,0.000000,-0.344366
39.583805,1765336554.857116,1765336347,0.316112,0.000333,0.000000,0.000000,0.000000,0.000000,0.000000,-0.344366
39.603934,1765336554.877357,1765336347,0.316112,0.000333,0.000000,0.000000,0.000000,0.000000,0.000000,-0.344366
39.623897,1765336554.897255,1765336347,0.316112,0.000333,0.000000,0.000000,0.000000,0.000000,0.000000,0.000000
39.643798,1765336554.917084,1765336347,0.316112,0.000333,0.000000,0.000000,0.000000,0.000000,-0.688732,-0.344366
39.663853,1765336554.937162,1765336347,0.316112,0.000333,0.000000,0.000000,0.000000,0.000000,-0.344366,-0.344366
39.683863,1765336554.957171,1765336347,0.316112,0.000333,0.000000,0.000000,0.000000,0.000000,0.000000,-0.344366
39.703858,1765336554.977162,1765336347,0.316112,0.000333,0.000000,0.000000,0.000000,0.000000,0.000000,0.344366
39.723916,1765336554.997244,1765336347,0.316112,0.000333,0.000000,0.000000,0.000000,0.000000,0.000000,0.344366
39.743914,1765336555.017235,1765336347,0.316112,0.000333,0.000000,0.000000,0.000000,0.000000,0.000000,0.344366
39.763828,1765336555.037104,1765336347,0.316112,0.000333,0.000000,0.000000,0.000000,0.000000,0.000000,0.000000
39.783828,1765336555.057103,1765336347,0.316112,0.000333,0.000000,0.000000,0.000000,0.000000,0.000000,0.000000
39.803838,1765336555.077119,1765336347,0.316112,0.000333,0.000000,0.000000,0.000000,0.000000,0.000000,0.000000
39.823868,1765336555.097157,1765336347,0.316112,0.000333,0.000000,0.000000,0.000000,0.000000,0.000000,0.000000
39.843864,1765336555.117154,1765336347,0.316112,0.000333,0.000000,0.000000,0.000000,0.000000,0.000000,0.000000
39.863844,1765336555.137122,1765336347,0.316112,0.000333,0.000000,0.000000,0.000000,0.000000,0.000000,-0.344366
39.883851,1765336555.157132,1765336347,0.316112,0.000333,0.000000,0.000000,0.000000,0.000000,0.000000,0.344366
39.903859,1765336555.177143,1765336347,0.316112,0.000333,0.000000,0.000000,0.000000,0.000000,0.000000,-0.344366
39.923860,1765336555.197144,1765336347,0.316112,0.000333,0.000000,0.000000,0.000000,0.000000,0.000000,0.000000
39.943893,1765336555.217184,1765336347,0.316112,0.000333,0.000000,0.000000,0.000000,0.000000,0.000000,0.344366
39.963858,1765336555.237137,1765336347,0.316112,0.000333,0.000000,0.000000,0.000000,0.000000,0.000000,-0.344366
39.983889,1765336555.257174,1765336347,0.316112,0.000333,0.000000,0.000000,0.000000,0.000000,0.000000,0.344366
40.003858,1765336555.277134,1765336347,0.316112,0.000333,0.000000,0.000000,0.000000,0.000000,0.000000,-0.344366
40.023883,1765336555.297170,1765336347,0.316112,0.000333,0.000000,0.000000,0.000000,0.000000,0.000000,-0.344366
40.043880,1765336555.317167,1765336347,0.316112,0.000333,0.000000,0.000000,0.000000,0.000000,-0.344366,-0.344366
40.063918,1765336555.337202,1765336347,0.316112,0.000333,0.000000,0.000000,0.000000,0.000000,0.000000,-0.344366
40.083909,1765336555.357195,1765336347,0.316112,0.000333,0.000000,0.000000,0.000000,0.000000,0.000000,0.344366
40.103918,1765336555.377211,1765336347,0.316112,0.000333,0.000000,0.000000,0.000000,0.000000,0.000000,0.000000
40.123941,1765336555.397245,1765336347,0.316112,0.000333,0.000000,0.000000,0.000000,0.000000,0.000000,0.344366
40.143949,1765336555.417252,1765336347,0.316112,0.000333,0.000000,0.000000,0.000000,0.000000,0.000000,-0.344366
40.163918,1765336555.437204,1765336347,0.316112,0.000333,0.000000,0.000000,0.000000,0.000000,0.000000,0.344366
40.183960,1765336555.457267,1765336347,0.316112,0.000333,0.000000,0.000000,0.000000,0.000000,0.000000,0.344366
40.203983,1765336555.477323,1765336347,0.316112,0.000333,0.000000,0.000000,0.000000,0.000000,0.000000,0.344366
40.224002,1765336555.497350,1765336347,0.316112,0.000333,0.000000,0.000000,0.000000,0.000000,0.000000,0.344366
40.243973,1765336555.517274,1765336347,0.316112,0.000333,0.000000,0.000000,0.000000,0.000000,0.000000,0.344366
40.263956,1765336555.537247,1765336347,0.316112,0.000333,0.000000,0.000000,0.000000,0.000000,0.000000,0.000000
40.283974,1765336555.557273,1765336347,0.316112,0.000333,0.000000,0.000000,0.000000,0.000000,0.000000,-0.344366
40.303994,1765336555.577322,1765336347,0.316112,0.000333,0.000000,0.000000,0.000000,0.000000,0.000000,0.000000
40.324037,1765336555.597354,1765336347,0.316112,0.000333,0.000000,0.000000,0.000000,0.000000,0.000000,-0.344366
40.344058,1765336555.617377,1765336347,0.316112,0.000333,0.000000,0.000000,0.000000,0.000000,0.000000,0.344366
40.363978,1765336555.637278,1765336347,0.316112,0.000333,0.000000,0.000000,0.000000,0.000000,0.000000,0.000000
40.384092,1765336555.657426,1765336347,0.316112,0.000333,0.000000,0.000000,0.000000,0.000000,0.000000,0.344366
40.404146,1765336555.677504,1765336347,0.316112,0.000333,0.000000,0.000000,0.000000,0.000000,0.000000,-0.344366
40.424047,1765336555.697360,1765336347,0.316112,0.000333,0.000000,0.000000,0.000000,0.000000,0.000000,-0.344366
40.444109,1765336555.717410,1765336347,0.316112,0.000333,0.000000,0.000000,0.000000,0.000000,0.000000,0.000000
40.464127,1765336555.737431,1765336347,0.316112,0.000333,0.000000,0.000000,0.000000,0.000000,0.000000,0.000000
40.484216,1765336555.757557,1765336347,0.316112,0.000333,0.000000,0.000000,0.000000,0.000000,-0.344366,-0.344366
40.504169,1765336555.777476,1765336347,0.316112,0.000333,0.000000,0.000000,0.000000,0.000000,0.000000,-0.344366
40.524180,1765336555.797490,1765336347,0.316112,0.000333,0.000000,0.000000,0.000000,0.000000,0.000000,0.344366
40.544192,1765336555.817507,1765336347,0.316112,0.000333,0.000000,0.000000,0.000000,0.000000,0.000000,-0.344366
40.564217,1765336555.837538,1765336347,0.316112,0.000333,0.000000,0.000000,0.000000,0.000000,0.000000,-0.344366
40.584162,1765336555.857459,1765336347,0.316112,0.000333,0.000000,0.000000,0.000000,0.000000,0.000000,0.000000
40.604182,1765336555.877477,1765336347,0.316112,0.000333,0.000000,0.000000,0.000000,0.000000,0.000000,0.000000
40.624180,1765336555.897480,1765336347,0.316112,0.000333,0.000000,0.000000,0.000000,0.000000,0.000000,0.000000
40.644220,1765336555.917532,1765336347,0.316112,0.000333,0.000000,0.000000,0.000000,0.000000,-0.344366,0.000000
40.664264,1765336555.937580,1765336347,0.316112,0.000333,0.000000,0.000000,0.000000,0.000000,0.000000,0.000000
40.684310,1765336555.957647,1765336347,0.316112,0.000333,0.000000,0.000000,0.000000,0.000000,0.000000,0.344366
40.704230,1765336555.977531,1765336347,0.316112,0.000333,0.000000,0.000000,0.000000,0.000000,0.000000,0.344366
40.724297,1765336555.997608,1765336347,0.316112,0.000333,0.000000,0.000000,0.000000,0.000000,0.000000,-0.344366
40.744314,1765336556.017626,1765336347,0.316112,0.000333,0.000000,0.000000,0.000000,0.000000,0.000000,-0.344366
40.764296,1765336556.037600,1765336347,0.316112,0.000333,0.000000,0.000000,0.000000,0.000000,0.000000,0.000000
40.784324,1765336556.057637,1765336347,0.316112,0.000333,0.000000,0.000000,0.000000,0.000000,0.000000,0.344366
40.804332,1765336556.077647,1765336347,0.316112,0.000333,0.000000,0.000000,0.000000,0.000000,0.000000,0.000000
40.824339,1765336556.097655,1765336347,0.316112,0.000333,0.000000,0.000000,0.000000,0.000000,0.000000,0.344366
40.844357,1765336556.117679,1765336347,0.316112,0.000333,0.000000,0.000000,0.000000,0.000000,0.000000,0.000000
40.864332,1765336556.137633,1765336347,0.316112,0.000333,0.000000,0.000000,0.000000,0.000000,0.000000,0.344366
40.884297,1765336556.157578,1765336347,0.316112,0.000333,0.000000,0.000000,0.000000,0.000000,0.000000,0.000000
40.904302,1765336556.177589,1765336347,0.316112,0.000333,0.000000,0.000000,0.000000,0.000000,0.000000,-0.344366
40.924312,1765336556.197606,1765336347,0.316112,0.000333,0.000000,0.000000,0.000000,0.000000,0.000000,-0.344366
40.944317,1765336556.217613,1765336347,0.316112,0.000333,0.000000,0.000000,0.000000,0.000000,0.000000,0.000000
40.964309,1765336556.237592,1765336347,0.316112,0.000333,0.000000,0.000000,0.000000,0.000000,0.000000,0.000000
40.984324,1765336556.257614,1765336347,0.316112,0.000333,0.000000,0.000000,0.000000,0.000000,-0.688732,-0.344366
41.004293,1765336556.277569,1765336347,0.316112,0.000333,0.000000,0.000000,0.000000,0.000000,0.000000,-0.344366
41.024305,1765336556.297584,1765336347,0.316112,0.000333,0.000000,0.000000,0.000000,0.000000,0.000000,-0.344366
41.044296,1765336556.317571,1765336347,0.316112,0.000333,0.000000,0.000000,0.000000,0.000000,0.000000,-0.344366
41.064308,1765336556.337591,1765336347,0.316112,0.000333,0.000000,0.000000,0.000000,0.000000,0.000000,0.000000
41.084317,1765336556.357596,1765336347,0.316112,0.000333,0.000000,0.000000,0.000000,0.000000,0.000000,0.344366
41.104312,1765336556.377592,1765336347,0.316112,0.000333,0.000000,0.000000,0.000000,0.000000,0.000000,0.000000
41.124326,1765336556.397607,1765336347,0.316112,0.000333,0.000000,0.000000,0.000000,0.000000,0.000000,0.000000
41.144350,1765336556.417644,1765336347,0.316112,0.000333,0.000000,0.000000,0.000000,0.000000,0.000000,0.000000
41.164324,1765336556.437606,1765336347,0.316112,0.000333,0.000000,0.000000,0.000000,0.000000,0.000000,0.000000
41.184319,1765336556.457597,1765336347,0.316112,0.000333,0.000000,0.000000,0.000000,0.000000,0.000000,0.000000
41.204324,1765336556.477603,1765336347,0.316112,0.000333,0.000000,0.000000,0.000000,0.000000,0.000000,0.000000
41.224354,1765336556.497643,1765336347,0.316112,0.000333,0.000000,0.000000,0.000000,0.000000,0.000000,-0.344366
41.244348,1765336556.517634,1765336347,0.316112,0.000333,0.000000,0.000000,0.000000,0.000000,0.000000,0.344366
41.264359,1765336556.537649,1765336347,0.316112,0.000333,0.000000,0.000000,0.000000,0.000000,0.000000,0.344366
41.284372,1765336556.557670,1765336347,0.316112,0.000333,0.000000,0.000000,0.000000,0.000000,0.000000,-0.344366
41.304374,1765336556.577668,1765336347,0.316112,0.000333,0.000000,0.000000,0.000000,0.000000,0.000000,-0.344366
41.324365,1765336556.597652,1765336347,0.316112,0.000333,0.000000,0.000000,0.000000,0.000000,0.000000,-0.344366
41.344402,1765336556.617707,1765336347,0.316112,0.000333,0.000000,0.000000,0.000000,0.000000,0.000000,0.000000
41.364396,1765336556.637691,1765336347,0.316112,0.000333,0.000000,0.000000,0.000000,0.000000,0.000000,0.000000
41.384373,1765336556.657656,1765336347,0.316112,0.000333,0.000000,0.000000,0.000000,0.000000,0.000000,0.344366
41.404394,1765336556.677686,1765336347,0.316112,0.000333,0.000000,0.000000,0.000000,0.000000,0.000000,-0.344366
41.424370,1765336556.697651,1765336347,0.316112,0.000333,0.000000,0.000000,0.000000,0.000000,0.000000,-0.344366
41.444377,1765336556.717662,1765336347,0.316112,0.000333,0.000000,0.000000,0.000000,0.000000,0.000000,-0.344366
41.464373,1765336556.737650,1765336347,0.316112,0.000333,0.000000,0.000000,0.000000,0.000000,0.000000,0.000000
41.484408,1765336556.757696,1765336347,0.316112,0.000333,0.000000,0.000000,0.000000,0.000000,0.000000,0.344366
41.504384,1765336556.777663,1765336347,0.316112,0.000333,0.000000,0.000000,0.000000,0.000000,0.000000,0.000000
41.524487,1765336556.797825,1765336347,0.316112,0.000333,0.000000,0.000000,0.000000,0.000000,0.000000,0.344366
41.544424,1765336556.817720,1765336347,0.316112,0.000333,0.000000,0.000000,0.000000,0.000000,0.000000,0.344366
41.564403,1765336556.837686,1765336347,0.316112,0.000333,0.000000,0.000000,0.000000,0.000000,0.000000,0.344366
41.584409,1765336556.857693,1765336347,0.316112,0.000333,0.000000,0.000000,0.000000,0.000000,0.000000,0.000000
41.604448,1765336556.877753,1765336347,0.316112,0.000333,0.000000,0.000000,0.000000,0.000000,0.000000,0.000000
41.624418,1765336556.897703,1765336347,0.316112,0.000333,0.000000,0.000000,0.000000,0.000000,0.000000,0.000000
41.644418,1765336556.917697,1765336347,0.316112,0.000333,0.000000,0.000000,0.000000,0.000000,0.000000,-0.344366
41.664463,1765336556.937768,1765336347,0.316112,0.000333,0.000000,0.000000,0.000000,0.000000,0.000000,0.000000
41.684454,1765336556.957752,1765336347,0.316112,0.000333,0.000000,0.000000,0.000000,0.000000,0.000000,0.000000
41.704499,1765336556.977815,1765336347,0.316112,0.000333,0.000000,0.000000,0.000000,0.000000,-0.344366,0.000000
41.724528,1765336556.997864,1765336347,0.316112,0.000333,0.000000,0.000000,0.000000,0.000000,0.000000,-0.344366
41.744484,1765336557.017788,1765336347,0.316112,0.000333,0.000000,0.000000,0.000000,0.000000,0.000000,0.344366
41.764523,1765336557.037844,1765336347,0.316112,0.000333,0.000000,0.000000,0.000000,0.000000,0.000000,-0.344366
41.784468,1765336557.057768,1765336347,0.316112,0.000333,0.000000,0.000000,0.000000,0.000000,0.000000,-0.344366
41.804566,1765336557.077902,1765336347,0.316112,0.000333,0.000000,0.000000,0.000000,0.000000,0.000000,0.000000
41.824520,1765336557.097825,1765336347,0.316112,0.000333,0.000000,0.000000,0.000000,0.000000,0.000000,0.344366
41.844489,1765336557.117782,1765336347,0.316112,0.000333,0.000000,0.000000,0.000000,0.000000,0.000000,-0.344366
41.864481,1765336557.137758,1765336347,0.316112,0.000333,0.000000,0.000000,0.000000,0.000000,0.000000,-0.344366
41.884482,1765336557.157759,1765336347,0.316112,0.000333,0.000000,0.000000,0.000000,0.000000,0.000000,-0.344366
41.904519,1765336557.177810,1765336347,0.316112,0.000333,0.000000,0.000000,0.000000,0.000000,0.000000,-0.344366
41.924501,1765336557.197822,1765336347,0.316112,0.000333,0.000000,0.000000,0.000000,0.000000,0.000000,-0.344366
41.944500,1765336557.217781,1765336347,0.316112,0.000333,0.000000,0.000000,0.000000,0.000000,0.000000,0.344366
41.964497,1765336557.237776,1765336347,0.316112,0.000333,0.000000,0.000000,0.000000,0.000000,0.000000,0.344366
41.984509,1765336557.257792,1765336347,0.316112,0.000333,0.000000,0.000000,0.000000,0.000000,0.000000,-0.344366
42.004508,1765336557.277790,1765336347,0.316112,0.000333,0.000000,0.000000,0.000000,0.000000,0.000000,0.344366
42.024512,1765336557.297795,1765336347,0.316112,0.000333,0.000000,0.000000,0.000000,0.000000,0.000000,0.000000
42.044512,1765336557.317792,1765336347,0.316112,0.000333,0.000000,0.000000,0.000000,0.000000,0.000000,0.000000
42.064510,1765336557.337789,1765336347,0.316112,0.000333,0.000000,0.000000,0.000000,0.000000,0.000000,0.344366
42.084512,1765336557.357798,1765336347,0.316112,0.000333,0.000000,0.000000,0.000000,0.000000,0.000000,0.000000
42.104524,1765336557.377808,1765336347,0.316112,0.000333,0.000000,0.000000,0.000000,0.000000,-0.344366,0.344366
42.124554,1765336557.397855,1765336347,0.316112,0.000333,0.000000,0.000000,0.000000,0.000000,-0.688732,0.344366
42.144615,1765336557.417943,1765336347,0.316112,0.000333,0.000000,0.000000,0.000000,0.000000,0.000000,0.344366
42.164671,1765336557.438008,1765336347,0.316112,0.000333,0.000000,0.000000,0.000000,0.000000,0.000000,-0.344366
42.184545,1765336557.457826,1765336347,0.316112,0.000333,0.000000,0.000000,0.000000,0.000000,0.000000,0.000000
42.204540,1765336557.477822,1765336347,0.316112,0.000333,0.000000,0.000000,0.000000,0.000000,0.000000,-0.344366
42.224531,1765336557.497806,1765336347,0.316112,0.000333,0.000000,0.000000,0.000000,0.000000,0.000000,0.344366
42.244535,1765336557.517813,1765336347,0.316112,0.000333,0.000000,0.000000,0.000000,0.000000,0.000000,0.344366
42.264567,1765336557.537869,1765336347,0.316112,0.000333,0.000000,0.000000,0.000000,0.000000,0.000000,0.344366
42.284574,1765336557.557878,1765336347,0.316112,0.000333,0.000000,0.000000,0.000000,0.000000,0.000000,-0.344366
42.304572,1765336557.577859,1765336347,0.316112,0.000333,0.000000,0.000000,0.000000,0.000000,0.000000,0.000000
42.324592,1765336557.597888,1765336347,0.316112,0.000333,0.000000,0.000000,0.000000,0.000000,0.000000,-0.344366
42.344613,1765336557.617918,1765336347,0.316112,0.000333,0.000000,0.000000,0.000000,0.000000,0.000000,0.000000
42.364642,1765336557.637957,1765336347,0.316112,0.000333,0.000000,0.000000,0.000000,0.000000,0.000000,0.344366
42.384650,1765336557.657966,1765336347,0.316112,0.000333,0.000000,0.000000,0.000000,0.000000,0.000000,-0.344366
42.404670,1765336557.677991,1765336347,0.316112,0.000333,0.000000,0.000000,0.000000,0.000000,0.000000,-0.344366
42.424686,1765336557.698004,1765336347,0.316112,0.000333,0.000000,0.000000,0.000000,0.000000,0.000000,0.344366
42.444657,1765336557.717964,1765336347,0.316112,0.000333,0.000000,0.000000,0.000000,0.000000,0.000000,0.344366
42.464670,1765336557.737981,1765336347,0.316112,0.000333,0.000000,0.000000,0.000000,0.000000,0.000000,0.344366
42.484671,1765336557.757978,1765336347,0.316112,0.000333,0.000000,0.000000,0.000000,0.000000,0.000000,-0.344366
42.504684,1765336557.777994,1765336347,0.316112,0.000333,0.000000,0.000000,0.000000,0.000000,0.000000,-0.344366
42.524639,1765336557.797931,1765336347,0.316112,0.000333,0.000000,0.000000,0.000000,0.000000,0.000000,0.000000
42.544656,1765336557.817958,1765336347,0.316112,0.000333,0.000000,0.000000,0.000000,0.000000,0.000000,-0.344366
42.564707,1765336557.838018,1765336347,0.316112,0.000333,0.000000,0.000000,0.000000,0.000000,0.000000,0.344366
42.584694,1765336557.857996,1765336347,0.316112,0.000333,0.000000,0.000000,0.000000,0.000000,0.000000,0.000000
42.604695,1765336557.877994,1765336347,0.316112,0.000333,0.000000,0.000000,0.000000,0.000000,0.000000,0.000000
42.624700,1765336557.897999,1765336347,0.316112,0.000333,0.000000,0.000000,0.000000,0.000000,0.000000,-0.344366
42.644666,1765336557.917952,1765336347,0.316112,0.000333,0.000000,0.000000,0.000000,0.000000,0.000000,0.000000
42.664673,1765336557.937961,1765336347,0.316112,0.000333,0.000000,0.000000,0.000000,0.000000,0.000000,0.344366
42.684697,1765336557.957991,1765336347,0.316112,0.000333,0.000000,0.000000,0.000000,0.000000,0.000000,-0.344366
42.704694,1765336557.977991,1765336347,0.316112,0.000333,0.000000,0.000000,0.000000,0.000000,0.000000,-0.344366
42.724703,1765336557.998003,1765336347,0.316112,0.000333,0.000000,0.000000,0.000000,0.000000,0.000000,0.344366
42.744716,1765336558.018021,1765336347,0.316112,0.000333,0.000000,0.000000,0.000000,0.000000,0.000000,0.000000
42.764742,1765336558.038060,1765336347,0.316112,0.000333,0.000000,0.000000,0.000000,0.000000,0.000000,0.000000
42.784732,1765336558.058033,1765336347,0.316112,0.000333,0.000000,0.000000,0.000000,0.000000,0.000000,0.000000
42.804738,1765336558.078039,1765336347,0.316112,0.000333,0.000000,0.000000,0.000000,0.000000,0.000000,-0.344366
42.824788,1765336558.098099,1765336347,0.316112,0.000333,0.000000,0.000000,0.000000,0.000000,0.000000,0.344366
42.844816,1765336558.118138,1765336347,0.316112,0.000333,0.000000,0.000000,0.000000,0.000000,0.000000,0.000000
42.864826,1765336558.138148,1765336347,0.316112,0.000333,0.000000,0.000000,0.000000,0.000000,0.000000,0.344366
42.884877,1765336558.158223,1765336347,0.316112,0.000333,0.000000,0.000000,0.000000,0.000000,-0.688732,0.000000
42.904889,1765336558.178234,1765336347,0.316112,0.000333,0.000000,0.000000,0.000000,0.000000,0.000000,0.344366
42.924884,1765336558.198220,1765336347,0.316112,0.000333,0.000000,0.000000,0.000000,0.000000,0.000000,0.000000
42.944906,1765336558.218236,1765336347,0.316112,0.000333,0.000000,0.000000,0.000000,0.000000,0.000000,0.000000
42.964817,1765336558.238122,1765336347,0.316112,0.000333,0.000000,0.000000,0.000000,0.000000,0.000000,-1.033098
42.984948,1765336558.258339,1765336347,0.316112,0.000333,0.000000,0.000000,0.000000,0.000000,0.000000,0.000000
43.004936,1765336558.278307,1765336347,0.316112,0.000333,0.000000,0.000000,0.000000,0.000000,0.000000,-0.344366
43.024931,1765336558.298266,1765336347,0.316112,0.000333,0.000000,0.000000,0.000000,0.000000,0.000000,-0.344366
43.044982,1765336558.318388,1765336347,0.316112,0.000333,0.000000,0.000000,0.000000,0.000000,0.000000,0.000000
43.065097,1765336558.338507,1765336347,0.316112,0.000333,0.000000,0.000000,0.000000,0.000000,0.000000,0.000000
43.084874,1765336558.358165,1765336347,0.316112,0.000333,0.000000,0.000000,0.000000,0.000000,0.000000,-0.344366
43.104896,1765336558.378195,1765336347,0.316112,0.000333,0.000000,0.000000,0.000000,0.000000,0.000000,0.000000
43.124900,1765336558.398200,1765336347,0.316112,0.000333,0.000000,0.000000,0.000000,0.000000,0.000000,-0.344366
43.144875,1765336558.418167,1765336347,0.316112,0.000333,0.000000,0.000000,0.000000,0.000000,0.000000,0.344366
43.164894,1765336558.438195,1765336347,0.316112,0.000333,0.000000,0.000000,0.000000,0.000000,0.000000,-0.344366
43.184895,1765336558.458192,1765336347,0.316112,0.000333,0.000000,0.000000,0.000000,0.000000,0.000000,-0.344366
43.204907,1765336558.478200,1765336347,0.316112,0.000333,0.000000,0.000000,0.000000,0.000000,0.000000,0.344366
43.224973,1765336558.498304,1765336347,0.316112,0.000333,0.000000,0.000000,0.000000,0.000000,0.000000,0.344366
43.244972,1765336558.518304,1765336347,0.316112,0.000333,0.000000,0.000000,0.000000,0.000000,0.000000,0.344366
43.264928,1765336558.538218,1765336347,0.316112,0.000333,0.000000,0.000000,0.000000,0.000000,0.000000,-0.344366
43.284914,1765336558.558193,1765336347,0.316112,0.000333,0.000000,0.000000,0.000000,0.000000,0.000000,-0.344366
43.304926,1765336558.578211,1765336347,0.316112,0.000333,0.000000,0.000000,0.000000,0.000000,0.000000,0.000000
43.324942,1765336558.598231,1765336347,0.316112,0.000333,0.000000,0.000000,0.000000,0.000000,0.000000,0.344366
43.344944,1765336558.618235,1765336347,0.316112,0.000333,0.000000,0.000000,0.000000,0.000000,0.000000,0.344366
43.364947,1765336558.638238,1765336347,0.316112,0.000333,0.000000,0.000000,0.000000,0.000000,0.000000,-0.344366
43.384973,1765336558.658274,1765336347,0.316112,0.000333,0.000000,0.000000,0.000000,0.000000,0.000000,-0.344366
43.404966,1765336558.678264,1765336347,0.316112,0.000333,0.000000,0.000000,0.000000,0.000000,0.000000,-0.344366
43.424956,1765336558.698248,1765336347,0.316112,0.000333,0.000000,0.000000,0.000000,0.000000,0.000000,0.000000
43.444966,1765336558.718260,1765336347,0.316112,0.000333,0.000000,0.000000,0.000000,0.000000,0.000000,-0.344366
43.464989,1765336558.738296,1765336347,0.316112,0.000333,0.000000,0.000000,0.000000,0.000000,0.000000,-0.344366
43.484991,1765336558.758306,1765336347,0.316112,0.000333,0.000000,0.000000,0.000000,0.000000,-0.688732,0.344366
43.505034,1765336558.778347,1765336347,0.316112,0.000333,0.000000,0.000000,0.000000,0.000000,0.000000,-0.344366
43.525032,1765336558.798341,1765336347,0.316112,0.000333,0.000000,0.000000,0.000000,0.000000,0.000000,0.000000
43.545005,1765336558.818315,1765336347,0.316112,0.000333,0.000000,0.000000,0.000000,0.000000,0.000000,-0.344366
43.564985,1765336558.838274,1765336347,0.316112,0.000333,0.000000,0.000000,0.000000,0.000000,0.000000,0.344366
43.585030,1765336558.858330,1765336347,0.316112,0.000333,0.000000,0.000000,0.000000,0.000000,0.000000,-0.344366
43.605031,1765336558.878333,1765336347,0.316112,0.000333,0.000000,0.000000,0.000000,0.000000,0.000000,0.344366
43.625007,1765336558.898315,1765336347,0.316112,0.000333,0.000000,0.000000,0.000000,0.000000,0.000000,-0.344366
43.645032,1765336558.918328,1765336347,0.316112,0.000333,0.000000,0.000000,0.000000,0.000000,0.000000,0.344366
43.665032,1765336558.938327,1765336347,0.316112,0.000333,0.000000,0.000000,0.000000,0.000000,0.000000,0.344366
43.684994,1765336558.958276,1765336347,0.316112,0.000333,0.000000,0.000000,0.000000,0.000000,0.000000,0.000000
43.705069,1765336558.978378,1765336347,0.316112,0.000333,0.000000,0.000000,0.000000,0.000000,0.000000,0.344366
43.725090,1765336558.998405,1765336347,0.316112,0.000333,0.000000,0.000000,0.000000,0.000000,0.000000,0.000000
43.745055,1765336559.018352,1765336347,0.316112,0.000333,0.000000,0.000000,0.000000,0.000000,0.000000,-0.344366
43.765024,1765336559.038311,1765336347,0.316112,0.000333,0.000000,0.000000,0.000000,0.000000,0.000000,-0.344366
43.785044,1765336559.058344,1765336347,0.316112,0.000333,0.000000,0.000000,0.000000,0.000000,0.000000,-0.344366
43.805061,1765336559.078370,1765336347,0.316112,0.000333,0.000000,0.000000,0.000000,0.000000,0.000000,-0.344366
43.825051,1765336559.098329,1765336347,0.316112,0.000333,0.000000,0.000000,0.000000,0.000000,0.000000,0.344366
43.845057,1765336559.118343,1765336347,0.316112,0.000333,0.000000,0.000000,0.000000,0.000000,0.000000,0.344366
43.865138,1765336559.138462,1765336347,0.316112,0.000333,0.000000,0.000000,0.000000,0.000000,0.000000,0.000000
43.885109,1765336559.158412,1765336347,0.316112,0.000333,0.000000,0.000000,0.000000,0.000000,0.000000,0.000000
43.905083,1765336559.178377,1765336347,0.316112,0.000333,0.000000,0.000000,0.000000,0.000000,-0.688732,-0.344366
43.925160,1765336559.198475,1765336347,0.316112,0.000333,0.000000,0.000000,0.000000,0.000000,0.000000,-0.344366
43.945192,1765336559.218521,1765336347,0.316112,0.000333,0.000000,0.000000,0.000000,0.000000,0.000000,-0.344366
43.965353,1765336559.238700,1765336347,0.316112,0.000333,0.000000,0.000000,0.000000,0.000000,0.000000,-0.344366
43.985323,1765336559.258642,1765336347,0.316112,0.000333,0.000000,0.000000,0.000000,0.000000,0.000000,-0.344366
44.005324,1765336559.278647,1765336347,0.316112,0.000333,0.000000,0.000000,0.000000,0.000000,0.000000,0.344366
44.025344,1765336559.298676,1765336347,0.316112,0.000333,0.000000,0.000000,0.000000,0.000000,0.000000,0.344366
44.045337,1765336559.318654,1765336347,0.316112,0.000333,0.000000,0.000000,0.000000,0.000000,0.000000,0.000000
44.065416,1765336559.338772,1765336347,0.316112,0.000333,0.000000,0.000000,0.000000,0.000000,0.000000,0.344366
44.085271,1765336559.358552,1765336347,0.316112,0.000333,0.000000,0.000000,0.000000,0.000000,0.000000,0.344366
44.105320,1765336559.378621,1765336347,0.316112,0.000333,0.000000,0.000000,0.000000,0.000000,0.000000,0.000000
44.125326,1765336559.398630,1765336347,0.316112,0.000333,0.000000,0.000000,0.000000,0.000000,0.000000,0.000000
44.145355,1765336559.418667,1765336347,0.316112,0.000333,0.000000,0.000000,0.000000,0.000000,0.000000,0.344366
44.165392,1765336559.438714,1765336347,0.316112,0.000333,0.000000,0.000000,0.000000,0.000000,0.000000,-0.344366
44.185403,1765336559.458731,1765336347,0.316112,0.000333,0.000000,0.000000,0.000000,0.000000,0.000000,-0.344366
44.205425,1765336559.478761,1765336347,0.316112,0.000333,0.000000,0.000000,0.000000,0.000000,0.000000,0.000000
44.225426,1765336559.498762,1765336347,0.316112,0.000333,0.000000,0.000000,0.000000,0.000000,0.000000,0.000000
44.245997,1765336559.519286,1765336347,0.316112,0.000333,0.000000,0.000000,0.000000,0.000000,0.000000,0.344366
44.265997,1765336559.539296,1765336347,0.316112,0.000333,0.000000,0.000000,0.000000,0.000000,0.000000,0.000000
44.285995,1765336559.559274,1765336347,0.316112,0.000333,0.000000,0.000000,0.000000,0.000000,0.000000,0.000000
44.306010,1765336559.579302,1765336347,0.316112,0.000333,0.000000,0.000000,0.000000,0.000000,0.000000,-0.344366
44.326036,1765336559.599332,1765336347,0.316112,0.000333,0.000000,0.000000,0.000000,0.000000,0.000000,-0.344366
44.346058,1765336559.619362,1765336347,0.316112,0.000333,0.000000,0.000000,0.000000,0.000000,-0.688732,-0.344366
44.366093,1765336559.639409,1765336347,0.316112,0.000333,0.000000,0.000000,0.000000,0.000000,0.000000,0.344366
44.386091,1765336559.659403,1765336347,0.316112,0.000333,0.000000,0.000000,0.000000,0.000000,0.000000,-0.344366
44.406127,1765336559.679448,1765336347,0.316112,0.000333,0.000000,0.000000,0.000000,0.000000,0.000000,0.344366
44.426023,1765336559.699325,1765336347,0.316112,0.000333,0.000000,0.000000,0.000000,0.000000,0.000000,0.000000
44.446035,1765336559.719315,1765336347,0.316112,0.000333,0.000000,0.000000,0.000000,0.000000,0.000000,0.000000
44.466023,1765336559.739298,1765336347,0.316112,0.000333,0.000000,0.000000,0.000000,0.000000,0.000000,0.344366
44.486041,1765336559.759322,1765336347,0.316112,0.000333,0.000000,0.000000,0.000000,0.000000,0.000000,0.344366
44.506035,1765336559.779311,1765336347,0.316112,0.000333,0.000000,0.000000,0.000000,0.000000,0.000000,-0.344366
44.526034,1765336559.799310,1765336347,0.316112,0.000333,0.000000,0.000000,0.000000,0.000000,0.000000,-0.344366
44.546041,1765336559.819322,1765336347,0.316112,0.000333,0.000000,0.000000,0.000000,0.000000,0.000000,-0.344366
44.566061,1765336559.839348,1765336347,0.316112,0.000333,0.000000,0.000000,0.000000,0.000000,0.000000,0.344366
44.586071,1765336559.859361,1765336347,0.316112,0.000333,0.000000,0.000000,0.000000,0.000000,0.000000,0.000000
44.606057,1765336559.879337,1765336347,0.316112,0.000333,0.000000,0.000000,0.000000,0.000000,0.000000,0.344366
44.626060,1765336559.899346,1765336347,0.316112,0.000333,0.000000,0.000000,0.000000,0.000000,0.000000,0.344366
44.646154,1765336559.919493,1765336347,0.316112,0.000333,0.000000,0.000000,0.000000,0.000000,0.000000,-0.344366
44.666161,1765336559.939491,1765336347,0.316112,0.000333,0.000000,0.000000,0.000000,0.000000,0.000000,0.344366
44.686143,1765336559.959459,1765336347,0.316112,0.000333,0.000000,0.000000,0.000000,0.000000,0.000000,-0.344366
44.706179,1765336559.979508,1765336347,0.316112,0.000333,0.000000,0.000000,0.000000,0.000000,0.000000,0.000000
44.726119,1765336559.999425,1765336347,0.316112,0.000333,0.000000,0.000000,0.000000,0.000000,0.000000,0.344366
44.746115,1765336560.019412,1765336347,0.316112,0.000333,0.000000,0.000000,0.000000,0.000000,0.000000,0.344366
44.766236,1765336560.039565,1765336347,0.316112,0.000333,0.000000,0.000000,0.000000,0.000000,0.000000,-0.344366
44.786265,1765336560.059625,1765336347,0.316112,0.000333,0.000000,0.000000,0.000000,0.000000,0.000000,0.344366
44.806129,1765336560.079409,1765336347,0.316112,0.000333,0.000000,0.000000,0.000000,0.000000,0.000000,-0.344366
44.826131,1765336560.099411,1765336347,0.316112,0.000333,0.000000,0.000000,0.000000,0.000000,-0.344366,-0.344366
44.846159,1765336560.119453,1765336347,0.316112,0.000333,0.000000,0.000000,0.000000,0.000000,0.000000,-0.344366
44.866168,1765336560.139466,1765336347,0.316112,0.000333,0.000000,0.000000,0.000000,0.000000,0.000000,-0.344366
44.886187,1765336560.159491,1765336347,0.316112,0.000333,0.000000,0.000000,0.000000,0.000000,0.000000,0.344366
44.906211,1765336560.179526,1765336347,0.316112,0.000333,0.000000,0.000000,0.000000,0.000000,0.000000,0.000000
44.926232,1765336560.199553,1765336347,0.316112,0.000333,0.000000,0.000000,0.000000,0.000000,-0.344366,0.344366
44.946255,1765336560.219584,1765336347,0.316112,0.000333,0.000000,0.000000,0.000000,0.000000,0.000000,-0.344366
44.966264,1765336560.239593,1765336347,0.316112,0.000333,0.000000,0.000000,0.000000,0.000000,0.000000,0.344366
44.986212,1765336560.259516,1765336347,0.316112,0.000333,0.000000,0.000000,0.000000,0.000000,0.000000,0.344366
45.006255,1765336560.279570,1765336347,0.316112,0.000333,0.000000,0.000000,0.000000,0.000000,0.000000,0.000000
45.026297,1765336560.299620,1765336347,0.316112,0.000333,0.000000,0.000000,0.000000,0.000000,0.000000,0.344366
45.046281,1765336560.319603,1765336347,0.316112,0.000333,0.000000,0.000000,0.000000,0.000000,0.000000,-0.344366
45.066210,1765336560.339491,1765336347,0.316112,0.000333,0.000000,0.000000,0.000000,0.000000,0.000000,0.000000
45.086237,1765336560.359530,1765336347,0.316112,0.000333,0.000000,0.000000,0.000000,0.000000,0.000000,-0.344366
45.106261,1765336560.379565,1765336347,0.316112,0.000333,0.000000,0.000000,0.000000,0.000000,0.000000,-0.344366
45.126291,1765336560.399606,1765336347,0.316112,0.000333,0.000000,0.000000,0.000000,0.000000,0.000000,-0.344366
45.146231,1765336560.419511,1765336347,0.316112,0.000333,0.000000,0.000000,0.000000,0.000000,0.000000,-0.344366
45.166231,1765336560.439512,1765336347,0.316112,0.000333,0.000000,0.000000,0.000000,0.000000,0.000000,-0.344366
45.186255,1765336560.459544,1765336347,0.316112,0.000333,0.000000,0.000000,0.000000,0.000000,0.000000,-0.344366
45.206258,1765336560.479550,1765336347,0.316112,0.000333,0.000000,0.000000,0.000000,0.000000,0.000000,-0.344366
45.226280,1765336560.499583,1765336347,0.316112,0.000333,0.000000,0.000000,0.000000,0.000000,0.000000,0.000000
45.246304,1765336560.519615,1765336347,0.316112,0.000333,0.000000,0.000000,0.000000,0.000000,0.000000,-0.344366
45.266319,1765336560.539635,1765336347,0.316112,0.000333,0.000000,0.000000,0.000000,0.000000,0.000000,-0.344366
45.286294,1765336560.559592,1765336347,0.316112,0.000333,0.000000,0.000000,0.000000,0.000000,0.000000,-0.344366
45.306275,1765336560.579572,1765336347,0.316112,0.000333,0.000000,0.000000,0.000000,0.000000,0.000000,-0.344366
45.326485,1765336560.599837,1765336347,0.316112,0.000333,0.000000,0.000000,0.000000,0.000000,0.000000,0.344366
45.346409,1765336560.619715,1765336347,0.316112,0.000333,0.000000,0.000000,0.000000,0.000000,-0.688732,-0.344366
45.366426,1765336560.639741,1765336347,0.316112,0.000333,0.000000,0.000000,0.000000,0.000000,0.000000,0.000000
45.386427,1765336560.659727,1765336347,0.316112,0.000333,0.000000,0.000000,0.000000,0.000000,0.000000,0.000000
45.406401,1765336560.679681,1765336347,0.316112,0.000333,0.000000,0.000000,0.000000,0.000000,0.000000,0.344366
45.426425,1765336560.699723,1765336347,0.316112,0.000333,0.000000,0.000000,0.000000,0.000000,0.000000,0.344366
45.446457,1765336560.719760,1765336347,0.316112,0.000333,0.000000,0.000000,0.000000,0.000000,0.000000,-0.344366
45.466446,1765336560.739743,1765336347,0.316112,0.000333,0.000000,0.000000,0.000000,0.000000,-0.688732,0.344366
45.486487,1765336560.759799,1765336347,0.316112,0.000333,0.000000,0.000000,0.000000,0.000000,0.000000,-0.344366
45.506515,1765336560.779836,1765336347,0.316112,0.000333,0.000000,0.000000,0.000000,0.000000,0.000000,0.000000
45.526568,1765336560.799848,1765336347,0.316112,0.000333,0.000000,0.000000,0.000000,0.000000,0.000000,0.000000
45.546586,1765336560.819869,1765336347,0.316112,0.000333,0.000000,0.000000,0.000000,0.000000,0.000000,0.344366
45.566561,1765336560.839836,1765336347,0.316112,0.000333,0.000000,0.000000,0.000000,0.000000,0.000000,-0.344366
45.586593,1765336560.859884,1765336347,0.316112,0.000333,0.000000,0.000000,0.000000,0.000000,-0.344366,-0.344366
45.606603,1765336560.879897,1765336347,0.316112,0.000333,0.000000,0.000000,0.000000,0.000000,0.000000,-0.344366
45.626615,1765336560.899914,1765336347,0.316112,0.000333,0.000000,0.000000,0.000000,0.000000,0.000000,0.344366
45.646679,1765336560.920007,1765336347,0.316112,0.000333,0.000000,0.000000,0.000000,0.000000,0.000000,0.344366
45.666672,1765336560.939993,1765336347,0.316112,0.000333,0.000000,0.000000,0.000000,0.000000,0.000000,0.000000
45.686696,1765336560.960024,1765336347,0.316112,0.000333,0.000000,0.000000,0.000000,0.000000,0.000000,0.000000
45.706678,1765336560.979993,1765336347,0.316112,0.000333,0.000000,0.000000,0.000000,0.000000,0.000000,0.344366
45.726676,1765336560.999987,1765336347,0.316112,0.000333,0.000000,0.000000,0.000000,0.000000,0.000000,0.344366
45.746692,1765336561.020007,1765336347,0.316112,0.000333,0.000000,0.000000,0.000000,0.000000,0.000000,0.000000
45.766703,1765336561.040015,1765336347,0.316112,0.000333,0.000000,0.000000,0.000000,0.000000,0.000000,-0.344366
45.786683,1765336561.059982,1765336347,0.316112,0.000333,0.000000,0.000000,0.000000,0.000000,0.000000,0.000000
45.806679,1765336561.079971,1765336347,0.316112,0.000333,0.000000,0.000000,0.000000,0.000000,0.000000,-0.344366
45.826681,1765336561.099978,1765336347,0.316112,0.000333,0.000000,0.000000,0.000000,0.000000,0.000000,-0.344366
45.846706,1765336561.120013,1765336347,0.316112,0.000333,0.000000,0.000000,0.000000,0.000000,0.000000,0.344366
45.866720,1765336561.140030,1765336347,0.316112,0.000333,0.000000,0.000000,0.000000,0.000000,0.000000,0.344366
45.886726,1765336561.160038,1765336347,0.316112,0.000333,0.000000,0.000000,0.000000,0.000000,0.000000,-0.344366
45.906742,1765336561.180057,1765336347,0.316112,0.000333,0.000000,0.000000,0.000000,0.000000,0.000000,-0.344366
45.926681,1765336561.199960,1765336347,0.316112,0.000333,0.000000,0.000000,0.000000,0.000000,0.000000,0.344366
45.946684,1765336561.219964,1765336347,0.316112,0.000333,0.000000,0.000000,0.000000,0.000000,0.000000,0.344366
45.966695,1765336561.239983,1765336347,0.316112,0.000333,0.000000,0.000000,0.000000,0.000000,0.000000,-0.344366
45.986715,1765336561.260009,1765336347,0.316112,0.000333,0.000000,0.000000,0.000000,0.000000,0.000000,-0.344366
46.006739,1765336561.280043,1765336347,0.316112,0.000333,0.000000,0.000000,0.000000,0.000000,0.000000,0.000000
46.026767,1765336561.300082,1765336347,0.316112,0.000333,0.000000,0.000000,0.000000,0.000000,0.000000,0.344366
46.046791,1765336561.320119,1765336347,0.316112,0.000333,0.000000,0.000000,0.000000,0.000000,0.000000,-0.344366
46.066722,1765336561.340005,1765336347,0.316112,0.000333,0.000000,0.000000,0.000000,0.000000,0.000000,0.344366
46.086742,1765336561.360033,1765336347,0.316112,0.000333,0.000000,0.000000,0.000000,0.000000,0.000000,-0.344366
46.106750,1765336561.380044,1765336347,0.316112,0.000333,0.000000,0.000000,0.000000,0.000000,0.000000,0.344366
46.126764,1765336561.400063,1765336347,0.316112,0.000333,0.000000,0.000000,0.000000,0.000000,0.000000,-0.344366
46.146737,1765336561.420026,1765336347,0.316112,0.000333,0.000000,0.000000,0.000000,0.000000,-0.688732,-0.344366
46.166745,1765336561.440035,1765336347,0.316112,0.000333,0.000000,0.000000,0.000000,0.000000,0.000000,0.000000
46.186770,1765336561.460065,1765336347,0.316112,0.000333,0.000000,0.000000,0.000000,0.000000,0.000000,-0.344366
46.206779,1765336561.480080,1765336347,0.316112,0.000333,0.000000,0.000000,0.000000,0.000000,0.000000,-0.344366
46.226769,1765336561.500059,1765336347,0.316112,0.000333,0.000000,0.000000,0.000000,0.000000,0.000000,-0.344366
46.246752,1765336561.520031,1765336347,0.316112,0.000333,0.000000,0.000000,0.000000,0.000000,0.000000,0.344366
46.266758,1765336561.540040,1765336347,0.316112,0.000333,0.000000,0.000000,0.000000,0.000000,0.000000,0.344366
46.286762,1765336561.560045,1765336347,0.316112,0.000333,0.000000,0.000000,0.000000,0.000000,0.000000,0.000000
46.306780,1765336561.580072,1765336347,0.316112,0.000333,0.000000,0.000000,0.000000,0.000000,0.000000,-0.344366
46.326768,1765336561.600051,1765336347,0.316112,0.000333,0.000000,0.000000,0.000000,0.000000,0.000000,0.344366
46.346766,1765336561.620053,1765336347,0.316112,0.000333,0.000000,0.000000,0.000000,0.000000,0.000000,-0.344366
46.366771,1765336561.640059,1765336347,0.316112,0.000333,0.000000,0.000000,0.000000,0.000000,0.000000,0.344366
46.386783,1765336561.660075,1765336347,0.316112,0.000333,0.000000,0.000000,0.000000,0.000000,0.000000,0.000000
46.406787,1765336561.680080,1765336347,0.316112,0.000333,0.000000,0.000000,0.000000,0.000000,-0.688732,-0.344366
46.426793,1765336561.700087,1765336347,0.316112,0.000333,0.000000,0.000000,0.000000,0.000000,-0.688732,0.344366
46.446858,1765336561.720174,1765336347,0.316112,0.000333,0.000000,0.000000,0.000000,0.000000,0.000000,0.000000
46.466857,1765336561.740168,1765336347,0.316112,0.000333,0.000000,0.000000,0.000000,0.000000,-0.688732,0.000000
46.486884,1765336561.760205,1765336347,0.316112,0.000333,0.000000,0.000000,0.000000,0.000000,0.000000,0.344366
46.506890,1765336561.780211,1765336347,0.316112,0.000333,0.000000,0.000000,0.000000,0.000000,0.000000,0.000000
46.526826,1765336561.800111,1765336347,0.316112,0.000333,0.000000,0.000000,0.000000,0.000000,0.000000,-0.344366
46.546859,1765336561.820158,1765336347,0.316112,0.000333,0.000000,0.000000,0.000000,0.000000,0.000000,0.000000
46.566887,1765336561.840197,1765336347,0.316112,0.000333,0.000000,0.000000,0.000000,0.000000,0.000000,-1.033098
46.586920,1765336561.860238,1765336347,0.316112,0.000333,0.000000,0.000000,0.000000,0.000000,0.000000,-0.344366
46.606921,1765336561.880242,1765336347,0.316112,0.000333,0.000000,0.000000,0.000000,0.000000,0.000000,-0.344366
46.626917,1765336561.900232,1765336347,0.316112,0.000333,0.000000,0.000000,0.000000,0.000000,0.000000,0.344366
46.646892,1765336561.920191,1765336347,0.316112,0.000333,0.000000,0.000000,0.000000,0.000000,0.000000,-0.344366
46.666920,1765336561.940231,1765336347,0.316112,0.000333,0.000000,0.000000,0.000000,0.000000,0.000000,0.000000
46.686947,1765336561.960268,1765336347,0.316112,0.000333,0.000000,0.000000,0.000000,0.000000,0.000000,0.000000
46.706969,1765336561.980321,1765336347,0.316112,0.000333,0.000000,0.000000,0.000000,0.000000,0.000000,-0.344366
46.726978,1765336562.000337,1765336347,0.316112,0.000333,0.000000,0.000000,0.000000,0.000000,0.000000,-0.344366
46.746950,1765336562.020261,1765336347,0.316112,0.000333,0.000000,0.000000,0.000000,0.000000,0.000000,-0.344366
46.766977,1765336562.040321,1765336347,0.316112,0.000333,0.000000,0.000000,0.000000,0.000000,0.000000,0.000000
46.786984,1765336562.060331,1765336347,0.316112,0.000333,0.000000,0.000000,0.000000,0.000000,0.000000,-0.344366
46.806981,1765336562.080315,1765336347,0.316112,0.000333,0.000000,0.000000,0.000000,0.000000,-0.344366,-0.344366
46.826999,1765336562.100346,1765336347,0.316112,0.000333,0.000000,0.000000,0.000000,0.000000,0.000000,-0.344366
46.847005,1765336562.120334,1765336347,0.316112,0.000333,0.000000,0.000000,0.000000,0.000000,0.000000,-0.344366
46.866943,1765336562.140237,1765336347,0.316112,0.000333,0.000000,0.000000,0.000000,0.000000,0.000000,0.344366
46.886941,1765336562.160230,1765336347,0.316112,0.000333,0.000000,0.000000,0.000000,0.000000,0.000000,-0.344366
46.906924,1765336562.180198,1765336347,0.316112,0.000333,0.000000,0.000000,0.000000,0.000000,0.000000,0.344366
46.926946,1765336562.200229,1765336347,0.316112,0.000333,0.000000,0.000000,0.000000,0.000000,0.000000,0.344366
46.946964,1765336562.220257,1765336347,0.316112,0.000333,0.000000,0.000000,0.000000,0.000000,0.000000,0.688732
46.966990,1765336562.240306,1765336347,0.316112,0.000333,0.000000,0.000000,0.000000,0.000000,0.000000,0.000000
46.987038,1765336562.260356,1765336347,0.316112,0.000333,0.000000,0.000000,0.000000,0.000000,0.000000,0.000000
47.007063,1765336562.280385,1765336347,0.316112,0.000333,0.000000,0.000000,0.000000,0.000000,0.000000,0.344366
47.027070,1765336562.300393,1765336347,0.316112,0.000333,0.000000,0.000000,0.000000,0.000000,0.000000,-0.344366
47.047096,1765336562.320426,1765336347,0.316112,0.000333,0.000000,0.000000,0.000000,0.000000,0.000000,0.000000
47.066989,1765336562.340274,1765336347,0.316112,0.000333,0.000000,0.000000,0.000000,0.000000,0.000000,-0.344366
47.086987,1765336562.360275,1765336347,0.316112,0.000333,0.000000,0.000000,0.000000,0.000000,0.000000,-0.344366
47.107071,1765336562.380377,1765336347,0.316112,0.000333,0.000000,0.000000,0.000000,0.000000,0.000000,0.344366
47.127072,1765336562.400384,1765336347,0.316112,0.000333,0.000000,0.000000,0.000000,0.000000,0.000000,-0.344366
47.147087,1765336562.420403,1765336347,0.316112,0.000333,0.000000,0.000000,0.000000,0.000000,0.000000,0.000000
47.167108,1765336562.440427,1765336347,0.316112,0.000333,0.000000,0.000000,0.000000,0.000000,0.000000,0.344366
47.187116,1765336562.460438,1765336347,0.316112,0.000333,0.000000,0.000000,0.000000,0.000000,0.000000,0.000000
47.207025,1765336562.480304,1765336347,0.316112,0.000333,0.000000,0.000000,0.000000,0.000000,0.000000,-1.033098
47.227031,1765336562.500318,1765336347,0.316112,0.000333,0.000000,0.000000,0.000000,0.000000,-0.688732,0.344366
47.247025,1765336562.520304,1765336347,0.316112,0.000333,0.000000,0.000000,0.000000,0.000000,0.000000,0.000000
47.267041,1765336562.540325,1765336347,0.316112,0.000333,0.000000,0.000000,0.000000,0.000000,0.000000,0.000000
47.287084,1765336562.560385,1765336347,0.316112,0.000333,0.000000,0.000000,0.000000,0.000000,0.000000,0.344366
47.307120,1765336562.580436,1765336347,0.316112,0.000333,0.000000,0.000000,0.000000,0.000000,-0.688732,0.000000
47.327136,1765336562.600458,1765336347,0.316112,0.000333,0.000000,0.000000,0.000000,0.000000,0.000000,0.000000
47.347160,1765336562.620489,1765336347,0.316112,0.000333,0.000000,0.000000,0.000000,0.000000,0.000000,-0.344366
47.367212,1765336562.640550,1765336347,0.316112,0.000333,0.000000,0.000000,0.000000,0.000000,0.000000,-0.344366
47.387191,1765336562.660527,1765336347,0.316112,0.000333,0.000000,0.000000,0.000000,0.000000,0.000000,0.344366
47.407113,1765336562.680406,1765336347,0.316112,0.000333,0.000000,0.000000,0.000000,0.000000,0.000000,0.344366
47.427152,1765336562.700463,1765336347,0.316112,0.000333,0.000000,0.000000,0.000000,0.000000,0.000000,-0.344366
47.447179,1765336562.720500,1765336347,0.316112,0.000333,0.000000,0.000000,0.000000,0.000000,0.000000,-0.344366
47.467202,1765336562.740530,1765336347,0.316112,0.000333,0.000000,0.000000,0.000000,0.000000,0.000000,-0.344366
47.487211,1765336562.760540,1765336347,0.316112,0.000333,0.000000,0.000000,0.000000,0.000000,0.000000,0.000000
47.507231,1765336562.780568,1765336347,0.316112,0.000333,0.000000,0.000000,0.000000,0.000000,0.000000,-0.344366
47.527241,1765336562.800577,1765336347,0.316112,0.000333,0.000000,0.000000,0.000000,0.000000,0.000000,0.344366
47.547252,1765336562.820586,1765336347,0.316112,0.000333,0.000000,0.000000,0.000000,0.000000,0.000000,0.000000
47.567168,1765336562.840470,1765336347,0.316112,0.000333,0.000000,0.000000,0.000000,0.000000,0.000000,0.000000
47.587177,1765336562.860488,1765336347,0.316112,0.000333,0.000000,0.000000,0.000000,0.000000,0.000000,0.000000
47.607193,1765336562.880502,1765336347,0.316112,0.000333,0.000000,0.000000,0.000000,0.000000,0.000000,0.000000
47.627301,1765336562.900640,1765336347,0.316112,0.000333,0.000000,0.000000,0.000000,0.000000,0.000000,-0.344366
47.647283,1765336562.920619,1765336347,0.316112,0.000333,0.000000,0.000000,0.000000,0.000000,0.000000,0.344366
47.667294,1765336562.940630,1765336347,0.316112,0.000333,0.000000,0.000000,0.000000,0.000000,0.000000,0.000000
47.687264,1765336562.960579,1765336347,0.316112,0.000333,0.000000,0.000000,0.000000,0.000000,0.000000,0.000000
47.707262,1765336562.980573,1765336347,0.316112,0.000333,0.000000,0.000000,0.000000,0.000000,0.000000,0.000000
47.727288,1765336563.000609,1765336347,0.316112,0.000333,0.000000,0.000000,0.000000,0.000000,0.000000,-0.344366
47.747286,1765336563.020601,1765336347,0.316112,0.000333,0.000000,0.000000,0.000000,0.000000,0.000000,-0.344366
47.767252,1765336563.040546,1765336347,0.316112,0.000333,0.000000,0.000000,0.000000,0.000000,-0.688732,-0.344366
47.787254,1765336563.060548,1765336347,0.316112,0.000333,0.000000,0.000000,0.000000,0.000000,0.000000,0.000000
47.807238,1765336563.080522,1765336347,0.316112,0.000333,0.000000,0.000000,0.000000,0.000000,0.000000,-0.344366
47.827325,1765336563.100631,1765336347,0.316112,0.000333,0.000000,0.000000,0.000000,0.000000,0.000000,0.000000
47.847373,1765336563.120702,1765336347,0.316112,0.000333,0.000000,0.000000,0.000000,0.000000,0.000000,-0.344366
47.867365,1765336563.140686,1765336347,0.316112,0.000333,0.000000,0.000000,0.000000,0.000000,0.000000,-0.344366
47.887397,1765336563.160720,1765336347,0.316112,0.000333,0.000000,0.000000,0.000000,0.000000,0.000000,0.344366
47.907360,1765336563.180672,1765336347,0.316112,0.000333,0.000000,0.000000,0.000000,0.000000,0.000000,0.000000
47.927380,1765336563.200695,1765336347,0.316112,0.000333,0.000000,0.000000,0.000000,0.000000,0.000000,0.344366
47.947411,1765336563.220739,1765336347,0.316112,0.000333,0.000000,0.000000,0.000000,0.000000,0.000000,0.344366
47.967418,1765336563.240746,1765336347,0.316112,0.000333,0.000000,0.000000,0.000000,0.000000,0.000000,0.344366
47.987440,1765336563.260776,1765336347,0.316112,0.000333,0.000000,0.000000,0.000000,0.000000,0.000000,0.344366
48.007451,1765336563.280787,1765336347,0.316112,0.000333,0.000000,0.000000,0.000000,0.000000,0.000000,0.344366
48.027460,1765336563.300797,1765336347,0.316112,0.000333,0.000000,0.000000,0.000000,0.000000,0.000000,-0.344366
48.047470,1765336563.320805,1765336347,0.316112,0.000333,0.000000,0.000000,0.000000,0.000000,0.000000,-0.344366
48.067551,1765336563.340950,1765336347,0.316112,0.000333,0.000000,0.000000,0.000000,0.000000,0.000000,-0.344366
48.087462,1765336563.360788,1765336347,0.316112,0.000333,0.000000,0.000000,0.000000,0.000000,0.000000,0.344366
48.107424,1765336563.380723,1765336347,0.316112,0.000333,0.000000,0.000000,0.000000,0.000000,0.000000,-1.033098
48.127389,1765336563.400668,1765336347,0.316112,0.000333,0.000000,0.000000,0.000000,0.000000,0.000000,0.344366
48.147404,1765336563.420686,1765336347,0.316112,0.000333,0.000000,0.000000,0.000000,0.000000,0.000000,0.344366
48.167402,1765336563.440686,1765336347,0.316112,0.000333,0.000000,0.000000,0.000000,0.000000,0.000000,0.344366
48.187411,1765336563.460696,1765336347,0.316112,0.000333,0.000000,0.000000,0.000000,0.000000,0.000000,-0.344366
48.207400,1765336563.480679,1765336347,0.316112,0.000333,0.000000,0.000000,0.000000,0.000000,0.000000,0.000000
48.227409,1765336563.500692,1765336347,0.316112,0.000333,0.000000,0.000000,0.000000,0.000000,0.000000,-0.344366
48.247446,1765336563.520747,1765336347,0.316112,0.000333,0.000000,0.000000,0.000000,0.000000,0.000000,0.000000
48.267444,1765336563.540741,1765336347,0.316112,0.000333,0.000000,0.000000,0.000000,0.000000,0.000000,0.000000
48.287451,1765336563.560750,1765336347,0.316112,0.000333,0.000000,0.000000,0.000000,0.000000,0.000000,-1.033098
48.307465,1765336563.580769,1765336347,0.316112,0.000333,0.000000,0.000000,0.000000,0.000000,0.000000,0.000000
48.327491,1765336563.600802,1765336347,0.316112,0.000333,0.000000,0.000000,0.000000,0.000000,0.000000,-0.344366
48.347511,1765336563.620831,1765336347,0.316112,0.000333,0.000000,0.000000,0.000000,0.000000,0.000000,0.344366
48.367508,1765336563.640822,1765336347,0.316112,0.000333,0.000000,0.000000,0.000000,0.000000,-0.344366,0.000000
48.387505,1765336563.660815,1765336347,0.316112,0.000333,0.000000,0.000000,0.000000,0.000000,0.000000,0.344366
48.407525,1765336563.680837,1765336347,0.316112,0.000333,0.000000,0.000000,0.000000,0.000000,0.000000,-0.344366
48.427609,1765336563.700968,1765336347,0.316112,0.000333,0.000000,0.000000,0.000000,0.000000,0.000000,0.000000
48.447597,1765336563.720943,1765336347,0.316112,0.000333,0.000000,0.000000,0.000000,0.000000,0.000000,-0.344366
48.467502,1765336563.740800,1765336347,0.316112,0.000333,0.000000,0.000000,0.000000,0.000000,0.000000,-0.344366
48.487570,1765336563.760890,1765336347,0.316112,0.000333,0.000000,0.000000,0.000000,0.000000,0.000000,0.000000
48.507650,1765336563.781024,1765336347,0.316112,0.000333,0.000000,0.000000,0.000000,0.000000,-0.344366,0.344366
48.527556,1765336563.800880,1765336347,0.316112,0.000333,0.000000,0.000000,0.000000,0.000000,0.000000,0.000000
48.547635,1765336563.820954,1765336347,0.316112,0.000333,0.000000,0.000000,0.000000,0.000000,0.000000,0.344366
48.567709,1765336563.841069,1765336347,0.316112,0.000333,0.000000,0.000000,0.000000,0.000000,0.000000,0.688732
48.587721,1765336563.861081,1765336347,0.316112,0.000333,0.000000,0.000000,0.000000,0.000000,0.000000,-0.344366
48.607735,1765336563.881094,1765336347,0.316112,0.000333,0.000000,0.000000,0.000000,0.000000,0.000000,-0.344366
48.627724,1765336563.901059,1765336347,0.316112,0.000333,0.000000,0.000000,0.000000,0.000000,0.000000,-0.344366
48.647668,1765336563.920996,1765336347,0.316112,0.000333,0.000000,0.000000,0.000000,0.000000,0.000000,0.344366
48.667692,1765336563.941012,1765336347,0.316112,0.000333,0.000000,0.000000,0.000000,0.000000,0.000000,0.344366
48.687671,1765336563.960981,1765336347,0.316112,0.000333,0.000000,0.000000,0.000000,0.000000,0.000000,0.344366
48.707798,1765336563.981158,1765336347,0.316112,0.000333,0.000000,0.000000,0.000000,0.000000,0.000000,-0.344366
48.727789,1765336564.001134,1765336347,0.316112,0.000333,0.000000,0.000000,0.000000,0.000000,0.000000,0.000000
48.747783,1765336564.021118,1765336347,0.316112,0.000333,0.000000,0.000000,0.000000,0.000000,0.000000,0.000000
48.767794,1765336564.041130,1765336347,0.316112,0.000333,0.000000,0.000000,0.000000,0.000000,0.000000,-0.344366
48.787804,1765336564.061141,1765336347,0.316112,0.000333,0.000000,0.000000,0.000000,0.000000,0.000000,-0.344366
48.807803,1765336564.081130,1765336347,0.316112,0.000333,0.000000,0.000000,0.000000,0.000000,-1.033098,-0.344366
48.827813,1765336564.101141,1765336347,0.316112,0.000333,0.000000,0.000000,0.000000,0.000000,0.000000,-0.344366
48.847758,1765336564.121066,1765336347,0.316112,0.000333,0.000000,0.000000,0.000000,0.000000,0.000000,0.000000
48.867792,1765336564.141112,1765336347,0.316112,0.000333,0.000000,0.000000,0.000000,0.000000,0.000000,0.000000
48.887825,1765336564.161144,1765336347,0.316112,0.000333,0.000000,0.000000,0.000000,0.000000,0.000000,-0.344366
48.907884,1765336564.181203,1765336347,0.316112,0.000333,0.000000,0.000000,0.000000,0.000000,0.000000,0.000000
48.927945,1765336564.201267,1765336347,0.316112,0.000333,0.000000,0.000000,0.000000,0.000000,0.000000,0.000000
48.947897,1765336564.221208,1765336347,0.316112,0.000333,0.000000,0.000000,0.000000,0.000000,0.000000,0.344366
48.967881,1765336564.241172,1765336347,0.316112,0.000333,0.000000,0.000000,0.000000,0.000000,0.000000,0.000000
48.987948,1765336564.261264,1765336347,0.316112,0.000333,0.000000,0.000000,0.000000,0.000000,0.000000,0.000000
49.007995,1765336564.281350,1765336347,0.316112,0.000333,0.000000,0.000000,0.000000,0.000000,0.000000,0.344366
49.027976,1765336564.301318,1765336347,0.316112,0.000333,0.000000,0.000000,0.000000,0.000000,-0.688732,0.000000
49.048044,1765336564.321384,1765336347,0.316112,0.000333,0.000000,0.000000,0.000000,0.000000,0.000000,-0.344366
49.067976,1765336564.341330,1765336347,0.316112,0.000333,0.000000,0.000000,0.000000,0.000000,0.000000,0.688732
49.087941,1765336564.361238,1765336347,0.316112,0.000333,0.000000,0.000000,0.000000,0.000000,0.000000,0.000000
49.107960,1765336564.381254,1765336347,0.316112,0.000333,0.000000,0.000000,0.000000,0.000000,0.000000,-0.344366
49.127971,1765336564.401272,1765336347,0.316112,0.000333,0.000000,0.000000,0.000000,0.000000,0.000000,0.344366
49.148007,1765336564.421337,1765336347,0.316112,0.000333,0.000000,0.000000,0.000000,0.000000,0.000000,0.000000
49.168054,1765336564.441372,1765336347,0.316112,0.000333,0.000000,0.000000,0.000000,0.000000,0.000000,0.344366
49.188060,1765336564.461373,1765336347,0.316112,0.000333,0.000000,0.000000,0.000000,0.000000,0.000000,0.000000
49.208046,1765336564.481358,1765336347,0.316112,0.000333,0.000000,0.000000,0.000000,0.000000,0.000000,-0.344366
49.228027,1765336564.501332,1765336347,0.316112,0.000333,0.000000,0.000000,0.000000,0.000000,0.000000,-0.344366
49.248039,1765336564.521343,1765336347,0.316112,0.000333,0.000000,0.000000,0.000000,0.000000,0.000000,-0.344366
49.268059,1765336564.541369,1765336347,0.316112,0.000333,0.000000,0.000000,0.000000,0.000000,0.000000,0.344366
49.288090,1765336564.561419,1765336347,0.316112,0.000333,0.000000,0.000000,0.000000,0.000000,0.000000,-0.344366
49.308085,1765336564.581400,1765336347,0.316112,0.000333,0.000000,0.000000,0.000000,0.000000,0.000000,0.000000
49.328099,1765336564.601414,1765336347,0.316112,0.000333,0.000000,0.000000,0.000000,0.000000,0.000000,0.000000
49.348113,1765336564.621430,1765336347,0.316112,0.000333,0.000000,0.000000,0.000000,0.000000,0.000000,0.344366
49.368090,1765336564.641404,1765336347,0.316112,0.000333,0.000000,0.000000,0.000000,0.000000,-0.344366,0.000000
49.388206,1765336564.661566,1765336347,0.316112,0.000333,0.000000,0.000000,0.000000,0.000000,0.000000,0.000000
49.408180,1765336564.681516,1765336347,0.316112,0.000333,0.000000,0.000000,0.000000,0.000000,0.000000,-0.344366
49.428162,1765336564.701483,1765336347,0.316112,0.000333,0.000000,0.000000,0.000000,0.000000,0.000000,0.344366
49.448209,1765336564.721539,1765336347,0.316112,0.000333,0.000000,0.000000,0.000000,0.000000,0.000000,-0.344366
49.468196,1765336564.741524,1765336347,0.316112,0.000333,0.000000,0.000000,0.000000,0.000000,0.000000,0.000000
49.488204,1765336564.761526,1765336347,0.316112,0.000333,0.000000,0.000000,0.000000,0.000000,0.000000,0.000000
49.508213,1765336564.781541,1765336347,0.316112,0.000333,0.000000,0.000000,0.000000,0.000000,0.000000,-0.344366
49.528249,1765336564.801595,1765336347,0.316112,0.000333,0.000000,0.000000,0.000000,0.000000,0.000000,-0.344366
49.548203,1765336564.821519,1765336347,0.316112,0.000333,0.000000,0.000000,0.000000,0.000000,0.000000,-0.344366
49.568210,1765336564.841526,1765336347,0.316112,0.000333,0.000000,0.000000,0.000000,0.000000,0.000000,-0.344366
49.588215,1765336564.861530,1765336347,0.316112,0.000333,0.000000,0.000000,0.000000,0.000000,0.000000,-0.344366
49.608227,1765336564.881542,1765336347,0.316112,0.000333,0.000000,0.000000,0.000000,0.000000,0.000000,-0.344366
49.628221,1765336564.901532,1765336347,0.316112,0.000333,0.000000,0.000000,0.000000,0.000000,0.000000,0.344366
49.648238,1765336564.921553,1765336347,0.316112,0.000333,0.000000,0.000000,0.000000,0.000000,0.000000,0.344366
49.668258,1765336564.941579,1765336347,0.316112,0.000333,0.000000,0.000000,0.000000,0.000000,0.000000,0.344366
49.688254,1765336564.961569,1765336347,0.316112,0.000333,0.000000,0.000000,0.000000,0.000000,0.000000,0.000000
49.708297,1765336564.981621,1765336347,0.316112,0.000333,0.000000,0.000000,0.000000,0.000000,0.000000,-0.344366
49.728262,1765336565.001573,1765336347,0.316112,0.000333,0.000000,0.000000,0.000000,0.000000,0.000000,0.344366
49.748277,1765336565.021593,1765336347,0.316112,0.000333,0.000000,0.000000,0.000000,0.000000,0.000000,-0.344366
49.768286,1765336565.041602,1765336347,0.316112,0.000333,0.000000,0.000000,0.000000,0.000000,0.000000,-0.344366
49.788361,1765336565.061677,1765336347,0.316112,0.000333,0.000000,0.000000,0.000000,0.000000,0.000000,0.344366
49.808379,1765336565.081701,1765336347,0.316112,0.000333,0.000000,0.000000,0.000000,0.000000,0.000000,-0.344366
49.828378,1765336565.101693,1765336347,0.316112,0.000333,0.000000,0.000000,0.000000,0.000000,-0.344366,0.344366
49.848424,1765336565.121760,1765336347,0.316112,0.000333,0.000000,0.000000,0.000000,0.000000,0.000000,0.344366
49.868398,1765336565.141713,1765336347,0.316112,0.000333,0.000000,0.000000,0.000000,0.000000,0.000000,-0.344366
49.888399,1765336565.161717,1765336347,0.316112,0.000333,0.000000,0.000000,0.000000,0.000000,0.000000,-0.344366
49.908404,1765336565.181720,1765336347,0.316112,0.000333,0.000000,0.000000,0.000000,0.000000,-0.688732,-0.344366
49.928363,1765336565.201651,1765336347,0.316112,0.000333,0.000000,0.000000,0.000000,0.000000,0.000000,-0.344366
49.948400,1765336565.221696,1765336347,0.316112,0.000333,0.000000,0.000000,0.000000,0.000000,0.000000,0.000000
49.968452,1765336565.241760,1765336347,0.316112,0.000333,0.000000,0.000000,0.000000,0.000000,0.000000,-0.344366
49.988444,1765336565.261760,1765336347,0.316112,0.000333,0.000000,0.000000,0.000000,0.000000,0.000000,0.344366
50.008450,1765336565.281765,1765336347,0.316112,0.000333,0.000000,0.000000,0.000000,0.000000,0.000000,0.000000
50.028468,1765336565.301789,1765336347,0.316112,0.000333,0.000000,0.000000,0.000000,0.000000,-0.344366,0.000000
50.048545,1765336565.321918,1765336347,0.316112,0.000333,0.000000,0.000000,0.000000,0.000000,0.000000,-0.344366
50.068449,1765336565.341751,1765336347,0.316112,0.000333,0.000000,0.000000,0.000000,0.000000,0.000000,-0.344366
50.088422,1765336565.361706,1765336347,0.316112,0.000333,0.000000,0.000000,0.000000,0.000000,0.000000,0.344366
50.108436,1765336565.381724,1765336347,0.316112,0.000333,0.000000,0.000000,0.000000,0.000000,0.000000,-0.344366
50.128447,1765336565.401738,1765336347,0.316112,0.000333,0.000000,0.000000,0.000000,0.000000,0.000000,0.000000
50.148447,1765336565.421764,1765336347,0.316112,0.000333,0.000000,0.000000,0.000000,0.000000,0.000000,0.000000
50.168494,1765336565.441806,1765336347,0.316112,0.000333,0.000000,0.000000,0.000000,0.000000,1.377463,-0.344366
50.188463,1765336565.461755,1765336347,0.316112,0.000333,0.000000,0.000000,0.000000,0.000000,0.000000,0.344366
50.208513,1765336565.481825,1765336347,0.316112,0.000333,0.000000,0.000000,0.000000,0.000000,0.000000,0.000000
50.228507,1765336565.501808,1765336347,0.316112,0.000333,0.000000,0.000000,0.000000,0.000000,0.000000,-0.344366
50.248503,1765336565.521804,1765336347,0.316112,0.000333,0.000000,0.000000,0.000000,0.000000,0.000000,0.000000
50.268527,1765336565.541843,1765336347,0.316112,0.000333,0.000000,0.000000,0.000000,0.000000,0.000000,-0.344366
50.288542,1765336565.561857,1765336347,0.316112,0.000333,0.000000,0.000000,0.000000,0.000000,0.000000,0.344366
50.308550,1765336565.581866,1765336347,0.316112,0.000333,0.000000,0.000000,0.000000,0.000000,0.000000,0.000000
50.328569,1765336565.601890,1765336347,0.316112,0.000333,0.000000,0.000000,0.000000,0.000000,0.000000,0.344366
50.348585,1765336565.621906,1765336347,0.316112,0.000333,0.000000,0.000000,0.000000,0.000000,0.000000,0.344366
50.368602,1765336565.641930,1765336347,0.316112,0.000333,0.000000,0.000000,0.000000,0.000000,0.000000,0.000000
50.388597,1765336565.661919,1765336347,0.316112,0.000333,0.000000,0.000000,0.000000,0.000000,0.000000,-0.344366
50.408564,1765336565.681865,1765336347,0.316112,0.000333,0.000000,0.000000,0.000000,0.000000,0.000000,0.000000
50.428587,1765336565.701897,1765336347,0.316112,0.000333,0.000000,0.000000,0.000000,0.000000,0.000000,0.344366
50.448542,1765336565.721835,1765336347,0.316112,0.000333,0.000000,0.000000,0.000000,0.000000,0.000000,-0.344366
50.468584,1765336565.741899,1765336347,0.316112,0.000333,0.000000,0.000000,0.000000,0.000000,0.000000,0.000000
50.488625,1765336565.761949,1765336347,0.316112,0.000333,0.000000,0.000000,0.000000,0.000000,0.000000,0.344366
50.508630,1765336565.781958,1765336347,0.316112,0.000333,0.000000,0.000000,0.000000,0.000000,0.000000,0.000000
50.528648,1765336565.801952,1765336347,0.316112,0.000333,0.000000,0.000000,0.000000,0.000000,0.000000,0.344366
50.548657,1765336565.821953,1765336347,0.316112,0.000333,0.000000,0.000000,0.000000,0.000000,0.000000,-0.344366
50.568666,1765336565.841966,1765336347,0.316112,0.000333,0.000000,0.000000,0.000000,0.000000,1.033098,-0.344366
50.588674,1765336565.861975,1765336347,0.316112,0.000333,0.000000,0.000000,0.000000,0.000000,0.000000,0.344366
50.608711,1765336565.882009,1765336347,0.316112,0.000333,0.000000,0.000000,0.000000,0.000000,0.000000,0.344366
50.628723,1765336565.902027,1765336347,0.316112,0.000333,0.000000,0.000000,0.000000,0.000000,0.000000,-0.344366
50.648812,1765336565.922169,1765336347,0.316112,0.000333,0.000000,0.000000,0.000000,0.000000,0.000000,0.000000
50.668823,1765336565.942182,1765336347,0.316112,0.000333,0.000000,0.000000,0.000000,0.000000,0.000000,-0.344366
50.688812,1765336565.962156,1765336347,0.316112,0.000333,0.000000,0.000000,0.000000,0.000000,0.000000,0.344366
50.708722,1765336565.982033,1765336347,0.316112,0.000333,0.000000,0.000000,0.000000,0.000000,0.000000,0.000000
50.728710,1765336566.001990,1765336347,0.316112,0.000333,0.000000,0.000000,0.000000,0.000000,0.000000,-0.344366
50.748730,1765336566.022009,1765336347,0.316112,0.000333,0.000000,0.000000,0.000000,0.000000,0.000000,0.344366
50.768713,1765336566.041988,1765336347,0.316112,0.000333,0.000000,0.000000,0.000000,0.000000,0.000000,0.344366
50.788723,1765336566.062005,1765336347,0.316112,0.000333,0.000000,0.000000,0.000000,0.000000,0.000000,0.000000
50.808721,1765336566.081998,1765336347,0.316112,0.000333,0.000000,0.000000,0.000000,0.000000,0.000000,-1.033098
50.828740,1765336566.102029,1765336347,0.316112,0.000333,0.000000,0.000000,0.000000,0.000000,0.000000,-0.344366
50.848799,1765336566.122110,1765336347,0.316112,0.000333,0.000000,0.000000,0.000000,0.000000,0.000000,0.344366
50.868806,1765336566.142117,1765336347,0.316112,0.000333,0.000000,0.000000,0.000000,0.000000,0.000000,0.344366
50.888811,1765336566.162123,1765336347,0.316112,0.000333,0.000000,0.000000,0.000000,0.000000,0.000000,0.000000
50.908810,1765336566.182118,1765336347,0.316112,0.000333,0.000000,0.000000,0.000000,0.000000,0.000000,0.000000
50.928817,1765336566.202125,1765336347,0.316112,0.000333,0.000000,0.000000,0.000000,0.000000,0.000000,0.000000
50.948831,1765336566.222142,1765336347,0.316112,0.000333,0.000000,0.000000,0.000000,0.000000,0.000000,-0.344366
50.968789,1765336566.242085,1765336347,0.316112,0.000333,0.000000,0.000000,0.000000,0.000000,-0.688732,-0.344366
50.988776,1765336566.262057,1765336347,0.316112,0.000333,0.000000,0.000000,0.000000,0.000000,0.000000,0.344366
51.008775,1765336566.282050,1765336347,0.316112,0.000333,0.000000,0.000000,0.000000,0.000000,0.000000,-0.344366
51.028770,1765336566.302044,1765336347,0.316112,0.000333,0.000000,0.000000,0.000000,0.000000,0.000000,0.000000
51.048803,1765336566.322092,1765336347,0.316112,0.000333,0.000000,0.000000,0.000000,0.000000,0.000000,0.000000
51.068851,1765336566.342192,1765336347,0.316112,0.000333,0.000000,0.000000,0.000000,0.000000,0.000000,-0.344366
51.088786,1765336566.362065,1765336347,0.316112,0.000333,0.000000,0.000000,0.000000,0.000000,0.000000,0.344366
51.108824,1765336566.382120,1765336347,0.316112,0.000333,0.000000,0.000000,0.000000,0.000000,0.000000,0.000000
51.128845,1765336566.402150,1765336347,0.316112,0.000333,0.000000,0.000000,0.000000,0.000000,0.000000,0.000000
51.148874,1765336566.422189,1765336347,0.316112,0.000333,0.000000,0.000000,0.000000,0.000000,0.000000,0.000000
51.168892,1765336566.442213,1765336347,0.316112,0.000333,0.000000,0.000000,0.000000,0.000000,0.000000,0.000000
51.188949,1765336566.462323,1765336347,0.316112,0.000333,0.000000,0.000000,0.000000,0.000000,0.000000,-0.344366
51.208943,1765336566.482301,1765336347,0.316112,0.000333,0.000000,0.000000,0.000000,0.000000,0.000000,-0.344366
51.228937,1765336566.502265,1765336347,0.316112,0.000333,0.000000,0.000000,0.000000,0.000000,0.000000,-1.033098
51.248863,1765336566.522149,1765336347,0.316112,0.000333,0.000000,0.000000,0.000000,0.000000,-0.688732,0.344366
51.268884,1765336566.542176,1765336347,0.316112,0.000333,0.000000,0.000000,0.000000,0.000000,0.000000,0.000000
51.288910,1765336566.562218,1765336347,0.316112,0.000333,0.000000,0.000000,0.000000,0.000000,0.000000,0.000000
51.308894,1765336566.582192,1765336347,0.316112,0.000333,0.000000,0.000000,0.000000,0.000000,0.000000,0.000000
51.328866,1765336566.602145,1765336347,0.316112,0.000333,0.000000,0.000000,0.000000,0.000000,0.000000,0.344366
51.348888,1765336566.622179,1765336347,0.316112,0.000333,0.000000,0.000000,0.000000,0.000000,0.000000,-0.344366
51.368877,1765336566.642161,1765336347,0.316112,0.000333,0.000000,0.000000,0.000000,0.000000,0.000000,0.000000
51.388908,1765336566.662208,1765336347,0.316112,0.000333,0.000000,0.000000,0.000000,0.000000,0.000000,0.344366
51.408876,1765336566.682156,1765336347,0.316112,0.000333,0.000000,0.000000,0.000000,0.000000,0.000000,0.344366
51.428893,1765336566.702181,1765336347,0.316112,0.000333,0.000000,0.000000,0.000000,0.000000,-0.344366,0.000000
51.448923,1765336566.722224,1765336347,0.316112,0.000333,0.000000,0.000000,0.000000,0.000000,0.000000,0.344366
51.468955,1765336566.742270,1765336347,0.316112,0.000333,0.000000,0.000000,0.000000,0.000000,0.000000,-0.344366
51.488975,1765336566.762323,1765336347,0.316112,0.000333,0.000000,0.000000,0.000000,0.000000,0.000000,0.344366
51.509000,1765336566.782359,1765336347,0.316112,0.000333,0.000000,0.000000,0.000000,0.000000,0.000000,0.000000
51.529063,1765336566.802396,1765336347,0.316112,0.000333,0.000000,0.000000,0.000000,0.000000,0.000000,0.000000
51.549002,1765336566.822337,1765336347,0.316112,0.000333,0.000000,0.000000,0.000000,0.000000,0.000000,-0.344366
51.569062,1765336566.842394,1765336347,0.316112,0.000333,0.000000,0.000000,0.000000,0.000000,0.000000,-0.344366
51.589075,1765336566.862406,1765336347,0.316112,0.000333,0.000000,0.000000,0.000000,0.000000,0.000000,-0.344366
51.609076,1765336566.882406,1765336347,0.316112,0.000333,0.000000,0.000000,0.000000,0.000000,0.000000,-0.344366
51.629085,1765336566.902415,1765336347,0.316112,0.000333,0.000000,0.000000,0.000000,0.000000,0.000000,-0.344366
51.649096,1765336566.922426,1765336347,0.316112,0.000333,0.000000,0.000000,0.000000,0.000000,0.000000,0.344366
51.669105,1765336566.942434,1765336347,0.316112,0.000333,0.000000,0.000000,0.000000,0.000000,-0.344366,0.000000
51.689120,1765336566.962450,1765336347,0.316112,0.000333,0.000000,0.000000,0.000000,0.000000,0.000000,-0.344366
51.709123,1765336566.982452,1765336347,0.316112,0.000333,0.000000,0.000000,0.000000,0.000000,0.000000,0.344366
51.729129,1765336567.002458,1765336347,0.316112,0.000333,0.000000,0.000000,0.000000,0.000000,0.000000,-0.344366
51.749144,1765336567.022472,1765336347,0.316112,0.000333,0.000000,0.000000,0.000000,0.000000,0.000000,0.344366
51.769138,1765336567.042459,1765336347,0.316112,0.000333,0.000000,0.000000,0.000000,0.000000,0.000000,-0.344366
51.789139,1765336567.062448,1765336347,0.316112,0.000333,0.000000,0.000000,0.000000,0.000000,0.000000,0.000000
51.809183,1765336567.082512,1765336347,0.316112,0.000333,0.000000,0.000000,0.000000,0.000000,0.000000,-0.344366
51.829231,1765336567.102592,1765336347,0.316112,0.000333,0.000000,0.000000,0.000000,0.000000,0.000000,-0.344366
51.849255,1765336567.122632,1765336347,0.316112,0.000333,0.000000,0.000000,0.000000,0.000000,0.000000,0.344366
51.869096,1765336567.142371,1765336347,0.316112,0.000333,0.000000,0.000000,0.000000,0.000000,0.000000,0.344366
51.889109,1765336567.162390,1765336347,0.316112,0.000333,0.000000,0.000000,0.000000,0.000000,0.000000,0.000000
51.909115,1765336567.182397,1765336347,0.316112,0.000333,0.000000,0.000000,0.000000,0.000000,0.000000,0.000000
51.929134,1765336567.202426,1765336347,0.316112,0.000333,0.000000,0.000000,0.000000,0.000000,0.000000,0.000000
51.949156,1765336567.222458,1765336347,0.316112,0.000333,0.000000,0.000000,0.000000,0.000000,0.000000,0.344366
51.969189,1765336567.242504,1765336347,0.316112,0.000333,0.000000,0.000000,0.000000,0.000000,0.000000,-0.344366
51.989221,1765336567.262520,1765336347,0.316112,0.000333,0.000000,0.000000,0.000000,0.000000,0.000000,0.000000
52.009235,1765336567.282541,1765336347,0.316112,0.000333,0.000000,0.000000,0.000000,0.000000,0.000000,0.000000
52.029217,1765336567.302510,1765336347,0.316112,0.000333,0.000000,0.000000,0.000000,0.000000,0.000000,-0.344366
52.049225,1765336567.322518,1765336347,0.316112,0.000333,0.000000,0.000000,0.000000,0.000000,0.000000,0.344366
52.069510,1765336567.342910,1765336347,0.316112,0.000333,0.000000,0.000000,0.000000,0.000000,0.000000,-0.344366
52.089341,1765336567.362628,1765336347,0.316112,0.000333,0.000000,0.000000,0.000000,0.000000,0.000000,0.000000
52.109368,1765336567.382668,1765336347,0.316112,0.000333,0.000000,0.000000,0.000000,0.000000,0.000000,0.000000
52.129397,1765336567.402709,1765336347,0.316112,0.000333,0.000000,0.000000,0.000000,0.000000,0.000000,0.688732
52.149342,1765336567.422627,1765336347,0.316112,0.000333,0.000000,0.000000,0.000000,0.000000,0.000000,-0.344366
52.169409,1765336567.442720,1765336347,0.316112,0.000333,0.000000,0.000000,0.000000,0.000000,0.000000,0.000000
52.189387,1765336567.462690,1765336347,0.316112,0.000333,0.000000,0.000000,0.000000,0.000000,0.000000,0.344366
52.209443,1765336567.482764,1765336347,0.316112,0.000333,0.000000,0.000000,0.000000,0.000000,0.000000,0.000000
52.229440,1765336567.502755,1765336347,0.316112,0.000333,0.000000,0.000000,0.000000,0.000000,0.000000,0.344366
52.249489,1765336567.522825,1765336347,0.316112,0.000333,0.000000,0.000000,0.000000,0.000000,0.000000,0.344366
52.269472,1765336567.542793,1765336347,0.316112,0.000333,0.000000,0.000000,0.000000,0.000000,0.000000,0.344366
52.289489,1765336567.562813,1765336347,0.316112,0.000333,0.000000,0.000000,0.000000,0.000000,0.000000,0.000000
52.309494,1765336567.582812,1765336347,0.316112,0.000333,0.000000,0.000000,0.000000,0.000000,0.000000,0.000000
52.329497,1765336567.602819,1765336347,0.316112,0.000333,0.000000,0.000000,0.000000,0.000000,0.000000,-0.344366
52.349521,1765336567.622849,1765336347,0.316112,0.000333,0.000000,0.000000,0.000000,0.000000,-0.688732,0.344366
52.369531,1765336567.642859,1765336347,0.316112,0.000333,0.000000,0.000000,0.000000,0.000000,0.000000,-0.344366
52.389542,1765336567.662870,1765336347,0.316112,0.000333,0.000000,0.000000,0.000000,0.000000,0.000000,0.000000
52.409607,1765336567.682973,1765336347,0.316112,0.000333,0.000000,0.000000,0.000000,0.000000,0.000000,0.344366
52.429502,1765336567.702822,1765336347,0.316112,0.000333,0.000000,0.000000,0.000000,0.000000,0.000000,0.000000
52.449499,1765336567.722810,1765336347,0.316112,0.000333,0.000000,0.000000,0.000000,0.000000,0.000000,0.000000
52.469553,1765336567.742874,1765336347,0.316112,0.000333,0.000000,0.000000,0.000000,0.000000,0.000000,-0.344366
52.489519,1765336567.762837,1765336347,0.316112,0.000333,0.000000,0.000000,0.000000,0.000000,0.000000,0.000000
52.509640,1765336567.782999,1765336347,0.316112,0.000333,0.000000,0.000000,0.000000,0.000000,0.000000,-0.344366
52.529655,1765336567.803015,1765336347,0.316112,0.000333,0.000000,0.000000,0.000000,0.000000,0.000000,-0.344366
52.549668,1765336567.823027,1765336347,0.316112,0.000333,0.000000,0.000000,0.000000,0.000000,0.000000,-0.344366
52.569690,1765336567.843039,1765336347,0.316112,0.000333,0.000000,0.000000,0.000000,0.000000,0.000000,-0.344366
52.589669,1765336567.863005,1765336347,0.316112,0.000333,0.000000,0.000000,0.000000,0.000000,0.000000,0.344366
52.609664,1765336567.883000,1765336347,0.316112,0.000333,0.000000,0.000000,0.000000,0.000000,0.000000,-0.344366
52.629605,1765336567.902923,1765336347,0.316112,0.000333,0.000000,0.000000,0.000000,0.000000,0.000000,0.344366
52.649616,1765336567.922935,1765336347,0.316112,0.000333,0.000000,0.000000,0.000000,0.000000,0.000000,0.000000
52.669663,1765336567.942983,1765336347,0.316112,0.000333,0.000000,0.000000,0.000000,0.000000,0.000000,-0.344366
52.689781,1765336567.963141,1765336347,0.316112,0.000333,0.000000,0.000000,0.000000,0.000000,0.000000,0.344366
52.709754,1765336567.983083,1765336347,0.316112,0.000333,0.000000,0.000000,0.000000,0.000000,0.000000,0.000000
52.729807,1765336568.003166,1765336347,0.316112,0.000333,0.000000,0.000000,0.000000,0.000000,-0.344366,0.344366
52.749729,1765336568.023032,1765336347,0.316112,0.000333,0.000000,0.000000,0.000000,0.000000,0.000000,0.000000
52.769683,1765336568.042973,1765336347,0.316112,0.000333,0.000000,0.000000,0.000000,0.000000,0.000000,-0.344366
52.789721,1765336568.063012,1765336347,0.316112,0.000333,0.000000,0.000000,0.000000,0.000000,0.000000,-1.033098
52.809754,1765336568.083061,1765336347,0.316112,0.000333,0.000000,0.000000,0.000000,0.000000,0.000000,-0.344366
52.829746,1765336568.103047,1765336347,0.316112,0.000333,0.000000,0.000000,0.000000,0.000000,0.000000,0.000000
52.849849,1765336568.123233,1765336347,0.316112,0.000333,0.000000,0.000000,0.000000,0.000000,0.000000,0.000000
52.869792,1765336568.143107,1765336347,0.316112,0.000333,0.000000,0.000000,0.000000,0.000000,-0.344366,-0.344366
52.889811,1765336568.163133,1765336347,0.316112,0.000333,0.000000,0.000000,0.000000,0.000000,0.000000,0.000000
52.909836,1765336568.183165,1765336347,0.316112,0.000333,0.000000,0.000000,0.000000,0.000000,0.000000,0.000000
52.929897,1765336568.203256,1765336347,0.316112,0.000333,0.000000,0.000000,0.000000,0.000000,0.000000,0.344366
52.949792,1765336568.223090,1765336347,0.316112,0.000333,0.000000,0.000000,0.000000,0.000000,0.000000,0.344366
52.969778,1765336568.243063,1765336347,0.316112,0.000333,0.000000,0.000000,0.000000,0.000000,0.000000,0.000000
52.989775,1765336568.263058,1765336347,0.316112,0.000333,0.000000,0.000000,0.000000,0.000000,0.000000,-0.344366
53.009805,1765336568.283103,1765336347,0.316112,0.000333,0.000000,0.000000,0.000000,0.000000,0.000000,0.000000
53.029801,1765336568.303095,1765336347,0.316112,0.000333,0.000000,0.000000,0.000000,0.000000,0.000000,-0.344366
53.049824,1765336568.323128,1765336347,0.316112,0.000333,0.000000,0.000000,0.000000,0.000000,0.000000,0.000000
53.069791,1765336568.343073,1765336347,0.316112,0.000333,0.000000,0.000000,0.000000,0.000000,0.000000,0.000000
53.089811,1765336568.363097,1765336347,0.316112,0.000333,0.000000,0.000000,0.000000,0.000000,0.000000,0.000000
53.109793,1765336568.383074,1765336347,0.316112,0.000333,0.000000,0.000000,0.000000,0.000000,0.000000,0.344366
53.129793,1765336568.403072,1765336347,0.316112,0.000333,0.000000,0.000000,0.000000,0.000000,0.000000,0.344366
53.149795,1765336568.423074,1765336347,0.316112,0.000333,0.000000,0.000000,0.000000,0.000000,0.000000,-0.344366
53.169817,1765336568.443108,1765336347,0.316112,0.000333,0.000000,0.000000,0.000000,0.000000,0.000000,0.344366
53.189822,1765336568.463112,1765336347,0.316112,0.000333,0.000000,0.000000,0.000000,0.000000,0.000000,0.000000
53.209828,1765336568.483139,1765336347,0.316112,0.000333,0.000000,0.000000,0.000000,0.000000,0.000000,-0.344366
53.229853,1765336568.503165,1765336347,0.316112,0.000333,0.000000,0.000000,0.000000,0.000000,0.000000,0.344366
53.249834,1765336568.523116,1765336347,0.316112,0.000333,0.000000,0.000000,0.000000,0.000000,0.000000,0.344366
53.269852,1765336568.543144,1765336347,0.316112,0.000333,0.000000,0.000000,0.000000,0.000000,0.000000,0.000000
53.289990,1765336568.563374,1765336347,0.316112,0.000333,0.000000,0.000000,0.000000,0.000000,0.000000,0.000000
53.309865,1765336568.583153,1765336347,0.316112,0.000333,0.000000,0.000000,0.000000,0.000000,0.000000,0.000000
53.329899,1765336568.603213,1765336347,0.316112,0.000333,0.000000,0.000000,0.000000,0.000000,0.000000,0.344366
53.349953,1765336568.623273,1765336347,0.316112,0.000333,0.000000,0.000000,0.000000,0.000000,0.000000,0.000000
53.369905,1765336568.643217,1765336347,0.316112,0.000333,0.000000,0.000000,0.000000,0.000000,0.000000,-0.344366
53.389878,1765336568.663164,1765336347,0.316112,0.000333,0.000000,0.000000,0.000000,0.000000,0.000000,0.344366
53.409911,1765336568.683207,1765336347,0.316112,0.000333,0.000000,0.000000,0.000000,0.000000,0.000000,-0.344366
53.429965,1765336568.703307,1765336347,0.316112,0.000333,0.000000,0.000000,0.000000,0.000000,0.000000,0.000000
53.449988,1765336568.723347,1765336347,0.316112,0.000333,0.000000,0.000000,0.000000,0.000000,0.000000,-0.344366
53.469947,1765336568.743268,1765336347,0.316112,0.000333,0.000000,0.000000,0.000000,0.000000,0.000000,0.344366
53.490010,1765336568.763356,1765336347,0.316112,0.000333,0.000000,0.000000,0.000000,0.000000,-0.688732,-0.344366
53.509975,1765336568.783297,1765336347,0.316112,0.000333,0.000000,0.000000,0.000000,0.000000,0.000000,0.000000
53.529947,1765336568.803231,1765336347,0.316112,0.000333,0.000000,0.000000,0.000000,0.000000,0.000000,0.344366
53.549938,1765336568.823221,1765336347,0.316112,0.000333,0.000000,0.000000,0.000000,0.000000,0.000000,-0.344366
53.569936,1765336568.843215,1765336347,0.316112,0.000333,0.000000,0.000000,0.000000,0.000000,0.000000,-0.344366
53.589953,1765336568.863241,1765336347,0.316112,0.000333,0.000000,0.000000,0.000000,0.000000,0.000000,-0.344366
53.609985,1765336568.883297,1765336347,0.316112,0.000333,0.000000,0.000000,0.000000,0.000000,0.000000,-0.344366
53.629990,1765336568.903311,1765336347,0.316112,0.000333,0.000000,0.000000,0.000000,0.000000,0.000000,0.344366
53.650037,1765336568.923355,1765336347,0.316112,0.000333,0.000000,0.000000,0.000000,0.000000,0.000000,-0.344366
53.670047,1765336568.943364,1765336347,0.316112,0.000333,0.000000,0.000000,0.000000,0.000000,0.000000,-0.344366
53.689968,1765336568.963257,1765336347,0.316112,0.000333,0.000000,0.000000,0.000000,0.000000,0.000000,-0.344366
53.709966,1765336568.983250,1765336347,0.316112,0.000333,0.000000,0.000000,0.000000,0.000000,0.000000,0.344366
53.730050,1765336569.003362,1765336347,0.316112,0.000333,0.000000,0.000000,0.000000,0.000000,0.000000,-0.344366
53.750046,1765336569.023354,1765336347,0.316112,0.000333,0.000000,0.000000,0.000000,0.000000,0.000000,0.344366
53.770041,1765336569.043345,1765336347,0.316112,0.000333,0.000000,0.000000,0.000000,0.000000,0.000000,-0.344366
53.790057,1765336569.063365,1765336347,0.316112,0.000333,0.000000,0.000000,0.000000,0.000000,0.000000,-0.344366
53.810032,1765336569.083328,1765336347,0.316112,0.000333,0.000000,0.000000,0.000000,0.000000,-0.344366,-0.344366
53.830054,1765336569.103356,1765336347,0.316112,0.000333,0.000000,0.000000,0.000000,0.000000,0.000000,0.688732
53.850065,1765336569.123369,1765336347,0.316112,0.000333,0.000000,0.000000,0.000000,0.000000,0.000000,0.000000
53.870067,1765336569.143368,1765336347,0.316112,0.000333,0.000000,0.000000,0.000000,0.000000,0.000000,0.000000
53.890059,1765336569.163358,1765336347,0.316112,0.000333,0.000000,0.000000,0.000000,0.000000,0.000000,-0.344366
53.910052,1765336569.183347,1765336347,0.316112,0.000333,0.000000,0.000000,0.000000,0.000000,0.000000,-0.344366
53.930072,1765336569.203376,1765336347,0.316112,0.000333,0.000000,0.000000,0.000000,0.000000,0.000000,0.000000
53.950083,1765336569.223387,1765336347,0.316112,0.000333,0.000000,0.000000,0.000000,0.000000,0.000000,0.000000
53.970056,1765336569.243347,1765336347,0.316112,0.000333,0.000000,0.000000,0.000000,0.000000,0.000000,0.344366
53.990108,1765336569.263415,1765336347,0.316112,0.000333,0.000000,0.000000,0.000000,0.000000,0.000000,0.000000
54.010096,1765336569.283397,1765336347,0.316112,0.000333,0.000000,0.000000,0.000000,0.000000,0.000000,0.000000
54.030116,1765336569.303416,1765336347,0.316112,0.000333,0.000000,0.000000,0.000000,0.000000,0.000000,0.000000
54.050150,1765336569.323460,1765336347,0.316112,0.000333,0.000000,0.000000,0.000000,0.000000,0.000000,0.344366
54.070099,1765336569.343384,1765336347,0.316112,0.000333,0.000000,0.000000,0.000000,0.000000,0.000000,0.000000
54.090110,1765336569.363397,1765336347,0.316112,0.000333,0.000000,0.000000,0.000000,0.000000,0.000000,0.344366
54.110140,1765336569.383442,1765336347,0.316112,0.000333,0.000000,0.000000,0.000000,0.000000,0.000000,0.000000
54.130195,1765336569.403512,1765336347,0.316112,0.000333,0.000000,0.000000,0.000000,0.000000,0.000000,-0.344366
54.150191,1765336569.423513,1765336347,0.316112,0.000333,0.000000,0.000000,0.000000,0.000000,0.000000,-0.344366
54.170199,1765336569.443520,1765336347,0.316112,0.000333,0.000000,0.000000,0.000000,0.000000,0.000000,0.344366
54.190224,1765336569.463552,1765336347,0.316112,0.000333,0.000000,0.000000,0.000000,0.000000,-0.688732,-0.344366
54.210218,1765336569.483540,1765336347,0.316112,0.000333,0.000000,0.000000,0.000000,0.000000,0.000000,0.344366
54.230297,1765336569.503658,1765336347,0.316112,0.000333,0.000000,0.000000,0.000000,0.000000,0.000000,-0.344366
54.250305,1765336569.523667,1765336347,0.316112,0.000333,0.000000,0.000000,0.000000,0.000000,0.000000,0.344366
54.270210,1765336569.543530,1765336347,0.316112,0.000333,0.000000,0.000000,0.000000,0.000000,0.000000,-0.344366
54.290225,1765336569.563546,1765336347,0.316112,0.000333,0.000000,0.000000,0.000000,0.000000,0.000000,0.000000
54.310340,1765336569.583700,1765336347,0.316112,0.000333,0.000000,0.000000,0.000000,0.000000,0.000000,0.000000
54.330330,1765336569.603676,1765336347,0.316112,0.000333,0.000000,0.000000,0.000000,0.000000,0.000000,-0.344366
54.350324,1765336569.623659,1765336347,0.316112,0.000333,0.000000,0.000000,0.000000,0.000000,0.000000,0.000000
54.370334,1765336569.643670,1765336347,0.316112,0.000333,0.000000,0.000000,0.000000,0.000000,0.000000,0.000000
54.390444,1765336569.663837,1765336347,0.316112,0.000333,0.000000,0.000000,0.000000,0.000000,0.000000,0.344366
54.410269,1765336569.683574,1765336347,0.316112,0.000333,0.000000,0.000000,0.000000,0.000000,0.000000,-0.344366
54.430331,1765336569.703635,1765336347,0.316112,0.000333,0.000000,0.000000,0.000000,0.000000,0.000000,-0.344366
54.450413,1765336569.723760,1765336347,0.316112,0.000333,0.000000,0.000000,0.000000,0.000000,0.000000,-0.344366
54.470381,1765336569.743692,1765336347,0.316112,0.000333,0.000000,0.000000,0.000000,0.000000,0.000000,-0.344366
54.490382,1765336569.763693,1765336347,0.316112,0.000333,0.000000,0.000000,0.000000,0.000000,0.000000,0.344366
54.510390,1765336569.783701,1765336347,0.316112,0.000333,0.000000,0.000000,0.000000,0.000000,0.000000,0.000000
54.530368,1765336569.803664,1765336347,0.316112,0.000333,0.000000,0.000000,0.000000,0.000000,0.000000,0.000000
54.550370,1765336569.823666,1765336347,0.316112,0.000333,0.000000,0.000000,0.000000,0.000000,0.000000,-0.344366
54.570384,1765336569.843684,1765336347,0.316112,0.000333,0.000000,0.000000,0.000000,0.000000,0.000000,0.000000
54.590362,1765336569.863654,1765336347,0.316112,0.000333,0.000000,0.000000,0.000000,0.000000,0.000000,0.344366
54.610369,1765336569.883664,1765336347,0.316112,0.000333,0.000000,0.000000,0.000000,0.000000,0.000000,0.000000
54.630389,1765336569.903688,1765336347,0.316112,0.000333,0.000000,0.000000,0.000000,0.000000,0.000000,0.000000
54.650411,1765336569.923712,1765336347,0.316112,0.000333,0.000000,0.000000,0.000000,0.000000,0.000000,0.344366
54.670445,1765336569.943759,1765336347,0.316112,0.000333,0.000000,0.000000,0.000000,0.000000,0.000000,-0.344366
54.690479,1765336569.963808,1765336347,0.316112,0.000333,0.000000,0.000000,0.000000,0.000000,0.000000,0.344366
54.710457,1765336569.983774,1765336347,0.316112,0.000333,0.000000,0.000000,0.000000,0.000000,0.000000,-0.344366
54.730406,1765336570.003698,1765336347,0.316112,0.000333,0.000000,0.000000,0.000000,0.000000,0.000000,0.000000
54.750410,1765336570.023700,1765336347,0.316112,0.000333,0.000000,0.000000,0.000000,0.000000,0.000000,-0.344366
54.770438,1765336570.043739,1765336347,0.316112,0.000333,0.000000,0.000000,0.000000,0.000000,0.000000,-0.344366
54.790490,1765336570.063801,1765336347,0.316112,0.000333,0.000000,0.000000,0.000000,0.000000,0.000000,0.344366
54.810533,1765336570.083861,1765336347,0.316112,0.000333,0.000000,0.000000,0.000000,0.000000,0.000000,0.000000
54.830450,1765336570.103731,1765336347,0.316112,0.000333,0.000000,0.000000,0.000000,0.000000,0.000000,-0.344366
54.850493,1765336570.123797,1765336347,0.316112,0.000333,0.000000,0.000000,0.000000,0.000000,0.000000,-0.344366
54.870513,1765336570.143824,1765336347,0.316112,0.000333,0.000000,0.000000,0.000000,0.000000,0.000000,-0.344366
54.890511,1765336570.163827,1765336347,0.316112,0.000333,0.000000,0.000000,0.000000,0.000000,0.000000,0.344366
54.910597,1765336570.183930,1765336347,0.316112,0.000333,0.000000,0.000000,0.000000,0.000000,0.000000,0.344366
54.930561,1765336570.203883,1765336347,0.316112,0.000333,0.000000,0.000000,0.000000,0.000000,0.000000,0.000000
54.950571,1765336570.223894,1765336347,0.316112,0.000333,0.000000,0.000000,0.000000,0.000000,0.000000,0.000000
54.970567,1765336570.243882,1765336347,0.316112,0.000333,0.000000,0.000000,0.000000,0.000000,0.000000,0.000000
54.990606,1765336570.263927,1765336347,0.316112,0.000333,0.000000,0.000000,0.000000,0.000000,0.000000,0.344366
55.010579,1765336570.283890,1765336347,0.316112,0.000333,0.000000,0.000000,0.000000,0.000000,0.000000,-0.344366
55.030536,1765336570.303839,1765336347,0.316112,0.000333,0.000000,0.000000,0.000000,0.000000,0.000000,-0.344366
55.050544,1765336570.323839,1765336347,0.316112,0.000333,0.000000,0.000000,0.000000,0.000000,0.000000,-0.344366
55.070544,1765336570.343826,1765336347,0.316112,0.000333,0.000000,0.000000,0.000000,0.000000,-0.688732,0.000000
55.090590,1765336570.363895,1765336347,0.316112,0.000333,0.000000,0.000000,0.000000,0.000000,0.000000,0.000000
55.110551,1765336570.383839,1765336347,0.316112,0.000333,0.000000,0.000000,0.000000,0.000000,0.000000,-1.033098
55.130609,1765336570.403920,1765336347,0.316112,0.000333,0.000000,0.000000,0.000000,0.000000,0.000000,0.344366
55.150558,1765336570.423843,1765336347,0.316112,0.000333,0.000000,0.000000,0.000000,0.000000,0.000000,0.000000
55.170641,1765336570.443958,1765336347,0.316112,0.000333,0.000000,0.000000,0.000000,0.000000,0.000000,0.344366
55.190619,1765336570.463925,1765336347,0.316112,0.000333,0.000000,0.000000,0.000000,0.000000,0.000000,-0.344366
55.210585,1765336570.483878,1765336347,0.316112,0.000333,0.000000,0.000000,0.000000,0.000000,0.000000,0.344366
55.230658,1765336570.503979,1765336347,0.316112,0.000333,0.000000,0.000000,0.000000,0.000000,0.000000,0.000000
55.250657,1765336570.523973,1765336347,0.316112,0.000333,0.000000,0.000000,0.000000,0.000000,0.000000,0.000000
55.270665,1765336570.543981,1765336347,0.316112,0.000333,0.000000,0.000000,0.000000,0.000000,1.033098,0.000000
55.290686,1765336570.564008,1765336347,0.316112,0.000333,0.000000,0.000000,0.000000,0.000000,0.000000,-0.344366
55.310684,1765336570.583999,1765336347,0.316112,0.000333,0.000000,0.000000,0.000000,0.000000,0.000000,-0.344366
55.330682,1765336570.603994,1765336347,0.316112,0.000333,0.000000,0.000000,0.000000,0.000000,0.000000,0.344366
55.350685,1765336570.623995,1765336347,0.316112,0.000333,0.000000,0.000000,0.000000,0.000000,0.000000,-0.344366
55.370646,1765336570.643942,1765336347,0.316112,0.000333,0.000000,0.000000,0.000000,0.000000,0.000000,-0.344366
55.390721,1765336570.664043,1765336347,0.316112,0.000333,0.000000,0.000000,0.000000,0.000000,0.000000,0.344366
55.410677,1765336570.683980,1765336347,0.316112,0.000333,0.000000,0.000000,0.000000,0.000000,0.000000,-0.344366
55.430658,1765336570.703943,1765336347,0.316112,0.000333,0.000000,0.000000,0.000000,0.000000,0.000000,0.000000
55.450653,1765336570.723937,1765336347,0.316112,0.000333,0.000000,0.000000,0.000000,0.000000,0.000000,0.344366
55.470652,1765336570.743934,1765336347,0.316112,0.000333,0.000000,0.000000,0.000000,0.000000,0.000000,0.000000
55.490660,1765336570.763946,1765336347,0.316112,0.000333,0.000000,0.000000,0.000000,0.000000,0.000000,0.000000
55.510675,1765336570.783970,1765336347,0.316112,0.000333,0.000000,0.000000,0.000000,0.000000,0.000000,0.344366
55.530691,1765336570.803996,1765336347,0.316112,0.000333,0.000000,0.000000,0.000000,0.000000,0.000000,-0.344366
55.550734,1765336570.824044,1765336347,0.316112,0.000333,0.000000,0.000000,0.000000,0.000000,0.000000,0.344366
55.570732,1765336570.844039,1765336347,0.316112,0.000333,0.000000,0.000000,0.000000,0.000000,0.000000,-0.344366
55.590699,1765336570.863997,1765336347,0.316112,0.000333,0.000000,0.000000,0.000000,0.000000,0.000000,-0.344366
55.610713,1765336570.884014,1765336347,0.316112,0.000333,0.000000,0.000000,0.000000,0.000000,0.000000,0.344366
55.630802,1765336570.904132,1765336347,0.316112,0.000333,0.000000,0.000000,0.000000,0.000000,0.000000,0.344366
55.650746,1765336570.924041,1765336347,0.316112,0.000333,0.000000,0.000000,0.000000,0.000000,0.000000,-0.344366
55.670746,1765336570.944048,1765336347,0.316112,0.000333,0.000000,0.000000,0.000000,0.000000,0.000000,-0.344366
55.690774,1765336570.964075,1765336347,0.316112,0.000333,0.000000,0.000000,0.000000,0.000000,0.000000,-0.344366
55.710754,1765336570.984050,1765336347,0.316112,0.000333,0.000000,0.000000,0.000000,0.000000,0.000000,-0.344366
55.730764,1765336571.004065,1765336347,0.316112,0.000333,0.000000,0.000000,0.000000,0.000000,0.000000,0.344366
55.750796,1765336571.024096,1765336347,0.316112,0.000333,0.000000,0.000000,0.000000,0.000000,0.000000,-0.344366
55.770808,1765336571.044112,1765336347,0.316112,0.000333,0.000000,0.000000,0.000000,0.000000,0.000000,-0.344366
55.790813,1765336571.064119,1765336347,0.316112,0.000333,0.000000,0.000000,0.000000,0.000000,0.000000,-0.344366
55.810936,1765336571.084319,1765336347,0.316112,0.000333,0.000000,0.000000,0.000000,0.000000,0.000000,0.000000
55.830948,1765336571.104322,1765336347,0.316112,0.000333,0.000000,0.000000,0.000000,0.000000,0.000000,0.344366
55.850942,1765336571.124277,1765336347,0.316112,0.000333,0.000000,0.000000,0.000000,0.000000,0.000000,0.000000
55.870952,1765336571.144324,1765336347,0.316112,0.000333,0.000000,0.000000,0.000000,0.000000,0.000000,0.000000
55.890952,1765336571.164315,1765336347,0.316112,0.000333,0.000000,0.000000,0.000000,0.000000,0.000000,0.000000
55.910857,1765336571.184136,1765336347,0.316112,0.000333,0.000000,0.000000,0.000000,0.000000,0.000000,-0.344366
55.930871,1765336571.204156,1765336347,0.316112,0.000333,0.000000,0.000000,0.000000,0.000000,0.000000,-0.344366
55.950888,1765336571.224174,1765336347,0.316112,0.000333,0.000000,0.000000,0.000000,0.000000,0.000000,0.344366
55.970930,1765336571.244248,1765336347,0.316112,0.000333,0.000000,0.000000,0.000000,0.000000,-0.688732,0.344366
55.991002,1765336571.264385,1765336347,0.316112,0.000333,0.000000,0.000000,0.000000,0.000000,0.000000,-0.344366
56.011008,1765336571.284383,1765336347,0.316112,0.000333,0.000000,0.000000,0.000000,0.000000,0.000000,0.344366
56.031003,1765336571.304376,1765336347,0.316112,0.000333,0.000000,0.000000,0.000000,0.000000,0.000000,-0.344366
56.051084,1765336571.324445,1765336347,0.316112,0.000333,0.000000,0.000000,0.000000,0.000000,0.000000,0.344366
56.071173,1765336571.344572,1765336347,0.316112,0.000333,0.000000,0.000000,0.000000,0.000000,0.000000,0.000000
56.090977,1765336571.364299,1765336347,0.316112,0.000333,0.000000,0.000000,0.000000,0.000000,0.000000,0.000000
56.111009,1765336571.384351,1765336347,0.316112,0.000333,0.000000,0.000000,0.000000,0.000000,0.000000,0.000000
56.131053,1765336571.404377,1765336347,0.316112,0.000333,0.000000,0.000000,0.000000,0.000000,0.000000,0.000000
56.151039,1765336571.424352,1765336347,0.316112,0.000333,0.000000,0.000000,0.000000,0.000000,0.000000,0.000000
56.171146,1765336571.444508,1765336347,0.316112,0.000333,0.000000,0.000000,0.000000,0.000000,0.000000,0.344366
56.191098,1765336571.464434,1765336347,0.316112,0.000333,0.000000,0.000000,0.000000,0.000000,0.000000,-0.344366
56.211068,1765336571.484375,1765336347,0.316112,0.000333,0.000000,0.000000,0.000000,0.000000,0.000000,0.344366
56.231032,1765336571.504334,1765336347,0.316112,0.000333,0.000000,0.000000,0.000000,0.000000,0.000000,0.344366
56.251010,1765336571.524308,1765336347,0.316112,0.000333,0.000000,0.000000,0.000000,0.000000,0.000000,0.000000
56.271031,1765336571.544321,1765336347,0.316112,0.000333,0.000000,0.000000,0.000000,0.000000,0.000000,0.000000
56.291032,1765336571.564326,1765336347,0.316112,0.000333,0.000000,0.000000,0.000000,0.000000,-0.344366,0.000000
56.311006,1765336571.584285,1765336347,0.316112,0.000333,0.000000,0.000000,0.000000,0.000000,0.000000,0.000000
56.331009,1765336571.604291,1765336347,0.316112,0.000333,0.000000,0.000000,0.000000,0.000000,0.000000,0.344366
56.351020,1765336571.624302,1765336347,0.316112,0.000333,0.000000,0.000000,0.000000,0.000000,0.000000,0.344366
56.371017,1765336571.644296,1765336347,0.316112,0.000333,0.000000,0.000000,0.000000,0.000000,0.000000,0.000000
56.391023,1765336571.664299,1765336347,0.316112,0.000333,0.000000,0.000000,0.000000,0.000000,0.000000,0.000000
56.411041,1765336571.684326,1765336347,0.316112,0.000333,0.000000,0.000000,0.000000,0.000000,0.000000,0.000000
56.431067,1765336571.704361,1765336347,0.316112,0.000333,0.000000,0.000000,0.000000,0.000000,-0.688732,0.000000
56.451092,1765336571.724396,1765336347,0.316112,0.000333,0.000000,0.000000,0.000000,0.000000,0.000000,0.344366
56.471141,1765336571.744459,1765336347,0.316112,0.000333,0.000000,0.000000,0.000000,0.000000,0.000000,0.000000
56.491154,1765336571.764479,1765336347,0.316112,0.000333,0.000000,0.000000,0.000000,0.000000,0.000000,0.344366
56.511164,1765336571.784492,1765336347,0.316112,0.000333,0.000000,0.000000,0.000000,0.000000,0.000000,0.000000
56.531184,1765336571.804520,1765336347,0.316112,0.000333,0.000000,0.000000,0.000000,0.000000,0.000000,0.344366
56.551194,1765336571.824530,1765336347,0.316112,0.000333,0.000000,0.000000,0.000000,0.000000,0.000000,0.344366
56.571204,1765336571.844539,1765336347,0.316112,0.000333,0.000000,0.000000,0.000000,0.000000,0.000000,-1.033098
56.591185,1765336571.864506,1765336347,0.316112,0.000333,0.000000,0.000000,0.000000,0.000000,0.000000,0.000000
56.611193,1765336571.884516,1765336347,0.316112,0.000333,0.000000,0.000000,0.000000,0.000000,0.000000,0.344366
56.631152,1765336571.904465,1765336347,0.316112,0.000333,0.000000,0.000000,0.000000,0.000000,0.000000,0.000000
56.651237,1765336571.924572,1765336347,0.316112,0.000333,0.000000,0.000000,0.000000,0.000000,0.000000,0.000000
56.671275,1765336571.944597,1765336347,0.316112,0.000333,0.000000,0.000000,0.000000,0.000000,0.000000,0.000000
56.691191,1765336571.964510,1765336347,0.316112,0.000333,0.000000,0.000000,0.000000,0.000000,0.000000,0.000000
56.711169,1765336571.984452,1765336347,0.316112,0.000333,0.000000,0.000000,0.000000,0.000000,0.000000,-0.344366
56.731215,1765336572.004517,1765336347,0.316112,0.000333,0.000000,0.000000,0.000000,0.000000,0.000000,-0.344366
56.751180,1765336572.024465,1765336347,0.316112,0.000333,0.000000,0.000000,0.000000,0.000000,0.000000,-0.344366
56.771245,1765336572.044524,1765336347,0.316112,0.000333,0.000000,0.000000,0.000000,0.000000,0.000000,-0.344366
56.791252,1765336572.064532,1765336347,0.316112,0.000333,0.000000,0.000000,0.000000,0.000000,0.000000,0.000000
56.811241,1765336572.084516,1765336347,0.316112,0.000333,0.000000,0.000000,0.000000,0.000000,0.000000,0.344366
56.831267,1765336572.104553,1765336347,0.316112,0.000333,0.000000,0.000000,0.000000,0.000000,0.000000,0.000000
56.851287,1765336572.124582,1765336347,0.316112,0.000333,0.000000,0.000000,0.000000,0.000000,0.000000,0.000000
56.871313,1765336572.144621,1765336347,0.316112,0.000333,0.000000,0.000000,0.000000,0.000000,0.000000,0.344366
56.891346,1765336572.164667,1765336347,0.316112,0.000333,0.000000,0.000000,0.000000,0.000000,0.000000,0.344366
56.911370,1765336572.184699,1765336347,0.316112,0.000333,0.000000,0.000000,0.000000,0.000000,0.000000,-0.344366
56.931378,1765336572.204707,1765336347,0.316112,0.000333,0.000000,0.000000,0.000000,0.000000,0.000000,-0.344366
56.951387,1765336572.224715,1765336347,0.316112,0.000333,0.000000,0.000000,0.000000,0.000000,0.000000,0.344366
56.971409,1765336572.244744,1765336347,0.316112,0.000333,0.000000,0.000000,0.000000,0.000000,0.000000,-0.344366
56.991448,1765336572.264788,1765336347,0.316112,0.000333,0.000000,0.000000,0.000000,0.000000,-0.688732,-0.344366
57.011429,1765336572.284766,1765336347,0.316112,0.000333,0.000000,0.000000,0.000000,0.000000,-0.688732,0.000000
57.031439,1765336572.304774,1765336347,0.316112,0.000333,0.000000,0.000000,0.000000,0.000000,0.000000,-0.344366
57.051449,1765336572.324784,1765336347,0.316112,0.000333,0.000000,0.000000,0.000000,0.000000,0.000000,0.000000
57.071356,1765336572.344636,1765336347,0.316112,0.000333,0.000000,0.000000,0.000000,0.000000,0.000000,-0.344366
57.091384,1765336572.364677,1765336347,0.316112,0.000333,0.000000,0.000000,0.000000,0.000000,0.000000,-0.344366
57.111407,1765336572.384711,1765336347,0.316112,0.000333,0.000000,0.000000,0.000000,0.000000,0.000000,0.344366
57.131435,1765336572.404750,1765336347,0.316112,0.000333,0.000000,0.000000,0.000000,0.000000,0.000000,0.344366
57.151453,1765336572.424774,1765336347,0.316112,0.000333,0.000000,0.000000,0.000000,0.000000,0.000000,0.000000
57.171474,1765336572.444802,1765336347,0.316112,0.000333,0.000000,0.000000,0.000000,0.000000,0.000000,0.344366
57.191539,1765336572.464899,1765336347,0.316112,0.000333,0.000000,0.000000,0.000000,0.000000,0.000000,0.344366
57.211553,1765336572.484912,1765336347,0.316112,0.000333,0.000000,0.000000,0.000000,0.000000,0.000000,0.344366
57.231542,1765336572.504888,1765336347,0.316112,0.000333,0.000000,0.000000,0.000000,0.000000,0.000000,0.344366
57.251581,1765336572.524920,1765336347,0.316112,0.000333,0.000000,0.000000,0.000000,0.000000,0.000000,0.000000
57.271550,1765336572.544885,1765336347,0.316112,0.000333,0.000000,0.000000,0.000000,0.000000,0.000000,-0.344366
57.291546,1765336572.564874,1765336347,0.316112,0.000333,0.000000,0.000000,0.000000,0.000000,0.000000,0.000000
57.311531,1765336572.584848,1765336347,0.316112,0.000333,0.000000,0.000000,0.000000,0.000000,0.000000,-0.344366
57.331566,1765336572.604894,1765336347,0.316112,0.000333,0.000000,0.000000,0.000000,0.000000,0.000000,-0.344366
57.351575,1765336572.624903,1765336347,0.316112,0.000333,0.000000,0.000000,0.000000,0.000000,0.000000,-0.344366
57.371522,1765336572.644828,1765336347,0.316112,0.000333,0.000000,0.000000,0.000000,0.000000,0.000000,0.000000
57.391595,1765336572.664923,1765336347,0.316112,0.000333,0.000000,0.000000,0.000000,0.000000,0.000000,-0.344366
57.411636,1765336572.684974,1765336347,0.316112,0.000333,0.000000,0.000000,0.000000,0.000000,0.000000,0.000000
57.431642,1765336572.704987,1765336347,0.316112,0.000333,0.000000,0.000000,0.000000,0.000000,-0.344366,0.000000
57.451641,1765336572.724971,1765336347,0.316112,0.000333,0.000000,0.000000,0.000000,0.000000,0.000000,0.000000
57.471554,1765336572.744850,1765336347,0.316112,0.000333,0.000000,0.000000,0.000000,0.000000,0.000000,0.344366
57.491579,1765336572.764878,1765336347,0.316112,0.000333,0.000000,0.000000,0.000000,0.000000,0.000000,-0.344366
57.511565,1765336572.784855,1765336347,0.316112,0.000333,0.000000,0.000000,0.000000,0.000000,0.000000,0.344366
57.531598,1765336572.804902,1765336347,0.316112,0.000333,0.000000,0.000000,0.000000,0.000000,0.000000,0.344366
57.551597,1765336572.824898,1765336347,0.316112,0.000333,0.000000,0.000000,0.000000,0.000000,0.000000,-0.344366
57.571599,1765336572.844900,1765336347,0.316112,0.000333,0.000000,0.000000,0.000000,0.000000,0.000000,0.344366
57.591618,1765336572.864925,1765336347,0.316112,0.000333,0.000000,0.000000,0.000000,0.000000,0.000000,0.344366
57.611640,1765336572.884955,1765336347,0.316112,0.000333,0.000000,0.000000,0.000000,0.000000,0.000000,0.000000
57.631659,1765336572.904981,1765336347,0.316112,0.000333,0.000000,0.000000,0.000000,0.000000,0.000000,0.000000
57.651682,1765336572.925009,1765336347,0.316112,0.000333,0.000000,0.000000,0.000000,0.000000,0.000000,0.344366
57.671691,1765336572.945020,1765336347,0.316112,0.000333,0.000000,0.000000,0.000000,0.000000,0.000000,-0.344366
57.691712,1765336572.965048,1765336347,0.316112,0.000333,0.000000,0.000000,0.000000,0.000000,0.000000,0.344366
57.711722,1765336572.985058,1765336347,0.316112,0.000333,0.000000,0.000000,0.000000,0.000000,0.000000,-0.344366
57.731731,1765336573.005067,1765336347,0.316112,0.000333,0.000000,0.000000,0.000000,0.000000,0.000000,0.344366
57.751648,1765336573.024945,1765336347,0.316112,0.000333,0.000000,0.000000,0.000000,0.000000,0.000000,0.000000
57.771652,1765336573.044939,1765336347,0.316112,0.000333,0.000000,0.000000,0.000000,0.000000,0.000000,-0.344366
57.791641,1765336573.064920,1765336347,0.316112,0.000333,0.000000,0.000000,0.000000,0.000000,0.000000,0.344366
57.811642,1765336573.084922,1765336347,0.316112,0.000333,0.000000,0.000000,0.000000,0.000000,0.000000,-0.344366
57.831686,1765336573.104988,1765336347,0.316112,0.000333,0.000000,0.000000,0.000000,0.000000,0.000000,-0.344366
57.851720,1765336573.125035,1765336347,0.316112,0.000333,0.000000,0.000000,0.000000,0.000000,0.000000,0.344366
57.871727,1765336573.145043,1765336347,0.316112,0.000333,0.000000,0.000000,0.000000,0.000000,0.000000,0.344366
57.891680,1765336573.164965,1765336347,0.316112,0.000333,0.000000,0.000000,0.000000,0.000000,0.000000,0.344366
57.911668,1765336573.184947,1765336347,0.316112,0.000333,0.000000,0.000000,0.000000,0.000000,0.000000,0.000000
57.931695,1765336573.204986,1765336347,0.316112,0.000333,0.000000,0.000000,0.000000,0.000000,0.000000,0.000000
57.951706,1765336573.225002,1765336347,0.316112,0.000333,0.000000,0.000000,0.000000,0.000000,0.000000,0.344366
57.971672,1765336573.244951,1765336347,0.316112,0.000333,0.000000,0.000000,0.000000,0.000000,0.000000,0.344366
57.991697,1765336573.264984,1765336347,0.316112,0.000333,0.000000,0.000000,0.000000,0.000000,0.000000,0.000000
58.011712,1765336573.285005,1765336347,0.316112,0.000333,0.000000,0.000000,0.000000,0.000000,0.000000,0.344366
58.031735,1765336573.305035,1765336347,0.316112,0.000333,0.000000,0.000000,0.000000,0.000000,0.000000,0.344366
58.051744,1765336573.325051,1765336347,0.316112,0.000333,0.000000,0.000000,0.000000,0.000000,0.000000,-0.344366
58.071690,1765336573.344967,1765336347,0.316112,0.000333,0.000000,0.000000,0.000000,0.000000,0.000000,-0.344366
58.091725,1765336573.365018,1765336347,0.316112,0.000333,0.000000,0.000000,0.000000,0.000000,0.000000,0.344366
58.111706,1765336573.384986,1765336347,0.316112,0.000333,0.000000,0.000000,0.000000,0.000000,0.000000,0.000000
58.131698,1765336573.404975,1765336347,0.316112,0.000333,0.000000,0.000000,0.000000,0.000000,0.000000,-0.344366
58.151750,1765336573.425049,1765336347,0.316112,0.000333,0.000000,0.000000,0.000000,0.000000,0.000000,0.000000
58.171775,1765336573.445086,1765336347,0.316112,0.000333,0.000000,0.000000,0.000000,0.000000,-0.344366,-0.344366
58.191791,1765336573.465106,1765336347,0.316112,0.000333,0.000000,0.000000,0.000000,0.000000,0.000000,0.000000
58.211811,1765336573.485133,1765336347,0.316112,0.000333,0.000000,0.000000,0.000000,0.000000,0.000000,-0.344366
58.231835,1765336573.505163,1765336347,0.316112,0.000333,0.000000,0.000000,0.000000,0.000000,0.000000,-0.344366
58.251845,1765336573.525173,1765336347,0.316112,0.000333,0.000000,0.000000,0.000000,0.000000,0.000000,0.344366
58.271854,1765336573.545183,1765336347,0.316112,0.000333,0.000000,0.000000,0.000000,0.000000,0.000000,-0.344366
58.291890,1765336573.565222,1765336347,0.316112,0.000333,0.000000,0.000000,0.000000,0.000000,0.000000,0.344366
58.311848,1765336573.585163,1765336347,0.316112,0.000333,0.000000,0.000000,0.000000,0.000000,0.000000,0.000000
58.331816,1765336573.605117,1765336347,0.316112,0.000333,0.000000,0.000000,0.000000,0.000000,0.000000,-0.344366
58.351888,1765336573.625212,1765336347,0.316112,0.000333,0.000000,0.000000,0.000000,0.000000,0.000000,-0.344366
58.371882,1765336573.645203,1765336347,0.316112,0.000333,0.000000,0.000000,0.000000,0.000000,0.000000,-0.344366
58.391906,1765336573.665235,1765336347,0.316112,0.000333,0.000000,0.000000,0.000000,0.000000,0.000000,0.000000
58.411911,1765336573.685232,1765336347,0.316112,0.000333,0.000000,0.000000,0.000000,0.000000,0.000000,-0.344366
58.431910,1765336573.705231,1765336347,0.316112,0.000333,0.000000,0.000000,0.000000,0.000000,0.000000,-0.344366
58.451919,1765336573.725240,1765336347,0.316112,0.000333,0.000000,0.000000,0.000000,0.000000,0.000000,-0.344366
58.471865,1765336573.745179,1765336347,0.316112,0.000333,0.000000,0.000000,0.000000,0.000000,0.000000,-0.344366
58.491871,1765336573.765166,1765336347,0.316112,0.000333,0.000000,0.000000,0.000000,0.000000,0.000000,0.344366
58.511862,1765336573.785152,1765336347,0.316112,0.000333,0.000000,0.000000,0.000000,0.000000,0.000000,-0.344366
58.531888,1765336573.805184,1765336347,0.316112,0.000333,0.000000,0.000000,0.000000,0.000000,0.000000,0.344366
58.551868,1765336573.825150,1765336347,0.316112,0.000333,0.000000,0.000000,0.000000,0.000000,0.000000,0.344366
58.571868,1765336573.845169,1765336347,0.316112,0.000333,0.000000,0.000000,0.000000,0.000000,0.000000,-0.344366
58.591878,1765336573.865185,1765336347,0.316112,0.000333,0.000000,0.000000,0.000000,0.000000,0.000000,0.344366
58.611903,1765336573.885201,1765336347,0.316112,0.000333,0.000000,0.000000,0.000000,0.000000,0.000000,-0.344366
58.631904,1765336573.905223,1765336347,0.316112,0.000333,0.000000,0.000000,0.000000,0.000000,0.000000,0.344366
58.651942,1765336573.925247,1765336347,0.316112,0.000333,0.000000,0.000000,0.000000,0.000000,0.000000,-0.344366
58.672100,1765336573.945461,1765336347,0.316112,0.000333,0.000000,0.000000,0.000000,0.000000,0.000000,0.000000
58.692119,1765336573.965480,1765336347,0.316112,0.000333,0.000000,0.000000,0.000000,0.000000,0.000000,0.000000
58.712112,1765336573.985460,1765336347,0.316112,0.000333,0.000000,0.000000,0.000000,0.000000,0.000000,0.344366
58.731993,1765336574.005323,1765336347,0.316112,0.000333,0.000000,0.000000,0.000000,0.000000,0.000000,0.000000
58.752010,1765336574.025353,1765336347,0.316112,0.000333,0.000000,0.000000,0.000000,0.000000,0.000000,0.000000
58.772028,1765336574.045347,1765336347,0.316112,0.000333,0.000000,0.000000,0.000000,0.000000,0.000000,-0.344366
58.792064,1765336574.065386,1765336347,0.316112,0.000333,0.000000,0.000000,0.000000,0.000000,0.000000,0.344366
58.812232,1765336574.085595,1765336347,0.316112,0.000333,0.000000,0.000000,0.000000,0.000000,0.000000,-0.344366
58.832190,1765336574.105535,1765336347,0.316112,0.000333,0.000000,0.000000,0.000000,0.000000,0.000000,0.000000
58.852201,1765336574.125548,1765336347,0.316112,0.000333,0.000000,0.000000,0.000000,0.000000,0.000000,-0.344366
58.872090,1765336574.145370,1765336347,0.316112,0.000333,0.000000,0.000000,0.000000,0.000000,0.000000,-0.344366
58.892098,1765336574.165382,1765336347,0.316112,0.000333,0.000000,0.000000,0.000000,0.000000,0.000000,-0.344366
58.912094,1765336574.185375,1765336347,0.316112,0.000333,0.000000,0.000000,0.000000,0.000000,0.000000,-0.344366
58.932096,1765336574.205384,1765336347,0.316112,0.000333,0.000000,0.000000,0.000000,0.000000,0.000000,0.000000
58.952191,1765336574.225521,1765336347,0.316112,0.000333,0.000000,0.000000,0.000000,0.000000,0.000000,0.344366
58.972254,1765336574.245613,1765336347,0.316112,0.000333,0.000000,0.000000,0.000000,0.000000,0.000000,0.344366
58.992122,1765336574.265402,1765336347,0.316112,0.000333,0.000000,0.000000,0.000000,0.000000,0.000000,0.344366
59.012175,1765336574.285482,1765336347,0.316112,0.000333,0.000000,0.000000,0.000000,0.000000,0.000000,0.000000
59.032197,1765336574.305513,1765336347,0.316112,0.000333,0.000000,0.000000,0.000000,0.000000,0.000000,-0.344366
59.052233,1765336574.325562,1765336347,0.316112,0.000333,0.000000,0.000000,0.000000,0.000000,0.000000,0.344366
59.072151,1765336574.345434,1765336347,0.316112,0.000333,0.000000,0.000000,0.000000,0.000000,0.000000,-0.344366
59.092180,1765336574.365476,1765336347,0.316112,0.000333,0.000000,0.000000,0.000000,0.000000,0.000000,-0.344366
59.112214,1765336574.385526,1765336347,0.316112,0.000333,0.000000,0.000000,0.000000,0.000000,0.000000,-0.344366
59.132229,1765336574.405544,1765336347,0.316112,0.000333,0.000000,0.000000,0.000000,0.000000,0.000000,-0.344366
59.152263,1765336574.425591,1765336347,0.316112,0.000333,0.000000,0.000000,0.000000,0.000000,0.000000,0.000000
59.172272,1765336574.445600,1765336347,0.316112,0.000333,0.000000,0.000000,0.000000,0.000000,0.000000,0.344366
59.192293,1765336574.465628,1765336347,0.316112,0.000333,0.000000,0.000000,0.000000,0.000000,0.000000,-0.344366
59.212275,1765336574.485596,1765336347,0.316112,0.000333,0.000000,0.000000,0.000000,0.000000,0.000000,0.000000
59.232283,1765336574.505604,1765336347,0.316112,0.000333,0.000000,0.000000,0.000000,0.000000,0.000000,0.344366
59.252220,1765336574.525505,1765336347,0.316112,0.000333,0.000000,0.000000,0.000000,0.000000,0.000000,0.344366
59.272233,1765336574.545522,1765336347,0.316112,0.000333,0.000000,0.000000,0.000000,0.000000,-0.688732,0.000000
59.292298,1765336574.565591,1765336347,0.316112,0.000333,0.000000,0.000000,0.000000,0.000000,0.000000,-0.344366
59.312283,1765336574.585564,1765336347,0.316112,0.000333,0.000000,0.000000,0.000000,0.000000,0.000000,0.000000
59.332334,1765336574.605634,1765336347,0.316112,0.000333,0.000000,0.000000,0.000000,0.000000,0.000000,0.000000
59.352344,1765336574.625655,1765336347,0.316112,0.000333,0.000000,0.000000,0.000000,0.000000,0.000000,0.000000
59.372359,1765336574.645674,1765336347,0.316112,0.000333,0.000000,0.000000,0.000000,0.000000,0.000000,-0.344366
59.392422,1765336574.665768,1765336347,0.316112,0.000333,0.000000,0.000000,0.000000,0.000000,0.000000,0.000000
59.412456,1765336574.685816,1765336347,0.316112,0.000333,0.000000,0.000000,0.000000,0.000000,0.000000,0.344366
59.432470,1765336574.705830,1765336347,0.316112,0.000333,0.000000,0.000000,0.000000,0.000000,0.000000,0.344366
59.452460,1765336574.725806,1765336347,0.316112,0.000333,0.000000,0.000000,0.000000,0.000000,0.000000,-0.344366
59.472472,1765336574.745818,1765336347,0.316112,0.000333,0.000000,0.000000,0.000000,0.000000,0.000000,-0.344366
59.492468,1765336574.765803,1765336347,0.316112,0.000333,0.000000,0.000000,0.000000,0.000000,0.000000,-0.344366
59.512478,1765336574.785814,1765336347,0.316112,0.000333,0.000000,0.000000,0.000000,0.000000,0.000000,-0.344366
59.532531,1765336574.805877,1765336347,0.316112,0.000333,0.000000,0.000000,0.000000,0.000000,0.000000,-0.344366
59.552520,1765336574.825856,1765336347,0.316112,0.000333,0.000000,0.000000,0.000000,0.000000,0.000000,0.000000
59.572532,1765336574.845868,1765336347,0.316112,0.000333,0.000000,0.000000,0.000000,0.000000,0.000000,-0.344366
59.592579,1765336574.865917,1765336347,0.316112,0.000333,0.000000,0.000000,0.000000,0.000000,0.000000,-0.344366
59.612593,1765336574.885953,1765336347,0.316112,0.000333,0.000000,0.000000,0.000000,0.000000,0.000000,0.344366
59.632606,1765336574.905965,1765336347,0.316112,0.000333,0.000000,0.000000,0.000000,0.000000,0.000000,0.344366
59.652594,1765336574.925940,1765336347,0.316112,0.000333,0.000000,0.000000,0.000000,0.000000,0.000000,0.344366
59.672589,1765336574.945924,1765336347,0.316112,0.000333,0.000000,0.000000,0.000000,0.000000,0.000000,0.000000
59.692599,1765336574.965934,1765336347,0.316112,0.000333,0.000000,0.000000,0.000000,0.000000,0.000000,0.344366
59.712607,1765336574.985943,1765336347,0.316112,0.000333,0.000000,0.000000,0.000000,0.000000,0.000000,0.000000
59.732659,1765336575.006018,1765336347,0.316112,0.000333,0.000000,0.000000,0.000000,0.000000,0.000000,0.000000
59.752673,1765336575.026034,1765336347,0.316112,0.000333,0.000000,0.000000,0.000000,0.000000,0.000000,-0.344366
59.772663,1765336575.046008,1765336347,0.316112,0.000333,0.000000,0.000000,0.000000,0.000000,0.000000,0.000000
59.792697,1765336575.066056,1765336347,0.316112,0.000333,0.000000,0.000000,0.000000,0.000000,0.000000,0.000000
59.812663,1765336575.085977,1765336347,0.316112,0.000333,0.000000,0.000000,0.000000,0.000000,0.000000,0.000000
59.832683,1765336575.105987,1765336347,0.316112,0.000333,0.000000,0.000000,0.000000,0.000000,0.000000,0.344366
59.852656,1765336575.125941,1765336347,0.316112,0.000333,0.000000,0.000000,0.000000,0.000000,0.000000,0.344366
59.872685,1765336575.145994,1765336347,0.316112,0.000333,0.000000,0.000000,0.000000,0.000000,0.000000,0.000000
59.892637,1765336575.165914,1765336347,0.316112,0.000333,0.000000,0.000000,0.000000,0.000000,0.000000,0.000000
59.912678,1765336575.185976,1765336347,0.316112,0.000333,0.000000,0.000000,0.000000,0.000000,0.000000,0.344366
59.932685,1765336575.205982,1765336347,0.316112,0.000333,0.000000,0.000000,0.000000,0.000000,0.000000,0.000000
59.952701,1765336575.226006,1765336347,0.316112,0.000333,0.000000,0.000000,0.000000,0.000000,0.000000,0.344366
59.972759,1765336575.246087,1765336347,0.316112,0.000333,0.000000,0.000000,0.000000,0.000000,0.000000,0.000000
59.992770,1765336575.266098,1765336347,0.316112,0.000333,0.000000,0.000000,0.000000,0.000000,0.000000,-0.344366
60.012780,1765336575.286108,1765336347,0.316112,0.000333,0.000000,0.000000,0.000000,0.000000,0.000000,0.000000
60.032790,1765336575.306119,1765336347,0.316112,0.000333,0.000000,0.000000,0.000000,0.000000,0.000000,0.000000
60.052815,1765336575.326146,1765336347,0.316112,0.000333,0.000000,0.000000,0.000000,0.000000,0.000000,0.000000
60.072896,1765336575.346298,1765336347,0.316112,0.000333,0.000000,0.000000,0.000000,0.000000,0.000000,0.000000
60.092737,1765336575.366024,1765336347,0.316112,0.000333,0.000000,0.000000,0.000000,0.000000,0.000000,0.000000
60.112772,1765336575.386071,1765336347,0.316112,0.000333,0.000000,0.000000,0.000000,0.000000,-0.688732,0.344366
60.132781,1765336575.406086,1765336347,0.316112,0.000333,0.000000,0.000000,0.000000,0.000000,0.000000,0.000000
60.152783,1765336575.426088,1765336347,0.316112,0.000333,0.000000,0.000000,0.000000,0.000000,-0.688732,0.000000
60.172866,1765336575.446211,1765336347,0.316112,0.000333,0.000000,0.000000,0.000000,0.000000,0.000000,0.344366
60.192878,1765336575.466224,1765336347,0.316112,0.000333,0.000000,0.000000,0.000000,0.000000,0.000000,-0.344366
60.212874,1765336575.486211,1765336347,0.316112,0.000333,0.000000,0.000000,0.000000,0.000000,0.000000,0.344366
60.232884,1765336575.506220,1765336347,0.316112,0.000333,0.000000,0.000000,0.000000,0.000000,0.000000,0.000000
60.252896,1765336575.526232,1765336347,0.316112,0.000333,0.000000,0.000000,0.000000,0.000000,0.000000,0.000000
60.272907,1765336575.546243,1765336347,0.316112,0.000333,0.000000,0.000000,0.000000,0.000000,0.000000,-0.344366
60.292891,1765336575.566211,1765336347,0.316112,0.000333,0.000000,0.000000,0.000000,0.000000,-0.688732,-0.344366
60.312914,1765336575.586243,1765336347,0.316112,0.000333,0.000000,0.000000,0.000000,0.000000,0.000000,-0.344366
60.332924,1765336575.606253,1765336347,0.316112,0.000333,0.000000,0.000000,0.000000,0.000000,0.000000,0.000000
60.352935,1765336575.626264,1765336347,0.316112,0.000333,0.000000,0.000000,0.000000,0.000000,0.000000,-0.344366
60.372967,1765336575.646329,1765336347,0.316112,0.000333,0.000000,0.000000,0.000000,0.000000,0.000000,-0.344366
60.392954,1765336575.666312,1765336347,0.316112,0.000333,0.000000,0.000000,0.000000,0.000000,0.000000,-0.344366
60.412947,1765336575.686268,1765336347,0.316112,0.000333,0.000000,0.000000,0.000000,0.000000,0.000000,0.000000
60.432956,1765336575.706277,1765336347,0.316112,0.000333,0.000000,0.000000,0.000000,0.000000,0.000000,0.344366
60.452892,1765336575.726175,1765336347,0.316112,0.000333,0.000000,0.000000,0.000000,0.000000,0.000000,-0.344366
60.472886,1765336575.746166,1765336347,0.316112,0.000333,0.000000,0.000000,0.000000,0.000000,0.000000,0.000000
60.492893,1765336575.766172,1765336347,0.316112,0.000333,0.000000,0.000000,0.000000,0.000000,0.000000,0.000000
60.512909,1765336575.786198,1765336347,0.316112,0.000333,0.000000,0.000000,0.000000,0.000000,0.000000,-0.344366
60.532942,1765336575.806246,1765336347,0.316112,0.000333,0.000000,0.000000,0.000000,0.000000,0.000000,0.344366
60.552961,1765336575.826273,1765336347,0.316112,0.000333,0.000000,0.000000,0.000000,0.000000,0.000000,-0.344366
60.573064,1765336575.846413,1765336347,0.316112,0.000333,0.000000,0.000000,0.000000,0.000000,0.000000,0.000000
60.593110,1765336575.866472,1765336347,0.316112,0.000333,0.000000,0.000000,0.000000,0.000000,0.000000,0.000000
60.613086,1765336575.886434,1765336347,0.316112,0.000333,0.000000,0.000000,0.000000,0.000000,0.000000,-0.344366
60.633104,1765336575.906443,1765336347,0.316112,0.000333,0.000000,0.000000,0.000000,0.000000,0.000000,0.344366
60.653058,1765336575.926377,1765336347,0.316112,0.000333,0.000000,0.000000,0.000000,0.000000,0.000000,0.344366
60.672946,1765336575.946222,1765336347,0.316112,0.000333,0.000000,0.000000,0.000000,0.000000,0.000000,0.000000
60.692989,1765336575.966294,1765336347,0.316112,0.000333,0.000000,0.000000,0.000000,0.000000,0.000000,0.000000
60.713010,1765336575.986330,1765336347,0.316112,0.000333,0.000000,0.000000,0.000000,0.000000,0.000000,0.344366
60.733059,1765336576.006376,1765336347,0.316112,0.000333,0.000000,0.000000,0.000000,0.000000,0.000000,0.000000
60.753081,1765336576.026404,1765336347,0.316112,0.000333,0.000000,0.000000,0.000000,0.000000,0.000000,-0.344366
60.773465,1765336576.046844,1765336347,0.316112,0.000333,0.000000,0.000000,0.000000,0.000000,0.000000,0.344366
60.793006,1765336576.066292,1765336347,0.316112,0.000333,0.000000,0.000000,0.000000,0.000000,0.000000,0.344366
60.813002,1765336576.086287,1765336347,0.316112,0.000333,0.000000,0.000000,0.000000,0.000000,0.000000,-0.344366
60.832998,1765336576.106278,1765336347,0.316112,0.000333,0.000000,0.000000,0.000000,0.000000,0.000000,-0.344366
60.853033,1765336576.126325,1765336347,0.316112,0.000333,0.000000,0.000000,0.000000,0.000000,0.000000,-0.344366
60.873052,1765336576.146349,1765336347,0.316112,0.000333,0.000000,0.000000,0.000000,0.000000,0.000000,0.000000
60.893082,1765336576.166388,1765336347,0.316112,0.000333,0.000000,0.000000,0.000000,0.000000,0.000000,0.344366
60.913041,1765336576.186340,1765336347,0.316112,0.000333,0.000000,0.000000,0.000000,0.000000,0.000000,-0.344366
60.933071,1765336576.206373,1765336347,0.316112,0.000333,0.000000,0.000000,0.000000,0.000000,0.000000,-0.344366
60.953099,1765336576.226410,1765336347,0.316112,0.000333,0.000000,0.000000,0.000000,0.000000,0.000000,0.000000
60.973116,1765336576.246435,1765336347,0.316112,0.000333,0.000000,0.000000,0.000000,0.000000,0.000000,-0.344366
60.993083,1765336576.266366,1765336347,0.316112,0.000333,0.000000,0.000000,0.000000,0.000000,0.000000,0.344366
61.013055,1765336576.286346,1765336347,0.316112,0.000333,0.000000,0.000000,0.000000,0.000000,0.000000,-0.344366
61.033062,1765336576.306345,1765336347,0.316112,0.000333,0.000000,0.000000,0.000000,0.000000,0.000000,0.000000
61.053066,1765336576.326347,1765336347,0.316112,0.000333,0.000000,0.000000,0.000000,0.000000,0.000000,-0.344366
61.073163,1765336576.346446,1765336347,0.316112,0.000333,0.000000,0.000000,0.000000,0.000000,0.000000,-0.344366
61.093176,1765336576.366464,1765336347,0.316112,0.000333,0.000000,0.000000,0.000000,0.000000,0.000000,-0.344366
61.113217,1765336576.386520,1765336347,0.316112,0.000333,0.000000,0.000000,0.000000,0.000000,0.000000,0.000000
61.133432,1765336576.406762,1765336347,0.316112,0.000333,0.000000,0.000000,0.000000,0.000000,0.000000,0.000000
61.153372,1765336576.426736,1765336347,0.316112,0.000333,0.000000,0.000000,0.000000,0.000000,0.000000,0.000000
61.173279,1765336576.446601,1765336347,0.316112,0.000333,0.000000,0.000000,0.000000,0.000000,0.000000,-0.344366
61.193302,1765336576.466630,1765336347,0.316112,0.000333,0.000000,0.000000,0.000000,0.000000,0.000000,-0.344366
61.213296,1765336576.486617,1765336347,0.316112,0.000333,0.000000,0.000000,0.000000,0.000000,0.000000,0.000000
61.233237,1765336576.506530,1765336347,0.316112,0.000333,0.000000,0.000000,0.000000,0.000000,0.000000,0.000000
61.253217,1765336576.526493,1765336347,0.316112,0.000333,0.000000,0.000000,0.000000,0.000000,0.000000,0.000000
61.273223,1765336576.546504,1765336347,0.316112,0.000333,0.000000,0.000000,0.000000,0.000000,0.000000,-0.344366
61.293233,1765336576.566514,1765336347,0.316112,0.000333,0.000000,0.000000,0.000000,0.000000,0.000000,0.344366
61.313221,1765336576.586497,1765336347,0.316112,0.000333,0.000000,0.000000,0.000000,0.000000,0.000000,-0.344366
61.333244,1765336576.606528,1765336347,0.316112,0.000333,0.000000,0.000000,0.000000,0.000000,0.000000,-0.344366
61.353228,1765336576.626504,1765336347,0.316112,0.000333,0.000000,0.000000,0.000000,0.000000,0.000000,-0.344366
61.373299,1765336576.646600,1765336347,0.316112,0.000333,0.000000,0.000000,0.000000,0.000000,0.000000,0.344366
61.393343,1765336576.666664,1765336347,0.316112,0.000333,0.000000,0.000000,0.000000,0.000000,0.000000,-0.344366
61.413389,1765336576.686721,1765336347,0.316112,0.000333,0.000000,0.000000,0.000000,0.000000,0.000000,0.344366
61.433387,1765336576.706723,1765336347,0.316112,0.000333,0.000000,0.000000,0.000000,0.000000,0.000000,0.000000
61.453332,1765336576.726651,1765336347,0.316112,0.000333,0.000000,0.000000,0.000000,0.000000,0.000000,-0.344366
61.473331,1765336576.746622,1765336347,0.316112,0.000333,0.000000,0.000000,0.000000,0.000000,0.000000,-0.344366
61.493372,1765336576.766673,1765336347,0.316112,0.000333,0.000000,0.000000,0.000000,0.000000,0.000000,-0.344366
61.513364,1765336576.786657,1765336347,0.316112,0.000333,0.000000,0.000000,0.000000,0.000000,0.000000,-0.344366
61.533360,1765336576.806657,1765336347,0.316112,0.000333,0.000000,0.000000,0.000000,0.000000,0.000000,0.000000
61.553406,1765336576.826719,1765336347,0.316112,0.000333,0.000000,0.000000,0.000000,0.000000,0.000000,-0.344366
61.573377,1765336576.846662,1765336347,0.316112,0.000333,0.000000,0.000000,0.000000,0.000000,0.000000,0.000000
61.593371,1765336576.866651,1765336347,0.316112,0.000333,0.000000,0.000000,0.000000,0.000000,0.000000,0.344366
61.613371,1765336576.886650,1765336347,0.316112,0.000333,0.000000,0.000000,0.000000,0.000000,0.000000,0.344366
61.633373,1765336576.906651,1765336347,0.316112,0.000333,0.000000,0.000000,0.000000,0.000000,0.000000,0.344366
61.653400,1765336576.926693,1765336347,0.316112,0.000333,0.000000,0.000000,0.000000,0.000000,0.000000,0.344366
61.673436,1765336576.946739,1765336347,0.316112,0.000333,0.000000,0.000000,0.000000,0.000000,0.000000,0.000000
61.693454,1765336576.966770,1765336347,0.316112,0.000333,0.000000,0.000000,0.000000,0.000000,0.000000,-0.344366
61.713472,1765336576.986793,1765336347,0.316112,0.000333,0.000000,0.000000,0.000000,0.000000,0.000000,-0.344366
61.733547,1765336577.006908,1765336347,0.316112,0.000333,0.000000,0.000000,0.000000,0.000000,0.000000,0.000000
61.753538,1765336577.026884,1765336347,0.316112,0.000333,0.000000,0.000000,0.000000,0.000000,0.000000,0.000000
61.773482,1765336577.046792,1765336347,0.316112,0.000333,0.000000,0.000000,0.000000,0.000000,0.000000,-0.344366
61.793523,1765336577.066851,1765336347,0.316112,0.000333,0.000000,0.000000,0.000000,0.000000,0.000000,0.344366
61.813466,1765336577.086762,1765336347,0.316112,0.000333,0.000000,0.000000,0.000000,0.000000,0.000000,-0.344366
61.833511,1765336577.106826,1765336347,0.316112,0.000333,0.000000,0.000000,0.000000,0.000000,0.000000,-0.344366
61.853510,1765336577.126820,1765336347,0.316112,0.000333,0.000000,0.000000,0.000000,0.000000,-0.688732,-0.344366
61.873464,1765336577.146748,1765336347,0.316112,0.000333,0.000000,0.000000,0.000000,0.000000,0.000000,0.344366
61.893457,1765336577.166736,1765336347,0.316112,0.000333,0.000000,0.000000,0.000000,0.000000,0.000000,0.344366
61.913470,1765336577.186756,1765336347,0.316112,0.000333,0.000000,0.000000,0.000000,0.000000,0.000000,0.000000
61.933470,1765336577.206749,1765336347,0.316112,0.000333,0.000000,0.000000,0.000000,0.000000,0.000000,0.344366
61.953479,1765336577.226768,1765336347,0.316112,0.000333,0.000000,0.000000,0.000000,0.000000,0.000000,-0.344366
61.973467,1765336577.246749,1765336347,0.316112,0.000333,0.000000,0.000000,0.000000,0.000000,0.000000,0.000000
61.993473,1765336577.266763,1765336347,0.316112,0.000333,0.000000,0.000000,0.000000,0.000000,0.000000,-0.344366
62.013570,1765336577.286898,1765336347,0.316112,0.000333,0.000000,0.000000,0.000000,0.000000,0.000000,0.000000
62.033590,1765336577.306926,1765336347,0.316112,0.000333,0.000000,0.000000,0.000000,0.000000,0.000000,0.000000
62.053643,1765336577.327003,1765336347,0.316112,0.000333,0.000000,0.000000,0.000000,0.000000,0.000000,0.344366
62.073678,1765336577.347072,1765336347,0.316112,0.000333,0.000000,0.000000,0.000000,0.000000,0.000000,-0.344366
62.093526,1765336577.366810,1765336347,0.316112,0.000333,0.000000,0.000000,0.000000,0.000000,0.000000,-0.344366
62.113544,1765336577.386838,1765336347,0.316112,0.000333,0.000000,0.000000,0.000000,0.000000,0.000000,0.344366
62.133645,1765336577.406989,1765336347,0.316112,0.000333,0.000000,0.000000,0.000000,0.000000,0.000000,0.344366
62.153627,1765336577.426955,1765336347,0.316112,0.000333,0.000000,0.000000,0.000000,0.000000,0.000000,-0.344366
62.173593,1765336577.446900,1765336347,0.316112,0.000333,0.000000,0.000000,0.000000,0.000000,0.000000,-0.344366
62.193556,1765336577.466836,1765336347,0.316112,0.000333,0.000000,0.000000,0.000000,0.000000,0.000000,0.000000
62.213549,1765336577.486828,1765336347,0.316112,0.000333,0.000000,0.000000,0.000000,0.000000,0.000000,0.000000
62.233540,1765336577.506815,1765336347,0.316112,0.000333,0.000000,0.000000,0.000000,0.000000,0.000000,-0.344366
62.253553,1765336577.526832,1765336347,0.316112,0.000333,0.000000,0.000000,0.000000,0.000000,0.000000,-0.344366
62.273579,1765336577.546870,1765336347,0.316112,0.000333,0.000000,0.000000,0.000000,0.000000,0.000000,-0.344366
62.293605,1765336577.566910,1765336347,0.316112,0.000333,0.000000,0.000000,0.000000,0.000000,0.000000,0.000000
62.313633,1765336577.586948,1765336347,0.316112,0.000333,0.000000,0.000000,0.000000,0.000000,0.000000,-0.344366
62.333695,1765336577.607041,1765336347,0.316112,0.000333,0.000000,0.000000,0.000000,0.000000,0.000000,-0.344366
62.353696,1765336577.627032,1765336347,0.316112,0.000333,0.000000,0.000000,0.000000,0.000000,0.000000,-0.344366
62.373703,1765336577.647039,1765336347,0.316112,0.000333,0.000000,0.000000,0.000000,0.000000,0.000000,0.000000
62.393714,1765336577.667050,1765336347,0.316112,0.000333,0.000000,0.000000,0.000000,0.000000,0.000000,0.000000
62.413725,1765336577.687061,1765336347,0.316112,0.000333,0.000000,0.000000,0.000000,0.000000,0.000000,0.344366
62.433737,1765336577.707073,1765336347,0.316112,0.000333,0.000000,0.000000,0.000000,0.000000,0.000000,0.344366
62.453771,1765336577.727110,1765336347,0.316112,0.000333,0.000000,0.000000,0.000000,0.000000,0.000000,0.000000
62.473702,1765336577.747017,1765336347,0.316112,0.000333,0.000000,0.000000,0.000000,0.000000,0.000000,-0.344366
62.493685,1765336577.766978,1765336347,0.316112,0.000333,0.000000,0.000000,0.000000,0.000000,0.000000,0.344366
62.513680,1765336577.786967,1765336347,0.316112,0.000333,0.000000,0.000000,0.000000,0.000000,0.000000,-0.344366
62.533677,1765336577.806958,1765336347,0.316112,0.000333,0.000000,0.000000,0.000000,0.000000,0.000000,-0.344366
62.553666,1765336577.826945,1765336347,0.316112,0.000333,0.000000,0.000000,0.000000,0.000000,0.000000,-0.344366
62.573718,1765336577.847018,1765336347,0.316112,0.000333,0.000000,0.000000,0.000000,0.000000,0.000000,-0.344366
62.593687,1765336577.866980,1765336347,0.316112,0.000333,0.000000,0.000000,0.000000,0.000000,0.000000,0.344366
62.613696,1765336577.886990,1765336347,0.316112,0.000333,0.000000,0.000000,0.000000,0.000000,0.000000,-0.344366
62.633735,1765336577.907046,1765336347,0.316112,0.000333,0.000000,0.000000,0.000000,0.000000,0.000000,0.344366
62.653747,1765336577.927054,1765336347,0.316112,0.000333,0.000000,0.000000,0.000000,0.000000,0.000000,-0.344366
62.673752,1765336577.947049,1765336347,0.316112,0.000333,0.000000,0.000000,0.000000,0.000000,0.000000,-0.344366
62.693762,1765336577.967054,1765336347,0.316112,0.000333,0.000000,0.000000,0.000000,0.000000,0.000000,-0.344366
62.713780,1765336577.987072,1765336347,0.316112,0.000333,0.000000,0.000000,0.000000,0.000000,-0.688732,0.000000
62.733799,1765336578.007089,1765336347,0.316112,0.000333,0.000000,0.000000,0.000000,0.000000,0.000000,-0.344366
62.753946,1765336578.027334,1765336347,0.316112,0.000333,0.000000,0.000000,0.000000,0.000000,0.000000,-0.344366
62.773933,1765336578.047328,1765336347,0.316112,0.000333,0.000000,0.000000,0.000000,0.000000,0.000000,-0.344366
62.793834,1765336578.067127,1765336347,0.316112,0.000333,0.000000,0.000000,0.000000,0.000000,0.000000,-0.344366
62.813813,1765336578.087088,1765336347,0.316112,0.000333,0.000000,0.000000,0.000000,0.000000,0.000000,-0.344366
62.833831,1765336578.107120,1765336347,0.316112,0.000333,0.000000,0.000000,0.000000,0.000000,0.000000,-0.344366
62.853855,1765336578.127156,1765336347,0.316112,0.000333,0.000000,0.000000,0.000000,0.000000,0.000000,0.000000
62.873821,1765336578.147095,1765336347,0.316112,0.000333,0.000000,0.000000,0.000000,0.000000,0.000000,-0.344366
62.893860,1765336578.167152,1765336347,0.316112,0.000333,0.000000,0.000000,0.000000,0.000000,0.000000,-0.344366
62.913885,1765336578.187189,1765336347,0.316112,0.000333,0.000000,0.000000,0.000000,0.000000,0.000000,-0.344366
62.933927,1765336578.207270,1765336347,0.316112,0.000333,0.000000,0.000000,0.000000,0.000000,0.000000,0.000000
62.953950,1765336578.227278,1765336347,0.316112,0.000333,0.000000,0.000000,0.000000,0.000000,0.000000,0.000000
62.973982,1765336578.247343,1765336347,0.316112,0.000333,0.000000,0.000000,0.000000,0.000000,0.000000,-0.344366
62.993970,1765336578.267329,1765336347,0.316112,0.000333,0.000000,0.000000,0.000000,0.000000,0.000000,0.000000
63.013990,1765336578.287360,1765336347,0.316112,0.000333,0.000000,0.000000,0.000000,0.000000,0.000000,0.344366
63.034050,1765336578.307399,1765336347,0.316112,0.000333,0.000000,0.000000,0.000000,0.000000,0.000000,-0.344366
63.053918,1765336578.327209,1765336347,0.316112,0.000333,0.000000,0.000000,0.000000,0.000000,0.000000,-0.344366
63.073916,1765336578.347198,1765336347,0.316112,0.000333,0.000000,0.000000,0.000000,0.000000,0.000000,0.000000
63.093945,1765336578.367237,1765336347,0.316112,0.000333,0.000000,0.000000,0.000000,0.000000,0.000000,-0.344366
63.113957,1765336578.387254,1765336347,0.316112,0.000333,0.000000,0.000000,0.000000,0.000000,0.000000,0.344366
63.133932,1765336578.407213,1765336347,0.316112,0.000333,0.000000,0.000000,0.000000,0.000000,0.000000,0.000000
63.153919,1765336578.427195,1765336347,0.316112,0.000333,0.000000,0.000000,0.000000,0.000000,0.000000,0.344366
63.173931,1765336578.447211,1765336347,0.316112,0.000333,0.000000,0.000000,0.000000,0.000000,0.000000,0.344366
63.193932,1765336578.467211,1765336347,0.316112,0.000333,0.000000,0.000000,0.000000,0.000000,0.000000,0.344366
63.213955,1765336578.487245,1765336347,0.316112,0.000333,0.000000,0.000000,0.000000,0.000000,0.000000,0.344366
63.233988,1765336578.507301,1765336347,0.316112,0.000333,0.000000,0.000000,0.000000,0.000000,0.000000,0.344366
63.254093,1765336578.527442,1765336347,0.316112,0.000333,0.000000,0.000000,0.000000,0.000000,-0.688732,-0.344366
63.273991,1765336578.547339,1765336347,0.316112,0.000333,0.000000,0.000000,0.000000,0.000000,0.000000,0.000000
63.294000,1765336578.567333,1765336347,0.316112,0.000333,0.000000,0.000000,0.000000,0.000000,0.000000,-0.344366
63.314025,1765336578.587348,1765336347,0.316112,0.000333,0.000000,0.000000,0.000000,0.000000,0.000000,0.344366
63.334068,1765336578.607384,1765336347,0.316112,0.000333,0.000000,0.000000,0.000000,0.000000,0.000000,0.344366
63.354077,1765336578.627393,1765336347,0.316112,0.000333,0.000000,0.000000,0.000000,0.000000,0.000000,0.000000
63.374097,1765336578.647419,1765336347,0.316112,0.000333,0.000000,0.000000,0.000000,0.000000,0.000000,0.000000
63.394106,1765336578.667427,1765336347,0.316112,0.000333,0.000000,0.000000,0.000000,0.000000,0.000000,0.000000
63.414090,1765336578.687405,1765336347,0.316112,0.000333,0.000000,0.000000,0.000000,0.000000,0.000000,-0.344366
63.434026,1765336578.707310,1765336347,0.316112,0.000333,0.000000,0.000000,0.000000,0.000000,0.000000,-0.344366
63.454024,1765336578.727307,1765336347,0.316112,0.000333,0.000000,0.000000,0.000000,0.000000,0.000000,0.344366
63.474025,1765336578.747304,1765336347,0.316112,0.000333,0.000000,0.000000,0.000000,0.000000,0.000000,-0.344366
63.494039,1765336578.767322,1765336347,0.316112,0.000333,0.000000,0.000000,0.000000,0.000000,0.000000,0.344366
63.514027,1765336578.787306,1765336347,0.316112,0.000333,0.000000,0.000000,0.000000,0.000000,0.000000,-0.344366
63.534032,1765336578.807313,1765336347,0.316112,0.000333,0.000000,0.000000,0.000000,0.000000,0.000000,0.344366
63.554052,1765336578.827341,1765336347,0.316112,0.000333,0.000000,0.000000,0.000000,0.000000,0.000000,0.000000
63.574079,1765336578.847378,1765336347,0.316112,0.000333,0.000000,0.000000,0.000000,0.000000,0.000000,0.000000
63.594108,1765336578.867419,1765336347,0.316112,0.000333,0.000000,0.000000,0.000000,0.000000,0.000000,0.344366
63.614120,1765336578.887427,1765336347,0.316112,0.000333,0.000000,0.000000,0.000000,0.000000,0.000000,0.000000
63.634153,1765336578.907475,1765336347,0.316112,0.000333,0.000000,0.000000,0.000000,0.000000,0.000000,-0.344366
63.654191,1765336578.927527,1765336347,0.316112,0.000333,0.000000,0.000000,0.000000,0.000000,0.000000,0.000000
63.674138,1765336578.947448,1765336347,0.316112,0.000333,0.000000,0.000000,0.000000,0.000000,0.000000,0.344366
63.694092,1765336578.967376,1765336347,0.316112,0.000333,0.000000,0.000000,0.000000,0.000000,0.000000,0.344366
63.714130,1765336578.987427,1765336347,0.316112,0.000333,0.000000,0.000000,0.000000,0.000000,0.000000,-0.344366
63.734188,1765336579.007527,1765336347,0.316112,0.000333,0.000000,0.000000,0.000000,0.000000,0.000000,-1.033098
63.754152,1765336579.027440,1765336347,0.316112,0.000333,0.000000,0.000000,0.000000,0.000000,0.000000,0.000000
63.774135,1765336579.047415,1765336347,0.316112,0.000333,0.000000,0.000000,0.000000,0.000000,0.000000,-0.344366
63.794135,1765336579.067413,1765336347,0.316112,0.000333,0.000000,0.000000,0.000000,0.000000,-0.688732,0.000000
63.814154,1765336579.087445,1765336347,0.316112,0.000333,0.000000,0.000000,0.000000,0.000000,0.000000,-0.344366
63.834142,1765336579.107428,1765336347,0.316112,0.000333,0.000000,0.000000,0.000000,0.000000,0.000000,-0.344366
63.854156,1765336579.127444,1765336347,0.316112,0.000333,0.000000,0.000000,0.000000,0.000000,0.000000,0.000000
63.874184,1765336579.147485,1765336347,0.316112,0.000333,0.000000,0.000000,0.000000,0.000000,0.000000,0.344366
63.894188,1765336579.167494,1765336347,0.316112,0.000333,0.000000,0.000000,0.000000,0.000000,0.000000,0.000000
63.914318,1765336579.187678,1765336347,0.316112,0.000333,0.000000,0.000000,0.000000,0.000000,0.000000,0.344366
63.934309,1765336579.207655,1765336347,0.316112,0.000333,0.000000,0.000000,0.000000,0.000000,0.000000,0.000000
63.954320,1765336579.227666,1765336347,0.316112,0.000333,0.000000,0.000000,0.000000,0.000000,0.000000,0.344366
63.974315,1765336579.247651,1765336347,0.316112,0.000333,0.000000,0.000000,0.000000,0.000000,0.000000,-1.033098
63.994234,1765336579.267532,1765336347,0.316112,0.000333,0.000000,0.000000,0.000000,0.000000,0.000000,0.000000
64.014259,1765336579.287552,1765336347,0.316112,0.000333,0.000000,0.000000,0.000000,0.000000,0.000000,0.000000
64.034370,1765336579.307681,1765336347,0.316112,0.000333,0.000000,0.000000,0.000000,0.000000,0.000000,0.000000
64.054364,1765336579.327668,1765336347,0.316112,0.000333,0.000000,0.000000,0.000000,0.000000,0.000000,-0.344366
64.074333,1765336579.347617,1765336347,0.316112,0.000333,0.000000,0.000000,0.000000,0.000000,0.000000,0.344366
64.094354,1765336579.367647,1765336347,0.316112,0.000333,0.000000,0.000000,0.000000,0.000000,0.000000,-0.344366
64.114358,1765336579.387651,1765336347,0.316112,0.000333,0.000000,0.000000,0.000000,0.000000,0.000000,-0.344366
64.134358,1765336579.407652,1765336347,0.316112,0.000333,0.000000,0.000000,0.000000,0.000000,0.000000,0.344366
64.154329,1765336579.427604,1765336347,0.316112,0.000333,0.000000,0.000000,0.000000,0.000000,0.000000,-0.344366
64.174330,1765336579.447606,1765336347,0.316112,0.000333,0.000000,0.000000,0.000000,0.000000,0.000000,0.000000
64.194344,1765336579.467624,1765336347,0.316112,0.000333,0.000000,0.000000,0.000000,0.000000,0.000000,0.344366
64.214337,1765336579.487614,1765336347,0.316112,0.000333,0.000000,0.000000,0.000000,0.000000,0.000000,-0.344366
64.234376,1765336579.507669,1765336347,0.316112,0.000333,0.000000,0.000000,0.000000,0.000000,0.000000,-0.344366
64.254399,1765336579.527703,1765336347,0.316112,0.000333,0.000000,0.000000,0.000000,0.000000,0.000000,0.344366
64.274444,1765336579.547761,1765336347,0.316112,0.000333,0.000000,0.000000,0.000000,0.000000,0.000000,-0.344366
64.294445,1765336579.567767,1765336347,0.316112,0.000333,0.000000,0.000000,0.000000,0.000000,0.000000,0.000000
64.314453,1765336579.587774,1765336347,0.316112,0.000333,0.000000,0.000000,0.000000,0.000000,0.000000,0.344366
64.334476,1765336579.607804,1765336347,0.316112,0.000333,0.000000,0.000000,0.000000,0.000000,0.000000,-0.344366
64.354472,1765336579.627793,1765336347,0.316112,0.000333,0.000000,0.000000,0.000000,0.000000,0.000000,0.000000
64.374402,1765336579.647688,1765336347,0.316112,0.000333,0.000000,0.000000,0.000000,0.000000,0.000000,-0.344366
64.394412,1765336579.667706,1765336347,0.316112,0.000333,0.000000,0.000000,0.000000,0.000000,0.000000,-0.344366
64.414409,1765336579.687691,1765336347,0.316112,0.000333,0.000000,0.000000,0.000000,0.000000,0.000000,0.000000
64.434488,1765336579.707809,1765336347,0.316112,0.000333,0.000000,0.000000,0.000000,0.000000,0.000000,-0.344366
64.454571,1765336579.727931,1765336347,0.316112,0.000333,0.000000,0.000000,0.000000,0.000000,0.000000,0.688732
64.474434,1765336579.747712,1765336347,0.316112,0.000333,0.000000,0.000000,0.000000,0.000000,0.000000,0.344366
64.494434,1765336579.767711,1765336347,0.316112,0.000333,0.000000,0.000000,0.000000,0.000000,0.000000,-0.344366
64.514452,1765336579.787736,1765336347,0.316112,0.000333,0.000000,0.000000,0.000000,0.000000,0.000000,0.344366
64.534475,1765336579.807763,1765336347,0.316112,0.000333,0.000000,0.000000,0.000000,0.000000,0.000000,-0.344366
64.554481,1765336579.827776,1765336347,0.316112,0.000333,0.000000,0.000000,0.000000,0.000000,0.000000,-0.344366
64.574515,1765336579.847826,1765336347,0.316112,0.000333,0.000000,0.000000,0.000000,0.000000,-0.688732,0.344366
64.594521,1765336579.867832,1765336347,0.316112,0.000333,0.000000,0.000000,0.000000,0.000000,0.000000,0.000000
64.614488,1765336579.887789,1765336347,0.316112,0.000333,0.000000,0.000000,0.000000,0.000000,0.000000,-0.344366
64.634601,1765336579.907946,1765336347,0.316112,0.000333,0.000000,0.000000,0.000000,0.000000,0.000000,0.344366
64.654637,1765336579.927996,1765336347,0.316112,0.000333,0.000000,0.000000,0.000000,0.000000,0.000000,-0.344366
64.674609,1765336579.947944,1765336347,0.316112,0.000333,0.000000,0.000000,0.000000,0.000000,0.000000,-0.344366
64.694619,1765336579.967955,1765336347,0.316112,0.000333,0.000000,0.000000,0.000000,0.000000,0.000000,0.344366
64.714629,1765336579.987964,1765336347,0.316112,0.000333,0.000000,0.000000,0.000000,0.000000,-0.688732,-0.344366
64.734638,1765336580.007974,1765336347,0.316112,0.000333,0.000000,0.000000,0.000000,0.000000,0.000000,0.344366
64.754581,1765336580.027901,1765336347,0.316112,0.000333,0.000000,0.000000,0.000000,0.000000,0.000000,-0.344366
64.774614,1765336580.047933,1765336347,0.316112,0.000333,0.000000,0.000000,0.000000,0.000000,0.000000,-0.344366
64.794809,1765336580.068174,1765336347,0.316112,0.000333,0.000000,0.000000,0.000000,0.000000,0.000000,-0.344366
64.814790,1765336580.088150,1765336347,0.316112,0.000333,0.000000,0.000000,0.000000,0.000000,0.000000,-0.344366
64.834776,1765336580.108121,1765336347,0.316112,0.000333,0.000000,0.000000,0.000000,0.000000,0.000000,-1.033098
64.854664,1765336580.127944,1765336347,0.316112,0.000333,0.000000,0.000000,0.000000,0.000000,0.000000,-0.344366
64.874673,1765336580.147956,1765336347,0.316112,0.000333,0.000000,0.000000,0.000000,0.000000,0.000000,0.000000
64.894663,1765336580.167937,1765336347,0.316112,0.000333,0.000000,0.000000,0.000000,0.000000,0.000000,-1.033098
64.914681,1765336580.187960,1765336347,0.316112,0.000333,0.000000,0.000000,0.000000,0.000000,0.000000,-0.344366
64.934675,1765336580.207954,1765336347,0.316112,0.000333,0.000000,0.000000,0.000000,0.000000,0.000000,-0.344366
64.954690,1765336580.227973,1765336347,0.316112,0.000333,0.000000,0.000000,0.000000,0.000000,0.000000,-1.033098
64.974697,1765336580.247983,1765336347,0.316112,0.000333,0.000000,0.000000,0.000000,0.000000,0.000000,-0.344366
64.994703,1765336580.267991,1765336347,0.316112,0.000333,0.000000,0.000000,0.000000,0.000000,0.000000,0.000000
65.014714,1765336580.288006,1765336347,0.316112,0.000333,0.000000,0.000000,0.000000,0.000000,0.000000,0.344366
65.034724,1765336580.308021,1765336347,0.316112,0.000333,0.000000,0.000000,0.000000,0.000000,0.000000,0.000000
65.054744,1765336580.328045,1765336347,0.316112,0.000333,0.000000,0.000000,0.000000,0.000000,0.000000,-0.344366
65.074899,1765336580.348301,1765336347,0.316112,0.000333,0.000000,0.000000,0.000000,0.000000,0.000000,-0.344366
65.094726,1765336580.368006,1765336347,0.316112,0.000333,0.000000,0.000000,0.000000,0.000000,0.000000,0.344366
65.114766,1765336580.388062,1765336347,0.316112,0.000333,0.000000,0.000000,0.000000,0.000000,0.000000,0.000000
65.134788,1765336580.408097,1765336347,0.316112,0.000333,0.000000,0.000000,0.000000,0.000000,0.000000,-0.344366
65.154802,1765336580.428115,1765336347,0.316112,0.000333,0.000000,0.000000,0.000000,0.000000,0.000000,-0.344366
65.174751,1765336580.448041,1765336347,0.316112,0.000333,0.000000,0.000000,0.000000,0.000000,0.000000,0.344366
65.194801,1765336580.468109,1765336347,0.316112,0.000333,0.000000,0.000000,0.000000,0.000000,0.000000,0.000000
65.214764,1765336580.488050,1765336347,0.316112,0.000333,0.000000,0.000000,0.000000,0.000000,0.000000,0.000000
65.234768,1765336580.508059,1765336347,0.316112,0.000333,0.000000,0.000000,0.000000,0.000000,0.000000,0.000000
65.254776,1765336580.528065,1765336347,0.316112,0.000333,0.000000,0.000000,0.000000,0.000000,0.000000,0.000000
65.274775,1765336580.548063,1765336347,0.316112,0.000333,0.000000,0.000000,0.000000,0.000000,0.000000,-0.344366
65.294766,1765336580.568055,1765336347,0.316112,0.000333,0.000000,0.000000,0.000000,0.000000,0.000000,0.000000
65.314907,1765336580.588246,1765336347,0.316112,0.000333,0.000000,0.000000,0.000000,0.000000,0.000000,-0.344366
65.334874,1765336580.608202,1765336347,0.316112,0.000333,0.000000,0.000000,0.000000,0.000000,0.000000,0.000000
65.354884,1765336580.628212,1765336347,0.316112,0.000333,0.000000,0.000000,0.000000,0.000000,0.000000,0.000000
65.374892,1765336580.648220,1765336347,0.316112,0.000333,0.000000,0.000000,0.000000,0.000000,-0.688732,-0.344366
65.394902,1765336580.668230,1765336347,0.316112,0.000333,0.000000,0.000000,0.000000,0.000000,0.000000,0.344366
65.414894,1765336580.688215,1765336347,0.316112,0.000333,0.000000,0.000000,0.000000,0.000000,0.000000,-0.344366
65.434918,1765336580.708245,1765336347,0.316112,0.000333,0.000000,0.000000,0.000000,0.000000,0.000000,-0.344366
65.454911,1765336580.728232,1765336347,0.316112,0.000333,0.000000,0.000000,0.000000,0.000000,0.000000,0.344366
65.474934,1765336580.748262,1765336347,0.316112,0.000333,0.000000,0.000000,0.000000,0.000000,0.000000,-0.344366
65.494943,1765336580.768271,1765336347,0.316112,0.000333,0.000000,0.000000,0.000000,0.000000,0.000000,0.000000
65.514952,1765336580.788317,1765336347,0.316112,0.000333,0.000000,0.000000,0.000000,0.000000,0.000000,-1.033098
65.534961,1765336580.808320,1765336347,0.316112,0.000333,0.000000,0.000000,0.000000,0.000000,0.000000,-0.344366
65.554908,1765336580.828219,1765336347,0.316112,0.000333,0.000000,0.000000,0.000000,0.000000,0.000000,0.344366
65.574901,1765336580.848188,1765336347,0.316112,0.000333,0.000000,0.000000,0.000000,0.000000,0.000000,0.344366
65.594878,1765336580.868157,1765336347,0.316112,0.000333,0.000000,0.000000,0.000000,0.000000,0.000000,-0.344366
65.614891,1765336580.888170,1765336347,0.316112,0.000333,0.000000,0.000000,0.000000,0.000000,0.000000,0.000000
65.634930,1765336580.908218,1765336347,0.316112,0.000333,0.000000,0.000000,0.000000,0.000000,0.000000,0.000000
65.654922,1765336580.928205,1765336347,0.316112,0.000333,0.000000,0.000000,0.000000,0.000000,0.000000,0.000000
65.674913,1765336580.948191,1765336347,0.316112,0.000333,0.000000,0.000000,0.000000,0.000000,0.000000,-0.344366
65.694933,1765336580.968221,1765336347,0.316112,0.000333,0.000000,0.000000,0.000000,0.000000,0.000000,0.000000
65.714959,1765336580.988256,1765336347,0.316112,0.000333,0.000000,0.000000,0.000000,0.000000,-0.688732,0.000000
65.734977,1765336581.008297,1765336347,0.316112,0.000333,0.000000,0.000000,0.000000,0.000000,0.000000,-0.344366
65.755001,1765336581.028341,1765336347,0.316112,0.000333,0.000000,0.000000,0.000000,0.000000,0.000000,0.000000
65.775009,1765336581.048342,1765336347,0.316112,0.000333,0.000000,0.000000,0.000000,0.000000,0.000000,-0.344366
65.795051,1765336581.068376,1765336347,0.316112,0.000333,0.000000,0.000000,0.000000,0.000000,0.000000,-0.344366
65.814995,1765336581.088305,1765336347,0.316112,0.000333,0.000000,0.000000,0.000000,0.000000,0.000000,-0.344366
65.834961,1765336581.108242,1765336347,0.316112,0.000333,0.000000,0.000000,0.000000,0.000000,0.000000,-0.344366
65.855042,1765336581.128359,1765336347,0.316112,0.000333,0.000000,0.000000,0.000000,0.000000,0.000000,0.000000
65.875073,1765336581.148396,1765336347,0.316112,0.000333,0.000000,0.000000,0.000000,0.000000,0.000000,0.000000
65.894991,1765336581.168302,1765336347,0.316112,0.000333,0.000000,0.000000,0.000000,0.000000,0.000000,0.000000
65.915110,1765336581.188438,1765336347,0.316112,0.000333,0.000000,0.000000,0.000000,0.000000,0.000000,0.000000
65.935115,1765336581.208444,1765336347,0.316112,0.000333,0.000000,0.000000,0.000000,0.000000,0.000000,-0.344366
65.955068,1765336581.228387,1765336347,0.316112,0.000333,0.000000,0.000000,0.000000,0.000000,0.000000,0.344366
65.975064,1765336581.248381,1765336347,0.316112,0.000333,0.000000,0.000000,0.000000,0.000000,0.000000,0.344366
65.995190,1765336581.268550,1765336347,0.316112,0.000333,0.000000,0.000000,0.000000,0.000000,0.000000,-0.344366
66.015085,1765336581.288365,1765336347,0.316112,0.000333,0.000000,0.000000,0.000000,0.000000,0.000000,0.344366
66.035087,1765336581.308367,1765336347,0.316112,0.000333,0.000000,0.000000,0.000000,0.000000,0.000000,0.000000
66.055102,1765336581.328394,1765336347,0.316112,0.000333,0.000000,0.000000,0.000000,0.000000,0.000000,0.344366
66.075169,1765336581.348502,1765336347,0.316112,0.000333,0.000000,0.000000,0.000000,0.000000,0.000000,0.000000
66.095195,1765336581.368481,1765336347,0.316112,0.000333,0.000000,0.000000,0.000000,0.000000,0.000000,0.344366
66.115226,1765336581.388530,1765336347,0.316112,0.000333,0.000000,0.000000,0.000000,0.000000,0.000000,0.000000
66.135238,1765336581.408545,1765336347,0.316112,0.000333,0.000000,0.000000,0.000000,0.000000,0.000000,-0.344366
66.155261,1765336581.428576,1765336347,0.316112,0.000333,0.000000,0.000000,0.000000,0.000000,0.000000,0.344366
66.175280,1765336581.448601,1765336347,0.316112,0.000333,0.000000,0.000000,0.000000,0.000000,0.000000,0.000000
66.195304,1765336581.468632,1765336347,0.316112,0.000333,0.000000,0.000000,0.000000,0.000000,0.000000,0.000000
66.215315,1765336581.488643,1765336347,0.316112,0.000333,0.000000,0.000000,0.000000,0.000000,0.000000,0.000000
66.235229,1765336581.508515,1765336347,0.316112,0.000333,0.000000,0.000000,0.000000,0.000000,0.000000,0.000000
66.255233,1765336581.528513,1765336347,0.316112,0.000333,0.000000,0.000000,0.000000,0.000000,0.000000,0.344366
66.275230,1765336581.548509,1765336347,0.316112,0.000333,0.000000,0.000000,0.000000,0.000000,0.000000,0.000000
66.295232,1765336581.568511,1765336347,0.316112,0.000333,0.000000,0.000000,0.000000,0.000000,0.000000,0.344366
66.315234,1765336581.588512,1765336347,0.316112,0.000333,0.000000,0.000000,0.000000,0.000000,0.000000,-0.344366
66.335235,1765336581.608514,1765336347,0.316112,0.000333,0.000000,0.000000,0.000000,0.000000,0.000000,0.000000
66.355267,1765336581.628552,1765336347,0.316112,0.000333,0.000000,0.000000,0.000000,0.000000,0.000000,0.344366
66.375243,1765336581.648522,1765336347,0.316112,0.000333,0.000000,0.000000,0.000000,0.000000,0.000000,-0.344366
66.395267,1765336581.668548,1765336347,0.316112,0.000333,0.000000,0.000000,0.000000,0.000000,0.000000,-0.344366
66.415297,1765336581.688592,1765336347,0.316112,0.000333,0.000000,0.000000,0.000000,0.000000,0.000000,-0.344366
66.435266,1765336581.708547,1765336347,0.316112,0.000333,0.000000,0.000000,0.000000,0.000000,0.000000,0.344366
66.455298,1765336581.728592,1765336347,0.316112,0.000333,0.000000,0.000000,0.000000,0.000000,-0.688732,-0.344366
66.475282,1765336581.748566,1765336347,0.316112,0.000333,0.000000,0.000000,0.000000,0.000000,0.000000,0.000000
66.495282,1765336581.768570,1765336347,0.316112,0.000333,0.000000,0.000000,0.000000,0.000000,0.000000,0.344366
66.515391,1765336581.788727,1765336347,0.316112,0.000333,0.000000,0.000000,0.000000,0.000000,0.000000,0.000000
66.535401,1765336581.808737,1765336347,0.316112,0.000333,0.000000,0.000000,0.000000,0.000000,0.000000,0.344366
66.555411,1765336581.828747,1765336347,0.316112,0.000333,0.000000,0.000000,0.000000,0.000000,0.000000,0.000000
66.575421,1765336581.848757,1765336347,0.316112,0.000333,0.000000,0.000000,0.000000,0.000000,0.000000,0.000000
66.595403,1765336581.868724,1765336347,0.316112,0.000333,0.000000,0.000000,0.000000,0.000000,0.000000,-0.344366
66.615450,1765336581.888782,1765336347,0.316112,0.000333,0.000000,0.000000,0.000000,0.000000,0.000000,-0.344366
66.635553,1765336581.908915,1765336347,0.316112,0.000333,0.000000,0.000000,0.000000,0.000000,0.000000,-0.344366
66.655417,1765336581.928703,1765336347,0.316112,0.000333,0.000000,0.000000,0.000000,0.000000,0.000000,-0.344366
66.675408,1765336581.948683,1765336347,0.316112,0.000333,0.000000,0.000000,0.000000,0.000000,0.000000,-0.344366
66.695422,1765336581.968701,1765336347,0.316112,0.000333,0.000000,0.000000,0.000000,0.000000,0.000000,0.000000
66.715422,1765336581.988701,1765336347,0.316112,0.000333,0.000000,0.000000,0.000000,0.000000,0.000000,0.000000
66.735417,1765336582.008694,1765336347,0.316112,0.000333,0.000000,0.000000,0.000000,0.000000,0.000000,0.344366
66.755440,1765336582.028725,1765336347,0.316112,0.000333,0.000000,0.000000,0.000000,0.000000,0.000000,-0.344366
66.775454,1765336582.048746,1765336347,0.316112,0.000333,0.000000,0.000000,0.000000,0.000000,0.000000,0.000000
66.795431,1765336582.068710,1765336347,0.316112,0.000333,0.000000,0.000000,0.000000,0.000000,0.000000,0.344366
66.815436,1765336582.088716,1765336347,0.316112,0.000333,0.000000,0.000000,0.000000,0.000000,0.000000,0.000000
66.835459,1765336582.108750,1765336347,0.316112,0.000333,0.000000,0.000000,0.000000,0.000000,0.000000,-0.344366
66.855467,1765336582.128762,1765336347,0.316112,0.000333,0.000000,0.000000,0.000000,0.000000,0.000000,0.000000
66.875506,1765336582.148812,1765336347,0.316112,0.000333,0.000000,0.000000,0.000000,0.000000,0.000000,0.000000
66.895509,1765336582.168820,1765336347,0.316112,0.000333,0.000000,0.000000,0.000000,0.000000,0.000000,0.344366
66.915536,1765336582.188857,1765336347,0.316112,0.000333,0.000000,0.000000,0.000000,0.000000,0.000000,0.000000
66.935611,1765336582.208970,1765336347,0.316112,0.000333,0.000000,0.000000,0.000000,0.000000,0.000000,0.344366
66.955601,1765336582.228947,1765336347,0.316112,0.000333,0.000000,0.000000,0.000000,0.000000,0.000000,0.344366
66.975637,1765336582.248998,1765336347,0.316112,0.000333,0.000000,0.000000,0.000000,0.000000,0.000000,0.344366
66.995570,1765336582.268886,1765336347,0.316112,0.000333,0.000000,0.000000,0.000000,0.000000,0.000000,-0.344366
67.015508,1765336582.288788,1765336347,0.316112,0.000333,0.000000,0.000000,0.000000,0.000000,0.000000,0.000000
67.035509,1765336582.308788,1765336347,0.316112,0.000333,0.000000,0.000000,0.000000,0.000000,0.000000,-0.344366
67.055499,1765336582.328773,1765336347,0.316112,0.000333,0.000000,0.000000,0.000000,0.000000,0.000000,-0.344366
67.075525,1765336582.348809,1765336347,0.316112,0.000333,0.000000,0.000000,0.000000,0.000000,0.000000,-0.344366
67.095523,1765336582.368803,1765336347,0.316112,0.000333,0.000000,0.000000,0.000000,0.000000,0.000000,-0.344366
67.115522,1765336582.388797,1765336347,0.316112,0.000333,0.000000,0.000000,0.000000,0.000000,0.000000,-0.344366
67.135527,1765336582.408801,1765336347,0.316112,0.000333,0.000000,0.000000,0.000000,0.000000,0.000000,0.000000
67.155552,1765336582.428830,1765336347,0.316112,0.000333,0.000000,0.000000,0.000000,0.000000,0.000000,-0.344366
67.175535,1765336582.448814,1765336347,0.316112,0.000333,0.000000,0.000000,0.000000,0.000000,0.000000,0.344366
67.195563,1765336582.468856,1765336347,0.316112,0.000333,0.000000,0.000000,0.000000,0.000000,0.000000,0.344366
67.215596,1765336582.488903,1765336347,0.316112,0.000333,0.000000,0.000000,0.000000,0.000000,0.000000,0.344366
67.235618,1765336582.508933,1765336347,0.316112,0.000333,0.000000,0.000000,0.000000,0.000000,0.000000,0.000000
67.255638,1765336582.528959,1765336347,0.316112,0.000333,0.000000,0.000000,0.000000,0.000000,0.000000,-0.344366
67.275663,1765336582.548992,1765336347,0.316112,0.000333,0.000000,0.000000,0.000000,0.000000,-0.688732,0.344366
67.295613,1765336582.568932,1765336347,0.316112,0.000333,0.000000,0.000000,0.000000,0.000000,0.000000,0.000000
67.315684,1765336582.589032,1765336347,0.316112,0.000333,0.000000,0.000000,0.000000,0.000000,0.000000,0.344366
67.335686,1765336582.608991,1765336347,0.316112,0.000333,0.000000,0.000000,0.000000,0.000000,0.000000,-0.344366
67.355693,1765336582.628998,1765336347,0.316112,0.000333,0.000000,0.000000,0.000000,0.000000,0.000000,-0.344366
67.375701,1765336582.649041,1765336347,0.316112,0.000333,0.000000,0.000000,0.000000,0.000000,0.000000,-0.344366
67.395740,1765336582.669045,1765336347,0.316112,0.000333,0.000000,0.000000,0.000000,0.000000,0.000000,0.000000
67.415735,1765336582.689040,1765336347,0.316112,0.000333,0.000000,0.000000,0.000000,0.000000,0.000000,0.000000
67.435785,1765336582.709089,1765336347,0.316112,0.000333,0.000000,0.000000,0.000000,0.000000,0.000000,0.000000
67.455791,1765336582.729096,1765336347,0.316112,0.000333,0.000000,0.000000,0.000000,0.000000,0.000000,-0.344366
67.475800,1765336582.749105,1765336347,0.316112,0.000333,0.000000,0.000000,0.000000,0.000000,0.000000,-0.344366
67.495812,1765336582.769117,1765336347,0.316112,0.000333,0.000000,0.000000,0.000000,0.000000,0.000000,0.000000
67.515941,1765336582.789334,1765336347,0.316112,0.000333,0.000000,0.000000,0.000000,0.000000,0.000000,0.344366
67.535932,1765336582.809278,1765336347,0.316112,0.000333,0.000000,0.000000,0.000000,0.000000,0.000000,-0.344366
67.555925,1765336582.829261,1765336347,0.316112,0.000333,0.000000,0.000000,0.000000,0.000000,0.000000,-0.344366
67.575922,1765336582.849250,1765336347,0.316112,0.000333,0.000000,0.000000,0.000000,0.000000,0.000000,-0.344366
67.595931,1765336582.869259,1765336347,0.316112,0.000333,0.000000,0.000000,0.000000,0.000000,0.000000,-0.344366
67.615877,1765336582.889189,1765336347,0.316112,0.000333,0.000000,0.000000,0.000000,0.000000,0.000000,0.000000
67.635858,1765336582.909139,1765336347,0.316112,0.000333,0.000000,0.000000,0.000000,0.000000,0.000000,0.344366
67.655921,1765336582.929228,1765336347,0.316112,0.000333,0.000000,0.000000,0.000000,0.000000,0.000000,-0.344366
67.675867,1765336582.949149,1765336347,0.316112,0.000333,0.000000,0.000000,0.000000,0.000000,0.000000,-0.344366
67.695854,1765336582.969130,1765336347,0.316112,0.000333,0.000000,0.000000,0.000000,0.000000,0.000000,-0.344366
67.715887,1765336582.989182,1765336347,0.316112,0.000333,0.000000,0.000000,0.000000,0.000000,0.000000,-0.344366
67.735868,1765336583.009155,1765336347,0.316112,0.000333,0.000000,0.000000,0.000000,0.000000,0.000000,-0.344366
67.755881,1765336583.029173,1765336347,0.316112,0.000333,0.000000,0.000000,0.000000,0.000000,0.000000,0.344366
67.776043,1765336583.049407,1765336347,0.316112,0.000333,0.000000,0.000000,0.000000,0.000000,0.000000,0.000000
67.796001,1765336583.069375,1765336347,0.316112,0.000333,0.000000,0.000000,0.000000,0.000000,0.000000,0.000000
67.815973,1765336583.089305,1765336347,0.316112,0.000333,0.000000,0.000000,0.000000,0.000000,0.000000,0.000000
67.835981,1765336583.109313,1765336347,0.316112,0.000333,0.000000,0.000000,0.000000,0.000000,0.000000,-0.344366
67.855980,1765336583.129300,1765336347,0.316112,0.000333,0.000000,0.000000,0.000000,0.000000,0.000000,-0.344366
67.875996,1765336583.149322,1765336347,0.316112,0.000333,0.000000,0.000000,0.000000,0.000000,0.000000,0.344366
67.895999,1765336583.169318,1765336347,0.316112,0.000333,0.000000,0.000000,0.000000,0.000000,0.000000,0.000000
67.916040,1765336583.189346,1765336347,0.316112,0.000333,0.000000,0.000000,0.000000,0.000000,0.000000,-0.344366
67.936020,1765336583.209325,1765336347,0.316112,0.000333,0.000000,0.000000,0.000000,0.000000,0.000000,-0.344366
67.956030,1765336583.229335,1765336347,0.316112,0.000333,0.000000,0.000000,0.000000,0.000000,0.000000,0.000000
67.976019,1765336583.249304,1765336347,0.316112,0.000333,0.000000,0.000000,0.000000,0.000000,0.000000,0.000000
67.996006,1765336583.269290,1765336347,0.316112,0.000333,0.000000,0.000000,0.000000,0.000000,0.000000,0.000000
68.016030,1765336583.289319,1765336347,0.316112,0.000333,0.000000,0.000000,0.000000,0.000000,0.000000,0.000000
68.036024,1765336583.309308,1765336347,0.316112,0.000333,0.000000,0.000000,0.000000,0.000000,0.000000,-0.344366
68.056043,1765336583.329335,1765336347,0.316112,0.000333,0.000000,0.000000,0.000000,0.000000,0.000000,0.000000
68.076019,1765336583.349301,1765336347,0.316112,0.000333,0.000000,0.000000,0.000000,0.000000,0.000000,-0.344366
68.096040,1765336583.369331,1765336347,0.316112,0.000333,0.000000,0.000000,0.000000,0.000000,0.000000,0.688732
68.116040,1765336583.389320,1765336347,0.316112,0.000333,0.000000,0.000000,0.000000,0.000000,0.000000,0.000000
68.136045,1765336583.409327,1765336347,0.316112,0.000333,0.000000,0.000000,0.000000,0.000000,0.000000,0.344366
68.156081,1765336583.429380,1765336347,0.316112,0.000333,0.000000,0.000000,0.000000,0.000000,0.000000,-0.344366
68.176130,1765336583.449443,1765336347,0.316112,0.000333,0.000000,0.000000,0.000000,0.000000,0.000000,0.344366
68.196138,1765336583.469460,1765336347,0.316112,0.000333,0.000000,0.000000,0.000000,0.000000,0.000000,0.000000
68.216124,1765336583.489442,1765336347,0.316112,0.000333,0.000000,0.000000,0.000000,0.000000,0.000000,0.344366
68.236085,1765336583.509369,1765336347,0.316112,0.000333,0.000000,0.000000,0.000000,0.000000,0.000000,-0.344366
68.256115,1765336583.529412,1765336347,0.316112,0.000333,0.000000,0.000000,0.000000,0.000000,0.000000,-0.344366
68.276111,1765336583.549403,1765336347,0.316112,0.000333,0.000000,0.000000,0.000000,0.000000,0.000000,-0.344366
68.296136,1765336583.569441,1765336347,0.316112,0.000333,0.000000,0.000000,0.000000,0.000000,0.000000,0.344366
68.316098,1765336583.589377,1765336347,0.316112,0.000333,0.000000,0.000000,0.000000,0.000000,0.000000,-0.344366
68.336114,1765336583.609401,1765336347,0.316112,0.000333,0.000000,0.000000,0.000000,0.000000,0.000000,0.344366
68.356121,1765336583.629410,1765336347,0.316112,0.000333,0.000000,0.000000,0.000000,0.000000,0.000000,-0.344366
68.376102,1765336583.649381,1765336347,0.316112,0.000333,0.000000,0.000000,0.000000,0.000000,0.000000,0.344366
68.396108,1765336583.669390,1765336347,0.316112,0.000333,0.000000,0.000000,0.000000,0.000000,0.000000,0.344366
68.416129,1765336583.689420,1765336347,0.316112,0.000333,0.000000,0.000000,0.000000,0.000000,0.000000,0.000000
68.436160,1765336583.709460,1765336347,0.316112,0.000333,0.000000,0.000000,0.000000,0.000000,0.000000,0.344366
68.456174,1765336583.729484,1765336347,0.316112,0.000333,0.000000,0.000000,0.000000,0.000000,0.000000,-0.344366
68.476201,1765336583.749522,1765336347,0.316112,0.000333,0.000000,0.000000,0.000000,0.000000,0.000000,0.000000
68.496225,1765336583.769554,1765336347,0.316112,0.000333,0.000000,0.000000,0.000000,0.000000,0.000000,0.000000
68.516234,1765336583.789562,1765336347,0.316112,0.000333,0.000000,0.000000,0.000000,0.000000,0.000000,0.000000
68.536243,1765336583.809571,1765336347,0.316112,0.000333,0.000000,0.000000,0.000000,0.000000,0.000000,-0.344366
68.556251,1765336583.829580,1765336347,0.316112,0.000333,0.000000,0.000000,0.000000,0.000000,0.000000,-0.344366
68.576313,1765336583.849651,1765336347,0.316112,0.000333,0.000000,0.000000,0.000000,0.000000,0.000000,0.344366
68.596233,1765336583.869523,1765336347,0.316112,0.000333,0.000000,0.000000,0.000000,0.000000,0.000000,-0.344366
68.616298,1765336583.889614,1765336347,0.316112,0.000333,0.000000,0.000000,0.000000,0.000000,0.000000,0.000000
68.636332,1765336583.909660,1765336347,0.316112,0.000333,0.000000,0.000000,0.000000,0.000000,0.000000,0.344366
68.656273,1765336583.929567,1765336347,0.316112,0.000333,0.000000,0.000000,0.000000,0.000000,0.000000,0.344366
68.676243,1765336583.949521,1765336347,0.316112,0.000333,0.000000,0.000000,0.000000,0.000000,0.000000,-0.344366
68.696261,1765336583.969538,1765336347,0.316112,0.000333,0.000000,0.000000,0.000000,0.000000,0.000000,0.000000
68.716262,1765336583.989544,1765336347,0.316112,0.000333,0.000000,0.000000,0.000000,0.000000,0.000000,0.000000
68.736257,1765336584.009537,1765336347,0.316112,0.000333,0.000000,0.000000,0.000000,0.000000,0.000000,0.000000
68.756267,1765336584.029552,1765336347,0.316112,0.000333,0.000000,0.000000,0.000000,0.000000,0.000000,0.344366
68.776329,1765336584.049644,1765336347,0.316112,0.000333,0.000000,0.000000,0.000000,0.000000,0.000000,0.344366
68.796335,1765336584.069647,1765336347,0.316112,0.000333,0.000000,0.000000,0.000000,0.000000,0.000000,-0.344366
68.816325,1765336584.089629,1765336347,0.316112,0.000333,0.000000,0.000000,0.000000,0.000000,0.000000,-0.344366
68.836361,1765336584.109682,1765336347,0.316112,0.000333,0.000000,0.000000,0.000000,0.000000,0.000000,-0.344366
68.856384,1765336584.129712,1765336347,0.316112,0.000333,0.000000,0.000000,0.000000,0.000000,0.000000,0.000000
68.876393,1765336584.149722,1765336347,0.316112,0.000333,0.000000,0.000000,0.000000,0.000000,0.000000,-0.344366
68.896403,1765336584.169731,1765336347,0.316112,0.000333,0.000000,0.000000,0.000000,0.000000,0.000000,0.344366
68.916424,1765336584.189760,1765336347,0.316112,0.000333,0.000000,0.000000,0.000000,0.000000,0.000000,-0.344366
68.936394,1765336584.209709,1765336347,0.316112,0.000333,0.000000,0.000000,0.000000,0.000000,0.000000,0.000000
68.956408,1765336584.229721,1765336347,0.316112,0.000333,0.000000,0.000000,0.000000,0.000000,0.000000,-0.344366
68.976420,1765336584.249741,1765336347,0.316112,0.000333,0.000000,0.000000,0.000000,0.000000,0.000000,0.000000
68.996445,1765336584.269773,1765336347,0.316112,0.000333,0.000000,0.000000,0.000000,0.000000,0.000000,0.000000
69.016366,1765336584.289649,1765336347,0.316112,0.000333,0.000000,0.000000,0.000000,0.000000,0.000000,0.344366
69.036366,1765336584.309648,1765336347,0.316112,0.000333,0.000000,0.000000,0.000000,0.000000,0.000000,0.000000
69.056376,1765336584.329662,1765336347,0.316112,0.000333,0.000000,0.000000,0.000000,0.000000,0.000000,0.344366
69.076495,1765336584.349829,1765336347,0.316112,0.000333,0.000000,0.000000,0.000000,0.000000,0.000000,-0.344366
69.096418,1765336584.369698,1765336347,0.316112,0.000333,0.000000,0.000000,0.000000,0.000000,0.000000,0.344366
69.116416,1765336584.389696,1765336347,0.316112,0.000333,0.000000,0.000000,0.000000,0.000000,0.000000,0.000000
69.136443,1765336584.409735,1765336347,0.316112,0.000333,0.000000,0.000000,0.000000,0.000000,0.000000,-0.344366
69.156466,1765336584.429768,1765336347,0.316112,0.000333,0.000000,0.000000,0.000000,0.000000,0.000000,0.344366
69.176498,1765336584.449813,1765336347,0.316112,0.000333,0.000000,0.000000,0.000000,0.000000,0.000000,-0.344366
69.196516,1765336584.469838,1765336347,0.316112,0.000333,0.000000,0.000000,0.000000,0.000000,0.000000,-0.344366
69.216548,1765336584.489872,1765336347,0.316112,0.000333,0.000000,0.000000,0.000000,0.000000,0.000000,-0.344366
69.236549,1765336584.509877,1765336347,0.316112,0.000333,0.000000,0.000000,0.000000,0.000000,0.000000,0.344366
69.256558,1765336584.529886,1765336347,0.316112,0.000333,0.000000,0.000000,0.000000,0.000000,0.000000,-0.344366
69.276541,1765336584.549856,1765336347,0.316112,0.000333,0.000000,0.000000,0.000000,0.000000,0.000000,0.000000
69.296475,1765336584.569756,1765336347,0.316112,0.000333,0.000000,0.000000,0.000000,0.000000,0.000000,0.344366
69.316482,1765336584.589759,1765336347,0.316112,0.000333,0.000000,0.000000,0.000000,0.000000,0.000000,-0.344366
69.336487,1765336584.609767,1765336347,0.316112,0.000333,0.000000,0.000000,0.000000,0.000000,0.000000,-0.344366
69.356485,1765336584.629764,1765336347,0.316112,0.000333,0.000000,0.000000,0.000000,0.000000,0.000000,-0.344366
69.376487,1765336584.649766,1765336347,0.316112,0.000333,0.000000,0.000000,0.000000,0.000000,0.000000,0.000000
69.396486,1765336584.669769,1765336347,0.316112,0.000333,0.000000,0.000000,0.000000,0.000000,0.000000,0.344366
69.416505,1765336584.689791,1765336347,0.316112,0.000333,0.000000,0.000000,0.000000,0.000000,0.000000,0.000000
69.436517,1765336584.709809,1765336347,0.316112,0.000333,0.000000,0.000000,0.000000,0.000000,0.000000,0.000000
69.456504,1765336584.729787,1765336347,0.316112,0.000333,0.000000,0.000000,0.000000,0.000000,0.000000,-0.344366
69.476569,1765336584.749878,1765336347,0.316112,0.000333,0.000000,0.000000,0.000000,0.000000,0.000000,-0.344366
69.496586,1765336584.769907,1765336347,0.316112,0.000333,0.000000,0.000000,0.000000,0.000000,0.000000,-0.344366
69.516595,1765336584.789915,1765336347,0.316112,0.000333,0.000000,0.000000,0.000000,0.000000,0.000000,-0.344366
69.536712,1765336584.810072,1765336347,0.316112,0.000333,0.000000,0.000000,0.000000,0.000000,0.000000,-0.344366
69.556725,1765336584.830085,1765336347,0.316112,0.000333,0.000000,0.000000,0.000000,0.000000,0.000000,-0.344366
69.576697,1765336584.850036,1765336347,0.316112,0.000333,0.000000,0.000000,0.000000,0.000000,0.000000,0.344366
69.596749,1765336584.870109,1765336347,0.316112,0.000333,0.000000,0.000000,0.000000,0.000000,0.000000,0.344366
69.616682,1765336584.889998,1765336347,0.316112,0.000333,0.000000,0.000000,0.000000,0.000000,0.000000,-0.344366
69.636619,1765336584.909904,1765336347,0.316112,0.000333,0.000000,0.000000,0.000000,0.000000,0.000000,-0.344366
69.656624,1765336584.929903,1765336347,0.316112,0.000333,0.000000,0.000000,0.000000,0.000000,0.000000,-0.344366
69.676625,1765336584.949905,1765336347,0.316112,0.000333,0.000000,0.000000,0.000000,0.000000,0.000000,0.000000
69.696627,1765336584.969906,1765336347,0.316112,0.000333,0.000000,0.000000,0.000000,0.000000,0.000000,0.000000
69.716629,1765336584.989908,1765336347,0.316112,0.000333,0.000000,0.000000,0.000000,0.000000,0.000000,0.344366
69.736636,1765336585.009915,1765336347,0.316112,0.000333,0.000000,0.000000,0.000000,0.000000,0.000000,0.000000
69.756659,1765336585.029953,1765336347,0.316112,0.000333,0.000000,0.000000,0.000000,0.000000,0.000000,-0.344366
69.776637,1765336585.049916,1765336347,0.316112,0.000333,0.000000,0.000000,0.000000,0.000000,0.000000,0.000000
69.796636,1765336585.069920,1765336347,0.316112,0.000333,0.000000,0.000000,0.000000,0.000000,0.000000,-0.344366
69.816682,1765336585.090001,1765336347,0.316112,0.000333,0.000000,0.000000,0.000000,0.000000,0.000000,0.344366
69.836663,1765336585.109959,1765336347,0.316112,0.000333,0.000000,0.000000,0.000000,0.000000,-0.688732,-0.344366
69.856724,1765336585.130063,1765336347,0.316112,0.000333,0.000000,0.000000,0.000000,0.000000,0.000000,-0.344366
69.876726,1765336585.150024,1765336347,0.316112,0.000333,0.000000,0.000000,0.000000,0.000000,0.000000,-0.344366
69.896845,1765336585.170215,1765336347,0.316112,0.000333,0.000000,0.000000,0.000000,0.000000,0.000000,-0.344366
69.916843,1765336585.190182,1765336347,0.316112,0.000333,0.000000,0.000000,0.000000,0.000000,-0.344366,-0.344366
69.936885,1765336585.210245,1765336347,0.316112,0.000333,0.000000,0.000000,0.000000,0.000000,0.000000,-0.344366
69.956912,1765336585.230321,1765336347,0.316112,0.000333,0.000000,0.000000,0.000000,0.000000,0.000000,0.344366
69.976773,1765336585.250067,1765336347,0.316112,0.000333,0.000000,0.000000,0.000000,0.000000,0.000000,0.344366
69.996819,1765336585.270123,1765336347,0.316112,0.000333,0.000000,0.000000,0.000000,0.000000,0.000000,-0.344366
70.016770,1765336585.290054,1765336347,0.316112,0.000333,0.000000,0.000000,0.000000,0.000000,0.000000,0.000000
70.036841,1765336585.310156,1765336347,0.316112,0.000333,0.000000,0.000000,0.000000,0.000000,0.000000,-0.344366
70.056868,1765336585.330190,1765336347,0.316112,0.000333,0.000000,0.000000,0.000000,0.000000,0.000000,0.000000
70.076792,1765336585.350077,1765336347,0.316112,0.000333,0.000000,0.000000,0.000000,0.000000,0.000000,0.344366
70.096818,1765336585.370119,1765336347,0.316112,0.000333,0.000000,0.000000,0.000000,0.000000,0.000000,0.344366
70.116848,1765336585.390164,1765336347,0.316112,0.000333,0.000000,0.000000,0.000000,0.000000,0.000000,0.000000
70.136884,1765336585.410212,1765336347,0.316112,0.000333,0.000000,0.000000,0.000000,0.000000,0.000000,0.344366
70.156890,1765336585.430217,1765336347,0.316112,0.000333,0.000000,0.000000,0.000000,0.000000,0.000000,0.000000
70.176912,1765336585.450247,1765336347,0.316112,0.000333,0.000000,0.000000,0.000000,0.000000,-0.688732,0.344366
70.196909,1765336585.470244,1765336347,0.316112,0.000333,0.000000,0.000000,0.000000,0.000000,0.000000,0.000000
70.216932,1765336585.490277,1765336347,0.316112,0.000333,0.000000,0.000000,0.000000,0.000000,-0.344366,0.000000
70.236947,1765336585.510332,1765336347,0.316112,0.000333,0.000000,0.000000,0.000000,0.000000,0.000000,0.344366
70.256996,1765336585.530382,1765336347,0.316112,0.000333,0.000000,0.000000,0.000000,0.000000,0.000000,0.344366
70.277002,1765336585.550407,1765336347,0.316112,0.000333,0.000000,0.000000,0.000000,0.000000,0.000000,-0.344366
70.296990,1765336585.570377,1765336347,0.316112,0.000333,0.000000,0.000000,0.000000,0.000000,0.000000,-0.344366
70.316984,1765336585.590357,1765336347,0.316112,0.000333,0.000000,0.000000,0.000000,0.000000,0.000000,0.344366
70.336995,1765336585.610374,1765336347,0.316112,0.000333,0.000000,0.000000,0.000000,0.000000,0.000000,-0.344366
70.356992,1765336585.630355,1765336347,0.316112,0.000333,0.000000,0.000000,0.000000,0.000000,0.000000,-0.344366
70.377002,1765336585.650359,1765336347,0.316112,0.000333,0.000000,0.000000,0.000000,0.000000,0.000000,-0.344366
70.397040,1765336585.670372,1765336347,0.316112,0.000333,0.000000,0.000000,0.000000,0.000000,0.000000,0.344366
70.416962,1765336585.690290,1765336347,0.316112,0.000333,0.000000,0.000000,0.000000,0.000000,0.000000,0.344366
70.436970,1765336585.710310,1765336347,0.316112,0.000333,0.000000,0.000000,0.000000,0.000000,0.000000,0.000000
70.456979,1765336585.730310,1765336347,0.316112,0.000333,0.000000,0.000000,0.000000,0.000000,0.000000,0.000000
70.476987,1765336585.750318,1765336347,0.316112,0.000333,0.000000,0.000000,0.000000,0.000000,0.000000,0.000000
70.496988,1765336585.770308,1765336347,0.316112,0.000333,0.000000,0.000000,0.000000,0.000000,0.000000,0.344366
70.517133,1765336585.790473,1765336347,0.316112,0.000333,0.000000,0.000000,0.000000,0.000000,0.000000,0.000000
70.537159,1765336585.810519,1765336347,0.316112,0.000333,0.000000,0.000000,0.000000,0.000000,0.000000,-0.344366
70.557143,1765336585.830490,1765336347,0.316112,0.000333,0.000000,0.000000,0.000000,0.000000,-0.344366,-0.344366
70.577122,1765336585.850461,1765336347,0.316112,0.000333,0.000000,0.000000,0.000000,0.000000,0.000000,0.344366
70.597121,1765336585.870457,1765336347,0.316112,0.000333,0.000000,0.000000,0.000000,0.000000,0.000000,0.000000
70.617073,1765336585.890392,1765336347,0.316112,0.000333,0.000000,0.000000,0.000000,0.000000,0.000000,0.000000
70.637168,1765336585.910503,1765336347,0.316112,0.000333,0.000000,0.000000,0.000000,0.000000,0.000000,-0.344366
70.657063,1765336585.930351,1765336347,0.316112,0.000333,0.000000,0.000000,0.000000,0.000000,0.000000,0.000000
70.677063,1765336585.950348,1765336347,0.316112,0.000333,0.000000,0.000000,0.000000,0.000000,0.000000,-0.344366
70.697069,1765336585.970355,1765336347,0.316112,0.000333,0.000000,0.000000,0.000000,0.000000,0.000000,0.000000
70.717117,1765336585.990421,1765336347,0.316112,0.000333,0.000000,0.000000,0.000000,0.000000,0.000000,0.000000
70.737122,1765336586.010426,1765336347,0.316112,0.000333,0.000000,0.000000,0.000000,0.000000,0.000000,0.344366
70.757161,1765336586.030481,1765336347,0.316112,0.000333,0.000000,0.000000,0.000000,0.000000,0.000000,-0.344366
70.777148,1765336586.050450,1765336347,0.316112,0.000333,0.000000,0.000000,0.000000,0.000000,0.000000,0.000000
70.797197,1765336586.070519,1765336347,0.316112,0.000333,0.000000,0.000000,0.000000,0.000000,0.000000,0.344366
70.817222,1765336586.090550,1765336347,0.316112,0.000333,0.000000,0.000000,0.000000,0.000000,0.000000,0.344366
70.837152,1765336586.110450,1765336347,0.316112,0.000333,0.000000,0.000000,0.000000,0.000000,0.000000,-0.344366
70.857218,1765336586.130539,1765336347,0.316112,0.000333,0.000000,0.000000,0.000000,0.000000,0.000000,0.344366
70.877356,1765336586.150702,1765336347,0.316112,0.000333,0.000000,0.000000,0.000000,0.000000,0.000000,-0.344366
70.897323,1765336586.170644,1765336347,0.316112,0.000333,0.000000,0.000000,0.000000,0.000000,0.000000,0.344366
70.917303,1765336586.190610,1765336347,0.316112,0.000333,0.000000,0.000000,0.000000,0.000000,0.000000,0.000000
70.937303,1765336586.210607,1765336347,0.316112,0.000333,0.000000,0.000000,0.000000,0.000000,0.000000,0.000000
70.957314,1765336586.230621,1765336347,0.316112,0.000333,0.000000,0.000000,0.000000,0.000000,0.000000,0.000000
70.977348,1765336586.250670,1765336347,0.316112,0.000333,0.000000,0.000000,0.000000,0.000000,0.000000,-0.344366
70.997371,1765336586.270699,1765336347,0.316112,0.000333,0.000000,0.000000,0.000000,0.000000,0.000000,-0.344366
71.017367,1765336586.290689,1765336347,0.316112,0.000333,0.000000,0.000000,0.000000,0.000000,0.000000,0.000000
71.037352,1765336586.310695,1765336347,0.316112,0.000333,0.000000,0.000000,0.000000,0.000000,0.000000,-0.344366
71.057329,1765336586.330630,1765336347,0.316112,0.000333,0.000000,0.000000,0.000000,0.000000,0.000000,0.000000
71.077465,1765336586.350852,1765336347,0.316112,0.000333,0.000000,0.000000,0.000000,0.000000,0.000000,-0.344366
71.097349,1765336586.370643,1765336347,0.316112,0.000333,0.000000,0.000000,0.000000,0.000000,0.000000,-0.344366
71.117385,1765336586.390696,1765336347,0.316112,0.000333,0.000000,0.000000,0.000000,0.000000,0.000000,0.000000
71.137427,1765336586.410755,1765336347,0.316112,0.000333,0.000000,0.000000,0.000000,0.000000,0.000000,-0.344366
71.157448,1765336586.430784,1765336347,0.316112,0.000333,0.000000,0.000000,0.000000,0.000000,0.000000,-0.344366
71.177427,1765336586.450747,1765336347,0.316112,0.000333,0.000000,0.000000,0.000000,0.000000,0.000000,0.000000
71.197465,1765336586.470800,1765336347,0.316112,0.000333,0.000000,0.000000,0.000000,0.000000,-0.688732,-0.344366
71.217381,1765336586.490678,1765336347,0.316112,0.000333,0.000000,0.000000,0.000000,0.000000,0.000000,0.344366
71.237387,1765336586.510685,1765336347,0.316112,0.000333,0.000000,0.000000,0.000000,0.000000,-0.688732,-0.344366
71.257376,1765336586.530654,1765336347,0.316112,0.000333,0.000000,0.000000,0.000000,0.000000,0.000000,0.000000
71.277408,1765336586.550704,1765336347,0.316112,0.000333,0.000000,0.000000,0.000000,0.000000,0.000000,0.344366
71.297438,1765336586.570740,1765336347,0.316112,0.000333,0.000000,0.000000,0.000000,0.000000,0.000000,0.344366
71.317424,1765336586.590724,1765336347,0.316112,0.000333,0.000000,0.000000,0.000000,0.000000,0.000000,0.000000
71.337439,1765336586.610743,1765336347,0.316112,0.000333,0.000000,0.000000,0.000000,0.000000,0.000000,0.344366
71.357420,1765336586.630711,1765336347,0.316112,0.000333,0.000000,0.000000,0.000000,0.000000,0.000000,0.000000
71.377403,1765336586.650683,1765336347,0.316112,0.000333,0.000000,0.000000,0.000000,0.000000,0.000000,0.000000
71.397446,1765336586.670747,1765336347,0.316112,0.000333,0.000000,0.000000,0.000000,0.000000,0.000000,0.000000
71.417453,1765336586.690757,1765336347,0.316112,0.000333,0.000000,0.000000,0.000000,0.000000,0.000000,-0.344366
71.437483,1765336586.710799,1765336347,0.316112,0.000333,0.000000,0.000000,0.000000,0.000000,0.000000,-0.344366
71.457502,1765336586.730823,1765336347,0.316112,0.000333,0.000000,0.000000,0.000000,0.000000,0.000000,0.344366
71.477511,1765336586.750833,1765336347,0.316112,0.000333,0.000000,0.000000,0.000000,0.000000,0.000000,-0.344366
71.497537,1765336586.770865,1765336347,0.316112,0.000333,0.000000,0.000000,0.000000,0.000000,0.000000,-0.344366
71.517528,1765336586.790849,1765336347,0.316112,0.000333,0.000000,0.000000,0.000000,0.000000,0.000000,-0.344366
71.537537,1765336586.810858,1765336347,0.316112,0.000333,0.000000,0.000000,0.000000,0.000000,0.000000,1.377463
71.557588,1765336586.830920,1765336347,0.316112,0.000333,0.000000,0.000000,0.000000,0.000000,0.000000,-0.344366
71.577530,1765336586.850837,1765336347,0.316112,0.000333,0.000000,0.000000,0.000000,0.000000,0.000000,-0.344366
71.597525,1765336586.870829,1765336347,0.316112,0.000333,0.000000,0.000000,0.000000,0.000000,0.000000,-0.344366
71.617515,1765336586.890806,1765336347,0.316112,0.000333,0.000000,0.000000,0.000000,0.000000,0.000000,-0.344366
71.637520,1765336586.910817,1765336347,0.316112,0.000333,0.000000,0.000000,0.000000,0.000000,0.000000,-0.344366
71.657532,1765336586.930830,1765336347,0.316112,0.000333,0.000000,0.000000,0.000000,0.000000,0.000000,0.000000
71.677546,1765336586.950850,1765336347,0.316112,0.000333,0.000000,0.000000,0.000000,0.000000,0.000000,-0.344366
71.697546,1765336586.970847,1765336347,0.316112,0.000333,0.000000,0.000000,0.000000,0.000000,0.000000,0.344366
71.717543,1765336586.990840,1765336347,0.316112,0.000333,0.000000,0.000000,0.000000,0.000000,0.000000,0.000000
71.737548,1765336587.010846,1765336347,0.316112,0.000333,0.000000,0.000000,0.000000,0.000000,0.000000,-0.344366
71.757553,1765336587.030850,1765336347,0.316112,0.000333,0.000000,0.000000,0.000000,0.000000,0.000000,-0.344366
71.777554,1765336587.050849,1765336347,0.316112,0.000333,0.000000,0.000000,0.000000,0.000000,0.000000,0.344366
71.797532,1765336587.070818,1765336347,0.316112,0.000333,0.000000,0.000000,0.000000,0.000000,0.000000,0.344366
71.817544,1765336587.090829,1765336347,0.316112,0.000333,0.000000,0.000000,0.000000,0.000000,0.000000,0.344366
71.837597,1765336587.110908,1765336347,0.316112,0.000333,0.000000,0.000000,0.000000,0.000000,0.000000,0.344366
71.857590,1765336587.130894,1765336347,0.316112,0.000333,0.000000,0.000000,0.000000,0.000000,0.000000,0.344366
71.877602,1765336587.150909,1765336347,0.316112,0.000333,0.000000,0.000000,0.000000,0.000000,0.000000,0.344366
71.897563,1765336587.170855,1765336347,0.316112,0.000333,0.000000,0.000000,0.000000,0.000000,0.000000,-0.344366
71.917573,1765336587.190870,1765336347,0.316112,0.000333,0.000000,0.000000,0.000000,0.000000,0.000000,-1.033098
71.937582,1765336587.210881,1765336347,0.316112,0.000333,0.000000,0.000000,0.000000,0.000000,0.000000,-0.344366
71.957586,1765336587.230886,1765336347,0.316112,0.000333,0.000000,0.000000,0.000000,0.000000,0.000000,-0.344366
71.977593,1765336587.250893,1765336347,0.316112,0.000333,0.000000,0.000000,0.000000,0.000000,0.000000,0.000000
71.997590,1765336587.270884,1765336347,0.316112,0.000333,0.000000,0.000000,0.000000,0.000000,0.000000,0.000000
72.017589,1765336587.290879,1765336347,0.316112,0.000333,0.000000,0.000000,0.000000,0.000000,0.000000,0.000000
72.037594,1765336587.310883,1765336347,0.316112,0.000333,0.000000,0.000000,0.000000,0.000000,0.000000,0.344366
72.057635,1765336587.330937,1765336347,0.316112,0.000333,0.000000,0.000000,0.000000,0.000000,0.000000,0.344366
72.077598,1765336587.350875,1765336347,0.316112,0.000333,0.000000,0.000000,0.000000,0.000000,0.000000,0.000000
72.097602,1765336587.370886,1765336347,0.316112,0.000333,0.000000,0.000000,0.000000,0.000000,0.000000,0.000000
72.117679,1765336587.390995,1765336347,0.316112,0.000333,0.000000,0.000000,0.000000,0.000000,0.000000,0.000000
72.137715,1765336587.411044,1765336347,0.316112,0.000333,0.000000,0.000000,0.000000,0.000000,0.000000,0.344366
72.157776,1765336587.431136,1765336347,0.316112,0.000333,0.000000,0.000000,0.000000,0.000000,0.000000,0.344366
72.177766,1765336587.451113,1765336347,0.316112,0.000333,0.000000,0.000000,0.000000,0.000000,0.000000,-0.344366
72.197760,1765336587.471097,1765336347,0.316112,0.000333,0.000000,0.000000,0.000000,0.000000,-0.688732,0.344366
72.217744,1765336587.491065,1765336347,0.316112,0.000333,0.000000,0.000000,0.000000,0.000000,0.000000,-0.344366
72.237768,1765336587.511096,1765336347,0.316112,0.000333,0.000000,0.000000,0.000000,0.000000,0.000000,-0.344366
72.257832,1765336587.531192,1765336347,0.316112,0.000333,0.000000,0.000000,0.000000,0.000000,0.000000,0.344366
72.277842,1765336587.551203,1765336347,0.316112,0.000333,0.000000,0.000000,0.000000,0.000000,0.000000,-0.344366
72.297703,1765336587.570983,1765336347,0.316112,0.000333,0.000000,0.000000,0.000000,0.000000,0.000000,0.344366
72.317736,1765336587.591028,1765336347,0.316112,0.000333,0.000000,0.000000,0.000000,0.000000,0.000000,0.000000
72.337742,1765336587.611026,1765336347,0.316112,0.000333,0.000000,0.000000,0.000000,0.000000,0.000000,0.000000
72.357721,1765336587.631002,1765336347,0.316112,0.000333,0.000000,0.000000,0.000000,0.000000,0.000000,0.344366
72.377734,1765336587.651022,1765336347,0.316112,0.000333,0.000000,0.000000,0.000000,0.000000,0.000000,0.344366
72.397747,1765336587.671042,1765336347,0.316112,0.000333,0.000000,0.000000,0.000000,0.000000,0.000000,0.000000
72.417736,1765336587.691021,1765336347,0.316112,0.000333,0.000000,0.000000,0.000000,0.000000,0.000000,0.344366
72.437738,1765336587.711025,1765336347,0.316112,0.000333,0.000000,0.000000,0.000000,0.000000,0.000000,0.000000
72.457742,1765336587.731026,1765336347,0.316112,0.000333,0.000000,0.000000,0.000000,0.000000,0.000000,0.344366
72.477760,1765336587.751055,1765336347,0.316112,0.000333,0.000000,0.000000,0.000000,0.000000,0.000000,0.344366
72.497762,1765336587.771055,1765336347,0.316112,0.000333,0.000000,0.000000,0.000000,0.000000,0.000000,-0.344366
72.517742,1765336587.791022,1765336347,0.316112,0.000333,0.000000,0.000000,0.000000,0.000000,0.000000,-0.344366
72.537751,1765336587.811035,1765336347,0.316112,0.000333,0.000000,0.000000,0.000000,0.000000,0.000000,0.344366
72.557755,1765336587.831039,1765336347,0.316112,0.000333,0.000000,0.000000,0.000000,0.000000,0.000000,-0.344366
72.577752,1765336587.851032,1765336347,0.316112,0.000333,0.000000,0.000000,0.000000,0.000000,0.000000,-0.344366
72.597767,1765336587.871052,1765336347,0.316112,0.000333,0.000000,0.000000,0.000000,0.000000,0.000000,0.344366
72.617777,1765336587.891068,1765336347,0.316112,0.000333,0.000000,0.000000,0.000000,0.000000,0.000000,0.000000
72.637795,1765336587.911094,1765336347,0.316112,0.000333,0.000000,0.000000,0.000000,0.000000,0.000000,-0.344366
72.657823,1765336587.931140,1765336347,0.316112,0.000333,0.000000,0.000000,0.000000,0.000000,0.000000,-0.344366
72.677808,1765336587.951117,1765336347,0.316112,0.000333,0.000000,0.000000,0.000000,0.000000,0.000000,-0.344366
72.697847,1765336587.971162,1765336347,0.316112,0.000333,0.000000,0.000000,0.000000,0.000000,0.000000,-0.344366
72.717855,1765336587.991171,1765336347,0.316112,0.000333,0.000000,0.000000,0.000000,0.000000,0.000000,0.000000
72.737899,1765336588.011222,1765336347,0.316112,0.000333,0.000000,0.000000,0.000000,0.000000,0.000000,-0.344366
72.757839,1765336588.031150,1765336347,0.316112,0.000333,0.000000,0.000000,0.000000,0.000000,0.000000,0.000000
72.777915,1765336588.051243,1765336347,0.316112,0.000333,0.000000,0.000000,0.000000,0.000000,0.000000,0.344366
72.797868,1765336588.071198,1765336347,0.316112,0.000333,0.000000,0.000000,0.000000,0.000000,0.000000,0.000000
72.817856,1765336588.091145,1765336347,0.316112,0.000333,0.000000,0.000000,0.000000,0.000000,0.000000,0.344366
72.837864,1765336588.111174,1765336347,0.316112,0.000333,0.000000,0.000000,0.000000,0.000000,0.000000,0.000000
72.857907,1765336588.131209,1765336347,0.316112,0.000333,0.000000,0.000000,0.000000,0.000000,0.000000,0.000000
72.877881,1765336588.151198,1765336347,0.316112,0.000333,0.000000,0.000000,0.000000,0.000000,0.000000,0.344366
72.897912,1765336588.171216,1765336347,0.316112,0.000333,0.000000,0.000000,0.000000,0.000000,0.000000,-0.344366
72.917901,1765336588.191196,1765336347,0.316112,0.000333,0.000000,0.000000,0.000000,0.000000,0.000000,0.000000
72.937934,1765336588.211231,1765336347,0.316112,0.000333,0.000000,0.000000,0.000000,0.000000,0.000000,-0.344366
72.957942,1765336588.231243,1765336347,0.316112,0.000333,0.000000,0.000000,0.000000,0.000000,0.000000,0.000000
72.977949,1765336588.251249,1765336347,0.316112,0.000333,0.000000,0.000000,0.000000,0.000000,0.000000,0.000000
72.997960,1765336588.271264,1765336347,0.316112,0.000333,0.000000,0.000000,0.000000,0.000000,0.000000,0.000000
73.017969,1765336588.291274,1765336347,0.316112,0.000333,0.000000,0.000000,0.000000,0.000000,0.000000,0.000000
73.037974,1765336588.311300,1765336347,0.316112,0.000333,0.000000,0.000000,0.000000,0.000000,0.000000,0.000000
73.058140,1765336588.331501,1765336347,0.316112,0.000333,0.000000,0.000000,0.000000,0.000000,0.000000,0.000000
73.078134,1765336588.351496,1765336347,0.316112,0.000333,0.000000,0.000000,0.000000,0.000000,0.000000,0.344366
73.098445,1765336588.371730,1765336347,0.316112,0.000333,0.000000,0.000000,0.000000,0.000000,-0.688732,0.000000
73.118476,1765336588.391773,1765336347,0.316112,0.000333,0.000000,0.000000,0.000000,0.000000,0.000000,0.000000
73.138488,1765336588.411801,1765336347,0.316112,0.000333,0.000000,0.000000,0.000000,0.000000,0.000000,-0.344366
73.158542,1765336588.431870,1765336347,0.316112,0.000333,0.000000,0.000000,0.000000,0.000000,0.000000,0.344366
73.178475,1765336588.451775,1765336347,0.316112,0.000333,0.000000,0.000000,0.000000,0.000000,0.000000,0.000000
73.198570,1765336588.471905,1765336347,0.316112,0.000333,0.000000,0.000000,0.000000,0.000000,0.000000,0.000000
73.218568,1765336588.491896,1765336347,0.316112,0.000333,0.000000,0.000000,0.000000,0.000000,0.000000,0.344366
73.238609,1765336588.511955,1765336347,0.316112,0.000333,0.000000,0.000000,0.000000,0.000000,0.000000,0.344366
73.258518,1765336588.531822,1765336347,0.316112,0.000333,0.000000,0.000000,0.000000,0.000000,-0.344366,0.344366
73.278582,1765336588.551904,1765336347,0.316112,0.000333,0.000000,0.000000,0.000000,0.000000,0.000000,0.344366
73.298606,1765336588.571934,1765336347,0.316112,0.000333,0.000000,0.000000,0.000000,0.000000,0.000000,0.000000
73.318600,1765336588.591921,1765336347,0.316112,0.000333,0.000000,0.000000,0.000000,0.000000,0.000000,-0.344366
73.338523,1765336588.611804,1765336347,0.316112,0.000333,0.000000,0.000000,0.000000,0.000000,0.000000,0.344366
73.358583,1765336588.631890,1765336347,0.316112,0.000333,0.000000,0.000000,0.000000,0.000000,0.000000,0.344366
73.378674,1765336588.652013,1765336347,0.316112,0.000333,0.000000,0.000000,0.000000,0.000000,0.000000,-0.344366
73.398641,1765336588.671968,1765336347,0.316112,0.000333,0.000000,0.000000,0.000000,0.000000,0.000000,-0.344366
73.418575,1765336588.691875,1765336347,0.316112,0.000333,0.000000,0.000000,0.000000,0.000000,0.000000,0.000000
73.438591,1765336588.711898,1765336347,0.316112,0.000333,0.000000,0.000000,0.000000,0.000000,0.000000,0.000000
73.458695,1765336588.732040,1765336347,0.316112,0.000333,0.000000,0.000000,0.000000,0.000000,0.000000,0.000000
73.478708,1765336588.752061,1765336347,0.316112,0.000333,0.000000,0.000000,0.000000,0.000000,0.000000,0.000000
73.498701,1765336588.772037,1765336347,0.316112,0.000333,0.000000,0.000000,0.000000,0.000000,0.000000,0.344366
73.518714,1765336588.792050,1765336347,0.316112,0.000333,0.000000,0.000000,0.000000,0.000000,0.000000,0.000000
73.538726,1765336588.812062,1765336347,0.316112,0.000333,0.000000,0.000000,0.000000,0.000000,0.000000,-0.344366
73.558695,1765336588.832011,1765336347,0.316112,0.000333,0.000000,0.000000,0.000000,0.000000,0.000000,-0.344366
73.578730,1765336588.852057,1765336347,0.316112,0.000333,0.000000,0.000000,0.000000,0.000000,0.000000,0.344366
73.598682,1765336588.872002,1765336347,0.316112,0.000333,0.000000,0.000000,0.000000,0.000000,0.000000,-0.344366
73.618799,1765336588.892161,1765336347,0.316112,0.000333,0.000000,0.000000,0.000000,0.000000,0.000000,0.000000
73.638822,1765336588.912171,1765336347,0.316112,0.000333,0.000000,0.000000,0.000000,0.000000,0.000000,0.000000
73.658781,1765336588.932117,1765336347,0.316112,0.000333,0.000000,0.000000,0.000000,0.000000,0.000000,0.000000
73.678764,1765336588.952085,1765336347,0.316112,0.000333,0.000000,0.000000,0.000000,0.000000,0.000000,0.344366
73.698786,1765336588.972115,1765336347,0.316112,0.000333,0.000000,0.000000,0.000000,0.000000,0.000000,-0.344366
73.718780,1765336588.992101,1765336347,0.316112,0.000333,0.000000,0.000000,0.000000,0.000000,0.000000,-0.344366
73.738788,1765336589.012109,1765336347,0.316112,0.000333,0.000000,0.000000,0.000000,0.000000,0.000000,0.344366
73.758796,1765336589.032117,1765336347,0.316112,0.000333,0.000000,0.000000,0.000000,0.000000,0.000000,-0.344366
73.778820,1765336589.052148,1765336347,0.316112,0.000333,0.000000,0.000000,0.000000,0.000000,0.000000,0.000000
73.798829,1765336589.072157,1765336347,0.316112,0.000333,0.000000,0.000000,0.000000,0.000000,0.000000,0.344366
73.818780,1765336589.092079,1765336347,0.316112,0.000333,0.000000,0.000000,0.000000,0.000000,0.000000,0.344366
73.838807,1765336589.112118,1765336347,0.316112,0.000333,0.000000,0.000000,0.000000,0.000000,0.000000,0.000000
73.858823,1765336589.132138,1765336347,0.316112,0.000333,0.000000,0.000000,0.000000,0.000000,0.000000,0.000000
73.878829,1765336589.152145,1765336347,0.316112,0.000333,0.000000,0.000000,0.000000,0.000000,0.000000,0.344366
73.898855,1765336589.172172,1765336347,0.316112,0.000333,0.000000,0.000000,0.000000,0.000000,0.000000,-0.344366
73.918856,1765336589.192177,1765336347,0.316112,0.000333,0.000000,0.000000,0.000000,0.000000,0.000000,0.000000
73.938843,1765336589.212153,1765336347,0.316112,0.000333,0.000000,0.000000,0.000000,0.000000,0.000000,-0.344366
73.958870,1765336589.232190,1765336347,0.316112,0.000333,0.000000,0.000000,0.000000,0.000000,0.000000,0.000000
73.978815,1765336589.252113,1765336347,0.316112,0.000333,0.000000,0.000000,0.000000,0.000000,0.000000,-0.344366
73.998821,1765336589.272106,1765336347,0.316112,0.000333,0.000000,0.000000,0.000000,0.000000,0.000000,0.000000
74.018819,1765336589.292101,1765336347,0.316112,0.000333,0.000000,0.000000,0.000000,0.000000,0.000000,0.000000
74.038822,1765336589.312107,1765336347,0.316112,0.000333,0.000000,0.000000,0.000000,0.000000,0.000000,0.344366
74.058831,1765336589.332118,1765336347,0.316112,0.000333,0.000000,0.000000,0.000000,0.000000,-0.688732,0.000000
74.078834,1765336589.352132,1765336347,0.316112,0.000333,0.000000,0.000000,0.000000,0.000000,0.000000,0.344366
74.098823,1765336589.372104,1765336347,0.316112,0.000333,0.000000,0.000000,0.000000,0.000000,0.000000,-0.344366
74.118824,1765336589.392110,1765336347,0.316112,0.000333,0.000000,0.000000,0.000000,0.000000,0.000000,-0.344366
74.138870,1765336589.412175,1765336347,0.316112,0.000333,0.000000,0.000000,0.000000,0.000000,0.000000,-0.344366
74.158922,1765336589.432240,1765336347,0.316112,0.000333,0.000000,0.000000,0.000000,0.000000,0.000000,0.344366
74.178974,1765336589.452349,1765336347,0.316112,0.000333,0.000000,0.000000,0.000000,0.000000,0.000000,0.344366
74.198964,1765336589.472346,1765336347,0.316112,0.000333,0.000000,0.000000,0.000000,0.000000,0.000000,0.344366
74.218936,1765336589.492258,1765336347,0.316112,0.000333,0.000000,0.000000,0.000000,0.000000,0.000000,0.000000
74.238943,1765336589.512264,1765336347,0.316112,0.000333,0.000000,0.000000,0.000000,0.000000,0.000000,-0.344366
74.258890,1765336589.532179,1765336347,0.316112,0.000333,0.000000,0.000000,0.000000,0.000000,0.000000,0.000000
74.278879,1765336589.552161,1765336347,0.316112,0.000333,0.000000,0.000000,0.000000,0.000000,0.000000,0.000000
74.298899,1765336589.572191,1765336347,0.316112,0.000333,0.000000,0.000000,0.000000,0.000000,0.000000,-0.344366
74.318922,1765336589.592223,1765336347,0.316112,0.000333,0.000000,0.000000,0.000000,0.000000,0.000000,0.000000
74.338898,1765336589.612191,1765336347,0.316112,0.000333,0.000000,0.000000,0.000000,0.000000,0.000000,0.344366
74.358927,1765336589.632226,1765336347,0.316112,0.000333,0.000000,0.000000,0.000000,0.000000,0.000000,-0.344366
74.378915,1765336589.652216,1765336347,0.316112,0.000333,0.000000,0.000000,0.000000,0.000000,0.000000,0.000000
74.398924,1765336589.672227,1765336347,0.316112,0.000333,0.000000,0.000000,0.000000,0.000000,0.000000,0.344366
74.419007,1765336589.692351,1765336347,0.316112,0.000333,0.000000,0.000000,0.000000,0.000000,0.000000,-0.344366
74.438975,1765336589.712306,1765336347,0.316112,0.000333,0.000000,0.000000,0.000000,0.000000,0.000000,0.344366
74.458974,1765336589.732297,1765336347,0.316112,0.000333,0.000000,0.000000,0.000000,0.000000,0.000000,-0.344366
74.478982,1765336589.752309,1765336347,0.316112,0.000333,0.000000,0.000000,0.000000,0.000000,0.000000,-0.344366
74.498995,1765336589.772327,1765336347,0.316112,0.000333,0.000000,0.000000,0.000000,0.000000,0.000000,0.000000
74.519033,1765336589.792351,1765336347,0.316112,0.000333,0.000000,0.000000,0.000000,0.000000,-0.344366,-0.344366
74.539078,1765336589.812405,1765336347,0.316112,0.000333,0.000000,0.000000,0.000000,0.000000,0.000000,0.000000
74.559043,1765336589.832361,1765336347,0.316112,0.000333,0.000000,0.000000,0.000000,0.000000,0.000000,-0.344366
74.578974,1765336589.852259,1765336347,0.316112,0.000333,0.000000,0.000000,0.000000,0.000000,0.000000,-0.344366
74.598963,1765336589.872241,1765336347,0.316112,0.000333,0.000000,0.000000,0.000000,0.000000,0.000000,0.000000
74.618966,1765336589.892244,1765336347,0.316112,0.000333,0.000000,0.000000,0.000000,0.000000,0.000000,0.344366
74.638970,1765336589.912250,1765336347,0.316112,0.000333,0.000000,0.000000,0.000000,0.000000,0.000000,0.000000
74.658988,1765336589.932277,1765336347,0.316112,0.000333,0.000000,0.000000,0.000000,0.000000,-0.688732,0.344366
74.678992,1765336589.952288,1765336347,0.316112,0.000333,0.000000,0.000000,0.000000,0.000000,0.000000,0.000000
74.699065,1765336589.972387,1765336347,0.316112,0.000333,0.000000,0.000000,0.000000,0.000000,0.000000,0.000000
74.718997,1765336589.992299,1765336347,0.316112,0.000333,0.000000,0.000000,0.000000,0.000000,0.000000,-0.344366
74.738993,1765336590.012290,1765336347,0.316112,0.000333,0.000000,0.000000,0.000000,0.000000,0.000000,-0.344366
74.759001,1765336590.032302,1765336347,0.316112,0.000333,0.000000,0.000000,0.000000,0.000000,0.000000,0.344366
74.778995,1765336590.052286,1765336347,0.316112,0.000333,0.000000,0.000000,0.000000,0.000000,0.000000,-0.344366
74.799004,1765336590.072299,1765336347,0.316112,0.000333,0.000000,0.000000,0.000000,0.000000,0.000000,-0.344366
74.819085,1765336590.092395,1765336347,0.316112,0.000333,0.000000,0.000000,0.000000,0.000000,0.000000,0.000000
74.839043,1765336590.112342,1765336347,0.316112,0.000333,0.000000,0.000000,0.000000,0.000000,0.000000,-0.344366
74.859017,1765336590.132297,1765336347,0.316112,0.000333,0.000000,0.000000,0.000000,0.000000,0.000000,0.000000
74.879008,1765336590.152290,1765336347,0.316112,0.000333,0.000000,0.000000,0.000000,0.000000,0.000000,0.000000
74.899017,1765336590.172295,1765336347,0.316112,0.000333,0.000000,0.000000,0.000000,0.000000,0.000000,0.344366
74.919032,1765336590.192317,1765336347,0.316112,0.000333,0.000000,0.000000,0.000000,0.000000,0.000000,-0.344366
74.939099,1765336590.212404,1765336347,0.316112,0.000333,0.000000,0.000000,0.000000,0.000000,0.000000,0.344366
74.959112,1765336590.232427,1765336347,0.316112,0.000333,0.000000,0.000000,0.000000,0.000000,0.000000,0.000000
74.979317,1765336590.252656,1765336347,0.316112,0.000333,0.000000,0.000000,0.000000,0.000000,0.000000,0.000000
74.999209,1765336590.272553,1765336347,0.316112,0.000333,0.000000,0.000000,0.000000,0.000000,0.000000,0.344366
75.019154,1765336590.292459,1765336347,0.316112,0.000333,0.000000,0.000000,0.000000,0.000000,0.000000,0.000000
75.039319,1765336590.312660,1765336347,0.316112,0.000333,0.000000,0.000000,0.000000,0.000000,0.000000,0.000000
75.059234,1765336590.332561,1765336347,0.316112,0.000333,0.000000,0.000000,0.000000,0.000000,0.000000,-0.344366
75.079201,1765336590.352483,1765336347,0.316112,0.000333,0.000000,0.000000,0.000000,0.000000,0.000000,0.000000
75.099153,1765336590.372433,1765336347,0.316112,0.000333,0.000000,0.000000,0.000000,0.000000,0.000000,-0.344366
75.119211,1765336590.392499,1765336347,0.316112,0.000333,0.000000,0.000000,0.000000,0.000000,0.000000,0.344366
75.139197,1765336590.412473,1765336347,0.316112,0.000333,0.000000,0.000000,0.000000,0.000000,0.000000,0.000000
75.159202,1765336590.432478,1765336347,0.316112,0.000333,0.000000,0.000000,0.000000,0.000000,0.000000,0.344366
75.179213,1765336590.452497,1765336347,0.316112,0.000333,0.000000,0.000000,0.000000,0.000000,0.000000,0.344366
75.199243,1765336590.472535,1765336347,0.316112,0.000333,0.000000,0.000000,0.000000,0.000000,0.000000,0.344366
75.219242,1765336590.492541,1765336347,0.316112,0.000333,0.000000,0.000000,0.000000,0.000000,0.000000,-0.344366
75.239259,1765336590.512559,1765336347,0.316112,0.000333,0.000000,0.000000,0.000000,0.000000,0.000000,0.000000
75.259272,1765336590.532579,1765336347,0.316112,0.000333,0.000000,0.000000,0.000000,0.000000,0.000000,-0.344366
75.279271,1765336590.552577,1765336347,0.316112,0.000333,0.000000,0.000000,0.000000,0.000000,-0.688732,0.344366
75.299271,1765336590.572573,1765336347,0.316112,0.000333,0.000000,0.000000,0.000000,0.000000,0.000000,-0.344366
75.319281,1765336590.592585,1765336347,0.316112,0.000333,0.000000,0.000000,0.000000,0.000000,0.000000,0.344366
75.339287,1765336590.612591,1765336347,0.316112,0.000333,0.000000,0.000000,0.000000,0.000000,0.000000,-0.344366
75.359278,1765336590.632578,1765336347,0.316112,0.000333,0.000000,0.000000,0.000000,0.000000,0.000000,0.344366
75.379282,1765336590.652583,1765336347,0.316112,0.000333,0.000000,0.000000,0.000000,0.000000,0.000000,0.000000
75.399291,1765336590.672593,1765336347,0.316112,0.000333,0.000000,0.000000,0.000000,0.000000,0.000000,-0.344366
75.419299,1765336590.692600,1765336347,0.316112,0.000333,0.000000,0.000000,0.000000,0.000000,0.000000,-0.344366
75.439304,1765336590.712605,1765336347,0.316112,0.000333,0.000000,0.000000,0.000000,0.000000,0.000000,0.344366
75.459320,1765336590.732622,1765336347,0.316112,0.000333,0.000000,0.000000,0.000000,0.000000,0.000000,-0.344366
75.479317,1765336590.752623,1765336347,0.316112,0.000333,0.000000,0.000000,0.000000,0.000000,0.000000,0.000000
75.499336,1765336590.772647,1765336347,0.316112,0.000333,0.000000,0.000000,0.000000,0.000000,0.000000,-0.344366
75.519325,1765336590.792626,1765336347,0.316112,0.000333,0.000000,0.000000,0.000000,0.000000,0.000000,0.000000
75.539341,1765336590.812648,1765336347,0.316112,0.000333,0.000000,0.000000,0.000000,0.000000,0.000000,-0.344366
75.559336,1765336590.832637,1765336347,0.316112,0.000333,0.000000,0.000000,0.000000,0.000000,0.000000,0.000000
75.579346,1765336590.852650,1765336347,0.316112,0.000333,0.000000,0.000000,0.000000,0.000000,0.000000,0.000000
75.599351,1765336590.872656,1765336347,0.316112,0.000333,0.000000,0.000000,0.000000,0.000000,0.000000,0.000000
75.619407,1765336590.892735,1765336347,0.316112,0.000333,0.000000,0.000000,0.000000,0.000000,0.000000,-0.344366
75.639416,1765336590.912744,1765336347,0.316112,0.000333,0.000000,0.000000,0.000000,0.000000,0.000000,0.000000
75.659411,1765336590.932732,1765336347,0.316112,0.000333,0.000000,0.000000,0.000000,0.000000,0.000000,-0.344366
75.679401,1765336590.952716,1765336347,0.316112,0.000333,0.000000,0.000000,0.000000,0.000000,0.000000,-0.344366
75.699414,1765336590.972730,1765336347,0.316112,0.000333,0.000000,0.000000,0.000000,0.000000,0.000000,0.000000
75.719525,1765336590.992892,1765336347,0.316112,0.000333,0.000000,0.000000,0.000000,0.000000,0.000000,-0.344366
75.739393,1765336591.012698,1765336347,0.316112,0.000333,0.000000,0.000000,0.000000,0.000000,0.000000,-0.344366
75.759497,1765336591.032843,1765336347,0.316112,0.000333,0.000000,0.000000,0.000000,0.000000,0.000000,0.344366
75.779508,1765336591.052854,1765336347,0.316112,0.000333,0.000000,0.000000,0.000000,0.000000,0.000000,0.344366
75.799471,1765336591.072792,1765336347,0.316112,0.000333,0.000000,0.000000,0.000000,0.000000,0.000000,0.000000
75.819408,1765336591.092692,1765336347,0.316112,0.000333,0.000000,0.000000,0.000000,0.000000,0.000000,0.000000
75.839404,1765336591.112684,1765336347,0.316112,0.000333,0.000000,0.000000,0.000000,0.000000,0.000000,-0.344366
75.859396,1765336591.132672,1765336347,0.316112,0.000333,0.000000,0.000000,0.000000,0.000000,0.000000,0.000000
75.879425,1765336591.152704,1765336347,0.316112,0.000333,0.000000,0.000000,0.000000,0.000000,0.000000,-0.344366
75.899412,1765336591.172693,1765336347,0.316112,0.000333,0.000000,0.000000,0.000000,0.000000,0.000000,-1.033098
75.919428,1765336591.192720,1765336347,0.316112,0.000333,0.000000,0.000000,0.000000,0.000000,0.000000,-0.344366
75.939446,1765336591.212746,1765336347,0.316112,0.000333,0.000000,0.000000,0.000000,0.000000,0.000000,0.344366
75.959464,1765336591.232768,1765336347,0.316112,0.000333,0.000000,0.000000,0.000000,0.000000,-0.344366,0.000000
75.979490,1765336591.252797,1765336347,0.316112,0.000333,0.000000,0.000000,0.000000,0.000000,0.000000,0.000000
75.999466,1765336591.272765,1765336347,0.316112,0.000333,0.000000,0.000000,0.000000,0.000000,0.000000,-0.344366
76.019467,1765336591.292764,1765336347,0.316112,0.000333,0.000000,0.000000,0.000000,0.000000,0.000000,-0.344366
76.039490,1765336591.312798,1765336347,0.316112,0.000333,0.000000,0.000000,0.000000,0.000000,0.000000,-0.344366
76.059497,1765336591.332805,1765336347,0.316112,0.000333,0.000000,0.000000,0.000000,0.000000,0.000000,0.000000
76.079960,1765336591.353408,1765336347,0.316112,0.000333,0.000000,0.000000,0.000000,0.000000,0.000000,0.344366
76.099817,1765336591.373124,1765336347,0.316112,0.000333,0.000000,0.000000,0.000000,0.000000,0.000000,0.000000
76.119784,1765336591.393075,1765336347,0.316112,0.000333,0.000000,0.000000,0.000000,0.000000,0.000000,-0.344366
76.139785,1765336591.413066,1765336347,0.316112,0.000333,0.000000,0.000000,0.000000,0.000000,0.000000,0.344366
76.159780,1765336591.433059,1765336347,0.316112,0.000333,0.000000,0.000000,0.000000,0.000000,0.000000,-0.344366
76.179804,1765336591.453093,1765336347,0.316112,0.000333,0.000000,0.000000,0.000000,0.000000,0.000000,0.344366
76.199785,1765336591.473068,1765336347,0.316112,0.000333,0.000000,0.000000,0.000000,0.000000,0.000000,0.000000
76.219864,1765336591.493187,1765336347,0.316112,0.000333,0.000000,0.000000,0.000000,0.000000,0.000000,0.344366
76.239814,1765336591.513105,1765336347,0.316112,0.000333,0.000000,0.000000,0.000000,0.000000,0.000000,0.344366
76.259847,1765336591.533151,1765336347,0.316112,0.000333,0.000000,0.000000,0.000000,0.000000,0.000000,-0.344366
76.279878,1765336591.553194,1765336347,0.316112,0.000333,0.000000,0.000000,0.000000,0.000000,0.000000,0.000000
76.299893,1765336591.573220,1765336347,0.316112,0.000333,0.000000,0.000000,0.000000,0.000000,0.000000,-0.344366
76.319844,1765336591.593156,1765336347,0.316112,0.000333,0.000000,0.000000,0.000000,0.000000,0.000000,-0.344366
76.339863,1765336591.613181,1765336347,0.316112,0.000333,0.000000,0.000000,0.000000,0.000000,0.000000,-0.344366
76.359956,1765336591.633325,1765336347,0.316112,0.000333,0.000000,0.000000,0.000000,0.000000,0.000000,0.000000
76.379948,1765336591.653311,1765336347,0.316112,0.000333,0.000000,0.000000,0.000000,0.000000,0.000000,0.000000
76.399854,1765336591.673135,1765336347,0.316112,0.000333,0.000000,0.000000,0.000000,0.000000,0.000000,-0.344366
76.419857,1765336591.693140,1765336347,0.316112,0.000333,0.000000,0.000000,0.000000,0.000000,0.000000,0.344366
76.439856,1765336591.713136,1765336347,0.316112,0.000333,0.000000,0.000000,0.000000,0.000000,0.000000,0.000000
76.459843,1765336591.733117,1765336347,0.316112,0.000333,0.000000,0.000000,0.000000,0.000000,0.000000,-0.344366
76.479881,1765336591.753174,1765336347,0.316112,0.000333,0.000000,0.000000,0.000000,0.000000,0.000000,0.344366
76.499922,1765336591.773227,1765336347,0.316112,0.000333,0.000000,0.000000,0.000000,0.000000,0.000000,-0.344366
76.519933,1765336591.793249,1765336347,0.316112,0.000333,0.000000,0.000000,0.000000,0.000000,0.000000,0.000000
76.539951,1765336591.813271,1765336347,0.316112,0.000333,0.000000,0.000000,0.000000,0.000000,0.000000,-0.344366
76.559958,1765336591.833304,1765336347,0.316112,0.000333,0.000000,0.000000,0.000000,0.000000,0.000000,-0.344366
76.579981,1765336591.853339,1765336347,0.316112,0.000333,0.000000,0.000000,0.000000,0.000000,0.000000,-0.344366
76.599899,1765336591.873179,1765336347,0.316112,0.000333,0.000000,0.000000,0.000000,0.000000,0.000000,0.000000
76.619896,1765336591.893177,1765336347,0.316112,0.000333,0.000000,0.000000,0.000000,0.000000,0.000000,-0.344366
76.639946,1765336591.913247,1765336347,0.316112,0.000333,0.000000,0.000000,0.000000,0.000000,0.000000,-0.344366
76.659970,1765336591.933296,1765336347,0.316112,0.000333,0.000000,0.000000,0.000000,0.000000,0.000000,0.000000
76.679998,1765336591.953346,1765336347,0.316112,0.000333,0.000000,0.000000,0.000000,0.000000,0.000000,-0.344366
76.700099,1765336591.973460,1765336347,0.316112,0.000333,0.000000,0.000000,0.000000,0.000000,0.000000,0.000000
76.720058,1765336591.993428,1765336347,0.316112,0.000333,0.000000,0.000000,0.000000,0.000000,0.000000,0.000000
76.740170,1765336592.013571,1765336347,0.316112,0.000333,0.000000,0.000000,0.000000,0.000000,0.000000,0.344366
76.760164,1765336592.033527,1765336347,0.316112,0.000333,0.000000,0.000000,0.000000,0.000000,0.000000,0.344366
76.780119,1765336592.053465,1765336347,0.316112,0.000333,0.000000,0.000000,0.000000,0.000000,0.000000,0.000000
76.800141,1765336592.073477,1765336347,0.316112,0.000333,0.000000,0.000000,0.000000,0.000000,0.000000,-0.344366
76.820067,1765336592.093378,1765336347,0.316112,0.000333,0.000000,0.000000,0.000000,0.000000,0.000000,-0.344366
76.840171,1765336592.113531,1765336347,0.316112,0.000333,0.000000,0.000000,0.000000,0.000000,0.000000,-0.344366
76.860172,1765336592.133518,1765336347,0.316112,0.000333,0.000000,0.000000,0.000000,0.000000,0.000000,0.000000
76.880162,1765336592.153498,1765336347,0.316112,0.000333,0.000000,0.000000,0.000000,0.000000,0.000000,-0.344366
76.900168,1765336592.173504,1765336347,0.316112,0.000333,0.000000,0.000000,0.000000,0.000000,0.000000,0.344366
76.920182,1765336592.193519,1765336347,0.316112,0.000333,0.000000,0.000000,0.000000,0.000000,0.000000,0.344366
76.940179,1765336592.213506,1765336347,0.316112,0.000333,0.000000,0.000000,0.000000,0.000000,0.000000,-0.344366
76.960190,1765336592.233518,1765336347,0.316112,0.000333,0.000000,0.000000,0.000000,0.000000,0.000000,0.000000
76.980199,1765336592.253527,1765336347,0.316112,0.000333,0.000000,0.000000,0.000000,0.000000,0.000000,-0.344366
77.000149,1765336592.273448,1765336347,0.316112,0.000333,0.000000,0.000000,0.000000,0.000000,0.000000,0.000000
77.020130,1765336592.293411,1765336347,0.316112,0.000333,0.000000,0.000000,0.000000,0.000000,0.000000,0.000000
77.040122,1765336592.313404,1765336347,0.316112,0.000333,0.000000,0.000000,0.000000,0.000000,0.000000,0.000000
77.060122,1765336592.333403,1765336347,0.316112,0.000333,0.000000,0.000000,0.000000,0.000000,0.000000,0.000000
77.080123,1765336592.353407,1765336347,0.316112,0.000333,0.000000,0.000000,0.000000,0.000000,0.000000,0.000000
77.100124,1765336592.373403,1765336347,0.316112,0.000333,0.000000,0.000000,0.000000,0.000000,0.000000,0.000000
77.120134,1765336592.393418,1765336347,0.316112,0.000333,0.000000,0.000000,0.000000,0.000000,0.000000,-0.344366
77.140153,1765336592.413446,1765336347,0.316112,0.000333,0.000000,0.000000,0.000000,0.000000,-0.688732,0.344366
77.160174,1765336592.433476,1765336347,0.316112,0.000333,0.000000,0.000000,0.000000,0.000000,0.000000,0.344366
77.180206,1765336592.453522,1765336347,0.316112,0.000333,0.000000,0.000000,0.000000,0.000000,0.000000,0.344366
77.200212,1765336592.473528,1765336347,0.316112,0.000333,0.000000,0.000000,0.000000,0.000000,0.000000,0.000000
77.220230,1765336592.493552,1765336347,0.316112,0.000333,0.000000,0.000000,0.000000,0.000000,0.000000,-0.344366
77.240255,1765336592.513583,1765336347,0.316112,0.000333,0.000000,0.000000,0.000000,0.000000,0.000000,0.344366
77.260265,1765336592.533594,1765336347,0.316112,0.000333,0.000000,0.000000,0.000000,0.000000,0.000000,0.000000
77.280295,1765336592.553624,1765336347,0.316112,0.000333,0.000000,0.000000,0.000000,0.000000,0.000000,0.344366
77.300282,1765336592.573611,1765336347,0.316112,0.000333,0.000000,0.000000,0.000000,0.000000,0.000000,0.344366
77.320292,1765336592.593621,1765336347,0.316112,0.000333,0.000000,0.000000,0.000000,0.000000,0.000000,0.344366
77.340301,1765336592.613629,1765336347,0.316112,0.000333,0.000000,0.000000,0.000000,0.000000,0.000000,0.344366
77.360273,1765336592.633585,1765336347,0.316112,0.000333,0.000000,0.000000,0.000000,0.000000,0.000000,0.000000
77.380221,1765336592.653502,1765336347,0.316112,0.000333,0.000000,0.000000,0.000000,0.000000,0.000000,0.344366
77.400223,1765336592.673503,1765336347,0.316112,0.000333,0.000000,0.000000,0.000000,0.000000,-0.688732,0.000000
77.420221,1765336592.693500,1765336347,0.316112,0.000333,0.000000,0.000000,0.000000,0.000000,0.000000,0.688732
77.440235,1765336592.713519,1765336347,0.316112,0.000333,0.000000,0.000000,0.000000,0.000000,0.000000,0.344366
77.460246,1765336592.733536,1765336347,0.316112,0.000333,0.000000,0.000000,0.000000,0.000000,0.000000,-0.344366
77.480273,1765336592.753577,1765336347,0.316112,0.000333,0.000000,0.000000,0.000000,0.000000,0.000000,-0.344366
77.500331,1765336592.773659,1765336347,0.316112,0.000333,0.000000,0.000000,0.000000,0.000000,0.000000,0.000000
77.520339,1765336592.793667,1765336347,0.316112,0.000333,0.000000,0.000000,0.000000,0.000000,0.000000,0.344366
77.540392,1765336592.813731,1765336347,0.316112,0.000333,0.000000,0.000000,0.000000,0.000000,0.000000,0.344366
77.560360,1765336592.833688,1765336347,0.316112,0.000333,0.000000,0.000000,0.000000,0.000000,0.000000,-0.344366
77.580351,1765336592.853672,1765336347,0.316112,0.000333,0.000000,0.000000,0.000000,0.000000,0.000000,0.344366
77.600344,1765336592.873659,1765336347,0.316112,0.000333,0.000000,0.000000,0.000000,0.000000,0.000000,0.000000
77.620379,1765336592.893708,1765336347,0.316112,0.000333,0.000000,0.000000,0.000000,0.000000,0.000000,-0.344366
77.640354,1765336592.913664,1765336347,0.316112,0.000333,0.000000,0.000000,0.000000,0.000000,0.000000,0.344366
77.660397,1765336592.933717,1765336347,0.316112,0.000333,0.000000,0.000000,0.000000,0.000000,0.000000,0.000000
77.680350,1765336592.953652,1765336347,0.316112,0.000333,0.000000,0.000000,0.000000,0.000000,0.000000,0.000000
77.700404,1765336592.973732,1765336347,0.316112,0.000333,0.000000,0.000000,0.000000,0.000000,0.000000,0.000000
77.720338,1765336592.993631,1765336347,0.316112,0.000333,0.000000,0.000000,0.000000,0.000000,0.000000,-0.344366
77.740430,1765336593.013751,1765336347,0.316112,0.000333,0.000000,0.000000,0.000000,0.000000,0.000000,0.000000
77.760449,1765336593.033785,1765336347,0.316112,0.000333,0.000000,0.000000,0.000000,0.000000,0.000000,-0.344366
77.780432,1765336593.053753,1765336347,0.316112,0.000333,0.000000,0.000000,0.000000,0.000000,0.000000,-0.344366
77.800419,1765336593.073725,1765336347,0.316112,0.000333,0.000000,0.000000,0.000000,0.000000,0.000000,0.344366
77.820433,1765336593.093749,1765336347,0.316112,0.000333,0.000000,0.000000,0.000000,0.000000,-0.344366,0.000000
77.840452,1765336593.113773,1765336347,0.316112,0.000333,0.000000,0.000000,0.000000,0.000000,0.000000,0.000000
77.860529,1765336593.133888,1765336347,0.316112,0.000333,0.000000,0.000000,0.000000,0.000000,0.000000,0.344366
77.880542,1765336593.153901,1765336347,0.316112,0.000333,0.000000,0.000000,0.000000,0.000000,-0.688732,-0.344366
77.900531,1765336593.173877,1765336347,0.316112,0.000333,0.000000,0.000000,0.000000,0.000000,0.000000,0.000000
77.920456,1765336593.193755,1765336347,0.316112,0.000333,0.000000,0.000000,0.000000,0.000000,0.000000,0.344366
77.940421,1765336593.213701,1765336347,0.316112,0.000333,0.000000,0.000000,0.000000,0.000000,0.000000,0.344366
77.960413,1765336593.233689,1765336347,0.316112,0.000333,0.000000,0.000000,0.000000,0.000000,0.000000,-0.344366
77.980416,1765336593.253693,1765336347,0.316112,0.000333,0.000000,0.000000,0.000000,0.000000,0.000000,-0.344366
78.000414,1765336593.273688,1765336347,0.316112,0.000333,0.000000,0.000000,0.000000,0.000000,0.000000,0.000000
78.020427,1765336593.293706,1765336347,0.316112,0.000333,0.000000,0.000000,0.000000,0.000000,0.000000,-0.344366
78.040435,1765336593.313717,1765336347,0.316112,0.000333,0.000000,0.000000,0.000000,0.000000,0.000000,0.344366
78.060439,1765336593.333719,1765336347,0.316112,0.000333,0.000000,0.000000,0.000000,0.000000,0.000000,-0.344366
78.080438,1765336593.353718,1765336347,0.316112,0.000333,0.000000,0.000000,0.000000,0.000000,0.000000,0.000000
78.100441,1765336593.373723,1765336347,0.316112,0.000333,0.000000,0.000000,0.000000,0.000000,0.000000,0.344366
78.120440,1765336593.393720,1765336347,0.316112,0.000333,0.000000,0.000000,0.000000,0.000000,0.000000,0.344366
78.140449,1765336593.413735,1765336347,0.316112,0.000333,0.000000,0.000000,0.000000,0.000000,0.000000,-0.344366
78.160483,1765336593.433783,1765336347,0.316112,0.000333,0.000000,0.000000,0.000000,0.000000,0.000000,0.000000
78.180514,1765336593.453832,1765336347,0.316112,0.000333,0.000000,0.000000,0.000000,0.000000,0.000000,0.344366
78.200550,1765336593.473878,1765336347,0.316112,0.000333,0.000000,0.000000,0.000000,0.000000,0.000000,-0.344366
78.220559,1765336593.493886,1765336347,0.316112,0.000333,0.000000,0.000000,0.000000,0.000000,0.000000,0.344366
78.240569,1765336593.513897,1765336347,0.316112,0.000333,0.000000,0.000000,0.000000,0.000000,0.000000,0.344366
78.260501,1765336593.533798,1765336347,0.316112,0.000333,0.000000,0.000000,0.000000,0.000000,0.000000,0.000000
78.280589,1765336593.553917,1765336347,0.316112,0.000333,0.000000,0.000000,0.000000,0.000000,1.033098,0.000000
78.300584,1765336593.573905,1765336347,0.316112,0.000333,0.000000,0.000000,0.000000,0.000000,0.000000,-0.344366
78.320518,1765336593.593797,1765336347,0.316112,0.000333,0.000000,0.000000,0.000000,0.000000,0.000000,-0.344366
78.340538,1765336593.613831,1765336347,0.316112,0.000333,0.000000,0.000000,0.000000,0.000000,0.000000,-0.344366
78.360516,1765336593.633795,1765336347,0.316112,0.000333,0.000000,0.000000,0.000000,0.000000,0.000000,-0.344366
78.380534,1765336593.653822,1765336347,0.316112,0.000333,0.000000,0.000000,0.000000,0.000000,0.000000,0.344366
78.400563,1765336593.673865,1765336347,0.316112,0.000333,0.000000,0.000000,0.000000,0.000000,0.000000,-0.344366
78.420539,1765336593.693826,1765336347,0.316112,0.000333,0.000000,0.000000,0.000000,0.000000,0.000000,0.344366
78.440575,1765336593.713879,1765336347,0.316112,0.000333,0.000000,0.000000,0.000000,0.000000,0.000000,0.000000
78.460604,1765336593.733919,1765336347,0.316112,0.000333,0.000000,0.000000,0.000000,0.000000,0.000000,0.000000
78.480622,1765336593.753943,1765336347,0.316112,0.000333,0.000000,0.000000,0.000000,0.000000,0.000000,-0.344366
78.500647,1765336593.773974,1765336347,0.316112,0.000333,0.000000,0.000000,0.000000,0.000000,0.000000,0.344366
78.520657,1765336593.793985,1765336347,0.316112,0.000333,0.000000,0.000000,0.000000,0.000000,0.000000,0.344366
78.540719,1765336593.814078,1765336347,0.316112,0.000333,0.000000,0.000000,0.000000,0.000000,0.000000,0.000000
78.560730,1765336593.834090,1765336347,0.316112,0.000333,0.000000,0.000000,0.000000,0.000000,0.000000,-0.344366
78.580620,1765336593.853909,1765336347,0.316112,0.000333,0.000000,0.000000,0.000000,0.000000,0.000000,0.000000
78.600611,1765336593.873899,1765336347,0.316112,0.000333,0.000000,0.000000,0.000000,0.000000,0.000000,0.344366
78.620629,1765336593.893926,1765336347,0.316112,0.000333,0.000000,0.000000,0.000000,0.000000,0.000000,-0.344366
78.640652,1765336593.913952,1765336347,0.316112,0.000333,0.000000,0.000000,0.000000,0.000000,0.000000,0.000000
78.660653,1765336593.933945,1765336347,0.316112,0.000333,0.000000,0.000000,0.000000,0.000000,0.000000,0.344366
78.680647,1765336593.953933,1765336347,0.316112,0.000333,0.000000,0.000000,0.000000,0.000000,0.000000,0.000000
78.700618,1765336593.973893,1765336347,0.316112,0.000333,0.000000,0.000000,0.000000,0.000000,0.000000,0.344366
78.720618,1765336593.993893,1765336347,0.316112,0.000333,0.000000,0.000000,0.000000,0.000000,-0.688732,0.000000
78.740621,1765336594.013898,1765336347,0.316112,0.000333,0.000000,0.000000,0.000000,0.000000,0.000000,0.000000
78.760625,1765336594.033904,1765336347,0.316112,0.000333,0.000000,0.000000,0.000000,0.000000,0.000000,-0.344366
78.780638,1765336594.053920,1765336347,0.316112,0.000333,0.000000,0.000000,0.000000,0.000000,0.000000,-0.344366
78.800633,1765336594.073917,1765336347,0.316112,0.000333,0.000000,0.000000,0.000000,0.000000,0.000000,0.000000
78.820684,1765336594.093988,1765336347,0.316112,0.000333,0.000000,0.000000,0.000000,0.000000,0.000000,-0.344366
78.840802,1765336594.114152,1765336347,0.316112,0.000333,0.000000,0.000000,0.000000,0.000000,0.000000,-0.344366
78.860781,1765336594.134127,1765336347,0.316112,0.000333,0.000000,0.000000,0.000000,0.000000,0.000000,-0.344366
78.880763,1765336594.154092,1765336347,0.316112,0.000333,0.000000,0.000000,0.000000,0.000000,0.000000,0.000000
78.900773,1765336594.174102,1765336347,0.316112,0.000333,0.000000,0.000000,0.000000,0.000000,0.000000,0.344366
78.920797,1765336594.194133,1765336347,0.316112,0.000333,0.000000,0.000000,0.000000,0.000000,0.000000,0.000000
78.940807,1765336594.214143,1765336347,0.316112,0.000333,0.000000,0.000000,0.000000,0.000000,0.000000,-0.344366
78.960714,1765336594.233995,1765336347,0.316112,0.000333,0.000000,0.000000,0.000000,0.000000,0.000000,0.344366
78.980713,1765336594.253991,1765336347,0.316112,0.000333,0.000000,0.000000,0.000000,0.000000,0.000000,0.000000
79.000719,1765336594.274000,1765336347,0.316112,0.000333,0.000000,0.000000,0.000000,0.000000,0.000000,0.000000
79.020717,1765336594.293997,1765336347,0.316112,0.000333,0.000000,0.000000,0.000000,0.000000,0.000000,-0.344366
79.040737,1765336594.314027,1765336347,0.316112,0.000333,0.000000,0.000000,0.000000,0.000000,0.000000,0.000000
79.060759,1765336594.334058,1765336347,0.316112,0.000333,0.000000,0.000000,0.000000,0.000000,0.000000,-0.344366
79.080719,1765336594.353996,1765336347,0.316112,0.000333,0.000000,0.000000,0.000000,0.000000,0.000000,0.000000
79.100753,1765336594.374040,1765336347,0.316112,0.000333,0.000000,0.000000,0.000000,0.000000,0.000000,0.344366
79.120765,1765336594.394060,1765336347,0.316112,0.000333,0.000000,0.000000,0.000000,0.000000,0.000000,0.000000
79.140791,1765336594.414098,1765336347,0.316112,0.000333,0.000000,0.000000,0.000000,0.000000,0.000000,0.000000
79.160814,1765336594.434129,1765336347,0.316112,0.000333,0.000000,0.000000,0.000000,0.000000,0.000000,-0.344366
79.180839,1765336594.454167,1765336347,0.316112,0.000333,0.000000,0.000000,0.000000,0.000000,0.000000,0.344366
79.200859,1765336594.474187,1765336347,0.316112,0.000333,0.000000,0.000000,0.000000,0.000000,0.000000,0.000000
79.220854,1765336594.494175,1765336347,0.316112,0.000333,0.000000,0.000000,0.000000,0.000000,0.000000,0.000000
79.240864,1765336594.514185,1765336347,0.316112,0.000333,0.000000,0.000000,0.000000,0.000000,0.000000,0.344366
79.260887,1765336594.534216,1765336347,0.316112,0.000333,0.000000,0.000000,0.000000,0.000000,0.000000,0.000000
79.280897,1765336594.554226,1765336347,0.316112,0.000333,0.000000,0.000000,0.000000,0.000000,0.000000,0.000000
79.300907,1765336594.574235,1765336347,0.316112,0.000333,0.000000,0.000000,0.000000,0.000000,0.000000,-0.344366
79.320918,1765336594.594246,1765336347,0.316112,0.000333,0.000000,0.000000,0.000000,0.000000,0.000000,0.000000
79.340927,1765336594.614255,1765336347,0.316112,0.000333,0.000000,0.000000,0.000000,0.000000,0.000000,0.000000
79.360965,1765336594.634322,1765336347,0.316112,0.000333,0.000000,0.000000,0.000000,0.000000,0.000000,0.344366
79.380932,1765336594.654252,1765336347,0.316112,0.000333,0.000000,0.000000,0.000000,0.000000,0.000000,0.344366
79.400928,1765336594.674244,1765336347,0.316112,0.000333,0.000000,0.000000,0.000000,0.000000,0.000000,0.344366
79.420928,1765336594.694239,1765336347,0.316112,0.000333,0.000000,0.000000,0.000000,0.000000,0.000000,0.000000
79.440910,1765336594.714210,1765336347,0.316112,0.000333,0.000000,0.000000,0.000000,0.000000,-0.688732,-0.344366
79.460876,1765336594.734155,1765336347,0.316112,0.000333,0.000000,0.000000,0.000000,0.000000,0.000000,0.000000
79.480878,1765336594.754158,1765336347,0.316112,0.000333,0.000000,0.000000,0.000000,0.000000,0.000000,-0.344366
79.500879,1765336594.774157,1765336347,0.316112,0.000333,0.000000,0.000000,0.000000,0.000000,-0.688732,-0.344366
79.520880,1765336594.794158,1765336347,0.316112,0.000333,0.000000,0.000000,0.000000,0.000000,0.000000,0.000000
79.540884,1765336594.814163,1765336347,0.316112,0.000333,0.000000,0.000000,0.000000,0.000000,0.000000,0.000000
79.560886,1765336594.834165,1765336347,0.316112,0.000333,0.000000,0.000000,0.000000,0.000000,0.000000,0.000000
79.580894,1765336594.854178,1765336347,0.316112,0.000333,0.000000,0.000000,0.000000,0.000000,0.000000,-0.344366
79.600914,1765336594.874207,1765336347,0.316112,0.000333,0.000000,0.000000,0.000000,0.000000,0.000000,0.000000
79.620951,1765336594.894257,1765336347,0.316112,0.000333,0.000000,0.000000,0.000000,0.000000,0.000000,-0.344366
79.640903,1765336594.914193,1765336347,0.316112,0.000333,0.000000,0.000000,0.000000,0.000000,0.000000,0.000000
79.660972,1765336594.934310,1765336347,0.316112,0.000333,0.000000,0.000000,0.000000,0.000000,0.000000,0.000000
79.680979,1765336594.954317,1765336347,0.316112,0.000333,0.000000,0.000000,0.000000,0.000000,0.000000,0.000000
79.700998,1765336594.974349,1765336347,0.316112,0.000333,0.000000,0.000000,0.000000,0.000000,0.000000,0.344366
79.721006,1765336594.994360,1765336347,0.316112,0.000333,0.000000,0.000000,0.000000,0.000000,0.000000,-0.344366
79.741037,1765336595.014361,1765336347,0.316112,0.000333,0.000000,0.000000,0.000000,0.000000,0.000000,-0.344366
79.761068,1765336595.034398,1765336347,0.316112,0.000333,0.000000,0.000000,0.000000,0.000000,0.000000,0.000000
79.781059,1765336595.054381,1765336347,0.316112,0.000333,0.000000,0.000000,0.000000,0.000000,0.000000,0.000000
79.801053,1765336595.074369,1765336347,0.316112,0.000333,0.000000,0.000000,0.000000,0.000000,0.000000,0.344366
79.820972,1765336595.094251,1765336347,0.316112,0.000333,0.000000,0.000000,0.000000,0.000000,0.000000,-0.344366
79.841027,1765336595.114330,1765336347,0.316112,0.000333,0.000000,0.000000,0.000000,0.000000,0.000000,-0.344366
79.860988,1765336595.134279,1765336347,0.316112,0.000333,0.000000,0.000000,0.000000,0.000000,0.000000,0.000000
79.881046,1765336595.154345,1765336347,0.316112,0.000333,0.000000,0.000000,0.000000,0.000000,0.000000,-0.344366
79.901064,1765336595.174373,1765336347,0.316112,0.000333,0.000000,0.000000,0.000000,0.000000,0.000000,-0.344366
79.920996,1765336595.194277,1765336347,0.316112,0.000333,0.000000,0.000000,0.000000,0.000000,0.000000,0.000000
79.941044,1765336595.214345,1765336347,0.316112,0.000333,0.000000,0.000000,0.000000,0.000000,0.000000,-0.344366
79.961071,1765336595.234379,1765336347,0.316112,0.000333,0.000000,0.000000,0.000000,0.000000,0.000000,0.000000
79.981085,1765336595.254396,1765336347,0.316112,0.000333,0.000000,0.000000,0.000000,0.000000,0.000000,0.344366
80.001101,1765336595.274417,1765336347,0.316112,0.000333,0.000000,0.000000,0.000000,0.000000,0.000000,0.344366
80.021095,1765336595.294406,1765336347,0.316112,0.000333,0.000000,0.000000,0.000000,0.000000,0.000000,0.344366
80.041108,1765336595.314420,1765336347,0.316112,0.000333,0.000000,0.000000,0.000000,0.000000,0.000000,0.344366
80.061137,1765336595.334458,1765336347,0.316112,0.000333,0.000000,0.000000,0.000000,0.000000,0.000000,0.000000
80.081055,1765336595.354332,1765336347,0.316112,0.000333,0.000000,0.000000,0.000000,0.000000,0.000000,0.000000
80.101081,1765336595.374368,1765336347,0.316112,0.000333,0.000000,0.000000,0.000000,0.000000,0.000000,0.000000
80.121102,1765336595.394399,1765336347,0.316112,0.000333,0.000000,0.000000,0.000000,0.000000,0.000000,-0.344366
80.141141,1765336595.414451,1765336347,0.316112,0.000333,0.000000,0.000000,0.000000,0.000000,0.000000,0.344366
80.161148,1765336595.434464,1765336347,0.316112,0.000333,0.000000,0.000000,0.000000,0.000000,0.000000,0.344366
80.181166,1765336595.454484,1765336347,0.316112,0.000333,0.000000,0.000000,0.000000,0.000000,0.000000,-0.344366
80.201173,1765336595.474494,1765336347,0.316112,0.000333,0.000000,0.000000,0.000000,0.000000,0.000000,0.000000
80.221197,1765336595.494526,1765336347,0.316112,0.000333,0.000000,0.000000,0.000000,0.000000,0.000000,-0.344366
80.241191,1765336595.514512,1765336347,0.316112,0.000333,0.000000,0.000000,0.000000,0.000000,0.000000,0.000000
80.261200,1765336595.534521,1765336347,0.316112,0.000333,0.000000,0.000000,0.000000,0.000000,0.000000,0.344366
80.281224,1765336595.554553,1765336347,0.316112,0.000333,0.000000,0.000000,0.000000,0.000000,0.000000,0.000000
80.301233,1765336595.574562,1765336347,0.316112,0.000333,0.000000,0.000000,0.000000,0.000000,0.000000,0.000000
80.321209,1765336595.594520,1765336347,0.316112,0.000333,0.000000,0.000000,0.000000,0.000000,0.000000,0.000000
80.341147,1765336595.614425,1765336347,0.316112,0.000333,0.000000,0.000000,0.000000,0.000000,0.000000,-0.344366
80.361157,1765336595.634437,1765336347,0.316112,0.000333,0.000000,0.000000,0.000000,0.000000,0.000000,-0.344366
80.381157,1765336595.654436,1765336347,0.316112,0.000333,0.000000,0.000000,0.000000,0.000000,0.000000,0.000000
80.401171,1765336595.674451,1765336347,0.316112,0.000333,0.000000,0.000000,0.000000,0.000000,0.000000,0.000000
80.421151,1765336595.694425,1765336347,0.316112,0.000333,0.000000,0.000000,0.000000,0.000000,0.000000,0.344366
80.441172,1765336595.714457,1765336347,0.316112,0.000333,0.000000,0.000000,0.000000,0.000000,0.000000,0.344366
80.461171,1765336595.734454,1765336347,0.316112,0.000333,0.000000,0.000000,0.000000,0.000000,0.000000,-0.344366
80.481196,1765336595.754483,1765336347,0.316112,0.000333,0.000000,0.000000,0.000000,0.000000,0.000000,-0.344366
80.501214,1765336595.774506,1765336347,0.316112,0.000333,0.000000,0.000000,0.000000,0.000000,0.000000,-0.344366
80.521240,1765336595.794544,1765336347,0.316112,0.000333,0.000000,0.000000,0.000000,0.000000,0.000000,0.000000
80.541267,1765336595.814583,1765336347,0.316112,0.000333,0.000000,0.000000,0.000000,0.000000,0.000000,0.000000
80.561243,1765336595.834564,1765336347,0.316112,0.000333,0.000000,0.000000,0.000000,0.000000,0.000000,-0.344366
80.581501,1765336595.854846,1765336347,0.316112,0.000333,0.000000,0.000000,0.000000,0.000000,0.000000,0.000000
80.601447,1765336595.874768,1765336347,0.316112,0.000333,0.000000,0.000000,0.000000,0.000000,0.000000,-0.344366
80.621471,1765336595.894800,1765336347,0.316112,0.000333,0.000000,0.000000,0.000000,0.000000,-0.344366,-0.344366
80.641465,1765336595.914786,1765336347,0.316112,0.000333,0.000000,0.000000,0.000000,0.000000,0.000000,0.000000
80.661514,1765336595.934846,1765336347,0.316112,0.000333,0.000000,0.000000,0.000000,0.000000,0.000000,-0.344366
80.681552,1765336595.954912,1765336347,0.316112,0.000333,0.000000,0.000000,0.000000,0.000000,0.000000,-0.344366
80.701564,1765336595.974924,1765336347,0.316112,0.000333,0.000000,0.000000,0.000000,0.000000,0.000000,0.000000
80.721555,1765336595.994901,1765336347,0.316112,0.000333,0.000000,0.000000,0.000000,0.000000,0.000000,-0.344366
80.741625,1765336596.014985,1765336347,0.316112,0.000333,0.000000,0.000000,0.000000,0.000000,0.000000,0.000000
80.761597,1765336596.034932,1765336347,0.316112,0.000333,0.000000,0.000000,0.000000,0.000000,0.000000,0.344366
80.781529,1765336596.054824,1765336347,0.316112,0.000333,0.000000,0.000000,0.000000,0.000000,0.000000,-0.344366
80.801598,1765336596.074927,1765336347,0.316112,0.000333,0.000000,0.000000,0.000000,0.000000,0.000000,0.344366
80.821609,1765336596.094937,1765336347,0.316112,0.000333,0.000000,0.000000,0.000000,0.000000,0.000000,0.344366
80.841619,1765336596.114945,1765336347,0.316112,0.000333,0.000000,0.000000,0.000000,0.000000,0.000000,0.000000
80.861628,1765336596.134957,1765336347,0.316112,0.000333,0.000000,0.000000,0.000000,0.000000,0.000000,-0.344366
80.881651,1765336596.154986,1765336347,0.316112,0.000333,0.000000,0.000000,0.000000,0.000000,0.000000,0.000000
80.901678,1765336596.174998,1765336347,0.316112,0.000333,0.000000,0.000000,0.000000,0.000000,0.000000,-0.344366
80.921668,1765336596.195079,1765336347,0.316112,0.000333,0.000000,0.000000,0.000000,0.000000,0.000000,-0.344366
80.941655,1765336596.215043,1765336347,0.316112,0.000333,0.000000,0.000000,0.000000,0.000000,0.000000,0.000000
80.961665,1765336596.234983,1765336347,0.316112,0.000333,0.000000,0.000000,0.000000,0.000000,0.000000,0.344366
80.981783,1765336596.255144,1765336347,0.316112,0.000333,0.000000,0.000000,0.000000,0.000000,0.000000,-0.344366
81.001729,1765336596.275049,1765336347,0.316112,0.000333,0.000000,0.000000,0.000000,0.000000,0.000000,0.344366
81.021753,1765336596.295081,1765336347,0.316112,0.000333,0.000000,0.000000,0.000000,0.000000,0.000000,0.344366
81.041763,1765336596.315091,1765336347,0.316112,0.000333,0.000000,0.000000,0.000000,0.000000,0.000000,-0.344366
81.061801,1765336596.335147,1765336347,0.316112,0.000333,0.000000,0.000000,0.000000,0.000000,0.000000,0.000000
81.081813,1765336596.355188,1765336347,0.316112,0.000333,0.000000,0.000000,0.000000,0.000000,0.000000,-0.344366
81.101694,1765336596.374974,1765336347,0.316112,0.000333,0.000000,0.000000,0.000000,0.000000,0.000000,-0.344366
81.121737,1765336596.395047,1765336347,0.316112,0.000333,0.000000,0.000000,0.000000,0.000000,0.000000,-0.344366
81.141762,1765336596.415086,1765336347,0.316112,0.000333,0.000000,0.000000,0.000000,0.000000,0.000000,-0.344366
81.161722,1765336596.435008,1765336347,0.316112,0.000333,0.000000,0.000000,0.000000,0.000000,-0.344366,-0.344366
81.181770,1765336596.455071,1765336347,0.316112,0.000333,0.000000,0.000000,0.000000,0.000000,0.000000,0.000000
81.201719,1765336596.474999,1765336347,0.316112,0.000333,0.000000,0.000000,0.000000,0.000000,-0.688732,-0.344366
81.221706,1765336596.494980,1765336347,0.316112,0.000333,0.000000,0.000000,0.000000,0.000000,-0.688732,0.344366
81.241709,1765336596.514985,1765336347,0.316112,0.000333,0.000000,0.000000,0.000000,0.000000,0.000000,0.344366
81.261715,1765336596.534996,1765336347,0.316112,0.000333,0.000000,0.000000,0.000000,0.000000,0.000000,0.000000
81.281754,1765336596.555049,1765336347,0.316112,0.000333,0.000000,0.000000,0.000000,0.000000,0.000000,0.344366
81.301775,1765336596.575082,1765336347,0.316112,0.000333,0.000000,0.000000,0.000000,0.000000,0.000000,0.344366
81.321794,1765336596.595106,1765336347,0.316112,0.000333,0.000000,0.000000,0.000000,0.000000,0.000000,0.000000
81.341822,1765336596.615143,1765336347,0.316112,0.000333,0.000000,0.000000,0.000000,0.000000,0.000000,0.344366
81.361830,1765336596.635151,1765336347,0.316112,0.000333,0.000000,0.000000,0.000000,0.000000,0.000000,-0.344366
81.381839,1765336596.655160,1765336347,0.316112,0.000333,0.000000,0.000000,0.000000,0.000000,0.000000,0.344366
81.401848,1765336596.675169,1765336347,0.316112,0.000333,0.000000,0.000000,0.000000,0.000000,0.000000,0.000000
81.421856,1765336596.695176,1765336347,0.316112,0.000333,0.000000,0.000000,0.000000,0.000000,0.000000,0.344366
81.441888,1765336596.715210,1765336347,0.316112,0.000333,0.000000,0.000000,0.000000,0.000000,0.000000,0.344366
81.461873,1765336596.735193,1765336347,0.316112,0.000333,0.000000,0.000000,0.000000,0.000000,0.000000,0.000000
81.481882,1765336596.755202,1765336347,0.316112,0.000333,0.000000,0.000000,0.000000,0.000000,0.000000,0.000000
81.501889,1765336596.775211,1765336347,0.316112,0.000333,0.000000,0.000000,0.000000,0.000000,0.000000,-0.344366
81.521964,1765336596.795357,1765336347,0.316112,0.000333,0.000000,0.000000,0.000000,0.000000,0.000000,0.344366
81.541977,1765336596.815372,1765336347,0.316112,0.000333,0.000000,0.000000,0.000000,0.000000,0.000000,-0.344366
81.561992,1765336596.835375,1765336347,0.316112,0.000333,0.000000,0.000000,0.000000,0.000000,0.000000,0.344366
81.582005,1765336596.855388,1765336347,0.316112,0.000333,0.000000,0.000000,0.000000,0.000000,0.000000,0.344366
81.602034,1765336596.875396,1765336347,0.316112,0.000333,0.000000,0.000000,0.000000,0.000000,0.000000,-0.344366
81.621990,1765336596.895370,1765336347,0.316112,0.000333,0.000000,0.000000,0.000000,0.000000,0.000000,-0.344366
81.641972,1765336596.915317,1765336347,0.316112,0.000333,0.000000,0.000000,0.000000,0.000000,0.000000,-0.344366
81.661980,1765336596.935329,1765336347,0.316112,0.000333,0.000000,0.000000,0.000000,0.000000,0.000000,-0.344366
81.681989,1765336596.955335,1765336347,0.316112,0.000333,0.000000,0.000000,0.000000,0.000000,-0.688732,-0.344366
81.702042,1765336596.975366,1765336347,0.316112,0.000333,0.000000,0.000000,0.000000,0.000000,0.000000,-0.344366
81.721994,1765336596.995333,1765336347,0.316112,0.000333,0.000000,0.000000,0.000000,0.000000,-0.688732,-0.344366
81.742002,1765336597.015341,1765336347,0.316112,0.000333,0.000000,0.000000,0.000000,0.000000,0.000000,0.344366
81.762043,1765336597.035367,1765336347,0.316112,0.000333,0.000000,0.000000,0.000000,0.000000,0.000000,0.000000
81.782033,1765336597.055351,1765336347,0.316112,0.000333,0.000000,0.000000,0.000000,0.000000,0.000000,0.344366
81.802059,1765336597.075382,1765336347,0.316112,0.000333,0.000000,0.000000,0.000000,0.000000,0.000000,-0.344366
81.822069,1765336597.095391,1765336347,0.316112,0.000333,0.000000,0.000000,0.000000,0.000000,0.000000,0.000000
81.842079,1765336597.115401,1765336347,0.316112,0.000333,0.000000,0.000000,0.000000,0.000000,0.000000,-0.344366
81.862070,1765336597.135386,1765336347,0.316112,0.000333,0.000000,0.000000,0.000000,0.000000,0.000000,0.344366
81.882090,1765336597.155411,1765336347,0.316112,0.000333,0.000000,0.000000,0.000000,0.000000,0.000000,-0.344366
81.902099,1765336597.175421,1765336347,0.316112,0.000333,0.000000,0.000000,0.000000,0.000000,0.000000,-0.344366
81.922126,1765336597.195454,1765336347,0.316112,0.000333,0.000000,0.000000,0.000000,0.000000,0.000000,0.000000
81.942137,1765336597.215464,1765336347,0.316112,0.000333,0.000000,0.000000,0.000000,0.000000,0.000000,0.000000
81.962156,1765336597.235480,1765336347,0.316112,0.000333,0.000000,0.000000,0.000000,0.000000,0.000000,-0.344366
81.982066,1765336597.255352,1765336347,0.316112,0.000333,0.000000,0.000000,0.000000,0.000000,0.000000,-0.344366
82.002061,1765336597.275345,1765336347,0.316112,0.000333,0.000000,0.000000,0.000000,0.000000,0.000000,0.000000
82.022067,1765336597.295347,1765336347,0.316112,0.000333,0.000000,0.000000,0.000000,0.000000,0.000000,-0.344366
82.042231,1765336597.315535,1765336347,0.316112,0.000333,0.000000,0.000000,0.000000,0.000000,0.000000,0.000000
82.062301,1765336597.335636,1765336347,0.316112,0.000333,0.000000,0.000000,0.000000,0.000000,0.000000,0.000000
82.082195,1765336597.355472,1765336347,0.316112,0.000333,0.000000,0.000000,0.000000,0.000000,0.000000,-0.344366
82.102223,1765336597.375511,1765336347,0.316112,0.000333,0.000000,0.000000,0.000000,0.000000,0.000000,-0.344366
82.122311,1765336597.395622,1765336347,0.316112,0.000333,0.000000,0.000000,0.000000,0.000000,0.000000,-0.344366
82.142339,1765336597.415659,1765336347,0.316112,0.000333,0.000000,0.000000,0.000000,0.000000,-0.688732,0.344366
82.162362,1765336597.435691,1765336347,0.316112,0.000333,0.000000,0.000000,0.000000,0.000000,0.000000,0.344366
82.182372,1765336597.455701,1765336347,0.316112,0.000333,0.000000,0.000000,0.000000,0.000000,0.000000,0.344366
82.202296,1765336597.475588,1765336347,0.316112,0.000333,0.000000,0.000000,0.000000,0.000000,0.000000,0.344366
82.222347,1765336597.495649,1765336347,0.316112,0.000333,0.000000,0.000000,0.000000,0.000000,0.000000,-0.344366
82.242340,1765336597.515644,1765336347,0.316112,0.000333,0.000000,0.000000,0.000000,0.000000,0.000000,0.000000
82.262334,1765336597.535628,1765336347,0.316112,0.000333,0.000000,0.000000,0.000000,0.000000,0.000000,0.344366
82.282329,1765336597.555622,1765336347,0.316112,0.000333,0.000000,0.000000,0.000000,0.000000,0.000000,0.000000
82.302381,1765336597.575696,1765336347,0.316112,0.000333,0.000000,0.000000,0.000000,0.000000,0.000000,0.000000
82.322322,1765336597.595608,1765336347,0.316112,0.000333,0.000000,0.000000,0.000000,0.000000,0.000000,0.344366
82.342394,1765336597.615709,1765336347,0.316112,0.000333,0.000000,0.000000,0.000000,0.000000,0.000000,0.000000
82.362400,1765336597.635715,1765336347,0.316112,0.000333,0.000000,0.000000,0.000000,0.000000,0.000000,0.000000
82.382418,1765336597.655739,1765336347,0.316112,0.000333,0.000000,0.000000,0.000000,0.000000,0.000000,-0.344366
82.402399,1765336597.675706,1765336347,0.316112,0.000333,0.000000,0.000000,0.000000,0.000000,0.000000,0.000000
82.422389,1765336597.695688,1765336347,0.316112,0.000333,0.000000,0.000000,0.000000,0.000000,0.000000,0.000000
82.442387,1765336597.715683,1765336347,0.316112,0.000333,0.000000,0.000000,0.000000,0.000000,0.000000,0.000000
82.462399,1765336597.735698,1765336347,0.316112,0.000333,0.000000,0.000000,0.000000,0.000000,0.000000,0.344366
82.482443,1765336597.755755,1765336347,0.316112,0.000333,0.000000,0.000000,0.000000,0.000000,0.000000,-0.344366
82.502453,1765336597.775775,1765336347,0.316112,0.000333,0.000000,0.000000,0.000000,0.000000,0.000000,-0.344366
82.522469,1765336597.795798,1765336347,0.316112,0.000333,0.000000,0.000000,0.000000,0.000000,0.000000,-0.344366
82.542469,1765336597.815790,1765336347,0.316112,0.000333,0.000000,0.000000,0.000000,0.000000,0.000000,0.000000
82.562547,1765336597.835907,1765336347,0.316112,0.000333,0.000000,0.000000,0.000000,0.000000,0.000000,-0.344366
82.582560,1765336597.855919,1765336347,0.316112,0.000333,0.000000,0.000000,0.000000,0.000000,0.000000,-0.344366
82.602429,1765336597.875715,1765336347,0.316112,0.000333,0.000000,0.000000,0.000000,0.000000,0.000000,-0.344366
82.622489,1765336597.895799,1765336347,0.316112,0.000333,0.000000,0.000000,0.000000,0.000000,0.000000,-0.344366
82.642497,1765336597.915808,1765336347,0.316112,0.000333,0.000000,0.000000,0.000000,0.000000,0.000000,-0.344366
82.662485,1765336597.935789,1765336347,0.316112,0.000333,0.000000,0.000000,0.000000,0.000000,0.000000,-0.344366
82.682501,1765336597.955807,1765336347,0.316112,0.000333,0.000000,0.000000,0.000000,0.000000,0.000000,0.344366
82.702459,1765336597.975748,1765336347,0.316112,0.000333,0.000000,0.000000,0.000000,0.000000,0.000000,0.344366
82.722488,1765336597.995783,1765336347,0.316112,0.000333,0.000000,0.000000,0.000000,0.000000,-0.688732,0.344366
82.742509,1765336598.015807,1765336347,0.316112,0.000333,0.000000,0.000000,0.000000,0.000000,0.000000,0.000000
82.762508,1765336598.035810,1765336347,0.316112,0.000333,0.000000,0.000000,0.000000,0.000000,0.000000,0.000000
82.782499,1765336598.055794,1765336347,0.316112,0.000333,0.000000,0.000000,0.000000,0.000000,0.000000,0.344366
82.802536,1765336598.075847,1765336347,0.316112,0.000333,0.000000,0.000000,0.000000,0.000000,0.000000,0.344366
82.822562,1765336598.095884,1765336347,0.316112,0.000333,0.000000,0.000000,0.000000,0.000000,0.000000,0.000000
82.842570,1765336598.115891,1765336347,0.316112,0.000333,0.000000,0.000000,0.000000,0.000000,0.000000,0.000000
82.862555,1765336598.135866,1765336347,0.316112,0.000333,0.000000,0.000000,0.000000,0.000000,0.000000,0.344366
82.882581,1765336598.155902,1765336347,0.316112,0.000333,0.000000,0.000000,0.000000,0.000000,0.000000,0.000000
82.902590,1765336598.175910,1765336347,0.316112,0.000333,0.000000,0.000000,0.000000,0.000000,0.000000,-0.344366
82.922612,1765336598.195940,1765336347,0.316112,0.000333,0.000000,0.000000,0.000000,0.000000,0.000000,-0.344366
82.942621,1765336598.215949,1765336347,0.316112,0.000333,0.000000,0.000000,0.000000,0.000000,0.000000,-0.344366
82.962630,1765336598.235958,1765336347,0.316112,0.000333,0.000000,0.000000,0.000000,0.000000,0.000000,-0.344366
82.982639,1765336598.255967,1765336347,0.316112,0.000333,0.000000,0.000000,0.000000,0.000000,0.000000,0.000000
83.002669,1765336598.275998,1765336347,0.316112,0.000333,0.000000,0.000000,0.000000,0.000000,0.000000,0.344366
83.022583,1765336598.295883,1765336347,0.316112,0.000333,0.000000,0.000000,0.000000,0.000000,0.000000,0.000000
83.042566,1765336598.315847,1765336347,0.316112,0.000333,0.000000,0.000000,0.000000,0.000000,0.000000,0.000000
83.062572,1765336598.335860,1765336347,0.316112,0.000333,0.000000,0.000000,0.000000,0.000000,0.000000,0.000000
83.082679,1765336598.355956,1765336347,0.316112,0.000333,0.000000,0.000000,0.000000,0.000000,0.000000,-0.344366
83.102684,1765336598.375965,1765336347,0.316112,0.000333,0.000000,0.000000,0.000000,0.000000,0.000000,-0.344366
83.122696,1765336598.395981,1765336347,0.316112,0.000333,0.000000,0.000000,0.000000,0.000000,0.000000,-0.344366
83.142698,1765336598.415985,1765336347,0.316112,0.000333,0.000000,0.000000,0.000000,0.000000,0.000000,0.000000
83.162699,1765336598.435983,1765336347,0.316112,0.000333,0.000000,0.000000,0.000000,0.000000,0.000000,0.000000
83.182706,1765336598.455994,1765336347,0.316112,0.000333,0.000000,0.000000,0.000000,0.000000,0.000000,-0.344366
83.202711,1765336598.476000,1765336347,0.316112,0.000333,0.000000,0.000000,0.000000,0.000000,0.000000,-0.344366
83.222717,1765336598.496008,1765336347,0.316112,0.000333,0.000000,0.000000,0.000000,0.000000,0.000000,0.344366
83.242725,1765336598.516015,1765336347,0.316112,0.000333,0.000000,0.000000,0.000000,0.000000,0.000000,0.000000
83.262733,1765336598.536020,1765336347,0.316112,0.000333,0.000000,0.000000,0.000000,0.000000,-0.688732,-0.344366
83.282727,1765336598.556014,1765336347,0.316112,0.000333,0.000000,0.000000,0.000000,0.000000,0.000000,0.000000
83.302729,1765336598.576013,1765336347,0.316112,0.000333,0.000000,0.000000,0.000000,0.000000,-0.344366,-0.344366
83.322732,1765336598.596015,1765336347,0.316112,0.000333,0.000000,0.000000,0.000000,0.000000,0.000000,0.000000
83.342737,1765336598.616023,1765336347,0.316112,0.000333,0.000000,0.000000,0.000000,0.000000,0.000000,0.000000
83.362756,1765336598.636050,1765336347,0.316112,0.000333,0.000000,0.000000,0.000000,0.000000,0.000000,0.000000
83.382764,1765336598.656061,1765336347,0.316112,0.000333,0.000000,0.000000,0.000000,0.000000,0.000000,-0.344366
83.402794,1765336598.676095,1765336347,0.316112,0.000333,0.000000,0.000000,0.000000,0.000000,0.000000,0.000000
83.422804,1765336598.696110,1765336347,0.316112,0.000333,0.000000,0.000000,0.000000,0.000000,0.000000,-0.344366
83.442810,1765336598.716115,1765336347,0.316112,0.000333,0.000000,0.000000,0.000000,0.000000,0.000000,0.344366
83.462830,1765336598.736136,1765336347,0.316112,0.000333,0.000000,0.000000,0.000000,0.000000,0.000000,0.344366
83.483620,1765336598.757017,1765336347,0.316112,0.000333,0.000000,0.000000,0.000000,0.000000,0.000000,0.000000
83.503561,1765336598.776902,1765336347,0.316112,0.000333,0.000000,0.000000,0.000000,0.000000,0.000000,0.000000
83.523484,1765336598.796771,1765336347,0.316112,0.000333,0.000000,0.000000,0.000000,0.000000,0.000000,0.344366
83.543482,1765336598.816765,1765336347,0.316112,0.000333,0.000000,0.000000,0.000000,0.000000,0.000000,0.344366
83.563473,1765336598.836755,1765336347,0.316112,0.000333,0.000000,0.000000,0.000000,0.000000,0.000000,0.344366
83.583489,1765336598.856776,1765336347,0.316112,0.000333,0.000000,0.000000,0.000000,0.000000,0.000000,0.000000
83.603518,1765336598.876819,1765336347,0.316112,0.000333,0.000000,0.000000,0.000000,0.000000,0.000000,-0.344366
83.623561,1765336598.896887,1765336347,0.316112,0.000333,0.000000,0.000000,0.000000,0.000000,0.000000,0.000000
83.643535,1765336598.916842,1765336347,0.316112,0.000333,0.000000,0.000000,0.000000,0.000000,-0.688732,-0.344366
83.663530,1765336598.936829,1765336347,0.316112,0.000333,0.000000,0.000000,0.000000,0.000000,0.000000,-0.344366
83.683551,1765336598.956861,1765336347,0.316112,0.000333,0.000000,0.000000,0.000000,0.000000,0.000000,0.000000
83.703534,1765336598.976830,1765336347,0.316112,0.000333,0.000000,0.000000,0.000000,0.000000,0.000000,0.000000
83.723517,1765336598.996809,1765336347,0.316112,0.000333,0.000000,0.000000,0.000000,0.000000,0.000000,-0.344366
83.743637,1765336599.016982,1765336347,0.316112,0.000333,0.000000,0.000000,0.000000,0.000000,-0.688732,0.000000
83.763654,1765336599.037012,1765336347,0.316112,0.000333,0.000000,0.000000,0.000000,0.000000,0.000000,0.344366
83.783730,1765336599.057106,1765336347,0.316112,0.000333,0.000000,0.000000,0.000000,0.000000,0.000000,0.000000
83.803681,1765336599.077039,1765336347,0.316112,0.000333,0.000000,0.000000,0.000000,0.000000,0.000000,-0.344366
83.823577,1765336599.096868,1765336347,0.316112,0.000333,0.000000,0.000000,0.000000,0.000000,0.000000,0.000000
83.843557,1765336599.116835,1765336347,0.316112,0.000333,0.000000,0.000000,0.000000,0.000000,0.000000,-0.344366
83.863560,1765336599.136839,1765336347,0.316112,0.000333,0.000000,0.000000,0.000000,0.000000,0.000000,0.344366
83.883562,1765336599.156841,1765336347,0.316112,0.000333,0.000000,0.000000,0.000000,0.000000,0.000000,0.000000
83.903563,1765336599.176842,1765336347,0.316112,0.000333,0.000000,0.000000,0.000000,0.000000,0.000000,-0.344366
83.923563,1765336599.196842,1765336347,0.316112,0.000333,0.000000,0.000000,0.000000,0.000000,0.000000,0.344366
83.943593,1765336599.216887,1765336347,0.316112,0.000333,0.000000,0.000000,0.000000,0.000000,0.000000,-0.344366
83.963616,1765336599.236920,1765336347,0.316112,0.000333,0.000000,0.000000,0.000000,0.000000,0.000000,-1.033098
83.983643,1765336599.256959,1765336347,0.316112,0.000333,0.000000,0.000000,0.000000,0.000000,0.000000,-0.344366
84.003616,1765336599.276913,1765336347,0.316112,0.000333,0.000000,0.000000,0.000000,0.000000,0.000000,0.000000
84.023629,1765336599.296928,1765336347,0.316112,0.000333,0.000000,0.000000,0.000000,0.000000,0.000000,-0.344366
84.043637,1765336599.316933,1765336347,0.316112,0.000333,0.000000,0.000000,0.000000,0.000000,0.000000,0.000000
84.063708,1765336599.337045,1765336347,0.316112,0.000333,0.000000,0.000000,0.000000,0.000000,0.000000,-0.344366
84.083793,1765336599.357193,1765336347,0.316112,0.000333,0.000000,0.000000,0.000000,0.000000,0.000000,0.000000
84.103645,1765336599.376946,1765336347,0.316112,0.000333,0.000000,0.000000,0.000000,0.000000,0.000000,0.344366
84.123696,1765336599.397019,1765336347,0.316112,0.000333,0.000000,0.000000,0.000000,0.000000,0.000000,-0.344366
84.143729,1765336599.417064,1765336347,0.316112,0.000333,0.000000,0.000000,0.000000,0.000000,0.000000,0.000000
84.163751,1765336599.437098,1765336347,0.316112,0.000333,0.000000,0.000000,0.000000,0.000000,0.000000,0.344366
84.183761,1765336599.457109,1765336347,0.316112,0.000333,0.000000,0.000000,0.000000,0.000000,0.000000,-0.344366
84.203762,1765336599.477108,1765336347,0.316112,0.000333,0.000000,0.000000,0.000000,0.000000,0.000000,0.344366
84.223778,1765336599.497128,1765336347,0.316112,0.000333,0.000000,0.000000,0.000000,0.000000,0.000000,0.000000
84.243785,1765336599.517136,1765336347,0.316112,0.000333,0.000000,0.000000,0.000000,0.000000,0.000000,0.344366
84.263789,1765336599.537136,1765336347,0.316112,0.000333,0.000000,0.000000,0.000000,0.000000,0.000000,0.344366
84.283764,1765336599.557083,1765336347,0.316112,0.000333,0.000000,0.000000,0.000000,0.000000,0.000000,0.000000
84.303917,1765336599.577278,1765336347,0.316112,0.000333,0.000000,0.000000,0.000000,0.000000,0.000000,-0.344366
84.323781,1765336599.597077,1765336347,0.316112,0.000333,0.000000,0.000000,0.000000,0.000000,0.000000,0.344366
84.343766,1765336599.617052,1765336347,0.316112,0.000333,0.000000,0.000000,0.000000,0.000000,0.000000,0.344366
84.363764,1765336599.637049,1765336347,0.316112,0.000333,0.000000,0.000000,0.000000,0.000000,0.000000,0.344366
84.383780,1765336599.657068,1765336347,0.316112,0.000333,0.000000,0.000000,0.000000,0.000000,0.000000,-0.344366
84.403802,1765336599.677101,1765336347,0.316112,0.000333,0.000000,0.000000,0.000000,0.000000,0.000000,0.344366
84.423829,1765336599.697140,1765336347,0.316112,0.000333,0.000000,0.000000,0.000000,0.000000,0.000000,-0.344366
84.443856,1765336599.717177,1765336347,0.316112,0.000333,0.000000,0.000000,0.000000,0.000000,0.000000,0.344366
84.463864,1765336599.737186,1765336347,0.316112,0.000333,0.000000,0.000000,0.000000,0.000000,0.000000,0.000000
84.483861,1765336599.757176,1765336347,0.316112,0.000333,0.000000,0.000000,0.000000,0.000000,0.000000,-0.344366
84.503851,1765336599.777158,1765336347,0.316112,0.000333,0.000000,0.000000,0.000000,0.000000,0.000000,0.344366
84.523795,1765336599.797072,1765336347,0.316112,0.000333,0.000000,0.000000,0.000000,0.000000,0.000000,0.000000
84.543798,1765336599.817076,1765336347,0.316112,0.000333,0.000000,0.000000,0.000000,0.000000,0.000000,0.000000
84.563804,1765336599.837079,1765336347,0.316112,0.000333,0.000000,0.000000,0.000000,0.000000,0.000000,0.344366
84.583806,1765336599.857085,1765336347,0.316112,0.000333,0.000000,0.000000,0.000000,0.000000,0.000000,0.344366
84.603816,1765336599.877095,1765336347,0.316112,0.000333,0.000000,0.000000,0.000000,0.000000,0.000000,0.000000
84.623817,1765336599.897095,1765336347,0.316112,0.000333,0.000000,0.000000,0.000000,0.000000,0.000000,0.000000
84.643825,1765336599.917107,1765336347,0.316112,0.000333,0.000000,0.000000,0.000000,0.000000,0.000000,0.344366
84.663812,1765336599.937088,1765336347,0.316112,0.000333,0.000000,0.000000,0.000000,0.000000,0.000000,0.344366
84.683842,1765336599.957134,1765336347,0.316112,0.000333,0.000000,0.000000,0.000000,0.000000,0.000000,0.000000
84.703850,1765336599.977142,1765336347,0.316112,0.000333,0.000000,0.000000,0.000000,0.000000,0.000000,0.000000
84.723856,1765336599.997151,1765336347,0.316112,0.000333,0.000000,0.000000,0.000000,0.000000,0.000000,0.000000
84.743840,1765336600.017129,1765336347,0.316112,0.000333,0.000000,0.000000,0.000000,0.000000,0.000000,-0.344366
84.763870,1765336600.037166,1765336347,0.316112,0.000333,0.000000,0.000000,0.000000,0.000000,0.000000,-0.344366
84.784002,1765336600.057647,1765336347,0.316112,0.000333,0.000000,0.000000,0.000000,0.000000,0.000000,-0.344366
84.803982,1765336600.077367,1765336347,0.316112,0.000333,0.000000,0.000000,0.000000,0.000000,0.000000,-0.344366
84.824074,1765336600.097439,1765336347,0.316112,0.000333,0.000000,0.000000,0.000000,0.000000,0.000000,-0.344366
84.844004,1765336600.117375,1765336347,0.316112,0.000333,0.000000,0.000000,0.000000,0.000000,-0.344366,0.000000
84.864001,1765336600.137371,1765336347,0.316112,0.000333,0.000000,0.000000,0.000000,0.000000,0.000000,-0.344366
84.883999,1765336600.157358,1765336347,0.316112,0.000333,0.000000,0.000000,0.000000,0.000000,0.000000,0.000000
84.904008,1765336600.177367,1765336347,0.316112,0.000333,0.000000,0.000000,0.000000,0.000000,0.000000,-0.344366
84.923940,1765336600.197238,1765336347,0.316112,0.000333,0.000000,0.000000,0.000000,0.000000,0.000000,0.344366
84.944055,1765336600.217387,1765336347,0.316112,0.000333,0.000000,0.000000,0.000000,0.000000,0.000000,-0.344366
84.964044,1765336600.237368,1765336347,0.316112,0.000333,0.000000,0.000000,0.000000,0.000000,0.000000,-0.344366
84.984055,1765336600.257379,1765336347,0.316112,0.000333,0.000000,0.000000,0.000000,0.000000,0.000000,-0.344366
85.004063,1765336600.277385,1765336347,0.316112,0.000333,0.000000,0.000000,0.000000,0.000000,0.000000,0.344366
85.024091,1765336600.297420,1765336347,0.316112,0.000333,0.000000,0.000000,0.000000,0.000000,0.000000,0.000000
85.044101,1765336600.317431,1765336347,0.316112,0.000333,0.000000,0.000000,0.000000,0.000000,0.000000,0.344366
85.064164,1765336600.337524,1765336347,0.316112,0.000333,0.000000,0.000000,0.000000,0.000000,0.000000,0.344366
85.084313,1765336600.357725,1765336347,0.316112,0.000333,0.000000,0.000000,0.000000,0.000000,0.000000,0.000000
85.104453,1765336600.377751,1765336347,0.316112,0.000333,0.000000,0.000000,0.000000,0.000000,0.000000,0.344366
85.124426,1765336600.397721,1765336347,0.316112,0.000333,0.000000,0.000000,0.000000,0.000000,0.000000,0.344366
85.144428,1765336600.417713,1765336347,0.316112,0.000333,0.000000,0.000000,0.000000,0.000000,0.000000,0.000000
85.164439,1765336600.437728,1765336347,0.316112,0.000333,0.000000,0.000000,0.000000,0.000000,0.000000,0.344366
85.184563,1765336600.457903,1765336347,0.316112,0.000333,0.000000,0.000000,0.000000,0.000000,0.000000,0.000000
85.204597,1765336600.477957,1765336347,0.316112,0.000333,0.000000,0.000000,0.000000,0.000000,0.000000,0.000000
85.224571,1765336600.497906,1765336347,0.316112,0.000333,0.000000,0.000000,0.000000,0.000000,0.000000,0.000000
85.244582,1765336600.517918,1765336347,0.316112,0.000333,0.000000,0.000000,0.000000,0.000000,0.000000,-0.344366
85.264593,1765336600.537926,1765336347,0.316112,0.000333,0.000000,0.000000,0.000000,0.000000,0.000000,-0.344366
85.284502,1765336600.557783,1765336347,0.316112,0.000333,0.000000,0.000000,0.000000,0.000000,0.000000,-0.344366
85.304506,1765336600.577792,1765336347,0.316112,0.000333,0.000000,0.000000,0.000000,0.000000,0.000000,0.344366
85.324525,1765336600.597819,1765336347,0.316112,0.000333,0.000000,0.000000,0.000000,0.000000,0.000000,-0.344366
85.344499,1765336600.617774,1765336347,0.316112,0.000333,0.000000,0.000000,0.000000,0.000000,0.000000,0.000000
85.364504,1765336600.637783,1765336347,0.316112,0.000333,0.000000,0.000000,0.000000,0.000000,0.000000,-1.033098
85.384509,1765336600.657789,1765336347,0.316112,0.000333,0.000000,0.000000,0.000000,0.000000,-0.688732,-0.344366
85.404508,1765336600.677788,1765336347,0.316112,0.000333,0.000000,0.000000,0.000000,0.000000,0.000000,0.344366
85.424510,1765336600.697790,1765336347,0.316112,0.000333,0.000000,0.000000,0.000000,0.000000,0.000000,0.000000
85.444523,1765336600.717809,1765336347,0.316112,0.000333,0.000000,0.000000,0.000000,0.000000,0.000000,0.000000
85.464510,1765336600.737789,1765336347,0.316112,0.000333,0.000000,0.000000,0.000000,0.000000,0.000000,0.000000
85.484528,1765336600.757813,1765336347,0.316112,0.000333,0.000000,0.000000,0.000000,0.000000,0.000000,0.344366
85.504567,1765336600.777871,1765336347,0.316112,0.000333,0.000000,0.000000,0.000000,0.000000,0.000000,0.000000
85.524650,1765336600.797995,1765336347,0.316112,0.000333,0.000000,0.000000,0.000000,0.000000,0.000000,0.344366
85.544567,1765336600.817872,1765336347,0.316112,0.000333,0.000000,0.000000,0.000000,0.000000,0.000000,0.344366
85.564578,1765336600.837877,1765336347,0.316112,0.000333,0.000000,0.000000,0.000000,0.000000,0.000000,0.000000
85.584589,1765336600.857891,1765336347,0.316112,0.000333,0.000000,0.000000,0.000000,0.000000,0.000000,-0.344366
85.604654,1765336600.877977,1765336347,0.316112,0.000333,0.000000,0.000000,0.000000,0.000000,0.000000,0.344366
85.624563,1765336600.897849,1765336347,0.316112,0.000333,0.000000,0.000000,0.000000,0.000000,0.000000,0.344366
85.644548,1765336600.917822,1765336347,0.316112,0.000333,0.000000,0.000000,0.000000,0.000000,0.000000,0.344366
85.664561,1765336600.937840,1765336347,0.316112,0.000333,0.000000,0.000000,0.000000,0.000000,0.000000,0.344366
85.684564,1765336600.957849,1765336347,0.316112,0.000333,0.000000,0.000000,0.000000,0.000000,0.000000,0.000000
85.704559,1765336600.977834,1765336347,0.316112,0.000333,0.000000,0.000000,0.000000,0.000000,0.000000,-0.344366
85.724566,1765336600.997844,1765336347,0.316112,0.000333,0.000000,0.000000,0.000000,0.000000,0.000000,-0.344366
85.744569,1765336601.017848,1765336347,0.316112,0.000333,0.000000,0.000000,0.000000,0.000000,0.000000,-0.344366
85.764581,1765336601.037861,1765336347,0.316112,0.000333,0.000000,0.000000,0.000000,0.000000,0.000000,-0.344366
85.784583,1765336601.057862,1765336347,0.316112,0.000333,0.000000,0.000000,0.000000,0.000000,0.000000,0.000000
85.804607,1765336601.077899,1765336347,0.316112,0.000333,0.000000,0.000000,0.000000,0.000000,0.000000,0.000000
85.824623,1765336601.097921,1765336347,0.316112,0.000333,0.000000,0.000000,0.000000,0.000000,0.000000,0.000000
85.844633,1765336601.117934,1765336347,0.316112,0.000333,0.000000,0.000000,0.000000,0.000000,0.000000,0.344366
85.864658,1765336601.137959,1765336347,0.316112,0.000333,0.000000,0.000000,0.000000,0.000000,0.000000,-0.344366
85.884636,1765336601.157933,1765336347,0.316112,0.000333,0.000000,0.000000,0.000000,0.000000,0.000000,0.344366
85.904654,1765336601.177958,1765336347,0.316112,0.000333,0.000000,0.000000,0.000000,0.000000,0.000000,0.000000
85.924683,1765336601.197998,1765336347,0.316112,0.000333,0.000000,0.000000,0.000000,0.000000,0.000000,0.344366
85.944688,1765336601.218004,1765336347,0.316112,0.000333,0.000000,0.000000,0.000000,0.000000,0.000000,-0.344366
85.964698,1765336601.238013,1765336347,0.316112,0.000333,0.000000,0.000000,0.000000,0.000000,0.000000,0.344366
85.984704,1765336601.258020,1765336347,0.316112,0.000333,0.000000,0.000000,0.000000,0.000000,0.000000,0.344366
86.004712,1765336601.278028,1765336347,0.316112,0.000333,0.000000,0.000000,0.000000,0.000000,0.000000,0.000000
86.024663,1765336601.297959,1765336347,0.316112,0.000333,0.000000,0.000000,0.000000,0.000000,0.000000,0.000000
86.044727,1765336601.318042,1765336347,0.316112,0.000333,0.000000,0.000000,0.000000,0.000000,0.000000,0.000000
86.064734,1765336601.338049,1765336347,0.316112,0.000333,0.000000,0.000000,0.000000,0.000000,0.000000,-0.344366
86.084729,1765336601.358068,1765336347,0.316112,0.000333,0.000000,0.000000,0.000000,0.000000,0.000000,-0.344366
86.104681,1765336601.377964,1765336347,0.316112,0.000333,0.000000,0.000000,0.000000,0.000000,0.000000,-0.344366
86.124705,1765336601.397995,1765336347,0.316112,0.000333,0.000000,0.000000,0.000000,0.000000,0.000000,-0.344366
86.144715,1765336601.418012,1765336347,0.316112,0.000333,0.000000,0.000000,0.000000,0.000000,0.000000,0.344366
86.164740,1765336601.438047,1765336347,0.316112,0.000333,0.000000,0.000000,0.000000,0.000000,0.000000,0.000000
86.184754,1765336601.458066,1765336347,0.316112,0.000333,0.000000,0.000000,0.000000,0.000000,0.000000,0.344366
86.204753,1765336601.478060,1765336347,0.316112,0.000333,0.000000,0.000000,0.000000,0.000000,0.000000,-0.344366
86.224752,1765336601.498056,1765336347,0.316112,0.000333,0.000000,0.000000,0.000000,0.000000,0.000000,0.344366
86.244710,1765336601.517989,1765336347,0.316112,0.000333,0.000000,0.000000,0.000000,0.000000,0.000000,-0.344366
86.264734,1765336601.538026,1765336347,0.316112,0.000333,0.000000,0.000000,0.000000,0.000000,0.000000,-0.344366
86.284751,1765336601.558048,1765336347,0.316112,0.000333,0.000000,0.000000,0.000000,0.000000,0.000000,0.000000
86.304758,1765336601.578056,1765336347,0.316112,0.000333,0.000000,0.000000,0.000000,0.000000,0.000000,0.000000
86.324772,1765336601.598076,1765336347,0.316112,0.000333,0.000000,0.000000,0.000000,0.000000,0.000000,-0.344366
86.344777,1765336601.618082,1765336347,0.316112,0.000333,0.000000,0.000000,0.000000,0.000000,0.000000,0.000000
86.364783,1765336601.638088,1765336347,0.316112,0.000333,0.000000,0.000000,0.000000,0.000000,0.000000,-0.344366
86.384810,1765336601.658120,1765336347,0.316112,0.000333,0.000000,0.000000,0.000000,0.000000,0.000000,0.000000
86.404800,1765336601.678108,1765336347,0.316112,0.000333,0.000000,0.000000,0.000000,0.000000,0.000000,-0.344366
86.424807,1765336601.698114,1765336347,0.316112,0.000333,0.000000,0.000000,0.000000,0.000000,0.000000,0.344366
86.444811,1765336601.718119,1765336347,0.316112,0.000333,0.000000,0.000000,0.000000,0.000000,0.000000,-0.344366
86.464792,1765336601.738086,1765336347,0.316112,0.000333,0.000000,0.000000,0.000000,0.000000,0.000000,-0.344366
86.484816,1765336601.758121,1765336347,0.316112,0.000333,0.000000,0.000000,0.000000,0.000000,0.000000,-0.344366
86.504845,1765336601.778162,1765336347,0.316112,0.000333,0.000000,0.000000,0.000000,0.000000,0.000000,0.344366
86.524853,1765336601.798170,1765336347,0.316112,0.000333,0.000000,0.000000,0.000000,0.000000,0.000000,0.344366
86.544851,1765336601.818162,1765336347,0.316112,0.000333,0.000000,0.000000,0.000000,0.000000,0.000000,-0.344366
86.564857,1765336601.838169,1765336347,0.316112,0.000333,0.000000,0.000000,0.000000,0.000000,0.000000,-0.344366
86.584864,1765336601.858175,1765336347,0.316112,0.000333,0.000000,0.000000,0.000000,0.000000,0.000000,-0.344366
86.604879,1765336601.878196,1765336347,0.316112,0.000333,0.000000,0.000000,0.000000,0.000000,0.000000,-0.344366
86.624876,1765336601.898187,1765336347,0.316112,0.000333,0.000000,0.000000,0.000000,0.000000,0.000000,0.000000
86.644900,1765336601.918213,1765336347,0.316112,0.000333,0.000000,0.000000,0.000000,0.000000,0.000000,0.000000
86.664891,1765336601.938202,1765336347,0.316112,0.000333,0.000000,0.000000,0.000000,0.000000,0.000000,0.000000
86.684897,1765336601.958208,1765336347,0.316112,0.000333,0.000000,0.000000,0.000000,0.000000,0.000000,-0.344366
86.704905,1765336601.978216,1765336347,0.316112,0.000333,0.000000,0.000000,0.000000,0.000000,0.000000,-0.344366
86.724920,1765336601.998236,1765336347,0.316112,0.000333,0.000000,0.000000,0.000000,0.000000,0.000000,-0.344366
86.744904,1765336602.018208,1765336347,0.316112,0.000333,0.000000,0.000000,0.000000,0.000000,-0.688732,0.000000
86.764870,1765336602.038153,1765336347,0.316112,0.000333,0.000000,0.000000,0.000000,0.000000,0.000000,0.344366
86.784853,1765336602.058136,1765336347,0.316112,0.000333,0.000000,0.000000,0.000000,0.000000,0.000000,0.000000
86.804876,1765336602.078163,1765336347,0.316112,0.000333,0.000000,0.000000,0.000000,0.000000,0.000000,0.344366
86.824866,1765336602.098149,1765336347,0.316112,0.000333,0.000000,0.000000,0.000000,0.000000,0.000000,0.000000
86.844871,1765336602.118154,1765336347,0.316112,0.000333,0.000000,0.000000,0.000000,0.000000,0.000000,0.000000
86.864873,1765336602.138157,1765336347,0.316112,0.000333,0.000000,0.000000,0.000000,0.000000,0.000000,-0.344366
86.884921,1765336602.158239,1765336347,0.316112,0.000333,0.000000,0.000000,0.000000,0.000000,0.000000,-0.344366
86.905063,1765336602.178421,1765336347,0.316112,0.000333,0.000000,0.000000,0.000000,0.000000,0.000000,0.344366
86.924900,1765336602.198196,1765336347,0.316112,0.000333,0.000000,0.000000,0.000000,0.000000,0.000000,0.000000
86.944940,1765336602.218244,1765336347,0.316112,0.000333,0.000000,0.000000,0.000000,0.000000,0.000000,0.344366
86.964969,1765336602.238304,1765336347,0.316112,0.000333,0.000000,0.000000,0.000000,0.000000,0.000000,0.344366
86.984975,1765336602.258304,1765336347,0.316112,0.000333,0.000000,0.000000,0.000000,0.000000,0.000000,-0.344366
87.004959,1765336602.278263,1765336347,0.316112,0.000333,0.000000,0.000000,0.000000,0.000000,0.000000,-0.344366
87.024988,1765336602.298330,1765336347,0.316112,0.000333,0.000000,0.000000,0.000000,0.000000,0.000000,0.344366
87.045006,1765336602.318357,1765336347,0.316112,0.000333,0.000000,0.000000,0.000000,0.000000,0.000000,0.000000
87.064961,1765336602.338266,1765336347,0.316112,0.000333,0.000000,0.000000,0.000000,0.000000,0.000000,0.000000
87.085079,1765336602.358428,1765336347,0.316112,0.000333,0.000000,0.000000,0.000000,0.000000,0.000000,0.000000
87.104970,1765336602.378257,1765336347,0.316112,0.000333,0.000000,0.000000,0.000000,0.000000,0.000000,-0.344366
87.124956,1765336602.398242,1765336347,0.316112,0.000333,0.000000,0.000000,0.000000,0.000000,0.000000,-0.344366
87.144965,1765336602.418255,1765336347,0.316112,0.000333,0.000000,0.000000,0.000000,0.000000,-0.688732,0.344366
87.164970,1765336602.438254,1765336347,0.316112,0.000333,0.000000,0.000000,0.000000,0.000000,0.000000,0.344366
87.184966,1765336602.458252,1765336347,0.316112,0.000333,0.000000,0.000000,0.000000,0.000000,-0.688732,-0.344366
87.205005,1765336602.478312,1765336347,0.316112,0.000333,0.000000,0.000000,0.000000,0.000000,0.000000,0.000000
87.224993,1765336602.498292,1765336347,0.316112,0.000333,0.000000,0.000000,0.000000,0.000000,0.000000,0.000000
87.244998,1765336602.518299,1765336347,0.316112,0.000333,0.000000,0.000000,0.000000,0.000000,0.000000,0.000000
87.264984,1765336602.538273,1765336347,0.316112,0.000333,0.000000,0.000000,0.000000,0.000000,0.000000,0.344366
87.284978,1765336602.558259,1765336347,0.316112,0.000333,0.000000,0.000000,0.000000,0.000000,0.000000,-0.344366
87.304974,1765336602.578249,1765336347,0.316112,0.000333,0.000000,0.000000,0.000000,0.000000,0.000000,-0.344366
87.324987,1765336602.598266,1765336347,0.316112,0.000333,0.000000,0.000000,0.000000,0.000000,-0.344366,-0.344366
87.345016,1765336602.618309,1765336347,0.316112,0.000333,0.000000,0.000000,0.000000,0.000000,0.000000,0.000000
87.364994,1765336602.638287,1765336347,0.316112,0.000333,0.000000,0.000000,0.000000,0.000000,0.000000,-0.344366
87.385080,1765336602.658392,1765336347,0.316112,0.000333,0.000000,0.000000,0.000000,0.000000,0.000000,0.000000
87.405093,1765336602.678408,1765336347,0.316112,0.000333,0.000000,0.000000,0.000000,0.000000,0.000000,0.000000
87.425136,1765336602.698460,1765336347,0.316112,0.000333,0.000000,0.000000,0.000000,0.000000,0.000000,0.344366
87.445044,1765336602.718342,1765336347,0.316112,0.000333,0.000000,0.000000,0.000000,0.000000,0.000000,-0.344366
87.465053,1765336602.738353,1765336347,0.316112,0.000333,0.000000,0.000000,0.000000,0.000000,0.000000,0.000000
87.485105,1765336602.758412,1765336347,0.316112,0.000333,0.000000,0.000000,0.000000,0.000000,0.000000,0.000000
87.505100,1765336602.778401,1765336347,0.316112,0.000333,0.000000,0.000000,0.000000,0.000000,0.000000,-0.344366
87.525125,1765336602.798436,1765336347,0.316112,0.000333,0.000000,0.000000,0.000000,0.000000,0.000000,0.000000
87.545094,1765336602.818398,1765336347,0.316112,0.000333,0.000000,0.000000,0.000000,0.000000,0.000000,-0.344366
87.565117,1765336602.838419,1765336347,0.316112,0.000333,0.000000,0.000000,0.000000,0.000000,0.000000,-0.344366
87.585092,1765336602.858387,1765336347,0.316112,0.000333,0.000000,0.000000,0.000000,0.000000,0.000000,0.000000
87.605102,1765336602.878398,1765336347,0.316112,0.000333,0.000000,0.000000,0.000000,0.000000,0.000000,-0.344366
87.625120,1765336602.898422,1765336347,0.316112,0.000333,0.000000,0.000000,0.000000,0.000000,0.000000,-0.344366
87.645094,1765336602.918376,1765336347,0.316112,0.000333,0.000000,0.000000,0.000000,0.000000,0.000000,-0.344366
87.665112,1765336602.938543,1765336347,0.316112,0.000333,0.000000,0.000000,0.000000,0.000000,0.000000,0.344366
87.685264,1765336602.958613,1765336347,0.316112,0.000333,0.000000,0.000000,0.000000,0.000000,0.000000,-0.344366
87.705169,1765336602.978489,1765336347,0.316112,0.000333,0.000000,0.000000,0.000000,0.000000,0.000000,-0.344366
87.725240,1765336602.998576,1765336347,0.316112,0.000333,0.000000,0.000000,0.000000,0.000000,0.000000,0.344366
87.745248,1765336603.018581,1765336347,0.316112,0.000333,0.000000,0.000000,0.000000,0.000000,0.000000,-0.344366
87.765247,1765336603.038575,1765336347,0.316112,0.000333,0.000000,0.000000,0.000000,0.000000,-0.344366,0.000000
87.785205,1765336603.058527,1765336347,0.316112,0.000333,0.000000,0.000000,0.000000,0.000000,0.000000,0.344366
87.805259,1765336603.078611,1765336347,0.316112,0.000333,0.000000,0.000000,0.000000,0.000000,0.000000,-0.344366
87.825221,1765336603.098533,1765336347,0.316112,0.000333,0.000000,0.000000,0.000000,0.000000,0.000000,0.344366
87.845185,1765336603.118461,1765336347,0.316112,0.000333,0.000000,0.000000,0.000000,0.000000,0.000000,0.344366
87.865193,1765336603.138472,1765336347,0.316112,0.000333,0.000000,0.000000,0.000000,0.000000,0.000000,0.000000
87.885192,1765336603.158470,1765336347,0.316112,0.000333,0.000000,0.000000,0.000000,0.000000,0.000000,-0.344366
87.905203,1765336603.178485,1765336347,0.316112,0.000333,0.000000,0.000000,0.000000,0.000000,0.000000,0.000000
87.925229,1765336603.198524,1765336347,0.316112,0.000333,0.000000,0.000000,0.000000,0.000000,0.000000,0.344366
87.945209,1765336603.218489,1765336347,0.316112,0.000333,0.000000,0.000000,0.000000,0.000000,0.000000,0.344366
87.965228,1765336603.238517,1765336347,0.316112,0.000333,0.000000,0.000000,0.000000,0.000000,0.000000,-0.344366
87.985214,1765336603.258502,1765336347,0.316112,0.000333,0.000000,0.000000,0.000000,0.000000,0.000000,0.344366
88.005278,1765336603.278577,1765336347,0.316112,0.000333,0.000000,0.000000,0.000000,0.000000,0.000000,-0.344366
88.025310,1765336603.298626,1765336347,0.316112,0.000333,0.000000,0.000000,0.000000,0.000000,0.000000,0.000000
88.045330,1765336603.318651,1765336347,0.316112,0.000333,0.000000,0.000000,0.000000,0.000000,0.000000,0.344366
88.065366,1765336603.338702,1765336347,0.316112,0.000333,0.000000,0.000000,0.000000,0.000000,0.000000,-0.344366
88.085422,1765336603.358790,1765336347,0.316112,0.000333,0.000000,0.000000,0.000000,0.000000,0.000000,-0.344366
88.105266,1765336603.378541,1765336347,0.316112,0.000333,0.000000,0.000000,0.000000,0.000000,0.000000,-0.344366
88.125267,1765336603.398541,1765336347,0.316112,0.000333,0.000000,0.000000,0.000000,0.000000,0.000000,-1.033098
88.145287,1765336603.418570,1765336347,0.316112,0.000333,0.000000,0.000000,0.000000,0.000000,0.000000,0.000000
88.165283,1765336603.438566,1765336347,0.316112,0.000333,0.000000,0.000000,0.000000,0.000000,0.000000,-0.344366
88.185328,1765336603.458629,1765336347,0.316112,0.000333,0.000000,0.000000,0.000000,0.000000,0.000000,0.000000
88.205358,1765336603.478667,1765336347,0.316112,0.000333,0.000000,0.000000,0.000000,0.000000,0.000000,0.344366
88.225378,1765336603.498699,1765336347,0.316112,0.000333,0.000000,0.000000,0.000000,0.000000,0.000000,0.344366
88.245382,1765336603.518729,1765336347,0.316112,0.000333,0.000000,0.000000,0.000000,0.000000,0.000000,0.000000
88.265337,1765336603.538632,1765336347,0.316112,0.000333,0.000000,0.000000,0.000000,0.000000,0.000000,-0.344366
88.285412,1765336603.558740,1765336347,0.316112,0.000333,0.000000,0.000000,0.000000,0.000000,0.000000,-0.344366
88.305422,1765336603.578751,1765336347,0.316112,0.000333,0.000000,0.000000,0.000000,0.000000,0.000000,-0.344366
88.325460,1765336603.598805,1765336347,0.316112,0.000333,0.000000,0.000000,0.000000,0.000000,0.000000,0.000000
88.345382,1765336603.618694,1765336347,0.316112,0.000333,0.000000,0.000000,0.000000,0.000000,0.000000,-0.344366
88.365503,1765336603.638863,1765336347,0.316112,0.000333,0.000000,0.000000,0.000000,0.000000,0.000000,-0.344366
88.385508,1765336603.658853,1765336347,0.316112,0.000333,0.000000,0.000000,0.000000,0.000000,0.000000,-0.344366
88.405486,1765336603.678821,1765336347,0.316112,0.000333,0.000000,0.000000,0.000000,0.000000,0.000000,0.000000
88.425551,1765336603.698910,1765336347,0.316112,0.000333,0.000000,0.000000,0.000000,0.000000,0.000000,0.000000
88.445560,1765336603.718920,1765336347,0.316112,0.000333,0.000000,0.000000,0.000000,0.000000,0.000000,-0.344366
88.465610,1765336603.738974,1765336347,0.316112,0.000333,0.000000,0.000000,0.000000,0.000000,0.000000,-0.344366
88.485563,1765336603.758909,1765336347,0.316112,0.000333,0.000000,0.000000,0.000000,0.000000,0.000000,0.000000
88.505557,1765336603.778890,1765336347,0.316112,0.000333,0.000000,0.000000,0.000000,0.000000,0.000000,0.344366
88.525489,1765336603.798786,1765336347,0.316112,0.000333,0.000000,0.000000,0.000000,0.000000,0.000000,0.344366
88.545503,1765336603.818805,1765336347,0.316112,0.000333,0.000000,0.000000,0.000000,0.000000,0.000000,-0.344366
88.565526,1765336603.838836,1765336347,0.316112,0.000333,0.000000,0.000000,0.000000,0.000000,0.000000,-0.344366
88.585567,1765336603.858895,1765336347,0.316112,0.000333,0.000000,0.000000,0.000000,0.000000,0.000000,-0.344366
88.605630,1765336603.878989,1765336347,0.316112,0.000333,0.000000,0.000000,0.000000,0.000000,0.000000,-0.344366
88.625643,1765336603.898998,1765336347,0.316112,0.000333,0.000000,0.000000,0.000000,0.000000,0.000000,0.000000
88.645595,1765336603.918904,1765336347,0.316112,0.000333,0.000000,0.000000,0.000000,0.000000,0.000000,-0.344366
88.665528,1765336603.938807,1765336347,0.316112,0.000333,0.000000,0.000000,0.000000,0.000000,0.000000,0.344366
88.685571,1765336603.958873,1765336347,0.316112,0.000333,0.000000,0.000000,0.000000,0.000000,0.000000,0.344366
88.705561,1765336603.978854,1765336347,0.316112,0.000333,0.000000,0.000000,0.000000,0.000000,0.000000,-0.344366
88.725552,1765336603.998837,1765336347,0.316112,0.000333,0.000000,0.000000,0.000000,0.000000,0.000000,-0.344366
88.745531,1765336604.018806,1765336347,0.316112,0.000333,0.000000,0.000000,0.000000,0.000000,0.000000,-0.344366
88.765537,1765336604.038814,1765336347,0.316112,0.000333,0.000000,0.000000,0.000000,0.000000,0.000000,0.344366
88.785540,1765336604.058816,1765336347,0.316112,0.000333,0.000000,0.000000,0.000000,0.000000,0.000000,-0.344366
88.805538,1765336604.078812,1765336347,0.316112,0.000333,0.000000,0.000000,0.000000,0.000000,0.000000,0.000000
88.825542,1765336604.098819,1765336347,0.316112,0.000333,0.000000,0.000000,0.000000,0.000000,0.000000,0.344366
88.845551,1765336604.118832,1765336347,0.316112,0.000333,0.000000,0.000000,0.000000,0.000000,0.000000,-0.344366
88.865583,1765336604.138874,1765336347,0.316112,0.000333,0.000000,0.000000,0.000000,0.000000,0.000000,0.000000
88.885609,1765336604.158914,1765336347,0.316112,0.000333,0.000000,0.000000,0.000000,0.000000,-0.688732,-0.344366
88.905636,1765336604.178950,1765336347,0.316112,0.000333,0.000000,0.000000,0.000000,0.000000,0.000000,-1.033098
88.925620,1765336604.198927,1765336347,0.316112,0.000333,0.000000,0.000000,0.000000,0.000000,0.000000,0.000000
88.945648,1765336604.218963,1765336347,0.316112,0.000333,0.000000,0.000000,0.000000,0.000000,0.000000,-0.344366
88.965695,1765336604.239047,1765336347,0.316112,0.000333,0.000000,0.000000,0.000000,0.000000,0.000000,-0.344366
88.985730,1765336604.259061,1765336347,0.316112,0.000333,0.000000,0.000000,0.000000,0.000000,0.000000,0.000000
89.005703,1765336604.279032,1765336347,0.316112,0.000333,0.000000,0.000000,0.000000,0.000000,0.000000,-0.344366
89.025764,1765336604.299125,1765336347,0.316112,0.000333,0.000000,0.000000,0.000000,0.000000,0.000000,-0.344366
89.045776,1765336604.319135,1765336347,0.316112,0.000333,0.000000,0.000000,0.000000,0.000000,0.000000,0.000000
89.065789,1765336604.339149,1765336347,0.316112,0.000333,0.000000,0.000000,0.000000,0.000000,0.000000,0.000000
89.085732,1765336604.359080,1765336347,0.316112,0.000333,0.000000,0.000000,0.000000,0.000000,0.000000,0.344366
89.106071,1765336604.379353,1765336347,0.316112,0.000333,0.000000,0.000000,0.000000,0.000000,0.000000,0.344366
89.126102,1765336604.399395,1765336347,0.316112,0.000333,0.000000,0.000000,0.000000,0.000000,0.000000,-0.344366
89.146128,1765336604.419432,1765336347,0.316112,0.000333,0.000000,0.000000,0.000000,0.000000,0.000000,0.000000
89.166158,1765336604.439473,1765336347,0.316112,0.000333,0.000000,0.000000,0.000000,0.000000,0.000000,-0.344366
89.186175,1765336604.459496,1765336347,0.316112,0.000333,0.000000,0.000000,0.000000,0.000000,0.000000,-0.344366
89.206175,1765336604.479491,1765336347,0.316112,0.000333,0.000000,0.000000,0.000000,0.000000,0.000000,0.000000
89.226113,1765336604.499393,1765336347,0.316112,0.000333,0.000000,0.000000,0.000000,0.000000,0.000000,-0.344366
89.246127,1765336604.519409,1765336347,0.316112,0.000333,0.000000,0.000000,0.000000,0.000000,0.000000,0.344366
89.266123,1765336604.539406,1765336347,0.316112,0.000333,0.000000,0.000000,0.000000,0.000000,0.000000,0.000000
89.286108,1765336604.559383,1765336347,0.316112,0.000333,0.000000,0.000000,0.000000,0.000000,0.000000,0.000000
89.306121,1765336604.579401,1765336347,0.316112,0.000333,0.000000,0.000000,0.000000,0.000000,-0.688732,-0.344366
89.326118,1765336604.599397,1765336347,0.316112,0.000333,0.000000,0.000000,0.000000,0.000000,0.000000,-0.344366
89.346124,1765336604.619404,1765336347,0.316112,0.000333,0.000000,0.000000,0.000000,0.000000,0.000000,-0.344366
89.366134,1765336604.639418,1765336347,0.316112,0.000333,0.000000,0.000000,0.000000,0.000000,0.000000,0.344366
89.386154,1765336604.659448,1765336347,0.316112,0.000333,0.000000,0.000000,0.000000,0.000000,0.000000,-0.344366
89.406177,1765336604.679481,1765336347,0.316112,0.000333,0.000000,0.000000,0.000000,0.000000,-0.688732,0.000000
89.426197,1765336604.699508,1765336347,0.316112,0.000333,0.000000,0.000000,0.000000,0.000000,0.000000,0.344366
89.446224,1765336604.719545,1765336347,0.316112,0.000333,0.000000,0.000000,0.000000,0.000000,0.000000,0.000000
89.466186,1765336604.739490,1765336347,0.316112,0.000333,0.000000,0.000000,0.000000,0.000000,0.000000,0.000000
89.486229,1765336604.759544,1765336347,0.316112,0.000333,0.000000,0.000000,0.000000,0.000000,0.000000,-0.344366
89.506288,1765336604.779619,1765336347,0.316112,0.000333,0.000000,0.000000,0.000000,0.000000,0.000000,-0.344366
89.526258,1765336604.799578,1765336347,0.316112,0.000333,0.000000,0.000000,0.000000,0.000000,0.000000,-0.344366
89.546256,1765336604.819571,1765336347,0.316112,0.000333,0.000000,0.000000,0.000000,0.000000,0.000000,-0.344366
89.566276,1765336604.839597,1765336347,0.316112,0.000333,0.000000,0.000000,0.000000,0.000000,-0.688732,-0.344366
89.586284,1765336604.859607,1765336347,0.316112,0.000333,0.000000,0.000000,0.000000,0.000000,0.000000,0.000000
89.606308,1765336604.879637,1765336347,0.316112,0.000333,0.000000,0.000000,0.000000,0.000000,0.000000,-0.344366
89.626317,1765336604.899646,1765336347,0.316112,0.000333,0.000000,0.000000,0.000000,0.000000,0.000000,0.000000
89.646326,1765336604.919654,1765336347,0.316112,0.000333,0.000000,0.000000,0.000000,0.000000,0.000000,-0.344366
89.666387,1765336604.939747,1765336347,0.316112,0.000333,0.000000,0.000000,0.000000,0.000000,0.000000,0.344366
89.686398,1765336604.959758,1765336347,0.316112,0.000333,0.000000,0.000000,0.000000,0.000000,0.000000,0.344366
89.706389,1765336604.979735,1765336347,0.316112,0.000333,0.000000,0.000000,0.000000,0.000000,0.000000,0.000000
89.726423,1765336604.999782,1765336347,0.316112,0.000333,0.000000,0.000000,0.000000,0.000000,0.000000,0.344366
89.746436,1765336605.019795,1765336347,0.316112,0.000333,0.000000,0.000000,0.000000,0.000000,0.000000,0.000000
89.766458,1765336605.039808,1765336347,0.316112,0.000333,0.000000,0.000000,0.000000,0.000000,0.000000,0.344366
89.786408,1765336605.059735,1765336347,0.316112,0.000333,0.000000,0.000000,0.000000,0.000000,0.000000,-0.344366
89.806417,1765336605.079746,1765336347,0.316112,0.000333,0.000000,0.000000,0.000000,0.000000,-0.688732,0.344366
89.826478,1765336605.099837,1765336347,0.316112,0.000333,0.000000,0.000000,0.000000,0.000000,0.000000,-0.344366
89.846468,1765336605.119814,1765336347,0.316112,0.000333,0.000000,0.000000,0.000000,0.000000,0.000000,0.344366
89.866464,1765336605.139800,1765336347,0.316112,0.000333,0.000000,0.000000,0.000000,0.000000,0.000000,-0.344366
89.886463,1765336605.159791,1765336347,0.316112,0.000333,0.000000,0.000000,0.000000,0.000000,0.000000,0.000000
89.906454,1765336605.179775,1765336347,0.316112,0.000333,0.000000,0.000000,0.000000,0.000000,0.000000,0.000000
89.926532,1765336605.199893,1765336347,0.316112,0.000333,0.000000,0.000000,0.000000,0.000000,0.000000,-0.344366
89.946545,1765336605.219903,1765336347,0.316112,0.000333,0.000000,0.000000,0.000000,0.000000,0.000000,-0.344366
89.966535,1765336605.239881,1765336347,0.316112,0.000333,0.000000,0.000000,0.000000,0.000000,0.000000,0.000000
89.986565,1765336605.259900,1765336347,0.316112,0.000333,0.000000,0.000000,0.000000,0.000000,0.000000,-0.344366
90.006546,1765336605.279868,1765336347,0.316112,0.000333,0.000000,0.000000,0.000000,0.000000,0.000000,0.000000
90.026594,1765336605.299925,1765336347,0.316112,0.000333,0.000000,0.000000,0.000000,0.000000,0.000000,0.344366
90.046567,1765336605.319888,1765336347,0.316112,0.000333,0.000000,0.000000,0.000000,0.000000,0.000000,0.000000
90.066591,1765336605.339919,1765336347,0.316112,0.000333,0.000000,0.000000,0.000000,0.000000,0.000000,0.000000
90.086499,1765336605.359776,1765336347,0.316112,0.000333,0.000000,0.000000,0.000000,0.000000,0.000000,0.344366
90.106535,1765336605.379827,1765336347,0.316112,0.000333,0.000000,0.000000,0.000000,0.000000,0.000000,-0.344366
90.126547,1765336605.399844,1765336347,0.316112,0.000333,0.000000,0.000000,0.000000,0.000000,0.000000,0.000000
90.146627,1765336605.419963,1765336347,0.316112,0.000333,0.000000,0.000000,0.000000,0.000000,0.000000,0.344366
90.166623,1765336605.439951,1765336347,0.316112,0.000333,0.000000,0.000000,0.000000,0.000000,0.000000,-0.344366
90.186633,1765336605.459962,1765336347,0.316112,0.000333,0.000000,0.000000,0.000000,0.000000,0.000000,0.344366
90.206643,1765336605.479972,1765336347,0.316112,0.000333,0.000000,0.000000,0.000000,0.000000,0.000000,-0.344366
90.226662,1765336605.499991,1765336347,0.316112,0.000333,0.000000,0.000000,0.000000,0.000000,0.000000,0.344366
90.246681,1765336605.520032,1765336347,0.316112,0.000333,0.000000,0.000000,0.000000,0.000000,0.000000,0.000000
90.266590,1765336605.539873,1765336347,0.316112,0.000333,0.000000,0.000000,0.000000,0.000000,0.000000,0.344366
90.286594,1765336605.559873,1765336347,0.316112,0.000333,0.000000,0.000000,0.000000,0.000000,0.000000,0.000000
90.306592,1765336605.579873,1765336347,0.316112,0.000333,0.000000,0.000000,0.000000,0.000000,0.000000,0.344366
90.326610,1765336605.599900,1765336347,0.316112,0.000333,0.000000,0.000000,0.000000,0.000000,0.000000,0.000000
90.346622,1765336605.619915,1765336347,0.316112,0.000333,0.000000,0.000000,0.000000,0.000000,0.000000,-0.344366
90.366640,1765336605.639942,1765336347,0.316112,0.000333,0.000000,0.000000,0.000000,0.000000,0.000000,0.344366
90.386663,1765336605.659974,1765336347,0.316112,0.000333,0.000000,0.000000,0.000000,0.000000,0.000000,0.000000
90.406691,1765336605.680012,1765336347,0.316112,0.000333,0.000000,0.000000,0.000000,0.000000,0.000000,-0.344366
90.426699,1765336605.700020,1765336347,0.316112,0.000333,0.000000,0.000000,0.000000,0.000000,0.000000,0.000000
90.446724,1765336605.720052,1765336347,0.316112,0.000333,0.000000,0.000000,0.000000,0.000000,0.000000,-0.344366
90.466707,1765336605.740023,1765336347,0.316112,0.000333,0.000000,0.000000,0.000000,0.000000,0.000000,0.000000
90.486727,1765336605.760048,1765336347,0.316112,0.000333,0.000000,0.000000,0.000000,0.000000,0.000000,0.344366
90.506693,1765336605.779972,1765336347,0.316112,0.000333,0.000000,0.000000,0.000000,0.000000,0.000000,-0.344366
90.526675,1765336605.799960,1765336347,0.316112,0.000333,0.000000,0.000000,0.000000,0.000000,0.000000,-0.344366
90.546663,1765336605.819938,1765336347,0.316112,0.000333,0.000000,0.000000,0.000000,0.000000,0.000000,-0.344366
90.566671,1765336605.839951,1765336347,0.316112,0.000333,0.000000,0.000000,0.000000,0.000000,0.000000,-0.344366
90.586668,1765336605.859951,1765336347,0.316112,0.000333,0.000000,0.000000,0.000000,0.000000,0.000000,0.344366
90.606679,1765336605.879965,1765336347,0.316112,0.000333,0.000000,0.000000,0.000000,0.000000,0.000000,-0.344366
90.626686,1765336605.899976,1765336347,0.316112,0.000333,0.000000,0.000000,0.000000,0.000000,0.000000,0.344366
90.646718,1765336605.920012,1765336347,0.316112,0.000333,0.000000,0.000000,0.000000,0.000000,-0.688732,0.344366
90.666704,1765336605.939981,1765336347,0.316112,0.000333,0.000000,0.000000,0.000000,0.000000,0.000000,0.000000
90.686796,1765336605.960118,1765336347,0.316112,0.000333,0.000000,0.000000,0.000000,0.000000,0.000000,0.344366
90.706818,1765336605.980139,1765336347,0.316112,0.000333,0.000000,0.000000,0.000000,0.000000,0.000000,0.000000
90.726831,1765336606.000160,1765336347,0.316112,0.000333,0.000000,0.000000,0.000000,0.000000,0.000000,-0.344366
90.746825,1765336606.020147,1765336347,0.316112,0.000333,0.000000,0.000000,0.000000,0.000000,0.000000,-0.344366
90.766848,1765336606.040176,1765336347,0.316112,0.000333,0.000000,0.000000,0.000000,0.000000,0.000000,-0.344366
90.786859,1765336606.060187,1765336347,0.316112,0.000333,0.000000,0.000000,0.000000,0.000000,0.000000,-0.344366
90.806851,1765336606.080164,1765336347,0.316112,0.000333,0.000000,0.000000,0.000000,0.000000,0.000000,-0.344366
90.826842,1765336606.100152,1765336347,0.316112,0.000333,0.000000,0.000000,0.000000,0.000000,0.000000,-0.344366
90.846858,1765336606.120173,1765336347,0.316112,0.000333,0.000000,0.000000,0.000000,0.000000,0.000000,0.000000
90.866878,1765336606.140199,1765336347,0.316112,0.000333,0.000000,0.000000,0.000000,0.000000,0.000000,0.000000
90.886886,1765336606.160208,1765336347,0.316112,0.000333,0.000000,0.000000,0.000000,0.000000,0.000000,-0.344366
90.906921,1765336606.180257,1765336347,0.316112,0.000333,0.000000,0.000000,0.000000,0.000000,0.000000,0.000000
90.926972,1765336606.200374,1765336347,0.316112,0.000333,0.000000,0.000000,0.000000,0.000000,0.000000,0.000000
90.946961,1765336606.220344,1765336347,0.316112,0.000333,0.000000,0.000000,0.000000,0.000000,0.000000,-0.344366
90.966954,1765336606.240318,1765336347,0.316112,0.000333,0.000000,0.000000,0.000000,0.000000,0.000000,0.000000
90.986964,1765336606.260331,1765336347,0.316112,0.000333,0.000000,0.000000,0.000000,0.000000,0.000000,0.344366
91.006972,1765336606.280340,1765336347,0.316112,0.000333,0.000000,0.000000,0.000000,0.000000,0.000000,-0.344366
91.026983,1765336606.300351,1765336347,0.316112,0.000333,0.000000,0.000000,0.000000,0.000000,0.000000,0.344366
91.047063,1765336606.320426,1765336347,0.316112,0.000333,0.000000,0.000000,0.000000,0.000000,0.000000,-0.344366
91.067082,1765336606.340431,1765336347,0.316112,0.000333,0.000000,0.000000,0.000000,0.000000,0.000000,0.344366
91.086964,1765336606.360315,1765336347,0.316112,0.000333,0.000000,0.000000,0.000000,0.000000,1.033098,-0.344366
91.106926,1765336606.380210,1765336347,0.316112,0.000333,0.000000,0.000000,0.000000,0.000000,0.000000,0.000000
91.126940,1765336606.400232,1765336347,0.316112,0.000333,0.000000,0.000000,0.000000,0.000000,0.000000,-0.344366
91.146963,1765336606.420265,1765336347,0.316112,0.000333,0.000000,0.000000,0.000000,0.000000,0.000000,-0.344366
91.166987,1765336606.440318,1765336347,0.316112,0.000333,0.000000,0.000000,0.000000,0.000000,0.000000,0.344366
91.187002,1765336606.460340,1765336347,0.316112,0.000333,0.000000,0.000000,0.000000,0.000000,0.000000,0.000000
91.207046,1765336606.480368,1765336347,0.316112,0.000333,0.000000,0.000000,0.000000,0.000000,0.000000,0.000000
91.227049,1765336606.500371,1765336347,0.316112,0.000333,0.000000,0.000000,0.000000,0.000000,0.000000,0.000000
91.247010,1765336606.520331,1765336347,0.316112,0.000333,0.000000,0.000000,0.000000,0.000000,0.000000,0.344366
91.266973,1765336606.540259,1765336347,0.316112,0.000333,0.000000,0.000000,0.000000,0.000000,0.000000,-0.344366
91.287006,1765336606.560321,1765336347,0.316112,0.000333,0.000000,0.000000,0.000000,0.000000,0.000000,0.000000
91.307047,1765336606.580360,1765336347,0.316112,0.000333,0.000000,0.000000,0.000000,0.000000,0.000000,0.344366
91.327085,1765336606.600402,1765336347,0.316112,0.000333,0.000000,0.000000,0.000000,0.000000,0.000000,0.344366
91.347088,1765336606.620411,1765336347,0.316112,0.000333,0.000000,0.000000,0.000000,0.000000,0.000000,-0.344366
91.367096,1765336606.640417,1765336347,0.316112,0.000333,0.000000,0.000000,0.000000,0.000000,0.000000,0.344366
91.387104,1765336606.660426,1765336347,0.316112,0.000333,0.000000,0.000000,0.000000,0.000000,0.000000,0.344366
91.407131,1765336606.680461,1765336347,0.316112,0.000333,0.000000,0.000000,0.000000,0.000000,0.000000,0.000000
91.427141,1765336606.700469,1765336347,0.316112,0.000333,0.000000,0.000000,0.000000,0.000000,0.000000,0.344366
91.447152,1765336606.720480,1765336347,0.316112,0.000333,0.000000,0.000000,0.000000,0.000000,0.000000,-0.344366
91.467164,1765336606.740492,1765336347,0.316112,0.000333,0.000000,0.000000,0.000000,0.000000,-0.688732,-0.344366
91.487223,1765336606.760583,1765336347,0.316112,0.000333,0.000000,0.000000,0.000000,0.000000,0.000000,0.000000
91.507213,1765336606.780559,1765336347,0.316112,0.000333,0.000000,0.000000,0.000000,0.000000,0.000000,-0.344366
91.527244,1765336606.800580,1765336347,0.316112,0.000333,0.000000,0.000000,0.000000,0.000000,0.000000,0.000000
91.547254,1765336606.820591,1765336347,0.316112,0.000333,0.000000,0.000000,0.000000,0.000000,0.000000,0.000000
91.567265,1765336606.840600,1765336347,0.316112,0.000333,0.000000,0.000000,0.000000,0.000000,0.000000,-1.033098
91.587304,1765336606.860643,1765336347,0.316112,0.000333,0.000000,0.000000,0.000000,0.000000,0.000000,-0.344366
91.607273,1765336606.880601,1765336347,0.316112,0.000333,0.000000,0.000000,0.000000,0.000000,0.000000,0.344366
91.627282,1765336606.900611,1765336347,0.316112,0.000333,0.000000,0.000000,0.000000,0.000000,0.000000,-0.344366
91.647327,1765336606.920685,1765336347,0.316112,0.000333,0.000000,0.000000,0.000000,0.000000,0.000000,0.000000
91.667217,1765336606.940508,1765336347,0.316112,0.000333,0.000000,0.000000,0.000000,0.000000,0.000000,0.344366
91.687273,1765336606.960584,1765336347,0.316112,0.000333,0.000000,0.000000,0.000000,0.000000,0.000000,-0.344366
91.707295,1765336606.980615,1765336347,0.316112,0.000333,0.000000,0.000000,0.000000,0.000000,0.000000,-0.344366
91.727343,1765336607.000638,1765336347,0.316112,0.000333,0.000000,0.000000,0.000000,0.000000,0.000000,0.000000
91.747336,1765336607.020628,1765336347,0.316112,0.000333,0.000000,0.000000,0.000000,0.000000,0.000000,0.000000
91.767375,1765336607.040677,1765336347,0.316112,0.000333,0.000000,0.000000,0.000000,0.000000,0.000000,-0.344366
91.787401,1765336607.060716,1765336347,0.316112,0.000333,0.000000,0.000000,0.000000,0.000000,0.000000,0.000000
91.807428,1765336607.080750,1765336347,0.316112,0.000333,0.000000,0.000000,0.000000,0.000000,0.000000,0.344366
91.827453,1765336607.100774,1765336347,0.316112,0.000333,0.000000,0.000000,0.000000,0.000000,0.000000,0.000000
91.847442,1765336607.120754,1765336347,0.316112,0.000333,0.000000,0.000000,0.000000,0.000000,0.000000,-0.344366
91.867397,1765336607.140688,1765336347,0.316112,0.000333,0.000000,0.000000,0.000000,0.000000,0.000000,0.000000
91.887431,1765336607.160735,1765336347,0.316112,0.000333,0.000000,0.000000,0.000000,0.000000,0.000000,0.344366
91.907436,1765336607.180740,1765336347,0.316112,0.000333,0.000000,0.000000,0.000000,0.000000,0.000000,-0.344366
91.927474,1765336607.200802,1765336347,0.316112,0.000333,0.000000,0.000000,0.000000,0.000000,0.000000,-0.344366
91.947403,1765336607.220681,1765336347,0.316112,0.000333,0.000000,0.000000,0.000000,0.000000,-0.688732,-0.344366
91.967404,1765336607.240683,1765336347,0.316112,0.000333,0.000000,0.000000,0.000000,0.000000,0.000000,0.000000
91.987412,1765336607.260694,1765336347,0.316112,0.000333,0.000000,0.000000,0.000000,0.000000,0.000000,0.000000
92.007425,1765336607.280712,1765336347,0.316112,0.000333,0.000000,0.000000,0.000000,0.000000,0.000000,0.344366
92.027436,1765336607.300727,1765336347,0.316112,0.000333,0.000000,0.000000,0.000000,0.000000,0.000000,-0.344366
92.047448,1765336607.320743,1765336347,0.316112,0.000333,0.000000,0.000000,0.000000,0.000000,0.000000,0.000000
92.067459,1765336607.340760,1765336347,0.316112,0.000333,0.000000,0.000000,0.000000,0.000000,0.000000,-0.344366
92.087609,1765336607.361009,1765336347,0.316112,0.000333,0.000000,0.000000,0.000000,0.000000,0.000000,0.000000
92.107440,1765336607.380723,1765336347,0.316112,0.000333,0.000000,0.000000,0.000000,0.000000,0.000000,0.000000
92.127448,1765336607.400734,1765336347,0.316112,0.000333,0.000000,0.000000,0.000000,0.000000,0.000000,0.344366
92.147435,1765336607.420717,1765336347,0.316112,0.000333,0.000000,0.000000,0.000000,0.000000,0.000000,-0.344366
92.167458,1765336607.440748,1765336347,0.316112,0.000333,0.000000,0.000000,0.000000,0.000000,0.000000,-1.033098
92.187456,1765336607.460742,1765336347,0.316112,0.000333,0.000000,0.000000,0.000000,0.000000,0.000000,-0.344366
92.207456,1765336607.480740,1765336347,0.316112,0.000333,0.000000,0.000000,0.000000,0.000000,0.000000,-0.344366
92.227463,1765336607.500751,1765336347,0.316112,0.000333,0.000000,0.000000,0.000000,0.000000,-0.688732,-0.344366
92.247474,1765336607.520760,1765336347,0.316112,0.000333,0.000000,0.000000,0.000000,0.000000,0.000000,0.344366
92.267512,1765336607.540809,1765336347,0.316112,0.000333,0.000000,0.000000,0.000000,0.000000,0.000000,0.344366
92.287502,1765336607.560792,1765336347,0.316112,0.000333,0.000000,0.000000,0.000000,0.000000,0.000000,0.344366
92.307497,1765336607.580783,1765336347,0.316112,0.000333,0.000000,0.000000,0.000000,0.000000,0.000000,-0.344366
92.327485,1765336607.600765,1765336347,0.316112,0.000333,0.000000,0.000000,0.000000,0.000000,0.000000,-0.344366
92.347512,1765336607.620804,1765336347,0.316112,0.000333,0.000000,0.000000,0.000000,0.000000,0.000000,0.000000
92.367534,1765336607.640830,1765336347,0.316112,0.000333,0.000000,0.000000,0.000000,0.000000,0.000000,0.000000
92.387540,1765336607.660842,1765336347,0.316112,0.000333,0.000000,0.000000,0.000000,0.000000,0.000000,0.000000
92.407543,1765336607.680843,1765336347,0.316112,0.000333,0.000000,0.000000,0.000000,0.000000,0.000000,0.000000
92.427541,1765336607.700838,1765336347,0.316112,0.000333,0.000000,0.000000,0.000000,0.000000,0.000000,-1.033098
92.447514,1765336607.720799,1765336347,0.316112,0.000333,0.000000,0.000000,0.000000,0.000000,0.000000,-0.344366
92.467551,1765336607.740848,1765336347,0.316112,0.000333,0.000000,0.000000,0.000000,0.000000,0.000000,-0.344366
92.487547,1765336607.760840,1765336347,0.316112,0.000333,0.000000,0.000000,0.000000,0.000000,0.000000,0.344366
92.507577,1765336607.780889,1765336347,0.316112,0.000333,0.000000,0.000000,0.000000,0.000000,0.000000,-0.344366
92.527571,1765336607.800876,1765336347,0.316112,0.000333,0.000000,0.000000,0.000000,0.000000,0.000000,-0.344366
92.547568,1765336607.820865,1765336347,0.316112,0.000333,0.000000,0.000000,0.000000,0.000000,0.000000,0.344366
92.567619,1765336607.840940,1765336347,0.316112,0.000333,0.000000,0.000000,0.000000,0.000000,0.000000,-0.344366
92.587594,1765336607.860900,1765336347,0.316112,0.000333,0.000000,0.000000,0.000000,0.000000,0.000000,0.000000
92.607576,1765336607.880868,1765336347,0.316112,0.000333,0.000000,0.000000,0.000000,0.000000,0.000000,-0.344366
92.627582,1765336607.900872,1765336347,0.316112,0.000333,0.000000,0.000000,0.000000,0.000000,0.000000,-0.344366
92.647566,1765336607.920851,1765336347,0.316112,0.000333,0.000000,0.000000,0.000000,0.000000,0.000000,0.000000
92.667585,1765336607.940877,1765336347,0.316112,0.000333,0.000000,0.000000,0.000000,0.000000,0.000000,0.344366
92.687611,1765336607.960915,1765336347,0.316112,0.000333,0.000000,0.000000,0.000000,0.000000,0.000000,0.344366
92.707631,1765336607.980942,1765336347,0.316112,0.000333,0.000000,0.000000,0.000000,0.000000,0.000000,0.344366
92.727623,1765336608.000930,1765336347,0.316112,0.000333,0.000000,0.000000,0.000000,0.000000,0.000000,0.000000
92.747638,1765336608.020955,1765336347,0.316112,0.000333,0.000000,0.000000,0.000000,0.000000,0.000000,0.000000
92.767624,1765336608.040922,1765336347,0.316112,0.000333,0.000000,0.000000,0.000000,0.000000,0.000000,0.344366
92.787633,1765336608.060936,1765336347,0.316112,0.000333,0.000000,0.000000,0.000000,0.000000,0.000000,0.000000
92.807665,1765336608.080975,1765336347,0.316112,0.000333,0.000000,0.000000,0.000000,0.000000,0.000000,-0.344366
92.827685,1765336608.101006,1765336347,0.316112,0.000333,0.000000,0.000000,0.000000,0.000000,0.000000,0.000000
92.847709,1765336608.121037,1765336347,0.316112,0.000333,0.000000,0.000000,0.000000,0.000000,0.000000,-0.344366
92.867718,1765336608.141047,1765336347,0.316112,0.000333,0.000000,0.000000,0.000000,0.000000,0.000000,-0.344366
92.887779,1765336608.161119,1765336347,0.316112,0.000333,0.000000,0.000000,0.000000,0.000000,-0.688732,-0.344366
92.907713,1765336608.181028,1765336347,0.316112,0.000333,0.000000,0.000000,0.000000,0.000000,0.000000,-0.344366
92.927747,1765336608.201075,1765336347,0.316112,0.000333,0.000000,0.000000,0.000000,0.000000,0.000000,0.344366
92.947758,1765336608.221086,1765336347,0.316112,0.000333,0.000000,0.000000,0.000000,0.000000,0.000000,0.344366
92.967767,1765336608.241096,1765336347,0.316112,0.000333,0.000000,0.000000,0.000000,0.000000,0.000000,0.000000
92.987707,1765336608.261003,1765336347,0.316112,0.000333,0.000000,0.000000,0.000000,0.000000,0.000000,0.000000
93.007848,1765336608.281188,1765336347,0.316112,0.000333,0.000000,0.000000,0.000000,0.000000,0.000000,-0.344366
93.027923,1765336608.301321,1765336347,0.316112,0.000333,0.000000,0.000000,0.000000,0.000000,0.000000,-0.344366
93.047897,1765336608.321232,1765336347,0.316112,0.000333,0.000000,0.000000,0.000000,0.000000,0.000000,0.000000
93.067895,1765336608.341223,1765336347,0.316112,0.000333,0.000000,0.000000,0.000000,0.000000,0.000000,-0.344366
93.087816,1765336608.361099,1765336347,0.316112,0.000333,0.000000,0.000000,0.000000,0.000000,0.000000,-0.344366
93.107839,1765336608.381133,1765336347,0.316112,0.000333,0.000000,0.000000,0.000000,0.000000,0.000000,0.000000
93.127871,1765336608.401178,1765336347,0.316112,0.000333,0.000000,0.000000,0.000000,0.000000,0.000000,0.344366
93.147902,1765336608.421215,1765336347,0.316112,0.000333,0.000000,0.000000,0.000000,0.000000,0.000000,0.000000
93.167900,1765336608.441215,1765336347,0.316112,0.000333,0.000000,0.000000,0.000000,0.000000,0.000000,0.344366
93.187918,1765336608.461239,1765336347,0.316112,0.000333,0.000000,0.000000,0.000000,0.000000,0.000000,-0.344366
93.207925,1765336608.481246,1765336347,0.316112,0.000333,0.000000,0.000000,0.000000,0.000000,0.000000,-0.344366
93.227949,1765336608.501278,1765336347,0.316112,0.000333,0.000000,0.000000,0.000000,0.000000,0.000000,0.000000
93.247959,1765336608.521331,1765336347,0.316112,0.000333,0.000000,0.000000,0.000000,0.000000,0.000000,-1.033098
93.267968,1765336608.541335,1765336347,0.316112,0.000333,0.000000,0.000000,0.000000,0.000000,0.000000,0.000000
93.287977,1765336608.561336,1765336347,0.316112,0.000333,0.000000,0.000000,0.000000,0.000000,0.000000,-0.344366
93.307969,1765336608.581303,1765336347,0.316112,0.000333,0.000000,0.000000,0.000000,0.000000,0.000000,0.344366
93.327994,1765336608.601351,1765336347,0.316112,0.000333,0.000000,0.000000,0.000000,0.000000,-0.688732,0.000000
93.348001,1765336608.621366,1765336347,0.316112,0.000333,0.000000,0.000000,0.000000,0.000000,0.000000,0.344366
93.367953,1765336608.641273,1765336347,0.316112,0.000333,0.000000,0.000000,0.000000,0.000000,0.000000,0.344366
93.387959,1765336608.661278,1765336347,0.316112,0.000333,0.000000,0.000000,0.000000,0.000000,0.000000,0.000000
93.407973,1765336608.681308,1765336347,0.316112,0.000333,0.000000,0.000000,0.000000,0.000000,0.000000,0.000000
93.427962,1765336608.701272,1765336347,0.316112,0.000333,0.000000,0.000000,0.000000,0.000000,0.000000,-0.344366
93.448104,1765336608.721451,1765336347,0.316112,0.000333,0.000000,0.000000,0.000000,0.000000,0.000000,-0.344366
93.468126,1765336608.741487,1765336347,0.316112,0.000333,0.000000,0.000000,0.000000,0.000000,0.000000,0.000000
93.488121,1765336608.761467,1765336347,0.316112,0.000333,0.000000,0.000000,0.000000,0.000000,0.000000,0.344366
93.508114,1765336608.781451,1765336347,0.316112,0.000333,0.000000,0.000000,0.000000,0.000000,0.000000,-0.344366
93.528119,1765336608.801456,1765336347,0.316112,0.000333,0.000000,0.000000,0.000000,0.000000,-0.688732,0.000000
93.548100,1765336608.821421,1765336347,0.316112,0.000333,0.000000,0.000000,0.000000,0.000000,0.000000,-0.344366
93.568187,1765336608.841547,1765336347,0.316112,0.000333,0.000000,0.000000,0.000000,0.000000,0.000000,-0.344366
93.588151,1765336608.861486,1765336347,0.316112,0.000333,0.000000,0.000000,0.000000,0.000000,-0.344366,0.000000
93.608160,1765336608.881496,1765336347,0.316112,0.000333,0.000000,0.000000,0.000000,0.000000,0.000000,0.000000
93.628169,1765336608.901505,1765336347,0.316112,0.000333,0.000000,0.000000,0.000000,0.000000,0.000000,-0.344366
93.648180,1765336608.921515,1765336347,0.316112,0.000333,0.000000,0.000000,0.000000,0.000000,0.000000,0.000000
93.668203,1765336608.941534,1765336347,0.316112,0.000333,0.000000,0.000000,0.000000,0.000000,-0.344366,-0.344366
93.688186,1765336608.961514,1765336347,0.316112,0.000333,0.000000,0.000000,0.000000,0.000000,0.000000,0.344366
93.708195,1765336608.981524,1765336347,0.316112,0.000333,0.000000,0.000000,0.000000,0.000000,0.000000,0.344366
93.728218,1765336609.001554,1765336347,0.316112,0.000333,0.000000,0.000000,0.000000,0.000000,0.000000,-0.344366
93.748226,1765336609.021562,1765336347,0.316112,0.000333,0.000000,0.000000,0.000000,0.000000,0.000000,-0.344366
93.768238,1765336609.041574,1765336347,0.316112,0.000333,0.000000,0.000000,0.000000,0.000000,0.000000,0.000000
93.788218,1765336609.061539,1765336347,0.316112,0.000333,0.000000,0.000000,0.000000,0.000000,0.000000,0.000000
93.808242,1765336609.081570,1765336347,0.316112,0.000333,0.000000,0.000000,0.000000,0.000000,0.000000,0.000000
93.828250,1765336609.101578,1765336347,0.316112,0.000333,0.000000,0.000000,0.000000,0.000000,0.000000,0.344366
93.848272,1765336609.121608,1765336347,0.316112,0.000333,0.000000,0.000000,0.000000,0.000000,-0.344366,0.000000
93.868280,1765336609.141609,1765336347,0.316112,0.000333,0.000000,0.000000,0.000000,0.000000,0.000000,0.344366
93.888262,1765336609.161582,1765336347,0.316112,0.000333,0.000000,0.000000,0.000000,0.000000,0.000000,-0.344366
93.908271,1765336609.181592,1765336347,0.316112,0.000333,0.000000,0.000000,0.000000,0.000000,0.000000,-0.344366
93.928321,1765336609.201652,1765336347,0.316112,0.000333,0.000000,0.000000,0.000000,0.000000,0.000000,0.688732
93.948304,1765336609.221632,1765336347,0.316112,0.000333,0.000000,0.000000,0.000000,0.000000,0.000000,0.000000
93.968326,1765336609.241663,1765336347,0.316112,0.000333,0.000000,0.000000,0.000000,0.000000,0.000000,-0.344366
93.988336,1765336609.261672,1765336347,0.316112,0.000333,0.000000,0.000000,0.000000,0.000000,0.000000,-0.344366
94.008335,1765336609.281663,1765336347,0.316112,0.000333,0.000000,0.000000,0.000000,0.000000,0.000000,0.344366
94.028356,1765336609.301692,1765336347,0.316112,0.000333,0.000000,0.000000,0.000000,0.000000,0.000000,0.344366
94.048367,1765336609.321703,1765336347,0.316112,0.000333,0.000000,0.000000,0.000000,0.000000,0.000000,0.000000
94.068377,1765336609.341713,1765336347,0.316112,0.000333,0.000000,0.000000,0.000000,0.000000,0.000000,0.688732
94.088459,1765336609.361841,1765336347,0.316112,0.000333,0.000000,0.000000,0.000000,0.000000,0.000000,-0.344366
94.108320,1765336609.381616,1765336347,0.316112,0.000333,0.000000,0.000000,0.000000,0.000000,0.000000,-0.344366
94.128343,1765336609.401650,1765336347,0.316112,0.000333,0.000000,0.000000,0.000000,0.000000,0.000000,0.000000
94.148348,1765336609.421655,1765336347,0.316112,0.000333,0.000000,0.000000,0.000000,0.000000,0.000000,0.000000
94.168370,1765336609.441685,1765336347,0.316112,0.000333,0.000000,0.000000,0.000000,0.000000,0.000000,0.344366
94.188411,1765336609.461735,1765336347,0.316112,0.000333,0.000000,0.000000,0.000000,0.000000,0.000000,0.344366
94.208396,1765336609.481717,1765336347,0.316112,0.000333,0.000000,0.000000,0.000000,0.000000,0.000000,0.344366
94.228419,1765336609.501748,1765336347,0.316112,0.000333,0.000000,0.000000,0.000000,0.000000,0.000000,-0.344366
94.248402,1765336609.521714,1765336347,0.316112,0.000333,0.000000,0.000000,0.000000,0.000000,0.000000,0.344366
94.268409,1765336609.541724,1765336347,0.316112,0.000333,0.000000,0.000000,0.000000,0.000000,0.000000,-0.344366
94.288428,1765336609.561749,1765336347,0.316112,0.000333,0.000000,0.000000,0.000000,0.000000,0.000000,0.344366
94.308437,1765336609.581758,1765336347,0.316112,0.000333,0.000000,0.000000,0.000000,0.000000,0.000000,0.000000
94.328446,1765336609.601767,1765336347,0.316112,0.000333,0.000000,0.000000,0.000000,0.000000,0.000000,-0.344366
94.348444,1765336609.621760,1765336347,0.316112,0.000333,0.000000,0.000000,0.000000,0.000000,0.000000,0.000000
94.368379,1765336609.641657,1765336347,0.316112,0.000333,0.000000,0.000000,0.000000,0.000000,0.000000,0.000000
94.388412,1765336609.661708,1765336347,0.316112,0.000333,0.000000,0.000000,0.000000,0.000000,0.000000,0.344366
94.408447,1765336609.681758,1765336347,0.316112,0.000333,0.000000,0.000000,0.000000,0.000000,0.000000,-0.344366
94.428473,1765336609.701794,1765336347,0.316112,0.000333,0.000000,0.000000,0.000000,0.000000,0.000000,0.000000
94.448521,1765336609.721852,1765336347,0.316112,0.000333,0.000000,0.000000,0.000000,0.000000,0.000000,-0.344366
94.468505,1765336609.741833,1765336347,0.316112,0.000333,0.000000,0.000000,0.000000,0.000000,0.000000,-0.344366
94.488514,1765336609.761842,1765336347,0.316112,0.000333,0.000000,0.000000,0.000000,0.000000,0.000000,0.344366
94.508531,1765336609.781858,1765336347,0.316112,0.000333,0.000000,0.000000,0.000000,0.000000,0.000000,0.344366
94.528546,1765336609.801883,1765336347,0.316112,0.000333,0.000000,0.000000,0.000000,0.000000,0.000000,0.344366
94.548543,1765336609.821871,1765336347,0.316112,0.000333,0.000000,0.000000,0.000000,0.000000,0.000000,0.000000
94.568607,1765336609.841967,1765336347,0.316112,0.000333,0.000000,0.000000,0.000000,0.000000,0.000000,-0.344366
94.588581,1765336609.861916,1765336347,0.316112,0.000333,0.000000,0.000000,0.000000,0.000000,0.000000,-0.344366
94.608563,1765336609.881884,1765336347,0.316112,0.000333,0.000000,0.000000,0.000000,0.000000,0.000000,0.344366
94.628596,1765336609.901924,1765336347,0.316112,0.000333,0.000000,0.000000,0.000000,0.000000,0.000000,-0.344366
94.648570,1765336609.921885,1765336347,0.316112,0.000333,0.000000,0.000000,0.000000,0.000000,0.000000,0.344366
94.668589,1765336609.941910,1765336347,0.316112,0.000333,0.000000,0.000000,0.000000,0.000000,0.000000,0.344366
94.688598,1765336609.961919,1765336347,0.316112,0.000333,0.000000,0.000000,0.000000,0.000000,0.000000,-0.344366
94.708579,1765336609.981880,1765336347,0.316112,0.000333,0.000000,0.000000,0.000000,0.000000,0.000000,0.000000
94.728710,1765336610.002069,1765336347,0.316112,0.000333,0.000000,0.000000,0.000000,0.000000,0.000000,0.344366
94.748724,1765336610.022083,1765336347,0.316112,0.000333,0.000000,0.000000,0.000000,0.000000,0.000000,0.344366
94.768713,1765336610.042058,1765336347,0.316112,0.000333,0.000000,0.000000,0.000000,0.000000,0.000000,0.000000
94.788720,1765336610.062055,1765336347,0.316112,0.000333,0.000000,0.000000,0.000000,0.000000,0.000000,0.000000
94.808718,1765336610.082053,1765336347,0.316112,0.000333,0.000000,0.000000,0.000000,0.000000,0.000000,-0.344366
94.828715,1765336610.102044,1765336347,0.316112,0.000333,0.000000,0.000000,0.000000,0.000000,0.000000,0.344366
94.848726,1765336610.122054,1765336347,0.316112,0.000333,0.000000,0.000000,0.000000,0.000000,0.000000,-0.344366
94.868707,1765336610.142031,1765336347,0.316112,0.000333,0.000000,0.000000,0.000000,0.000000,0.000000,-0.344366
94.888779,1765336610.162119,1765336347,0.316112,0.000333,0.000000,0.000000,0.000000,0.000000,0.000000,0.000000
94.908719,1765336610.182036,1765336347,0.316112,0.000333,0.000000,0.000000,0.000000,0.000000,0.000000,-0.344366
94.928784,1765336610.202114,1765336347,0.316112,0.000333,0.000000,0.000000,0.000000,0.000000,0.000000,-0.344366
94.948768,1765336610.222069,1765336347,0.316112,0.000333,0.000000,0.000000,0.000000,0.000000,0.000000,-0.344366
94.968939,1765336610.242332,1765336347,0.316112,0.000333,0.000000,0.000000,0.000000,0.000000,0.000000,-0.344366
94.988897,1765336610.262243,1765336347,0.316112,0.000333,0.000000,0.000000,0.000000,0.000000,0.000000,0.688732
95.008892,1765336610.282228,1765336347,0.316112,0.000333,0.000000,0.000000,0.000000,0.000000,0.000000,0.344366
95.028904,1765336610.302240,1765336347,0.316112,0.000333,0.000000,0.000000,0.000000,0.000000,0.000000,-0.344366
95.048887,1765336610.322213,1765336347,0.316112,0.000333,0.000000,0.000000,0.000000,0.000000,0.000000,0.000000
95.068818,1765336610.342108,1765336347,0.316112,0.000333,0.000000,0.000000,0.000000,0.000000,0.000000,0.000000
95.088809,1765336610.362086,1765336347,0.316112,0.000333,0.000000,0.000000,0.000000,0.000000,0.000000,0.344366
95.108851,1765336610.382146,1765336347,0.316112,0.000333,0.000000,0.000000,0.000000,0.000000,0.000000,0.000000
95.128876,1765336610.402186,1765336347,0.316112,0.000333,0.000000,0.000000,0.000000,0.000000,0.000000,0.000000
95.148899,1765336610.422214,1765336347,0.316112,0.000333,0.000000,0.000000,0.000000,0.000000,0.000000,-0.344366
95.168905,1765336610.442220,1765336347,0.316112,0.000333,0.000000,0.000000,0.000000,0.000000,0.000000,0.000000
95.188924,1765336610.462245,1765336347,0.316112,0.000333,0.000000,0.000000,0.000000,0.000000,0.000000,0.344366
95.209003,1765336610.482402,1765336347,0.316112,0.000333,0.000000,0.000000,0.000000,0.000000,0.000000,0.344366
95.229064,1765336610.502415,1765336347,0.316112,0.000333,0.000000,0.000000,0.000000,0.000000,0.000000,0.000000
95.248984,1765336610.522366,1765336347,0.316112,0.000333,0.000000,0.000000,0.000000,0.000000,0.000000,-0.344366
95.268982,1765336610.542335,1765336347,0.316112,0.000333,0.000000,0.000000,0.000000,0.000000,0.000000,0.344366
95.288912,1765336610.562211,1765336347,0.316112,0.000333,0.000000,0.000000,0.000000,0.000000,0.000000,0.000000
95.308998,1765336610.582355,1765336347,0.316112,0.000333,0.000000,0.000000,0.000000,0.000000,0.000000,0.000000
95.329008,1765336610.602373,1765336347,0.316112,0.000333,0.000000,0.000000,0.000000,0.000000,0.000000,0.000000
95.348978,1765336610.622316,1765336347,0.316112,0.000333,0.000000,0.000000,0.000000,0.000000,0.000000,0.344366
95.368970,1765336610.642274,1765336347,0.316112,0.000333,0.000000,0.000000,0.000000,0.000000,0.000000,0.000000
95.388988,1765336610.662315,1765336347,0.316112,0.000333,0.000000,0.000000,0.000000,0.000000,0.000000,0.344366
95.409003,1765336610.682338,1765336347,0.316112,0.000333,0.000000,0.000000,0.000000,0.000000,0.000000,0.344366
95.429054,1765336610.702385,1765336347,0.316112,0.000333,0.000000,0.000000,0.000000,0.000000,0.000000,-0.344366
95.449057,1765336610.722383,1765336347,0.316112,0.000333,0.000000,0.000000,0.000000,0.000000,0.000000,0.344366
95.469049,1765336610.742373,1765336347,0.316112,0.000333,0.000000,0.000000,0.000000,0.000000,0.000000,-0.344366
95.489092,1765336610.762417,1765336347,0.316112,0.000333,0.000000,0.000000,0.000000,0.000000,0.000000,-0.344366
95.509063,1765336610.782384,1765336347,0.316112,0.000333,0.000000,0.000000,0.000000,0.000000,0.000000,0.344366
95.529088,1765336610.802410,1765336347,0.316112,0.000333,0.000000,0.000000,0.000000,0.000000,0.000000,0.344366
95.549102,1765336610.822423,1765336347,0.316112,0.000333,0.000000,0.000000,0.000000,0.000000,0.000000,0.344366
95.569122,1765336610.842450,1765336347,0.316112,0.000333,0.000000,0.000000,0.000000,0.000000,0.000000,0.000000
95.589131,1765336610.862459,1765336347,0.316112,0.000333,0.000000,0.000000,0.000000,0.000000,0.000000,0.000000
95.609052,1765336610.882355,1765336347,0.316112,0.000333,0.000000,0.000000,0.000000,0.000000,0.000000,-0.344366
95.629052,1765336610.902339,1765336347,0.316112,0.000333,0.000000,0.000000,0.000000,0.000000,0.000000,0.344366
95.649040,1765336610.922322,1765336347,0.316112,0.000333,0.000000,0.000000,0.000000,0.000000,0.000000,0.344366
95.669044,1765336610.942327,1765336347,0.316112,0.000333,0.000000,0.000000,0.000000,0.000000,0.000000,0.000000
95.689056,1765336610.962345,1765336347,0.316112,0.000333,0.000000,0.000000,0.000000,0.000000,0.000000,0.000000
95.709071,1765336610.982366,1765336347,0.316112,0.000333,0.000000,0.000000,0.000000,0.000000,0.000000,0.000000
95.729068,1765336611.002358,1765336347,0.316112,0.000333,0.000000,0.000000,0.000000,0.000000,0.000000,-0.344366
95.749058,1765336611.022341,1765336347,0.316112,0.000333,0.000000,0.000000,0.000000,0.000000,0.000000,0.344366
95.769095,1765336611.042396,1765336347,0.316112,0.000333,0.000000,0.000000,0.000000,0.000000,0.000000,0.000000
95.789118,1765336611.062429,1765336347,0.316112,0.000333,0.000000,0.000000,0.000000,0.000000,0.000000,0.344366
95.809133,1765336611.082448,1765336347,0.316112,0.000333,0.000000,0.000000,0.000000,0.000000,0.000000,0.344366
95.829075,1765336611.102357,1765336347,0.316112,0.000333,0.000000,0.000000,0.000000,0.000000,0.000000,0.344366
95.849153,1765336611.122474,1765336347,0.316112,0.000333,0.000000,0.000000,0.000000,0.000000,0.000000,0.000000
95.869132,1765336611.142438,1765336347,0.316112,0.000333,0.000000,0.000000,0.000000,0.000000,0.000000,-0.344366
95.889155,1765336611.162470,1765336347,0.316112,0.000333,0.000000,0.000000,0.000000,0.000000,0.000000,0.000000
95.909189,1765336611.182517,1765336347,0.316112,0.000333,0.000000,0.000000,0.000000,0.000000,0.000000,0.344366
95.929198,1765336611.202528,1765336347,0.316112,0.000333,0.000000,0.000000,0.000000,0.000000,0.000000,0.000000
95.949207,1765336611.222535,1765336347,0.316112,0.000333,0.000000,0.000000,0.000000,0.000000,0.000000,0.344366
95.969200,1765336611.242522,1765336347,0.316112,0.000333,0.000000,0.000000,0.000000,0.000000,0.000000,-0.344366
95.989227,1765336611.262555,1765336347,0.316112,0.000333,0.000000,0.000000,0.000000,0.000000,0.000000,-0.344366
96.009264,1765336611.282595,1765336347,0.316112,0.000333,0.000000,0.000000,0.000000,0.000000,0.000000,0.000000
96.029247,1765336611.302576,1765336347,0.316112,0.000333,0.000000,0.000000,0.000000,0.000000,0.000000,0.344366
96.049256,1765336611.322585,1765336347,0.316112,0.000333,0.000000,0.000000,0.000000,0.000000,0.000000,0.000000
96.069277,1765336611.342613,1765336347,0.316112,0.000333,0.000000,0.000000,0.000000,0.000000,0.000000,0.344366
96.089251,1765336611.362591,1765336347,0.316112,0.000333,0.000000,0.000000,0.000000,0.000000,0.000000,-0.344366
96.109182,1765336611.382463,1765336347,0.316112,0.000333,0.000000,0.000000,0.000000,0.000000,0.000000,0.344366
96.129226,1765336611.402525,1765336347,0.316112,0.000333,0.000000,0.000000,0.000000,0.000000,0.000000,-0.344366
96.149246,1765336611.422553,1765336347,0.316112,0.000333,0.000000,0.000000,0.000000,0.000000,0.000000,-0.344366
96.169268,1765336611.442583,1765336347,0.316112,0.000333,0.000000,0.000000,0.000000,0.000000,0.000000,0.344366
96.189274,1765336611.462571,1765336347,0.316112,0.000333,0.000000,0.000000,0.000000,0.000000,-0.688732,0.344366
96.209335,1765336611.482651,1765336347,0.316112,0.000333,0.000000,0.000000,0.000000,0.000000,0.000000,0.000000
96.229312,1765336611.502614,1765336347,0.316112,0.000333,0.000000,0.000000,0.000000,0.000000,0.000000,0.344366
96.249277,1765336611.522554,1765336347,0.316112,0.000333,0.000000,0.000000,0.000000,0.000000,0.000000,0.344366
96.269297,1765336611.542580,1765336347,0.316112,0.000333,0.000000,0.000000,0.000000,0.000000,0.000000,-0.344366
96.289310,1765336611.562603,1765336347,0.316112,0.000333,0.000000,0.000000,0.000000,0.000000,0.000000,0.000000
96.309336,1765336611.582640,1765336347,0.316112,0.000333,0.000000,0.000000,0.000000,0.000000,0.000000,-0.344366
96.329347,1765336611.602655,1765336347,0.316112,0.000333,0.000000,0.000000,0.000000,0.000000,0.000000,0.000000
96.349369,1765336611.622684,1765336347,0.316112,0.000333,0.000000,0.000000,0.000000,0.000000,0.000000,-1.033098
96.369315,1765336611.642607,1765336347,0.316112,0.000333,0.000000,0.000000,0.000000,0.000000,0.000000,0.344366
96.389382,1765336611.662699,1765336347,0.316112,0.000333,0.000000,0.000000,0.000000,0.000000,0.000000,0.344366
96.409447,1765336611.682793,1765336347,0.316112,0.000333,0.000000,0.000000,0.000000,0.000000,0.000000,0.000000
96.429403,1765336611.702718,1765336347,0.316112,0.000333,0.000000,0.000000,0.000000,0.000000,0.000000,0.000000
96.449465,1765336611.722811,1765336347,0.316112,0.000333,0.000000,0.000000,0.000000,0.000000,0.000000,0.344366
96.469458,1765336611.742793,1765336347,0.316112,0.000333,0.000000,0.000000,0.000000,0.000000,0.000000,-0.344366
96.489458,1765336611.762786,1765336347,0.316112,0.000333,0.000000,0.000000,0.000000,0.000000,0.000000,-0.344366
96.509466,1765336611.782796,1765336347,0.316112,0.000333,0.000000,0.000000,0.000000,0.000000,-0.688732,0.344366
96.529467,1765336611.802784,1765336347,0.316112,0.000333,0.000000,0.000000,0.000000,0.000000,0.000000,-0.344366
96.549466,1765336611.822786,1765336347,0.316112,0.000333,0.000000,0.000000,0.000000,0.000000,0.000000,-0.344366
96.569526,1765336611.842862,1765336347,0.316112,0.000333,0.000000,0.000000,0.000000,0.000000,0.000000,0.344366
96.589534,1765336611.862864,1765336347,0.316112,0.000333,0.000000,0.000000,0.000000,0.000000,0.000000,0.000000
96.609608,1765336611.882968,1765336347,0.316112,0.000333,0.000000,0.000000,0.000000,0.000000,0.000000,-0.344366
96.629596,1765336611.902932,1765336347,0.316112,0.000333,0.000000,0.000000,0.000000,0.000000,0.000000,-0.344366
96.649633,1765336611.922992,1765336347,0.316112,0.000333,0.000000,0.000000,0.000000,0.000000,0.000000,0.000000
96.669646,1765336611.943005,1765336347,0.316112,0.000333,0.000000,0.000000,0.000000,0.000000,0.000000,0.344366
96.689658,1765336611.963018,1765336347,0.316112,0.000333,0.000000,0.000000,0.000000,0.000000,0.000000,0.000000
96.709646,1765336611.982999,1765336347,0.316112,0.000333,0.000000,0.000000,0.000000,0.000000,0.000000,-0.344366
96.729683,1765336612.003042,1765336347,0.316112,0.000333,0.000000,0.000000,0.000000,0.000000,0.000000,0.344366
96.749673,1765336612.023019,1765336347,0.316112,0.000333,0.000000,0.000000,0.000000,0.000000,0.000000,-0.344366
96.769668,1765336612.043003,1765336347,0.316112,0.000333,0.000000,0.000000,0.000000,0.000000,0.000000,-0.344366
96.789751,1765336612.063113,1765336347,0.316112,0.000333,0.000000,0.000000,0.000000,0.000000,0.000000,0.344366
96.809708,1765336612.083053,1765336347,0.316112,0.000333,0.000000,0.000000,0.000000,0.000000,0.000000,-0.344366
96.829716,1765336612.103052,1765336347,0.316112,0.000333,0.000000,0.000000,0.000000,0.000000,0.000000,-0.344366
96.849712,1765336612.123047,1765336347,0.316112,0.000333,0.000000,0.000000,0.000000,0.000000,0.000000,0.000000
96.869739,1765336612.143085,1765336347,0.316112,0.000333,0.000000,0.000000,0.000000,0.000000,0.000000,-0.344366
96.889774,1765336612.163136,1765336347,0.316112,0.000333,0.000000,0.000000,0.000000,0.000000,0.000000,0.344366
96.909728,1765336612.183047,1765336347,0.316112,0.000333,0.000000,0.000000,0.000000,0.000000,0.000000,0.000000
96.929745,1765336612.203111,1765336347,0.316112,0.000333,0.000000,0.000000,0.000000,0.000000,0.000000,0.000000
96.949702,1765336612.223012,1765336347,0.316112,0.000333,0.000000,0.000000,0.000000,0.000000,0.000000,-0.344366
96.969829,1765336612.243188,1765336347,0.316112,0.000333,0.000000,0.000000,0.000000,0.000000,0.000000,0.000000
96.989843,1765336612.263203,1765336347,0.316112,0.000333,0.000000,0.000000,0.000000,0.000000,0.000000,0.344366
97.009740,1765336612.283049,1765336347,0.316112,0.000333,0.000000,0.000000,0.000000,0.000000,0.000000,-0.344366
97.029828,1765336612.303163,1765336347,0.316112,0.000333,0.000000,0.000000,0.000000,0.000000,0.000000,0.344366
97.049864,1765336612.323203,1765336347,0.316112,0.000333,0.000000,0.000000,0.000000,0.000000,0.000000,-0.344366
97.069838,1765336612.343167,1765336347,0.316112,0.000333,0.000000,0.000000,0.000000,0.000000,0.000000,-0.344366
97.089835,1765336612.363119,1765336347,0.316112,0.000333,0.000000,0.000000,0.000000,0.000000,0.000000,0.000000
97.109893,1765336612.383209,1765336347,0.316112,0.000333,0.000000,0.000000,0.000000,0.000000,1.033098,-0.344366
97.129860,1765336612.403164,1765336347,0.316112,0.000333,0.000000,0.000000,0.000000,0.000000,0.000000,-0.344366
97.149883,1765336612.423202,1765336347,0.316112,0.000333,0.000000,0.000000,0.000000,0.000000,0.000000,-0.344366
97.170000,1765336612.443389,1765336347,0.316112,0.000333,0.000000,0.000000,0.000000,0.000000,0.000000,0.344366
97.190039,1765336612.463402,1765336347,0.316112,0.000333,0.000000,0.000000,0.000000,0.000000,0.000000,0.344366
97.209986,1765336612.483352,1765336347,0.316112,0.000333,0.000000,0.000000,0.000000,0.000000,0.000000,-0.344366
97.229996,1765336612.503364,1765336347,0.316112,0.000333,0.000000,0.000000,0.000000,0.000000,0.000000,-0.344366
97.250086,1765336612.523448,1765336347,0.316112,0.000333,0.000000,0.000000,0.000000,0.000000,0.000000,-0.344366
97.270055,1765336612.543395,1765336347,0.316112,0.000333,0.000000,0.000000,0.000000,0.000000,0.000000,-0.344366
97.290004,1765336612.563344,1765336347,0.316112,0.000333,0.000000,0.000000,0.000000,0.000000,0.000000,0.000000
97.310055,1765336612.583380,1765336347,0.316112,0.000333,0.000000,0.000000,0.000000,0.000000,0.000000,0.000000
97.330120,1765336612.603481,1765336347,0.316112,0.000333,0.000000,0.000000,0.000000,0.000000,0.000000,0.344366
97.350134,1765336612.623494,1765336347,0.316112,0.000333,0.000000,0.000000,0.000000,0.000000,-0.344366,0.000000
97.370140,1765336612.643501,1765336347,0.316112,0.000333,0.000000,0.000000,0.000000,0.000000,0.000000,-0.344366
97.390135,1765336612.663481,1765336347,0.316112,0.000333,0.000000,0.000000,0.000000,0.000000,0.000000,-0.344366
97.410126,1765336612.683462,1765336347,0.316112,0.000333,0.000000,0.000000,0.000000,0.000000,0.000000,0.000000
97.430137,1765336612.703473,1765336347,0.316112,0.000333,0.000000,0.000000,0.000000,0.000000,0.000000,-0.344366
97.450149,1765336612.723485,1765336347,0.316112,0.000333,0.000000,0.000000,0.000000,0.000000,0.000000,0.000000
97.470126,1765336612.743447,1765336347,0.316112,0.000333,0.000000,0.000000,0.000000,0.000000,0.000000,0.344366
97.490156,1765336612.763484,1765336347,0.316112,0.000333,0.000000,0.000000,0.000000,0.000000,0.000000,0.344366
97.510166,1765336612.783495,1765336347,0.316112,0.000333,0.000000,0.000000,0.000000,0.000000,0.000000,0.344366
97.530177,1765336612.803504,1765336347,0.316112,0.000333,0.000000,0.000000,0.000000,0.000000,0.000000,0.344366
97.550172,1765336612.823493,1765336347,0.316112,0.000333,0.000000,0.000000,0.000000,0.000000,0.000000,-0.344366
97.570137,1765336612.843432,1765336347,0.316112,0.000333,0.000000,0.000000,0.000000,0.000000,0.000000,0.344366
97.590151,1765336612.863455,1765336347,0.316112,0.000333,0.000000,0.000000,0.000000,0.000000,0.000000,0.000000
97.610190,1765336612.883512,1765336347,0.316112,0.000333,0.000000,0.000000,0.000000,0.000000,0.000000,0.344366
97.630214,1765336612.903542,1765336347,0.316112,0.000333,0.000000,0.000000,0.000000,0.000000,0.000000,-1.033098
97.650221,1765336612.923549,1765336347,0.316112,0.000333,0.000000,0.000000,0.000000,0.000000,0.000000,-0.344366
97.670244,1765336612.943580,1765336347,0.316112,0.000333,0.000000,0.000000,0.000000,0.000000,0.000000,0.000000
97.690214,1765336612.963534,1765336347,0.316112,0.000333,0.000000,0.000000,0.000000,0.000000,0.000000,-0.344366
97.710251,1765336612.983578,1765336347,0.316112,0.000333,0.000000,0.000000,0.000000,0.000000,0.000000,0.000000
97.730260,1765336613.003588,1765336347,0.316112,0.000333,0.000000,0.000000,0.000000,0.000000,0.000000,0.344366
97.750270,1765336613.023598,1765336347,0.316112,0.000333,0.000000,0.000000,0.000000,0.000000,0.000000,-0.344366
97.770187,1765336613.043469,1765336347,0.316112,0.000333,0.000000,0.000000,0.000000,0.000000,0.000000,0.000000
97.790172,1765336613.063447,1765336347,0.316112,0.000333,0.000000,0.000000,0.000000,0.000000,0.000000,-0.344366
97.810198,1765336613.083484,1765336347,0.316112,0.000333,0.000000,0.000000,0.000000,0.000000,0.000000,-0.344366
97.830237,1765336613.103537,1765336347,0.316112,0.000333,0.000000,0.000000,0.000000,0.000000,0.000000,0.344366
97.850253,1765336613.123564,1765336347,0.316112,0.000333,0.000000,0.000000,0.000000,0.000000,0.000000,0.000000
97.870289,1765336613.143610,1765336347,0.316112,0.000333,0.000000,0.000000,0.000000,0.000000,0.000000,-0.344366
97.890289,1765336613.163610,1765336347,0.316112,0.000333,0.000000,0.000000,0.000000,0.000000,0.000000,0.344366
97.910313,1765336613.183642,1765336347,0.316112,0.000333,0.000000,0.000000,0.000000,0.000000,0.000000,-0.344366
97.930322,1765336613.203650,1765336347,0.316112,0.000333,0.000000,0.000000,0.000000,0.000000,0.000000,-0.344366
97.950332,1765336613.223660,1765336347,0.316112,0.000333,0.000000,0.000000,0.000000,0.000000,0.000000,0.344366
97.970393,1765336613.243753,1765336347,0.316112,0.000333,0.000000,0.000000,0.000000,0.000000,0.000000,-0.344366
97.990351,1765336613.263680,1765336347,0.316112,0.000333,0.000000,0.000000,0.000000,0.000000,0.000000,0.000000
98.010361,1765336613.283690,1765336347,0.316112,0.000333,0.000000,0.000000,0.000000,0.000000,0.000000,-0.344366
98.030371,1765336613.303699,1765336347,0.316112,0.000333,0.000000,0.000000,0.000000,0.000000,0.000000,-0.344366
98.050381,1765336613.323711,1765336347,0.316112,0.000333,0.000000,0.000000,0.000000,0.000000,0.000000,-0.344366
98.070392,1765336613.343720,1765336347,0.316112,0.000333,0.000000,0.000000,0.000000,0.000000,0.000000,0.000000
98.090413,1765336613.363753,1765336347,0.316112,0.000333,0.000000,0.000000,0.000000,0.000000,0.000000,-0.344366
98.110322,1765336613.383606,1765336347,0.316112,0.000333,0.000000,0.000000,0.000000,0.000000,0.000000,0.000000
98.130313,1765336613.403592,1765336347,0.316112,0.000333,0.000000,0.000000,0.000000,0.000000,0.000000,0.344366
98.150357,1765336613.423658,1765336347,0.316112,0.000333,0.000000,0.000000,0.000000,0.000000,0.000000,0.000000
98.170401,1765336613.443722,1765336347,0.316112,0.000333,0.000000,0.000000,0.000000,0.000000,0.000000,0.344366
98.190437,1765336613.463773,1765336347,0.316112,0.000333,0.000000,0.000000,0.000000,0.000000,0.000000,-0.344366
98.210448,1765336613.483783,1765336347,0.316112,0.000333,0.000000,0.000000,0.000000,0.000000,0.000000,-0.344366
98.230457,1765336613.503793,1765336347,0.316112,0.000333,0.000000,0.000000,0.000000,0.000000,0.000000,0.000000
98.250454,1765336613.523781,1765336347,0.316112,0.000333,0.000000,0.000000,0.000000,0.000000,0.000000,0.344366
98.270477,1765336613.543813,1765336347,0.316112,0.000333,0.000000,0.000000,0.000000,0.000000,0.000000,-0.344366
98.290486,1765336613.563815,1765336347,0.316112,0.000333,0.000000,0.000000,0.000000,0.000000,0.000000,-0.344366
98.310496,1765336613.583833,1765336347,0.316112,0.000333,0.000000,0.000000,0.000000,0.000000,0.000000,-0.344366
98.330506,1765336613.603842,1765336347,0.316112,0.000333,0.000000,0.000000,0.000000,0.000000,0.000000,-0.344366
98.350545,1765336613.623884,1765336347,0.316112,0.000333,0.000000,0.000000,0.000000,0.000000,0.000000,0.344366
98.370519,1765336613.643855,1765336347,0.316112,0.000333,0.000000,0.000000,0.000000,0.000000,0.000000,0.344366
98.390535,1765336613.663871,1765336347,0.316112,0.000333,0.000000,0.000000,0.000000,0.000000,0.000000,-0.344366
98.410544,1765336613.683882,1765336347,0.316112,0.000333,0.000000,0.000000,0.000000,0.000000,0.000000,0.344366
98.430554,1765336613.703890,1765336347,0.316112,0.000333,0.000000,0.000000,0.000000,0.000000,0.000000,0.000000
98.450563,1765336613.723899,1765336347,0.316112,0.000333,0.000000,0.000000,0.000000,0.000000,0.000000,0.000000
98.470575,1765336613.743911,1765336347,0.316112,0.000333,0.000000,0.000000,0.000000,0.000000,0.000000,-0.344366
98.490583,1765336613.763919,1765336347,0.316112,0.000333,0.000000,0.000000,0.000000,0.000000,0.000000,0.344366
98.510593,1765336613.783929,1765336347,0.316112,0.000333,0.000000,0.000000,0.000000,0.000000,0.000000,0.344366
98.530777,1765336613.804084,1765336347,0.316112,0.000333,0.000000,0.000000,0.000000,0.000000,0.000000,0.344366
98.550902,1765336613.824261,1765336347,0.316112,0.000333,0.000000,0.000000,0.000000,0.000000,0.000000,0.000000
98.570891,1765336613.844236,1765336347,0.316112,0.000333,0.000000,0.000000,0.000000,0.000000,0.000000,0.000000
98.590887,1765336613.864223,1765336347,0.316112,0.000333,0.000000,0.000000,0.000000,0.000000,0.000000,-0.344366
98.610919,1765336613.884252,1765336347,0.316112,0.000333,0.000000,0.000000,0.000000,0.000000,0.000000,0.000000
98.630939,1765336613.904305,1765336347,0.316112,0.000333,0.000000,0.000000,0.000000,0.000000,0.000000,0.000000
98.650908,1765336613.924227,1765336347,0.316112,0.000333,0.000000,0.000000,0.000000,0.000000,0.000000,0.000000
98.671120,1765336613.944410,1765336347,0.316112,0.000333,0.000000,0.000000,0.000000,0.000000,0.000000,-0.344366
98.691115,1765336613.964562,1765336347,0.316112,0.000333,0.000000,0.000000,0.000000,0.000000,0.000000,0.000000
98.711102,1765336613.984381,1765336347,0.316112,0.000333,0.000000,0.000000,0.000000,0.000000,0.000000,0.000000
98.731108,1765336614.004390,1765336347,0.316112,0.000333,0.000000,0.000000,0.000000,0.000000,0.000000,0.000000
98.751131,1765336614.024424,1765336347,0.316112,0.000333,0.000000,0.000000,0.000000,0.000000,0.000000,-0.344366
98.771152,1765336614.044454,1765336347,0.316112,0.000333,0.000000,0.000000,0.000000,0.000000,0.000000,0.000000
98.791183,1765336614.064499,1765336347,0.316112,0.000333,0.000000,0.000000,0.000000,0.000000,0.000000,0.000000
98.811203,1765336614.084524,1765336347,0.316112,0.000333,0.000000,0.000000,0.000000,0.000000,0.000000,0.344366
98.831226,1765336614.104555,1765336347,0.316112,0.000333,0.000000,0.000000,0.000000,0.000000,0.000000,-0.344366
98.851288,1765336614.124646,1765336347,0.316112,0.000333,0.000000,0.000000,0.000000,0.000000,0.000000,-0.344366
98.871338,1765336614.144702,1765336347,0.316112,0.000333,0.000000,0.000000,0.000000,0.000000,0.000000,-0.344366
98.891290,1765336614.164637,1765336347,0.316112,0.000333,0.000000,0.000000,0.000000,0.000000,0.000000,-0.344366
98.911285,1765336614.184620,1765336347,0.316112,0.000333,0.000000,0.000000,0.000000,0.000000,0.000000,0.344366
98.931294,1765336614.204631,1765336347,0.316112,0.000333,0.000000,0.000000,0.000000,0.000000,0.000000,0.000000
98.951297,1765336614.224625,1765336347,0.316112,0.000333,0.000000,0.000000,0.000000,0.000000,0.000000,0.344366
98.971304,1765336614.244632,1765336347,0.316112,0.000333,0.000000,0.000000,0.000000,0.000000,0.000000,0.344366
98.991314,1765336614.264642,1765336347,0.316112,0.000333,0.000000,0.000000,0.000000,0.000000,0.000000,0.344366
99.011322,1765336614.284650,1765336347,0.316112,0.000333,0.000000,0.000000,0.000000,0.000000,0.000000,-0.344366
99.031331,1765336614.304660,1765336347,0.316112,0.000333,0.000000,0.000000,0.000000,0.000000,0.000000,0.344366
99.051353,1765336614.324687,1765336347,0.316112,0.000333,0.000000,0.000000,0.000000,0.000000,-0.688732,-0.344366
99.071349,1765336614.344677,1765336347,0.316112,0.000333,0.000000,0.000000,0.000000,0.000000,0.000000,-0.344366
99.091324,1765336614.364660,1765336347,0.316112,0.000333,0.000000,0.000000,0.000000,0.000000,0.000000,0.344366
99.111652,1765336614.384930,1765336347,0.316112,0.000333,0.000000,0.000000,0.000000,0.000000,0.000000,-0.344366
99.131664,1765336614.404946,1765336347,0.316112,0.000333,0.000000,0.000000,0.000000,0.000000,0.000000,0.344366
99.151726,1765336614.425036,1765336347,0.316112,0.000333,0.000000,0.000000,0.000000,0.000000,0.000000,-0.344366
99.171781,1765336614.445117,1765336347,0.316112,0.000333,0.000000,0.000000,0.000000,0.000000,0.000000,0.000000
99.191739,1765336614.465058,1765336347,0.316112,0.000333,0.000000,0.000000,0.000000,0.000000,0.000000,0.000000
99.211748,1765336614.485067,1765336347,0.316112,0.000333,0.000000,0.000000,0.000000,0.000000,0.000000,-1.033098
99.231757,1765336614.505076,1765336347,0.316112,0.000333,0.000000,0.000000,0.000000,0.000000,0.000000,0.344366
99.251796,1765336614.525107,1765336347,0.316112,0.000333,0.000000,0.000000,0.000000,0.000000,0.000000,-0.344366
99.271805,1765336614.545116,1765336347,0.316112,0.000333,0.000000,0.000000,0.000000,0.000000,0.000000,0.000000
99.291817,1765336614.565129,1765336347,0.316112,0.000333,0.000000,0.000000,0.000000,0.000000,0.000000,-0.344366
99.311818,1765336614.585106,1765336347,0.316112,0.000333,0.000000,0.000000,0.000000,0.000000,0.000000,-0.344366
99.331807,1765336614.605086,1765336347,0.316112,0.000333,0.000000,0.000000,0.000000,0.000000,0.000000,0.000000
99.351808,1765336614.625087,1765336347,0.316112,0.000333,0.000000,0.000000,0.000000,0.000000,-0.688732,-0.344366
99.371834,1765336614.645125,1765336347,0.316112,0.000333,0.000000,0.000000,0.000000,0.000000,0.000000,-0.344366
99.391873,1765336614.665177,1765336347,0.316112,0.000333,0.000000,0.000000,0.000000,0.000000,0.000000,-0.344366
99.411874,1765336614.685182,1765336347,0.316112,0.000333,0.000000,0.000000,0.000000,0.000000,0.000000,-0.344366
99.431898,1765336614.705215,1765336347,0.316112,0.000333,0.000000,0.000000,0.000000,0.000000,0.000000,-0.344366
99.451906,1765336614.725221,1765336347,0.316112,0.000333,0.000000,0.000000,0.000000,0.000000,0.000000,0.344366
99.471925,1765336614.745245,1765336347,0.316112,0.000333,0.000000,0.000000,0.000000,0.000000,0.000000,0.000000
99.492000,1765336614.765403,1765336347,0.316112,0.000333,0.000000,0.000000,0.000000,0.000000,0.000000,0.344366
99.511989,1765336614.785364,1765336347,0.316112,0.000333,0.000000,0.000000,0.000000,0.000000,0.000000,-0.344366
99.531972,1765336614.805322,1765336347,0.316112,0.000333,0.000000,0.000000,0.000000,0.000000,0.000000,0.344366
99.551983,1765336614.825342,1765336347,0.316112,0.000333,0.000000,0.000000,0.000000,0.000000,0.000000,0.344366
99.571992,1765336614.845353,1765336347,0.316112,0.000333,0.000000,0.000000,0.000000,0.000000,0.000000,0.000000
99.592003,1765336614.865370,1765336347,0.316112,0.000333,0.000000,0.000000,0.000000,0.000000,0.000000,-0.344366
99.612039,1765336614.885371,1765336347,0.316112,0.000333,0.000000,0.000000,0.000000,0.000000,0.000000,0.000000
99.632050,1765336614.905381,1765336347,0.316112,0.000333,0.000000,0.000000,0.000000,0.000000,0.000000,0.344366
99.651949,1765336614.925234,1765336347,0.316112,0.000333,0.000000,0.000000,0.000000,0.000000,-0.344366,-0.344366
99.672059,1765336614.945389,1765336347,0.316112,0.000333,0.000000,0.000000,0.000000,0.000000,0.000000,-0.344366
99.691987,1765336614.965305,1765336347,0.316112,0.000333,0.000000,0.000000,0.000000,0.000000,0.000000,0.000000
99.712033,1765336614.985346,1765336347,0.316112,0.000333,0.000000,0.000000,0.000000,0.000000,0.000000,0.000000
99.732065,1765336615.005388,1765336347,0.316112,0.000333,0.000000,0.000000,0.000000,0.000000,0.000000,-0.344366
99.752040,1765336615.025348,1765336347,0.316112,0.000333,0.000000,0.000000,0.000000,0.000000,0.000000,0.000000
99.772030,1765336615.045333,1765336347,0.316112,0.000333,0.000000,0.000000,0.000000,0.000000,0.000000,-0.344366
99.792048,1765336615.065353,1765336347,0.316112,0.000333,0.000000,0.000000,0.000000,0.000000,0.000000,0.000000
99.812064,1765336615.085376,1765336347,0.316112,0.000333,0.000000,0.000000,0.000000,0.000000,0.000000,0.000000
99.832097,1765336615.105419,1765336347,0.316112,0.000333,0.000000,0.000000,0.000000,0.000000,0.000000,0.000000
99.852120,1765336615.125442,1765336347,0.316112,0.000333,0.000000,0.000000,0.000000,0.000000,0.000000,0.344366
99.872088,1765336615.145404,1765336347,0.316112,0.000333,0.000000,0.000000,0.000000,0.000000,0.000000,0.000000
99.892087,1765336615.165394,1765336347,0.316112,0.000333,0.000000,0.000000,0.000000,0.000000,0.000000,-0.344366
99.912115,1765336615.185428,1765336347,0.316112,0.000333,0.000000,0.000000,0.000000,0.000000,0.000000,0.344366
99.932131,1765336615.205452,1765336347,0.316112,0.000333,0.000000,0.000000,0.000000,0.000000,0.000000,-0.344366
99.952152,1765336615.225480,1765336347,0.316112,0.000333,0.000000,0.000000,0.000000,0.000000,0.000000,0.344366
99.972149,1765336615.245470,1765336347,0.316112,0.000333,0.000000,0.000000,0.000000,0.000000,0.000000,0.344366
99.992156,1765336615.265477,1765336347,0.316112,0.000333,0.000000,0.000000,0.000000,0.000000,0.000000,-0.344366
100.012164,1765336615.285485,1765336347,0.316112,0.000333,0.000000,0.000000,0.000000,0.000000,0.000000,0.344366
100.032187,1765336615.305516,1765336347,0.316112,0.000333,0.000000,0.000000,0.000000,0.000000,0.000000,0.000000
100.052197,1765336615.325525,1765336347,0.316112,0.000333,0.000000,0.000000,0.000000,0.000000,0.000000,0.344366
100.072206,1765336615.345536,1765336347,0.316112,0.000333,0.000000,0.000000,0.000000,0.000000,0.000000,-0.344366
100.092127,1765336615.365412,1765336347,0.316112,0.000333,0.000000,0.000000,0.000000,0.000000,0.000000,0.344366
100.112184,1765336615.385487,1765336347,0.316112,0.000333,0.000000,0.000000,0.000000,0.000000,0.000000,-0.344366
100.132131,1765336615.405419,1765336347,0.316112,0.000333,0.000000,0.000000,0.000000,0.000000,0.000000,0.344366
100.152192,1765336615.425503,1765336347,0.316112,0.000333,0.000000,0.000000,0.000000,0.000000,0.000000,0.344366
100.172227,1765336615.445544,1765336347,0.316112,0.000333,0.000000,0.000000,0.000000,0.000000,0.000000,-0.344366
100.192225,1765336615.465547,1765336347,0.316112,0.000333,0.000000,0.000000,0.000000,0.000000,0.000000,-0.344366
100.212250,1765336615.485579,1765336347,0.316112,0.000333,0.000000,0.000000,0.000000,0.000000,0.000000,-0.344366
100.232258,1765336615.505587,1765336347,0.316112,0.000333,0.000000,0.000000,0.000000,0.000000,0.000000,-0.344366
100.252268,1765336615.525597,1765336347,0.316112,0.000333,0.000000,0.000000,0.000000,0.000000,0.000000,-0.344366
100.272278,1765336615.545606,1765336347,0.316112,0.000333,0.000000,0.000000,0.000000,0.000000,0.000000,0.000000
100.292221,1765336615.565529,1765336347,0.316112,0.000333,0.000000,0.000000,0.000000,0.000000,0.000000,0.000000
100.312471,1765336615.585816,1765336347,0.316112,0.000333,0.000000,0.000000,0.000000,0.000000,0.000000,0.344366
100.332397,1765336615.605716,1765336347,0.316112,0.000333,0.000000,0.000000,0.000000,0.000000,0.000000,0.344366
100.352541,1765336615.625887,1765336347,0.316112,0.000333,0.000000,0.000000,0.000000,0.000000,0.000000,0.344366
100.372575,1765336615.645934,1765336347,0.316112,0.000333,0.000000,0.000000,0.000000,0.000000,0.000000,0.000000
100.392546,1765336615.665881,1765336347,0.316112,0.000333,0.000000,0.000000,0.000000,0.000000,0.000000,0.344366
100.412546,1765336615.685875,1765336347,0.316112,0.000333,0.000000,0.000000,0.000000,0.000000,0.000000,0.000000
100.432488,1765336615.705783,1765336347,0.316112,0.000333,0.000000,0.000000,0.000000,0.000000,0.000000,-0.344366
100.452560,1765336615.725889,1765336347,0.316112,0.000333,0.000000,0.000000,0.000000,0.000000,0.000000,-0.344366
100.472553,1765336615.745872,1765336347,0.316112,0.000333,0.000000,0.000000,0.000000,0.000000,0.000000,0.000000
100.492566,1765336615.765887,1765336347,0.316112,0.000333,0.000000,0.000000,0.000000,0.000000,0.000000,0.000000
100.512541,1765336615.785848,1765336347,0.316112,0.000333,0.000000,0.000000,0.000000,0.000000,0.000000,-0.344366
100.532589,1765336615.805916,1765336347,0.316112,0.000333,0.000000,0.000000,0.000000,0.000000,0.000000,0.000000
100.552585,1765336615.825900,1765336347,0.316112,0.000333,0.000000,0.000000,0.000000,0.000000,0.000000,-0.344366
100.572569,1765336615.845880,1765336347,0.316112,0.000333,0.000000,0.000000,0.000000,0.000000,0.000000,-0.344366
100.592563,1765336615.865867,1765336347,0.316112,0.000333,0.000000,0.000000,0.000000,0.000000,0.000000,0.000000
100.612574,1765336615.885881,1765336347,0.316112,0.000333,0.000000,0.000000,0.000000,0.000000,0.000000,0.000000
100.632589,1765336615.905900,1765336347,0.316112,0.000333,0.000000,0.000000,0.000000,0.000000,0.000000,0.000000
100.652605,1765336615.925920,1765336347,0.316112,0.000333,0.000000,0.000000,0.000000,0.000000,0.000000,0.000000
100.672620,1765336615.945941,1765336347,0.316112,0.000333,0.000000,0.000000,0.000000,0.000000,0.000000,-0.344366
100.692619,1765336615.965940,1765336347,0.316112,0.000333,0.000000,0.000000,0.000000,0.000000,0.000000,-0.344366
100.712710,1765336615.986068,1765336347,0.316112,0.000333,0.000000,0.000000,0.000000,0.000000,0.000000,0.000000
100.732683,1765336616.006020,1765336347,0.316112,0.000333,0.000000,0.000000,0.000000,0.000000,0.000000,0.000000
100.752666,1765336616.025987,1765336347,0.316112,0.000333,0.000000,0.000000,0.000000,0.000000,0.000000,0.344366
100.772662,1765336616.045977,1765336347,0.316112,0.000333,0.000000,0.000000,0.000000,0.000000,0.000000,0.000000
100.792660,1765336616.065971,1765336347,0.316112,0.000333,0.000000,0.000000,0.000000,0.000000,0.000000,0.344366
100.812705,1765336616.086034,1765336347,0.316112,0.000333,0.000000,0.000000,0.000000,0.000000,0.000000,0.344366
100.832715,1765336616.106043,1765336347,0.316112,0.000333,0.000000,0.000000,0.000000,0.000000,0.000000,0.000000
100.852752,1765336616.126097,1765336347,0.316112,0.000333,0.000000,0.000000,0.000000,0.000000,0.000000,0.000000
100.872787,1765336616.146149,1765336347,0.316112,0.000333,0.000000,0.000000,0.000000,0.000000,0.000000,0.000000
100.892689,1765336616.166008,1765336347,0.316112,0.000333,0.000000,0.000000,0.000000,0.000000,0.000000,0.000000
100.912687,1765336616.185986,1765336347,0.316112,0.000333,0.000000,0.000000,0.000000,0.000000,0.000000,-0.344366
100.932667,1765336616.205950,1765336347,0.316112,0.000333,0.000000,0.000000,0.000000,0.000000,0.000000,0.000000
100.952698,1765336616.225986,1765336347,0.316112,0.000333,0.000000,0.000000,0.000000,0.000000,0.000000,0.344366
100.972690,1765336616.245978,1765336347,0.316112,0.000333,0.000000,0.000000,0.000000,0.000000,0.000000,0.000000
100.992673,1765336616.265956,1765336347,0.316112,0.000333,0.000000,0.000000,0.000000,0.000000,0.000000,0.344366
101.012660,1765336616.285934,1765336347,0.316112,0.000333,0.000000,0.000000,0.000000,0.000000,0.000000,-0.344366
101.032673,1765336616.305952,1765336347,0.316112,0.000333,0.000000,0.000000,0.000000,0.000000,0.000000,0.344366
101.052675,1765336616.325954,1765336347,0.316112,0.000333,0.000000,0.000000,0.000000,0.000000,0.000000,0.344366
101.072694,1765336616.345982,1765336347,0.316112,0.000333,0.000000,0.000000,0.000000,0.000000,0.000000,0.000000
101.092742,1765336616.366196,1765336347,0.316112,0.000333,0.000000,0.000000,0.000000,0.000000,0.000000,0.344366
101.112688,1765336616.385969,1765336347,0.316112,0.000333,0.000000,0.000000,0.000000,0.000000,0.000000,0.344366
101.132687,1765336616.405972,1765336347,0.316112,0.000333,0.000000,0.000000,0.000000,0.000000,0.000000,-0.344366
101.152741,1765336616.426047,1765336347,0.316112,0.000333,0.000000,0.000000,0.000000,0.000000,0.000000,0.000000
101.172748,1765336616.446052,1765336347,0.316112,0.000333,0.000000,0.000000,0.000000,0.000000,0.000000,0.000000
101.192760,1765336616.466067,1765336347,0.316112,0.000333,0.000000,0.000000,0.000000,0.000000,0.000000,-0.344366
101.212806,1765336616.486123,1765336347,0.316112,0.000333,0.000000,0.000000,0.000000,0.000000,0.000000,0.000000
101.232783,1765336616.506094,1765336347,0.316112,0.000333,0.000000,0.000000,0.000000,0.000000,0.000000,-0.344366
101.252734,1765336616.526016,1765336347,0.316112,0.000333,0.000000,0.000000,0.000000,0.000000,-0.688732,-0.344366
101.272723,1765336616.546004,1765336347,0.316112,0.000333,0.000000,0.000000,0.000000,0.000000,0.000000,0.344366
101.292812,1765336616.566133,1765336347,0.316112,0.000333,0.000000,0.000000,0.000000,0.000000,0.000000,0.000000
101.312835,1765336616.586163,1765336347,0.316112,0.000333,0.000000,0.000000,0.000000,0.000000,0.000000,0.000000
101.332844,1765336616.606172,1765336347,0.316112,0.000333,0.000000,0.000000,0.000000,0.000000,0.000000,-0.344366
101.352853,1765336616.626182,1765336347,0.316112,0.000333,0.000000,0.000000,0.000000,0.000000,0.000000,0.344366
101.372805,1765336616.646126,1765336347,0.316112,0.000333,0.000000,0.000000,0.000000,0.000000,0.000000,-0.344366
101.392813,1765336616.666132,1765336347,0.316112,0.000333,0.000000,0.000000,0.000000,0.000000,0.000000,0.344366
101.412934,1765336616.686326,1765336347,0.316112,0.000333,0.000000,0.000000,0.000000,0.000000,0.000000,0.000000
101.432946,1765336616.706351,1765336347,0.316112,0.000333,0.000000,0.000000,0.000000,0.000000,0.000000,0.344366
101.452937,1765336616.726275,1765336347,0.316112,0.000333,0.000000,0.000000,0.000000,0.000000,0.000000,-0.344366
101.472865,1765336616.746165,1765336347,0.316112,0.000333,0.000000,0.000000,0.000000,0.000000,0.000000,-0.344366
101.492978,1765336616.766377,1765336347,0.316112,0.000333,0.000000,0.000000,0.000000,0.000000,0.000000,-0.344366
101.512937,1765336616.786265,1765336347,0.316112,0.000333,0.000000,0.000000,0.000000,0.000000,0.000000,0.000000
101.532909,1765336616.806216,1765336347,0.316112,0.000333,0.000000,0.000000,0.000000,0.000000,0.000000,-0.344366
101.552916,1765336616.826227,1765336347,0.316112,0.000333,0.000000,0.000000,0.000000,0.000000,0.000000,-0.344366
101.572899,1765336616.846196,1765336347,0.316112,0.000333,0.000000,0.000000,0.000000,0.000000,0.000000,0.000000
101.592900,1765336616.866199,1765336347,0.316112,0.000333,0.000000,0.000000,0.000000,0.000000,0.000000,0.000000
101.612923,1765336616.886230,1765336347,0.316112,0.000333,0.000000,0.000000,0.000000,0.000000,0.000000,0.344366
101.632910,1765336616.906206,1765336347,0.316112,0.000333,0.000000,0.000000,0.000000,0.000000,0.000000,0.000000
101.652929,1765336616.926228,1765336347,0.316112,0.000333,0.000000,0.000000,0.000000,0.000000,0.000000,0.000000
101.672932,1765336616.946222,1765336347,0.316112,0.000333,0.000000,0.000000,0.000000,0.000000,0.000000,-0.344366
101.692950,1765336616.966249,1765336347,0.316112,0.000333,0.000000,0.000000,0.000000,0.000000,0.000000,0.000000
101.712968,1765336616.986277,1765336347,0.316112,0.000333,0.000000,0.000000,0.000000,0.000000,0.000000,-0.344366
101.732976,1765336617.006272,1765336347,0.316112,0.000333,0.000000,0.000000,0.000000,0.000000,0.000000,0.344366
101.753056,1765336617.026380,1765336347,0.316112,0.000333,0.000000,0.000000,0.000000,0.000000,0.000000,0.000000
101.773096,1765336617.046433,1765336347,0.316112,0.000333,0.000000,0.000000,0.000000,0.000000,0.000000,-0.344366
101.793145,1765336617.066505,1765336347,0.316112,0.000333,0.000000,0.000000,0.000000,0.000000,0.000000,0.000000
101.813127,1765336617.086474,1765336347,0.316112,0.000333,0.000000,0.000000,0.000000,0.000000,0.000000,0.000000
101.833126,1765336617.106462,1765336347,0.316112,0.000333,0.000000,0.000000,0.000000,0.000000,0.000000,-0.344366
101.853145,1765336617.126482,1765336347,0.316112,0.000333,0.000000,0.000000,0.000000,0.000000,0.000000,0.344366
101.873132,1765336617.146461,1765336347,0.316112,0.000333,0.000000,0.000000,0.000000,0.000000,0.000000,0.000000
101.893144,1765336617.166472,1765336347,0.316112,0.000333,0.000000,0.000000,0.000000,0.000000,0.000000,0.000000
101.913168,1765336617.186504,1765336347,0.316112,0.000333,0.000000,0.000000,0.000000,0.000000,0.000000,0.000000
101.933178,1765336617.206514,1765336347,0.316112,0.000333,0.000000,0.000000,0.000000,0.000000,0.000000,0.688732
101.953162,1765336617.226483,1765336347,0.316112,0.000333,0.000000,0.000000,0.000000,0.000000,0.000000,-0.344366
101.973131,1765336617.246427,1765336347,0.316112,0.000333,0.000000,0.000000,0.000000,0.000000,0.000000,0.344366
101.993107,1765336617.266382,1765336347,0.316112,0.000333,0.000000,0.000000,0.000000,0.000000,0.000000,-0.344366
102.013123,1765336617.286406,1765336347,0.316112,0.000333,0.000000,0.000000,0.000000,0.000000,0.000000,0.000000
102.033155,1765336617.306454,1765336347,0.316112,0.000333,0.000000,0.000000,0.000000,0.000000,0.000000,-0.344366
102.053175,1765336617.326483,1765336347,0.316112,0.000333,0.000000,0.000000,0.000000,0.000000,0.000000,-0.344366
102.073238,1765336617.346574,1765336347,0.316112,0.000333,0.000000,0.000000,0.000000,0.000000,0.000000,0.000000
102.093134,1765336617.366411,1765336347,0.316112,0.000333,0.000000,0.000000,0.000000,0.000000,0.000000,0.344366
102.113147,1765336617.386427,1765336347,0.316112,0.000333,0.000000,0.000000,0.000000,0.000000,0.000000,0.344366
102.133170,1765336617.406461,1765336347,0.316112,0.000333,0.000000,0.000000,0.000000,0.000000,0.000000,0.344366
102.153193,1765336617.426494,1765336347,0.316112,0.000333,0.000000,0.000000,0.000000,0.000000,0.000000,0.344366
102.173225,1765336617.446541,1765336347,0.316112,0.000333,0.000000,0.000000,0.000000,0.000000,-0.688732,0.000000
102.193244,1765336617.466566,1765336347,0.316112,0.000333,0.000000,0.000000,0.000000,0.000000,0.000000,0.344366
102.213268,1765336617.486596,1765336347,0.316112,0.000333,0.000000,0.000000,0.000000,0.000000,-0.688732,-0.344366
102.233290,1765336617.506626,1765336347,0.316112,0.000333,0.000000,0.000000,0.000000,0.000000,0.000000,-0.344366
102.253329,1765336617.526667,1765336347,0.316112,0.000333,0.000000,0.000000,0.000000,0.000000,0.000000,-0.344366
102.273349,1765336617.546709,1765336347,0.316112,0.000333,0.000000,0.000000,0.000000,0.000000,0.000000,0.344366
102.293257,1765336617.566568,1765336347,0.316112,0.000333,0.000000,0.000000,0.000000,0.000000,0.000000,0.000000
102.313318,1765336617.586647,1765336347,0.316112,0.000333,0.000000,0.000000,0.000000,0.000000,0.000000,0.344366
102.333328,1765336617.606656,1765336347,0.316112,0.000333,0.000000,0.000000,0.000000,0.000000,0.000000,-0.344366
102.353337,1765336617.626665,1765336347,0.316112,0.000333,0.000000,0.000000,0.000000,0.000000,0.000000,-0.344366
102.373347,1765336617.646676,1765336347,0.316112,0.000333,0.000000,0.000000,0.000000,0.000000,0.000000,-0.344366
102.393369,1765336617.666705,1765336347,0.316112,0.000333,0.000000,0.000000,0.000000,0.000000,0.000000,0.000000
102.413419,1765336617.686779,1765336347,0.316112,0.000333,0.000000,0.000000,0.000000,0.000000,0.000000,0.344366
102.433433,1765336617.706793,1765336347,0.316112,0.000333,0.000000,0.000000,0.000000,0.000000,0.000000,0.000000
102.453448,1765336617.726807,1765336347,0.316112,0.000333,0.000000,0.000000,0.000000,0.000000,0.000000,0.000000
102.473461,1765336617.746820,1765336347,0.316112,0.000333,0.000000,0.000000,0.000000,0.000000,0.000000,0.000000
102.493433,1765336617.766769,1765336347,0.316112,0.000333,0.000000,0.000000,0.000000,0.000000,0.000000,0.344366
102.513516,1765336617.786879,1765336347,0.316112,0.000333,0.000000,0.000000,0.000000,0.000000,0.000000,0.344366
102.533474,1765336617.806821,1765336347,0.316112,0.000333,0.000000,0.000000,0.000000,0.000000,0.000000,-0.344366
102.553510,1765336617.826869,1765336347,0.316112,0.000333,0.000000,0.000000,0.000000,0.000000,0.000000,-0.344366
102.573499,1765336617.846845,1765336347,0.316112,0.000333,0.000000,0.000000,0.000000,0.000000,0.000000,-0.344366
102.593511,1765336617.866856,1765336347,0.316112,0.000333,0.000000,0.000000,0.000000,0.000000,0.000000,-0.344366
102.613506,1765336617.886842,1765336347,0.316112,0.000333,0.000000,0.000000,0.000000,0.000000,0.000000,-0.344366
102.633504,1765336617.906832,1765336347,0.316112,0.000333,0.000000,0.000000,0.000000,0.000000,0.000000,0.344366
102.653514,1765336617.926843,1765336347,0.316112,0.000333,0.000000,0.000000,0.000000,0.000000,0.000000,-0.344366
102.673525,1765336617.946853,1765336347,0.316112,0.000333,0.000000,0.000000,0.000000,0.000000,0.000000,0.344366
102.693464,1765336617.966769,1765336347,0.316112,0.000333,0.000000,0.000000,0.000000,0.000000,0.000000,0.344366
102.713544,1765336617.986871,1765336347,0.316112,0.000333,0.000000,0.000000,0.000000,0.000000,0.000000,0.344366
102.733483,1765336618.006786,1765336347,0.316112,0.000333,0.000000,0.000000,0.000000,0.000000,0.000000,-0.344366
102.753593,1765336618.026939,1765336347,0.316112,0.000333,0.000000,0.000000,0.000000,0.000000,0.000000,-0.344366
102.773616,1765336618.046956,1765336347,0.316112,0.000333,0.000000,0.000000,0.000000,0.000000,0.000000,0.344366
102.793596,1765336618.066931,1765336347,0.316112,0.000333,0.000000,0.000000,0.000000,0.000000,0.000000,-0.344366
102.813649,1765336618.087008,1765336347,0.316112,0.000333,0.000000,0.000000,0.000000,0.000000,0.000000,-0.344366
102.833661,1765336618.107021,1765336347,0.316112,0.000333,0.000000,0.000000,0.000000,0.000000,0.000000,0.000000
102.853635,1765336618.126971,1765336347,0.316112,0.000333,0.000000,0.000000,0.000000,0.000000,0.000000,-0.344366
102.873645,1765336618.146981,1765336347,0.316112,0.000333,0.000000,0.000000,0.000000,0.000000,-0.688732,0.000000
102.893672,1765336618.167017,1765336347,0.316112,0.000333,0.000000,0.000000,0.000000,0.000000,0.000000,0.000000
102.913706,1765336618.187066,1765336347,0.316112,0.000333,0.000000,0.000000,0.000000,0.000000,-0.688732,-0.344366
102.933697,1765336618.207042,1765336347,0.316112,0.000333,0.000000,0.000000,0.000000,0.000000,0.000000,-0.344366
102.953708,1765336618.227053,1765336347,0.316112,0.000333,0.000000,0.000000,0.000000,0.000000,0.000000,0.000000
102.973703,1765336618.247039,1765336347,0.316112,0.000333,0.000000,0.000000,0.000000,0.000000,0.000000,0.344366
102.993712,1765336618.267048,1765336347,0.316112,0.000333,0.000000,0.000000,0.000000,0.000000,0.000000,0.344366
103.013721,1765336618.287057,1765336347,0.316112,0.000333,0.000000,0.000000,0.000000,0.000000,-0.688732,-0.344366
103.033757,1765336618.307096,1765336347,0.316112,0.000333,0.000000,0.000000,0.000000,0.000000,0.000000,0.344366
103.053741,1765336618.327077,1765336347,0.316112,0.000333,0.000000,0.000000,0.000000,0.000000,0.000000,0.344366
103.073750,1765336618.347087,1765336347,0.316112,0.000333,0.000000,0.000000,0.000000,0.000000,0.000000,-0.344366
103.093645,1765336618.366922,1765336347,0.316112,0.000333,0.000000,0.000000,0.000000,0.000000,0.000000,0.344366
103.113681,1765336618.386974,1765336347,0.316112,0.000333,0.000000,0.000000,0.000000,0.000000,0.000000,0.000000
103.133720,1765336618.407031,1765336347,0.316112,0.000333,0.000000,0.000000,0.000000,0.000000,0.000000,-0.344366
103.153747,1765336618.427068,1765336347,0.316112,0.000333,0.000000,0.000000,0.000000,0.000000,0.000000,-0.344366
103.173771,1765336618.447099,1765336347,0.316112,0.000333,0.000000,0.000000,0.000000,0.000000,0.000000,-0.344366
103.193781,1765336618.467109,1765336347,0.316112,0.000333,0.000000,0.000000,0.000000,0.000000,0.000000,-0.344366
103.213803,1765336618.487139,1765336347,0.316112,0.000333,0.000000,0.000000,0.000000,0.000000,0.000000,-0.344366
103.233812,1765336618.507148,1765336347,0.316112,0.000333,0.000000,0.000000,0.000000,0.000000,0.000000,0.000000
103.253821,1765336618.527157,1765336347,0.316112,0.000333,0.000000,0.000000,0.000000,0.000000,0.000000,-0.344366
103.273831,1765336618.547162,1765336347,0.316112,0.000333,0.000000,0.000000,0.000000,0.000000,0.000000,0.000000
103.293859,1765336618.567190,1765336347,0.316112,0.000333,0.000000,0.000000,0.000000,0.000000,0.000000,-0.344366
103.313810,1765336618.587141,1765336347,0.316112,0.000333,0.000000,0.000000,0.000000,0.000000,0.000000,0.344366
103.333880,1765336618.607226,1765336347,0.316112,0.000333,0.000000,0.000000,0.000000,0.000000,0.000000,-0.344366
103.353863,1765336618.627191,1765336347,0.316112,0.000333,0.000000,0.000000,0.000000,0.000000,0.000000,0.344366
103.373857,1765336618.647176,1765336347,0.316112,0.000333,0.000000,0.000000,0.000000,0.000000,0.000000,-0.344366
103.393866,1765336618.667187,1765336347,0.316112,0.000333,0.000000,0.000000,0.000000,0.000000,0.000000,0.000000
103.413875,1765336618.687195,1765336347,0.316112,0.000333,0.000000,0.000000,0.000000,0.000000,0.000000,-0.344366
103.433881,1765336618.707202,1765336347,0.316112,0.000333,0.000000,0.000000,0.000000,0.000000,0.000000,0.000000
103.453959,1765336618.727354,1765336347,0.316112,0.000333,0.000000,0.000000,0.000000,0.000000,-0.344366,0.000000
103.473949,1765336618.747327,1765336347,0.316112,0.000333,0.000000,0.000000,0.000000,0.000000,0.000000,0.344366
103.493942,1765336618.767278,1765336347,0.316112,0.000333,0.000000,0.000000,0.000000,0.000000,0.000000,0.344366
103.513939,1765336618.787267,1765336347,0.316112,0.000333,0.000000,0.000000,0.000000,0.000000,0.000000,0.344366
103.533947,1765336618.807275,1765336347,0.316112,0.000333,0.000000,0.000000,0.000000,0.000000,0.000000,0.344366
103.554084,1765336618.827449,1765336347,0.316112,0.000333,0.000000,0.000000,0.000000,0.000000,0.000000,-0.344366
103.573982,1765336618.847348,1765336347,0.316112,0.000333,0.000000,0.000000,0.000000,0.000000,0.000000,-0.344366
103.593980,1765336618.867341,1765336347,0.316112,0.000333,0.000000,0.000000,0.000000,0.000000,0.000000,-0.344366
103.613975,1765336618.887321,1765336347,0.316112,0.000333,0.000000,0.000000,0.000000,0.000000,0.000000,0.000000
103.633983,1765336618.907328,1765336347,0.316112,0.000333,0.000000,0.000000,0.000000,0.000000,0.000000,0.000000
103.653979,1765336618.927315,1765336347,0.316112,0.000333,0.000000,0.000000,0.000000,0.000000,0.000000,0.344366
103.673987,1765336618.947325,1765336347,0.316112,0.000333,0.000000,0.000000,0.000000,0.000000,0.000000,0.344366
103.694006,1765336618.967353,1765336347,0.316112,0.000333,0.000000,0.000000,0.000000,0.000000,0.000000,0.344366
103.714037,1765336618.987361,1765336347,0.316112,0.000333,0.000000,0.000000,0.000000,0.000000,-0.688732,-0.344366
103.734044,1765336619.007368,1765336347,0.316112,0.000333,0.000000,0.000000,0.000000,0.000000,0.000000,0.344366
103.754052,1765336619.027376,1765336347,0.316112,0.000333,0.000000,0.000000,0.000000,0.000000,0.000000,0.000000
103.774033,1765336619.047346,1765336347,0.316112,0.000333,0.000000,0.000000,0.000000,0.000000,-0.344366,-0.344366
103.794055,1765336619.067370,1765336347,0.316112,0.000333,0.000000,0.000000,0.000000,0.000000,0.000000,0.000000
103.814081,1765336619.087399,1765336347,0.316112,0.000333,0.000000,0.000000,0.000000,0.000000,0.000000,0.000000
103.834085,1765336619.107407,1765336347,0.316112,0.000333,0.000000,0.000000,0.000000,0.000000,0.000000,0.000000
103.854110,1765336619.127439,1765336347,0.316112,0.000333,0.000000,0.000000,0.000000,0.000000,0.000000,0.000000
103.874092,1765336619.147412,1765336347,0.316112,0.000333,0.000000,0.000000,0.000000,0.000000,0.000000,-0.344366
103.894097,1765336619.167413,1765336347,0.316112,0.000333,0.000000,0.000000,0.000000,0.000000,0.000000,0.000000
103.914120,1765336619.187441,1765336347,0.316112,0.000333,0.000000,0.000000,0.000000,0.000000,-0.344366,-0.344366
103.934202,1765336619.207561,1765336347,0.316112,0.000333,0.000000,0.000000,0.000000,0.000000,0.000000,-0.344366
103.954219,1765336619.227579,1765336347,0.316112,0.000333,0.000000,0.000000,0.000000,0.000000,0.000000,0.000000
103.974210,1765336619.247555,1765336347,0.316112,0.000333,0.000000,0.000000,0.000000,0.000000,0.000000,0.344366
103.994221,1765336619.267567,1765336347,0.316112,0.000333,0.000000,0.000000,0.000000,0.000000,0.000000,-0.344366
104.014216,1765336619.287551,1765336347,0.316112,0.000333,0.000000,0.000000,0.000000,0.000000,0.000000,-0.344366
104.034226,1765336619.307561,1765336347,0.316112,0.000333,0.000000,0.000000,0.000000,0.000000,0.000000,0.000000
104.054235,1765336619.327571,1765336347,0.316112,0.000333,0.000000,0.000000,0.000000,0.000000,0.000000,0.344366
104.074274,1765336619.347613,1765336347,0.316112,0.000333,0.000000,0.000000,0.000000,0.000000,0.000000,0.688732
104.094398,1765336619.367716,1765336347,0.316112,0.000333,0.000000,0.000000,0.000000,0.000000,0.000000,-0.344366
104.114276,1765336619.387560,1765336347,0.316112,0.000333,0.000000,0.000000,0.000000,0.000000,0.000000,0.000000
104.134422,1765336619.407750,1765336347,0.316112,0.000333,0.000000,0.000000,0.000000,0.000000,0.000000,0.000000
104.154461,1765336619.427808,1765336347,0.316112,0.000333,0.000000,0.000000,0.000000,0.000000,0.000000,0.344366
104.174473,1765336619.447818,1765336347,0.316112,0.000333,0.000000,0.000000,0.000000,0.000000,0.000000,0.344366
104.194467,1765336619.467802,1765336347,0.316112,0.000333,0.000000,0.000000,0.000000,0.000000,0.000000,-0.344366
104.214493,1765336619.487839,1765336347,0.316112,0.000333,0.000000,0.000000,0.000000,0.000000,0.000000,-0.344366
104.234487,1765336619.507823,1765336347,0.316112,0.000333,0.000000,0.000000,0.000000,0.000000,0.000000,0.344366
104.254537,1765336619.527896,1765336347,0.316112,0.000333,0.000000,0.000000,0.000000,0.000000,0.000000,-0.344366
104.274432,1765336619.547744,1765336347,0.316112,0.000333,0.000000,0.000000,0.000000,0.000000,0.000000,-0.344366
104.294575,1765336619.567935,1765336347,0.316112,0.000333,0.000000,0.000000,0.000000,0.000000,0.000000,0.000000
104.314587,1765336619.587948,1765336347,0.316112,0.000333,0.000000,0.000000,0.000000,0.000000,0.000000,0.344366
104.334545,1765336619.607873,1765336347,0.316112,0.000333,0.000000,0.000000,0.000000,0.000000,0.000000,0.344366
104.354591,1765336619.627936,1765336347,0.316112,0.000333,0.000000,0.000000,0.000000,0.000000,0.000000,-0.344366
104.374623,1765336619.647982,1765336347,0.316112,0.000333,0.000000,0.000000,0.000000,0.000000,0.000000,0.000000
104.394636,1765336619.667995,1765336347,0.316112,0.000333,0.000000,0.000000,0.000000,0.000000,0.000000,-0.344366
104.414539,1765336619.687859,1765336347,0.316112,0.000333,0.000000,0.000000,0.000000,0.000000,0.000000,0.344366
104.434659,1765336619.708019,1765336347,0.316112,0.000333,0.000000,0.000000,0.000000,0.000000,0.000000,0.000000
104.454672,1765336619.728031,1765336347,0.316112,0.000333,0.000000,0.000000,0.000000,0.000000,0.000000,0.344366
104.474661,1765336619.748007,1765336347,0.316112,0.000333,0.000000,0.000000,0.000000,0.000000,0.000000,-0.344366
104.494696,1765336619.768056,1765336347,0.316112,0.000333,0.000000,0.000000,0.000000,0.000000,0.000000,-0.344366
104.514687,1765336619.788032,1765336347,0.316112,0.000333,0.000000,0.000000,0.000000,0.000000,-0.344366,0.344366
104.534681,1765336619.808017,1765336347,0.316112,0.000333,0.000000,0.000000,0.000000,0.000000,0.000000,-0.344366
104.554732,1765336619.828091,1765336347,0.316112,0.000333,0.000000,0.000000,0.000000,0.000000,0.000000,-0.344366
104.574744,1765336619.848103,1765336347,0.316112,0.000333,0.000000,0.000000,0.000000,0.000000,0.000000,0.000000
104.594696,1765336619.868020,1765336347,0.316112,0.000333,0.000000,0.000000,0.000000,0.000000,0.000000,0.000000
104.614699,1765336619.888030,1765336347,0.316112,0.000333,0.000000,0.000000,0.000000,0.000000,0.000000,0.344366
104.634639,1765336619.907930,1765336347,0.316112,0.000333,0.000000,0.000000,0.000000,0.000000,0.000000,0.000000
104.654630,1765336619.927917,1765336347,0.316112,0.000333,0.000000,0.000000,0.000000,0.000000,0.000000,-0.344366
104.674723,1765336619.948058,1765336347,0.316112,0.000333,0.000000,0.000000,0.000000,0.000000,0.000000,-0.344366
104.694663,1765336619.967968,1765336347,0.316112,0.000333,0.000000,0.000000,0.000000,0.000000,0.000000,0.344366
104.714757,1765336619.988092,1765336347,0.316112,0.000333,0.000000,0.000000,0.000000,0.000000,0.000000,0.344366
104.734740,1765336620.008060,1765336347,0.316112,0.000333,0.000000,0.000000,0.000000,0.000000,0.000000,-0.344366
104.754698,1765336620.028009,1765336347,0.316112,0.000333,0.000000,0.000000,0.000000,0.000000,0.000000,-0.344366
104.774714,1765336620.048018,1765336347,0.316112,0.000333,0.000000,0.000000,0.000000,0.000000,0.000000,0.344366
104.794750,1765336620.068055,1765336347,0.316112,0.000333,0.000000,0.000000,0.000000,0.000000,0.000000,0.000000
104.814791,1765336620.088096,1765336347,0.316112,0.000333,0.000000,0.000000,0.000000,0.000000,0.000000,0.000000
104.834791,1765336620.108088,1765336347,0.316112,0.000333,0.000000,0.000000,0.000000,0.000000,0.000000,0.000000
104.854823,1765336620.128120,1765336347,0.316112,0.000333,0.000000,0.000000,0.000000,0.000000,0.000000,-0.344366
104.874808,1765336620.148105,1765336347,0.316112,0.000333,0.000000,0.000000,0.000000,0.000000,0.000000,0.000000
104.894815,1765336620.168115,1765336347,0.316112,0.000333,0.000000,0.000000,0.000000,0.000000,0.000000,0.000000
104.914823,1765336620.188123,1765336347,0.316112,0.000333,0.000000,0.000000,0.000000,0.000000,0.000000,0.000000
104.934826,1765336620.208123,1765336347,0.316112,0.000333,0.000000,0.000000,0.000000,0.000000,0.000000,-0.344366
104.954837,1765336620.228137,1765336347,0.316112,0.000333,0.000000,0.000000,0.000000,0.000000,0.000000,-0.344366
104.974859,1765336620.248175,1765336347,0.316112,0.000333,0.000000,0.000000,0.000000,0.000000,0.000000,-0.344366
104.994865,1765336620.268182,1765336347,0.316112,0.000333,0.000000,0.000000,0.000000,0.000000,0.000000,0.000000
105.014888,1765336620.288188,1765336347,0.316112,0.000333,0.000000,0.000000,0.000000,0.000000,0.000000,-0.344366
105.034894,1765336620.308207,1765336347,0.316112,0.000333,0.000000,0.000000,0.000000,0.000000,0.000000,-0.344366
105.054881,1765336620.328192,1765336347,0.316112,0.000333,0.000000,0.000000,0.000000,0.000000,0.000000,-0.344366
105.074896,1765336620.348198,1765336347,0.316112,0.000333,0.000000,0.000000,0.000000,0.000000,0.000000,-0.344366
105.094953,1765336620.368313,1765336347,0.316112,0.000333,0.000000,0.000000,0.000000,0.000000,0.000000,0.344366
105.114900,1765336620.388184,1765336347,0.316112,0.000333,0.000000,0.000000,0.000000,0.000000,0.000000,0.000000
105.134946,1765336620.408250,1765336347,0.316112,0.000333,0.000000,0.000000,0.000000,0.000000,0.000000,0.000000
105.154958,1765336620.428269,1765336347,0.316112,0.000333,0.000000,0.000000,0.000000,0.000000,0.000000,0.000000
105.175047,1765336620.448397,1765336347,0.316112,0.000333,0.000000,0.000000,0.000000,0.000000,0.000000,-0.344366
105.195064,1765336620.468411,1765336347,0.316112,0.000333,0.000000,0.000000,0.000000,0.000000,0.000000,0.000000
105.215066,1765336620.488405,1765336347,0.316112,0.000333,0.000000,0.000000,0.000000,0.000000,0.000000,0.344366
105.235077,1765336620.508415,1765336347,0.316112,0.000333,0.000000,0.000000,0.000000,0.000000,0.000000,0.000000
105.255088,1765336620.528426,1765336347,0.316112,0.000333,0.000000,0.000000,0.000000,0.000000,0.000000,0.000000
105.275085,1765336620.548415,1765336347,0.316112,0.000333,0.000000,0.000000,0.000000,0.000000,-0.688732,0.344366
105.295094,1765336620.568424,1765336347,0.316112,0.000333,0.000000,0.000000,0.000000,0.000000,0.000000,0.344366
105.315103,1765336620.588433,1765336347,0.316112,0.000333,0.000000,0.000000,0.000000,0.000000,0.000000,-0.344366
105.335109,1765336620.608438,1765336347,0.316112,0.000333,0.000000,0.000000,0.000000,0.000000,0.000000,-0.344366
105.355121,1765336620.628449,1765336347,0.316112,0.000333,0.000000,0.000000,0.000000,0.000000,0.000000,-1.033098
105.375156,1765336620.648487,1765336347,0.316112,0.000333,0.000000,0.000000,0.000000,0.000000,0.000000,-0.344366
105.395141,1765336620.668469,1765336347,0.316112,0.000333,0.000000,0.000000,0.000000,0.000000,0.000000,-0.344366
105.415152,1765336620.688479,1765336347,0.316112,0.000333,0.000000,0.000000,0.000000,0.000000,0.000000,0.000000
105.435174,1765336620.708510,1765336347,0.316112,0.000333,0.000000,0.000000,0.000000,0.000000,0.000000,0.000000
105.455184,1765336620.728520,1765336347,0.316112,0.000333,0.000000,0.000000,0.000000,0.000000,0.000000,0.000000
105.475194,1765336620.748531,1765336347,0.316112,0.000333,0.000000,0.000000,0.000000,0.000000,0.000000,0.344366
105.495216,1765336620.768553,1765336347,0.316112,0.000333,0.000000,0.000000,0.000000,0.000000,0.000000,0.000000
105.515450,1765336620.788832,1765336347,0.316112,0.000333,0.000000,0.000000,0.000000,0.000000,0.000000,0.000000
105.535272,1765336620.808632,1765336347,0.316112,0.000333,0.000000,0.000000,0.000000,0.000000,0.000000,0.344366
105.555264,1765336620.828609,1765336347,0.316112,0.000333,0.000000,0.000000,0.000000,0.000000,-0.688732,-0.344366
105.575257,1765336620.848594,1765336347,0.316112,0.000333,0.000000,0.000000,0.000000,0.000000,1.377463,0.000000
105.595268,1765336620.868603,1765336347,0.316112,0.000333,0.000000,0.000000,0.000000,0.000000,0.000000,-0.344366
105.615278,1765336620.888613,1765336347,0.316112,0.000333,0.000000,0.000000,0.000000,0.000000,0.000000,-0.344366
105.635300,1765336620.908632,1765336347,0.316112,0.000333,0.000000,0.000000,0.000000,0.000000,0.000000,-0.344366
105.655297,1765336620.928632,1765336347,0.316112,0.000333,0.000000,0.000000,0.000000,0.000000,0.000000,0.344366
105.675307,1765336620.948644,1765336347,0.316112,0.000333,0.000000,0.000000,0.000000,0.000000,0.000000,0.344366
105.695317,1765336620.968653,1765336347,0.316112,0.000333,0.000000,0.000000,0.000000,0.000000,0.000000,-1.033098
105.715315,1765336620.988644,1765336347,0.316112,0.000333,0.000000,0.000000,0.000000,0.000000,0.000000,-0.344366
105.735324,1765336621.008652,1765336347,0.316112,0.000333,0.000000,0.000000,0.000000,0.000000,0.000000,0.000000
105.755334,1765336621.028662,1765336347,0.316112,0.000333,0.000000,0.000000,0.000000,0.000000,0.000000,0.000000
105.775357,1765336621.048693,1765336347,0.316112,0.000333,0.000000,0.000000,0.000000,0.000000,0.000000,-0.344366
105.795368,1765336621.068705,1765336347,0.316112,0.000333,0.000000,0.000000,0.000000,0.000000,0.000000,-0.344366
105.815378,1765336621.088715,1765336347,0.316112,0.000333,0.000000,0.000000,0.000000,0.000000,0.000000,-0.344366
105.835376,1765336621.108704,1765336347,0.316112,0.000333,0.000000,0.000000,0.000000,0.000000,0.000000,0.000000
105.855439,1765336621.128799,1765336347,0.316112,0.000333,0.000000,0.000000,0.000000,0.000000,0.000000,0.000000
105.875451,1765336621.148810,1765336347,0.316112,0.000333,0.000000,0.000000,0.000000,0.000000,0.000000,-0.344366
105.895495,1765336621.168858,1765336347,0.316112,0.000333,0.000000,0.000000,0.000000,0.000000,0.000000,-0.344366
105.915475,1765336621.188836,1765336347,0.316112,0.000333,0.000000,0.000000,0.000000,0.000000,0.000000,-0.344366
105.935464,1765336621.208809,1765336347,0.316112,0.000333,0.000000,0.000000,0.000000,0.000000,0.000000,0.000000
105.955372,1765336621.228673,1765336347,0.316112,0.000333,0.000000,0.000000,0.000000,0.000000,0.000000,-0.344366
105.975365,1765336621.248647,1765336347,0.316112,0.000333,0.000000,0.000000,0.000000,0.000000,0.000000,0.344366
105.995389,1765336621.268684,1765336347,0.316112,0.000333,0.000000,0.000000,0.000000,0.000000,0.000000,0.000000
106.015380,1765336621.288665,1765336347,0.316112,0.000333,0.000000,0.000000,0.000000,0.000000,0.000000,-0.344366
106.035391,1765336621.308681,1765336347,0.316112,0.000333,0.000000,0.000000,0.000000,0.000000,-0.344366,-0.344366
106.055442,1765336621.328758,1765336347,0.316112,0.000333,0.000000,0.000000,0.000000,0.000000,0.000000,-0.344366
106.075462,1765336621.348783,1765336347,0.316112,0.000333,0.000000,0.000000,0.000000,0.000000,0.000000,-0.344366
106.095443,1765336621.368769,1765336347,0.316112,0.000333,0.000000,0.000000,0.000000,0.000000,0.000000,0.000000
106.115463,1765336621.388781,1765336347,0.316112,0.000333,0.000000,0.000000,0.000000,0.000000,0.000000,0.000000
106.135523,1765336621.408869,1765336347,0.316112,0.000333,0.000000,0.000000,0.000000,0.000000,0.000000,-0.344366
106.155605,1765336621.428970,1765336347,0.316112,0.000333,0.000000,0.000000,0.000000,0.000000,0.000000,0.000000
106.175573,1765336621.448933,1765336347,0.316112,0.000333,0.000000,0.000000,0.000000,0.000000,0.000000,-0.344366
106.195482,1765336621.468802,1765336347,0.316112,0.000333,0.000000,0.000000,0.000000,0.000000,0.000000,0.344366
106.215599,1765336621.488960,1765336347,0.316112,0.000333,0.000000,0.000000,0.000000,0.000000,0.000000,0.000000
106.235543,1765336621.508864,1765336347,0.316112,0.000333,0.000000,0.000000,0.000000,0.000000,0.000000,0.000000
106.255470,1765336621.528751,1765336347,0.316112,0.000333,0.000000,0.000000,0.000000,0.000000,0.000000,0.000000
106.275481,1765336621.548763,1765336347,0.316112,0.000333,0.000000,0.000000,0.000000,0.000000,0.000000,0.000000
106.295484,1765336621.568791,1765336347,0.316112,0.000333,0.000000,0.000000,0.000000,0.000000,0.000000,0.000000
106.315551,1765336621.588867,1765336347,0.316112,0.000333,0.000000,0.000000,0.000000,0.000000,0.000000,-0.344366
106.335528,1765336621.608826,1765336347,0.316112,0.000333,0.000000,0.000000,0.000000,0.000000,0.000000,-0.344366
106.355502,1765336621.628794,1765336347,0.316112,0.000333,0.000000,0.000000,0.000000,0.000000,0.000000,-0.344366
106.375561,1765336621.648872,1765336347,0.316112,0.000333,0.000000,0.000000,0.000000,0.000000,0.000000,0.344366
106.395589,1765336621.668917,1765336347,0.316112,0.000333,0.000000,0.000000,0.000000,0.000000,0.000000,0.000000
106.415594,1765336621.688912,1765336347,0.316112,0.000333,0.000000,0.000000,0.000000,0.000000,0.000000,-0.344366
106.435588,1765336621.708904,1765336347,0.316112,0.000333,0.000000,0.000000,0.000000,0.000000,0.000000,0.000000
106.455649,1765336621.728994,1765336347,0.316112,0.000333,0.000000,0.000000,0.000000,0.000000,0.000000,-0.344366
106.475586,1765336621.748911,1765336347,0.316112,0.000333,0.000000,0.000000,0.000000,0.000000,0.000000,0.000000
106.495716,1765336621.769075,1765336347,0.316112,0.000333,0.000000,0.000000,0.000000,0.000000,0.000000,0.000000
106.515661,1765336621.788981,1765336347,0.316112,0.000333,0.000000,0.000000,0.000000,0.000000,0.000000,0.000000
106.535616,1765336621.808926,1765336347,0.316112,0.000333,0.000000,0.000000,0.000000,0.000000,0.000000,0.344366
106.555703,1765336621.829039,1765336347,0.316112,0.000333,0.000000,0.000000,0.000000,0.000000,0.000000,0.344366
106.575613,1765336621.848899,1765336347,0.316112,0.000333,0.000000,0.000000,0.000000,0.000000,0.000000,0.344366
106.595610,1765336621.868888,1765336347,0.316112,0.000333,0.000000,0.000000,0.000000,0.000000,0.000000,0.000000
106.615608,1765336621.888883,1765336347,0.316112,0.000333,0.000000,0.000000,0.000000,0.000000,0.000000,0.344366
106.635649,1765336621.908942,1765336347,0.316112,0.000333,0.000000,0.000000,0.000000,0.000000,-0.344366,0.000000
106.655685,1765336621.928996,1765336347,0.316112,0.000333,0.000000,0.000000,0.000000,0.000000,0.000000,0.000000
106.675734,1765336621.949057,1765336347,0.316112,0.000333,0.000000,0.000000,0.000000,0.000000,-0.688732,-0.344366
106.695629,1765336621.968905,1765336347,0.316112,0.000333,0.000000,0.000000,0.000000,0.000000,0.000000,-0.344366
106.715641,1765336621.988920,1765336347,0.316112,0.000333,0.000000,0.000000,0.000000,0.000000,0.000000,-0.344366
106.735641,1765336622.008919,1765336347,0.316112,0.000333,0.000000,0.000000,0.000000,0.000000,0.000000,0.344366
106.755650,1765336622.028933,1765336347,0.316112,0.000333,0.000000,0.000000,0.000000,0.000000,0.000000,-0.344366
106.775666,1765336622.048956,1765336347,0.316112,0.000333,0.000000,0.000000,0.000000,0.000000,0.000000,-0.344366
106.795686,1765336622.068986,1765336347,0.316112,0.000333,0.000000,0.000000,0.000000,0.000000,0.000000,0.000000
106.815657,1765336622.088946,1765336347,0.316112,0.000333,0.000000,0.000000,0.000000,0.000000,0.000000,0.344366
106.835669,1765336622.108963,1765336347,0.316112,0.000333,0.000000,0.000000,0.000000,0.000000,0.000000,0.344366
106.855680,1765336622.128980,1765336347,0.316112,0.000333,0.000000,0.000000,0.000000,0.000000,0.000000,0.344366
106.875809,1765336622.149176,1765336347,0.316112,0.000333,0.000000,0.000000,0.000000,0.000000,0.000000,-0.344366
106.895762,1765336622.169094,1765336347,0.316112,0.000333,0.000000,0.000000,0.000000,0.000000,0.000000,0.344366
106.915724,1765336622.189022,1765336347,0.316112,0.000333,0.000000,0.000000,0.000000,0.000000,0.000000,-0.344366
106.935724,1765336622.209014,1765336347,0.316112,0.000333,0.000000,0.000000,0.000000,0.000000,0.000000,0.344366
106.955757,1765336622.229069,1765336347,0.316112,0.000333,0.000000,0.000000,0.000000,0.000000,0.000000,-0.344366
106.975732,1765336622.249027,1765336347,0.316112,0.000333,0.000000,0.000000,0.000000,0.000000,0.000000,0.000000
106.995872,1765336622.269222,1765336347,0.316112,0.000333,0.000000,0.000000,0.000000,0.000000,0.000000,-0.344366
107.015784,1765336622.289086,1765336347,0.316112,0.000333,0.000000,0.000000,0.000000,0.000000,0.000000,0.344366
107.035838,1765336622.309153,1765336347,0.316112,0.000333,0.000000,0.000000,0.000000,0.000000,0.000000,0.344366
107.055801,1765336622.329099,1765336347,0.316112,0.000333,0.000000,0.000000,0.000000,0.000000,0.000000,0.344366
107.075802,1765336622.349097,1765336347,0.316112,0.000333,0.000000,0.000000,0.000000,0.000000,0.000000,0.000000
107.095905,1765336622.369190,1765336347,0.316112,0.000333,0.000000,0.000000,0.000000,0.000000,-0.688732,0.344366
107.115838,1765336622.389136,1765336347,0.316112,0.000333,0.000000,0.000000,0.000000,0.000000,0.000000,-0.344366
107.135829,1765336622.409129,1765336347,0.316112,0.000333,0.000000,0.000000,0.000000,0.000000,0.000000,0.000000
107.155913,1765336622.429242,1765336347,0.316112,0.000333,0.000000,0.000000,0.000000,0.000000,0.000000,0.344366
107.175852,1765336622.449159,1765336347,0.316112,0.000333,0.000000,0.000000,0.000000,0.000000,0.000000,0.344366
107.195897,1765336622.469218,1765336347,0.316112,0.000333,0.000000,0.000000,0.000000,0.000000,0.000000,0.344366
107.215856,1765336622.489151,1765336347,0.316112,0.000333,0.000000,0.000000,0.000000,0.000000,0.000000,-0.344366
107.235908,1765336622.509218,1765336347,0.316112,0.000333,0.000000,0.000000,0.000000,0.000000,0.000000,0.000000
107.255910,1765336622.529214,1765336347,0.316112,0.000333,0.000000,0.000000,0.000000,0.000000,0.000000,0.000000
107.275890,1765336622.549185,1765336347,0.316112,0.000333,0.000000,0.000000,0.000000,0.000000,0.000000,0.344366
107.295901,1765336622.569200,1765336347,0.316112,0.000333,0.000000,0.000000,0.000000,0.000000,0.000000,-0.344366
107.315919,1765336622.589226,1765336347,0.316112,0.000333,0.000000,0.000000,0.000000,0.000000,0.000000,-0.344366
107.335896,1765336622.609201,1765336347,0.316112,0.000333,0.000000,0.000000,0.000000,0.000000,0.000000,-0.344366
107.355992,1765336622.629364,1765336347,0.316112,0.000333,0.000000,0.000000,0.000000,0.000000,0.000000,0.344366
107.375987,1765336622.649348,1765336347,0.316112,0.000333,0.000000,0.000000,0.000000,0.000000,0.000000,-0.344366
107.395998,1765336622.669361,1765336347,0.316112,0.000333,0.000000,0.000000,0.000000,0.000000,0.000000,0.344366
107.415935,1765336622.689236,1765336347,0.316112,0.000333,0.000000,0.000000,0.000000,0.000000,0.000000,0.000000
107.436046,1765336622.709378,1765336347,0.316112,0.000333,0.000000,0.000000,0.000000,0.000000,0.000000,-0.344366
107.456157,1765336622.729752,1765336347,0.316112,0.000333,0.000000,0.000000,0.000000,0.000000,0.000000,-0.344366
107.476096,1765336622.749443,1765336347,0.316112,0.000333,0.000000,0.000000,0.000000,0.000000,0.000000,0.000000
107.496088,1765336622.769425,1765336347,0.316112,0.000333,0.000000,0.000000,0.000000,0.000000,0.000000,0.344366
107.516107,1765336622.789438,1765336347,0.316112,0.000333,0.000000,0.000000,0.000000,0.000000,0.000000,0.000000
107.536009,1765336622.809333,1765336347,0.316112,0.000333,0.000000,0.000000,0.000000,0.000000,0.000000,0.344366
107.555991,1765336622.829290,1765336347,0.316112,0.000333,0.000000,0.000000,0.000000,0.000000,0.000000,-0.344366
107.576095,1765336622.849417,1765336347,0.316112,0.000333,0.000000,0.000000,0.000000,0.000000,0.000000,-0.344366
107.596122,1765336622.869452,1765336347,0.316112,0.000333,0.000000,0.000000,0.000000,0.000000,0.000000,0.344366
107.616037,1765336622.889336,1765336347,0.316112,0.000333,0.000000,0.000000,0.000000,0.000000,0.000000,-1.033098
107.636037,1765336622.909332,1765336347,0.316112,0.000333,0.000000,0.000000,0.000000,0.000000,0.000000,-0.344366
107.656101,1765336622.929416,1765336347,0.316112,0.000333,0.000000,0.000000,0.000000,0.000000,0.000000,0.000000
107.676126,1765336622.949447,1765336347,0.316112,0.000333,0.000000,0.000000,0.000000,0.000000,0.000000,0.344366
107.696152,1765336622.969480,1765336347,0.316112,0.000333,0.000000,0.000000,0.000000,0.000000,0.000000,0.000000
107.716185,1765336622.989516,1765336347,0.316112,0.000333,0.000000,0.000000,0.000000,0.000000,-0.688732,-0.344366
107.736170,1765336623.009499,1765336347,0.316112,0.000333,0.000000,0.000000,0.000000,0.000000,0.000000,0.344366
107.756272,1765336623.029671,1765336347,0.316112,0.000333,0.000000,0.000000,0.000000,0.000000,0.000000,-0.344366
107.776244,1765336623.049604,1765336347,0.316112,0.000333,0.000000,0.000000,0.000000,0.000000,0.000000,-0.344366
107.796154,1765336623.069474,1765336347,0.316112,0.000333,0.000000,0.000000,0.000000,0.000000,0.000000,0.344366
107.816247,1765336623.089592,1765336347,0.316112,0.000333,0.000000,0.000000,0.000000,0.000000,0.000000,-0.344366
107.836257,1765336623.109604,1765336347,0.316112,0.000333,0.000000,0.000000,0.000000,0.000000,0.000000,0.000000
107.856191,1765336623.129471,1765336347,0.316112,0.000333,0.000000,0.000000,0.000000,0.000000,0.000000,-0.344366
107.876193,1765336623.149472,1765336347,0.316112,0.000333,0.000000,0.000000,0.000000,0.000000,0.000000,-0.344366
107.896213,1765336623.169503,1765336347,0.316112,0.000333,0.000000,0.000000,0.000000,0.000000,0.000000,0.344366
107.916265,1765336623.189567,1765336347,0.316112,0.000333,0.000000,0.000000,0.000000,0.000000,0.000000,0.344366
107.936401,1765336623.209747,1765336347,0.316112,0.000333,0.000000,0.000000,0.000000,0.000000,0.000000,-0.344366
107.956457,1765336623.229817,1765336347,0.316112,0.000333,0.000000,0.000000,0.000000,0.000000,0.000000,0.344366
107.976374,1765336623.249694,1765336347,0.316112,0.000333,0.000000,0.000000,0.000000,0.000000,0.000000,-0.344366
107.996477,1765336623.269836,1765336347,0.316112,0.000333,0.000000,0.000000,0.000000,0.000000,0.000000,0.000000
108.016467,1765336623.289813,1765336347,0.316112,0.000333,0.000000,0.000000,0.000000,0.000000,0.000000,-0.344366
108.036479,1765336623.309819,1765336347,0.316112,0.000333,0.000000,0.000000,0.000000,0.000000,0.000000,0.344366
108.056472,1765336623.329809,1765336347,0.316112,0.000333,0.000000,0.000000,0.000000,0.000000,0.000000,0.000000
108.076481,1765336623.349817,1765336347,0.316112,0.000333,0.000000,0.000000,0.000000,0.000000,0.000000,0.344366
108.096534,1765336623.369895,1765336347,0.316112,0.000333,0.000000,0.000000,0.000000,0.000000,0.000000,0.344366
108.116391,1765336623.389671,1765336347,0.316112,0.000333,0.000000,0.000000,0.000000,0.000000,0.000000,0.000000
108.136400,1765336623.409684,1765336347,0.316112,0.000333,0.000000,0.000000,0.000000,0.000000,0.000000,0.688732
108.156414,1765336623.429703,1765336347,0.316112,0.000333,0.000000,0.000000,0.000000,0.000000,0.000000,0.344366
108.176436,1765336623.449735,1765336347,0.316112,0.000333,0.000000,0.000000,0.000000,0.000000,0.000000,0.000000
108.196434,1765336623.469729,1765336347,0.316112,0.000333,0.000000,0.000000,0.000000,0.000000,0.000000,0.000000
108.216450,1765336623.489751,1765336347,0.316112,0.000333,0.000000,0.000000,0.000000,0.000000,0.000000,0.344366
108.236475,1765336623.509780,1765336347,0.316112,0.000333,0.000000,0.000000,0.000000,0.000000,0.000000,-0.344366
108.256428,1765336623.529719,1765336347,0.316112,0.000333,0.000000,0.000000,0.000000,0.000000,0.000000,-0.344366
108.276419,1765336623.549698,1765336347,0.316112,0.000333,0.000000,0.000000,0.000000,0.000000,0.000000,0.344366
108.296430,1765336623.569710,1765336347,0.316112,0.000333,0.000000,0.000000,0.000000,0.000000,0.000000,-0.344366
108.316432,1765336623.589711,1765336347,0.316112,0.000333,0.000000,0.000000,0.000000,0.000000,0.000000,-0.344366
108.336432,1765336623.609711,1765336347,0.316112,0.000333,0.000000,0.000000,0.000000,0.000000,0.000000,-0.344366
108.356433,1765336623.629712,1765336347,0.316112,0.000333,0.000000,0.000000,0.000000,0.000000,0.000000,-0.344366
108.376424,1765336623.649699,1765336347,0.316112,0.000333,0.000000,0.000000,0.000000,0.000000,0.000000,-0.344366
108.396437,1765336623.669716,1765336347,0.316112,0.000333,0.000000,0.000000,0.000000,0.000000,0.000000,0.344366
108.416473,1765336623.689770,1765336347,0.316112,0.000333,0.000000,0.000000,0.000000,0.000000,0.000000,0.000000
108.436461,1765336623.709743,1765336347,0.316112,0.000333,0.000000,0.000000,0.000000,0.000000,0.000000,-0.344366
108.456508,1765336623.729811,1765336347,0.316112,0.000333,0.000000,0.000000,0.000000,0.000000,0.000000,0.000000
108.476550,1765336623.749871,1765336347,0.316112,0.000333,0.000000,0.000000,0.000000,0.000000,0.000000,-0.344366
108.496514,1765336623.769805,1765336347,0.316112,0.000333,0.000000,0.000000,0.000000,0.000000,0.000000,0.000000
108.516502,1765336623.789793,1765336347,0.316112,0.000333,0.000000,0.000000,0.000000,0.000000,0.000000,0.000000
108.536578,1765336623.809912,1765336347,0.316112,0.000333,0.000000,0.000000,0.000000,0.000000,0.000000,-0.344366
108.556599,1765336623.829926,1765336347,0.316112,0.000333,0.000000,0.000000,0.000000,0.000000,0.000000,0.344366
108.576608,1765336623.849936,1765336347,0.316112,0.000333,0.000000,0.000000,0.000000,0.000000,-0.344366,-0.344366
108.596601,1765336623.869922,1765336347,0.316112,0.000333,0.000000,0.000000,0.000000,0.000000,0.000000,0.000000
108.616625,1765336623.889954,1765336347,0.316112,0.000333,0.000000,0.000000,0.000000,0.000000,0.000000,0.000000
108.636561,1765336623.909866,1765336347,0.316112,0.000333,0.000000,0.000000,0.000000,0.000000,0.000000,-0.344366
108.656695,1765336623.930055,1765336347,0.316112,0.000333,0.000000,0.000000,0.000000,0.000000,0.000000,0.000000
108.676686,1765336623.950031,1765336347,0.316112,0.000333,0.000000,0.000000,0.000000,0.000000,0.000000,0.344366
108.696696,1765336623.970042,1765336347,0.316112,0.000333,0.000000,0.000000,0.000000,0.000000,0.000000,0.000000
108.716707,1765336623.990048,1765336347,0.316112,0.000333,0.000000,0.000000,0.000000,0.000000,0.000000,0.000000
108.736690,1765336624.010018,1765336347,0.316112,0.000333,0.000000,0.000000,0.000000,0.000000,0.000000,-0.344366
108.756641,1765336624.029936,1765336347,0.316112,0.000333,0.000000,0.000000,0.000000,0.000000,0.000000,0.000000
108.776651,1765336624.049955,1765336347,0.316112,0.000333,0.000000,0.000000,0.000000,0.000000,0.000000,0.000000
108.796679,1765336624.069994,1765336347,0.316112,0.000333,0.000000,0.000000,0.000000,0.000000,0.000000,0.344366
108.816640,1765336624.089931,1765336347,0.316112,0.000333,0.000000,0.000000,0.000000,0.000000,0.000000,0.000000
108.836611,1765336624.109887,1765336347,0.316112,0.000333,0.000000,0.000000,0.000000,0.000000,0.000000,0.000000
108.856622,1765336624.129902,1765336347,0.316112,0.000333,0.000000,0.000000,0.000000,0.000000,0.000000,0.344366
108.876624,1765336624.149904,1765336347,0.316112,0.000333,0.000000,0.000000,0.000000,0.000000,0.000000,0.344366
108.896626,1765336624.169906,1765336347,0.316112,0.000333,0.000000,0.000000,0.000000,0.000000,0.000000,-0.344366
108.916629,1765336624.189909,1765336347,0.316112,0.000333,0.000000,0.000000,0.000000,0.000000,0.000000,0.688732
108.936632,1765336624.209913,1765336347,0.316112,0.000333,0.000000,0.000000,0.000000,0.000000,0.000000,0.344366
108.956650,1765336624.229939,1765336347,0.316112,0.000333,0.000000,0.000000,0.000000,0.000000,0.000000,-0.344366
108.976656,1765336624.249946,1765336347,0.316112,0.000333,0.000000,0.000000,0.000000,0.000000,0.000000,0.000000
108.996692,1765336624.269998,1765336347,0.316112,0.000333,0.000000,0.000000,0.000000,0.000000,0.000000,0.344366
109.016690,1765336624.289988,1765336347,0.316112,0.000333,0.000000,0.000000,0.000000,0.000000,0.000000,0.000000
109.036740,1765336624.310060,1765336347,0.316112,0.000333,0.000000,0.000000,0.000000,0.000000,0.000000,0.000000
109.056760,1765336624.330095,1765336347,0.316112,0.000333,0.000000,0.000000,0.000000,0.000000,0.000000,0.344366
109.076715,1765336624.350062,1765336347,0.316112,0.000333,0.000000,0.000000,0.000000,0.000000,0.000000,0.344366
109.096666,1765336624.369952,1765336347,0.316112,0.000333,0.000000,0.000000,0.000000,0.000000,0.000000,-0.344366
109.116669,1765336624.389948,1765336347,0.316112,0.000333,0.000000,0.000000,0.000000,0.000000,0.000000,0.000000
109.136683,1765336624.409966,1765336347,0.316112,0.000333,0.000000,0.000000,0.000000,0.000000,-0.688732,0.000000
109.156670,1765336624.429950,1765336347,0.316112,0.000333,0.000000,0.000000,0.000000,0.000000,0.000000,0.000000
109.176719,1765336624.450020,1765336347,0.316112,0.000333,0.000000,0.000000,0.000000,0.000000,0.000000,-0.344366
109.196753,1765336624.470071,1765336347,0.316112,0.000333,0.000000,0.000000,0.000000,0.000000,0.000000,-0.344366
109.216736,1765336624.490038,1765336347,0.316112,0.000333,0.000000,0.000000,0.000000,0.000000,0.000000,0.344366
109.236798,1765336624.510130,1765336347,0.316112,0.000333,0.000000,0.000000,0.000000,0.000000,0.000000,0.000000
109.256826,1765336624.530168,1765336347,0.316112,0.000333,0.000000,0.000000,0.000000,0.000000,1.033098,0.344366
109.276765,1765336624.550071,1765336347,0.316112,0.000333,0.000000,0.000000,0.000000,0.000000,0.000000,-0.344366
109.296761,1765336624.570082,1765336347,0.316112,0.000333,0.000000,0.000000,0.000000,0.000000,0.000000,-0.344366
109.316862,1765336624.590207,1765336347,0.316112,0.000333,0.000000,0.000000,0.000000,0.000000,0.000000,0.000000
109.336864,1765336624.610209,1765336347,0.316112,0.000333,0.000000,0.000000,0.000000,0.000000,0.000000,-0.344366
109.356844,1765336624.630172,1765336347,0.316112,0.000333,0.000000,0.000000,0.000000,0.000000,0.000000,-0.344366
109.376853,1765336624.650182,1765336347,0.316112,0.000333,0.000000,0.000000,0.000000,0.000000,0.000000,0.000000
109.396900,1765336624.670259,1765336347,0.316112,0.000333,0.000000,0.000000,0.000000,0.000000,0.000000,0.344366
109.416828,1765336624.690152,1765336347,0.316112,0.000333,0.000000,0.000000,0.000000,0.000000,0.000000,0.000000
109.436829,1765336624.710147,1765336347,0.316112,0.000333,0.000000,0.000000,0.000000,0.000000,0.000000,0.000000
109.456851,1765336624.730166,1765336347,0.316112,0.000333,0.000000,0.000000,0.000000,0.000000,0.000000,0.344366
109.476800,1765336624.750076,1765336347,0.316112,0.000333,0.000000,0.000000,0.000000,0.000000,0.000000,0.344366
109.496818,1765336624.770100,1765336347,0.316112,0.000333,0.000000,0.000000,0.000000,0.000000,0.000000,0.000000
109.516805,1765336624.790083,1765336347,0.316112,0.000333,0.000000,0.000000,0.000000,0.000000,0.000000,0.000000
109.536853,1765336624.810148,1765336347,0.316112,0.000333,0.000000,0.000000,0.000000,0.000000,0.000000,0.000000
109.556867,1765336624.830171,1765336347,0.316112,0.000333,0.000000,0.000000,0.000000,0.000000,0.000000,0.000000
109.576894,1765336624.850209,1765336347,0.316112,0.000333,0.000000,0.000000,0.000000,0.000000,0.000000,-0.344366
109.596902,1765336624.870216,1765336347,0.316112,0.000333,0.000000,0.000000,0.000000,0.000000,0.000000,0.688732
109.616918,1765336624.890239,1765336347,0.316112,0.000333,0.000000,0.000000,0.000000,0.000000,0.000000,0.000000
109.636942,1765336624.910270,1765336347,0.316112,0.000333,0.000000,0.000000,0.000000,0.000000,0.000000,0.000000
109.656950,1765336624.930277,1765336347,0.316112,0.000333,0.000000,0.000000,0.000000,0.000000,0.000000,0.000000
109.676959,1765336624.950315,1765336347,0.316112,0.000333,0.000000,0.000000,0.000000,0.000000,0.000000,-0.344366
109.696931,1765336624.970249,1765336347,0.316112,0.000333,0.000000,0.000000,0.000000,0.000000,0.000000,-0.344366
109.716899,1765336624.990203,1765336347,0.316112,0.000333,0.000000,0.000000,0.000000,0.000000,0.000000,-0.344366
109.737050,1765336625.010412,1765336347,0.316112,0.000333,0.000000,0.000000,0.000000,0.000000,0.000000,-0.344366
109.756999,1765336625.030353,1765336347,0.316112,0.000333,0.000000,0.000000,0.000000,0.000000,0.000000,-0.344366
109.777082,1765336625.050444,1765336347,0.316112,0.000333,0.000000,0.000000,0.000000,0.000000,0.000000,-0.344366
109.797108,1765336625.070458,1765336347,0.316112,0.000333,0.000000,0.000000,0.000000,0.000000,0.000000,0.344366
109.817062,1765336625.090400,1765336347,0.316112,0.000333,0.000000,0.000000,0.000000,0.000000,0.000000,0.344366
109.836955,1765336625.110244,1765336347,0.316112,0.000333,0.000000,0.000000,0.000000,0.000000,0.000000,0.344366
109.856978,1765336625.130291,1765336347,0.316112,0.000333,0.000000,0.000000,0.000000,0.000000,0.000000,-0.344366
109.877038,1765336625.150356,1765336347,0.316112,0.000333,0.000000,0.000000,0.000000,0.000000,0.000000,0.000000
109.897002,1765336625.170316,1765336347,0.316112,0.000333,0.000000,0.000000,0.000000,0.000000,0.000000,-0.344366
109.916957,1765336625.190239,1765336347,0.316112,0.000333,0.000000,0.000000,0.000000,0.000000,0.000000,-0.344366
109.936962,1765336625.210247,1765336347,0.316112,0.000333,0.000000,0.000000,0.000000,0.000000,0.000000,-0.344366
109.956964,1765336625.230248,1765336347,0.316112,0.000333,0.000000,0.000000,0.000000,0.000000,0.000000,0.344366
109.976969,1765336625.250254,1765336347,0.316112,0.000333,0.000000,0.000000,0.000000,0.000000,0.000000,0.344366
109.996960,1765336625.270237,1765336347,0.316112,0.000333,0.000000,0.000000,0.000000,0.000000,0.000000,0.000000
110.016961,1765336625.290236,1765336347,0.316112,0.000333,0.000000,0.000000,0.000000,0.000000,0.000000,-0.344366
110.036962,1765336625.310236,1765336347,0.316112,0.000333,0.000000,0.000000,0.000000,0.000000,0.000000,-0.344366
110.056969,1765336625.330244,1765336347,0.316112,0.000333,0.000000,0.000000,0.000000,0.000000,0.000000,0.000000
110.077797,1765336625.351072,1765336347,0.316112,0.000333,0.000000,0.000000,0.000000,0.000000,0.000000,0.344366
110.097817,1765336625.371099,1765336347,0.316112,0.000333,0.000000,0.000000,0.000000,0.000000,0.000000,0.344366
110.117837,1765336625.391129,1765336347,0.316112,0.000333,0.000000,0.000000,0.000000,0.000000,0.000000,0.344366
110.137850,1765336625.411149,1765336347,0.316112,0.000333,0.000000,0.000000,0.000000,0.000000,0.000000,-0.344366
110.157821,1765336625.431105,1765336347,0.316112,0.000333,0.000000,0.000000,0.000000,0.000000,0.000000,0.000000
110.177863,1765336625.451163,1765336347,0.316112,0.000333,0.000000,0.000000,0.000000,0.000000,-0.344366,0.000000
110.197874,1765336625.471175,1765336347,0.316112,0.000333,0.000000,0.000000,0.000000,0.000000,0.000000,0.000000
110.217883,1765336625.491188,1765336347,0.316112,0.000333,0.000000,0.000000,0.000000,0.000000,-0.688732,0.344366
110.237903,1765336625.511213,1765336347,0.316112,0.000333,0.000000,0.000000,0.000000,0.000000,0.000000,0.000000
110.257919,1765336625.531235,1765336347,0.316112,0.000333,0.000000,0.000000,0.000000,0.000000,0.000000,-0.344366
110.277939,1765336625.551260,1765336347,0.316112,0.000333,0.000000,0.000000,0.000000,0.000000,0.000000,-0.344366
110.297988,1765336625.571365,1765336347,0.316112,0.000333,0.000000,0.000000,0.000000,0.000000,0.000000,0.000000
110.317949,1765336625.591269,1765336347,0.316112,0.000333,0.000000,0.000000,0.000000,0.000000,0.000000,-0.344366
110.338048,1765336625.611399,1765336347,0.316112,0.000333,0.000000,0.000000,0.000000,0.000000,0.000000,0.000000
110.358006,1765336625.631379,1765336347,0.316112,0.000333,0.000000,0.000000,0.000000,0.000000,0.000000,-0.344366
110.378047,1765336625.651379,1765336347,0.316112,0.000333,0.000000,0.000000,0.000000,0.000000,0.000000,-0.344366
110.397953,1765336625.671250,1765336347,0.316112,0.000333,0.000000,0.000000,0.000000,0.000000,0.000000,0.344366
110.418041,1765336625.691373,1765336347,0.316112,0.000333,0.000000,0.000000,0.000000,0.000000,0.000000,-0.344366
110.437958,1765336625.711260,1765336347,0.316112,0.000333,0.000000,0.000000,0.000000,0.000000,0.000000,0.344366
110.458046,1765336625.731370,1765336347,0.316112,0.000333,0.000000,0.000000,0.000000,0.000000,0.000000,0.000000
110.478129,1765336625.751489,1765336347,0.316112,0.000333,0.000000,0.000000,0.000000,0.000000,0.000000,0.000000
110.498125,1765336625.771473,1765336347,0.316112,0.000333,0.000000,0.000000,0.000000,0.000000,0.000000,-1.033098
110.518116,1765336625.791450,1765336347,0.316112,0.000333,0.000000,0.000000,0.000000,0.000000,0.000000,0.000000
110.538111,1765336625.811441,1765336347,0.316112,0.000333,0.000000,0.000000,0.000000,0.000000,0.000000,-0.344366
110.558122,1765336625.831451,1765336347,0.316112,0.000333,0.000000,0.000000,0.000000,0.000000,0.000000,0.000000
110.578154,1765336625.851485,1765336347,0.316112,0.000333,0.000000,0.000000,0.000000,0.000000,0.000000,0.344366
110.598141,1765336625.871469,1765336347,0.316112,0.000333,0.000000,0.000000,0.000000,0.000000,0.000000,-0.344366
110.618153,1765336625.891483,1765336347,0.316112,0.000333,0.000000,0.000000,0.000000,0.000000,0.000000,0.344366
110.638163,1765336625.911491,1765336347,0.316112,0.000333,0.000000,0.000000,0.000000,0.000000,0.000000,0.344366
110.658157,1765336625.931479,1765336347,0.316112,0.000333,0.000000,0.000000,0.000000,0.000000,0.000000,0.000000
110.678181,1765336625.951510,1765336347,0.316112,0.000333,0.000000,0.000000,0.000000,0.000000,0.000000,-0.344366
110.698202,1765336625.971538,1765336347,0.316112,0.000333,0.000000,0.000000,0.000000,0.000000,0.000000,-0.344366
110.718200,1765336625.991529,1765336347,0.316112,0.000333,0.000000,0.000000,0.000000,0.000000,0.000000,-0.344366
110.738222,1765336626.011553,1765336347,0.316112,0.000333,0.000000,0.000000,0.000000,0.000000,0.000000,0.000000
110.758219,1765336626.031548,1765336347,0.316112,0.000333,0.000000,0.000000,0.000000,0.000000,0.000000,-0.344366
110.778229,1765336626.051557,1765336347,0.316112,0.000333,0.000000,0.000000,0.000000,0.000000,0.000000,0.344366
110.798240,1765336626.071562,1765336347,0.316112,0.000333,0.000000,0.000000,0.000000,0.000000,0.000000,0.000000
110.818139,1765336626.091414,1765336347,0.316112,0.000333,0.000000,0.000000,0.000000,0.000000,-0.344366,-0.344366
110.838149,1765336626.111428,1765336347,0.316112,0.000333,0.000000,0.000000,0.000000,0.000000,0.000000,-0.344366
110.858149,1765336626.131432,1765336347,0.316112,0.000333,0.000000,0.000000,0.000000,0.000000,0.000000,0.000000
110.878156,1765336626.151443,1765336347,0.316112,0.000333,0.000000,0.000000,0.000000,0.000000,0.000000,0.000000
110.898162,1765336626.171457,1765336347,0.316112,0.000333,0.000000,0.000000,0.000000,0.000000,0.000000,-1.033098
110.918169,1765336626.191463,1765336347,0.316112,0.000333,0.000000,0.000000,0.000000,0.000000,0.000000,0.000000
110.938175,1765336626.211474,1765336347,0.316112,0.000333,0.000000,0.000000,0.000000,0.000000,-0.344366,-0.344366
110.958183,1765336626.231483,1765336347,0.316112,0.000333,0.000000,0.000000,0.000000,0.000000,0.000000,-0.344366
110.978187,1765336626.251489,1765336347,0.316112,0.000333,0.000000,0.000000,0.000000,0.000000,0.000000,0.344366
110.998192,1765336626.271492,1765336347,0.316112,0.000333,0.000000,0.000000,0.000000,0.000000,-0.688732,0.000000
111.018329,1765336626.291688,1765336347,0.316112,0.000333,0.000000,0.000000,0.000000,0.000000,0.000000,-0.344366
111.038319,1765336626.311666,1765336347,0.316112,0.000333,0.000000,0.000000,0.000000,0.000000,0.000000,0.000000
111.058353,1765336626.331713,1765336347,0.316112,0.000333,0.000000,0.000000,0.000000,0.000000,0.000000,0.344366
111.078343,1765336626.351689,1765336347,0.316112,0.000333,0.000000,0.000000,0.000000,0.000000,0.000000,0.000000
111.098472,1765336626.371877,1765336347,0.316112,0.000333,0.000000,0.000000,0.000000,0.000000,0.000000,0.344366
111.118263,1765336626.391555,1765336347,0.316112,0.000333,0.000000,0.000000,0.000000,0.000000,0.000000,-0.344366
111.138322,1765336626.411644,1765336347,0.316112,0.000333,0.000000,0.000000,0.000000,0.000000,0.000000,0.000000
111.158444,1765336626.431790,1765336347,0.316112,0.000333,0.000000,0.000000,0.000000,0.000000,0.000000,0.000000
111.178378,1765336626.451701,1765336347,0.316112,0.000333,0.000000,0.000000,0.000000,0.000000,0.000000,-0.344366
111.198501,1765336626.471862,1765336347,0.316112,0.000333,0.000000,0.000000,0.000000,0.000000,0.000000,0.000000
111.218515,1765336626.491875,1765336347,0.316112,0.000333,0.000000,0.000000,0.000000,0.000000,0.000000,0.344366
111.238427,1765336626.511730,1765336347,0.316112,0.000333,0.000000,0.000000,0.000000,0.000000,0.000000,-0.344366
111.258392,1765336626.531674,1765336347,0.316112,0.000333,0.000000,0.000000,0.000000,0.000000,0.000000,0.344366
111.278390,1765336626.551670,1765336347,0.316112,0.000333,0.000000,0.000000,0.000000,0.000000,0.000000,0.000000
111.298405,1765336626.571692,1765336347,0.316112,0.000333,0.000000,0.000000,0.000000,0.000000,0.000000,0.344366
111.318424,1765336626.591720,1765336347,0.316112,0.000333,0.000000,0.000000,0.000000,0.000000,0.000000,-0.344366
111.338400,1765336626.611687,1765336347,0.316112,0.000333,0.000000,0.000000,0.000000,0.000000,0.000000,0.344366
111.358491,1765336626.631808,1765336347,0.316112,0.000333,0.000000,0.000000,0.000000,0.000000,-0.344366,-0.344366
111.378491,1765336626.651812,1765336347,0.316112,0.000333,0.000000,0.000000,0.000000,0.000000,0.000000,-0.344366
111.398472,1765336626.671779,1765336347,0.316112,0.000333,0.000000,0.000000,0.000000,0.000000,0.000000,-0.344366
111.418494,1765336626.691810,1765336347,0.316112,0.000333,0.000000,0.000000,0.000000,0.000000,0.000000,0.000000
111.438515,1765336626.711835,1765336347,0.316112,0.000333,0.000000,0.000000,0.000000,0.000000,0.000000,0.000000
111.458523,1765336626.731843,1765336347,0.316112,0.000333,0.000000,0.000000,0.000000,0.000000,0.000000,-1.033098
111.478519,1765336626.751834,1765336347,0.316112,0.000333,0.000000,0.000000,0.000000,0.000000,0.000000,0.000000
111.498605,1765336626.771964,1765336347,0.316112,0.000333,0.000000,0.000000,0.000000,0.000000,0.000000,0.344366
111.518618,1765336626.791976,1765336347,0.316112,0.000333,0.000000,0.000000,0.000000,0.000000,0.000000,0.000000
111.538607,1765336626.811952,1765336347,0.316112,0.000333,0.000000,0.000000,0.000000,0.000000,0.000000,0.000000
111.558600,1765336626.831936,1765336347,0.316112,0.000333,0.000000,0.000000,0.000000,0.000000,0.000000,0.344366
111.578611,1765336626.851947,1765336347,0.316112,0.000333,0.000000,0.000000,0.000000,0.000000,0.000000,-0.344366
111.598621,1765336626.871957,1765336347,0.316112,0.000333,0.000000,0.000000,0.000000,0.000000,0.000000,0.344366
111.618658,1765336626.891997,1765336347,0.316112,0.000333,0.000000,0.000000,0.000000,0.000000,0.000000,0.344366
111.638640,1765336626.911975,1765336347,0.316112,0.000333,0.000000,0.000000,0.000000,0.000000,0.000000,-0.344366
111.658688,1765336626.932048,1765336347,0.316112,0.000333,0.000000,0.000000,0.000000,0.000000,0.000000,0.344366
111.678702,1765336626.952061,1765336347,0.316112,0.000333,0.000000,0.000000,0.000000,0.000000,0.000000,-0.344366
111.698605,1765336626.971925,1765336347,0.316112,0.000333,0.000000,0.000000,0.000000,0.000000,0.000000,-0.344366
111.718724,1765336626.992083,1765336347,0.316112,0.000333,0.000000,0.000000,0.000000,0.000000,0.000000,-0.344366
111.738714,1765336627.012059,1765336347,0.316112,0.000333,0.000000,0.000000,0.000000,0.000000,0.000000,0.344366
111.758724,1765336627.032070,1765336347,0.316112,0.000333,0.000000,0.000000,0.000000,0.000000,-0.688732,0.000000
111.778759,1765336627.052119,1765336347,0.316112,0.000333,0.000000,0.000000,0.000000,0.000000,0.000000,-0.344366
111.798772,1765336627.072133,1765336347,0.316112,0.000333,0.000000,0.000000,0.000000,0.000000,-0.344366,0.000000
111.818762,1765336627.092101,1765336347,0.316112,0.000333,0.000000,0.000000,0.000000,0.000000,0.000000,0.344366
111.838754,1765336627.112090,1765336347,0.316112,0.000333,0.000000,0.000000,0.000000,0.000000,0.000000,0.000000
111.858752,1765336627.132080,1765336347,0.316112,0.000333,0.000000,0.000000,0.000000,0.000000,0.000000,0.000000
111.878785,1765336627.152117,1765336347,0.316112,0.000333,0.000000,0.000000,0.000000,0.000000,0.000000,-0.344366
111.899364,1765336627.172772,1765336347,0.316112,0.000333,0.000000,0.000000,0.000000,0.000000,0.000000,0.344366
111.919241,1765336627.192527,1765336347,0.316112,0.000333,0.000000,0.000000,0.000000,0.000000,0.000000,0.344366
111.939254,1765336627.212533,1765336347,0.316112,0.000333,0.000000,0.000000,0.000000,0.000000,0.000000,-0.344366
111.959265,1765336627.232550,1765336347,0.316112,0.000333,0.000000,0.000000,0.000000,0.000000,0.000000,0.000000
111.979284,1765336627.252578,1765336347,0.316112,0.000333,0.000000,0.000000,0.000000,0.000000,0.000000,0.344366
111.999307,1765336627.272612,1765336347,0.316112,0.000333,0.000000,0.000000,0.000000,0.000000,0.000000,-0.344366
112.019336,1765336627.292651,1765336347,0.316112,0.000333,0.000000,0.000000,0.000000,0.000000,0.000000,0.344366
112.039452,1765336627.312803,1765336347,0.316112,0.000333,0.000000,0.000000,0.000000,0.000000,0.000000,0.344366
112.059525,1765336627.332890,1765336347,0.316112,0.000333,0.000000,0.000000,0.000000,0.000000,0.000000,0.000000
112.079511,1765336627.352870,1765336347,0.316112,0.000333,0.000000,0.000000,0.000000,0.000000,0.000000,0.000000
112.099443,1765336627.372784,1765336347,0.316112,0.000333,0.000000,0.000000,0.000000,0.000000,0.000000,-0.344366
112.119374,1765336627.392653,1765336347,0.316112,0.000333,0.000000,0.000000,0.000000,0.000000,0.000000,0.344366
112.139475,1765336627.412793,1765336347,0.316112,0.000333,0.000000,0.000000,0.000000,0.000000,0.000000,-0.344366
112.159515,1765336627.432861,1765336347,0.316112,0.000333,0.000000,0.000000,0.000000,0.000000,0.000000,0.000000
112.179525,1765336627.452870,1765336347,0.316112,0.000333,0.000000,0.000000,0.000000,0.000000,0.000000,0.000000
112.199520,1765336627.472855,1765336347,0.316112,0.000333,0.000000,0.000000,0.000000,0.000000,0.000000,0.000000
112.219529,1765336627.492864,1765336347,0.316112,0.000333,0.000000,0.000000,0.000000,0.000000,0.000000,0.000000
112.239538,1765336627.512874,1765336347,0.316112,0.000333,0.000000,0.000000,0.000000,0.000000,0.000000,0.344366
112.259548,1765336627.532885,1765336347,0.316112,0.000333,0.000000,0.000000,0.000000,0.000000,0.000000,0.344366
112.279547,1765336627.552876,1765336347,0.316112,0.000333,0.000000,0.000000,0.000000,0.000000,0.000000,0.000000
112.299584,1765336627.572929,1765336347,0.316112,0.000333,0.000000,0.000000,0.000000,0.000000,0.000000,0.344366
112.319619,1765336627.592978,1765336347,0.316112,0.000333,0.000000,0.000000,0.000000,0.000000,0.000000,-0.344366
112.339631,1765336627.612994,1765336347,0.316112,0.000333,0.000000,0.000000,0.000000,0.000000,0.000000,0.000000
112.359621,1765336627.632967,1765336347,0.316112,0.000333,0.000000,0.000000,0.000000,0.000000,0.000000,0.344366
112.379631,1765336627.652976,1765336347,0.316112,0.000333,0.000000,0.000000,0.000000,0.000000,0.000000,-0.344366
112.399574,1765336627.672878,1765336347,0.316112,0.000333,0.000000,0.000000,0.000000,0.000000,0.000000,0.000000
112.419584,1765336627.692895,1765336347,0.316112,0.000333,0.000000,0.000000,0.000000,0.000000,0.000000,0.000000
112.439612,1765336627.712932,1765336347,0.316112,0.000333,0.000000,0.000000,0.000000,0.000000,0.000000,-1.033098
112.459576,1765336627.732897,1765336347,0.316112,0.000333,0.000000,0.000000,0.000000,0.000000,-0.344366,0.688732
112.479697,1765336627.753056,1765336347,0.316112,0.000333,0.000000,0.000000,0.000000,0.000000,0.000000,0.000000
112.499669,1765336627.773004,1765336347,0.316112,0.000333,0.000000,0.000000,0.000000,0.000000,0.000000,-0.344366
112.519678,1765336627.793014,1765336347,0.316112,0.000333,0.000000,0.000000,0.000000,0.000000,0.000000,-0.344366
112.539677,1765336627.813004,1765336347,0.316112,0.000333,0.000000,0.000000,0.000000,0.000000,0.000000,-0.344366
112.559685,1765336627.833012,1765336347,0.316112,0.000333,0.000000,0.000000,0.000000,0.000000,-0.344366,-0.344366
112.579695,1765336627.853023,1765336347,0.316112,0.000333,0.000000,0.000000,0.000000,0.000000,0.000000,-0.344366
112.599733,1765336627.873080,1765336347,0.316112,0.000333,0.000000,0.000000,0.000000,0.000000,0.000000,0.344366
112.619659,1765336627.892979,1765336347,0.316112,0.000333,0.000000,0.000000,0.000000,0.000000,0.000000,0.344366
112.639702,1765336627.913021,1765336347,0.316112,0.000333,0.000000,0.000000,0.000000,0.000000,-0.688732,0.344366
112.659788,1765336627.933100,1765336347,0.316112,0.000333,0.000000,0.000000,0.000000,0.000000,0.000000,0.000000
112.679875,1765336627.953231,1765336347,0.316112,0.000333,0.000000,0.000000,0.000000,0.000000,0.000000,0.000000
112.699879,1765336627.973224,1765336347,0.316112,0.000333,0.000000,0.000000,0.000000,0.000000,0.000000,0.344366
112.719860,1765336627.993189,1765336347,0.316112,0.000333,0.000000,0.000000,0.000000,0.000000,0.000000,0.344366
112.739882,1765336628.013199,1765336347,0.316112,0.000333,0.000000,0.000000,0.000000,0.000000,0.000000,-0.344366
112.759809,1765336628.033091,1765336347,0.316112,0.000333,0.000000,0.000000,0.000000,0.000000,0.000000,-0.344366
112.779797,1765336628.053074,1765336347,0.316112,0.000333,0.000000,0.000000,0.000000,0.000000,0.000000,0.344366
112.799807,1765336628.073086,1765336347,0.316112,0.000333,0.000000,0.000000,0.000000,0.000000,0.000000,-0.344366
112.819819,1765336628.093103,1765336347,0.316112,0.000333,0.000000,0.000000,0.000000,0.000000,0.000000,-0.344366
112.839838,1765336628.113131,1765336347,0.316112,0.000333,0.000000,0.000000,0.000000,0.000000,0.000000,0.000000
112.859864,1765336628.133168,1765336347,0.316112,0.000333,0.000000,0.000000,0.000000,0.000000,0.000000,0.344366
112.879880,1765336628.153193,1765336347,0.316112,0.000333,0.000000,0.000000,0.000000,0.000000,0.000000,-0.344366
112.899846,1765336628.173135,1765336347,0.316112,0.000333,0.000000,0.000000,0.000000,0.000000,-0.688732,0.344366
112.919879,1765336628.193180,1765336347,0.316112,0.000333,0.000000,0.000000,0.000000,0.000000,-0.344366,0.344366
112.939897,1765336628.213207,1765336347,0.316112,0.000333,0.000000,0.000000,0.000000,0.000000,0.000000,0.344366
112.959890,1765336628.233193,1765336347,0.316112,0.000333,0.000000,0.000000,0.000000,0.000000,0.000000,0.344366
112.979909,1765336628.253219,1765336347,0.316112,0.000333,0.000000,0.000000,0.000000,0.000000,0.000000,0.000000
112.999937,1765336628.273258,1765336347,0.316112,0.000333,0.000000,0.000000,0.000000,0.000000,0.000000,0.344366
113.019945,1765336628.293266,1765336347,0.316112,0.000333,0.000000,0.000000,0.000000,0.000000,0.000000,-0.344366
113.039954,1765336628.313274,1765336347,0.316112,0.000333,0.000000,0.000000,0.000000,0.000000,0.000000,0.000000
113.059963,1765336628.333309,1765336347,0.316112,0.000333,0.000000,0.000000,0.000000,0.000000,0.000000,0.000000
113.079958,1765336628.353273,1765336347,0.316112,0.000333,0.000000,0.000000,0.000000,0.000000,0.000000,0.000000
113.099890,1765336628.373168,1765336347,0.316112,0.000333,0.000000,0.000000,0.000000,0.000000,-0.688732,-0.344366
113.119960,1765336628.393276,1765336347,0.316112,0.000333,0.000000,0.000000,0.000000,0.000000,0.000000,-0.344366
113.139959,1765336628.413294,1765336347,0.316112,0.000333,0.000000,0.000000,0.000000,0.000000,0.000000,-0.344366
113.160098,1765336628.433460,1765336347,0.316112,0.000333,0.000000,0.000000,0.000000,0.000000,0.000000,-0.344366
113.180142,1765336628.453505,1765336347,0.316112,0.000333,0.000000,0.000000,0.000000,0.000000,0.000000,0.000000
113.200127,1765336628.473489,1765336347,0.316112,0.000333,0.000000,0.000000,0.000000,0.000000,0.000000,0.000000
113.220105,1765336628.493452,1765336347,0.316112,0.000333,0.000000,0.000000,0.000000,0.000000,0.000000,0.344366
113.240099,1765336628.513437,1765336347,0.316112,0.000333,0.000000,0.000000,0.000000,0.000000,0.000000,0.000000
113.260111,1765336628.533449,1765336347,0.316112,0.000333,0.000000,0.000000,0.000000,0.000000,0.000000,0.000000
113.280083,1765336628.553405,1765336347,0.316112,0.000333,0.000000,0.000000,0.000000,0.000000,0.000000,-0.344366
113.300073,1765336628.573392,1765336347,0.316112,0.000333,0.000000,0.000000,0.000000,0.000000,0.000000,-0.344366
113.320095,1765336628.593416,1765336347,0.316112,0.000333,0.000000,0.000000,0.000000,0.000000,0.000000,-0.344366
113.340122,1765336628.613446,1765336347,0.316112,0.000333,0.000000,0.000000,0.000000,0.000000,0.000000,0.000000
113.360130,1765336628.633458,1765336347,0.316112,0.000333,0.000000,0.000000,0.000000,0.000000,0.000000,-0.344366
113.380129,1765336628.653459,1765336347,0.316112,0.000333,0.000000,0.000000,0.000000,0.000000,0.000000,0.000000
113.400046,1765336628.673339,1765336347,0.316112,0.000333,0.000000,0.000000,0.000000,0.000000,0.000000,0.344366
113.420180,1765336628.693525,1765336347,0.316112,0.000333,0.000000,0.000000,0.000000,0.000000,0.000000,-0.344366
113.440202,1765336628.713540,1765336347,0.316112,0.000333,0.000000,0.000000,0.000000,0.000000,0.000000,-0.344366
113.460184,1765336628.733520,1765336347,0.316112,0.000333,0.000000,0.000000,0.000000,0.000000,0.000000,0.344366
113.480145,1765336628.753661,1765336347,0.316112,0.000333,0.000000,0.000000,0.000000,0.000000,0.000000,0.344366
113.500148,1765336628.773473,1765336347,0.316112,0.000333,0.000000,0.000000,0.000000,0.000000,0.000000,-0.344366
113.520218,1765336628.793554,1765336347,0.316112,0.000333,0.000000,0.000000,0.000000,0.000000,0.000000,0.344366
113.540230,1765336628.813565,1765336347,0.316112,0.000333,0.000000,0.000000,0.000000,0.000000,0.000000,0.000000
113.560210,1765336628.833531,1765336347,0.316112,0.000333,0.000000,0.000000,0.000000,0.000000,0.000000,0.344366
113.580234,1765336628.853563,1765336347,0.316112,0.000333,0.000000,0.000000,0.000000,0.000000,0.000000,-1.033098
113.600243,1765336628.873571,1765336347,0.316112,0.000333,0.000000,0.000000,0.000000,0.000000,0.000000,0.000000
113.620264,1765336628.893596,1765336347,0.316112,0.000333,0.000000,0.000000,0.000000,0.000000,0.000000,-0.344366
113.640262,1765336628.913590,1765336347,0.316112,0.000333,0.000000,0.000000,0.000000,0.000000,0.000000,0.000000
113.660323,1765336628.933683,1765336347,0.316112,0.000333,0.000000,0.000000,0.000000,0.000000,0.000000,0.344366
113.680506,1765336628.953866,1765336347,0.316112,0.000333,0.000000,0.000000,0.000000,0.000000,0.000000,-0.344366
113.700554,1765336628.973918,1765336347,0.316112,0.000333,0.000000,0.000000,0.000000,0.000000,0.000000,0.000000
113.720531,1765336628.993891,1765336347,0.316112,0.000333,0.000000,0.000000,0.000000,0.000000,0.000000,-0.344366
113.740546,1765336629.013906,1765336347,0.316112,0.000333,0.000000,0.000000,0.000000,0.000000,0.000000,0.344366
113.760555,1765336629.033914,1765336347,0.316112,0.000333,0.000000,0.000000,0.000000,0.000000,0.000000,-0.344366
113.780471,1765336629.053793,1765336347,0.316112,0.000333,0.000000,0.000000,0.000000,0.000000,0.000000,-0.344366
113.800523,1765336629.073843,1765336347,0.316112,0.000333,0.000000,0.000000,0.000000,0.000000,0.000000,0.000000
113.820445,1765336629.093724,1765336347,0.316112,0.000333,0.000000,0.000000,0.000000,0.000000,0.000000,-0.344366
113.840446,1765336629.113725,1765336347,0.316112,0.000333,0.000000,0.000000,0.000000,0.000000,0.000000,0.344366
113.860442,1765336629.133717,1765336347,0.316112,0.000333,0.000000,0.000000,0.000000,0.000000,0.000000,0.344366
113.880451,1765336629.153735,1765336347,0.316112,0.000333,0.000000,0.000000,0.000000,0.000000,0.000000,0.344366
113.900481,1765336629.173775,1765336347,0.316112,0.000333,0.000000,0.000000,0.000000,0.000000,0.000000,0.344366
113.920504,1765336629.193808,1765336347,0.316112,0.000333,0.000000,0.000000,0.000000,0.000000,0.000000,0.344366
113.940586,1765336629.213931,1765336347,0.316112,0.000333,0.000000,0.000000,0.000000,0.000000,0.000000,-0.344366
113.960631,1765336629.233981,1765336347,0.316112,0.000333,0.000000,0.000000,0.000000,0.000000,0.000000,0.000000
113.980634,1765336629.253995,1765336347,0.316112,0.000333,0.000000,0.000000,0.000000,0.000000,0.000000,0.344366
114.000646,1765336629.274005,1765336347,0.316112,0.000333,0.000000,0.000000,0.000000,0.000000,0.000000,-0.344366
114.020636,1765336629.293982,1765336347,0.316112,0.000333,0.000000,0.000000,0.000000,0.000000,0.000000,0.344366
114.040670,1765336629.314031,1765336347,0.316112,0.000333,0.000000,0.000000,0.000000,0.000000,0.000000,-0.344366
114.060628,1765336629.333955,1765336347,0.316112,0.000333,0.000000,0.000000,0.000000,0.000000,0.000000,-0.344366
114.080581,1765336629.353902,1765336347,0.316112,0.000333,0.000000,0.000000,0.000000,0.000000,-0.688732,0.000000
114.100742,1765336629.374141,1765336347,0.316112,0.000333,0.000000,0.000000,0.000000,0.000000,0.000000,0.000000
114.120574,1765336629.393869,1765336347,0.316112,0.000333,0.000000,0.000000,0.000000,0.000000,0.000000,-0.344366
114.140569,1765336629.413858,1765336347,0.316112,0.000333,0.000000,0.000000,0.000000,0.000000,0.000000,0.344366
114.160632,1765336629.433944,1765336347,0.316112,0.000333,0.000000,0.000000,0.000000,0.000000,0.000000,0.000000
114.180724,1765336629.454083,1765336347,0.316112,0.000333,0.000000,0.000000,0.000000,0.000000,0.000000,0.000000
114.200737,1765336629.474097,1765336347,0.316112,0.000333,0.000000,0.000000,0.000000,0.000000,0.000000,0.344366
114.220727,1765336629.494060,1765336347,0.316112,0.000333,0.000000,0.000000,0.000000,0.000000,0.000000,0.000000
114.240742,1765336629.514090,1765336347,0.316112,0.000333,0.000000,0.000000,0.000000,0.000000,0.000000,0.000000
114.260727,1765336629.534056,1765336347,0.316112,0.000333,0.000000,0.000000,0.000000,0.000000,0.000000,0.000000
114.280736,1765336629.554065,1765336347,0.316112,0.000333,0.000000,0.000000,0.000000,0.000000,0.000000,0.000000
114.300731,1765336629.574052,1765336347,0.316112,0.000333,0.000000,0.000000,0.000000,0.000000,0.000000,0.344366
114.320739,1765336629.594061,1765336347,0.316112,0.000333,0.000000,0.000000,0.000000,0.000000,0.000000,-0.344366
114.340747,1765336629.614068,1765336347,0.316112,0.000333,0.000000,0.000000,0.000000,0.000000,0.000000,-0.344366
114.360756,1765336629.634077,1765336347,0.316112,0.000333,0.000000,0.000000,0.000000,0.000000,0.000000,-0.344366
114.380780,1765336629.654109,1765336347,0.316112,0.000333,0.000000,0.000000,0.000000,0.000000,0.000000,0.344366
114.400751,1765336629.674062,1765336347,0.316112,0.000333,0.000000,0.000000,0.000000,0.000000,0.000000,-0.344366
114.420823,1765336629.694182,1765336347,0.316112,0.000333,0.000000,0.000000,0.000000,0.000000,0.000000,0.000000
114.440858,1765336629.714219,1765336347,0.316112,0.000333,0.000000,0.000000,0.000000,0.000000,0.000000,0.344366
114.460831,1765336629.734168,1765336347,0.316112,0.000333,0.000000,0.000000,0.000000,0.000000,-0.344366,-1.033098
114.480836,1765336629.754160,1765336347,0.316112,0.000333,0.000000,0.000000,0.000000,0.000000,0.000000,-0.344366
114.500758,1765336629.774055,1765336347,0.316112,0.000333,0.000000,0.000000,0.000000,0.000000,0.000000,0.000000
114.520805,1765336629.794116,1765336347,0.316112,0.000333,0.000000,0.000000,0.000000,0.000000,0.000000,0.344366
114.540820,1765336629.814136,1765336347,0.316112,0.000333,0.000000,0.000000,0.000000,0.000000,0.000000,-0.344366
114.560819,1765336629.834131,1765336347,0.316112,0.000333,0.000000,0.000000,0.000000,0.000000,0.000000,0.000000
114.580825,1765336629.854136,1765336347,0.316112,0.000333,0.000000,0.000000,0.000000,0.000000,0.000000,0.000000
114.600832,1765336629.874144,1765336347,0.316112,0.000333,0.000000,0.000000,0.000000,0.000000,0.000000,-0.344366
114.620839,1765336629.894150,1765336347,0.316112,0.000333,0.000000,0.000000,0.000000,0.000000,0.000000,0.344366
114.640838,1765336629.914145,1765336347,0.316112,0.000333,0.000000,0.000000,0.000000,0.000000,0.000000,0.000000
114.660845,1765336629.934152,1765336347,0.316112,0.000333,0.000000,0.000000,0.000000,0.000000,0.000000,-0.344366
114.680806,1765336629.954096,1765336347,0.316112,0.000333,0.000000,0.000000,0.000000,0.000000,0.000000,-0.344366
114.700874,1765336629.974190,1765336347,0.316112,0.000333,0.000000,0.000000,0.000000,0.000000,0.000000,0.000000
114.720889,1765336629.994211,1765336347,0.316112,0.000333,0.000000,0.000000,0.000000,0.000000,0.000000,-0.344366
114.740998,1765336630.014406,1765336347,0.316112,0.000333,0.000000,0.000000,0.000000,0.000000,0.000000,0.344366
114.760955,1765336630.034326,1765336347,0.316112,0.000333,0.000000,0.000000,0.000000,0.000000,0.000000,0.344366
114.780950,1765336630.054313,1765336347,0.316112,0.000333,0.000000,0.000000,0.000000,0.000000,0.000000,0.000000
114.800947,1765336630.074275,1765336347,0.316112,0.000333,0.000000,0.000000,0.000000,0.000000,-0.688732,0.000000
114.820956,1765336630.094316,1765336347,0.316112,0.000333,0.000000,0.000000,0.000000,0.000000,0.000000,0.000000
114.840966,1765336630.114327,1765336347,0.316112,0.000333,0.000000,0.000000,0.000000,0.000000,0.000000,0.000000
114.860977,1765336630.134340,1765336347,0.316112,0.000333,0.000000,0.000000,0.000000,0.000000,0.000000,0.000000
114.880987,1765336630.154351,1765336347,0.316112,0.000333,0.000000,0.000000,0.000000,0.000000,0.000000,0.000000
114.900970,1765336630.174309,1765336347,0.316112,0.000333,0.000000,0.000000,0.000000,0.000000,0.000000,0.344366
114.920977,1765336630.194314,1765336347,0.316112,0.000333,0.000000,0.000000,0.000000,0.000000,0.000000,0.344366
114.940996,1765336630.214343,1765336347,0.316112,0.000333,0.000000,0.000000,0.000000,0.000000,-0.344366,-0.344366
114.961040,1765336630.234374,1765336347,0.316112,0.000333,0.000000,0.000000,0.000000,0.000000,0.000000,-0.344366
114.981059,1765336630.254390,1765336347,0.316112,0.000333,0.000000,0.000000,0.000000,0.000000,0.000000,-0.344366
115.001092,1765336630.274423,1765336347,0.316112,0.000333,0.000000,0.000000,0.000000,0.000000,0.000000,-0.344366
115.021077,1765336630.294406,1765336347,0.316112,0.000333,0.000000,0.000000,0.000000,0.000000,0.000000,0.000000
115.041078,1765336630.314400,1765336347,0.316112,0.000333,0.000000,0.000000,0.000000,0.000000,0.000000,0.344366
115.061151,1765336630.334510,1765336347,0.316112,0.000333,0.000000,0.000000,0.000000,0.000000,0.000000,0.000000
115.081165,1765336630.354525,1765336347,0.316112,0.000333,0.000000,0.000000,0.000000,0.000000,0.000000,0.000000
115.101277,1765336630.374681,1765336347,0.316112,0.000333,0.000000,0.000000,0.000000,0.000000,0.000000,0.000000
115.121154,1765336630.394444,1765336347,0.316112,0.000333,0.000000,0.000000,0.000000,0.000000,0.000000,-0.344366
115.141188,1765336630.414492,1765336347,0.316112,0.000333,0.000000,0.000000,0.000000,0.000000,0.000000,0.688732
115.161216,1765336630.434530,1765336347,0.316112,0.000333,0.000000,0.000000,0.000000,0.000000,0.000000,-0.344366
115.181250,1765336630.454578,1765336347,0.316112,0.000333,0.000000,0.000000,0.000000,0.000000,0.000000,0.344366
115.201258,1765336630.474587,1765336347,0.316112,0.000333,0.000000,0.000000,0.000000,0.000000,0.000000,0.000000
115.221267,1765336630.494596,1765336347,0.316112,0.000333,0.000000,0.000000,0.000000,0.000000,0.000000,-0.344366
115.241289,1765336630.514625,1765336347,0.316112,0.000333,0.000000,0.000000,0.000000,0.000000,0.000000,-0.344366
115.261324,1765336630.534664,1765336347,0.316112,0.000333,0.000000,0.000000,0.000000,0.000000,0.000000,-0.344366
115.281308,1765336630.554644,1765336347,0.316112,0.000333,0.000000,0.000000,0.000000,0.000000,0.000000,0.000000
115.301319,1765336630.574655,1765336347,0.316112,0.000333,0.000000,0.000000,0.000000,0.000000,0.000000,0.344366
115.321329,1765336630.594664,1765336347,0.316112,0.000333,0.000000,0.000000,0.000000,0.000000,0.000000,0.344366
115.341339,1765336630.614674,1765336347,0.316112,0.000333,0.000000,0.000000,0.000000,0.000000,-0.688732,-0.344366
115.361348,1765336630.634680,1765336347,0.316112,0.000333,0.000000,0.000000,0.000000,0.000000,0.000000,0.000000
115.381360,1765336630.654696,1765336347,0.316112,0.000333,0.000000,0.000000,0.000000,0.000000,0.000000,0.000000
115.401330,1765336630.674645,1765336347,0.316112,0.000333,0.000000,0.000000,0.000000,0.000000,0.000000,-0.344366
115.421490,1765336630.694850,1765336347,0.316112,0.000333,0.000000,0.000000,0.000000,0.000000,0.000000,0.000000
115.441504,1765336630.714864,1765336347,0.316112,0.000333,0.000000,0.000000,0.000000,0.000000,0.000000,0.000000
115.461494,1765336630.734839,1765336347,0.316112,0.000333,0.000000,0.000000,0.000000,0.000000,0.000000,-0.344366
115.481490,1765336630.754826,1765336347,0.316112,0.000333,0.000000,0.000000,0.000000,0.000000,0.000000,0.000000
115.501500,1765336630.774837,1765336347,0.316112,0.000333,0.000000,0.000000,0.000000,0.000000,0.000000,0.000000
115.521529,1765336630.794861,1765336347,0.316112,0.000333,0.000000,0.000000,0.000000,0.000000,0.000000,0.344366
115.541564,1765336630.814923,1765336347,0.316112,0.000333,0.000000,0.000000,0.000000,0.000000,0.000000,0.344366
115.561577,1765336630.834936,1765336347,0.316112,0.000333,0.000000,0.000000,0.000000,0.000000,0.000000,0.000000
115.581589,1765336630.854949,1765336347,0.316112,0.000333,0.000000,0.000000,0.000000,0.000000,-0.688732,-0.344366
115.601602,1765336630.874961,1765336347,0.316112,0.000333,0.000000,0.000000,0.000000,0.000000,0.000000,0.344366
115.621592,1765336630.894937,1765336347,0.316112,0.000333,0.000000,0.000000,0.000000,0.000000,0.000000,0.000000
115.641602,1765336630.914948,1765336347,0.316112,0.000333,0.000000,0.000000,0.000000,0.000000,0.000000,-0.344366
115.661544,1765336630.934884,1765336347,0.316112,0.000333,0.000000,0.000000,0.000000,0.000000,0.000000,-0.344366
115.681646,1765336630.955006,1765336347,0.316112,0.000333,0.000000,0.000000,0.000000,0.000000,0.000000,0.000000
115.701659,1765336630.975019,1765336347,0.316112,0.000333,0.000000,0.000000,0.000000,0.000000,0.000000,0.000000
115.721648,1765336630.994993,1765336347,0.316112,0.000333,0.000000,0.000000,0.000000,0.000000,0.000000,0.344366
115.741570,1765336631.014883,1765336347,0.316112,0.000333,0.000000,0.000000,0.000000,0.000000,0.000000,0.344366
115.761584,1765336631.034902,1765336347,0.316112,0.000333,0.000000,0.000000,0.000000,0.000000,0.000000,-0.344366
115.781673,1765336631.055039,1765336347,0.316112,0.000333,0.000000,0.000000,0.000000,0.000000,0.000000,0.688732
115.801655,1765336631.074971,1765336347,0.316112,0.000333,0.000000,0.000000,0.000000,0.000000,0.000000,0.000000
115.821774,1765336631.095134,1765336347,0.316112,0.000333,0.000000,0.000000,0.000000,0.000000,0.000000,0.000000
115.841788,1765336631.115148,1765336347,0.316112,0.000333,0.000000,0.000000,0.000000,0.000000,0.000000,0.000000
115.861761,1765336631.135096,1765336347,0.316112,0.000333,0.000000,0.000000,0.000000,0.000000,-0.688732,0.344366
115.881772,1765336631.155107,1765336347,0.316112,0.000333,0.000000,0.000000,0.000000,0.000000,0.000000,0.000000
115.901755,1765336631.175075,1765336347,0.316112,0.000333,0.000000,0.000000,0.000000,0.000000,0.000000,0.000000
115.921774,1765336631.195102,1765336347,0.316112,0.000333,0.000000,0.000000,0.000000,0.000000,0.000000,0.344366
115.941731,1765336631.215051,1765336347,0.316112,0.000333,0.000000,0.000000,0.000000,0.000000,0.000000,-0.344366
115.961892,1765336631.235251,1765336347,0.316112,0.000333,0.000000,0.000000,0.000000,0.000000,0.000000,0.000000
115.981806,1765336631.255148,1765336347,0.316112,0.000333,0.000000,0.000000,0.000000,0.000000,0.000000,0.344366
116.001814,1765336631.275158,1765336347,0.316112,0.000333,0.000000,0.000000,0.000000,0.000000,0.000000,-0.344366
116.021825,1765336631.295157,1765336347,0.316112,0.000333,0.000000,0.000000,0.000000,0.000000,0.000000,0.344366
116.041856,1765336631.315182,1765336347,0.316112,0.000333,0.000000,0.000000,0.000000,0.000000,-0.344366,-0.344366
116.061827,1765336631.335142,1765336347,0.316112,0.000333,0.000000,0.000000,0.000000,0.000000,0.000000,-0.344366
116.081829,1765336631.355141,1765336347,0.316112,0.000333,0.000000,0.000000,0.000000,0.000000,0.000000,-0.344366
116.101982,1765336631.375423,1765336347,0.316112,0.000333,0.000000,0.000000,0.000000,0.000000,0.000000,0.000000
116.121842,1765336631.395141,1765336347,0.316112,0.000333,0.000000,0.000000,0.000000,0.000000,0.000000,0.000000
116.141875,1765336631.415190,1765336347,0.316112,0.000333,0.000000,0.000000,0.000000,0.000000,0.000000,0.344366
116.161899,1765336631.435220,1765336347,0.316112,0.000333,0.000000,0.000000,0.000000,0.000000,0.000000,0.000000
116.181953,1765336631.455333,1765336347,0.316112,0.000333,0.000000,0.000000,0.000000,0.000000,0.000000,0.344366
116.201985,1765336631.475375,1765336347,0.316112,0.000333,0.000000,0.000000,0.000000,0.000000,0.000000,0.000000
116.221969,1765336631.495338,1765336347,0.316112,0.000333,0.000000,0.000000,0.000000,0.000000,0.000000,0.344366
116.242043,1765336631.515407,1765336347,0.316112,0.000333,0.000000,0.000000,0.000000,0.000000,0.000000,-0.344366
116.261984,1765336631.535331,1765336347,0.316112,0.000333,0.000000,0.000000,0.000000,0.000000,0.000000,-0.344366
116.281886,1765336631.555163,1765336347,0.316112,0.000333,0.000000,0.000000,0.000000,0.000000,0.000000,-0.344366
116.301907,1765336631.575192,1765336347,0.316112,0.000333,0.000000,0.000000,0.000000,0.000000,0.000000,0.000000
116.321903,1765336631.595191,1765336347,0.316112,0.000333,0.000000,0.000000,0.000000,0.000000,0.000000,-0.344366
116.341927,1765336631.615221,1765336347,0.316112,0.000333,0.000000,0.000000,0.000000,0.000000,0.000000,-0.344366
116.361991,1765336631.635324,1765336347,0.316112,0.000333,0.000000,0.000000,0.000000,0.000000,0.000000,0.000000
116.382107,1765336631.655635,1765336347,0.316112,0.000333,0.000000,0.000000,0.000000,0.000000,0.000000,0.000000
116.402065,1765336631.675396,1765336347,0.316112,0.000333,0.000000,0.000000,0.000000,0.000000,0.000000,0.344366
116.422093,1765336631.695430,1765336347,0.316112,0.000333,0.000000,0.000000,0.000000,0.000000,0.000000,-0.344366
116.442102,1765336631.715440,1765336347,0.316112,0.000333,0.000000,0.000000,0.000000,0.000000,0.000000,0.344366
116.462110,1765336631.735447,1765336347,0.316112,0.000333,0.000000,0.000000,0.000000,0.000000,0.000000,0.344366
116.482097,1765336631.755427,1765336347,0.316112,0.000333,0.000000,0.000000,0.000000,0.000000,0.000000,0.000000
116.502112,1765336631.775440,1765336347,0.316112,0.000333,0.000000,0.000000,0.000000,0.000000,0.000000,0.000000
116.522101,1765336631.795422,1765336347,0.316112,0.000333,0.000000,0.000000,0.000000,0.000000,0.000000,0.000000
116.542130,1765336631.815458,1765336347,0.316112,0.000333,0.000000,0.000000,0.000000,0.000000,0.000000,0.000000
116.562163,1765336631.835495,1765336347,0.316112,0.000333,0.000000,0.000000,0.000000,0.000000,0.000000,-0.344366
116.582146,1765336631.855475,1765336347,0.316112,0.000333,0.000000,0.000000,0.000000,0.000000,0.000000,-0.344366
116.602162,1765336631.875489,1765336347,0.316112,0.000333,0.000000,0.000000,0.000000,0.000000,0.000000,-0.344366
116.622184,1765336631.895520,1765336347,0.316112,0.000333,0.000000,0.000000,0.000000,0.000000,0.000000,-0.344366
116.642166,1765336631.915487,1765336347,0.316112,0.000333,0.000000,0.000000,0.000000,0.000000,0.000000,0.000000
116.662189,1765336631.935518,1765336347,0.316112,0.000333,0.000000,0.000000,0.000000,0.000000,0.000000,-0.344366
116.682197,1765336631.955525,1765336347,0.316112,0.000333,0.000000,0.000000,0.000000,0.000000,0.000000,0.000000
116.702208,1765336631.975537,1765336347,0.316112,0.000333,0.000000,0.000000,0.000000,0.000000,0.000000,0.344366
116.722272,1765336631.995603,1765336347,0.316112,0.000333,0.000000,0.000000,0.000000,0.000000,0.000000,0.000000
116.742277,1765336632.015637,1765336347,0.316112,0.000333,0.000000,0.000000,0.000000,0.000000,0.000000,0.000000
116.762236,1765336632.035565,1765336347,0.316112,0.000333,0.000000,0.000000,0.000000,0.000000,0.000000,-0.344366
116.782241,1765336632.055569,1765336347,0.316112,0.000333,0.000000,0.000000,0.000000,0.000000,0.000000,0.000000
116.802248,1765336632.075569,1765336347,0.316112,0.000333,0.000000,0.000000,0.000000,0.000000,-0.688732,0.000000
116.822284,1765336632.095614,1765336347,0.316112,0.000333,0.000000,0.000000,0.000000,0.000000,0.000000,0.000000
116.842271,1765336632.115600,1765336347,0.316112,0.000333,0.000000,0.000000,0.000000,0.000000,0.000000,-0.344366
116.862187,1765336632.135469,1765336347,0.316112,0.000333,0.000000,0.000000,0.000000,0.000000,0.000000,-0.344366
116.882188,1765336632.155467,1765336347,0.316112,0.000333,0.000000,0.000000,0.000000,0.000000,0.000000,0.344366
116.902239,1765336632.175519,1765336347,0.316112,0.000333,0.000000,0.000000,0.000000,0.000000,0.000000,-0.344366
116.922246,1765336632.195529,1765336347,0.316112,0.000333,0.000000,0.000000,0.000000,0.000000,0.000000,0.000000
116.942266,1765336632.215557,1765336347,0.316112,0.000333,0.000000,0.000000,0.000000,0.000000,0.000000,0.000000
116.962288,1765336632.235589,1765336347,0.316112,0.000333,0.000000,0.000000,0.000000,0.000000,0.000000,-0.344366
116.982311,1765336632.255622,1765336347,0.316112,0.000333,0.000000,0.000000,0.000000,0.000000,0.000000,-0.344366
117.002338,1765336632.275659,1765336347,0.316112,0.000333,0.000000,0.000000,0.000000,0.000000,-0.688732,0.000000
117.022361,1765336632.295691,1765336347,0.316112,0.000333,0.000000,0.000000,0.000000,0.000000,0.000000,0.344366
117.042371,1765336632.315699,1765336347,0.316112,0.000333,0.000000,0.000000,0.000000,0.000000,0.000000,-0.344366
117.062394,1765336632.335730,1765336347,0.316112,0.000333,0.000000,0.000000,0.000000,0.000000,-0.344366,-0.344366
117.082435,1765336632.355775,1765336347,0.316112,0.000333,0.000000,0.000000,0.000000,0.000000,0.000000,0.344366
117.102299,1765336632.375575,1765336347,0.316112,0.000333,0.000000,0.000000,0.000000,0.000000,0.000000,0.000000
117.122314,1765336632.395597,1765336347,0.316112,0.000333,0.000000,0.000000,0.000000,0.000000,0.000000,-0.344366
117.142332,1765336632.415622,1765336347,0.316112,0.000333,0.000000,0.000000,0.000000,0.000000,0.000000,0.000000
117.162352,1765336632.435652,1765336347,0.316112,0.000333,0.000000,0.000000,0.000000,0.000000,0.000000,-0.344366
117.182381,1765336632.455692,1765336347,0.316112,0.000333,0.000000,0.000000,0.000000,0.000000,0.000000,0.000000
117.202422,1765336632.475754,1765336347,0.316112,0.000333,0.000000,0.000000,0.000000,0.000000,0.000000,-0.344366
117.222417,1765336632.495738,1765336347,0.316112,0.000333,0.000000,0.000000,0.000000,0.000000,-0.688732,0.000000
117.242440,1765336632.515768,1765336347,0.316112,0.000333,0.000000,0.000000,0.000000,0.000000,0.000000,0.000000
117.262456,1765336632.535784,1765336347,0.316112,0.000333,0.000000,0.000000,0.000000,0.000000,0.000000,0.000000
117.282474,1765336632.555809,1765336347,0.316112,0.000333,0.000000,0.000000,0.000000,0.000000,0.000000,-0.344366
117.302484,1765336632.575820,1765336347,0.316112,0.000333,0.000000,0.000000,0.000000,0.000000,0.000000,-0.344366
117.322483,1765336632.595811,1765336347,0.316112,0.000333,0.000000,0.000000,0.000000,0.000000,0.000000,0.000000
117.342586,1765336632.615949,1765336347,0.316112,0.000333,0.000000,0.000000,0.000000,0.000000,0.000000,0.000000
117.362575,1765336632.635937,1765336347,0.316112,0.000333,0.000000,0.000000,0.000000,0.000000,0.000000,0.000000
117.382569,1765336632.655928,1765336347,0.316112,0.000333,0.000000,0.000000,0.000000,0.000000,0.000000,-0.344366
117.402465,1765336632.675770,1765336347,0.316112,0.000333,0.000000,0.000000,0.000000,0.000000,0.000000,0.344366
117.422537,1765336632.695866,1765336347,0.316112,0.000333,0.000000,0.000000,0.000000,0.000000,0.000000,0.000000
117.442531,1765336632.715852,1765336347,0.316112,0.000333,0.000000,0.000000,0.000000,0.000000,0.000000,-0.344366
117.462553,1765336632.735897,1765336347,0.316112,0.000333,0.000000,0.000000,0.000000,0.000000,0.000000,0.000000
117.482617,1765336632.755976,1765336347,0.316112,0.000333,0.000000,0.000000,0.000000,0.000000,0.000000,0.000000
117.502607,1765336632.775953,1765336347,0.316112,0.000333,0.000000,0.000000,0.000000,0.000000,0.000000,0.000000
117.522619,1765336632.795964,1765336347,0.316112,0.000333,0.000000,0.000000,0.000000,0.000000,-0.688732,0.344366
117.542614,1765336632.815950,1765336347,0.316112,0.000333,0.000000,0.000000,0.000000,0.000000,0.000000,-0.344366
117.562664,1765336632.836024,1765336347,0.316112,0.000333,0.000000,0.000000,0.000000,0.000000,0.000000,0.000000
117.582677,1765336632.856035,1765336347,0.316112,0.000333,0.000000,0.000000,0.000000,0.000000,0.000000,-0.344366
117.602723,1765336632.876086,1765336347,0.316112,0.000333,0.000000,0.000000,0.000000,0.000000,0.000000,0.000000
117.622680,1765336632.896026,1765336347,0.316112,0.000333,0.000000,0.000000,0.000000,0.000000,0.000000,-0.344366
117.642691,1765336632.916037,1765336347,0.316112,0.000333,0.000000,0.000000,0.000000,0.000000,0.000000,0.344366
117.662661,1765336632.935982,1765336347,0.316112,0.000333,0.000000,0.000000,0.000000,0.000000,0.000000,-0.344366
117.682684,1765336632.956013,1765336347,0.316112,0.000333,0.000000,0.000000,0.000000,0.000000,0.000000,0.344366
117.702695,1765336632.976023,1765336347,0.316112,0.000333,0.000000,0.000000,0.000000,0.000000,0.000000,0.000000
117.722704,1765336632.996032,1765336347,0.316112,0.000333,0.000000,0.000000,0.000000,0.000000,0.000000,-0.344366
117.742716,1765336633.016044,1765336347,0.316112,0.000333,0.000000,0.000000,0.000000,0.000000,0.000000,-1.033098
117.762739,1765336633.036074,1765336347,0.316112,0.000333,0.000000,0.000000,0.000000,0.000000,0.000000,-0.344366
117.782712,1765336633.056027,1765336347,0.316112,0.000333,0.000000,0.000000,0.000000,0.000000,0.000000,0.344366
117.802801,1765336633.076161,1765336347,0.316112,0.000333,0.000000,0.000000,0.000000,0.000000,0.000000,0.000000
117.822791,1765336633.096137,1765336347,0.316112,0.000333,0.000000,0.000000,0.000000,0.000000,0.000000,0.344366
117.842804,1765336633.116149,1765336347,0.316112,0.000333,0.000000,0.000000,0.000000,0.000000,-0.688732,0.000000
117.862827,1765336633.136167,1765336347,0.316112,0.000333,0.000000,0.000000,0.000000,0.000000,0.000000,0.344366
117.882843,1765336633.156203,1765336347,0.316112,0.000333,0.000000,0.000000,0.000000,0.000000,0.000000,0.344366
117.902751,1765336633.176057,1765336347,0.316112,0.000333,0.000000,0.000000,0.000000,0.000000,-0.688732,0.688732
117.922783,1765336633.196102,1765336347,0.316112,0.000333,0.000000,0.000000,0.000000,0.000000,0.000000,-0.344366
117.942783,1765336633.216094,1765336347,0.316112,0.000333,0.000000,0.000000,0.000000,0.000000,-0.688732,0.000000
117.962812,1765336633.236123,1765336347,0.316112,0.000333,0.000000,0.000000,0.000000,0.000000,0.000000,0.344366
117.982940,1765336633.256330,1765336347,0.316112,0.000333,0.000000,0.000000,0.000000,0.000000,0.000000,0.344366
118.002929,1765336633.276275,1765336347,0.316112,0.000333,0.000000,0.000000,0.000000,0.000000,0.000000,0.344366
118.022962,1765336633.296354,1765336347,0.316112,0.000333,0.000000,0.000000,0.000000,0.000000,0.000000,0.344366
118.042971,1765336633.316360,1765336347,0.316112,0.000333,0.000000,0.000000,0.000000,0.000000,0.000000,0.344366
118.062974,1765336633.336342,1765336347,0.316112,0.000333,0.000000,0.000000,0.000000,0.000000,0.000000,0.000000
118.082914,1765336633.356235,1765336347,0.316112,0.000333,0.000000,0.000000,0.000000,0.000000,0.000000,0.000000
118.103051,1765336633.376423,1765336347,0.316112,0.000333,0.000000,0.000000,0.000000,0.000000,0.000000,0.000000
118.122871,1765336633.396147,1765336347,0.316112,0.000333,0.000000,0.000000,0.000000,0.000000,0.000000,-0.344366
118.142911,1765336633.416199,1765336347,0.316112,0.000333,0.000000,0.000000,0.000000,0.000000,0.000000,-0.344366
118.162929,1765336633.436236,1765336347,0.316112,0.000333,0.000000,0.000000,0.000000,0.000000,0.000000,0.000000
118.182963,1765336633.456304,1765336347,0.316112,0.000333,0.000000,0.000000,0.000000,0.000000,0.000000,0.344366
118.202988,1765336633.476336,1765336347,0.316112,0.000333,0.000000,0.000000,0.000000,0.000000,0.000000,-0.344366
118.222977,1765336633.496320,1765336347,0.316112,0.000333,0.000000,0.000000,0.000000,0.000000,0.000000,-0.344366
118.242987,1765336633.516336,1765336347,0.316112,0.000333,0.000000,0.000000,0.000000,0.000000,0.000000,0.344366
118.263003,1765336633.536358,1765336347,0.316112,0.000333,0.000000,0.000000,0.000000,0.000000,0.000000,0.000000
118.283046,1765336633.556374,1765336347,0.316112,0.000333,0.000000,0.000000,0.000000,0.000000,0.000000,0.344366
118.303055,1765336633.576386,1765336347,0.316112,0.000333,0.000000,0.000000,0.000000,0.000000,0.000000,0.344366
118.323063,1765336633.596395,1765336347,0.316112,0.000333,0.000000,0.000000,0.000000,0.000000,0.000000,-0.344366
118.343051,1765336633.616374,1765336347,0.316112,0.000333,0.000000,0.000000,0.000000,0.000000,0.000000,0.344366
118.363131,1765336633.636494,1765336347,0.316112,0.000333,0.000000,0.000000,0.000000,0.000000,0.000000,-1.033098
118.383154,1765336633.656503,1765336347,0.316112,0.000333,0.000000,0.000000,0.000000,0.000000,0.000000,0.000000
118.403101,1765336633.676430,1765336347,0.316112,0.000333,0.000000,0.000000,0.000000,0.000000,0.000000,0.344366
118.423159,1765336633.696520,1765336347,0.316112,0.000333,0.000000,0.000000,0.000000,0.000000,0.000000,0.000000
118.443176,1765336633.716536,1765336347,0.316112,0.000333,0.000000,0.000000,0.000000,0.000000,0.000000,0.000000
118.463149,1765336633.736486,1765336347,0.316112,0.000333,0.000000,0.000000,0.000000,0.000000,0.000000,0.344366
118.483145,1765336633.756474,1765336347,0.316112,0.000333,0.000000,0.000000,0.000000,0.000000,0.000000,0.344366
118.503156,1765336633.776485,1765336347,0.316112,0.000333,0.000000,0.000000,0.000000,0.000000,-0.688732,0.000000
118.523178,1765336633.796513,1765336347,0.316112,0.000333,0.000000,0.000000,0.000000,0.000000,0.000000,0.344366
118.543188,1765336633.816524,1765336347,0.316112,0.000333,0.000000,0.000000,0.000000,0.000000,0.000000,0.000000
118.563185,1765336633.836514,1765336347,0.316112,0.000333,0.000000,0.000000,0.000000,0.000000,0.000000,0.344366
118.583195,1765336633.856523,1765336347,0.316112,0.000333,0.000000,0.000000,0.000000,0.000000,0.000000,0.000000
118.603213,1765336633.876541,1765336347,0.316112,0.000333,0.000000,0.000000,0.000000,0.000000,0.000000,0.000000
118.623223,1765336633.896551,1765336347,0.316112,0.000333,0.000000,0.000000,0.000000,0.000000,0.000000,0.344366
118.643247,1765336633.916578,1765336347,0.316112,0.000333,0.000000,0.000000,0.000000,0.000000,0.000000,0.344366
118.663217,1765336633.936546,1765336347,0.316112,0.000333,0.000000,0.000000,0.000000,0.000000,0.000000,0.000000
118.683291,1765336633.956650,1765336347,0.316112,0.000333,0.000000,0.000000,0.000000,0.000000,0.000000,-0.344366
118.703251,1765336633.976579,1765336347,0.316112,0.000333,0.000000,0.000000,0.000000,0.000000,0.000000,0.344366
118.723236,1765336633.996552,1765336347,0.316112,0.000333,0.000000,0.000000,0.000000,0.000000,0.000000,-0.344366
118.743254,1765336634.016575,1765336347,0.316112,0.000333,0.000000,0.000000,0.000000,0.000000,0.000000,0.344366
118.763250,1765336634.036566,1765336347,0.316112,0.000333,0.000000,0.000000,0.000000,0.000000,0.000000,0.344366
118.783270,1765336634.056591,1765336347,0.316112,0.000333,0.000000,0.000000,0.000000,0.000000,0.000000,0.000000
118.803288,1765336634.076609,1765336347,0.316112,0.000333,0.000000,0.000000,0.000000,0.000000,0.000000,-0.344366
118.823302,1765336634.096631,1765336347,0.316112,0.000333,0.000000,0.000000,0.000000,0.000000,0.000000,-0.344366
118.843311,1765336634.116639,1765336347,0.316112,0.000333,0.000000,0.000000,0.000000,0.000000,0.000000,-0.344366
118.863320,1765336634.136648,1765336347,0.316112,0.000333,0.000000,0.000000,0.000000,0.000000,0.000000,0.344366
118.883330,1765336634.156658,1765336347,0.316112,0.000333,0.000000,0.000000,0.000000,0.000000,0.000000,0.344366
118.903346,1765336634.176670,1765336347,0.316112,0.000333,0.000000,0.000000,0.000000,0.000000,0.000000,0.344366
118.923308,1765336634.196619,1765336347,0.316112,0.000333,0.000000,0.000000,0.000000,0.000000,0.000000,-0.344366
118.943337,1765336634.216660,1765336347,0.316112,0.000333,0.000000,0.000000,0.000000,0.000000,0.000000,0.000000
118.963349,1765336634.236670,1765336347,0.316112,0.000333,0.000000,0.000000,0.000000,0.000000,0.000000,-0.344366
118.983373,1765336634.256702,1765336347,0.316112,0.000333,0.000000,0.000000,0.000000,0.000000,0.000000,0.344366
119.003384,1765336634.276712,1765336347,0.316112,0.000333,0.000000,0.000000,0.000000,0.000000,0.000000,0.000000
119.023455,1765336634.296791,1765336347,0.316112,0.000333,0.000000,0.000000,0.000000,0.000000,0.000000,0.344366
119.043440,1765336634.316761,1765336347,0.316112,0.000333,0.000000,0.000000,0.000000,0.000000,0.000000,0.000000
119.063464,1765336634.336792,1765336347,0.316112,0.000333,0.000000,0.000000,0.000000,0.000000,0.000000,0.000000
119.083487,1765336634.356823,1765336347,0.316112,0.000333,0.000000,0.000000,0.000000,0.000000,0.000000,-0.344366
119.103538,1765336634.376897,1765336347,0.316112,0.000333,0.000000,0.000000,0.000000,0.000000,0.000000,0.688732
119.123423,1765336634.396715,1765336347,0.316112,0.000333,0.000000,0.000000,0.000000,0.000000,0.000000,-0.344366
119.143481,1765336634.416801,1765336347,0.316112,0.000333,0.000000,0.000000,0.000000,0.000000,0.000000,-0.344366
119.163529,1765336634.436861,1765336347,0.316112,0.000333,0.000000,0.000000,0.000000,0.000000,0.000000,-0.344366
119.183529,1765336634.456865,1765336347,0.316112,0.000333,0.000000,0.000000,0.000000,0.000000,0.000000,-0.344366
119.203540,1765336634.476876,1765336347,0.316112,0.000333,0.000000,0.000000,0.000000,0.000000,0.000000,-0.344366
119.223550,1765336634.496885,1765336347,0.316112,0.000333,0.000000,0.000000,0.000000,0.000000,0.000000,0.344366
119.243562,1765336634.516897,1765336347,0.316112,0.000333,0.000000,0.000000,0.000000,0.000000,0.000000,0.344366
119.263573,1765336634.536909,1765336347,0.316112,0.000333,0.000000,0.000000,0.000000,0.000000,0.000000,-0.344366
119.283572,1765336634.556900,1765336347,0.316112,0.000333,0.000000,0.000000,0.000000,0.000000,0.000000,-0.344366
119.303633,1765336634.576993,1765336347,0.316112,0.000333,0.000000,0.000000,0.000000,0.000000,0.000000,0.000000
119.323647,1765336634.597007,1765336347,0.316112,0.000333,0.000000,0.000000,0.000000,0.000000,0.000000,-0.344366
119.343661,1765336634.617021,1765336347,0.316112,0.000333,0.000000,0.000000,0.000000,0.000000,0.000000,-0.344366
119.363650,1765336634.636997,1765336347,0.316112,0.000333,0.000000,0.000000,0.000000,0.000000,0.000000,0.344366
119.383647,1765336634.656982,1765336347,0.316112,0.000333,0.000000,0.000000,0.000000,0.000000,0.000000,0.344366
119.403634,1765336634.676958,1765336347,0.316112,0.000333,0.000000,0.000000,0.000000,0.000000,0.000000,0.000000
119.423698,1765336634.697036,1765336347,0.316112,0.000333,0.000000,0.000000,0.000000,0.000000,0.000000,0.000000
119.443719,1765336634.717079,1765336347,0.316112,0.000333,0.000000,0.000000,0.000000,0.000000,0.000000,0.344366
119.463708,1765336634.737054,1765336347,0.316112,0.000333,0.000000,0.000000,0.000000,0.000000,0.000000,-0.344366
119.483701,1765336634.757036,1765336347,0.316112,0.000333,0.000000,0.000000,0.000000,0.000000,0.000000,-0.344366
119.503711,1765336634.777048,1765336347,0.316112,0.000333,0.000000,0.000000,0.000000,0.000000,0.000000,0.000000
119.523720,1765336634.797056,1765336347,0.316112,0.000333,0.000000,0.000000,0.000000,0.000000,0.000000,0.344366
119.543747,1765336634.817094,1765336347,0.316112,0.000333,0.000000,0.000000,0.000000,0.000000,0.000000,0.344366
119.563728,1765336634.837047,1765336347,0.316112,0.000333,0.000000,0.000000,0.000000,0.000000,0.000000,-0.344366
119.583741,1765336634.857060,1765336347,0.316112,0.000333,0.000000,0.000000,0.000000,0.000000,0.000000,-0.344366
119.603860,1765336634.877220,1765336347,0.316112,0.000333,0.000000,0.000000,0.000000,0.000000,0.000000,0.344366
119.623873,1765336634.897232,1765336347,0.316112,0.000333,0.000000,0.000000,0.000000,0.000000,0.000000,-0.344366
119.643846,1765336634.917182,1765336347,0.316112,0.000333,0.000000,0.000000,0.000000,0.000000,0.000000,0.344366
119.663842,1765336634.937171,1765336347,0.316112,0.000333,0.000000,0.000000,0.000000,0.000000,0.000000,0.344366
119.683876,1765336634.957207,1765336347,0.316112,0.000333,0.000000,0.000000,0.000000,0.000000,0.000000,0.000000
119.703874,1765336634.977210,1765336347,0.316112,0.000333,0.000000,0.000000,0.000000,0.000000,0.000000,-0.344366
119.723871,1765336634.997201,1765336347,0.316112,0.000333,0.000000,0.000000,0.000000,0.000000,-0.688732,-0.344366
119.743865,1765336635.017186,1765336347,0.316112,0.000333,0.000000,0.000000,0.000000,0.000000,0.000000,0.344366
119.763888,1765336635.037216,1765336347,0.316112,0.000333,0.000000,0.000000,0.000000,0.000000,-0.344366,0.344366
119.783881,1765336635.057202,1765336347,0.316112,0.000333,0.000000,0.000000,0.000000,0.000000,0.000000,0.000000
119.803890,1765336635.077205,1765336347,0.316112,0.000333,0.000000,0.000000,0.000000,0.000000,0.000000,0.344366
119.823842,1765336635.097133,1765336347,0.316112,0.000333,0.000000,0.000000,0.000000,0.000000,-0.688732,0.000000
119.843853,1765336635.117152,1765336347,0.316112,0.000333,0.000000,0.000000,0.000000,0.000000,0.000000,0.344366
119.863847,1765336635.137146,1765336347,0.316112,0.000333,0.000000,0.000000,0.000000,0.000000,0.000000,0.344366
119.883904,1765336635.157219,1765336347,0.316112,0.000333,0.000000,0.000000,0.000000,0.000000,0.000000,0.000000
119.903851,1765336635.177143,1765336347,0.316112,0.000333,0.000000,0.000000,0.000000,0.000000,0.000000,0.000000
119.923929,1765336635.197249,1765336347,0.316112,0.000333,0.000000,0.000000,0.000000,0.000000,0.000000,0.000000
119.943978,1765336635.217337,1765336347,0.316112,0.000333,0.000000,0.000000,0.000000,0.000000,0.000000,0.344366
119.963972,1765336635.237332,1765336347,0.316112,0.000333,0.000000,0.000000,0.000000,0.000000,0.000000,-0.344366
119.983906,1765336635.257216,1765336347,0.316112,0.000333,0.000000,0.000000,0.000000,0.000000,0.000000,0.000000
120.004061,1765336635.277424,1765336347,0.316112,0.000333,0.000000,0.000000,0.000000,0.000000,0.000000,-0.344366
120.024078,1765336635.297440,1765336347,0.316112,0.000333,0.000000,0.000000,0.000000,0.000000,0.000000,-0.344366
120.044106,1765336635.317468,1765336347,0.316112,0.000333,0.000000,0.000000,0.000000,0.000000,0.000000,0.344366
120.064073,1765336635.337415,1765336347,0.316112,0.000333,0.000000,0.000000,0.000000,0.000000,0.000000,0.000000
120.084115,1765336635.357475,1765336347,0.316112,0.000333,0.000000,0.000000,0.000000,0.000000,0.000000,0.000000
120.104043,1765336635.377385,1765336347,0.316112,0.000333,0.000000,0.000000,0.000000,0.000000,0.000000,-0.344366
120.124300,1765336635.397578,1765336347,0.316112,0.000333,0.000000,0.000000,0.000000,0.000000,0.000000,0.000000
120.144307,1765336635.417591,1765336347,0.316112,0.000333,0.000000,0.000000,0.000000,0.000000,0.000000,0.344366
120.164365,1765336635.437672,1765336347,0.316112,0.000333,0.000000,0.000000,0.000000,0.000000,0.000000,0.344366
120.184387,1765336635.457702,1765336347,0.316112,0.000333,0.000000,0.000000,0.000000,0.000000,0.000000,0.000000
120.204448,1765336635.477775,1765336347,0.316112,0.000333,0.000000,0.000000,0.000000,0.000000,0.000000,0.000000
120.224411,1765336635.497732,1765336347,0.316112,0.000333,0.000000,0.000000,0.000000,0.000000,0.000000,-0.344366
120.244436,1765336635.517764,1765336347,0.316112,0.000333,0.000000,0.000000,0.000000,0.000000,0.000000,0.000000
120.264445,1765336635.537774,1765336347,0.316112,0.000333,0.000000,0.000000,0.000000,0.000000,0.000000,-0.344366
120.284467,1765336635.557803,1765336347,0.316112,0.000333,0.000000,0.000000,0.000000,0.000000,0.000000,0.344366
120.304465,1765336635.577793,1765336347,0.316112,0.000333,0.000000,0.000000,0.000000,0.000000,0.000000,0.344366
120.324486,1765336635.597822,1765336347,0.316112,0.000333,0.000000,0.000000,0.000000,0.000000,0.000000,0.344366
120.344537,1765336635.617898,1765336347,0.316112,0.000333,0.000000,0.000000,0.000000,0.000000,0.000000,-1.033098
120.364549,1765336635.637908,1765336347,0.316112,0.000333,0.000000,0.000000,0.000000,0.000000,0.000000,0.344366
120.384562,1765336635.657922,1765336347,0.316112,0.000333,0.000000,0.000000,0.000000,0.000000,0.000000,-0.344366
120.404523,1765336635.677852,1765336347,0.316112,0.000333,0.000000,0.000000,0.000000,0.000000,0.000000,-0.344366
120.424560,1765336635.697905,1765336347,0.316112,0.000333,0.000000,0.000000,0.000000,0.000000,0.000000,0.000000
120.444490,1765336635.717808,1765336347,0.316112,0.000333,0.000000,0.000000,0.000000,0.000000,0.000000,0.344366
120.464523,1765336635.737838,1765336347,0.316112,0.000333,0.000000,0.000000,0.000000,0.000000,0.000000,-0.344366
120.484617,1765336635.757977,1765336347,0.316112,0.000333,0.000000,0.000000,0.000000,0.000000,0.000000,0.344366
120.504631,1765336635.777991,1765336347,0.316112,0.000333,0.000000,0.000000,0.000000,0.000000,0.000000,-0.344366
120.524644,1765336635.798003,1765336347,0.316112,0.000333,0.000000,0.000000,0.000000,0.000000,0.000000,0.000000
120.544617,1765336635.817953,1765336347,0.316112,0.000333,0.000000,0.000000,0.000000,0.000000,0.000000,-0.344366
120.564626,1765336635.837961,1765336347,0.316112,0.000333,0.000000,0.000000,0.000000,0.000000,0.000000,0.344366
120.584635,1765336635.857970,1765336347,0.316112,0.000333,0.000000,0.000000,0.000000,0.000000,0.000000,0.000000
120.604645,1765336635.877981,1765336347,0.316112,0.000333,0.000000,0.000000,0.000000,0.000000,0.000000,-0.344366
120.624655,1765336635.897991,1765336347,0.316112,0.000333,0.000000,0.000000,0.000000,0.000000,0.000000,0.344366
120.644706,1765336635.918065,1765336347,0.316112,0.000333,0.000000,0.000000,0.000000,0.000000,0.000000,-0.344366
120.664719,1765336635.938077,1765336347,0.316112,0.000333,0.000000,0.000000,0.000000,0.000000,0.000000,-0.344366
120.684659,1765336635.957978,1765336347,0.316112,0.000333,0.000000,0.000000,0.000000,0.000000,0.000000,-0.344366
120.704776,1765336635.978135,1765336347,0.316112,0.000333,0.000000,0.000000,0.000000,0.000000,0.000000,-0.344366
120.724823,1765336635.998187,1765336347,0.316112,0.000333,0.000000,0.000000,0.000000,0.000000,0.000000,0.000000
120.744777,1765336636.018122,1765336347,0.316112,0.000333,0.000000,0.000000,0.000000,0.000000,0.000000,0.000000
120.764760,1765336636.038090,1765336347,0.316112,0.000333,0.000000,0.000000,0.000000,0.000000,0.000000,0.000000
120.784725,1765336636.058045,1765336347,0.316112,0.000333,0.000000,0.000000,0.000000,0.000000,0.000000,0.344366
120.804784,1765336636.078103,1765336347,0.316112,0.000333,0.000000,0.000000,0.000000,0.000000,0.000000,0.344366
120.824902,1765336636.098261,1765336347,0.316112,0.000333,0.000000,0.000000,0.000000,0.000000,0.000000,0.344366
120.844891,1765336636.118236,1765336347,0.316112,0.000333,0.000000,0.000000,0.000000,0.000000,0.000000,-0.344366
120.864885,1765336636.138221,1765336347,0.316112,0.000333,0.000000,0.000000,0.000000,0.000000,0.000000,0.344366
120.884844,1765336636.158186,1765336347,0.316112,0.000333,0.000000,0.000000,0.000000,0.000000,0.000000,0.000000
120.904891,1765336636.178220,1765336347,0.316112,0.000333,0.000000,0.000000,0.000000,0.000000,0.000000,-0.344366
120.924930,1765336636.198276,1765336347,0.316112,0.000333,0.000000,0.000000,0.000000,0.000000,0.000000,0.000000
120.944924,1765336636.218260,1765336347,0.316112,0.000333,0.000000,0.000000,0.000000,0.000000,0.000000,0.344366
120.964934,1765336636.238269,1765336347,0.316112,0.000333,0.000000,0.000000,0.000000,0.000000,0.000000,0.000000
120.984969,1765336636.258341,1765336347,0.316112,0.000333,0.000000,0.000000,0.000000,0.000000,0.000000,0.000000
121.004904,1765336636.278224,1765336347,0.316112,0.000333,0.000000,0.000000,0.000000,0.000000,0.000000,0.000000
121.024915,1765336636.298234,1765336347,0.316112,0.000333,0.000000,0.000000,0.000000,0.000000,0.000000,-0.344366
121.045055,1765336636.318419,1765336347,0.316112,0.000333,0.000000,0.000000,0.000000,0.000000,0.000000,0.344366
121.065004,1765336636.338377,1765336347,0.316112,0.000333,0.000000,0.000000,0.000000,0.000000,0.000000,-0.344366
121.084950,1765336636.358269,1765336347,0.316112,0.000333,0.000000,0.000000,0.000000,0.000000,0.000000,0.344366
121.105005,1765336636.378372,1765336347,0.316112,0.000333,0.000000,0.000000,0.000000,0.000000,0.000000,-0.344366
121.124904,1765336636.398186,1765336347,0.316112,0.000333,0.000000,0.000000,0.000000,0.000000,0.000000,0.344366
121.144912,1765336636.418196,1765336347,0.316112,0.000333,0.000000,0.000000,0.000000,0.000000,0.000000,0.344366
121.165003,1765336636.438352,1765336347,0.316112,0.000333,0.000000,0.000000,0.000000,0.000000,0.000000,-0.344366
121.185085,1765336636.458433,1765336347,0.316112,0.000333,0.000000,0.000000,0.000000,0.000000,0.000000,0.000000
121.205080,1765336636.478417,1765336347,0.316112,0.000333,0.000000,0.000000,0.000000,0.000000,0.000000,0.344366
121.225073,1765336636.498404,1765336347,0.316112,0.000333,0.000000,0.000000,0.000000,0.000000,0.000000,-0.344366
121.245055,1765336636.518373,1765336347,0.316112,0.000333,0.000000,0.000000,0.000000,0.000000,0.000000,0.344366
121.264959,1765336636.538239,1765336347,0.316112,0.000333,0.000000,0.000000,0.000000,0.000000,0.000000,-0.344366
121.285002,1765336636.558315,1765336347,0.316112,0.000333,0.000000,0.000000,0.000000,0.000000,0.000000,0.000000
121.305037,1765336636.578350,1765336347,0.316112,0.000333,0.000000,0.000000,0.000000,0.000000,0.000000,0.000000
121.325077,1765336636.598400,1765336347,0.316112,0.000333,0.000000,0.000000,0.000000,0.000000,0.000000,-0.344366
121.345107,1765336636.618430,1765336347,0.316112,0.000333,0.000000,0.000000,0.000000,0.000000,0.000000,-0.344366
121.365112,1765336636.638441,1765336347,0.316112,0.000333,0.000000,0.000000,0.000000,0.000000,-0.688732,0.344366
121.385178,1765336636.658540,1765336347,0.316112,0.000333,0.000000,0.000000,0.000000,0.000000,0.000000,0.000000
121.405047,1765336636.678351,1765336347,0.316112,0.000333,0.000000,0.000000,0.000000,0.000000,0.000000,0.000000
121.425141,1765336636.698470,1765336347,0.316112,0.000333,0.000000,0.000000,0.000000,0.000000,0.000000,0.344366
121.445151,1765336636.718480,1765336347,0.316112,0.000333,0.000000,0.000000,0.000000,0.000000,0.000000,-0.344366
121.465162,1765336636.738491,1765336347,0.316112,0.000333,0.000000,0.000000,0.000000,0.000000,0.000000,0.000000
121.485184,1765336636.758520,1765336347,0.316112,0.000333,0.000000,0.000000,0.000000,0.000000,0.000000,0.000000
121.505267,1765336636.778630,1765336347,0.316112,0.000333,0.000000,0.000000,0.000000,0.000000,0.000000,-0.344366
121.525247,1765336636.798607,1765336347,0.316112,0.000333,0.000000,0.000000,0.000000,0.000000,0.000000,-0.344366
121.545219,1765336636.818554,1765336347,0.316112,0.000333,0.000000,0.000000,0.000000,0.000000,0.000000,0.344366
121.565218,1765336636.838547,1765336347,0.316112,0.000333,0.000000,0.000000,0.000000,0.000000,0.000000,0.344366
121.585239,1765336636.858568,1765336347,0.316112,0.000333,0.000000,0.000000,0.000000,0.000000,0.000000,0.000000
121.605248,1765336636.878584,1765336347,0.316112,0.000333,0.000000,0.000000,0.000000,0.000000,0.000000,0.000000
121.625259,1765336636.898595,1765336347,0.316112,0.000333,0.000000,0.000000,0.000000,0.000000,0.000000,-0.344366
121.645268,1765336636.918603,1765336347,0.316112,0.000333,0.000000,0.000000,0.000000,0.000000,0.000000,0.000000
121.665261,1765336636.938592,1765336347,0.316112,0.000333,0.000000,0.000000,0.000000,0.000000,0.000000,-0.344366
121.685199,1765336636.958498,1765336347,0.316112,0.000333,0.000000,0.000000,0.000000,0.000000,0.000000,-0.344366
121.705390,1765336636.978750,1765336347,0.316112,0.000333,0.000000,0.000000,0.000000,0.000000,0.000000,-0.344366
121.725403,1765336636.998763,1765336347,0.316112,0.000333,0.000000,0.000000,0.000000,0.000000,0.000000,0.344366
121.745394,1765336637.018739,1765336347,0.316112,0.000333,0.000000,0.000000,0.000000,0.000000,0.000000,-0.344366
121.765436,1765336637.038785,1765336347,0.316112,0.000333,0.000000,0.000000,0.000000,0.000000,0.000000,0.344366
121.785386,1765336637.058714,1765336347,0.316112,0.000333,0.000000,0.000000,0.000000,0.000000,0.000000,0.000000
121.805464,1765336637.078809,1765336347,0.316112,0.000333,0.000000,0.000000,0.000000,0.000000,0.000000,0.000000
121.825475,1765336637.098821,1765336347,0.316112,0.000333,0.000000,0.000000,0.000000,0.000000,0.000000,-0.344366
121.845471,1765336637.118807,1765336347,0.316112,0.000333,0.000000,0.000000,0.000000,0.000000,0.000000,0.344366
121.865482,1765336637.138818,1765336347,0.316112,0.000333,0.000000,0.000000,0.000000,0.000000,0.000000,-0.344366
121.885499,1765336637.158838,1765336347,0.316112,0.000333,0.000000,0.000000,0.000000,0.000000,0.000000,-0.344366
121.905461,1765336637.178776,1765336347,0.316112,0.000333,0.000000,0.000000,0.000000,0.000000,-0.344366,-0.344366
121.925496,1765336637.198824,1765336347,0.316112,0.000333,0.000000,0.000000,0.000000,0.000000,0.000000,0.344366
121.945507,1765336637.218835,1765336347,0.316112,0.000333,0.000000,0.000000,0.000000,0.000000,0.000000,-0.344366
121.965528,1765336637.238866,1765336347,0.316112,0.000333,0.000000,0.000000,0.000000,0.000000,0.000000,0.344366
121.985538,1765336637.258874,1765336347,0.316112,0.000333,0.000000,0.000000,0.000000,0.000000,0.000000,-0.344366
122.005549,1765336637.278885,1765336347,0.316112,0.000333,0.000000,0.000000,0.000000,0.000000,0.000000,-0.344366
122.025585,1765336637.298923,1765336347,0.316112,0.000333,0.000000,0.000000,0.000000,0.000000,0.000000,0.688732
122.045558,1765336637.318887,1765336347,0.316112,0.000333,0.000000,0.000000,0.000000,0.000000,0.000000,-0.344366
122.065580,1765336637.338916,1765336347,0.316112,0.000333,0.000000,0.000000,0.000000,0.000000,0.000000,-1.033098
122.085590,1765336637.358926,1765336347,0.316112,0.000333,0.000000,0.000000,0.000000,0.000000,0.000000,0.000000
122.105486,1765336637.378764,1765336347,0.316112,0.000333,0.000000,0.000000,0.000000,0.000000,0.000000,-0.344366
122.126239,1765336637.399525,1765336347,0.316112,0.000333,0.000000,0.000000,0.000000,0.000000,0.000000,0.344366
122.146260,1765336637.419556,1765336347,0.316112,0.000333,0.000000,0.000000,0.000000,0.000000,0.000000,0.344366
122.166287,1765336637.439594,1765336347,0.316112,0.000333,0.000000,0.000000,0.000000,0.000000,0.000000,-0.344366
122.186320,1765336637.459641,1765336347,0.316112,0.000333,0.000000,0.000000,0.000000,0.000000,0.000000,-0.344366
122.206345,1765336637.479673,1765336347,0.316112,0.000333,0.000000,0.000000,0.000000,0.000000,0.000000,0.000000
122.226355,1765336637.499684,1765336347,0.316112,0.000333,0.000000,0.000000,0.000000,0.000000,0.000000,0.344366
122.246378,1765336637.519714,1765336347,0.316112,0.000333,0.000000,0.000000,0.000000,0.000000,0.000000,0.000000
122.266390,1765336637.539726,1765336347,0.316112,0.000333,0.000000,0.000000,0.000000,0.000000,0.000000,0.000000
122.286429,1765336637.559767,1765336347,0.316112,0.000333,0.000000,0.000000,0.000000,0.000000,0.000000,0.344366
122.306411,1765336637.579747,1765336347,0.316112,0.000333,0.000000,0.000000,0.000000,0.000000,0.000000,-0.344366
122.326421,1765336637.599756,1765336347,0.316112,0.000333,0.000000,0.000000,0.000000,0.000000,0.000000,0.000000
122.346431,1765336637.619767,1765336347,0.316112,0.000333,0.000000,0.000000,0.000000,0.000000,0.000000,0.344366
122.366442,1765336637.639778,1765336347,0.316112,0.000333,0.000000,0.000000,0.000000,0.000000,0.000000,0.344366
122.386453,1765336637.659790,1765336347,0.316112,0.000333,0.000000,0.000000,0.000000,0.000000,0.000000,-0.344366
122.406451,1765336637.679779,1765336347,0.316112,0.000333,0.000000,0.000000,0.000000,0.000000,0.000000,0.344366
122.426473,1765336637.699809,1765336347,0.316112,0.000333,0.000000,0.000000,0.000000,0.000000,0.000000,0.000000
122.446484,1765336637.719819,1765336347,0.316112,0.000333,0.000000,0.000000,0.000000,0.000000,0.000000,0.000000
122.466495,1765336637.739830,1765336347,0.316112,0.000333,0.000000,0.000000,0.000000,0.000000,0.000000,0.000000
122.486493,1765336637.759822,1765336347,0.316112,0.000333,0.000000,0.000000,0.000000,0.000000,0.000000,-0.344366
122.506503,1765336637.779830,1765336347,0.316112,0.000333,0.000000,0.000000,0.000000,0.000000,0.000000,-0.344366
122.526525,1765336637.799861,1765336347,0.316112,0.000333,0.000000,0.000000,0.000000,0.000000,0.000000,-0.344366
122.546547,1765336637.819878,1765336347,0.316112,0.000333,0.000000,0.000000,0.000000,0.000000,0.000000,0.000000
122.566546,1765336637.839881,1765336347,0.316112,0.000333,0.000000,0.000000,0.000000,0.000000,0.000000,-0.344366
122.586556,1765336637.859892,1765336347,0.316112,0.000333,0.000000,0.000000,0.000000,0.000000,0.000000,-0.344366
122.606567,1765336637.879903,1765336347,0.316112,0.000333,0.000000,0.000000,0.000000,0.000000,0.000000,-0.344366
122.626579,1765336637.899914,1765336347,0.316112,0.000333,0.000000,0.000000,0.000000,0.000000,0.000000,0.000000
122.646589,1765336637.919925,1765336347,0.316112,0.000333,0.000000,0.000000,0.000000,0.000000,0.000000,-0.344366
122.666601,1765336637.939936,1765336347,0.316112,0.000333,0.000000,0.000000,0.000000,0.000000,0.000000,0.344366
122.686612,1765336637.959948,1765336347,0.316112,0.000333,0.000000,0.000000,0.000000,0.000000,0.000000,-0.344366
122.706623,1765336637.979959,1765336347,0.316112,0.000333,0.000000,0.000000,0.000000,0.000000,0.000000,0.000000
122.726633,1765336637.999970,1765336347,0.316112,0.000333,0.000000,0.000000,0.000000,0.000000,0.000000,0.344366
122.746644,1765336638.019979,1765336347,0.316112,0.000333,0.000000,0.000000,0.000000,0.000000,0.000000,0.344366
122.766655,1765336638.039990,1765336347,0.316112,0.000333,0.000000,0.000000,0.000000,0.000000,0.000000,-0.344366
122.786667,1765336638.060007,1765336347,0.316112,0.000333,0.000000,0.000000,0.000000,0.000000,0.000000,0.344366
122.806652,1765336638.079972,1765336347,0.316112,0.000333,0.000000,0.000000,0.000000,0.000000,0.000000,0.000000
122.826661,1765336638.099981,1765336347,0.316112,0.000333,0.000000,0.000000,0.000000,0.000000,0.000000,0.000000
122.846781,1765336638.120141,1765336347,0.316112,0.000333,0.000000,0.000000,0.000000,0.000000,0.000000,-0.344366
122.866773,1765336638.140120,1765336347,0.316112,0.000333,0.000000,0.000000,0.000000,0.000000,0.000000,0.344366
122.886784,1765336638.160129,1765336347,0.316112,0.000333,0.000000,0.000000,0.000000,0.000000,0.000000,-0.344366
122.906737,1765336638.180055,1765336347,0.316112,0.000333,0.000000,0.000000,0.000000,0.000000,0.000000,-0.344366
122.926772,1765336638.200101,1765336347,0.316112,0.000333,0.000000,0.000000,0.000000,0.000000,0.000000,0.344366
122.946781,1765336638.220110,1765336347,0.316112,0.000333,0.000000,0.000000,0.000000,0.000000,0.000000,-0.344366
122.966792,1765336638.240121,1765336347,0.316112,0.000333,0.000000,0.000000,0.000000,0.000000,0.000000,-0.344366
122.986816,1765336638.260152,1765336347,0.316112,0.000333,0.000000,0.000000,0.000000,0.000000,0.000000,-0.344366
123.006825,1765336638.280161,1765336347,0.316112,0.000333,0.000000,0.000000,0.000000,0.000000,0.000000,-0.344366
123.026837,1765336638.300173,1765336347,0.316112,0.000333,0.000000,0.000000,0.000000,0.000000,0.000000,-0.344366
123.046847,1765336638.320183,1765336347,0.316112,0.000333,0.000000,0.000000,0.000000,0.000000,0.000000,0.000000
123.066887,1765336638.340227,1765336347,0.316112,0.000333,0.000000,0.000000,0.000000,0.000000,0.000000,0.344366
123.086869,1765336638.360205,1765336347,0.316112,0.000333,0.000000,0.000000,0.000000,0.000000,0.000000,-0.344366
123.106762,1765336638.380039,1765336347,0.316112,0.000333,0.000000,0.000000,0.000000,0.000000,0.000000,-0.344366
123.127398,1765336638.400690,1765336347,0.316112,0.000333,0.000000,0.000000,0.000000,0.000000,0.000000,0.344366
123.147424,1765336638.420728,1765336347,0.316112,0.000333,0.000000,0.000000,0.000000,0.000000,0.000000,0.344366
123.167452,1765336638.440768,1765336347,0.316112,0.000333,0.000000,0.000000,0.000000,0.000000,0.000000,0.000000
123.187472,1765336638.460793,1765336347,0.316112,0.000333,0.000000,0.000000,0.000000,0.000000,0.000000,-0.344366
123.207497,1765336638.480826,1765336347,0.316112,0.000333,0.000000,0.000000,0.000000,0.000000,0.000000,0.000000
123.227507,1765336638.500836,1765336347,0.316112,0.000333,0.000000,0.000000,0.000000,0.000000,0.000000,0.000000
123.247529,1765336638.520865,1765336347,0.316112,0.000333,0.000000,0.000000,0.000000,0.000000,0.000000,-0.344366
123.267541,1765336638.540876,1765336347,0.316112,0.000333,0.000000,0.000000,0.000000,0.000000,0.000000,0.344366
123.287539,1765336638.560866,1765336347,0.316112,0.000333,0.000000,0.000000,0.000000,0.000000,0.000000,0.344366
123.307552,1765336638.580881,1765336347,0.316112,0.000333,0.000000,0.000000,0.000000,0.000000,0.000000,0.000000
123.327599,1765336638.600938,1765336347,0.316112,0.000333,0.000000,0.000000,0.000000,0.000000,0.000000,0.000000
123.347584,1765336638.620920,1765336347,0.316112,0.000333,0.000000,0.000000,0.000000,0.000000,0.000000,0.344366
123.367596,1765336638.640932,1765336347,0.316112,0.000333,0.000000,0.000000,0.000000,0.000000,0.000000,-0.344366
123.387607,1765336638.660944,1765336347,0.316112,0.000333,0.000000,0.000000,0.000000,0.000000,0.000000,-0.344366
123.407603,1765336638.680932,1765336347,0.316112,0.000333,0.000000,0.000000,0.000000,0.000000,0.000000,-0.344366
123.427642,1765336638.700988,1765336347,0.316112,0.000333,0.000000,0.000000,0.000000,0.000000,0.000000,-0.344366
123.447653,1765336638.720999,1765336347,0.316112,0.000333,0.000000,0.000000,0.000000,0.000000,0.000000,0.344366
123.467620,1765336638.740943,1765336347,0.316112,0.000333,0.000000,0.000000,0.000000,0.000000,0.000000,0.000000
123.487645,1765336638.760973,1765336347,0.316112,0.000333,0.000000,0.000000,0.000000,0.000000,0.000000,-0.344366
123.507656,1765336638.780986,1765336347,0.316112,0.000333,0.000000,0.000000,0.000000,0.000000,-0.688732,-0.344366
123.527678,1765336638.801014,1765336347,0.316112,0.000333,0.000000,0.000000,0.000000,0.000000,0.000000,0.344366
123.547677,1765336638.821005,1765336347,0.316112,0.000333,0.000000,0.000000,0.000000,0.000000,0.000000,-0.344366
123.567739,1765336638.841099,1765336347,0.316112,0.000333,0.000000,0.000000,0.000000,0.000000,0.000000,0.000000
123.587742,1765336638.861081,1765336347,0.316112,0.000333,0.000000,0.000000,0.000000,0.000000,0.000000,0.344366
123.607725,1765336638.881062,1765336347,0.316112,0.000333,0.000000,0.000000,0.000000,0.000000,0.000000,0.000000
123.627737,1765336638.901073,1765336347,0.316112,0.000333,0.000000,0.000000,0.000000,0.000000,0.000000,-0.344366
123.647734,1765336638.921063,1765336347,0.316112,0.000333,0.000000,0.000000,0.000000,0.000000,0.000000,0.344366
123.667757,1765336638.941093,1765336347,0.316112,0.000333,0.000000,0.000000,0.000000,0.000000,0.000000,0.000000
123.687808,1765336638.961169,1765336347,0.316112,0.000333,0.000000,0.000000,0.000000,0.000000,0.000000,0.344366
123.707797,1765336638.981143,1765336347,0.316112,0.000333,0.000000,0.000000,0.000000,0.000000,0.000000,-0.344366
123.727809,1765336639.001155,1765336347,0.316112,0.000333,0.000000,0.000000,0.000000,0.000000,0.000000,-0.344366
123.747793,1765336639.021125,1765336347,0.316112,0.000333,0.000000,0.000000,0.000000,0.000000,0.000000,0.344366
123.767800,1765336639.041129,1765336347,0.316112,0.000333,0.000000,0.000000,0.000000,0.000000,0.000000,0.344366
123.787879,1765336639.061240,1765336347,0.316112,0.000333,0.000000,0.000000,0.000000,0.000000,0.000000,-0.344366
123.807854,1765336639.081200,1765336347,0.316112,0.000333,0.000000,0.000000,0.000000,0.000000,0.000000,-0.344366
123.827850,1765336639.101185,1765336347,0.316112,0.000333,0.000000,0.000000,0.000000,0.000000,0.000000,-0.344366
123.847871,1765336639.121201,1765336347,0.316112,0.000333,0.000000,0.000000,0.000000,0.000000,0.000000,0.344366
123.867833,1765336639.141148,1765336347,0.316112,0.000333,0.000000,0.000000,0.000000,0.000000,0.000000,0.000000
123.887833,1765336639.161144,1765336347,0.316112,0.000333,0.000000,0.000000,0.000000,0.000000,0.000000,0.344366
123.907859,1765336639.181180,1765336347,0.316112,0.000333,0.000000,0.000000,0.000000,0.000000,0.000000,-0.344366
123.927868,1765336639.201190,1765336347,0.316112,0.000333,0.000000,0.000000,0.000000,0.000000,0.000000,0.000000
123.947892,1765336639.221221,1765336347,0.316112,0.000333,0.000000,0.000000,0.000000,0.000000,0.000000,-0.344366
123.967904,1765336639.241232,1765336347,0.316112,0.000333,0.000000,0.000000,0.000000,0.000000,-0.688732,0.000000
123.987912,1765336639.261240,1765336347,0.316112,0.000333,0.000000,0.000000,0.000000,0.000000,0.000000,-0.344366
124.007923,1765336639.281251,1765336347,0.316112,0.000333,0.000000,0.000000,0.000000,0.000000,0.000000,-0.344366
124.027933,1765336639.301261,1765336347,0.316112,0.000333,0.000000,0.000000,0.000000,0.000000,0.000000,-0.344366
124.047943,1765336639.321271,1765336347,0.316112,0.000333,0.000000,0.000000,0.000000,0.000000,0.000000,0.344366
124.067964,1765336639.341326,1765336347,0.316112,0.000333,0.000000,0.000000,0.000000,0.000000,0.000000,0.000000
124.087993,1765336639.361379,1765336347,0.316112,0.000333,0.000000,0.000000,0.000000,0.000000,0.000000,0.000000
124.107975,1765336639.381321,1765336347,0.316112,0.000333,0.000000,0.000000,0.000000,0.000000,0.000000,0.000000
124.127906,1765336639.401198,1765336347,0.316112,0.000333,0.000000,0.000000,0.000000,0.000000,0.000000,-0.344366
124.147929,1765336639.421230,1765336347,0.316112,0.000333,0.000000,0.000000,0.000000,0.000000,0.000000,-0.344366
124.167953,1765336639.441264,1765336347,0.316112,0.000333,0.000000,0.000000,0.000000,0.000000,0.000000,-0.344366
124.187980,1765336639.461330,1765336347,0.316112,0.000333,0.000000,0.000000,0.000000,0.000000,0.000000,0.344366
124.207988,1765336639.481330,1765336347,0.316112,0.000333,0.000000,0.000000,0.000000,0.000000,-0.344366,-0.344366
124.228103,1765336639.501465,1765336347,0.316112,0.000333,0.000000,0.000000,0.000000,0.000000,0.000000,0.344366
124.248073,1765336639.521418,1765336347,0.316112,0.000333,0.000000,0.000000,0.000000,0.000000,0.000000,0.344366
124.268086,1765336639.541423,1765336347,0.316112,0.000333,0.000000,0.000000,0.000000,0.000000,0.000000,0.000000
124.288088,1765336639.561425,1765336347,0.316112,0.000333,0.000000,0.000000,0.000000,0.000000,0.000000,-0.344366
124.308077,1765336639.581405,1765336347,0.316112,0.000333,0.000000,0.000000,0.000000,0.000000,0.000000,0.000000
124.328100,1765336639.601429,1765336347,0.316112,0.000333,0.000000,0.000000,0.000000,0.000000,0.000000,0.000000
124.348106,1765336639.621435,1765336347,0.316112,0.000333,0.000000,0.000000,0.000000,0.000000,0.000000,-0.344366
124.368138,1765336639.641469,1765336347,0.316112,0.000333,0.000000,0.000000,0.000000,0.000000,0.000000,0.000000
124.388127,1765336639.661456,1765336347,0.316112,0.000333,0.000000,0.000000,0.000000,0.000000,0.000000,-0.344366
124.408148,1765336639.681494,1765336347,0.316112,0.000333,0.000000,0.000000,0.000000,0.000000,0.000000,0.000000
124.428195,1765336639.701545,1765336347,0.316112,0.000333,0.000000,0.000000,0.000000,0.000000,0.000000,0.000000
124.448191,1765336639.721533,1765336347,0.316112,0.000333,0.000000,0.000000,0.000000,0.000000,0.000000,-1.033098
124.468182,1765336639.741518,1765336347,0.316112,0.000333,0.000000,0.000000,0.000000,0.000000,0.000000,0.000000
124.488181,1765336639.761510,1765336347,0.316112,0.000333,0.000000,0.000000,0.000000,0.000000,0.000000,0.000000
124.508191,1765336639.781519,1765336347,0.316112,0.000333,0.000000,0.000000,0.000000,0.000000,0.000000,0.000000
124.528213,1765336639.801547,1765336347,0.316112,0.000333,0.000000,0.000000,0.000000,0.000000,0.000000,0.000000
124.548210,1765336639.821538,1765336347,0.316112,0.000333,0.000000,0.000000,0.000000,0.000000,0.000000,0.000000
124.568368,1765336639.841759,1765336347,0.316112,0.000333,0.000000,0.000000,0.000000,0.000000,0.000000,0.000000
124.588283,1765336639.861643,1765336347,0.316112,0.000333,0.000000,0.000000,0.000000,0.000000,0.000000,0.344366
124.608295,1765336639.881655,1765336347,0.316112,0.000333,0.000000,0.000000,0.000000,0.000000,0.000000,-0.344366
124.628316,1765336639.901665,1765336347,0.316112,0.000333,0.000000,0.000000,0.000000,0.000000,0.000000,-0.344366
124.648269,1765336639.921598,1765336347,0.316112,0.000333,0.000000,0.000000,0.000000,0.000000,0.000000,0.000000
124.668279,1765336639.941607,1765336347,0.316112,0.000333,0.000000,0.000000,0.000000,0.000000,0.000000,0.000000
124.688299,1765336639.961635,1765336347,0.316112,0.000333,0.000000,0.000000,0.000000,0.000000,0.000000,0.000000
124.708311,1765336639.981647,1765336347,0.316112,0.000333,0.000000,0.000000,0.000000,0.000000,0.000000,-0.344366
124.728236,1765336640.001540,1765336347,0.316112,0.000333,0.000000,0.000000,0.000000,0.000000,0.000000,0.344366
124.748497,1765336640.021857,1765336347,0.316112,0.000333,0.000000,0.000000,0.000000,0.000000,-0.688732,0.344366
124.768509,1765336640.041869,1765336347,0.316112,0.000333,0.000000,0.000000,0.000000,0.000000,0.000000,0.344366
124.788413,1765336640.061734,1765336347,0.316112,0.000333,0.000000,0.000000,0.000000,0.000000,0.000000,0.344366
124.808594,1765336640.081954,1765336347,0.316112,0.000333,0.000000,0.000000,0.000000,0.000000,0.000000,0.000000
124.828605,1765336640.101965,1765336347,0.316112,0.000333,0.000000,0.000000,0.000000,0.000000,0.000000,-0.344366
124.848620,1765336640.121980,1765336347,0.316112,0.000333,0.000000,0.000000,0.000000,0.000000,0.000000,0.344366
124.868611,1765336640.141956,1765336347,0.316112,0.000333,0.000000,0.000000,0.000000,0.000000,0.000000,0.000000
124.888631,1765336640.161970,1765336347,0.316112,0.000333,0.000000,0.000000,0.000000,0.000000,0.000000,0.344366
124.908616,1765336640.181952,1765336347,0.316112,0.000333,0.000000,0.000000,0.000000,0.000000,0.000000,0.000000
124.928626,1765336640.201962,1765336347,0.316112,0.000333,0.000000,0.000000,0.000000,0.000000,0.000000,-0.344366
124.948625,1765336640.221953,1765336347,0.316112,0.000333,0.000000,0.000000,0.000000,0.000000,0.000000,-0.344366
124.968635,1765336640.241964,1765336347,0.316112,0.000333,0.000000,0.000000,0.000000,0.000000,0.000000,0.344366
124.988658,1765336640.261994,1765336347,0.316112,0.000333,0.000000,0.000000,0.000000,0.000000,0.000000,0.344366
125.008656,1765336640.281985,1765336347,0.316112,0.000333,0.000000,0.000000,0.000000,0.000000,0.000000,-0.344366
125.028678,1765336640.302014,1765336347,0.316112,0.000333,0.000000,0.000000,0.000000,0.000000,0.000000,-0.344366
125.048689,1765336640.322024,1765336347,0.316112,0.000333,0.000000,0.000000,0.000000,0.000000,0.000000,0.000000
125.068701,1765336640.342037,1765336347,0.316112,0.000333,0.000000,0.000000,0.000000,0.000000,0.000000,0.344366
125.088711,1765336640.362047,1765336347,0.316112,0.000333,0.000000,0.000000,0.000000,0.000000,-0.344366,0.344366
125.108668,1765336640.381947,1765336347,0.316112,0.000333,0.000000,0.000000,0.000000,0.000000,0.000000,0.000000
125.128736,1765336640.402053,1765336347,0.316112,0.000333,0.000000,0.000000,0.000000,0.000000,0.000000,0.000000
125.148742,1765336640.422039,1765336347,0.316112,0.000333,0.000000,0.000000,0.000000,0.000000,0.000000,0.344366
125.168718,1765336640.442024,1765336347,0.316112,0.000333,0.000000,0.000000,0.000000,0.000000,0.000000,0.000000
125.188748,1765336640.462054,1765336347,0.316112,0.000333,0.000000,0.000000,0.000000,0.000000,0.000000,0.000000
125.208756,1765336640.482061,1765336347,0.316112,0.000333,0.000000,0.000000,0.000000,0.000000,0.000000,0.000000
125.228763,1765336640.502068,1765336347,0.316112,0.000333,0.000000,0.000000,0.000000,0.000000,0.000000,0.000000
125.248771,1765336640.522074,1765336347,0.316112,0.000333,0.000000,0.000000,0.000000,0.000000,0.000000,-0.344366
125.268776,1765336640.542084,1765336347,0.316112,0.000333,0.000000,0.000000,0.000000,0.000000,0.000000,-0.344366
125.288912,1765336640.562272,1765336347,0.316112,0.000333,0.000000,0.000000,0.000000,0.000000,0.000000,0.000000
125.308813,1765336640.582131,1765336347,0.316112,0.000333,0.000000,0.000000,0.000000,0.000000,0.000000,-0.344366
125.328935,1765336640.602322,1765336347,0.316112,0.000333,0.000000,0.000000,0.000000,0.000000,0.000000,0.344366
125.348907,1765336640.622242,1765336347,0.316112,0.000333,0.000000,0.000000,0.000000,0.000000,0.000000,0.344366
125.368919,1765336640.642255,1765336347,0.316112,0.000333,0.000000,0.000000,0.000000,0.000000,0.000000,-0.344366
125.388903,1765336640.662223,1765336347,0.316112,0.000333,0.000000,0.000000,0.000000,0.000000,0.000000,0.344366
125.408895,1765336640.682201,1765336347,0.316112,0.000333,0.000000,0.000000,0.000000,0.000000,0.000000,-0.344366
125.428860,1765336640.702181,1765336347,0.316112,0.000333,0.000000,0.000000,0.000000,0.000000,0.000000,0.000000
125.448866,1765336640.722189,1765336347,0.316112,0.000333,0.000000,0.000000,0.000000,0.000000,0.000000,0.000000
125.468960,1765336640.742332,1765336347,0.316112,0.000333,0.000000,0.000000,0.000000,0.000000,0.000000,0.344366
125.489009,1765336640.762408,1765336347,0.316112,0.000333,0.000000,0.000000,0.000000,0.000000,0.000000,0.000000
125.509000,1765336640.782384,1765336347,0.316112,0.000333,0.000000,0.000000,0.000000,0.000000,0.000000,-0.344366
125.528995,1765336640.802366,1765336347,0.316112,0.000333,0.000000,0.000000,0.000000,0.000000,0.000000,-0.344366
125.548921,1765336640.822225,1765336347,0.316112,0.000333,0.000000,0.000000,0.000000,0.000000,0.000000,-0.344366
125.569089,1765336640.842451,1765336347,0.316112,0.000333,0.000000,0.000000,0.000000,0.000000,0.000000,0.344366
125.588951,1765336640.862263,1765336347,0.316112,0.000333,0.000000,0.000000,0.000000,0.000000,0.000000,0.344366
125.609107,1765336640.882468,1765336347,0.316112,0.000333,0.000000,0.000000,0.000000,0.000000,0.000000,-0.344366
125.629104,1765336640.902451,1765336347,0.316112,0.000333,0.000000,0.000000,0.000000,0.000000,0.000000,0.344366
125.649095,1765336640.922432,1765336347,0.316112,0.000333,0.000000,0.000000,0.000000,0.000000,0.000000,-0.344366
125.669133,1765336640.942472,1765336347,0.316112,0.000333,0.000000,0.000000,0.000000,0.000000,0.000000,0.344366
125.689100,1765336640.962429,1765336347,0.316112,0.000333,0.000000,0.000000,0.000000,0.000000,0.000000,0.344366
125.709108,1765336640.982436,1765336347,0.316112,0.000333,0.000000,0.000000,0.000000,0.000000,0.000000,0.000000
125.729115,1765336641.002444,1765336347,0.316112,0.000333,0.000000,0.000000,0.000000,0.000000,0.000000,-0.344366
125.749124,1765336641.022453,1765336347,0.316112,0.000333,0.000000,0.000000,0.000000,0.000000,0.000000,-0.344366
125.769126,1765336641.042453,1765336347,0.316112,0.000333,0.000000,0.000000,0.000000,0.000000,0.000000,0.000000
125.789141,1765336641.062470,1765336347,0.316112,0.000333,0.000000,0.000000,0.000000,0.000000,0.000000,-0.344366
125.809148,1765336641.082477,1765336347,0.316112,0.000333,0.000000,0.000000,0.000000,0.000000,0.000000,-0.344366
125.829160,1765336641.102489,1765336347,0.316112,0.000333,0.000000,0.000000,0.000000,0.000000,0.000000,0.344366
125.849179,1765336641.122513,1765336347,0.316112,0.000333,0.000000,0.000000,0.000000,0.000000,-0.688732,0.000000
125.869205,1765336641.142551,1765336347,0.316112,0.000333,0.000000,0.000000,0.000000,0.000000,0.000000,-0.344366
125.889218,1765336641.162565,1765336347,0.316112,0.000333,0.000000,0.000000,0.000000,0.000000,0.000000,-0.344366
125.909199,1765336641.182527,1765336347,0.316112,0.000333,0.000000,0.000000,0.000000,0.000000,-0.344366,0.000000
125.929233,1765336641.202563,1765336347,0.316112,0.000333,0.000000,0.000000,0.000000,0.000000,-0.688732,-0.344366
125.949203,1765336641.222524,1765336347,0.316112,0.000333,0.000000,0.000000,0.000000,0.000000,0.000000,-0.344366
125.969212,1765336641.242533,1765336347,0.316112,0.000333,0.000000,0.000000,0.000000,0.000000,0.000000,0.344366
125.989229,1765336641.262556,1765336347,0.316112,0.000333,0.000000,0.000000,0.000000,0.000000,0.000000,0.344366
126.009244,1765336641.282572,1765336347,0.316112,0.000333,0.000000,0.000000,0.000000,0.000000,0.000000,0.344366
126.029252,1765336641.302581,1765336347,0.316112,0.000333,0.000000,0.000000,0.000000,0.000000,0.000000,-0.344366
126.049264,1765336641.322592,1765336347,0.316112,0.000333,0.000000,0.000000,0.000000,0.000000,0.000000,0.344366
126.069284,1765336641.342619,1765336347,0.316112,0.000333,0.000000,0.000000,0.000000,0.000000,0.000000,0.344366
126.089295,1765336641.362631,1765336347,0.316112,0.000333,0.000000,0.000000,0.000000,0.000000,0.000000,0.344366
126.110147,1765336641.383433,1765336347,0.316112,0.000333,0.000000,0.000000,0.000000,0.000000,0.000000,0.344366
126.129954,1765336641.403229,1765336347,0.316112,0.000333,0.000000,0.000000,0.000000,0.000000,0.000000,0.344366
126.149960,1765336641.423237,1765336347,0.316112,0.000333,0.000000,0.000000,0.000000,0.000000,0.000000,0.000000
126.169955,1765336641.443230,1765336347,0.316112,0.000333,0.000000,0.000000,0.000000,0.000000,0.000000,0.000000
126.189964,1765336641.463242,1765336347,0.316112,0.000333,0.000000,0.000000,0.000000,0.000000,0.000000,0.000000
126.209965,1765336641.483246,1765336347,0.316112,0.000333,0.000000,0.000000,0.000000,0.000000,0.000000,-0.344366
126.229973,1765336641.503259,1765336347,0.316112,0.000333,0.000000,0.000000,0.000000,0.000000,0.000000,0.000000
126.249979,1765336641.523267,1765336347,0.316112,0.000333,0.000000,0.000000,0.000000,0.000000,0.000000,0.344366
126.269977,1765336641.543259,1765336347,0.316112,0.000333,0.000000,0.000000,0.000000,0.000000,0.000000,0.344366
126.289980,1765336641.563263,1765336347,0.316112,0.000333,0.000000,0.000000,0.000000,0.000000,0.000000,-0.344366
126.309987,1765336641.583273,1765336347,0.316112,0.000333,0.000000,0.000000,0.000000,0.000000,0.000000,-0.344366
126.329997,1765336641.603300,1765336347,0.316112,0.000333,0.000000,0.000000,0.000000,0.000000,0.000000,-0.344366
126.350007,1765336641.623312,1765336347,0.316112,0.000333,0.000000,0.000000,0.000000,0.000000,0.000000,-0.344366
126.370027,1765336641.643329,1765336347,0.316112,0.000333,0.000000,0.000000,0.000000,0.000000,0.000000,0.344366
126.390043,1765336641.663344,1765336347,0.316112,0.000333,0.000000,0.000000,0.000000,0.000000,0.000000,0.688732
126.410039,1765336641.683344,1765336347,0.316112,0.000333,0.000000,0.000000,0.000000,0.000000,0.000000,0.000000
126.430044,1765336641.703341,1765336347,0.316112,0.000333,0.000000,0.000000,0.000000,0.000000,0.000000,0.344366
126.450066,1765336641.723363,1765336347,0.316112,0.000333,0.000000,0.000000,0.000000,0.000000,0.000000,0.344366
126.470054,1765336641.743344,1765336347,0.316112,0.000333,0.000000,0.000000,0.000000,0.000000,0.000000,-0.344366
126.490060,1765336641.763351,1765336347,0.316112,0.000333,0.000000,0.000000,0.000000,0.000000,0.000000,-0.344366
126.510071,1765336641.783367,1765336347,0.316112,0.000333,0.000000,0.000000,0.000000,0.000000,0.000000,0.000000
126.530071,1765336641.803364,1765336347,0.316112,0.000333,0.000000,0.000000,0.000000,0.000000,0.000000,0.000000
126.550168,1765336641.823496,1765336347,0.316112,0.000333,0.000000,0.000000,0.000000,0.000000,0.000000,-0.344366
126.570225,1765336641.843585,1765336347,0.316112,0.000333,0.000000,0.000000,0.000000,0.000000,0.000000,-0.344366
126.590238,1765336641.863598,1765336347,0.316112,0.000333,0.000000,0.000000,0.000000,0.000000,0.000000,0.344366
126.610211,1765336641.883546,1765336347,0.316112,0.000333,0.000000,0.000000,0.000000,0.000000,0.000000,0.000000
126.630209,1765336641.903537,1765336347,0.316112,0.000333,0.000000,0.000000,0.000000,0.000000,0.000000,0.000000
126.650217,1765336641.923547,1765336347,0.316112,0.000333,0.000000,0.000000,0.000000,0.000000,-0.344366,-0.344366
126.670226,1765336641.943555,1765336347,0.316112,0.000333,0.000000,0.000000,0.000000,0.000000,0.000000,-0.344366
126.690236,1765336641.963564,1765336347,0.316112,0.000333,0.000000,0.000000,0.000000,0.000000,0.000000,-0.344366
126.710283,1765336641.983622,1765336347,0.316112,0.000333,0.000000,0.000000,0.000000,0.000000,0.000000,-0.344366
126.730387,1765336642.003736,1765336347,0.316112,0.000333,0.000000,0.000000,0.000000,0.000000,0.000000,0.344366
126.750298,1765336642.023617,1765336347,0.316112,0.000333,0.000000,0.000000,0.000000,0.000000,0.000000,0.000000
126.770395,1765336642.043736,1765336347,0.316112,0.000333,0.000000,0.000000,0.000000,0.000000,0.000000,0.000000
126.790513,1765336642.063873,1765336347,0.316112,0.000333,0.000000,0.000000,0.000000,0.000000,0.000000,0.344366
126.810502,1765336642.083847,1765336347,0.316112,0.000333,0.000000,0.000000,0.000000,0.000000,0.000000,0.000000
126.830513,1765336642.103859,1765336347,0.316112,0.000333,0.000000,0.000000,0.000000,0.000000,0.000000,0.000000
126.850424,1765336642.123729,1765336347,0.316112,0.000333,0.000000,0.000000,0.000000,0.000000,0.000000,0.000000
126.870557,1765336642.143917,1765336347,0.316112,0.000333,0.000000,0.000000,0.000000,0.000000,0.000000,-0.344366
126.890572,1765336642.163931,1765336347,0.316112,0.000333,0.000000,0.000000,0.000000,0.000000,0.000000,-0.344366
126.910535,1765336642.183854,1765336347,0.316112,0.000333,0.000000,0.000000,0.000000,0.000000,0.000000,0.344366
126.930588,1765336642.203907,1765336347,0.316112,0.000333,0.000000,0.000000,0.000000,0.000000,0.000000,-0.344366
126.950676,1765336642.223986,1765336347,0.316112,0.000333,0.000000,0.000000,0.000000,0.000000,0.000000,-0.344366
126.970659,1765336642.243970,1765336347,0.316112,0.000333,0.000000,0.000000,0.000000,0.000000,0.000000,0.344366
126.990690,1765336642.264000,1765336347,0.316112,0.000333,0.000000,0.000000,0.000000,0.000000,0.000000,0.344366
127.010688,1765336642.284000,1765336347,0.316112,0.000333,0.000000,0.000000,0.000000,0.000000,0.000000,0.000000
127.030713,1765336642.304024,1765336347,0.316112,0.000333,0.000000,0.000000,0.000000,0.000000,0.000000,-0.344366
127.050707,1765336642.324018,1765336347,0.316112,0.000333,0.000000,0.000000,0.000000,0.000000,0.000000,0.344366
127.070755,1765336642.344060,1765336347,0.316112,0.000333,0.000000,0.000000,0.000000,0.000000,0.000000,0.344366
127.090763,1765336642.364069,1765336347,0.316112,0.000333,0.000000,0.000000,0.000000,0.000000,0.000000,-0.344366
127.110808,1765336642.384145,1765336347,0.316112,0.000333,0.000000,0.000000,0.000000,0.000000,-0.688732,0.344366
127.130777,1765336642.404068,1765336347,0.316112,0.000333,0.000000,0.000000,0.000000,0.000000,0.000000,0.000000
127.150800,1765336642.424101,1765336347,0.316112,0.000333,0.000000,0.000000,0.000000,0.000000,0.000000,-0.344366
127.170825,1765336642.444149,1765336347,0.316112,0.000333,0.000000,0.000000,0.000000,0.000000,0.000000,0.344366
127.190840,1765336642.464156,1765336347,0.316112,0.000333,0.000000,0.000000,0.000000,0.000000,0.000000,-0.344366
127.210862,1765336642.484183,1765336347,0.316112,0.000333,0.000000,0.000000,0.000000,0.000000,0.000000,-0.344366
127.230908,1765336642.504239,1765336347,0.316112,0.000333,0.000000,0.000000,0.000000,0.000000,0.000000,0.344366
127.250880,1765336642.524201,1765336347,0.316112,0.000333,0.000000,0.000000,0.000000,0.000000,0.000000,-0.344366
127.270889,1765336642.544210,1765336347,0.316112,0.000333,0.000000,0.000000,0.000000,0.000000,0.000000,0.344366
127.290840,1765336642.564162,1765336347,0.316112,0.000333,0.000000,0.000000,0.000000,0.000000,0.000000,0.344366
127.310859,1765336642.584189,1765336347,0.316112,0.000333,0.000000,0.000000,0.000000,0.000000,0.000000,-0.344366
127.330866,1765336642.604197,1765336347,0.316112,0.000333,0.000000,0.000000,0.000000,0.000000,0.000000,-0.344366
127.350875,1765336642.624203,1765336347,0.316112,0.000333,0.000000,0.000000,0.000000,0.000000,0.000000,0.344366
127.370882,1765336642.644213,1765336347,0.316112,0.000333,0.000000,0.000000,0.000000,0.000000,0.000000,0.344366
127.391009,1765336642.664388,1765336347,0.316112,0.000333,0.000000,0.000000,0.000000,0.000000,0.000000,-0.344366
127.410996,1765336642.684371,1765336347,0.316112,0.000333,0.000000,0.000000,0.000000,0.000000,0.000000,-0.344366
127.430990,1765336642.704358,1765336347,0.316112,0.000333,0.000000,0.000000,0.000000,0.000000,0.000000,-0.344366
127.450989,1765336642.724348,1765336347,0.316112,0.000333,0.000000,0.000000,0.000000,0.000000,0.000000,0.000000
127.470999,1765336642.744356,1765336347,0.316112,0.000333,0.000000,0.000000,0.000000,0.000000,0.000000,-0.344366
127.491061,1765336642.764395,1765336347,0.316112,0.000333,0.000000,0.000000,0.000000,0.000000,0.000000,0.344366
127.511073,1765336642.784419,1765336347,0.316112,0.000333,0.000000,0.000000,0.000000,0.000000,0.000000,0.344366
127.531031,1765336642.804355,1765336347,0.316112,0.000333,0.000000,0.000000,0.000000,0.000000,0.000000,-0.344366
127.551050,1765336642.824386,1765336347,0.316112,0.000333,0.000000,0.000000,0.000000,0.000000,0.000000,0.344366
127.571124,1765336642.844484,1765336347,0.316112,0.000333,0.000000,0.000000,0.000000,0.000000,0.000000,0.344366
127.591132,1765336642.864492,1765336347,0.316112,0.000333,0.000000,0.000000,0.000000,0.000000,0.000000,-0.344366
127.611158,1765336642.884517,1765336347,0.316112,0.000333,0.000000,0.000000,0.000000,0.000000,0.000000,0.344366
127.631163,1765336642.904523,1765336347,0.316112,0.000333,0.000000,0.000000,0.000000,0.000000,0.000000,-0.344366
127.651046,1765336642.924352,1765336347,0.316112,0.000333,0.000000,0.000000,0.000000,0.000000,0.000000,0.000000
127.671064,1765336642.944385,1765336347,0.316112,0.000333,0.000000,0.000000,0.000000,0.000000,0.000000,-0.344366
127.691061,1765336642.964367,1765336347,0.316112,0.000333,0.000000,0.000000,0.000000,0.000000,0.000000,0.344366
127.711217,1765336642.984577,1765336347,0.316112,0.000333,0.000000,0.000000,0.000000,0.000000,0.000000,0.000000
127.731207,1765336643.004554,1765336347,0.316112,0.000333,0.000000,0.000000,0.000000,0.000000,0.000000,0.344366
127.751226,1765336643.024564,1765336347,0.316112,0.000333,0.000000,0.000000,0.000000,0.000000,0.000000,0.000000
127.771137,1765336643.044451,1765336347,0.316112,0.000333,0.000000,0.000000,0.000000,0.000000,0.000000,0.344366
127.791261,1765336643.064620,1765336347,0.316112,0.000333,0.000000,0.000000,0.000000,0.000000,0.000000,0.000000
127.811251,1765336643.084597,1765336347,0.316112,0.000333,0.000000,0.000000,0.000000,0.000000,0.000000,0.000000
127.831263,1765336643.104609,1765336347,0.316112,0.000333,0.000000,0.000000,0.000000,0.000000,0.000000,0.000000
127.851273,1765336643.124619,1765336347,0.316112,0.000333,0.000000,0.000000,0.000000,0.000000,0.000000,0.344366
127.871266,1765336643.144601,1765336347,0.316112,0.000333,0.000000,0.000000,0.000000,0.000000,0.000000,0.000000
127.891265,1765336643.164594,1765336347,0.316112,0.000333,0.000000,0.000000,0.000000,0.000000,0.000000,-0.344366
127.911434,1765336643.184780,1765336347,0.316112,0.000333,0.000000,0.000000,0.000000,0.000000,0.000000,0.000000
127.931446,1765336643.204792,1765336347,0.316112,0.000333,0.000000,0.000000,0.000000,0.000000,0.000000,0.344366
127.951442,1765336643.224778,1765336347,0.316112,0.000333,0.000000,0.000000,0.000000,0.000000,0.000000,-0.344366
127.971441,1765336643.244769,1765336347,0.316112,0.000333,0.000000,0.000000,0.000000,0.000000,-0.688732,-0.344366
127.991464,1765336643.264800,1765336347,0.316112,0.000333,0.000000,0.000000,0.000000,0.000000,0.000000,0.000000
128.011498,1765336643.284829,1765336347,0.316112,0.000333,0.000000,0.000000,0.000000,0.000000,0.000000,0.000000
128.031524,1765336643.304883,1765336347,0.316112,0.000333,0.000000,0.000000,0.000000,0.000000,0.000000,0.000000
128.051538,1765336643.324897,1765336347,0.316112,0.000333,0.000000,0.000000,0.000000,0.000000,0.000000,0.344366
128.071527,1765336643.344873,1765336347,0.316112,0.000333,0.000000,0.000000,0.000000,0.000000,0.000000,0.000000
128.091538,1765336643.364880,1765336347,0.316112,0.000333,0.000000,0.000000,0.000000,0.000000,0.000000,0.000000
128.111493,1765336643.384837,1765336347,0.316112,0.000333,0.000000,0.000000,0.000000,0.000000,0.000000,0.000000
128.131416,1765336643.404691,1765336347,0.316112,0.000333,0.000000,0.000000,0.000000,0.000000,0.000000,-0.344366
128.151430,1765336643.424709,1765336347,0.316112,0.000333,0.000000,0.000000,0.000000,0.000000,-0.688732,0.000000
128.171435,1765336643.444715,1765336347,0.316112,0.000333,0.000000,0.000000,0.000000,0.000000,0.000000,0.000000
128.191450,1765336643.464739,1765336347,0.316112,0.000333,0.000000,0.000000,0.000000,0.000000,0.000000,-0.344366
128.211470,1765336643.484768,1765336347,0.316112,0.000333,0.000000,0.000000,0.000000,0.000000,0.000000,0.000000
128.231501,1765336643.504815,1765336347,0.316112,0.000333,0.000000,0.000000,0.000000,0.000000,0.000000,-0.344366
128.251528,1765336643.524849,1765336347,0.316112,0.000333,0.000000,0.000000,0.000000,0.000000,0.000000,-0.344366
128.271558,1765336643.544881,1765336347,0.316112,0.000333,0.000000,0.000000,0.000000,0.000000,0.000000,-0.344366
128.291559,1765336643.564887,1765336347,0.316112,0.000333,0.000000,0.000000,0.000000,0.000000,-0.344366,-0.344366
128.311568,1765336643.584897,1765336347,0.316112,0.000333,0.000000,0.000000,0.000000,0.000000,0.000000,0.000000
128.331577,1765336643.604905,1765336347,0.316112,0.000333,0.000000,0.000000,0.000000,0.000000,0.000000,0.344366
128.351585,1765336643.624914,1765336347,0.316112,0.000333,0.000000,0.000000,0.000000,0.000000,0.000000,0.344366
128.371607,1765336643.644942,1765336347,0.316112,0.000333,0.000000,0.000000,0.000000,0.000000,0.000000,-0.344366
128.391618,1765336643.664953,1765336347,0.316112,0.000333,0.000000,0.000000,0.000000,0.000000,0.000000,-0.344366
128.411596,1765336643.684920,1765336347,0.316112,0.000333,0.000000,0.000000,0.000000,0.000000,0.000000,0.344366
128.431557,1765336643.704866,1765336347,0.316112,0.000333,0.000000,0.000000,0.000000,0.000000,0.000000,-0.344366
128.451670,1765336643.724990,1765336347,0.316112,0.000333,0.000000,0.000000,0.000000,0.000000,0.000000,0.000000
128.471787,1765336643.745146,1765336347,0.316112,0.000333,0.000000,0.000000,0.000000,0.000000,0.000000,0.344366
128.491777,1765336643.765123,1765336347,0.316112,0.000333,0.000000,0.000000,0.000000,0.000000,0.000000,-0.344366
128.511771,1765336643.785106,1765336347,0.316112,0.000333,0.000000,0.000000,0.000000,0.000000,0.000000,0.000000
128.531806,1765336643.805145,1765336347,0.316112,0.000333,0.000000,0.000000,0.000000,0.000000,0.000000,-0.344366
128.551791,1765336643.825128,1765336347,0.316112,0.000333,0.000000,0.000000,0.000000,0.000000,0.000000,0.344366
128.571772,1765336643.845093,1765336347,0.316112,0.000333,0.000000,0.000000,0.000000,0.000000,0.000000,-0.344366
128.591796,1765336643.865125,1765336347,0.316112,0.000333,0.000000,0.000000,0.000000,0.000000,0.000000,0.000000
128.611818,1765336643.885153,1765336347,0.316112,0.000333,0.000000,0.000000,0.000000,0.000000,0.000000,0.000000
128.631826,1765336643.905163,1765336347,0.316112,0.000333,0.000000,0.000000,0.000000,0.000000,0.000000,0.344366
128.651836,1765336643.925173,1765336347,0.316112,0.000333,0.000000,0.000000,0.000000,0.000000,0.000000,0.000000
128.671834,1765336643.945163,1765336347,0.316112,0.000333,0.000000,0.000000,0.000000,0.000000,0.000000,0.344366
128.691832,1765336643.965172,1765336347,0.316112,0.000333,0.000000,0.000000,0.000000,0.000000,0.000000,0.000000
128.711818,1765336643.985138,1765336347,0.316112,0.000333,0.000000,0.000000,0.000000,0.000000,0.000000,-0.344366
128.731938,1765336644.005319,1765336347,0.316112,0.000333,0.000000,0.000000,0.000000,0.000000,0.000000,0.344366
128.751939,1765336644.025315,1765336347,0.316112,0.000333,0.000000,0.000000,0.000000,0.000000,0.000000,0.344366
128.771911,1765336644.045238,1765336347,0.316112,0.000333,0.000000,0.000000,0.000000,0.000000,0.000000,0.000000
128.791862,1765336644.065160,1765336347,0.316112,0.000333,0.000000,0.000000,0.000000,0.000000,0.000000,0.000000
128.811914,1765336644.085235,1765336347,0.316112,0.000333,0.000000,0.000000,0.000000,0.000000,0.000000,-0.344366
128.831922,1765336644.105243,1765336347,0.316112,0.000333,0.000000,0.000000,0.000000,0.000000,0.000000,0.344366
128.851931,1765336644.125252,1765336347,0.316112,0.000333,0.000000,0.000000,0.000000,0.000000,0.000000,0.000000
128.871938,1765336644.145259,1765336347,0.316112,0.000333,0.000000,0.000000,0.000000,0.000000,0.000000,0.000000
128.891948,1765336644.165270,1765336347,0.316112,0.000333,0.000000,0.000000,0.000000,0.000000,0.000000,0.344366
128.911934,1765336644.185254,1765336347,0.316112,0.000333,0.000000,0.000000,0.000000,0.000000,0.000000,0.344366
128.931962,1765336644.205305,1765336347,0.316112,0.000333,0.000000,0.000000,0.000000,0.000000,0.000000,-0.344366
128.951970,1765336644.225312,1765336347,0.316112,0.000333,0.000000,0.000000,0.000000,0.000000,0.000000,0.344366
128.971994,1765336644.245353,1765336347,0.316112,0.000333,0.000000,0.000000,0.000000,0.000000,0.000000,0.344366
128.992004,1765336644.265363,1765336347,0.316112,0.000333,0.000000,0.000000,0.000000,0.000000,0.000000,0.000000
129.012041,1765336644.285373,1765336347,0.316112,0.000333,0.000000,0.000000,0.000000,0.000000,0.000000,-0.344366
129.032008,1765336644.305351,1765336347,0.316112,0.000333,0.000000,0.000000,0.000000,0.000000,0.000000,-0.344366
129.052059,1765336644.325385,1765336347,0.316112,0.000333,0.000000,0.000000,0.000000,0.000000,0.000000,-0.344366
129.072047,1765336644.345371,1765336347,0.316112,0.000333,0.000000,0.000000,0.000000,0.000000,0.000000,-0.344366
129.092057,1765336644.365380,1765336347,0.316112,0.000333,0.000000,0.000000,0.000000,0.000000,0.000000,-0.344366
129.111956,1765336644.385233,1765336347,0.316112,0.000333,0.000000,0.000000,0.000000,0.000000,0.000000,0.344366
129.131976,1765336644.405260,1765336347,0.316112,0.000333,0.000000,0.000000,0.000000,0.000000,0.000000,0.344366
129.151991,1765336644.425290,1765336347,0.316112,0.000333,0.000000,0.000000,0.000000,0.000000,0.000000,-0.344366
129.172028,1765336644.445334,1765336347,0.316112,0.000333,0.000000,0.000000,0.000000,0.000000,0.000000,-0.344366
129.192056,1765336644.465368,1765336347,0.316112,0.000333,0.000000,0.000000,0.000000,0.000000,0.000000,0.344366
129.212074,1765336644.485390,1765336347,0.316112,0.000333,0.000000,0.000000,0.000000,0.000000,0.000000,-0.344366
129.232094,1765336644.505416,1765336347,0.316112,0.000333,0.000000,0.000000,0.000000,0.000000,0.000000,-0.344366
129.252117,1765336644.525446,1765336347,0.316112,0.000333,0.000000,0.000000,0.000000,0.000000,0.000000,0.000000
129.272113,1765336644.545434,1765336347,0.316112,0.000333,0.000000,0.000000,0.000000,0.000000,0.000000,0.000000
129.292144,1765336644.565472,1765336347,0.316112,0.000333,0.000000,0.000000,0.000000,0.000000,0.000000,0.000000
129.312175,1765336644.585506,1765336347,0.316112,0.000333,0.000000,0.000000,0.000000,0.000000,0.000000,0.344366
129.332160,1765336644.605488,1765336347,0.316112,0.000333,0.000000,0.000000,0.000000,0.000000,0.000000,0.000000
129.352170,1765336644.625498,1765336347,0.316112,0.000333,0.000000,0.000000,0.000000,0.000000,0.000000,0.344366
129.372166,1765336644.645487,1765336347,0.316112,0.000333,0.000000,0.000000,0.000000,0.000000,0.000000,-0.344366
129.392177,1765336644.665498,1765336347,0.316112,0.000333,0.000000,0.000000,0.000000,0.000000,0.000000,0.000000
129.412164,1765336644.685477,1765336347,0.316112,0.000333,0.000000,0.000000,0.000000,0.000000,0.000000,0.344366
129.432190,1765336644.705511,1765336347,0.316112,0.000333,0.000000,0.000000,0.000000,0.000000,0.000000,-0.344366
129.452213,1765336644.725543,1765336347,0.316112,0.000333,0.000000,0.000000,0.000000,0.000000,0.000000,-0.344366
129.472195,1765336644.745510,1765336347,0.316112,0.000333,0.000000,0.000000,0.000000,0.000000,0.000000,0.000000
129.492213,1765336644.765534,1765336347,0.316112,0.000333,0.000000,0.000000,0.000000,0.000000,0.000000,-0.344366
129.512237,1765336644.785565,1765336347,0.316112,0.000333,0.000000,0.000000,0.000000,0.000000,-0.344366,0.000000
129.532246,1765336644.805574,1765336347,0.316112,0.000333,0.000000,0.000000,0.000000,0.000000,0.000000,0.344366
129.552256,1765336644.825584,1765336347,0.316112,0.000333,0.000000,0.000000,0.000000,0.000000,0.000000,0.344366
129.572302,1765336644.845641,1765336347,0.316112,0.000333,0.000000,0.000000,0.000000,0.000000,0.000000,-0.344366
129.592288,1765336644.865624,1765336347,0.316112,0.000333,0.000000,0.000000,0.000000,0.000000,0.000000,0.344366
129.612286,1765336644.885614,1765336347,0.316112,0.000333,0.000000,0.000000,0.000000,0.000000,0.000000,0.344366
129.632295,1765336644.905624,1765336347,0.316112,0.000333,0.000000,0.000000,0.000000,0.000000,0.000000,0.000000
129.652305,1765336644.925633,1765336347,0.316112,0.000333,0.000000,0.000000,0.000000,0.000000,0.000000,0.000000
129.672327,1765336644.945662,1765336347,0.316112,0.000333,0.000000,0.000000,0.000000,0.000000,0.000000,-0.344366
129.692332,1765336644.965668,1765336347,0.316112,0.000333,0.000000,0.000000,0.000000,0.000000,0.000000,0.344366
129.712347,1765336644.985682,1765336347,0.316112,0.000333,0.000000,0.000000,0.000000,0.000000,0.000000,0.344366
129.732357,1765336645.005687,1765336347,0.316112,0.000333,0.000000,0.000000,0.000000,0.000000,0.000000,-0.344366
129.752367,1765336645.025702,1765336347,0.316112,0.000333,0.000000,0.000000,0.000000,0.000000,0.000000,0.000000
129.772377,1765336645.045712,1765336347,0.316112,0.000333,0.000000,0.000000,0.000000,0.000000,0.000000,0.000000
129.792386,1765336645.065721,1765336347,0.316112,0.000333,0.000000,0.000000,0.000000,0.000000,0.000000,-0.344366
129.812397,1765336645.085734,1765336347,0.316112,0.000333,0.000000,0.000000,0.000000,0.000000,0.000000,-0.344366
129.832422,1765336645.105754,1765336347,0.316112,0.000333,0.000000,0.000000,0.000000,0.000000,0.000000,0.344366
129.852417,1765336645.125753,1765336347,0.316112,0.000333,0.000000,0.000000,0.000000,0.000000,0.000000,0.000000
129.872415,1765336645.145744,1765336347,0.316112,0.000333,0.000000,0.000000,0.000000,0.000000,0.000000,-0.344366
129.892428,1765336645.165755,1765336347,0.316112,0.000333,0.000000,0.000000,0.000000,0.000000,0.000000,-0.344366
129.912433,1765336645.185761,1765336347,0.316112,0.000333,0.000000,0.000000,0.000000,0.000000,0.000000,0.000000
129.932441,1765336645.205769,1765336347,0.316112,0.000333,0.000000,0.000000,0.000000,0.000000,0.000000,-0.344366
129.952510,1765336645.225871,1765336347,0.316112,0.000333,0.000000,0.000000,0.000000,0.000000,0.000000,0.000000
129.972516,1765336645.245874,1765336347,0.316112,0.000333,0.000000,0.000000,0.000000,0.000000,0.000000,0.344366
129.992529,1765336645.265888,1765336347,0.316112,0.000333,0.000000,0.000000,0.000000,0.000000,0.000000,-0.344366
130.012542,1765336645.285902,1765336347,0.316112,0.000333,0.000000,0.000000,0.000000,0.000000,0.000000,-0.344366
130.032532,1765336645.305878,1765336347,0.316112,0.000333,0.000000,0.000000,0.000000,0.000000,0.000000,-0.344366
130.052543,1765336645.325888,1765336347,0.316112,0.000333,0.000000,0.000000,0.000000,0.000000,0.000000,0.344366
130.072542,1765336645.345878,1765336347,0.316112,0.000333,0.000000,0.000000,0.000000,0.000000,0.000000,0.000000
130.092577,1765336645.365916,1765336347,0.316112,0.000333,0.000000,0.000000,0.000000,0.000000,0.000000,0.344366
130.112525,1765336645.385805,1765336347,0.316112,0.000333,0.000000,0.000000,0.000000,0.000000,0.000000,0.344366
130.132472,1765336645.405751,1765336347,0.316112,0.000333,0.000000,0.000000,0.000000,0.000000,0.000000,0.344366
130.152477,1765336645.425759,1765336347,0.316112,0.000333,0.000000,0.000000,0.000000,0.000000,0.000000,0.000000
130.172508,1765336645.445810,1765336347,0.316112,0.000333,0.000000,0.000000,0.000000,0.000000,0.000000,0.344366
130.192511,1765336645.465811,1765336347,0.316112,0.000333,0.000000,0.000000,0.000000,0.000000,0.000000,0.000000
130.212519,1765336645.485820,1765336347,0.316112,0.000333,0.000000,0.000000,0.000000,0.000000,0.000000,0.000000
130.232530,1765336645.505831,1765336347,0.316112,0.000333,0.000000,0.000000,0.000000,0.000000,0.000000,0.344366
130.252533,1765336645.525833,1765336347,0.316112,0.000333,0.000000,0.000000,0.000000,0.000000,0.000000,0.344366
130.272597,1765336645.545897,1765336347,0.316112,0.000333,0.000000,0.000000,0.000000,0.000000,0.000000,0.000000
130.292624,1765336645.565925,1765336347,0.316112,0.000333,0.000000,0.000000,0.000000,0.000000,0.000000,0.000000
130.312639,1765336645.585939,1765336347,0.316112,0.000333,0.000000,0.000000,0.000000,0.000000,0.000000,0.344366
130.332669,1765336645.605974,1765336347,0.316112,0.000333,0.000000,0.000000,0.000000,0.000000,0.000000,-0.344366
130.352689,1765336645.625994,1765336347,0.316112,0.000333,0.000000,0.000000,0.000000,0.000000,0.000000,0.000000
130.372812,1765336645.646171,1765336347,0.316112,0.000333,0.000000,0.000000,0.000000,0.000000,0.000000,0.000000
130.392801,1765336645.666147,1765336347,0.316112,0.000333,0.000000,0.000000,0.000000,0.000000,0.000000,0.000000
130.412716,1765336645.686012,1765336347,0.316112,0.000333,0.000000,0.000000,0.000000,0.000000,0.000000,-0.344366
130.432681,1765336645.705958,1765336347,0.316112,0.000333,0.000000,0.000000,0.000000,0.000000,0.000000,0.344366
130.452691,1765336645.725974,1765336347,0.316112,0.000333,0.000000,0.000000,0.000000,0.000000,0.000000,-0.344366
130.472694,1765336645.745978,1765336347,0.316112,0.000333,0.000000,0.000000,0.000000,0.000000,0.000000,-0.344366
130.492687,1765336645.765963,1765336347,0.316112,0.000333,0.000000,0.000000,0.000000,0.000000,0.000000,-0.344366
130.512695,1765336645.785976,1765336347,0.316112,0.000333,0.000000,0.000000,0.000000,0.000000,0.000000,-0.344366
130.532702,1765336645.805985,1765336347,0.316112,0.000333,0.000000,0.000000,0.000000,0.000000,0.000000,0.344366
130.552707,1765336645.825991,1765336347,0.316112,0.000333,0.000000,0.000000,0.000000,0.000000,0.000000,0.344366
130.572712,1765336645.845997,1765336347,0.316112,0.000333,0.000000,0.000000,0.000000,0.000000,0.000000,-0.344366
130.592714,1765336645.865998,1765336347,0.316112,0.000333,0.000000,0.000000,0.000000,0.000000,0.000000,0.344366
130.612795,1765336645.886108,1765336347,0.316112,0.000333,0.000000,0.000000,0.000000,0.000000,0.000000,0.344366
130.632761,1765336645.906058,1765336347,0.316112,0.000333,0.000000,0.000000,0.000000,0.000000,0.000000,-0.344366
130.652783,1765336645.926090,1765336347,0.316112,0.000333,0.000000,0.000000,0.000000,0.000000,0.000000,0.344366
130.672782,1765336645.946086,1765336347,0.316112,0.000333,0.000000,0.000000,0.000000,0.000000,0.000000,-0.344366
130.692809,1765336645.966125,1765336347,0.316112,0.000333,0.000000,0.000000,0.000000,0.000000,0.000000,0.344366
130.712829,1765336645.986150,1765336347,0.316112,0.000333,0.000000,0.000000,0.000000,0.000000,0.000000,0.344366
130.732827,1765336646.006143,1765336347,0.316112,0.000333,0.000000,0.000000,0.000000,0.000000,0.000000,0.344366
130.752835,1765336646.026150,1765336347,0.316112,0.000333,0.000000,0.000000,0.000000,0.000000,0.000000,-0.344366
130.772798,1765336646.046090,1765336347,0.316112,0.000333,0.000000,0.000000,0.000000,0.000000,0.000000,0.344366
130.792773,1765336646.066054,1765336347,0.316112,0.000333,0.000000,0.000000,0.000000,0.000000,0.000000,0.344366
130.812782,1765336646.086064,1765336347,0.316112,0.000333,0.000000,0.000000,0.000000,0.000000,0.000000,-0.344366
130.832781,1765336646.106063,1765336347,0.316112,0.000333,0.000000,0.000000,0.000000,0.000000,0.000000,-0.344366
130.852806,1765336646.126099,1765336347,0.316112,0.000333,0.000000,0.000000,0.000000,0.000000,0.000000,0.344366
130.872800,1765336646.146082,1765336347,0.316112,0.000333,0.000000,0.000000,0.000000,0.000000,0.000000,0.000000
130.892787,1765336646.166068,1765336347,0.316112,0.000333,0.000000,0.000000,0.000000,0.000000,0.000000,-0.344366
130.912813,1765336646.186108,1765336347,0.316112,0.000333,0.000000,0.000000,0.000000,0.000000,-0.688732,0.344366
130.932850,1765336646.206160,1765336347,0.316112,0.000333,0.000000,0.000000,0.000000,0.000000,0.000000,-0.344366
130.952925,1765336646.226273,1765336347,0.316112,0.000333,0.000000,0.000000,0.000000,0.000000,0.000000,0.344366
130.972903,1765336646.246237,1765336347,0.316112,0.000333,0.000000,0.000000,0.000000,0.000000,0.000000,0.344366
130.992824,1765336646.266114,1765336347,0.316112,0.000333,0.000000,0.000000,0.000000,0.000000,0.000000,-0.344366
131.012837,1765336646.286134,1765336347,0.316112,0.000333,0.000000,0.000000,0.000000,0.000000,0.000000,0.000000
131.032977,1765336646.306378,1765336347,0.316112,0.000333,0.000000,0.000000,0.000000,0.000000,2.066195,0.344366
131.052948,1765336646.326319,1765336347,0.316112,0.000333,0.000000,0.000000,0.000000,0.000000,0.000000,0.344366
131.072945,1765336646.346273,1765336347,0.316112,0.000333,0.000000,0.000000,0.000000,0.000000,0.000000,-0.344366
131.092937,1765336646.366257,1765336347,0.316112,0.000333,0.000000,0.000000,0.000000,0.000000,-0.688732,0.344366
131.112860,1765336646.386137,1765336347,0.316112,0.000333,0.000000,0.000000,0.000000,0.000000,0.000000,-0.344366
131.132896,1765336646.406184,1765336347,0.316112,0.000333,0.000000,0.000000,0.000000,0.000000,0.000000,-0.344366
131.152907,1765336646.426204,1765336347,0.316112,0.000333,0.000000,0.000000,0.000000,0.000000,0.000000,0.344366
131.172923,1765336646.446228,1765336347,0.316112,0.000333,0.000000,0.000000,0.000000,0.000000,0.000000,-0.344366
131.192951,1765336646.466266,1765336347,0.316112,0.000333,0.000000,0.000000,0.000000,0.000000,0.000000,0.000000
131.212903,1765336646.486199,1765336347,0.316112,0.000333,0.000000,0.000000,0.000000,0.000000,0.000000,0.000000
131.232927,1765336646.506222,1765336347,0.316112,0.000333,0.000000,0.000000,0.000000,0.000000,0.000000,-0.344366
131.252907,1765336646.526189,1765336347,0.316112,0.000333,0.000000,0.000000,0.000000,0.000000,0.000000,0.344366
131.272950,1765336646.546254,1765336347,0.316112,0.000333,0.000000,0.000000,0.000000,0.000000,0.000000,0.000000
131.292969,1765336646.566294,1765336347,0.316112,0.000333,0.000000,0.000000,0.000000,0.000000,0.000000,0.000000
131.312984,1765336646.586323,1765336347,0.316112,0.000333,0.000000,0.000000,0.000000,0.000000,0.000000,-0.344366
131.332983,1765336646.606316,1765336347,0.316112,0.000333,0.000000,0.000000,0.000000,0.000000,0.000000,0.000000
131.352961,1765336646.626255,1765336347,0.316112,0.000333,0.000000,0.000000,0.000000,0.000000,0.000000,0.344366
131.372962,1765336646.646257,1765336347,0.316112,0.000333,0.000000,0.000000,0.000000,0.000000,0.000000,0.344366
131.392962,1765336646.666253,1765336347,0.316112,0.000333,0.000000,0.000000,0.000000,0.000000,0.000000,-0.344366
131.412957,1765336646.686245,1765336347,0.316112,0.000333,0.000000,0.000000,0.000000,0.000000,0.000000,0.000000
131.432954,1765336646.706242,1765336347,0.316112,0.000333,0.000000,0.000000,0.000000,0.000000,0.000000,0.344366
131.452955,1765336646.726238,1765336347,0.316112,0.000333,0.000000,0.000000,0.000000,0.000000,0.000000,0.344366
131.472968,1765336646.746259,1765336347,0.316112,0.000333,0.000000,0.000000,0.000000,0.000000,0.000000,0.000000
131.492988,1765336646.766300,1765336347,0.316112,0.000333,0.000000,0.000000,0.000000,0.000000,0.000000,0.000000
131.513003,1765336646.786324,1765336347,0.316112,0.000333,0.000000,0.000000,0.000000,0.000000,0.000000,0.344366
131.533038,1765336646.806351,1765336347,0.316112,0.000333,0.000000,0.000000,0.000000,0.000000,0.000000,-0.344366
131.553005,1765336646.826323,1765336347,0.316112,0.000333,0.000000,0.000000,0.000000,0.000000,0.000000,0.000000
131.573037,1765336646.846343,1765336347,0.316112,0.000333,0.000000,0.000000,0.000000,0.000000,0.000000,0.344366
131.593057,1765336646.866369,1765336347,0.316112,0.000333,0.000000,0.000000,0.000000,0.000000,0.000000,-0.344366
131.612991,1765336646.886291,1765336347,0.316112,0.000333,0.000000,0.000000,0.000000,0.000000,0.000000,0.000000
131.633044,1765336646.906346,1765336347,0.316112,0.000333,0.000000,0.000000,0.000000,0.000000,0.000000,0.344366
131.653089,1765336646.926402,1765336347,0.316112,0.000333,0.000000,0.000000,0.000000,0.000000,0.000000,0.344366
131.673058,1765336646.946361,1765336347,0.316112,0.000333,0.000000,0.000000,0.000000,0.000000,0.000000,0.344366
131.693030,1765336646.966322,1765336347,0.316112,0.000333,0.000000,0.000000,0.000000,0.000000,0.000000,-0.344366
131.713008,1765336646.986292,1765336347,0.316112,0.000333,0.000000,0.000000,0.000000,0.000000,0.000000,0.000000
131.733024,1765336647.006308,1765336347,0.316112,0.000333,0.000000,0.000000,0.000000,0.000000,0.000000,0.344366
131.753016,1765336647.026296,1765336347,0.316112,0.000333,0.000000,0.000000,0.000000,0.000000,0.000000,0.344366
131.773021,1765336647.046301,1765336347,0.316112,0.000333,0.000000,0.000000,0.000000,0.000000,0.000000,0.344366
131.793030,1765336647.066313,1765336347,0.316112,0.000333,0.000000,0.000000,0.000000,0.000000,0.000000,0.344366
131.813040,1765336647.086328,1765336347,0.316112,0.000333,0.000000,0.000000,0.000000,0.000000,0.000000,0.000000
131.833062,1765336647.106358,1765336347,0.316112,0.000333,0.000000,0.000000,0.000000,0.000000,0.000000,-0.344366
131.853086,1765336647.126390,1765336347,0.316112,0.000333,0.000000,0.000000,0.000000,0.000000,0.000000,-0.344366
131.873103,1765336647.146410,1765336347,0.316112,0.000333,0.000000,0.000000,0.000000,0.000000,0.000000,0.344366
131.893108,1765336647.166416,1765336347,0.316112,0.000333,0.000000,0.000000,0.000000,0.000000,0.000000,-0.344366
131.913148,1765336647.186471,1765336347,0.316112,0.000333,0.000000,0.000000,0.000000,0.000000,0.000000,0.000000
131.933150,1765336647.206471,1765336347,0.316112,0.000333,0.000000,0.000000,0.000000,0.000000,0.000000,0.344366
131.953173,1765336647.226501,1765336347,0.316112,0.000333,0.000000,0.000000,0.000000,0.000000,-0.688732,-0.344366
131.973182,1765336647.246511,1765336347,0.316112,0.000333,0.000000,0.000000,0.000000,0.000000,0.000000,-0.344366
131.993203,1765336647.266539,1765336347,0.316112,0.000333,0.000000,0.000000,0.000000,0.000000,0.000000,0.000000
132.013166,1765336647.286477,1765336347,0.316112,0.000333,0.000000,0.000000,0.000000,0.000000,-0.344366,-0.344366
132.033154,1765336647.306454,1765336347,0.316112,0.000333,0.000000,0.000000,0.000000,0.000000,0.000000,0.344366
132.053178,1765336647.326488,1765336347,0.316112,0.000333,0.000000,0.000000,0.000000,0.000000,0.000000,0.000000
132.073165,1765336647.346472,1765336347,0.316112,0.000333,0.000000,0.000000,0.000000,0.000000,0.000000,-0.344366
132.093139,1765336647.366422,1765336347,0.316112,0.000333,0.000000,0.000000,0.000000,0.000000,0.000000,-0.344366
132.113165,1765336647.386468,1765336347,0.316112,0.000333,0.000000,0.000000,0.000000,0.000000,0.000000,-0.344366
132.133186,1765336647.406469,1765336347,0.316112,0.000333,0.000000,0.000000,0.000000,0.000000,0.000000,0.000000
132.153171,1765336647.426446,1765336347,0.316112,0.000333,0.000000,0.000000,0.000000,0.000000,0.000000,0.000000
132.173258,1765336647.446548,1765336347,0.316112,0.000333,0.000000,0.000000,0.000000,0.000000,0.000000,0.000000
132.193325,1765336647.466646,1765336347,0.316112,0.000333,0.000000,0.000000,0.000000,0.000000,0.000000,0.344366
132.213364,1765336647.486700,1765336347,0.316112,0.000333,0.000000,0.000000,0.000000,0.000000,0.000000,-0.344366
132.233373,1765336647.506708,1765336347,0.316112,0.000333,0.000000,0.000000,0.000000,0.000000,0.000000,0.000000
132.253371,1765336647.526699,1765336347,0.316112,0.000333,0.000000,0.000000,0.000000,0.000000,0.000000,0.000000
132.273380,1765336647.546709,1765336347,0.316112,0.000333,0.000000,0.000000,0.000000,0.000000,0.000000,-0.344366
132.293389,1765336647.566717,1765336347,0.316112,0.000333,0.000000,0.000000,0.000000,0.000000,0.000000,0.344366
132.313449,1765336647.586810,1765336347,0.316112,0.000333,0.000000,0.000000,0.000000,0.000000,0.000000,-0.344366
132.333463,1765336647.606822,1765336347,0.316112,0.000333,0.000000,0.000000,0.000000,0.000000,0.000000,-1.033098
132.353475,1765336647.626827,1765336347,0.316112,0.000333,0.000000,0.000000,0.000000,0.000000,0.000000,-0.344366
132.373486,1765336647.646845,1765336347,0.316112,0.000333,0.000000,0.000000,0.000000,0.000000,0.000000,0.344366
132.393477,1765336647.666823,1765336347,0.316112,0.000333,0.000000,0.000000,0.000000,0.000000,0.000000,-0.344366
132.413415,1765336647.686723,1765336347,0.316112,0.000333,0.000000,0.000000,0.000000,0.000000,0.000000,0.344366
132.433470,1765336647.706793,1765336347,0.316112,0.000333,0.000000,0.000000,0.000000,0.000000,0.000000,-0.344366
132.453477,1765336647.726805,1765336347,0.316112,0.000333,0.000000,0.000000,0.000000,0.000000,0.000000,0.000000
132.473538,1765336647.746897,1765336347,0.316112,0.000333,0.000000,0.000000,0.000000,0.000000,0.000000,0.344366
132.493550,1765336647.766909,1765336347,0.316112,0.000333,0.000000,0.000000,0.000000,0.000000,0.000000,-0.344366
132.513486,1765336647.786800,1765336347,0.316112,0.000333,0.000000,0.000000,0.000000,0.000000,0.000000,0.344366
132.533423,1765336647.806703,1765336347,0.316112,0.000333,0.000000,0.000000,0.000000,0.000000,0.000000,0.000000
132.553436,1765336647.826724,1765336347,0.316112,0.000333,0.000000,0.000000,0.000000,0.000000,-0.344366,0.000000
132.573542,1765336647.846878,1765336347,0.316112,0.000333,0.000000,0.000000,0.000000,0.000000,0.000000,0.000000
132.593594,1765336647.866953,1765336347,0.316112,0.000333,0.000000,0.000000,0.000000,0.000000,0.000000,-0.344366
132.613608,1765336647.886967,1765336347,0.316112,0.000333,0.000000,0.000000,0.000000,0.000000,0.000000,0.000000
132.633581,1765336647.906918,1765336347,0.316112,0.000333,0.000000,0.000000,0.000000,0.000000,0.000000,0.344366
132.653592,1765336647.926927,1765336347,0.316112,0.000333,0.000000,0.000000,0.000000,0.000000,0.000000,0.344366
132.673597,1765336647.946925,1765336347,0.316112,0.000333,0.000000,0.000000,0.000000,0.000000,0.000000,-0.344366
132.693628,1765336647.966959,1765336347,0.316112,0.000333,0.000000,0.000000,0.000000,0.000000,0.000000,0.344366
132.713624,1765336647.986959,1765336347,0.316112,0.000333,0.000000,0.000000,0.000000,0.000000,0.000000,-0.344366
132.733622,1765336648.006950,1765336347,0.316112,0.000333,0.000000,0.000000,0.000000,0.000000,0.000000,0.000000
132.753644,1765336648.026972,1765336347,0.316112,0.000333,0.000000,0.000000,0.000000,0.000000,0.000000,0.344366
132.773655,1765336648.046991,1765336347,0.316112,0.000333,0.000000,0.000000,0.000000,0.000000,0.000000,-0.344366
132.793671,1765336648.067008,1765336347,0.316112,0.000333,0.000000,0.000000,0.000000,0.000000,0.000000,-0.344366
132.813722,1765336648.087083,1765336347,0.316112,0.000333,0.000000,0.000000,0.000000,0.000000,0.000000,0.344366
132.833696,1765336648.107032,1765336347,0.316112,0.000333,0.000000,0.000000,0.000000,0.000000,0.000000,0.000000
132.853707,1765336648.127044,1765336347,0.316112,0.000333,0.000000,0.000000,0.000000,0.000000,0.000000,0.344366
132.873702,1765336648.147031,1765336347,0.316112,0.000333,0.000000,0.000000,0.000000,0.000000,0.000000,-0.344366
132.893696,1765336648.167017,1765336347,0.316112,0.000333,0.000000,0.000000,0.000000,0.000000,0.000000,-1.033098
132.913648,1765336648.186942,1765336347,0.316112,0.000333,0.000000,0.000000,0.000000,0.000000,0.000000,0.688732
132.933664,1765336648.206963,1765336347,0.316112,0.000333,0.000000,0.000000,0.000000,0.000000,0.000000,-0.344366
132.953784,1765336648.227123,1765336347,0.316112,0.000333,0.000000,0.000000,0.000000,0.000000,0.000000,-0.344366
132.973751,1765336648.247088,1765336347,0.316112,0.000333,0.000000,0.000000,0.000000,0.000000,0.000000,0.344366
132.993724,1765336648.267039,1765336347,0.316112,0.000333,0.000000,0.000000,0.000000,0.000000,0.000000,0.344366
133.013672,1765336648.286958,1765336347,0.316112,0.000333,0.000000,0.000000,0.000000,0.000000,0.000000,0.344366
133.033683,1765336648.306974,1765336347,0.316112,0.000333,0.000000,0.000000,0.000000,0.000000,0.000000,-0.344366
133.053665,1765336648.326943,1765336347,0.316112,0.000333,0.000000,0.000000,0.000000,0.000000,0.000000,0.344366
133.073672,1765336648.346955,1765336347,0.316112,0.000333,0.000000,0.000000,0.000000,0.000000,0.000000,-0.344366
133.093689,1765336648.366979,1765336347,0.316112,0.000333,0.000000,0.000000,0.000000,0.000000,0.000000,0.344366
133.113680,1765336648.386964,1765336347,0.316112,0.000333,0.000000,0.000000,0.000000,0.000000,0.000000,-0.344366
133.133737,1765336648.407061,1765336347,0.316112,0.000333,0.000000,0.000000,0.000000,0.000000,0.000000,0.344366
133.153777,1765336648.427113,1765336347,0.316112,0.000333,0.000000,0.000000,0.000000,0.000000,0.000000,0.344366
133.173809,1765336648.447157,1765336347,0.316112,0.000333,0.000000,0.000000,0.000000,0.000000,0.000000,0.000000
133.193813,1765336648.467159,1765336347,0.316112,0.000333,0.000000,0.000000,0.000000,0.000000,-0.344366,0.344366
133.213850,1765336648.487197,1765336347,0.316112,0.000333,0.000000,0.000000,0.000000,0.000000,0.000000,-0.344366
133.233839,1765336648.507184,1765336347,0.316112,0.000333,0.000000,0.000000,0.000000,0.000000,-0.688732,-0.344366
133.253834,1765336648.527169,1765336347,0.316112,0.000333,0.000000,0.000000,0.000000,0.000000,0.000000,-0.344366
133.273822,1765336648.547157,1765336347,0.316112,0.000333,0.000000,0.000000,0.000000,0.000000,0.000000,0.000000
133.293779,1765336648.567086,1765336347,0.316112,0.000333,0.000000,0.000000,0.000000,0.000000,0.000000,-0.344366
133.313774,1765336648.587080,1765336347,0.316112,0.000333,0.000000,0.000000,0.000000,0.000000,0.000000,0.344366
133.333761,1765336648.607051,1765336347,0.316112,0.000333,0.000000,0.000000,0.000000,0.000000,0.000000,0.344366
133.353805,1765336648.627111,1765336347,0.316112,0.000333,0.000000,0.000000,0.000000,0.000000,0.000000,0.344366
133.373778,1765336648.647070,1765336347,0.316112,0.000333,0.000000,0.000000,0.000000,0.000000,0.000000,0.000000
133.393780,1765336648.667070,1765336347,0.316112,0.000333,0.000000,0.000000,0.000000,0.000000,0.000000,-0.344366
133.413807,1765336648.687101,1765336347,0.316112,0.000333,0.000000,0.000000,0.000000,0.000000,0.000000,0.000000
133.433862,1765336648.707174,1765336347,0.316112,0.000333,0.000000,0.000000,0.000000,0.000000,0.000000,-0.344366
133.453823,1765336648.727123,1765336347,0.316112,0.000333,0.000000,0.000000,0.000000,0.000000,0.000000,-0.344366
133.473997,1765336648.747407,1765336347,0.316112,0.000333,0.000000,0.000000,0.000000,0.000000,0.000000,-0.344366
133.493933,1765336648.767268,1765336347,0.316112,0.000333,0.000000,0.000000,0.000000,0.000000,0.000000,0.000000
133.513929,1765336648.787256,1765336347,0.316112,0.000333,0.000000,0.000000,0.000000,0.000000,0.000000,-0.344366
133.533974,1765336648.807367,1765336347,0.316112,0.000333,0.000000,0.000000,0.000000,0.000000,0.000000,-0.344366
133.554002,1765336648.827395,1765336347,0.316112,0.000333,0.000000,0.000000,0.000000,0.000000,0.000000,-0.344366
133.573993,1765336648.847379,1765336347,0.316112,0.000333,0.000000,0.000000,0.000000,0.000000,0.000000,0.000000
133.593988,1765336648.867359,1765336347,0.316112,0.000333,0.000000,0.000000,0.000000,0.000000,0.000000,-0.344366
133.613986,1765336648.887341,1765336347,0.316112,0.000333,0.000000,0.000000,0.000000,0.000000,0.000000,0.344366
133.633997,1765336648.907357,1765336347,0.316112,0.000333,0.000000,0.000000,0.000000,0.000000,0.000000,-0.344366
133.653942,1765336648.927246,1765336347,0.316112,0.000333,0.000000,0.000000,0.000000,0.000000,0.000000,0.000000
133.673986,1765336648.947324,1765336347,0.316112,0.000333,0.000000,0.000000,0.000000,0.000000,0.000000,0.000000
133.694007,1765336648.967355,1765336347,0.316112,0.000333,0.000000,0.000000,0.000000,0.000000,0.000000,0.688732
133.714042,1765336648.987367,1765336347,0.316112,0.000333,0.000000,0.000000,0.000000,0.000000,0.000000,-0.344366
133.734093,1765336649.007425,1765336347,0.316112,0.000333,0.000000,0.000000,0.000000,0.000000,0.000000,-0.344366
133.754077,1765336649.027408,1765336347,0.316112,0.000333,0.000000,0.000000,0.000000,0.000000,0.000000,0.000000
133.773983,1765336649.047293,1765336347,0.316112,0.000333,0.000000,0.000000,0.000000,0.000000,0.000000,0.000000
133.794144,1765336649.067732,1765336347,0.316112,0.000333,0.000000,0.000000,0.000000,0.000000,0.000000,0.344366
133.814161,1765336649.087522,1765336347,0.316112,0.000333,0.000000,0.000000,0.000000,0.000000,0.000000,0.000000
133.834121,1765336649.107458,1765336347,0.316112,0.000333,0.000000,0.000000,0.000000,0.000000,-0.688732,-0.344366
133.854022,1765336649.127310,1765336347,0.316112,0.000333,0.000000,0.000000,0.000000,0.000000,0.000000,0.000000
133.874064,1765336649.147368,1765336347,0.316112,0.000333,0.000000,0.000000,0.000000,0.000000,0.000000,0.344366
133.894009,1765336649.167292,1765336347,0.316112,0.000333,0.000000,0.000000,0.000000,0.000000,-0.688732,-0.344366
133.914093,1765336649.187409,1765336347,0.316112,0.000333,0.000000,0.000000,0.000000,0.000000,0.000000,0.344366
133.934142,1765336649.207470,1765336347,0.316112,0.000333,0.000000,0.000000,0.000000,0.000000,0.000000,0.344366
133.954052,1765336649.227333,1765336347,0.316112,0.000333,0.000000,0.000000,0.000000,0.000000,0.000000,0.000000
133.974052,1765336649.247333,1765336347,0.316112,0.000333,0.000000,0.000000,0.000000,0.000000,0.000000,-0.344366
133.994081,1765336649.267372,1765336347,0.316112,0.000333,0.000000,0.000000,0.000000,0.000000,0.000000,0.344366
134.014095,1765336649.287396,1765336347,0.316112,0.000333,0.000000,0.000000,0.000000,0.000000,0.000000,0.344366
134.034127,1765336649.307442,1765336347,0.316112,0.000333,0.000000,0.000000,0.000000,0.000000,0.000000,-0.344366
134.054145,1765336649.327467,1765336347,0.316112,0.000333,0.000000,0.000000,0.000000,0.000000,0.000000,0.000000
134.074169,1765336649.347497,1765336347,0.316112,0.000333,0.000000,0.000000,0.000000,0.000000,0.000000,-1.033098
134.094177,1765336649.367506,1765336347,0.316112,0.000333,0.000000,0.000000,0.000000,0.000000,0.000000,0.344366
134.114236,1765336649.387596,1765336347,0.316112,0.000333,0.000000,0.000000,0.000000,0.000000,0.000000,-0.344366
134.134118,1765336649.407410,1765336347,0.316112,0.000333,0.000000,0.000000,0.000000,0.000000,0.000000,-0.344366
134.154141,1765336649.427443,1765336347,0.316112,0.000333,0.000000,0.000000,0.000000,0.000000,0.000000,-0.344366
134.174212,1765336649.447548,1765336347,0.316112,0.000333,0.000000,0.000000,0.000000,0.000000,0.000000,-0.344366
134.194239,1765336649.467584,1765336347,0.316112,0.000333,0.000000,0.000000,0.000000,0.000000,0.000000,0.344366
134.214252,1765336649.487598,1765336347,0.316112,0.000333,0.000000,0.000000,0.000000,0.000000,0.000000,0.000000
134.234286,1765336649.507645,1765336347,0.316112,0.000333,0.000000,0.000000,0.000000,0.000000,0.000000,-0.344366
134.254331,1765336649.527695,1765336347,0.316112,0.000333,0.000000,0.000000,0.000000,0.000000,0.000000,0.344366
134.274287,1765336649.547633,1765336347,0.316112,0.000333,0.000000,0.000000,0.000000,0.000000,-0.688732,-0.344366
134.294322,1765336649.567682,1765336347,0.316112,0.000333,0.000000,0.000000,0.000000,0.000000,0.000000,-0.344366
134.314229,1765336649.587551,1765336347,0.316112,0.000333,0.000000,0.000000,0.000000,0.000000,0.000000,0.344366
134.334494,1765336649.607855,1765336347,0.316112,0.000333,0.000000,0.000000,0.000000,0.000000,0.000000,-0.344366
134.354508,1765336649.627868,1765336347,0.316112,0.000333,0.000000,0.000000,0.000000,0.000000,0.000000,0.000000
134.374409,1765336649.647728,1765336347,0.316112,0.000333,0.000000,0.000000,0.000000,0.000000,0.000000,0.000000
134.394531,1765336649.667891,1765336347,0.316112,0.000333,0.000000,0.000000,0.000000,0.000000,-0.688732,-0.344366
134.414520,1765336649.687865,1765336347,0.316112,0.000333,0.000000,0.000000,0.000000,0.000000,0.000000,0.000000
134.434532,1765336649.707878,1765336347,0.316112,0.000333,0.000000,0.000000,0.000000,0.000000,0.000000,0.344366
134.454545,1765336649.727891,1765336347,0.316112,0.000333,0.000000,0.000000,0.000000,0.000000,0.000000,0.000000
134.474540,1765336649.747876,1765336347,0.316112,0.000333,0.000000,0.000000,0.000000,0.000000,0.000000,0.344366
134.494550,1765336649.767886,1765336347,0.316112,0.000333,0.000000,0.000000,0.000000,0.000000,-0.688732,-0.344366
134.514590,1765336649.787929,1765336347,0.316112,0.000333,0.000000,0.000000,0.000000,0.000000,0.000000,0.344366
134.534572,1765336649.807908,1765336347,0.316112,0.000333,0.000000,0.000000,0.000000,0.000000,0.000000,0.000000
134.554583,1765336649.827919,1765336347,0.316112,0.000333,0.000000,0.000000,0.000000,0.000000,0.000000,0.000000
134.574594,1765336649.847929,1765336347,0.316112,0.000333,0.000000,0.000000,0.000000,0.000000,0.000000,0.000000
134.594605,1765336649.867941,1765336347,0.316112,0.000333,0.000000,0.000000,0.000000,0.000000,0.000000,-0.344366
134.614615,1765336649.887951,1765336347,0.316112,0.000333,0.000000,0.000000,0.000000,0.000000,0.000000,0.000000
134.634627,1765336649.907963,1765336347,0.316112,0.000333,0.000000,0.000000,0.000000,0.000000,0.000000,0.344366
134.654625,1765336649.927954,1765336347,0.316112,0.000333,0.000000,0.000000,0.000000,0.000000,0.000000,0.344366
134.674685,1765336649.948045,1765336347,0.316112,0.000333,0.000000,0.000000,0.000000,0.000000,0.000000,-0.344366
134.694699,1765336649.968060,1765336347,0.316112,0.000333,0.000000,0.000000,0.000000,0.000000,0.000000,0.344366
134.714680,1765336649.987998,1765336347,0.316112,0.000333,0.000000,0.000000,0.000000,0.000000,0.000000,-0.344366
134.734657,1765336650.008066,1765336347,0.316112,0.000333,0.000000,0.000000,0.000000,0.000000,0.000000,0.000000
134.754778,1765336650.028138,1765336347,0.316112,0.000333,0.000000,0.000000,0.000000,0.000000,0.000000,-0.344366
134.774798,1765336650.048147,1765336347,0.316112,0.000333,0.000000,0.000000,0.000000,0.000000,0.000000,0.000000
134.794796,1765336650.068163,1765336347,0.316112,0.000333,0.000000,0.000000,0.000000,0.000000,0.000000,0.344366
134.814793,1765336650.088139,1765336347,0.316112,0.000333,0.000000,0.000000,0.000000,0.000000,0.000000,0.344366
134.834788,1765336650.108124,1765336347,0.316112,0.000333,0.000000,0.000000,0.000000,0.000000,0.000000,0.344366
134.854799,1765336650.128136,1765336347,0.316112,0.000333,0.000000,0.000000,0.000000,0.000000,0.000000,0.000000
134.874865,1765336650.148264,1765336347,0.316112,0.000333,0.000000,0.000000,0.000000,0.000000,0.000000,0.000000
134.894742,1765336650.168039,1765336347,0.316112,0.000333,0.000000,0.000000,0.000000,0.000000,0.000000,-0.344366
134.914708,1765336650.187989,1765336347,0.316112,0.000333,0.000000,0.000000,0.000000,0.000000,0.000000,0.344366
134.934707,1765336650.207985,1765336347,0.316112,0.000333,0.000000,0.000000,0.000000,0.000000,0.000000,-0.344366
134.954714,1765336650.227996,1765336347,0.316112,0.000333,0.000000,0.000000,0.000000,0.000000,0.000000,0.000000
134.974715,1765336650.247997,1765336347,0.316112,0.000333,0.000000,0.000000,0.000000,0.000000,0.000000,-0.344366
134.994729,1765336650.268014,1765336347,0.316112,0.000333,0.000000,0.000000,0.000000,0.000000,0.000000,0.000000
135.014749,1765336650.288050,1765336347,0.316112,0.000333,0.000000,0.000000,0.000000,0.000000,0.000000,0.344366
135.034857,1765336650.308188,1765336347,0.316112,0.000333,0.000000,0.000000,0.000000,0.000000,0.000000,0.344366
135.054842,1765336650.328170,1765336347,0.316112,0.000333,0.000000,0.000000,0.000000,0.000000,0.000000,-0.344366
135.074852,1765336650.348181,1765336347,0.316112,0.000333,0.000000,0.000000,0.000000,0.000000,0.000000,0.000000
135.094919,1765336650.368317,1765336347,0.316112,0.000333,0.000000,0.000000,0.000000,0.000000,0.000000,0.344366
135.114841,1765336650.388181,1765336347,0.316112,0.000333,0.000000,0.000000,0.000000,0.000000,0.000000,0.344366
135.134804,1765336650.408097,1765336347,0.316112,0.000333,0.000000,0.000000,0.000000,0.000000,0.000000,0.000000
135.154938,1765336650.428347,1765336347,0.316112,0.000333,0.000000,0.000000,0.000000,0.000000,0.000000,0.344366
135.174983,1765336650.448429,1765336347,0.316112,0.000333,0.000000,0.000000,0.000000,0.000000,0.000000,-0.344366
135.194969,1765336650.468373,1765336347,0.316112,0.000333,0.000000,0.000000,0.000000,0.000000,0.000000,0.000000
135.214947,1765336650.488318,1765336347,0.316112,0.000333,0.000000,0.000000,0.000000,0.000000,0.000000,-0.344366
135.234941,1765336650.508277,1765336347,0.316112,0.000333,0.000000,0.000000,0.000000,0.000000,0.000000,0.000000
135.254952,1765336650.528322,1765336347,0.316112,0.000333,0.000000,0.000000,0.000000,0.000000,0.000000,-0.344366
135.274934,1765336650.548255,1765336347,0.316112,0.000333,0.000000,0.000000,0.000000,0.000000,0.000000,0.000000
135.294985,1765336650.568350,1765336347,0.316112,0.000333,0.000000,0.000000,0.000000,0.000000,0.000000,-0.344366
135.314967,1765336650.588326,1765336347,0.316112,0.000333,0.000000,0.000000,0.000000,0.000000,0.000000,0.000000
135.334977,1765336650.608338,1765336347,0.316112,0.000333,0.000000,0.000000,0.000000,0.000000,0.000000,0.000000
135.354988,1765336650.628350,1765336347,0.316112,0.000333,0.000000,0.000000,0.000000,0.000000,0.000000,0.344366
135.374997,1765336650.648352,1765336347,0.316112,0.000333,0.000000,0.000000,0.000000,0.000000,0.000000,-0.344366
135.395104,1765336650.668466,1765336347,0.316112,0.000333,0.000000,0.000000,0.000000,0.000000,0.000000,-0.344366
135.415081,1765336650.688428,1765336347,0.316112,0.000333,0.000000,0.000000,0.000000,0.000000,0.000000,-0.344366
135.435078,1765336650.708416,1765336347,0.316112,0.000333,0.000000,0.000000,0.000000,0.000000,0.000000,0.344366
135.455009,1765336650.728334,1765336347,0.316112,0.000333,0.000000,0.000000,0.000000,0.000000,0.000000,0.344366
135.475058,1765336650.748380,1765336347,0.316112,0.000333,0.000000,0.000000,0.000000,0.000000,0.000000,-0.344366
135.495069,1765336650.768391,1765336347,0.316112,0.000333,0.000000,0.000000,0.000000,0.000000,0.000000,1.377463
135.515097,1765336650.788426,1765336347,0.316112,0.000333,0.000000,0.000000,0.000000,0.000000,-0.688732,0.344366
135.535106,1765336650.808435,1765336347,0.316112,0.000333,0.000000,0.000000,0.000000,0.000000,0.000000,0.344366
135.555133,1765336650.828463,1765336347,0.316112,0.000333,0.000000,0.000000,0.000000,0.000000,0.000000,-0.344366
135.575141,1765336650.848477,1765336347,0.316112,0.000333,0.000000,0.000000,0.000000,0.000000,0.000000,0.000000
135.595151,1765336650.868487,1765336347,0.316112,0.000333,0.000000,0.000000,0.000000,0.000000,-0.688732,-0.344366
135.615158,1765336650.888494,1765336347,0.316112,0.000333,0.000000,0.000000,0.000000,0.000000,0.000000,0.344366
135.635169,1765336650.908505,1765336347,0.316112,0.000333,0.000000,0.000000,0.000000,0.000000,0.000000,-0.344366
135.655180,1765336650.928516,1765336347,0.316112,0.000333,0.000000,0.000000,0.000000,0.000000,0.000000,0.344366
135.675191,1765336650.948527,1765336347,0.316112,0.000333,0.000000,0.000000,0.000000,0.000000,0.000000,0.000000
135.695240,1765336650.968600,1765336347,0.316112,0.000333,0.000000,0.000000,0.000000,0.000000,0.000000,-0.344366
135.715144,1765336650.988464,1765336347,0.316112,0.000333,0.000000,0.000000,0.000000,0.000000,0.000000,-0.344366
135.735265,1765336651.008624,1765336347,0.316112,0.000333,0.000000,0.000000,0.000000,0.000000,0.000000,-0.344366
135.755278,1765336651.028638,1765336347,0.316112,0.000333,0.000000,0.000000,0.000000,0.000000,0.000000,0.000000
135.775266,1765336651.048612,1765336347,0.316112,0.000333,0.000000,0.000000,0.000000,0.000000,0.000000,0.344366
135.795260,1765336651.068595,1765336347,0.316112,0.000333,0.000000,0.000000,0.000000,0.000000,0.000000,0.344366
135.815299,1765336651.088639,1765336347,0.316112,0.000333,0.000000,0.000000,0.000000,0.000000,-0.688732,0.344366
135.835279,1765336651.108607,1765336347,0.316112,0.000333,0.000000,0.000000,0.000000,0.000000,0.000000,0.000000
135.855290,1765336651.128626,1765336347,0.316112,0.000333,0.000000,0.000000,0.000000,0.000000,0.000000,0.344366
135.875300,1765336651.148636,1765336347,0.316112,0.000333,0.000000,0.000000,0.000000,0.000000,0.000000,0.000000
135.895225,1765336651.168531,1765336347,0.316112,0.000333,0.000000,0.000000,0.000000,0.000000,0.000000,0.344366
135.915355,1765336651.188715,1765336347,0.316112,0.000333,0.000000,0.000000,0.000000,0.000000,-0.344366,-0.344366
135.935344,1765336651.208689,1765336347,0.316112,0.000333,0.000000,0.000000,0.000000,0.000000,0.000000,0.344366
135.955339,1765336651.228675,1765336347,0.316112,0.000333,0.000000,0.000000,0.000000,0.000000,0.000000,0.000000
135.975365,1765336651.248710,1765336347,0.316112,0.000333,0.000000,0.000000,0.000000,0.000000,0.000000,0.344366
135.995358,1765336651.268694,1765336347,0.316112,0.000333,0.000000,0.000000,0.000000,0.000000,0.000000,0.000000
136.015368,1765336651.288704,1765336347,0.316112,0.000333,0.000000,0.000000,0.000000,0.000000,0.000000,0.000000
136.035379,1765336651.308714,1765336347,0.316112,0.000333,0.000000,0.000000,0.000000,0.000000,0.000000,0.000000
136.055390,1765336651.328725,1765336347,0.316112,0.000333,0.000000,0.000000,0.000000,0.000000,0.000000,0.000000
136.075376,1765336651.348696,1765336347,0.316112,0.000333,0.000000,0.000000,0.000000,0.000000,0.000000,0.344366
136.095393,1765336651.368722,1765336347,0.316112,0.000333,0.000000,0.000000,0.000000,0.000000,1.033098,0.344366
136.115467,1765336651.388860,1765336347,0.316112,0.000333,0.000000,0.000000,0.000000,0.000000,0.000000,0.000000
136.135311,1765336651.408595,1765336347,0.316112,0.000333,0.000000,0.000000,0.000000,0.000000,0.000000,-0.344366
136.155362,1765336651.428667,1765336347,0.316112,0.000333,0.000000,0.000000,0.000000,0.000000,0.000000,-0.344366
136.175392,1765336651.448708,1765336347,0.316112,0.000333,0.000000,0.000000,0.000000,0.000000,0.000000,-0.344366
136.195399,1765336651.468714,1765336347,0.316112,0.000333,0.000000,0.000000,0.000000,0.000000,0.000000,0.000000
136.215418,1765336651.488739,1765336347,0.316112,0.000333,0.000000,0.000000,0.000000,0.000000,0.000000,0.000000
136.235427,1765336651.508747,1765336347,0.316112,0.000333,0.000000,0.000000,0.000000,0.000000,0.000000,0.344366
136.255365,1765336651.528649,1765336347,0.316112,0.000333,0.000000,0.000000,0.000000,0.000000,0.000000,0.000000
136.275359,1765336651.548639,1765336347,0.316112,0.000333,0.000000,0.000000,0.000000,0.000000,0.000000,0.000000
136.295402,1765336651.568703,1765336347,0.316112,0.000333,0.000000,0.000000,0.000000,0.000000,0.000000,0.000000
136.315425,1765336651.588736,1765336347,0.316112,0.000333,0.000000,0.000000,0.000000,0.000000,0.000000,0.344366
136.335477,1765336651.608794,1765336347,0.316112,0.000333,0.000000,0.000000,0.000000,0.000000,0.000000,-0.344366
136.355460,1765336651.628782,1765336347,0.316112,0.000333,0.000000,0.000000,0.000000,0.000000,0.000000,0.344366
136.375468,1765336651.648788,1765336347,0.316112,0.000333,0.000000,0.000000,0.000000,0.000000,0.000000,-0.344366
136.395545,1765336651.668905,1765336347,0.316112,0.000333,0.000000,0.000000,0.000000,0.000000,0.000000,0.000000
136.415537,1765336651.688882,1765336347,0.316112,0.000333,0.000000,0.000000,0.000000,0.000000,0.000000,0.000000
136.435549,1765336651.708894,1765336347,0.316112,0.000333,0.000000,0.000000,0.000000,0.000000,0.000000,-0.344366
136.455544,1765336651.728880,1765336347,0.316112,0.000333,0.000000,0.000000,0.000000,0.000000,0.000000,0.000000
136.475556,1765336651.748892,1765336347,0.316112,0.000333,0.000000,0.000000,0.000000,0.000000,0.000000,-0.344366
136.495445,1765336651.768720,1765336347,0.316112,0.000333,0.000000,0.000000,0.000000,0.000000,0.000000,0.000000
136.515518,1765336651.788835,1765336347,0.316112,0.000333,0.000000,0.000000,0.000000,0.000000,0.000000,-1.033098
136.535544,1765336651.808866,1765336347,0.316112,0.000333,0.000000,0.000000,0.000000,0.000000,0.000000,0.000000
136.555552,1765336651.828873,1765336347,0.316112,0.000333,0.000000,0.000000,0.000000,0.000000,0.000000,-0.344366
136.575575,1765336651.848904,1765336347,0.316112,0.000333,0.000000,0.000000,0.000000,0.000000,0.000000,0.344366
136.595496,1765336651.868775,1765336347,0.316112,0.000333,0.000000,0.000000,0.000000,0.000000,0.000000,0.000000
136.615492,1765336651.888774,1765336347,0.316112,0.000333,0.000000,0.000000,0.000000,0.000000,0.000000,0.344366
136.635524,1765336651.908826,1765336347,0.316112,0.000333,0.000000,0.000000,0.000000,0.000000,0.000000,-0.344366
136.655622,1765336651.928958,1765336347,0.316112,0.000333,0.000000,0.000000,0.000000,0.000000,0.000000,0.344366
136.675619,1765336651.948947,1765336347,0.316112,0.000333,0.000000,0.000000,0.000000,0.000000,0.000000,-0.344366
136.695629,1765336651.968957,1765336347,0.316112,0.000333,0.000000,0.000000,0.000000,0.000000,0.000000,0.344366
136.715640,1765336651.988968,1765336347,0.316112,0.000333,0.000000,0.000000,0.000000,0.000000,0.000000,-0.344366
136.735650,1765336652.008978,1765336347,0.316112,0.000333,0.000000,0.000000,0.000000,0.000000,-0.688732,0.000000
136.755645,1765336652.028966,1765336347,0.316112,0.000333,0.000000,0.000000,0.000000,0.000000,0.000000,0.344366
136.775721,1765336652.049080,1765336347,0.316112,0.000333,0.000000,0.000000,0.000000,0.000000,-0.688732,0.344366
136.795702,1765336652.069037,1765336347,0.316112,0.000333,0.000000,0.000000,0.000000,0.000000,0.000000,0.344366
136.815742,1765336652.089102,1765336347,0.316112,0.000333,0.000000,0.000000,0.000000,0.000000,0.000000,0.000000
136.835732,1765336652.109076,1765336347,0.316112,0.000333,0.000000,0.000000,0.000000,0.000000,0.000000,0.344366
136.855757,1765336652.129096,1765336347,0.316112,0.000333,0.000000,0.000000,0.000000,0.000000,0.000000,0.000000
136.875778,1765336652.149139,1765336347,0.316112,0.000333,0.000000,0.000000,0.000000,0.000000,0.000000,0.000000
136.895789,1765336652.169141,1765336347,0.316112,0.000333,0.000000,0.000000,0.000000,0.000000,0.000000,-0.344366
136.915761,1765336652.189097,1765336347,0.316112,0.000333,0.000000,0.000000,0.000000,0.000000,0.000000,-0.344366
136.935758,1765336652.209086,1765336347,0.316112,0.000333,0.000000,0.000000,0.000000,0.000000,0.000000,0.344366
136.955768,1765336652.229095,1765336347,0.316112,0.000333,0.000000,0.000000,0.000000,0.000000,0.000000,0.000000
136.975777,1765336652.249105,1765336347,0.316112,0.000333,0.000000,0.000000,0.000000,0.000000,0.000000,-0.344366
136.995785,1765336652.269114,1765336347,0.316112,0.000333,0.000000,0.000000,0.000000,0.000000,0.000000,-0.344366
137.015794,1765336652.289122,1765336347,0.316112,0.000333,0.000000,0.000000,0.000000,0.000000,0.000000,0.344366
137.035803,1765336652.309131,1765336347,0.316112,0.000333,0.000000,0.000000,0.000000,0.000000,0.000000,0.000000
137.055812,1765336652.329140,1765336347,0.316112,0.000333,0.000000,0.000000,0.000000,0.000000,0.000000,0.000000
137.075874,1765336652.349234,1765336347,0.316112,0.000333,0.000000,0.000000,0.000000,0.000000,0.000000,-1.033098
137.095864,1765336652.369210,1765336347,0.316112,0.000333,0.000000,0.000000,0.000000,0.000000,0.000000,0.344366
137.115764,1765336652.389049,1765336347,0.316112,0.000333,0.000000,0.000000,0.000000,0.000000,0.000000,0.344366
137.135751,1765336652.409034,1765336347,0.316112,0.000333,0.000000,0.000000,0.000000,0.000000,0.000000,-0.344366
137.155765,1765336652.429056,1765336347,0.316112,0.000333,0.000000,0.000000,0.000000,0.000000,0.000000,0.000000
137.175838,1765336652.449161,1765336347,0.316112,0.000333,0.000000,0.000000,0.000000,0.000000,-0.688732,0.344366
137.195879,1765336652.469215,1765336347,0.316112,0.000333,0.000000,0.000000,0.000000,0.000000,0.000000,0.000000
137.215876,1765336652.489204,1765336347,0.316112,0.000333,0.000000,0.000000,0.000000,0.000000,0.000000,-0.344366
137.235890,1765336652.509218,1765336347,0.316112,0.000333,0.000000,0.000000,0.000000,0.000000,0.000000,0.000000
137.255871,1765336652.529186,1765336347,0.316112,0.000333,0.000000,0.000000,0.000000,0.000000,0.000000,-0.344366
137.275855,1765336652.549160,1765336347,0.316112,0.000333,0.000000,0.000000,0.000000,0.000000,0.000000,-0.344366
137.295874,1765336652.569185,1765336347,0.316112,0.000333,0.000000,0.000000,0.000000,0.000000,0.000000,0.344366
137.315889,1765336652.589204,1765336347,0.316112,0.000333,0.000000,0.000000,0.000000,0.000000,-0.688732,0.000000
137.335896,1765336652.609212,1765336347,0.316112,0.000333,0.000000,0.000000,0.000000,0.000000,0.000000,-0.344366
137.355904,1765336652.629219,1765336347,0.316112,0.000333,0.000000,0.000000,0.000000,0.000000,0.000000,0.000000
137.375943,1765336652.649267,1765336347,0.316112,0.000333,0.000000,0.000000,0.000000,0.000000,0.000000,0.344366
137.395918,1765336652.669233,1765336347,0.316112,0.000333,0.000000,0.000000,0.000000,0.000000,0.000000,0.344366
137.415936,1765336652.689257,1765336347,0.316112,0.000333,0.000000,0.000000,0.000000,0.000000,0.000000,0.000000
137.435944,1765336652.709264,1765336347,0.316112,0.000333,0.000000,0.000000,0.000000,0.000000,0.000000,0.344366
137.455951,1765336652.729271,1765336347,0.316112,0.000333,0.000000,0.000000,0.000000,0.000000,0.000000,-0.344366
137.475958,1765336652.749304,1765336347,0.316112,0.000333,0.000000,0.000000,0.000000,0.000000,0.000000,0.344366
137.495966,1765336652.769312,1765336347,0.316112,0.000333,0.000000,0.000000,0.000000,0.000000,0.000000,-0.344366
137.515974,1765336652.789320,1765336347,0.316112,0.000333,0.000000,0.000000,0.000000,0.000000,0.000000,0.000000
137.535981,1765336652.809328,1765336347,0.316112,0.000333,0.000000,0.000000,0.000000,0.000000,0.000000,-0.344366
137.555929,1765336652.829229,1765336347,0.316112,0.000333,0.000000,0.000000,0.000000,0.000000,0.000000,0.344366
137.575995,1765336652.849343,1765336347,0.316112,0.000333,0.000000,0.000000,0.000000,0.000000,0.000000,0.000000
137.596004,1765336652.869351,1765336347,0.316112,0.000333,0.000000,0.000000,0.000000,0.000000,0.000000,0.000000
137.616032,1765336652.889355,1765336347,0.316112,0.000333,0.000000,0.000000,0.000000,0.000000,0.000000,0.344366
137.636062,1765336652.909388,1765336347,0.316112,0.000333,0.000000,0.000000,0.000000,0.000000,0.000000,0.000000
137.656049,1765336652.929372,1765336347,0.316112,0.000333,0.000000,0.000000,0.000000,0.000000,0.000000,0.000000
137.676057,1765336652.949381,1765336347,0.316112,0.000333,0.000000,0.000000,0.000000,0.000000,0.000000,-0.344366
137.696060,1765336652.969383,1765336347,0.316112,0.000333,0.000000,0.000000,0.000000,0.000000,0.000000,0.000000
137.716073,1765336652.989395,1765336347,0.316112,0.000333,0.000000,0.000000,0.000000,0.000000,0.000000,-0.344366
137.736073,1765336653.009395,1765336347,0.316112,0.000333,0.000000,0.000000,0.000000,0.000000,0.000000,0.344366
137.756086,1765336653.029408,1765336347,0.316112,0.000333,0.000000,0.000000,0.000000,0.000000,0.000000,0.344366
137.776096,1765336653.049417,1765336347,0.316112,0.000333,0.000000,0.000000,0.000000,0.000000,0.000000,0.344366
137.796103,1765336653.069425,1765336347,0.316112,0.000333,0.000000,0.000000,0.000000,0.000000,0.000000,-0.344366
137.816107,1765336653.089428,1765336347,0.316112,0.000333,0.000000,0.000000,0.000000,0.000000,0.000000,0.344366
137.836115,1765336653.109436,1765336347,0.316112,0.000333,0.000000,0.000000,0.000000,0.000000,0.000000,0.344366
137.856123,1765336653.129444,1765336347,0.316112,0.000333,0.000000,0.000000,0.000000,0.000000,0.000000,-0.344366
137.876128,1765336653.149449,1765336347,0.316112,0.000333,0.000000,0.000000,0.000000,0.000000,0.000000,0.344366
137.896125,1765336653.169436,1765336347,0.316112,0.000333,0.000000,0.000000,0.000000,0.000000,0.000000,-0.344366
137.916114,1765336653.189503,1765336347,0.316112,0.000333,0.000000,0.000000,0.000000,0.000000,0.000000,0.344366
137.936232,1765336653.209593,1765336347,0.316112,0.000333,0.000000,0.000000,0.000000,0.000000,0.000000,0.000000
137.956221,1765336653.229567,1765336347,0.316112,0.000333,0.000000,0.000000,0.000000,0.000000,0.000000,-0.344366
137.976130,1765336653.249432,1765336347,0.316112,0.000333,0.000000,0.000000,0.000000,0.000000,0.000000,0.000000
137.996264,1765336653.269623,1765336347,0.316112,0.000333,0.000000,0.000000,0.000000,0.000000,0.000000,0.344366
138.016254,1765336653.289599,1765336347,0.316112,0.000333,0.000000,0.000000,0.000000,0.000000,0.000000,0.344366
138.036248,1765336653.309584,1765336347,0.316112,0.000333,0.000000,0.000000,0.000000,0.000000,0.000000,0.000000
138.056245,1765336653.329574,1765336347,0.316112,0.000333,0.000000,0.000000,0.000000,0.000000,0.000000,0.000000
138.076253,1765336653.349581,1765336347,0.316112,0.000333,0.000000,0.000000,0.000000,0.000000,0.000000,0.000000
138.096247,1765336653.369568,1765336347,0.316112,0.000333,0.000000,0.000000,0.000000,0.000000,0.000000,0.000000
138.116183,1765336653.389467,1765336347,0.316112,0.000333,0.000000,0.000000,0.000000,0.000000,0.000000,0.000000
138.136179,1765336653.409458,1765336347,0.316112,0.000333,0.000000,0.000000,0.000000,0.000000,0.000000,-0.344366
138.156224,1765336653.429508,1765336347,0.316112,0.000333,0.000000,0.000000,0.000000,0.000000,0.000000,0.344366
138.176233,1765336653.449523,1765336347,0.316112,0.000333,0.000000,0.000000,0.000000,0.000000,0.000000,-0.344366
138.196252,1765336653.469552,1765336347,0.316112,0.000333,0.000000,0.000000,0.000000,0.000000,0.000000,0.344366
138.216272,1765336653.489580,1765336347,0.316112,0.000333,0.000000,0.000000,0.000000,0.000000,-0.688732,0.344366
138.236294,1765336653.509610,1765336347,0.316112,0.000333,0.000000,0.000000,0.000000,0.000000,0.000000,-0.344366
138.256312,1765336653.529633,1765336347,0.316112,0.000333,0.000000,0.000000,0.000000,0.000000,0.000000,0.000000
138.276320,1765336653.549642,1765336347,0.316112,0.000333,0.000000,0.000000,0.000000,0.000000,0.000000,-0.344366
138.296327,1765336653.569648,1765336347,0.316112,0.000333,0.000000,0.000000,0.000000,0.000000,0.000000,0.344366
138.316335,1765336653.589656,1765336347,0.316112,0.000333,0.000000,0.000000,0.000000,0.000000,0.000000,0.344366
138.336344,1765336653.609665,1765336347,0.316112,0.000333,0.000000,0.000000,0.000000,0.000000,0.000000,0.000000
138.356367,1765336653.629696,1765336347,0.316112,0.000333,0.000000,0.000000,0.000000,0.000000,0.000000,-0.344366
138.376375,1765336653.649705,1765336347,0.316112,0.000333,0.000000,0.000000,0.000000,0.000000,-0.344366,-0.344366
138.396384,1765336653.669713,1765336347,0.316112,0.000333,0.000000,0.000000,0.000000,0.000000,0.000000,0.000000
138.416401,1765336653.689724,1765336347,0.316112,0.000333,0.000000,0.000000,0.000000,0.000000,0.000000,-0.344366
138.436385,1765336653.709707,1765336347,0.316112,0.000333,0.000000,0.000000,0.000000,0.000000,0.000000,0.000000
138.456392,1765336653.729713,1765336347,0.316112,0.000333,0.000000,0.000000,0.000000,0.000000,0.000000,0.000000
138.476389,1765336653.749704,1765336347,0.316112,0.000333,0.000000,0.000000,0.000000,0.000000,0.000000,0.344366
138.496407,1765336653.769729,1765336347,0.316112,0.000333,0.000000,0.000000,0.000000,0.000000,0.000000,0.000000
138.516432,1765336653.789759,1765336347,0.316112,0.000333,0.000000,0.000000,0.000000,0.000000,0.000000,0.344366
138.536441,1765336653.809769,1765336347,0.316112,0.000333,0.000000,0.000000,0.000000,0.000000,0.000000,0.000000
138.556450,1765336653.829778,1765336347,0.316112,0.000333,0.000000,0.000000,0.000000,0.000000,0.000000,-0.344366
138.576459,1765336653.849788,1765336347,0.316112,0.000333,0.000000,0.000000,0.000000,0.000000,-0.688732,0.344366
138.596469,1765336653.869797,1765336347,0.316112,0.000333,0.000000,0.000000,0.000000,0.000000,0.000000,-0.344366
138.616461,1765336653.889782,1765336347,0.316112,0.000333,0.000000,0.000000,0.000000,0.000000,0.000000,0.000000
138.636472,1765336653.909792,1765336347,0.316112,0.000333,0.000000,0.000000,0.000000,0.000000,0.000000,0.000000
138.656547,1765336653.929906,1765336347,0.316112,0.000333,0.000000,0.000000,0.000000,0.000000,0.000000,-0.344366
138.676593,1765336653.949957,1765336347,0.316112,0.000333,0.000000,0.000000,0.000000,0.000000,0.000000,-1.033098
138.696549,1765336653.969894,1765336347,0.316112,0.000333,0.000000,0.000000,0.000000,0.000000,-0.688732,0.344366
138.716530,1765336653.989858,1765336347,0.316112,0.000333,0.000000,0.000000,0.000000,0.000000,0.000000,-0.344366
138.736467,1765336654.009771,1765336347,0.316112,0.000333,0.000000,0.000000,0.000000,0.000000,0.000000,0.000000
138.756577,1765336654.029924,1765336347,0.316112,0.000333,0.000000,0.000000,0.000000,0.000000,0.000000,0.344366
138.776571,1765336654.049905,1765336347,0.316112,0.000333,0.000000,0.000000,0.000000,0.000000,0.000000,0.000000
138.796512,1765336654.069831,1765336347,0.316112,0.000333,0.000000,0.000000,0.000000,0.000000,0.000000,0.344366
138.816633,1765336654.089992,1765336347,0.316112,0.000333,0.000000,0.000000,0.000000,0.000000,0.000000,-0.344366
138.836645,1765336654.110004,1765336347,0.316112,0.000333,0.000000,0.000000,0.000000,0.000000,0.000000,0.344366
138.856616,1765336654.129952,1765336347,0.316112,0.000333,0.000000,0.000000,0.000000,0.000000,0.000000,0.344366
138.876614,1765336654.149943,1765336347,0.316112,0.000333,0.000000,0.000000,0.000000,0.000000,0.000000,-0.344366
138.896597,1765336654.169912,1765336347,0.316112,0.000333,0.000000,0.000000,0.000000,0.000000,0.000000,0.344366
138.916612,1765336654.189934,1765336347,0.316112,0.000333,0.000000,0.000000,0.000000,0.000000,0.000000,0.000000
138.936644,1765336654.209968,1765336347,0.316112,0.000333,0.000000,0.000000,0.000000,0.000000,0.000000,0.344366
138.956631,1765336654.229952,1765336347,0.316112,0.000333,0.000000,0.000000,0.000000,0.000000,0.000000,-0.344366
138.976653,1765336654.249982,1765336347,0.316112,0.000333,0.000000,0.000000,0.000000,0.000000,0.000000,0.344366
138.996662,1765336654.269990,1765336347,0.316112,0.000333,0.000000,0.000000,0.000000,0.000000,0.000000,0.000000
139.016655,1765336654.289976,1765336347,0.316112,0.000333,0.000000,0.000000,0.000000,0.000000,0.000000,0.000000
139.036662,1765336654.309983,1765336347,0.316112,0.000333,0.000000,0.000000,0.000000,0.000000,0.000000,0.000000
139.056659,1765336654.329974,1765336347,0.316112,0.000333,0.000000,0.000000,0.000000,0.000000,-0.344366,0.000000
139.076665,1765336654.349980,1765336347,0.316112,0.000333,0.000000,0.000000,0.000000,0.000000,0.000000,0.000000
139.096683,1765336654.370004,1765336347,0.316112,0.000333,0.000000,0.000000,0.000000,0.000000,0.000000,0.000000
139.116640,1765336654.389920,1765336347,0.316112,0.000333,0.000000,0.000000,0.000000,0.000000,-0.344366,0.688732
139.136632,1765336654.409920,1765336347,0.316112,0.000333,0.000000,0.000000,0.000000,0.000000,0.000000,-0.344366
139.156657,1765336654.429956,1765336347,0.316112,0.000333,0.000000,0.000000,0.000000,0.000000,0.000000,0.000000
139.176687,1765336654.450000,1765336347,0.316112,0.000333,0.000000,0.000000,0.000000,0.000000,0.000000,0.344366
139.196721,1765336654.470039,1765336347,0.316112,0.000333,0.000000,0.000000,0.000000,0.000000,0.000000,0.000000
139.216734,1765336654.490064,1765336347,0.316112,0.000333,0.000000,0.000000,0.000000,0.000000,0.000000,-0.344366
139.236743,1765336654.510072,1765336347,0.316112,0.000333,0.000000,0.000000,0.000000,0.000000,0.000000,0.344366
139.256735,1765336654.530056,1765336347,0.316112,0.000333,0.000000,0.000000,0.000000,0.000000,0.000000,-0.344366
139.276758,1765336654.550086,1765336347,0.316112,0.000333,0.000000,0.000000,0.000000,0.000000,0.000000,0.000000
139.296767,1765336654.570096,1765336347,0.316112,0.000333,0.000000,0.000000,0.000000,0.000000,0.000000,-0.344366
139.316775,1765336654.590103,1765336347,0.316112,0.000333,0.000000,0.000000,0.000000,0.000000,0.000000,0.344366
139.336785,1765336654.610112,1765336347,0.316112,0.000333,0.000000,0.000000,0.000000,0.000000,0.000000,0.000000
139.356779,1765336654.630100,1765336347,0.316112,0.000333,0.000000,0.000000,0.000000,0.000000,0.000000,0.000000
139.376806,1765336654.650135,1765336347,0.316112,0.000333,0.000000,0.000000,0.000000,0.000000,0.000000,0.000000
139.396796,1765336654.670117,1765336347,0.316112,0.000333,0.000000,0.000000,0.000000,0.000000,0.000000,-0.344366
139.416820,1765336654.690148,1765336347,0.316112,0.000333,0.000000,0.000000,0.000000,0.000000,0.000000,0.000000
139.436827,1765336654.710155,1765336347,0.316112,0.000333,0.000000,0.000000,0.000000,0.000000,-0.688732,0.000000
139.456871,1765336654.730202,1765336347,0.316112,0.000333,0.000000,0.000000,0.000000,0.000000,0.000000,0.000000
139.476845,1765336654.750173,1765336347,0.316112,0.000333,0.000000,0.000000,0.000000,0.000000,0.000000,0.000000
139.496856,1765336654.770183,1765336347,0.316112,0.000333,0.000000,0.000000,0.000000,0.000000,0.000000,-0.344366
139.516864,1765336654.790193,1765336347,0.316112,0.000333,0.000000,0.000000,0.000000,0.000000,0.000000,0.000000
139.536874,1765336654.810200,1765336347,0.316112,0.000333,0.000000,0.000000,0.000000,0.000000,0.000000,-0.344366
139.556867,1765336654.830188,1765336347,0.316112,0.000333,0.000000,0.000000,0.000000,0.000000,0.000000,0.000000
139.576897,1765336654.850234,1765336347,0.316112,0.000333,0.000000,0.000000,0.000000,0.000000,0.000000,0.000000
139.596871,1765336654.870186,1765336347,0.316112,0.000333,0.000000,0.000000,0.000000,0.000000,0.000000,-0.344366
139.616890,1765336654.890211,1765336347,0.316112,0.000333,0.000000,0.000000,0.000000,0.000000,0.000000,0.000000
139.636898,1765336654.910219,1765336347,0.316112,0.000333,0.000000,0.000000,0.000000,0.000000,0.000000,0.344366
139.656922,1765336654.930251,1765336347,0.316112,0.000333,0.000000,0.000000,0.000000,0.000000,0.000000,-0.344366
139.676929,1765336654.950258,1765336347,0.316112,0.000333,0.000000,0.000000,0.000000,0.000000,0.000000,0.344366
139.696939,1765336654.970267,1765336347,0.316112,0.000333,0.000000,0.000000,0.000000,0.000000,0.000000,0.000000
139.716974,1765336654.990337,1765336347,0.316112,0.000333,0.000000,0.000000,0.000000,0.000000,0.000000,0.000000
139.736955,1765336655.010307,1765336347,0.316112,0.000333,0.000000,0.000000,0.000000,0.000000,0.000000,-0.344366
139.756964,1765336655.030321,1765336347,0.316112,0.000333,0.000000,0.000000,0.000000,0.000000,0.000000,-0.344366
139.776947,1765336655.050273,1765336347,0.316112,0.000333,0.000000,0.000000,0.000000,0.000000,0.000000,0.344366
139.796965,1765336655.070304,1765336347,0.316112,0.000333,0.000000,0.000000,0.000000,0.000000,0.000000,-0.344366
139.816953,1765336655.090264,1765336347,0.316112,0.000333,0.000000,0.000000,0.000000,0.000000,0.000000,-0.344366
139.836902,1765336655.110184,1765336347,0.316112,0.000333,0.000000,0.000000,0.000000,0.000000,0.000000,0.000000
139.856922,1765336655.130214,1765336347,0.316112,0.000333,0.000000,0.000000,0.000000,0.000000,0.000000,0.000000
139.876951,1765336655.150262,1765336347,0.316112,0.000333,0.000000,0.000000,0.000000,0.000000,0.000000,0.344366
139.896967,1765336655.170279,1765336347,0.316112,0.000333,0.000000,0.000000,0.000000,0.000000,0.000000,-0.344366
139.916994,1765336655.190337,1765336347,0.316112,0.000333,0.000000,0.000000,0.000000,0.000000,0.000000,-0.344366
139.936990,1765336655.210328,1765336347,0.316112,0.000333,0.000000,0.000000,0.000000,0.000000,0.000000,0.344366
139.957009,1765336655.230358,1765336347,0.316112,0.000333,0.000000,0.000000,0.000000,0.000000,0.000000,0.000000
139.977059,1765336655.250384,1765336347,0.316112,0.000333,0.000000,0.000000,0.000000,0.000000,0.000000,0.344366
139.997049,1765336655.270373,1765336347,0.316112,0.000333,0.000000,0.000000,0.000000,0.000000,0.000000,0.000000
140.017054,1765336655.290377,1765336347,0.316112,0.000333,0.000000,0.000000,0.000000,0.000000,0.000000,0.344366
140.037061,1765336655.310383,1765336347,0.316112,0.000333,0.000000,0.000000,0.000000,0.000000,0.000000,0.344366
140.057061,1765336655.330378,1765336347,0.316112,0.000333,0.000000,0.000000,0.000000,0.000000,0.000000,0.000000
140.077066,1765336655.350382,1765336347,0.316112,0.000333,0.000000,0.000000,0.000000,0.000000,0.000000,-0.344366
140.097087,1765336655.370409,1765336347,0.316112,0.000333,0.000000,0.000000,0.000000,0.000000,0.000000,-0.344366
140.117067,1765336655.390348,1765336347,0.316112,0.000333,0.000000,0.000000,0.000000,0.000000,0.000000,-0.344366
140.137078,1765336655.410359,1765336347,0.316112,0.000333,0.000000,0.000000,0.000000,0.000000,0.000000,-0.344366
140.157121,1765336655.430420,1765336347,0.316112,0.000333,0.000000,0.000000,0.000000,0.000000,0.000000,-0.344366
140.177141,1765336655.450449,1765336347,0.316112,0.000333,0.000000,0.000000,0.000000,0.000000,0.000000,0.344366
140.197163,1765336655.470479,1765336347,0.316112,0.000333,0.000000,0.000000,0.000000,0.000000,0.000000,0.344366
140.217197,1765336655.490526,1765336347,0.316112,0.000333,0.000000,0.000000,0.000000,0.000000,0.000000,0.344366
140.237267,1765336655.510616,1765336347,0.316112,0.000333,0.000000,0.000000,0.000000,0.000000,0.000000,0.000000
140.257248,1765336655.530593,1765336347,0.316112,0.000333,0.000000,0.000000,0.000000,0.000000,0.000000,-0.344366
140.277273,1765336655.550618,1765336347,0.316112,0.000333,0.000000,0.000000,0.000000,0.000000,0.000000,-0.344366
140.297318,1765336655.570677,1765336347,0.316112,0.000333,0.000000,0.000000,0.000000,0.000000,0.000000,-0.344366
140.317307,1765336655.590652,1765336347,0.316112,0.000333,0.000000,0.000000,0.000000,0.000000,0.000000,0.344366
140.337302,1765336655.610638,1765336347,0.316112,0.000333,0.000000,0.000000,0.000000,0.000000,0.000000,-0.344366
140.357312,1765336655.630648,1765336347,0.316112,0.000333,0.000000,0.000000,0.000000,0.000000,0.000000,-0.344366
140.377323,1765336655.650658,1765336347,0.316112,0.000333,0.000000,0.000000,0.000000,0.000000,0.000000,-0.344366
140.397486,1765336655.670845,1765336347,0.316112,0.000333,0.000000,0.000000,0.000000,0.000000,0.000000,-0.344366
140.417475,1765336655.690821,1765336347,0.316112,0.000333,0.000000,0.000000,0.000000,0.000000,0.000000,0.000000
140.437487,1765336655.710833,1765336347,0.316112,0.000333,0.000000,0.000000,0.000000,0.000000,0.000000,-0.344366
140.457480,1765336655.730815,1765336347,0.316112,0.000333,0.000000,0.000000,0.000000,0.000000,0.000000,0.344366
140.477491,1765336655.750827,1765336347,0.316112,0.000333,0.000000,0.000000,0.000000,0.000000,0.000000,-0.344366
140.497525,1765336655.770864,1765336347,0.316112,0.000333,0.000000,0.000000,0.000000,0.000000,0.000000,0.344366
140.517551,1765336655.790910,1765336347,0.316112,0.000333,0.000000,0.000000,0.000000,0.000000,0.000000,-0.344366
140.537562,1765336655.810923,1765336347,0.316112,0.000333,0.000000,0.000000,0.000000,0.000000,0.000000,0.000000
140.557576,1765336655.830937,1765336347,0.316112,0.000333,0.000000,0.000000,0.000000,0.000000,0.000000,0.344366
140.577566,1765336655.850911,1765336347,0.316112,0.000333,0.000000,0.000000,0.000000,0.000000,0.000000,-0.344366
140.597577,1765336655.870923,1765336347,0.316112,0.000333,0.000000,0.000000,0.000000,0.000000,-0.688732,-0.344366
140.617543,1765336655.890864,1765336347,0.316112,0.000333,0.000000,0.000000,0.000000,0.000000,0.000000,-0.344366
140.637533,1765336655.910841,1765336347,0.316112,0.000333,0.000000,0.000000,0.000000,0.000000,0.000000,0.000000
140.657491,1765336655.930777,1765336347,0.316112,0.000333,0.000000,0.000000,0.000000,0.000000,0.000000,-0.344366
140.677496,1765336655.950784,1765336347,0.316112,0.000333,0.000000,0.000000,0.000000,0.000000,0.000000,-0.344366
140.697495,1765336655.970784,1765336347,0.316112,0.000333,0.000000,0.000000,0.000000,0.000000,0.000000,0.344366
140.717555,1765336655.990870,1765336347,0.316112,0.000333,0.000000,0.000000,0.000000,0.000000,0.000000,-0.344366
140.737604,1765336656.010941,1765336347,0.316112,0.000333,0.000000,0.000000,0.000000,0.000000,-0.688732,0.000000
140.757510,1765336656.030791,1765336347,0.316112,0.000333,0.000000,0.000000,0.000000,0.000000,0.000000,0.344366
140.777514,1765336656.050798,1765336347,0.316112,0.000333,0.000000,0.000000,0.000000,0.000000,0.000000,0.344366
140.797560,1765336656.070867,1765336347,0.316112,0.000333,0.000000,0.000000,0.000000,0.000000,0.000000,-0.344366
140.817582,1765336656.090898,1765336347,0.316112,0.000333,0.000000,0.000000,0.000000,0.000000,0.000000,-0.344366
140.837603,1765336656.110924,1765336347,0.316112,0.000333,0.000000,0.000000,0.000000,0.000000,0.000000,0.000000
140.857612,1765336656.130933,1765336347,0.316112,0.000333,0.000000,0.000000,0.000000,0.000000,0.000000,0.344366
140.877637,1765336656.150965,1765336347,0.316112,0.000333,0.000000,0.000000,0.000000,0.000000,-0.688732,-0.344366
140.897646,1765336656.170974,1765336347,0.316112,0.000333,0.000000,0.000000,0.000000,0.000000,0.000000,-0.344366
140.917668,1765336656.191004,1765336347,0.316112,0.000333,0.000000,0.000000,0.000000,0.000000,0.000000,0.000000
140.937679,1765336656.211016,1765336347,0.316112,0.000333,0.000000,0.000000,0.000000,0.000000,0.000000,0.000000
140.957690,1765336656.231025,1765336347,0.316112,0.000333,0.000000,0.000000,0.000000,0.000000,0.000000,0.344366
140.977687,1765336656.251015,1765336347,0.316112,0.000333,0.000000,0.000000,0.000000,0.000000,0.000000,0.344366
140.997697,1765336656.271026,1765336347,0.316112,0.000333,0.000000,0.000000,0.000000,0.000000,0.000000,0.000000
141.017729,1765336656.291059,1765336347,0.316112,0.000333,0.000000,0.000000,0.000000,0.000000,0.000000,0.344366
141.037628,1765336656.310913,1765336347,0.316112,0.000333,0.000000,0.000000,0.000000,0.000000,0.000000,-0.344366
141.057622,1765336656.330901,1765336347,0.316112,0.000333,0.000000,0.000000,0.000000,0.000000,0.000000,0.344366
141.077625,1765336656.350905,1765336347,0.316112,0.000333,0.000000,0.000000,0.000000,0.000000,0.000000,-0.344366
141.097669,1765336656.370970,1765336347,0.316112,0.000333,0.000000,0.000000,0.000000,0.000000,0.000000,-0.344366
141.117624,1765336656.390901,1765336347,0.316112,0.000333,0.000000,0.000000,0.000000,0.000000,0.000000,-0.344366
141.137650,1765336656.410936,1765336347,0.316112,0.000333,0.000000,0.000000,0.000000,0.000000,0.000000,0.344366
141.157673,1765336656.430970,1765336347,0.316112,0.000333,0.000000,0.000000,0.000000,0.000000,0.000000,0.344366
141.177704,1765336656.451015,1765336347,0.316112,0.000333,0.000000,0.000000,0.000000,0.000000,0.000000,-1.033098
141.197732,1765336656.471053,1765336347,0.316112,0.000333,0.000000,0.000000,0.000000,0.000000,-0.688732,0.000000
141.217758,1765336656.491087,1765336347,0.316112,0.000333,0.000000,0.000000,0.000000,0.000000,0.000000,0.000000
141.237768,1765336656.511097,1765336347,0.316112,0.000333,0.000000,0.000000,0.000000,0.000000,0.000000,0.000000
141.257777,1765336656.531104,1765336347,0.316112,0.000333,0.000000,0.000000,0.000000,0.000000,0.000000,0.344366
141.277692,1765336656.550971,1765336347,0.316112,0.000333,0.000000,0.000000,0.000000,0.000000,0.000000,0.000000
141.297737,1765336656.571041,1765336347,0.316112,0.000333,0.000000,0.000000,0.000000,0.000000,0.000000,-0.344366
141.317763,1765336656.591079,1765336347,0.316112,0.000333,0.000000,0.000000,0.000000,0.000000,0.000000,0.000000
141.337783,1765336656.611104,1765336347,0.316112,0.000333,0.000000,0.000000,0.000000,0.000000,0.000000,-0.344366
141.357724,1765336656.631011,1765336347,0.316112,0.000333,0.000000,0.000000,0.000000,0.000000,0.000000,-0.344366
141.377718,1765336656.651001,1765336347,0.316112,0.000333,0.000000,0.000000,0.000000,0.000000,0.000000,-0.344366
141.397747,1765336656.671045,1765336347,0.316112,0.000333,0.000000,0.000000,0.000000,0.000000,0.000000,-0.344366
141.417779,1765336656.691091,1765336347,0.316112,0.000333,0.000000,0.000000,0.000000,0.000000,0.000000,-0.344366
141.437785,1765336656.711096,1765336347,0.316112,0.000333,0.000000,0.000000,0.000000,0.000000,0.000000,-0.344366
141.457757,1765336656.731061,1765336347,0.316112,0.000333,0.000000,0.000000,0.000000,0.000000,0.000000,0.000000
141.477766,1765336656.751060,1765336347,0.316112,0.000333,0.000000,0.000000,0.000000,0.000000,0.000000,-0.344366
141.497762,1765336656.771049,1765336347,0.316112,0.000333,0.000000,0.000000,0.000000,0.000000,0.000000,-0.344366
141.517779,1765336656.791076,1765336347,0.316112,0.000333,0.000000,0.000000,0.000000,0.000000,0.000000,0.344366
141.537850,1765336656.811174,1765336347,0.316112,0.000333,0.000000,0.000000,0.000000,0.000000,0.000000,0.344366
141.557867,1765336656.831203,1765336347,0.316112,0.000333,0.000000,0.000000,0.000000,0.000000,0.000000,-0.344366
141.577873,1765336656.851202,1765336347,0.316112,0.000333,0.000000,0.000000,0.000000,0.000000,0.000000,0.344366
141.597846,1765336656.871156,1765336347,0.316112,0.000333,0.000000,0.000000,0.000000,0.000000,0.000000,0.000000
141.617866,1765336656.891187,1765336347,0.316112,0.000333,0.000000,0.000000,0.000000,0.000000,0.000000,0.344366
141.637863,1765336656.911178,1765336347,0.316112,0.000333,0.000000,0.000000,0.000000,0.000000,0.000000,0.344366
141.657871,1765336656.931186,1765336347,0.316112,0.000333,0.000000,0.000000,0.000000,0.000000,0.000000,0.000000
141.677889,1765336656.951210,1765336347,0.316112,0.000333,0.000000,0.000000,0.000000,0.000000,0.000000,0.344366
141.697897,1765336656.971218,1765336347,0.316112,0.000333,0.000000,0.000000,0.000000,0.000000,0.000000,0.344366
141.717905,1765336656.991226,1765336347,0.316112,0.000333,0.000000,0.000000,0.000000,0.000000,0.000000,-0.344366
141.737913,1765336657.011234,1765336347,0.316112,0.000333,0.000000,0.000000,0.000000,0.000000,-0.344366,-0.344366
141.757923,1765336657.031243,1765336347,0.316112,0.000333,0.000000,0.000000,0.000000,0.000000,0.000000,0.000000
141.777902,1765336657.051209,1765336347,0.316112,0.000333,0.000000,0.000000,0.000000,0.000000,0.000000,0.344366
141.797947,1765336657.071271,1765336347,0.316112,0.000333,0.000000,0.000000,0.000000,0.000000,0.000000,0.344366
141.817903,1765336657.091205,1765336347,0.316112,0.000333,0.000000,0.000000,0.000000,0.000000,0.000000,-0.344366
141.837893,1765336657.111187,1765336347,0.316112,0.000333,0.000000,0.000000,0.000000,0.000000,0.000000,0.344366
141.857892,1765336657.131184,1765336347,0.316112,0.000333,0.000000,0.000000,0.000000,0.000000,0.000000,-0.344366
141.877893,1765336657.151182,1765336347,0.316112,0.000333,0.000000,0.000000,0.000000,0.000000,0.000000,0.000000
141.897880,1765336657.171160,1765336347,0.316112,0.000333,0.000000,0.000000,0.000000,0.000000,0.000000,0.000000
141.917885,1765336657.191168,1765336347,0.316112,0.000333,0.000000,0.000000,0.000000,0.000000,0.000000,-0.344366
141.937893,1765336657.211179,1765336347,0.316112,0.000333,0.000000,0.000000,0.000000,0.000000,0.000000,-0.344366
141.957896,1765336657.231182,1765336347,0.316112,0.000333,0.000000,0.000000,0.000000,0.000000,0.000000,0.000000
141.977906,1765336657.251196,1765336347,0.316112,0.000333,0.000000,0.000000,0.000000,0.000000,0.000000,0.000000
141.997942,1765336657.271249,1765336347,0.316112,0.000333,0.000000,0.000000,0.000000,0.000000,0.000000,0.344366
142.017992,1765336657.291354,1765336347,0.316112,0.000333,0.000000,0.000000,0.000000,0.000000,0.000000,0.344366
142.038002,1765336657.311366,1765336347,0.316112,0.000333,0.000000,0.000000,0.000000,0.000000,0.000000,-0.344366
142.058066,1765336657.331402,1765336347,0.316112,0.000333,0.000000,0.000000,0.000000,0.000000,-0.688732,-0.344366
142.077995,1765336657.351337,1765336347,0.316112,0.000333,0.000000,0.000000,0.000000,0.000000,0.000000,-0.344366
142.098033,1765336657.371357,1765336347,0.316112,0.000333,0.000000,0.000000,0.000000,0.000000,0.000000,-0.344366
142.118125,1765336657.391510,1765336347,0.316112,0.000333,0.000000,0.000000,0.000000,0.000000,0.000000,0.344366
142.137975,1765336657.411267,1765336347,0.316112,0.000333,0.000000,0.000000,0.000000,0.000000,0.000000,-0.344366
142.157964,1765336657.431250,1765336347,0.316112,0.000333,0.000000,0.000000,0.000000,0.000000,0.000000,0.344366
142.177971,1765336657.451258,1765336347,0.316112,0.000333,0.000000,0.000000,0.000000,0.000000,0.000000,0.344366
142.197979,1765336657.471263,1765336347,0.316112,0.000333,0.000000,0.000000,0.000000,0.000000,0.000000,0.000000
142.218004,1765336657.491313,1765336347,0.316112,0.000333,0.000000,0.000000,0.000000,0.000000,-0.688732,0.344366
142.238059,1765336657.511367,1765336347,0.316112,0.000333,0.000000,0.000000,0.000000,0.000000,0.000000,0.344366
142.258121,1765336657.531458,1765336347,0.316112,0.000333,0.000000,0.000000,0.000000,0.000000,0.000000,0.000000
142.278102,1765336657.551433,1765336347,0.316112,0.000333,0.000000,0.000000,0.000000,0.000000,0.000000,-1.033098
142.298044,1765336657.571347,1765336347,0.316112,0.000333,0.000000,0.000000,0.000000,0.000000,0.000000,0.000000
142.318058,1765336657.591357,1765336347,0.316112,0.000333,0.000000,0.000000,0.000000,0.000000,0.000000,0.344366
142.338088,1765336657.611398,1765336347,0.316112,0.000333,0.000000,0.000000,0.000000,0.000000,0.000000,0.000000
142.358098,1765336657.631409,1765336347,0.316112,0.000333,0.000000,0.000000,0.000000,0.000000,0.000000,-0.344366
142.378100,1765336657.651405,1765336347,0.316112,0.000333,0.000000,0.000000,0.000000,0.000000,0.000000,-0.344366
142.398075,1765336657.671364,1765336347,0.316112,0.000333,0.000000,0.000000,0.000000,0.000000,0.000000,-0.344366
142.418120,1765336657.691431,1765336347,0.316112,0.000333,0.000000,0.000000,0.000000,0.000000,0.000000,-0.344366
142.438165,1765336657.711493,1765336347,0.316112,0.000333,0.000000,0.000000,0.000000,0.000000,0.000000,-0.344366
142.458185,1765336657.731522,1765336347,0.316112,0.000333,0.000000,0.000000,0.000000,0.000000,0.000000,0.344366
142.478195,1765336657.751531,1765336347,0.316112,0.000333,0.000000,0.000000,0.000000,0.000000,0.000000,-0.344366
142.498204,1765336657.771540,1765336347,0.316112,0.000333,0.000000,0.000000,0.000000,0.000000,0.000000,0.000000
142.518214,1765336657.791550,1765336347,0.316112,0.000333,0.000000,0.000000,0.000000,0.000000,0.000000,-0.344366
142.538211,1765336657.811539,1765336347,0.316112,0.000333,0.000000,0.000000,0.000000,0.000000,0.000000,0.000000
142.558187,1765336657.831498,1765336347,0.316112,0.000333,0.000000,0.000000,0.000000,0.000000,0.000000,-0.344366
142.578211,1765336657.851523,1765336347,0.316112,0.000333,0.000000,0.000000,0.000000,0.000000,0.000000,0.344366
142.598209,1765336657.871525,1765336347,0.316112,0.000333,0.000000,0.000000,0.000000,0.000000,0.000000,0.344366
142.618239,1765336657.891566,1765336347,0.316112,0.000333,0.000000,0.000000,0.000000,0.000000,0.000000,-0.344366
142.638239,1765336657.911561,1765336347,0.316112,0.000333,0.000000,0.000000,0.000000,0.000000,0.000000,0.000000
142.658264,1765336657.931592,1765336347,0.316112,0.000333,0.000000,0.000000,0.000000,0.000000,0.000000,-0.344366
142.678244,1765336657.951560,1765336347,0.316112,0.000333,0.000000,0.000000,0.000000,0.000000,0.000000,0.000000
142.698252,1765336657.971567,1765336347,0.316112,0.000333,0.000000,0.000000,0.000000,0.000000,0.000000,-0.344366
142.718260,1765336657.991576,1765336347,0.316112,0.000333,0.000000,0.000000,0.000000,0.000000,0.000000,0.344366
142.738280,1765336658.011601,1765336347,0.316112,0.000333,0.000000,0.000000,0.000000,0.000000,0.000000,-0.344366
142.758276,1765336658.031592,1765336347,0.316112,0.000333,0.000000,0.000000,0.000000,0.000000,0.000000,-0.344366
142.778295,1765336658.051617,1765336347,0.316112,0.000333,0.000000,0.000000,0.000000,0.000000,0.000000,0.344366
142.798274,1765336658.071581,1765336347,0.316112,0.000333,0.000000,0.000000,0.000000,0.000000,0.000000,-0.344366
142.818362,1765336658.091673,1765336347,0.316112,0.000333,0.000000,0.000000,0.000000,0.000000,0.000000,0.000000
142.838428,1765336658.111759,1765336347,0.316112,0.000333,0.000000,0.000000,0.000000,0.000000,0.000000,0.000000
142.858386,1765336658.131701,1765336347,0.316112,0.000333,0.000000,0.000000,0.000000,0.000000,0.000000,0.000000
142.878432,1765336658.151768,1765336347,0.316112,0.000333,0.000000,0.000000,0.000000,0.000000,0.000000,0.000000
142.898347,1765336658.171642,1765336347,0.316112,0.000333,0.000000,0.000000,0.000000,0.000000,0.000000,-0.344366
142.918517,1765336658.191863,1765336347,0.316112,0.000333,0.000000,0.000000,0.000000,0.000000,0.000000,0.000000
142.938434,1765336658.211746,1765336347,0.316112,0.000333,0.000000,0.000000,0.000000,0.000000,0.000000,-0.344366
142.958557,1765336658.231916,1765336347,0.316112,0.000333,0.000000,0.000000,0.000000,0.000000,0.000000,-0.344366
142.978577,1765336658.251937,1765336347,0.316112,0.000333,0.000000,0.000000,0.000000,0.000000,0.000000,-0.344366
142.998543,1765336658.271880,1765336347,0.316112,0.000333,0.000000,0.000000,0.000000,0.000000,0.000000,0.344366
143.018438,1765336658.291713,1765336347,0.316112,0.000333,0.000000,0.000000,0.000000,0.000000,0.000000,0.344366
143.038438,1765336658.311713,1765336347,0.316112,0.000333,0.000000,0.000000,0.000000,0.000000,0.000000,-0.344366
143.058481,1765336658.331777,1765336347,0.316112,0.000333,0.000000,0.000000,0.000000,0.000000,0.000000,0.344366
143.078502,1765336658.351806,1765336347,0.316112,0.000333,0.000000,0.000000,0.000000,0.000000,0.000000,0.000000
143.098550,1765336658.371868,1765336347,0.316112,0.000333,0.000000,0.000000,0.000000,0.000000,0.000000,0.344366
143.118472,1765336658.391752,1765336347,0.316112,0.000333,0.000000,0.000000,0.000000,0.000000,0.000000,-0.344366
143.138519,1765336658.411823,1765336347,0.316112,0.000333,0.000000,0.000000,0.000000,0.000000,0.000000,0.000000
143.158531,1765336658.431839,1765336347,0.316112,0.000333,0.000000,0.000000,0.000000,0.000000,0.000000,0.344366
143.178491,1765336658.451772,1765336347,0.316112,0.000333,0.000000,0.000000,0.000000,0.000000,0.000000,0.688732
143.198480,1765336658.471757,1765336347,0.316112,0.000333,0.000000,0.000000,0.000000,0.000000,0.000000,0.000000
143.218479,1765336658.491755,1765336347,0.316112,0.000333,0.000000,0.000000,0.000000,0.000000,0.000000,-0.344366
143.238487,1765336658.511768,1765336347,0.316112,0.000333,0.000000,0.000000,0.000000,0.000000,0.000000,-0.344366
143.258494,1765336658.531780,1765336347,0.316112,0.000333,0.000000,0.000000,0.000000,0.000000,0.000000,0.344366
143.278606,1765336658.551941,1765336347,0.316112,0.000333,0.000000,0.000000,0.000000,0.000000,0.000000,0.000000
143.298633,1765336658.571979,1765336347,0.316112,0.000333,0.000000,0.000000,0.000000,0.000000,0.000000,0.344366
143.318614,1765336658.591942,1765336347,0.316112,0.000333,0.000000,0.000000,0.000000,0.000000,0.000000,-0.344366
143.338607,1765336658.611928,1765336347,0.316112,0.000333,0.000000,0.000000,0.000000,0.000000,0.000000,-0.344366
143.358635,1765336658.631958,1765336347,0.316112,0.000333,0.000000,0.000000,0.000000,0.000000,0.000000,-0.344366
143.378564,1765336658.651854,1765336347,0.316112,0.000333,0.000000,0.000000,0.000000,0.000000,0.000000,-1.033098
143.398556,1765336658.671840,1765336347,0.316112,0.000333,0.000000,0.000000,0.000000,0.000000,0.000000,0.344366
143.418558,1765336658.691843,1765336347,0.316112,0.000333,0.000000,0.000000,0.000000,0.000000,0.000000,0.344366
143.438554,1765336658.711836,1765336347,0.316112,0.000333,0.000000,0.000000,0.000000,0.000000,0.000000,0.344366
143.458590,1765336658.731887,1765336347,0.316112,0.000333,0.000000,0.000000,0.000000,0.000000,0.000000,-0.344366
143.478608,1765336658.751912,1765336347,0.316112,0.000333,0.000000,0.000000,0.000000,0.000000,0.000000,-0.344366
143.498628,1765336658.771939,1765336347,0.316112,0.000333,0.000000,0.000000,0.000000,0.000000,-0.688732,-0.344366
143.518724,1765336658.792083,1765336347,0.316112,0.000333,0.000000,0.000000,0.000000,0.000000,0.000000,0.344366
143.538738,1765336658.812098,1765336347,0.316112,0.000333,0.000000,0.000000,0.000000,0.000000,0.000000,0.344366
143.558702,1765336658.832031,1765336347,0.316112,0.000333,0.000000,0.000000,0.000000,0.000000,0.000000,0.000000
143.578600,1765336658.851875,1765336347,0.316112,0.000333,0.000000,0.000000,0.000000,0.000000,0.000000,0.344366
143.598602,1765336658.871878,1765336347,0.316112,0.000333,0.000000,0.000000,0.000000,0.000000,0.000000,0.344366
143.618656,1765336658.891952,1765336347,0.316112,0.000333,0.000000,0.000000,0.000000,0.000000,0.000000,0.344366
143.638672,1765336658.911979,1765336347,0.316112,0.000333,0.000000,0.000000,0.000000,0.000000,0.000000,-0.344366
143.658695,1765336658.932010,1765336347,0.316112,0.000333,0.000000,0.000000,0.000000,0.000000,0.000000,0.000000
143.678714,1765336658.952036,1765336347,0.316112,0.000333,0.000000,0.000000,0.000000,0.000000,0.000000,-0.344366
143.698724,1765336658.972044,1765336347,0.316112,0.000333,0.000000,0.000000,0.000000,0.000000,0.000000,0.344366
143.718749,1765336658.992079,1765336347,0.316112,0.000333,0.000000,0.000000,0.000000,0.000000,0.000000,0.344366
143.738759,1765336659.012087,1765336347,0.316112,0.000333,0.000000,0.000000,0.000000,0.000000,0.000000,0.344366
143.758769,1765336659.032099,1765336347,0.316112,0.000333,0.000000,0.000000,0.000000,0.000000,0.000000,0.344366
143.778780,1765336659.052109,1765336347,0.316112,0.000333,0.000000,0.000000,0.000000,0.000000,-0.688732,-0.344366
143.798790,1765336659.072119,1765336347,0.316112,0.000333,0.000000,0.000000,0.000000,0.000000,0.000000,-0.344366
143.818733,1765336659.092040,1765336347,0.316112,0.000333,0.000000,0.000000,0.000000,0.000000,0.000000,-0.344366
143.838793,1765336659.112114,1765336347,0.316112,0.000333,0.000000,0.000000,0.000000,0.000000,0.000000,-0.344366
143.858818,1765336659.132147,1765336347,0.316112,0.000333,0.000000,0.000000,0.000000,0.000000,0.000000,0.000000
143.878851,1765336659.152182,1765336347,0.316112,0.000333,0.000000,0.000000,0.000000,0.000000,0.000000,0.000000
143.898837,1765336659.172165,1765336347,0.316112,0.000333,0.000000,0.000000,0.000000,0.000000,0.000000,-0.344366
143.918846,1765336659.192174,1765336347,0.316112,0.000333,0.000000,0.000000,0.000000,0.000000,0.000000,0.344366
143.938856,1765336659.212184,1765336347,0.316112,0.000333,0.000000,0.000000,0.000000,0.000000,0.000000,0.000000
143.958867,1765336659.232196,1765336347,0.316112,0.000333,0.000000,0.000000,0.000000,0.000000,0.000000,0.344366
143.978876,1765336659.252199,1765336347,0.316112,0.000333,0.000000,0.000000,0.000000,0.000000,0.000000,-0.344366
143.998885,1765336659.272213,1765336347,0.316112,0.000333,0.000000,0.000000,0.000000,0.000000,0.000000,-0.344366
144.018897,1765336659.292225,1765336347,0.316112,0.000333,0.000000,0.000000,0.000000,0.000000,0.000000,0.000000
144.038906,1765336659.312234,1765336347,0.316112,0.000333,0.000000,0.000000,0.000000,0.000000,0.000000,0.344366
144.058927,1765336659.332264,1765336347,0.316112,0.000333,0.000000,0.000000,0.000000,0.000000,0.000000,0.344366
144.078916,1765336659.352250,1765336347,0.316112,0.000333,0.000000,0.000000,0.000000,0.000000,-0.688732,0.000000
144.098968,1765336659.372383,1765336347,0.316112,0.000333,0.000000,0.000000,0.000000,0.000000,-0.344366,0.000000
144.118899,1765336659.392236,1765336347,0.316112,0.000333,0.000000,0.000000,0.000000,0.000000,0.000000,-0.344366
144.138872,1765336659.412159,1765336347,0.316112,0.000333,0.000000,0.000000,0.000000,0.000000,0.000000,-0.344366
144.158881,1765336659.432176,1765336347,0.316112,0.000333,0.000000,0.000000,0.000000,0.000000,0.000000,0.344366
144.178896,1765336659.452197,1765336347,0.316112,0.000333,0.000000,0.000000,0.000000,0.000000,0.000000,0.000000
144.198929,1765336659.472245,1765336347,0.316112,0.000333,0.000000,0.000000,0.000000,0.000000,0.000000,-0.344366
144.218947,1765336659.492267,1765336347,0.316112,0.000333,0.000000,0.000000,0.000000,0.000000,0.000000,-0.344366
144.238883,1765336659.512173,1765336347,0.316112,0.000333,0.000000,0.000000,0.000000,0.000000,0.000000,-0.344366
144.258905,1765336659.532200,1765336347,0.316112,0.000333,0.000000,0.000000,0.000000,0.000000,0.000000,0.344366
144.278909,1765336659.552203,1765336347,0.316112,0.000333,0.000000,0.000000,0.000000,0.000000,0.000000,0.344366
144.298934,1765336659.572234,1765336347,0.316112,0.000333,0.000000,0.000000,0.000000,0.000000,0.000000,-0.344366
144.318939,1765336659.592240,1765336347,0.316112,0.000333,0.000000,0.000000,0.000000,0.000000,0.000000,-0.344366
144.339104,1765336659.612466,1765336347,0.316112,0.000333,0.000000,0.000000,0.000000,0.000000,0.000000,0.000000
144.359080,1765336659.632419,1765336347,0.316112,0.000333,0.000000,0.000000,0.000000,0.000000,0.000000,0.344366
144.378962,1765336659.652258,1765336347,0.316112,0.000333,0.000000,0.000000,0.000000,0.000000,-0.688732,-0.344366
144.399008,1765336659.672322,1765336347,0.316112,0.000333,0.000000,0.000000,0.000000,0.000000,0.000000,0.344366
144.418981,1765336659.692294,1765336347,0.316112,0.000333,0.000000,0.000000,0.000000,0.000000,0.000000,0.344366
144.439009,1765336659.712319,1765336347,0.316112,0.000333,0.000000,0.000000,0.000000,0.000000,0.000000,-0.344366
144.458989,1765336659.732302,1765336347,0.316112,0.000333,0.000000,0.000000,0.000000,0.000000,0.000000,0.344366
144.479124,1765336659.752470,1765336347,0.316112,0.000333,0.000000,0.000000,0.000000,0.000000,0.000000,0.000000
144.499135,1765336659.772472,1765336347,0.316112,0.000333,0.000000,0.000000,0.000000,0.000000,0.000000,-0.344366
144.519095,1765336659.792416,1765336347,0.316112,0.000333,0.000000,0.000000,0.000000,0.000000,0.000000,0.000000
144.539088,1765336659.812403,1765336347,0.316112,0.000333,0.000000,0.000000,0.000000,0.000000,0.000000,-0.344366
144.559047,1765336659.832348,1765336347,0.316112,0.000333,0.000000,0.000000,0.000000,0.000000,0.000000,-0.344366
144.579048,1765336659.852344,1765336347,0.316112,0.000333,0.000000,0.000000,0.000000,0.000000,0.000000,0.000000
144.599046,1765336659.872343,1765336347,0.316112,0.000333,0.000000,0.000000,0.000000,0.000000,0.000000,0.000000
144.619069,1765336659.892369,1765336347,0.316112,0.000333,0.000000,0.000000,0.000000,0.000000,0.000000,-0.344366
144.639076,1765336659.912375,1765336347,0.316112,0.000333,0.000000,0.000000,0.000000,0.000000,0.000000,0.000000
144.659102,1765336659.932408,1765336347,0.316112,0.000333,0.000000,0.000000,0.000000,0.000000,0.000000,0.344366
144.679221,1765336659.952581,1765336347,0.316112,0.000333,0.000000,0.000000,0.000000,0.000000,0.000000,0.344366
144.699087,1765336659.972369,1765336347,0.316112,0.000333,0.000000,0.000000,0.000000,0.000000,0.000000,0.344366
144.719074,1765336659.992351,1765336347,0.316112,0.000333,0.000000,0.000000,0.000000,0.000000,0.000000,-0.344366
144.739076,1765336660.012353,1765336347,0.316112,0.000333,0.000000,0.000000,0.000000,0.000000,0.000000,0.344366
144.759081,1765336660.032362,1765336347,0.316112,0.000333,0.000000,0.000000,0.000000,0.000000,0.000000,0.344366
144.779119,1765336660.052414,1765336347,0.316112,0.000333,0.000000,0.000000,0.000000,0.000000,0.000000,0.344366
144.799139,1765336660.072443,1765336347,0.316112,0.000333,0.000000,0.000000,0.000000,0.000000,0.000000,0.344366
144.819111,1765336660.092407,1765336347,0.316112,0.000333,0.000000,0.000000,0.000000,0.000000,0.000000,0.000000
144.839392,1765336660.112752,1765336347,0.316112,0.000333,0.000000,0.000000,0.000000,0.000000,0.000000,-0.344366
144.859406,1765336660.132766,1765336347,0.316112,0.000333,0.000000,0.000000,0.000000,0.000000,0.000000,0.344366
144.879379,1765336660.152715,1765336347,0.316112,0.000333,0.000000,0.000000,0.000000,0.000000,0.000000,0.000000
144.899350,1765336660.172665,1765336347,0.316112,0.000333,0.000000,0.000000,0.000000,0.000000,0.000000,-0.344366
144.919390,1765336660.192714,1765336347,0.316112,0.000333,0.000000,0.000000,0.000000,0.000000,0.000000,-0.344366
144.939364,1765336660.212679,1765336347,0.316112,0.000333,0.000000,0.000000,0.000000,0.000000,0.000000,0.000000
144.959382,1765336660.232703,1765336347,0.316112,0.000333,0.000000,0.000000,0.000000,0.000000,0.000000,-1.033098
144.979351,1765336660.252652,1765336347,0.316112,0.000333,0.000000,0.000000,0.000000,0.000000,0.000000,0.344366
144.999363,1765336660.272667,1765336347,0.316112,0.000333,0.000000,0.000000,0.000000,0.000000,0.000000,0.344366
145.019353,1765336660.292650,1765336347,0.316112,0.000333,0.000000,0.000000,0.000000,0.000000,0.000000,0.344366
145.039372,1765336660.312676,1765336347,0.316112,0.000333,0.000000,0.000000,0.000000,0.000000,0.000000,0.344366
145.059390,1765336660.332702,1765336347,0.316112,0.000333,0.000000,0.000000,0.000000,0.000000,0.000000,0.000000
145.079407,1765336660.352723,1765336347,0.316112,0.000333,0.000000,0.000000,0.000000,0.000000,0.000000,-0.344366
145.099443,1765336660.372771,1765336347,0.316112,0.000333,0.000000,0.000000,0.000000,0.000000,0.000000,-0.344366
145.119349,1765336660.392626,1765336347,0.316112,0.000333,0.000000,0.000000,0.000000,0.000000,0.000000,-0.344366
145.139390,1765336660.412686,1765336347,0.316112,0.000333,0.000000,0.000000,0.000000,0.000000,0.000000,0.344366
145.159417,1765336660.432724,1765336347,0.316112,0.000333,0.000000,0.000000,0.000000,0.000000,0.000000,0.344366
145.179504,1765336660.452843,1765336347,0.316112,0.000333,0.000000,0.000000,0.000000,0.000000,0.000000,-1.033098
145.199391,1765336660.472676,1765336347,0.316112,0.000333,0.000000,0.000000,0.000000,0.000000,0.000000,0.344366
145.219478,1765336660.492806,1765336347,0.316112,0.000333,0.000000,0.000000,0.000000,0.000000,0.000000,0.000000
145.239499,1765336660.512834,1765336347,0.316112,0.000333,0.000000,0.000000,0.000000,0.000000,0.000000,0.000000
145.259549,1765336660.532909,1765336347,0.316112,0.000333,0.000000,0.000000,0.000000,0.000000,0.000000,-0.344366
145.279562,1765336660.552922,1765336347,0.316112,0.000333,0.000000,0.000000,0.000000,0.000000,0.000000,0.344366
145.299552,1765336660.572897,1765336347,0.316112,0.000333,0.000000,0.000000,0.000000,0.000000,0.000000,0.344366
145.319544,1765336660.592872,1765336347,0.316112,0.000333,0.000000,0.000000,0.000000,0.000000,0.000000,0.000000
145.339556,1765336660.612892,1765336347,0.316112,0.000333,0.000000,0.000000,0.000000,0.000000,0.000000,0.344366
145.359653,1765336660.633057,1765336347,0.316112,0.000333,0.000000,0.000000,0.000000,0.000000,0.000000,0.000000
145.379598,1765336660.652944,1765336347,0.316112,0.000333,0.000000,0.000000,0.000000,0.000000,0.000000,0.344366
145.399544,1765336660.672854,1765336347,0.316112,0.000333,0.000000,0.000000,0.000000,0.000000,0.000000,0.344366
145.419550,1765336660.692860,1765336347,0.316112,0.000333,0.000000,0.000000,0.000000,0.000000,0.000000,-0.344366
145.439543,1765336660.712845,1765336347,0.316112,0.000333,0.000000,0.000000,0.000000,0.000000,0.000000,-0.344366
145.459610,1765336660.732946,1765336347,0.316112,0.000333,0.000000,0.000000,0.000000,0.000000,0.000000,-0.344366
145.479572,1765336660.752883,1765336347,0.316112,0.000333,0.000000,0.000000,0.000000,0.000000,0.000000,0.344366
145.499573,1765336660.772874,1765336347,0.316112,0.000333,0.000000,0.000000,0.000000,0.000000,0.000000,-0.344366
145.519587,1765336660.792892,1765336347,0.316112,0.000333,0.000000,0.000000,0.000000,0.000000,0.000000,0.344366
145.539580,1765336660.812877,1765336347,0.316112,0.000333,0.000000,0.000000,0.000000,0.000000,0.000000,-0.344366
145.559577,1765336660.832870,1765336347,0.316112,0.000333,0.000000,0.000000,0.000000,0.000000,0.000000,0.344366
145.579599,1765336660.852905,1765336347,0.316112,0.000333,0.000000,0.000000,0.000000,0.000000,0.000000,-0.344366
145.599593,1765336660.872891,1765336347,0.316112,0.000333,0.000000,0.000000,0.000000,0.000000,0.000000,0.000000
145.619604,1765336660.892903,1765336347,0.316112,0.000333,0.000000,0.000000,0.000000,0.000000,0.000000,-0.344366
145.639606,1765336660.912902,1765336347,0.316112,0.000333,0.000000,0.000000,0.000000,0.000000,0.000000,0.344366
145.659604,1765336660.932892,1765336347,0.316112,0.000333,0.000000,0.000000,0.000000,0.000000,0.000000,-0.344366
145.679586,1765336660.952862,1765336347,0.316112,0.000333,0.000000,0.000000,0.000000,0.000000,0.000000,0.000000
145.699614,1765336660.972898,1765336347,0.316112,0.000333,0.000000,0.000000,0.000000,0.000000,0.000000,0.344366
145.719595,1765336660.992873,1765336347,0.316112,0.000333,0.000000,0.000000,0.000000,0.000000,0.000000,0.344366
145.739622,1765336661.012912,1765336347,0.316112,0.000333,0.000000,0.000000,0.000000,0.000000,0.000000,-0.344366
145.759633,1765336661.032927,1765336347,0.316112,0.000333,0.000000,0.000000,0.000000,0.000000,0.000000,0.344366
145.779637,1765336661.052931,1765336347,0.316112,0.000333,0.000000,0.000000,0.000000,0.000000,0.000000,-0.344366
145.799601,1765336661.072878,1765336347,0.316112,0.000333,0.000000,0.000000,0.000000,0.000000,0.000000,0.000000
145.819639,1765336661.092932,1765336347,0.316112,0.000333,0.000000,0.000000,0.000000,0.000000,0.000000,0.344366
145.839636,1765336661.112926,1765336347,0.316112,0.000333,0.000000,0.000000,0.000000,0.000000,0.000000,0.344366
145.859619,1765336661.132900,1765336347,0.316112,0.000333,0.000000,0.000000,0.000000,0.000000,0.000000,0.000000
145.879664,1765336661.152965,1765336347,0.316112,0.000333,0.000000,0.000000,0.000000,0.000000,0.000000,-0.344366
145.899658,1765336661.172952,1765336347,0.316112,0.000333,0.000000,0.000000,0.000000,0.000000,0.000000,0.000000
145.919681,1765336661.192985,1765336347,0.316112,0.000333,0.000000,0.000000,0.000000,0.000000,0.000000,0.344366
145.939643,1765336661.212932,1765336347,0.316112,0.000333,0.000000,0.000000,0.000000,0.000000,0.000000,0.344366
145.959709,1765336661.233007,1765336347,0.316112,0.000333,0.000000,0.000000,0.000000,0.000000,0.000000,0.000000
145.979649,1765336661.252937,1765336347,0.316112,0.000333,0.000000,0.000000,0.000000,0.000000,0.000000,-0.344366
145.999662,1765336661.272956,1765336347,0.316112,0.000333,0.000000,0.000000,0.000000,0.000000,0.000000,0.344366
146.019663,1765336661.292953,1765336347,0.316112,0.000333,0.000000,0.000000,0.000000,0.000000,0.000000,-0.344366
146.039669,1765336661.312961,1765336347,0.316112,0.000333,0.000000,0.000000,0.000000,0.000000,0.000000,0.000000
146.059684,1765336661.332977,1765336347,0.316112,0.000333,0.000000,0.000000,0.000000,0.000000,0.000000,0.344366
146.079676,1765336661.352961,1765336347,0.316112,0.000333,0.000000,0.000000,0.000000,0.000000,0.000000,0.000000
146.099668,1765336661.372949,1765336347,0.316112,0.000333,0.000000,0.000000,0.000000,0.000000,0.000000,0.344366
146.119708,1765336661.393018,1765336347,0.316112,0.000333,0.000000,0.000000,0.000000,0.000000,0.000000,0.344366
146.139666,1765336661.412942,1765336347,0.316112,0.000333,0.000000,0.000000,0.000000,0.000000,0.000000,-0.344366
146.159670,1765336661.432948,1765336347,0.316112,0.000333,0.000000,0.000000,0.000000,0.000000,0.000000,-0.344366
146.179675,1765336661.452955,1765336347,0.316112,0.000333,0.000000,0.000000,0.000000,0.000000,0.000000,0.344366
146.199689,1765336661.472981,1765336347,0.316112,0.000333,0.000000,0.000000,0.000000,0.000000,0.000000,0.000000
146.219727,1765336661.493021,1765336347,0.316112,0.000333,0.000000,0.000000,0.000000,0.000000,0.000000,-0.344366
146.239704,1765336661.512990,1765336347,0.316112,0.000333,0.000000,0.000000,0.000000,0.000000,0.000000,-0.344366
146.259743,1765336661.533180,1765336347,0.316112,0.000333,0.000000,0.000000,0.000000,0.000000,0.000000,-0.344366
146.279721,1765336661.553008,1765336347,0.316112,0.000333,0.000000,0.000000,0.000000,0.000000,0.000000,0.000000
146.299697,1765336661.572972,1765336347,0.316112,0.000333,0.000000,0.000000,0.000000,0.000000,0.000000,0.000000
146.319702,1765336661.592980,1765336347,0.316112,0.000333,0.000000,0.000000,0.000000,0.000000,0.000000,0.344366
146.339710,1765336661.612991,1765336347,0.316112,0.000333,0.000000,0.000000,0.000000,0.000000,0.000000,0.344366
146.359731,1765336661.633019,1765336347,0.316112,0.000333,0.000000,0.000000,0.000000,0.000000,0.000000,0.000000
146.379762,1765336661.653065,1765336347,0.316112,0.000333,0.000000,0.000000,0.000000,0.000000,0.000000,-0.344366
146.399742,1765336661.673034,1765336347,0.316112,0.000333,0.000000,0.000000,0.000000,0.000000,0.000000,-0.344366
146.419751,1765336661.693043,1765336347,0.316112,0.000333,0.000000,0.000000,0.000000,0.000000,0.000000,0.344366
146.439762,1765336661.713058,1765336347,0.316112,0.000333,0.000000,0.000000,0.000000,0.000000,0.000000,0.000000
146.459767,1765336661.733054,1765336347,0.316112,0.000333,0.000000,0.000000,0.000000,0.000000,0.000000,0.000000
146.479793,1765336661.753086,1765336347,0.316112,0.000333,0.000000,0.000000,0.000000,0.000000,0.000000,-0.344366
146.499787,1765336661.773084,1765336347,0.316112,0.000333,0.000000,0.000000,0.000000,0.000000,-0.688732,-0.344366
146.519797,1765336661.793098,1765336347,0.316112,0.000333,0.000000,0.000000,0.000000,0.000000,0.000000,0.000000
146.539804,1765336661.813104,1765336347,0.316112,0.000333,0.000000,0.000000,0.000000,0.000000,0.000000,0.344366
146.559817,1765336661.833122,1765336347,0.316112,0.000333,0.000000,0.000000,0.000000,0.000000,0.000000,0.000000
146.579825,1765336661.853129,1765336347,0.316112,0.000333,0.000000,0.000000,0.000000,0.000000,0.000000,0.344366
146.599834,1765336661.873138,1765336347,0.316112,0.000333,0.000000,0.000000,0.000000,0.000000,0.000000,0.000000
146.619860,1765336661.893165,1765336347,0.316112,0.000333,0.000000,0.000000,0.000000,0.000000,0.000000,0.344366
146.639869,1765336661.913174,1765336347,0.316112,0.000333,0.000000,0.000000,0.000000,0.000000,0.000000,0.000000
146.660003,1765336661.933395,1765336347,0.316112,0.000333,0.000000,0.000000,0.000000,0.000000,0.000000,0.344366
146.679992,1765336661.953366,1765336347,0.316112,0.000333,0.000000,0.000000,0.000000,0.000000,0.000000,0.000000
146.699932,1765336661.973245,1765336347,0.316112,0.000333,0.000000,0.000000,0.000000,0.000000,0.000000,-0.344366
146.719906,1765336661.993224,1765336347,0.316112,0.000333,0.000000,0.000000,0.000000,0.000000,0.000000,0.000000
146.739974,1765336662.013311,1765336347,0.316112,0.000333,0.000000,0.000000,0.000000,0.000000,0.000000,-0.344366
146.759979,1765336662.033330,1765336347,0.316112,0.000333,0.000000,0.000000,0.000000,0.000000,0.000000,0.000000
146.779987,1765336662.053311,1765336347,0.316112,0.000333,0.000000,0.000000,0.000000,0.000000,0.000000,-0.344366
146.799985,1765336662.073308,1765336347,0.316112,0.000333,0.000000,0.000000,0.000000,0.000000,0.000000,0.344366
146.819992,1765336662.093317,1765336347,0.316112,0.000333,0.000000,0.000000,0.000000,0.000000,0.000000,0.000000
146.839991,1765336662.113309,1765336347,0.316112,0.000333,0.000000,0.000000,0.000000,0.000000,0.000000,0.344366
146.860003,1765336662.133321,1765336347,0.316112,0.000333,0.000000,0.000000,0.000000,0.000000,0.000000,-0.344366
146.880159,1765336662.153520,1765336347,0.316112,0.000333,0.000000,0.000000,0.000000,0.000000,0.000000,0.000000
146.900189,1765336662.173551,1765336347,0.316112,0.000333,0.000000,0.000000,0.000000,0.000000,0.000000,0.000000
146.920169,1765336662.193509,1765336347,0.316112,0.000333,0.000000,0.000000,0.000000,0.000000,0.000000,-0.344366
146.940158,1765336662.213493,1765336347,0.316112,0.000333,0.000000,0.000000,0.000000,0.000000,0.000000,0.000000
146.960129,1765336662.233443,1765336347,0.316112,0.000333,0.000000,0.000000,0.000000,0.000000,0.000000,-0.344366
146.980147,1765336662.253469,1765336347,0.316112,0.000333,0.000000,0.000000,0.000000,0.000000,0.000000,-0.344366
147.000196,1765336662.273527,1765336347,0.316112,0.000333,0.000000,0.000000,0.000000,0.000000,0.000000,0.000000
147.020180,1765336662.293508,1765336347,0.316112,0.000333,0.000000,0.000000,0.000000,0.000000,0.000000,0.344366
147.040201,1765336662.313536,1765336347,0.316112,0.000333,0.000000,0.000000,0.000000,0.000000,0.000000,0.000000
147.060142,1765336662.333461,1765336347,0.316112,0.000333,0.000000,0.000000,0.000000,0.000000,0.000000,0.000000
147.080262,1765336662.353621,1765336347,0.316112,0.000333,0.000000,0.000000,0.000000,0.000000,0.000000,0.000000
147.100275,1765336662.373635,1765336347,0.316112,0.000333,0.000000,0.000000,0.000000,0.000000,0.000000,0.344366
147.120213,1765336662.393559,1765336347,0.316112,0.000333,0.000000,0.000000,0.000000,0.000000,0.000000,0.000000
147.140160,1765336662.413448,1765336347,0.316112,0.000333,0.000000,0.000000,0.000000,0.000000,0.000000,-0.344366
147.160195,1765336662.433500,1765336347,0.316112,0.000333,0.000000,0.000000,0.000000,0.000000,0.000000,-0.344366
147.180224,1765336662.453539,1765336347,0.316112,0.000333,0.000000,0.000000,0.000000,0.000000,0.000000,0.344366
147.200232,1765336662.473547,1765336347,0.316112,0.000333,0.000000,0.000000,0.000000,0.000000,0.000000,0.000000
147.220267,1765336662.493595,1765336347,0.316112,0.000333,0.000000,0.000000,0.000000,0.000000,0.000000,-0.344366
147.240278,1765336662.513607,1765336347,0.316112,0.000333,0.000000,0.000000,0.000000,0.000000,0.000000,-0.344366
147.260314,1765336662.533644,1765336347,0.316112,0.000333,0.000000,0.000000,0.000000,0.000000,0.000000,-0.344366
147.280283,1765336662.553603,1765336347,0.316112,0.000333,0.000000,0.000000,0.000000,0.000000,0.000000,0.344366
147.300252,1765336662.573573,1765336347,0.316112,0.000333,0.000000,0.000000,0.000000,0.000000,0.000000,0.344366
147.320369,1765336662.593729,1765336347,0.316112,0.000333,0.000000,0.000000,0.000000,0.000000,0.000000,0.000000
147.340382,1765336662.613742,1765336347,0.316112,0.000333,0.000000,0.000000,0.000000,0.000000,0.000000,-0.344366
147.360372,1765336662.633718,1765336347,0.316112,0.000333,0.000000,0.000000,0.000000,0.000000,0.000000,0.000000
147.380366,1765336662.653702,1765336347,0.316112,0.000333,0.000000,0.000000,0.000000,0.000000,0.000000,0.000000
147.400415,1765336662.673775,1765336347,0.316112,0.000333,0.000000,0.000000,0.000000,0.000000,0.000000,-0.344366
147.420428,1765336662.693789,1765336347,0.316112,0.000333,0.000000,0.000000,0.000000,0.000000,0.000000,0.344366
147.440419,1765336662.713765,1765336347,0.316112,0.000333,0.000000,0.000000,0.000000,0.000000,0.000000,0.344366
147.460352,1765336662.733675,1765336347,0.316112,0.000333,0.000000,0.000000,0.000000,0.000000,0.000000,0.344366
147.480355,1765336662.753675,1765336347,0.316112,0.000333,0.000000,0.000000,0.000000,0.000000,0.000000,-1.033098
147.500474,1765336662.773834,1765336347,0.316112,0.000333,0.000000,0.000000,0.000000,0.000000,0.000000,0.344366
147.520437,1765336662.793761,1765336347,0.316112,0.000333,0.000000,0.000000,0.000000,0.000000,0.000000,0.344366
147.540452,1765336662.813788,1765336347,0.316112,0.000333,0.000000,0.000000,0.000000,0.000000,0.000000,-0.344366
147.560503,1765336662.833862,1765336347,0.316112,0.000333,0.000000,0.000000,0.000000,0.000000,0.000000,0.344366
147.580516,1765336662.853875,1765336347,0.316112,0.000333,0.000000,0.000000,0.000000,0.000000,0.000000,-0.344366
147.600508,1765336662.873853,1765336347,0.316112,0.000333,0.000000,0.000000,0.000000,0.000000,0.000000,-0.344366
147.620519,1765336662.893862,1765336347,0.316112,0.000333,0.000000,0.000000,0.000000,0.000000,0.000000,-0.344366
147.640515,1765336662.913851,1765336347,0.316112,0.000333,0.000000,0.000000,0.000000,0.000000,0.000000,-0.344366
147.660526,1765336662.933861,1765336347,0.316112,0.000333,0.000000,0.000000,0.000000,0.000000,0.000000,-0.344366
147.680537,1765336662.953873,1765336347,0.316112,0.000333,0.000000,0.000000,0.000000,0.000000,0.000000,0.344366
147.700547,1765336662.973882,1765336347,0.316112,0.000333,0.000000,0.000000,0.000000,0.000000,0.000000,0.344366
147.720559,1765336662.993895,1765336347,0.316112,0.000333,0.000000,0.000000,0.000000,0.000000,0.000000,-0.344366
147.740556,1765336663.013885,1765336347,0.316112,0.000333,0.000000,0.000000,0.000000,0.000000,0.000000,0.344366
147.760578,1765336663.033914,1765336347,0.316112,0.000333,0.000000,0.000000,0.000000,0.000000,0.000000,-0.344366
147.780617,1765336663.053956,1765336347,0.316112,0.000333,0.000000,0.000000,0.000000,0.000000,0.000000,0.000000
147.800600,1765336663.073935,1765336347,0.316112,0.000333,0.000000,0.000000,0.000000,0.000000,0.000000,0.000000
147.820611,1765336663.093947,1765336347,0.316112,0.000333,0.000000,0.000000,0.000000,0.000000,0.000000,0.344366
147.840621,1765336663.113956,1765336347,0.316112,0.000333,0.000000,0.000000,0.000000,0.000000,0.000000,0.000000
147.860633,1765336663.133969,1765336347,0.316112,0.000333,0.000000,0.000000,0.000000,0.000000,0.000000,-0.344366
147.880606,1765336663.153921,1765336347,0.316112,0.000333,0.000000,0.000000,0.000000,0.000000,0.000000,-0.344366
147.900624,1765336663.173945,1765336347,0.316112,0.000333,0.000000,0.000000,0.000000,0.000000,-0.688732,-0.344366
147.920648,1765336663.193977,1765336347,0.316112,0.000333,0.000000,0.000000,0.000000,0.000000,0.000000,0.000000
147.940657,1765336663.213985,1765336347,0.316112,0.000333,0.000000,0.000000,0.000000,0.000000,0.000000,0.000000
147.960669,1765336663.233997,1765336347,0.316112,0.000333,0.000000,0.000000,0.000000,0.000000,0.000000,0.000000
147.980690,1765336663.254026,1765336347,0.316112,0.000333,0.000000,0.000000,0.000000,0.000000,0.000000,0.344366
148.000702,1765336663.274038,1765336347,0.316112,0.000333,0.000000,0.000000,0.000000,0.000000,0.000000,0.344366
148.020712,1765336663.294048,1765336347,0.316112,0.000333,0.000000,0.000000,0.000000,0.000000,0.000000,0.000000
148.040748,1765336663.314087,1765336347,0.316112,0.000333,0.000000,0.000000,0.000000,0.000000,-0.688732,0.344366
148.060734,1765336663.334070,1765336347,0.316112,0.000333,0.000000,0.000000,0.000000,0.000000,0.000000,0.344366
148.080746,1765336663.354081,1765336347,0.316112,0.000333,0.000000,0.000000,0.000000,0.000000,0.000000,-0.344366
148.100756,1765336663.374092,1765336347,0.316112,0.000333,0.000000,0.000000,0.000000,0.000000,0.000000,-0.344366
148.120659,1765336663.393940,1765336347,0.316112,0.000333,0.000000,0.000000,0.000000,0.000000,0.000000,0.344366
148.140661,1765336663.413940,1765336347,0.316112,0.000333,0.000000,0.000000,0.000000,0.000000,0.000000,0.000000
148.160666,1765336663.433946,1765336347,0.316112,0.000333,0.000000,0.000000,0.000000,0.000000,0.000000,0.344366
148.180682,1765336663.453970,1765336347,0.316112,0.000333,0.000000,0.000000,0.000000,0.000000,-0.688732,0.000000
148.200702,1765336663.473999,1765336347,0.316112,0.000333,0.000000,0.000000,0.000000,0.000000,0.000000,-0.344366
148.220726,1765336663.494033,1765336347,0.316112,0.000333,0.000000,0.000000,0.000000,0.000000,0.000000,-0.344366
148.240760,1765336663.514080,1765336347,0.316112,0.000333,0.000000,0.000000,0.000000,0.000000,0.000000,0.000000
148.260768,1765336663.534089,1765336347,0.316112,0.000333,0.000000,0.000000,0.000000,0.000000,0.000000,-0.344366
148.280792,1765336663.554121,1765336347,0.316112,0.000333,0.000000,0.000000,0.000000,0.000000,0.000000,-0.344366
148.300830,1765336663.574161,1765336347,0.316112,0.000333,0.000000,0.000000,0.000000,0.000000,0.000000,-0.344366
148.320811,1765336663.594139,1765336347,0.316112,0.000333,0.000000,0.000000,0.000000,0.000000,0.000000,0.344366
148.340820,1765336663.614149,1765336347,0.316112,0.000333,0.000000,0.000000,0.000000,0.000000,-0.688732,0.344366
148.360829,1765336663.634158,1765336347,0.316112,0.000333,0.000000,0.000000,0.000000,0.000000,0.000000,0.000000
148.380839,1765336663.654168,1765336347,0.316112,0.000333,0.000000,0.000000,0.000000,0.000000,0.000000,0.344366
148.400848,1765336663.674177,1765336347,0.316112,0.000333,0.000000,0.000000,0.000000,0.000000,0.000000,0.000000
148.420858,1765336663.694186,1765336347,0.316112,0.000333,0.000000,0.000000,0.000000,0.000000,0.000000,-0.344366
148.440867,1765336663.714196,1765336347,0.316112,0.000333,0.000000,0.000000,0.000000,0.000000,0.000000,0.000000
148.460877,1765336663.734206,1765336347,0.316112,0.000333,0.000000,0.000000,0.000000,0.000000,0.000000,-0.344366
148.480886,1765336663.754215,1765336347,0.316112,0.000333,0.000000,0.000000,0.000000,0.000000,0.000000,-0.344366
148.500896,1765336663.774224,1765336347,0.316112,0.000333,0.000000,0.000000,0.000000,0.000000,0.000000,0.344366
148.520958,1765336663.794348,1765336347,0.316112,0.000333,0.000000,0.000000,0.000000,0.000000,0.000000,0.344366
148.540948,1765336663.814326,1765336347,0.316112,0.000333,0.000000,0.000000,0.000000,0.000000,0.000000,0.000000
148.560967,1765336663.834322,1765336347,0.316112,0.000333,0.000000,0.000000,0.000000,0.000000,0.000000,0.344366
148.580941,1765336663.854269,1765336347,0.316112,0.000333,0.000000,0.000000,0.000000,0.000000,0.000000,0.000000
148.600951,1765336663.874306,1765336347,0.316112,0.000333,0.000000,0.000000,0.000000,0.000000,1.033098,0.000000
148.620961,1765336663.894315,1765336347,0.316112,0.000333,0.000000,0.000000,0.000000,0.000000,0.000000,-0.344366
148.640971,1765336663.914324,1765336347,0.316112,0.000333,0.000000,0.000000,0.000000,0.000000,0.000000,0.000000
148.660940,1765336663.934265,1765336347,0.316112,0.000333,0.000000,0.000000,0.000000,0.000000,0.000000,0.344366
148.681058,1765336663.954407,1765336347,0.316112,0.000333,0.000000,0.000000,0.000000,0.000000,0.000000,-0.344366
148.701050,1765336663.974390,1765336347,0.316112,0.000333,0.000000,0.000000,0.000000,0.000000,0.000000,-0.344366
148.721041,1765336663.994373,1765336347,0.316112,0.000333,0.000000,0.000000,0.000000,0.000000,0.000000,0.344366
148.741052,1765336664.014384,1765336347,0.316112,0.000333,0.000000,0.000000,0.000000,0.000000,0.000000,0.000000
148.761059,1765336664.034392,1765336347,0.316112,0.000333,0.000000,0.000000,0.000000,0.000000,0.000000,0.000000
148.781045,1765336664.054369,1765336347,0.316112,0.000333,0.000000,0.000000,0.000000,0.000000,0.000000,0.000000
148.801052,1765336664.074375,1765336347,0.316112,0.000333,0.000000,0.000000,0.000000,0.000000,0.000000,-0.344366
148.821111,1765336664.094443,1765336347,0.316112,0.000333,0.000000,0.000000,0.000000,0.000000,0.000000,0.000000
148.841074,1765336664.114396,1765336347,0.316112,0.000333,0.000000,0.000000,0.000000,0.000000,0.000000,0.000000
148.861102,1765336664.134432,1765336347,0.316112,0.000333,0.000000,0.000000,0.000000,0.000000,0.000000,0.344366
148.881006,1765336664.154322,1765336347,0.316112,0.000333,0.000000,0.000000,0.000000,0.000000,0.000000,-0.344366
148.901116,1765336664.174446,1765336347,0.316112,0.000333,0.000000,0.000000,0.000000,0.000000,0.000000,0.344366
148.921121,1765336664.194447,1765336347,0.316112,0.000333,0.000000,0.000000,0.000000,0.000000,0.000000,0.000000
148.941117,1765336664.214440,1765336347,0.316112,0.000333,0.000000,0.000000,0.000000,0.000000,0.000000,-0.344366
148.961140,1765336664.234469,1765336347,0.316112,0.000333,0.000000,0.000000,0.000000,0.000000,0.000000,0.000000
148.981148,1765336664.254476,1765336347,0.316112,0.000333,0.000000,0.000000,0.000000,0.000000,0.000000,0.000000
149.001142,1765336664.274463,1765336347,0.316112,0.000333,0.000000,0.000000,0.000000,0.000000,0.000000,-0.344366
149.021166,1765336664.294494,1765336347,0.316112,0.000333,0.000000,0.000000,0.000000,0.000000,0.000000,0.344366
149.041174,1765336664.314503,1765336347,0.316112,0.000333,0.000000,0.000000,0.000000,0.000000,0.000000,-0.344366
149.061184,1765336664.334512,1765336347,0.316112,0.000333,0.000000,0.000000,0.000000,0.000000,0.000000,0.000000
149.081217,1765336664.354549,1765336347,0.316112,0.000333,0.000000,0.000000,0.000000,0.000000,0.000000,0.344366
149.101215,1765336664.374551,1765336347,0.316112,0.000333,0.000000,0.000000,0.000000,0.000000,0.000000,-0.344366
149.121110,1765336664.394387,1765336347,0.316112,0.000333,0.000000,0.000000,0.000000,0.000000,0.000000,-0.344366
149.141361,1765336664.414647,1765336347,0.316112,0.000333,0.000000,0.000000,0.000000,0.000000,0.000000,-0.344366
149.161388,1765336664.434687,1765336347,0.316112,0.000333,0.000000,0.000000,0.000000,0.000000,0.000000,-0.344366
149.181481,1765336664.454826,1765336347,0.316112,0.000333,0.000000,0.000000,0.000000,0.000000,0.000000,0.000000
149.201494,1765336664.474839,1765336347,0.316112,0.000333,0.000000,0.000000,0.000000,0.000000,0.000000,0.344366
149.221506,1765336664.494853,1765336347,0.316112,0.000333,0.000000,0.000000,0.000000,0.000000,0.000000,-0.344366
149.241500,1765336664.514835,1765336347,0.316112,0.000333,0.000000,0.000000,0.000000,0.000000,0.000000,0.000000
149.261512,1765336664.534847,1765336347,0.316112,0.000333,0.000000,0.000000,0.000000,0.000000,0.000000,0.000000
149.281538,1765336664.554883,1765336347,0.316112,0.000333,0.000000,0.000000,0.000000,0.000000,0.000000,0.000000
149.301550,1765336664.574896,1765336347,0.316112,0.000333,0.000000,0.000000,0.000000,0.000000,0.000000,0.000000
149.321546,1765336664.594881,1765336347,0.316112,0.000333,0.000000,0.000000,0.000000,0.000000,0.000000,-0.344366
149.341508,1765336664.614821,1765336347,0.316112,0.000333,0.000000,0.000000,0.000000,0.000000,0.000000,0.344366
149.361518,1765336664.634837,1765336347,0.316112,0.000333,0.000000,0.000000,0.000000,0.000000,0.000000,0.344366
149.381638,1765336664.654998,1765336347,0.316112,0.000333,0.000000,0.000000,0.000000,0.000000,0.000000,0.344366
149.401652,1765336664.675012,1765336347,0.316112,0.000333,0.000000,0.000000,0.000000,0.000000,0.000000,-0.344366
149.421644,1765336664.694989,1765336347,0.316112,0.000333,0.000000,0.000000,0.000000,0.000000,0.000000,0.000000
149.441637,1765336664.714972,1765336347,0.316112,0.000333,0.000000,0.000000,0.000000,0.000000,0.000000,0.000000
149.461634,1765336664.734962,1765336347,0.316112,0.000333,0.000000,0.000000,0.000000,0.000000,0.000000,0.344366
149.481644,1765336664.754972,1765336347,0.316112,0.000333,0.000000,0.000000,0.000000,0.000000,0.000000,-0.344366
149.501652,1765336664.774980,1765336347,0.316112,0.000333,0.000000,0.000000,0.000000,0.000000,0.000000,0.344366
149.521663,1765336664.794991,1765336347,0.316112,0.000333,0.000000,0.000000,0.000000,0.000000,0.000000,-0.344366
149.541673,1765336664.815000,1765336347,0.316112,0.000333,0.000000,0.000000,0.000000,0.000000,0.000000,-0.344366
149.561667,1765336664.834989,1765336347,0.316112,0.000333,0.000000,0.000000,0.000000,0.000000,0.000000,0.344366
149.581676,1765336664.854997,1765336347,0.316112,0.000333,0.000000,0.000000,0.000000,0.000000,0.000000,-0.344366
149.601704,1765336664.875028,1765336347,0.316112,0.000333,0.000000,0.000000,0.000000,0.000000,0.000000,0.000000
149.621761,1765336664.895121,1765336347,0.316112,0.000333,0.000000,0.000000,0.000000,0.000000,0.000000,0.000000
149.641774,1765336664.915134,1765336347,0.316112,0.000333,0.000000,0.000000,0.000000,0.000000,0.000000,0.000000
149.661765,1765336664.935111,1765336347,0.316112,0.000333,0.000000,0.000000,0.000000,0.000000,0.000000,0.344366
149.681747,1765336664.955075,1765336347,0.316112,0.000333,0.000000,0.000000,0.000000,0.000000,0.000000,0.000000
149.701756,1765336664.975084,1765336347,0.316112,0.000333,0.000000,0.000000,0.000000,0.000000,0.000000,0.000000
149.721767,1765336664.995095,1765336347,0.316112,0.000333,0.000000,0.000000,0.000000,0.000000,0.000000,0.000000
149.741832,1765336665.015192,1765336347,0.316112,0.000333,0.000000,0.000000,0.000000,0.000000,0.000000,0.000000
149.761846,1765336665.035207,1765336347,0.316112,0.000333,0.000000,0.000000,0.000000,0.000000,0.000000,0.000000
149.781819,1765336665.055156,1765336347,0.316112,0.000333,0.000000,0.000000,0.000000,0.000000,0.000000,-0.344366
149.801818,1765336665.075147,1765336347,0.316112,0.000333,0.000000,0.000000,0.000000,0.000000,0.000000,0.000000
149.821737,1765336665.095019,1765336347,0.316112,0.000333,0.000000,0.000000,0.000000,0.000000,0.000000,0.344366
149.841751,1765336665.115040,1765336347,0.316112,0.000333,0.000000,0.000000,0.000000,0.000000,0.000000,-0.344366
149.861762,1765336665.135055,1765336347,0.316112,0.000333,0.000000,0.000000,0.000000,0.000000,0.000000,-0.344366
149.881783,1765336665.155085,1765336347,0.316112,0.000333,0.000000,0.000000,0.000000,0.000000,0.000000,-0.344366
149.901801,1765336665.175108,1765336347,0.316112,0.000333,0.000000,0.000000,0.000000,0.000000,0.000000,-0.344366
149.921821,1765336665.195136,1765336347,0.316112,0.000333,0.000000,0.000000,0.000000,0.000000,0.000000,-0.344366
149.941839,1765336665.215160,1765336347,0.316112,0.000333,0.000000,0.000000,0.000000,0.000000,0.000000,0.344366
149.961848,1765336665.235169,1765336347,0.316112,0.000333,0.000000,0.000000,0.000000,0.000000,0.000000,0.344366
149.981925,1765336665.255330,1765336347,0.316112,0.000333,0.000000,0.000000,0.000000,0.000000,0.000000,0.000000
150.001915,1765336665.275261,1765336347,0.316112,0.000333,0.000000,0.000000,0.000000,0.000000,0.000000,-0.344366
150.021911,1765336665.295247,1765336347,0.316112,0.000333,0.000000,0.000000,0.000000,0.000000,0.000000,0.000000
150.041960,1765336665.315361,1765336347,0.316112,0.000333,0.000000,0.000000,0.000000,0.000000,0.000000,-0.344366
150.061921,1765336665.335249,1765336347,0.316112,0.000333,0.000000,0.000000,0.000000,0.000000,0.000000,-0.344366
150.081915,1765336665.355235,1765336347,0.316112,0.000333,0.000000,0.000000,0.000000,0.000000,0.000000,0.000000
150.101922,1765336665.375243,1765336347,0.316112,0.000333,0.000000,0.000000,0.000000,0.000000,0.000000,0.344366
150.121850,1765336665.395132,1765336347,0.316112,0.000333,0.000000,0.000000,0.000000,0.000000,0.000000,0.344366
150.141852,1765336665.415143,1765336347,0.316112,0.000333,0.000000,0.000000,0.000000,0.000000,0.000000,0.000000
150.161870,1765336665.435157,1765336347,0.316112,0.000333,0.000000,0.000000,0.000000,0.000000,0.000000,-0.344366
150.181869,1765336665.455172,1765336347,0.316112,0.000333,0.000000,0.000000,0.000000,0.000000,0.000000,0.344366
150.201894,1765336665.475192,1765336347,0.316112,0.000333,0.000000,0.000000,0.000000,0.000000,0.000000,0.000000
150.221907,1765336665.495207,1765336347,0.316112,0.000333,0.000000,0.000000,0.000000,0.000000,0.000000,0.000000
150.241912,1765336665.515213,1765336347,0.316112,0.000333,0.000000,0.000000,0.000000,0.000000,0.000000,0.000000
150.261994,1765336665.535351,1765336347,0.316112,0.000333,0.000000,0.000000,0.000000,0.000000,0.000000,-0.344366
150.282042,1765336665.555390,1765336347,0.316112,0.000333,0.000000,0.000000,0.000000,0.000000,0.000000,-0.344366
150.302040,1765336665.575371,1765336347,0.316112,0.000333,0.000000,0.000000,0.000000,0.000000,0.000000,0.344366
150.322037,1765336665.595370,1765336347,0.316112,0.000333,0.000000,0.000000,0.000000,0.000000,0.000000,0.344366
150.342005,1765336665.615351,1765336347,0.316112,0.000333,0.000000,0.000000,0.000000,0.000000,0.000000,0.000000
150.362033,1765336665.635356,1765336347,0.316112,0.000333,0.000000,0.000000,0.000000,0.000000,0.000000,-0.344366
150.382040,1765336665.655364,1765336347,0.316112,0.000333,0.000000,0.000000,0.000000,0.000000,0.000000,0.000000
150.402048,1765336665.675371,1765336347,0.316112,0.000333,0.000000,0.000000,0.000000,0.000000,0.000000,0.000000
150.422058,1765336665.695380,1765336347,0.316112,0.000333,0.000000,0.000000,0.000000,0.000000,0.000000,0.344366
150.442065,1765336665.715388,1765336347,0.316112,0.000333,0.000000,0.000000,0.000000,0.000000,0.000000,-0.344366
150.462052,1765336665.735363,1765336347,0.316112,0.000333,0.000000,0.000000,0.000000,0.000000,0.000000,0.000000
150.482085,1765336665.755407,1765336347,0.316112,0.000333,0.000000,0.000000,0.000000,0.000000,0.000000,0.000000
150.502091,1765336665.775414,1765336347,0.316112,0.000333,0.000000,0.000000,0.000000,0.000000,-0.688732,-0.344366
150.522119,1765336665.795447,1765336347,0.316112,0.000333,0.000000,0.000000,0.000000,0.000000,0.000000,-0.344366
150.542124,1765336665.815449,1765336347,0.316112,0.000333,0.000000,0.000000,0.000000,0.000000,0.000000,0.000000
150.562134,1765336665.835463,1765336347,0.316112,0.000333,0.000000,0.000000,0.000000,0.000000,0.000000,-0.344366
150.582138,1765336665.855467,1765336347,0.316112,0.000333,0.000000,0.000000,0.000000,0.000000,-0.344366,-0.344366
150.602150,1765336665.875479,1765336347,0.316112,0.000333,0.000000,0.000000,0.000000,0.000000,0.000000,0.344366
150.622159,1765336665.895488,1765336347,0.316112,0.000333,0.000000,0.000000,0.000000,0.000000,0.000000,-0.344366
150.642142,1765336665.915458,1765336347,0.316112,0.000333,0.000000,0.000000,0.000000,0.000000,0.000000,0.000000
150.662160,1765336665.935481,1765336347,0.316112,0.000333,0.000000,0.000000,0.000000,0.000000,0.000000,0.000000
150.682169,1765336665.955488,1765336347,0.316112,0.000333,0.000000,0.000000,0.000000,0.000000,-0.688732,-0.344366
150.702176,1765336665.975497,1765336347,0.316112,0.000333,0.000000,0.000000,0.000000,0.000000,0.000000,-0.344366
150.722175,1765336665.995491,1765336347,0.316112,0.000333,0.000000,0.000000,0.000000,0.000000,0.000000,-0.344366
150.742190,1765336666.015506,1765336347,0.316112,0.000333,0.000000,0.000000,0.000000,0.000000,0.000000,-0.344366
150.762214,1765336666.035542,1765336347,0.316112,0.000333,0.000000,0.000000,0.000000,0.000000,0.000000,-0.344366
150.782223,1765336666.055551,1765336347,0.316112,0.000333,0.000000,0.000000,0.000000,0.000000,0.000000,0.000000
150.802233,1765336666.075562,1765336347,0.316112,0.000333,0.000000,0.000000,0.000000,0.000000,0.000000,-0.344366
150.822152,1765336666.095432,1765336347,0.316112,0.000333,0.000000,0.000000,0.000000,0.000000,0.000000,-0.344366
150.842166,1765336666.115454,1765336347,0.316112,0.000333,0.000000,0.000000,0.000000,0.000000,0.000000,-0.344366
150.862233,1765336666.135554,1765336347,0.316112,0.000333,0.000000,0.000000,0.000000,0.000000,0.000000,0.344366
150.882284,1765336666.155620,1765336347,0.316112,0.000333,0.000000,0.000000,0.000000,0.000000,0.000000,-0.344366
150.902298,1765336666.175643,1765336347,0.316112,0.000333,0.000000,0.000000,0.000000,0.000000,0.000000,0.000000
150.922309,1765336666.195656,1765336347,0.316112,0.000333,0.000000,0.000000,0.000000,0.000000,0.000000,-0.344366
150.942321,1765336666.215667,1765336347,0.316112,0.000333,0.000000,0.000000,0.000000,0.000000,0.000000,0.344366
150.962315,1765336666.235651,1765336347,0.316112,0.000333,0.000000,0.000000,0.000000,0.000000,0.000000,0.000000
150.982325,1765336666.255662,1765336347,0.316112,0.000333,0.000000,0.000000,0.000000,0.000000,0.000000,-0.344366
151.002337,1765336666.275672,1765336347,0.316112,0.000333,0.000000,0.000000,0.000000,0.000000,0.000000,0.344366
151.022354,1765336666.295691,1765336347,0.316112,0.000333,0.000000,0.000000,0.000000,0.000000,0.000000,0.344366
151.042356,1765336666.315692,1765336347,0.316112,0.000333,0.000000,0.000000,0.000000,0.000000,0.000000,0.000000
151.062354,1765336666.335682,1765336347,0.316112,0.000333,0.000000,0.000000,0.000000,0.000000,-0.344366,0.000000
151.082376,1765336666.355711,1765336347,0.316112,0.000333,0.000000,0.000000,0.000000,0.000000,0.000000,0.344366
151.102388,1765336666.375724,1765336347,0.316112,0.000333,0.000000,0.000000,0.000000,0.000000,0.000000,0.344366
151.122381,1765336666.395661,1765336347,0.316112,0.000333,0.000000,0.000000,0.000000,0.000000,0.000000,-0.344366
151.142326,1765336666.415622,1765336347,0.316112,0.000333,0.000000,0.000000,0.000000,0.000000,0.000000,0.000000
151.162361,1765336666.435672,1765336347,0.316112,0.000333,0.000000,0.000000,0.000000,0.000000,0.000000,-0.344366
151.182376,1765336666.455692,1765336347,0.316112,0.000333,0.000000,0.000000,0.000000,0.000000,0.000000,0.000000
151.202410,1765336666.475739,1765336347,0.316112,0.000333,0.000000,0.000000,0.000000,0.000000,0.000000,0.000000
151.222418,1765336666.495748,1765336347,0.316112,0.000333,0.000000,0.000000,0.000000,0.000000,0.000000,-0.344366
151.242426,1765336666.515746,1765336347,0.316112,0.000333,0.000000,0.000000,0.000000,0.000000,0.000000,-0.344366
151.262343,1765336666.535622,1765336347,0.316112,0.000333,0.000000,0.000000,0.000000,0.000000,0.000000,0.344366
151.282388,1765336666.555689,1765336347,0.316112,0.000333,0.000000,0.000000,0.000000,0.000000,0.000000,0.344366
151.302420,1765336666.575737,1765336347,0.316112,0.000333,0.000000,0.000000,0.000000,0.000000,0.000000,0.000000
151.322438,1765336666.595760,1765336347,0.316112,0.000333,0.000000,0.000000,0.000000,0.000000,0.000000,-0.344366
151.342447,1765336666.615768,1765336347,0.316112,0.000333,0.000000,0.000000,0.000000,0.000000,0.000000,0.344366
151.362471,1765336666.635798,1765336347,0.316112,0.000333,0.000000,0.000000,0.000000,0.000000,0.000000,0.344366
151.382480,1765336666.655808,1765336347,0.316112,0.000333,0.000000,0.000000,0.000000,0.000000,0.000000,0.344366
151.402502,1765336666.675838,1765336347,0.316112,0.000333,0.000000,0.000000,0.000000,0.000000,0.000000,0.344366
151.422514,1765336666.695850,1765336347,0.316112,0.000333,0.000000,0.000000,0.000000,0.000000,0.000000,-0.344366
151.442523,1765336666.715858,1765336347,0.316112,0.000333,0.000000,0.000000,0.000000,0.000000,0.000000,0.000000
151.462533,1765336666.735869,1765336347,0.316112,0.000333,0.000000,0.000000,0.000000,0.000000,0.000000,0.344366
151.482544,1765336666.755880,1765336347,0.316112,0.000333,0.000000,0.000000,0.000000,0.000000,0.000000,0.000000
151.502554,1765336666.775890,1765336347,0.316112,0.000333,0.000000,0.000000,0.000000,0.000000,0.000000,0.344366
151.522553,1765336666.795881,1765336347,0.316112,0.000333,0.000000,0.000000,0.000000,0.000000,0.000000,-0.344366
151.542574,1765336666.815910,1765336347,0.316112,0.000333,0.000000,0.000000,0.000000,0.000000,0.000000,0.344366
151.562584,1765336666.835920,1765336347,0.316112,0.000333,0.000000,0.000000,0.000000,0.000000,0.000000,0.000000
151.582594,1765336666.855929,1765336347,0.316112,0.000333,0.000000,0.000000,0.000000,0.000000,0.000000,0.000000
151.602604,1765336666.875940,1765336347,0.316112,0.000333,0.000000,0.000000,0.000000,0.000000,0.000000,0.344366
151.622614,1765336666.895950,1765336347,0.316112,0.000333,0.000000,0.000000,0.000000,0.000000,0.000000,-0.344366
151.642612,1765336666.915940,1765336347,0.316112,0.000333,0.000000,0.000000,0.000000,0.000000,0.000000,0.344366
151.662607,1765336666.935928,1765336347,0.316112,0.000333,0.000000,0.000000,0.000000,0.000000,0.000000,-0.344366
151.682615,1765336666.955936,1765336347,0.316112,0.000333,0.000000,0.000000,0.000000,0.000000,0.000000,-0.344366
151.702623,1765336666.975941,1765336347,0.316112,0.000333,0.000000,0.000000,0.000000,0.000000,0.000000,-0.344366
151.722631,1765336666.995953,1765336347,0.316112,0.000333,0.000000,0.000000,0.000000,0.000000,0.000000,0.000000
151.742655,1765336667.015983,1765336347,0.316112,0.000333,0.000000,0.000000,0.000000,0.000000,0.000000,0.344366
151.762664,1765336667.035992,1765336347,0.316112,0.000333,0.000000,0.000000,0.000000,0.000000,0.000000,0.000000
151.782658,1765336667.055979,1765336347,0.316112,0.000333,0.000000,0.000000,0.000000,0.000000,0.000000,-0.344366
151.802682,1765336667.076010,1765336347,0.316112,0.000333,0.000000,0.000000,0.000000,0.000000,0.000000,-0.344366
151.822593,1765336667.095872,1765336347,0.316112,0.000333,0.000000,0.000000,0.000000,0.000000,0.000000,-0.344366
151.842614,1765336667.115901,1765336347,0.316112,0.000333,0.000000,0.000000,0.000000,0.000000,0.000000,0.344366
