time,sys_time,session_id,pos_x,pos_y,vel_x,vel_y,fcmd_x,fcmd_y,fs_x,fs_y
0.041533,1763938740.664863,1763938734,0.000500,0.000136,0.004167,0.000000,0.000000,0.000000,0.000000,0.344366
0.061536,1763938740.684867,1763938734,0.000515,0.000140,0.002697,0.000946,0.000000,0.000000,0.000000,0.000000
0.081579,1763938740.704929,1763938734,0.000511,0.000140,0.000000,0.000000,0.000000,0.000000,0.000000,0.344366
0.101619,1763938740.724980,1763938734,0.000507,0.000140,-0.000002,0.000000,0.000000,0.000000,0.000000,0.000000
0.121578,1763938740.744922,1763938734,0.000511,0.000140,0.000000,0.000000,0.000000,0.000000,0.000000,0.000000
0.141612,1763938740.764972,1763938734,0.000511,0.000140,0.000000,0.000000,0.000000,0.000000,0.000000,0.000000
0.161658,1763938740.785062,1763938734,0.000511,0.000140,0.000000,0.000000,0.000000,0.000000,0.000000,0.000000
0.181607,1763938740.804960,1763938734,0.000507,0.000140,-0.000806,-0.000939,0.000000,0.000000,0.000000,0.000000
0.201720,1763938740.825086,1763938734,0.000511,0.000140,0.000915,0.000000,0.000000,0.000000,0.000000,0.344366
0.221731,1763938740.845104,1763938734,0.000511,0.000140,0.000000,0.000000,0.000000,0.000000,0.000000,0.344366
0.241659,1763938740.865062,1763938734,0.000511,0.000140,0.000000,0.000000,0.000000,0.000000,0.000000,0.000000
0.261755,1763938740.885129,1763938734,0.000511,0.000140,0.000945,0.000000,0.000000,0.000000,0.000000,0.344366
0.281679,1763938740.905028,1763938734,0.000511,0.000140,0.000000,0.000000,0.000000,0.000000,0.000000,0.000000
0.301658,1763938740.924989,1763938734,0.000511,0.000140,0.000000,0.000000,0.000000,0.000000,0.000000,0.000000
0.321669,1763938740.945007,1763938734,0.000511,0.000140,0.000000,0.000000,0.000000,0.000000,0.000000,0.344366
0.341652,1763938740.964979,1763938734,0.000511,0.000140,0.000000,0.000000,0.000000,0.000000,0.000000,0.344366
0.361679,1763938740.985037,1763938734,0.000511,0.000140,0.000000,0.000000,0.000000,0.000000,0.000000,0.000000
0.381667,1763938741.004999,1763938734,0.000511,0.000140,0.000000,0.000000,0.000000,0.000000,0.000000,0.344366
0.401670,1763938741.025010,1763938734,0.000511,0.000140,0.000000,0.000000,0.000000,0.000000,0.000000,0.344366
0.421662,1763938741.044989,1763938734,0.000511,0.000140,0.000000,0.000000,0.000000,0.000000,0.000000,0.000000
0.441667,1763938741.064997,1763938734,0.000511,0.000140,0.000000,0.000000,0.000000,0.000000,0.000000,0.344366
0.461674,1763938741.085025,1763938734,0.000511,0.000140,0.000000,0.000000,0.000000,0.000000,0.000000,0.000000
0.481692,1763938741.105030,1763938734,0.000511,0.000140,0.000000,0.000000,0.000000,0.000000,0.000000,0.344366
0.501728,1763938741.125077,1763938734,0.000511,0.000140,0.000000,0.000000,0.000000,0.000000,0.000000,0.000000
0.521821,1763938741.145214,1763938734,0.000511,0.000140,0.000000,0.000000,0.000000,0.000000,0.000000,0.000000
0.541828,1763938741.165212,1763938734,0.000511,0.000140,0.000000,0.000000,0.000000,0.000000,0.000000,0.000000
0.561873,1763938741.185273,1763938734,0.000511,0.000140,0.000000,0.000000,0.000000,0.000000,0.000000,-0.344366
0.581885,1763938741.205284,1763938734,0.000511,0.000140,0.000000,0.000000,0.000000,0.000000,0.000000,0.000000
0.601897,1763938741.225296,1763938734,0.000511,0.000144,0.000000,0.000499,0.000000,0.000000,0.000000,0.344366
0.621800,1763938741.245137,1763938734,0.000511,0.000140,0.000000,-0.000000,0.000000,0.000000,0.000000,0.000000
0.641793,1763938741.265128,1763938734,0.000511,0.000140,0.000000,0.000000,0.000000,0.000000,0.000000,0.000000
0.661835,1763938741.285192,1763938734,0.000511,0.000140,0.000000,0.000000,0.000000,0.000000,0.000000,0.000000
0.681854,1763938741.305219,1763938734,0.000511,0.000140,0.000000,0.000000,0.000000,0.000000,0.000000,0.000000
0.701870,1763938741.325241,1763938734,0.000511,0.000144,0.000000,0.000000,0.000000,0.000000,0.000000,0.344366
0.721923,1763938741.345304,1763938734,0.000511,0.000140,0.000000,-0.000003,0.000000,0.000000,0.000000,-0.344366
0.741904,1763938741.365272,1763938734,0.000511,0.000144,0.000000,0.000000,0.000000,0.000000,0.000000,0.000000
0.761924,1763938741.385297,1763938734,0.000511,0.000144,0.000000,0.000000,0.000000,0.000000,0.000000,0.000000
0.781908,1763938741.405272,1763938734,0.000511,0.000140,0.000000,-0.000940,0.000000,0.000000,0.000000,0.000000
0.801923,1763938741.425291,1763938734,0.000511,0.000144,0.000000,0.000000,0.000000,0.000000,0.000000,0.000000
0.821957,1763938741.445337,1763938734,0.000511,0.000144,0.000000,0.000000,0.000000,0.000000,0.000000,-0.344366
0.841969,1763938741.465358,1763938734,0.000511,0.000144,0.000000,0.000000,0.000000,0.000000,0.000000,0.000000
0.862018,1763938741.485493,1763938734,0.000511,0.000144,0.000000,0.000000,0.000000,0.000000,0.000000,0.000000
0.882108,1763938741.505518,1763938734,0.000511,0.000144,0.000000,0.000000,0.000000,0.000000,0.000000,0.344366
0.901957,1763938741.525293,1763938734,0.000511,0.000144,0.000000,0.000000,0.000000,0.000000,0.000000,0.000000
0.921961,1763938741.545298,1763938734,0.000511,0.000144,0.000000,0.000000,0.000000,0.000000,0.000000,0.000000
0.941975,1763938741.565326,1763938734,0.000511,0.000144,0.000000,0.000000,0.000000,0.000000,0.000000,0.000000
0.961970,1763938741.585308,1763938734,0.000511,0.000144,0.000000,0.000000,0.000000,0.000000,0.000000,0.000000
0.982018,1763938741.605375,1763938734,0.000511,0.000144,0.000000,0.000000,0.000000,0.000000,0.000000,0.000000
1.001975,1763938741.625310,1763938734,0.000511,0.000144,0.000000,0.000000,0.000000,0.000000,0.000000,0.000000
1.021989,1763938741.645332,1763938734,0.000511,0.000144,0.000000,0.000000,0.000000,0.000000,0.000000,0.344366
1.042112,1763938741.665521,1763938734,0.000511,0.000144,0.000000,0.000000,0.000000,0.000000,0.000000,0.344366
1.061998,1763938741.685334,1763938734,0.000511,0.000144,0.000000,0.000000,0.000000,0.000000,0.000000,-0.344366
1.082019,1763938741.705370,1763938734,0.000511,0.000144,0.000000,0.000000,0.000000,0.000000,0.000000,0.000000
1.102006,1763938741.725350,1763938734,0.000511,0.000144,0.000000,0.000000,0.000000,0.000000,0.000000,0.000000
1.122065,1763938741.745433,1763938734,0.000511,0.000144,0.000000,0.000000,0.000000,0.000000,0.000000,0.000000
1.142071,1763938741.765429,1763938734,0.000511,0.000144,0.000000,0.000000,0.000000,0.000000,0.000000,0.000000
1.162044,1763938741.785394,1763938734,0.000511,0.000144,0.000000,0.000000,0.000000,0.000000,0.000000,0.000000
1.182043,1763938741.805389,1763938734,0.000511,0.000144,0.000000,0.000000,0.000000,0.000000,0.000000,0.344366
1.202053,1763938741.825403,1763938734,0.000511,0.000144,0.000000,0.000000,0.000000,0.000000,0.000000,0.000000
1.222054,1763938741.845402,1763938734,0.000511,0.000144,0.000000,0.000000,0.000000,0.000000,-0.344366,-0.344366
1.242037,1763938741.865379,1763938734,0.000511,0.000144,0.000000,0.000000,0.000000,0.000000,0.000000,0.000000
1.262036,1763938741.885373,1763938734,0.000511,0.000144,0.000000,0.000000,0.000000,0.000000,0.000000,0.000000
1.282068,1763938741.905416,1763938734,0.000511,0.000144,0.000000,0.000000,0.000000,0.000000,0.000000,0.000000
1.302084,1763938741.925441,1763938734,0.000511,0.000144,0.000000,0.000000,0.000000,0.000000,0.000000,-0.344366
1.322049,1763938741.945392,1763938734,0.000511,0.000144,0.000000,0.000000,0.000000,0.000000,0.000000,0.344366
1.342089,1763938741.965443,1763938734,0.000511,0.000144,0.000000,0.000000,0.000000,0.000000,0.000000,0.000000
1.362057,1763938741.985396,1763938734,0.000511,0.000144,0.000000,0.000000,0.000000,0.000000,0.000000,0.000000
1.382115,1763938742.005484,1763938734,0.000511,0.000144,0.000000,0.000000,0.000000,0.000000,0.000000,0.000000
1.402115,1763938742.025465,1763938734,0.000511,0.000144,0.000000,0.000000,0.000000,0.000000,0.000000,0.000000
1.422105,1763938742.045456,1763938734,0.000511,0.000144,0.000000,0.000000,0.000000,0.000000,0.000000,0.000000
1.442078,1763938742.065418,1763938734,0.000511,0.000144,0.000000,0.000000,0.000000,0.000000,0.000000,0.000000
1.462105,1763938742.085451,1763938734,0.000511,0.000144,0.000000,0.000000,0.000000,0.000000,0.000000,0.344366
1.482098,1763938742.105443,1763938734,0.000511,0.000144,0.000000,0.000000,0.000000,0.000000,0.000000,0.344366
1.502084,1763938742.125423,1763938734,0.000511,0.000144,0.000000,0.000000,0.000000,0.000000,0.000000,-0.344366
1.522097,1763938742.145444,1763938734,0.000511,0.000144,0.000000,0.000000,0.000000,0.000000,0.000000,0.000000
1.542094,1763938742.165433,1763938734,0.000511,0.000144,0.000000,0.000000,0.000000,0.000000,0.000000,0.000000
1.562131,1763938742.185482,1763938734,0.000511,0.000144,0.000000,0.000000,0.000000,0.000000,0.000000,0.000000
1.582135,1763938742.205484,1763938734,0.000511,0.000144,0.000000,0.000000,0.000000,0.000000,0.000000,0.000000
1.602138,1763938742.225488,1763938734,0.000511,0.000144,0.000000,0.000000,0.000000,0.000000,0.000000,0.344366
1.622171,1763938742.245534,1763938734,0.000511,0.000144,0.000000,0.000000,0.000000,0.000000,0.000000,0.000000
1.642160,1763938742.265520,1763938734,0.000511,0.000144,0.000000,0.000000,0.000000,0.000000,0.000000,0.000000
1.662178,1763938742.285533,1763938734,0.000511,0.000144,0.000000,0.000000,0.000000,0.000000,0.000000,-0.344366
1.682141,1763938742.305491,1763938734,0.000511,0.000144,0.000000,0.000000,0.000000,0.000000,0.000000,0.000000
1.702145,1763938742.325492,1763938734,0.000511,0.000144,0.000000,0.000000,0.000000,0.000000,0.000000,0.344366
1.722142,1763938742.345483,1763938734,0.000511,0.000144,0.000000,0.000000,0.000000,0.000000,0.000000,0.000000
1.742186,1763938742.365544,1763938734,0.000511,0.000144,0.000000,0.000000,0.000000,0.000000,0.000000,0.000000
1.762213,1763938742.385581,1763938734,0.000511,0.000144,0.000000,0.000000,0.000000,0.000000,0.000000,0.344366
1.782232,1763938742.405606,1763938734,0.000511,0.000144,0.000000,0.000000,0.000000,0.000000,0.000000,0.000000
1.802259,1763938742.425640,1763938734,0.000511,0.000144,0.000000,0.000000,0.000000,0.000000,0.000000,0.000000
1.822254,1763938742.445628,1763938734,0.000511,0.000144,0.000000,0.000000,0.000000,0.000000,0.000000,0.000000
1.842332,1763938742.465744,1763938734,0.000511,0.000144,0.000000,0.000000,0.000000,0.000000,0.000000,0.000000
1.862340,1763938742.485751,1763938734,0.000511,0.000144,0.000000,0.000000,0.000000,0.000000,0.000000,0.344366
1.882356,1763938742.505768,1763938734,0.000511,0.000144,0.000000,0.000000,0.000000,0.000000,0.000000,0.344366
1.902347,1763938742.525745,1763938734,0.000511,0.000144,0.000000,0.000000,0.000000,0.000000,0.000000,-0.344366
1.922391,1763938742.545791,1763938734,0.000511,0.000144,0.000000,0.000000,0.000000,0.000000,0.000000,0.000000
1.942352,1763938742.565739,1763938734,0.000511,0.000144,0.000000,0.000000,0.000000,0.000000,0.000000,0.000000
1.962351,1763938742.585731,1763938734,0.000511,0.000144,0.000000,0.000000,0.000000,0.000000,0.000000,0.000000
1.982373,1763938742.605761,1763938734,0.000511,0.000144,0.000000,0.000000,0.000000,0.000000,0.000000,0.000000
2.002383,1763938742.625772,1763938734,0.000511,0.000144,0.000000,0.000000,0.000000,0.000000,0.000000,0.344366
2.022394,1763938742.645782,1763938734,0.000511,0.000144,0.000000,0.000000,0.000000,0.000000,0.000000,0.000000
2.042443,1763938742.665854,1763938734,0.000511,0.000144,0.000000,0.000000,0.000000,0.000000,-0.688732,0.344366
2.062337,1763938742.685687,1763938734,0.000515,0.000144,0.000129,0.000000,0.000000,0.000000,0.000000,0.000000
2.082324,1763938742.705673,1763938734,0.000511,0.000144,0.000000,0.000000,0.000000,0.000000,0.000000,0.000000
2.102398,1763938742.725847,1763938734,0.000511,0.000144,0.000000,0.000000,0.000000,0.000000,0.000000,0.344366
2.122475,1763938742.745886,1763938734,0.000511,0.000144,0.000000,0.000000,0.000000,0.000000,0.000000,0.000000
2.142467,1763938742.765865,1763938734,0.000511,0.000144,0.000000,0.000000,0.000000,0.000000,0.000000,0.000000
2.162462,1763938742.785850,1763938734,0.000511,0.000144,0.000000,0.000000,0.000000,0.000000,0.000000,0.344366
2.182500,1763938742.805889,1763938734,0.000511,0.000144,0.000000,0.000000,0.000000,0.000000,-0.688732,0.000000
2.202472,1763938742.825853,1763938734,0.000511,0.000144,0.000000,0.000000,0.000000,0.000000,0.000000,0.344366
2.222494,1763938742.845882,1763938734,0.000515,0.000144,0.000943,0.000000,0.000000,0.000000,0.000000,0.000000
2.242505,1763938742.865889,1763938734,0.000511,0.000144,-0.000945,0.000000,0.000000,0.000000,0.000000,0.344366
2.262516,1763938742.885903,1763938734,0.000511,0.000144,0.000000,0.000000,0.000000,0.000000,0.000000,0.344366
2.282515,1763938742.905896,1763938734,0.000511,0.000144,-0.000074,0.000000,0.000000,0.000000,0.000000,0.000000
2.302460,1763938742.925824,1763938734,0.000511,0.000144,0.000000,0.000000,0.000000,0.000000,0.000000,0.000000
2.322553,1763938742.945940,1763938734,0.000511,0.000144,0.000000,0.000000,0.000000,0.000000,0.000000,0.000000
2.342559,1763938742.965946,1763938734,0.000511,0.000144,-0.000003,0.000000,0.000000,0.000000,0.000000,0.000000
2.362570,1763938742.985957,1763938734,0.000511,0.000144,0.000000,0.000000,0.000000,0.000000,0.000000,0.000000
2.382580,1763938743.005968,1763938734,0.000511,0.000144,-0.000140,0.000000,0.000000,0.000000,0.000000,0.344366
2.402579,1763938743.025959,1763938734,0.000511,0.000144,0.000000,0.000000,0.000000,0.000000,0.000000,0.000000
2.422617,1763938743.046043,1763938734,0.000515,0.000144,0.000872,0.000000,0.000000,0.000000,-0.344366,0.000000
2.442661,1763938743.066094,1763938734,0.000511,0.000144,-0.000946,0.000000,0.000000,0.000000,0.000000,0.000000
2.462625,1763938743.086050,1763938734,0.000515,0.000144,0.000054,0.000000,0.000000,0.000000,0.000000,-0.344366
2.482636,1763938743.106056,1763938734,0.000511,0.000144,-0.000786,0.000000,0.000000,0.000000,0.000000,0.000000
2.502646,1763938743.126062,1763938734,0.000511,0.000144,-0.000000,0.000000,0.000000,0.000000,0.000000,0.000000
2.522647,1763938743.146055,1763938734,0.000515,0.000144,0.000000,0.000000,0.000000,0.000000,0.000000,0.000000
2.542657,1763938743.166065,1763938734,0.000511,0.000144,0.000000,0.000000,0.000000,0.000000,0.000000,0.344366
0.040693,1763938756.755165,1763938734,0.451269,0.000155,0.000000,0.000000,0.000000,0.000000,0.000000,0.000000
0.060654,1763938756.775098,1763938734,0.451269,0.000155,0.000000,0.000000,0.000000,0.000000,0.000000,0.000000
0.080797,1763938756.795250,1763938734,0.451269,0.000155,0.000000,0.000000,0.000000,0.000000,0.000000,0.000000
0.100817,1763938756.815273,1763938734,0.451269,0.000155,0.000000,0.000000,0.000000,0.000000,0.000000,0.000000
0.120834,1763938756.835302,1763938734,0.451269,0.000155,0.000000,0.000000,0.000000,0.000000,0.000000,0.000000
0.140861,1763938756.855340,1763938734,0.451269,0.000155,0.000000,0.000000,0.000000,0.000000,0.000000,0.000000
0.160886,1763938756.875373,1763938734,0.451269,0.000155,0.000000,0.000000,0.000000,0.000000,0.000000,0.000000
0.180896,1763938756.895380,1763938734,0.451269,0.000151,0.000000,-0.000925,0.000000,0.000000,0.000000,0.000000
0.200907,1763938756.915393,1763938734,0.451269,0.000151,0.000000,0.000500,0.000000,0.000000,0.000000,0.344366
0.220917,1763938756.935402,1763938734,0.451269,0.000151,0.000000,-0.000767,0.000000,0.000000,0.000000,0.000000
0.240940,1763938756.955434,1763938734,0.451269,0.000151,0.000000,0.000000,0.000000,0.000000,0.000000,0.344366
0.260837,1763938756.975274,1763938734,0.451269,0.000151,0.000000,0.000000,0.000000,0.000000,0.000000,-0.344366
0.280993,1763938756.995510,1763938734,0.451269,0.000151,0.000000,0.000000,0.000000,0.000000,0.000000,0.000000
0.300983,1763938757.015485,1763938734,0.451269,0.000151,0.000000,0.000000,0.000000,0.000000,0.000000,0.000000
0.320996,1763938757.035500,1763938734,0.451269,0.000155,0.000000,0.000446,0.000000,0.000000,0.000000,0.344366
0.341030,1763938757.055549,1763938734,0.451269,0.000151,0.000000,-0.000140,0.000000,0.000000,-0.344366,0.000000
0.361076,1763938757.075596,1763938734,0.451269,0.000151,0.000000,0.000000,0.000000,0.000000,0.000000,0.344366
0.381035,1763938757.095539,1763938734,0.451269,0.000151,0.000000,-0.000265,0.000000,0.000000,0.000000,0.000000
0.401030,1763938757.115523,1763938734,0.451269,0.000151,0.000000,-0.000944,0.000000,0.000000,-0.344366,0.000000
0.421078,1763938757.135596,1763938734,0.451269,0.000151,0.000000,-0.000946,0.000000,0.000000,0.000000,0.000000
0.441091,1763938757.155607,1763938734,0.451269,0.000151,0.000000,0.000000,0.000000,0.000000,0.000000,0.000000
0.461104,1763938757.175621,1763938734,0.451269,0.000151,0.000000,0.000000,0.000000,0.000000,0.000000,-0.344366
0.481118,1763938757.195634,1763938734,0.451269,0.000151,0.000000,-0.000011,0.000000,0.000000,0.000000,0.000000
0.501109,1763938757.215612,1763938734,0.451269,0.000151,0.000000,0.000000,0.000000,0.000000,0.000000,-0.344366
0.521105,1763938757.235598,1763938734,0.451269,0.000151,0.000000,-0.000852,0.000000,0.000000,0.000000,-0.344366
0.541154,1763938757.255671,1763938734,0.451269,0.000151,0.000000,0.000000,0.000000,0.000000,0.344366,0.000000
0.561169,1763938757.275686,1763938734,0.451269,0.000151,0.000000,0.000000,0.000000,0.000000,0.000000,0.000000
0.581181,1763938757.295699,1763938734,0.451269,0.000151,0.000000,0.000000,0.000000,0.000000,0.000000,0.000000
0.601173,1763938757.315677,1763938734,0.451269,0.000151,0.000000,0.000000,0.000000,0.000000,0.000000,0.000000
0.621218,1763938757.335725,1763938734,0.451269,0.000151,0.000000,0.000000,0.000000,0.000000,0.000000,0.000000
0.641180,1763938757.355673,1763938734,0.451269,0.000151,0.000000,0.000000,0.000000,0.000000,0.000000,0.000000
0.661230,1763938757.375746,1763938734,0.451269,0.000151,0.000000,0.000000,0.000000,0.000000,0.000000,0.344366
0.681244,1763938757.395761,1763938734,0.451269,0.000151,0.000000,0.000000,0.000000,0.000000,0.000000,0.344366
0.701232,1763938757.415736,1763938734,0.451269,0.000151,0.000000,0.000000,0.000000,0.000000,0.000000,0.344366
0.721229,1763938757.435721,1763938734,0.451269,0.000151,0.000000,0.000000,0.000000,0.000000,0.000000,0.344366
0.741239,1763938757.455731,1763938734,0.451269,0.000151,0.000000,0.000000,0.000000,0.000000,0.000000,0.000000
0.761242,1763938757.475727,1763938734,0.451269,0.000151,0.000000,-0.000940,0.000000,0.000000,0.000000,0.000000
0.781260,1763938757.495755,1763938734,0.451269,0.000151,0.000000,-0.000011,0.000000,0.000000,0.000000,0.344366
0.801271,1763938757.515764,1763938734,0.451269,0.000151,0.000000,-0.000940,0.000000,0.000000,0.344366,0.000000
0.821282,1763938757.535774,1763938734,0.451269,0.000151,0.000000,0.000000,0.000000,0.000000,0.000000,0.000000
0.841292,1763938757.555786,1763938734,0.451269,0.000151,0.000000,0.000000,0.000000,0.000000,0.000000,0.000000
0.861304,1763938757.575797,1763938734,0.451269,0.000151,0.000000,0.000000,0.000000,0.000000,0.000000,-0.344366
0.881325,1763938757.595813,1763938734,0.451269,0.000151,0.000000,0.000000,0.000000,0.000000,-0.344366,0.000000
0.901323,1763938757.615816,1763938734,0.451269,0.000151,0.000000,0.000000,0.000000,0.000000,0.000000,0.344366
0.921334,1763938757.635828,1763938734,0.451269,0.000151,0.000000,0.000000,0.000000,0.000000,0.000000,0.000000
0.941345,1763938757.655838,1763938734,0.451269,0.000155,0.000000,0.000935,0.000000,0.000000,0.000000,-0.344366
0.961355,1763938757.675848,1763938734,0.451269,0.000151,0.000000,0.000000,0.000000,0.000000,0.000000,-0.344366
0.981367,1763938757.695859,1763938734,0.451269,0.000151,0.000000,0.000000,0.000000,0.000000,0.000000,0.344366
1.001330,1763938757.715798,1763938734,0.451269,0.000151,0.000000,0.000000,0.000000,0.000000,0.000000,0.344366
1.021358,1763938757.735837,1763938734,0.451269,0.000151,0.000000,0.000000,0.000000,0.000000,0.000000,-0.344366
1.041280,1763938757.755715,1763938734,0.451269,0.000151,0.000000,0.000000,0.000000,0.000000,0.000000,0.344366
1.061312,1763938757.775760,1763938734,0.451269,0.000151,0.000000,0.000000,0.000000,0.000000,0.000000,0.000000
1.081331,1763938757.795787,1763938734,0.451269,0.000155,0.000000,0.000500,0.000000,0.000000,0.344366,-0.344366
1.101352,1763938757.815816,1763938734,0.451269,0.000151,0.000000,0.000000,0.000000,0.000000,0.000000,0.000000
1.121429,1763938757.835931,1763938734,0.451269,0.000155,0.000000,0.000253,0.000000,0.000000,0.000000,-0.344366
1.141474,1763938757.855980,1763938734,0.451269,0.000151,0.000000,0.000000,0.000000,0.000000,0.344366,0.344366
1.161453,1763938757.875956,1763938734,0.451269,0.000151,0.000000,0.000000,0.000000,0.000000,0.000000,0.344366
1.181448,1763938757.895941,1763938734,0.451269,0.000151,0.000000,0.000000,0.000000,0.000000,0.000000,0.000000
1.201444,1763938757.915929,1763938734,0.451269,0.000151,0.000000,-0.000002,0.000000,0.000000,0.000000,-0.344366
1.221454,1763938757.935940,1763938734,0.451269,0.000151,0.000000,0.000000,0.000000,0.000000,0.344366,0.344366
1.241463,1763938757.955949,1763938734,0.451269,0.000151,0.000000,0.000000,0.000000,0.000000,0.000000,0.000000
1.261473,1763938757.975950,1763938734,0.451269,0.000151,0.000000,-0.000020,0.000000,0.000000,0.344366,0.000000
1.281479,1763938757.995964,1763938734,0.451269,0.000151,0.000000,-0.000074,0.000000,0.000000,0.000000,0.344366
1.301489,1763938758.015974,1763938734,0.451269,0.000151,0.000000,-0.000073,0.000000,0.000000,0.000000,0.344366
1.321498,1763938758.035984,1763938734,0.451269,0.000151,0.000000,-0.000940,0.000000,0.000000,0.344366,0.344366
1.341508,1763938758.055993,1763938734,0.451269,0.000151,0.000000,-0.000945,0.000000,0.000000,0.000000,0.000000
1.361517,1763938758.076002,1763938734,0.451269,0.000151,0.000000,-0.000500,0.000000,0.000000,0.000000,0.000000
1.381527,1763938758.096037,1763938734,0.451269,0.000151,0.000000,0.000000,0.000000,0.000000,0.000000,0.344366
1.401561,1763938758.116080,1763938734,0.451269,0.000151,0.000000,0.000000,0.000000,0.000000,0.000000,-0.344366
1.421547,1763938758.136052,1763938734,0.451269,0.000151,0.000000,0.000000,0.000000,0.000000,0.344366,0.000000
1.441556,1763938758.156072,1763938734,0.451269,0.000151,0.000000,0.000000,0.000000,0.000000,0.000000,0.000000
1.461567,1763938758.176086,1763938734,0.451269,0.000151,0.000000,-0.000945,0.000000,0.000000,0.344366,0.000000
1.481575,1763938758.196091,1763938734,0.451269,0.000151,0.000000,-0.000907,0.000000,0.000000,0.000000,0.000000
1.501614,1763938758.216102,1763938734,0.451269,0.000151,0.000000,-0.000021,0.000000,0.000000,0.000000,0.000000
1.521623,1763938758.236110,1763938734,0.451269,0.000155,0.000000,0.000446,0.000000,0.000000,0.000000,0.000000
1.541628,1763938758.256115,1763938734,0.451269,0.000151,0.000000,0.000000,0.000000,0.000000,0.000000,0.000000
1.561643,1763938758.276130,1763938734,0.451269,0.000151,0.000000,-0.000006,0.000000,0.000000,0.000000,0.344366
1.581652,1763938758.296139,1763938734,0.451269,0.000151,0.000000,-0.000681,0.000000,0.000000,0.000000,0.344366
1.601661,1763938758.316148,1763938734,0.451269,0.000151,0.000000,-0.000803,0.000000,0.000000,0.000000,0.000000
1.621669,1763938758.336155,1763938734,0.451269,0.000151,0.000000,-0.000306,0.000000,0.000000,0.000000,0.000000
1.641676,1763938758.356162,1763938734,0.451269,0.000151,0.000000,0.000000,0.000000,0.000000,0.000000,0.000000
1.661712,1763938758.376200,1763938734,0.451269,0.000151,0.000000,0.000000,0.000000,0.000000,0.000000,0.000000
1.681695,1763938758.396181,1763938734,0.451269,0.000155,0.000000,0.000935,0.000000,0.000000,0.000000,-0.344366
1.701700,1763938758.416186,1763938734,0.451269,0.000151,0.000000,0.000011,0.000000,0.000000,0.000000,0.344366
1.721713,1763938758.436199,1763938734,0.451269,0.000151,0.000000,-0.000372,0.000000,0.000000,0.000000,0.000000
1.741723,1763938758.456210,1763938734,0.451269,0.000151,0.000000,0.000000,0.000000,0.000000,0.000000,0.000000
1.761745,1763938758.476238,1763938734,0.451269,0.000151,0.000000,-0.000935,0.000000,0.000000,0.000000,0.344366
1.781756,1763938758.496250,1763938734,0.451269,0.000155,0.000000,0.000872,0.000000,0.000000,0.000000,0.344366
1.801681,1763938758.516141,1763938734,0.451269,0.000151,0.000000,0.000000,0.000000,0.000000,0.000000,-0.344366
1.821763,1763938758.536249,1763938734,0.451269,0.000151,0.000000,0.000000,0.000000,0.000000,0.000000,0.000000
1.841786,1763938758.556271,1763938734,0.451269,0.000151,0.000000,0.000000,0.000000,0.000000,0.000000,0.000000
1.861797,1763938758.576290,1763938734,0.451269,0.000155,0.000000,-0.000542,0.000000,0.000000,0.000000,0.000000
1.881807,1763938758.596300,1763938734,0.451269,0.000151,0.000000,0.000806,0.000000,0.000000,0.000000,0.000000
1.901817,1763938758.616311,1763938734,0.451269,0.000151,0.000000,-0.000002,0.000000,0.000000,0.000000,0.344366
1.921855,1763938758.636350,1763938734,0.451269,0.000151,0.000000,0.000000,0.000000,0.000000,0.000000,0.000000
1.941838,1763938758.656332,1763938734,0.451269,0.000151,0.000000,-0.000264,0.000000,0.000000,0.000000,0.000000
1.961849,1763938758.676342,1763938734,0.451269,0.000151,0.000000,-0.000945,0.000000,0.000000,0.000000,0.000000
1.981860,1763938758.696353,1763938734,0.451269,0.000151,0.000000,0.000000,0.000000,0.000000,0.000000,0.000000
2.001870,1763938758.716363,1763938734,0.451269,0.000151,0.000000,0.000000,0.000000,0.000000,0.000000,0.000000
2.021881,1763938758.736375,1763938734,0.451269,0.000151,0.000000,0.000071,0.000000,0.000000,0.000000,-0.344366
2.042035,1763938758.756603,1763938734,0.451269,0.000151,0.000000,0.000000,0.000000,0.000000,0.000000,0.000000
2.063835,1763938758.778281,1763938734,0.451269,0.000151,0.000000,0.000000,0.000000,0.000000,0.000000,0.000000
2.083836,1763938758.798289,1763938734,0.451269,0.000151,0.000000,0.000000,0.000000,0.000000,0.000000,0.000000
2.104012,1763938758.818532,1763938734,0.451269,0.000151,0.000000,0.000000,0.000000,0.000000,0.000000,0.344366
2.123968,1763938758.838472,1763938734,0.451269,0.000151,0.000000,0.000139,0.000000,0.000000,0.000000,-0.344366
2.143963,1763938758.858457,1763938734,0.451269,0.000155,0.000000,0.000925,0.000000,0.000000,0.000000,0.000000
2.163958,1763938758.878437,1763938734,0.451269,0.000155,0.000000,0.000935,0.000000,0.000000,0.000000,0.000000
2.183972,1763938758.898457,1763938734,0.451269,0.000151,0.000000,0.000000,0.000000,0.000000,0.000000,0.344366
2.203993,1763938758.918481,1763938734,0.451269,0.000151,0.000000,0.000000,0.000000,0.000000,0.344366,0.344366
2.224005,1763938758.938498,1763938734,0.451269,0.000151,0.000000,0.000000,0.000000,0.000000,0.000000,0.000000
2.244015,1763938758.958509,1763938734,0.451269,0.000151,0.000000,-0.000945,0.000000,0.000000,0.000000,0.000000
2.264026,1763938758.978519,1763938734,0.451269,0.000151,0.000000,-0.000904,0.000000,0.000000,0.000000,0.344366
2.284036,1763938758.998530,1763938734,0.451269,0.000151,0.000000,0.000000,0.000000,0.000000,0.344366,0.000000
2.304038,1763938759.018516,1763938734,0.451269,0.000151,0.000000,-0.000923,0.000000,0.000000,0.000000,0.344366
2.324042,1763938759.038528,1763938734,0.451269,0.000151,0.000000,0.000020,0.000000,0.000000,0.344366,0.000000
2.344052,1763938759.058537,1763938734,0.451269,0.000151,0.000000,0.000000,0.000000,0.000000,0.000000,-0.344366
2.364099,1763938759.078587,1763938734,0.451269,0.000151,0.000000,0.000000,0.000000,0.000000,0.000000,-0.344366
2.384060,1763938759.098537,1763938734,0.451269,0.000151,0.000000,0.000000,0.000000,0.000000,0.344366,0.000000
2.404082,1763938759.118567,1763938734,0.451269,0.000151,0.000000,0.000000,0.000000,0.000000,0.000000,0.000000
2.424097,1763938759.138583,1763938734,0.451269,0.000151,0.000000,0.000000,0.000000,0.000000,0.000000,0.000000
2.444117,1763938759.158610,1763938734,0.451269,0.000151,0.000000,0.000000,0.000000,0.000000,0.000000,0.000000
2.464127,1763938759.178620,1763938734,0.451269,0.000151,0.000000,-0.000934,0.000000,0.000000,0.344366,0.000000
2.484138,1763938759.198631,1763938734,0.451269,0.000151,0.000000,-0.000500,0.000000,0.000000,0.344366,0.000000
2.504137,1763938759.218623,1763938734,0.451269,0.000151,0.000000,-0.000935,0.000000,0.000000,0.000000,0.000000
2.524082,1763938759.238550,1763938734,0.451269,0.000151,0.000000,-0.000940,0.000000,0.000000,0.344366,-0.344366
2.544120,1763938759.258602,1763938734,0.451269,0.000151,0.000000,0.000000,0.000000,0.000000,0.000000,0.000000
2.564220,1763938759.278737,1763938734,0.451269,0.000151,0.000000,0.000000,0.000000,0.000000,0.344366,0.000000
2.584233,1763938759.298749,1763938734,0.451269,0.000151,0.000000,0.000011,0.000000,0.000000,0.000000,0.344366
2.604223,1763938759.318726,1763938734,0.451269,0.000151,0.000000,0.000000,0.000000,0.000000,0.000000,0.000000
2.624266,1763938759.338771,1763938734,0.451269,0.000151,0.000000,-0.000924,0.000000,0.000000,0.000000,0.344366
2.644162,1763938759.358639,1763938734,0.451269,0.000151,0.000000,-0.000934,0.000000,0.000000,0.000000,0.000000
2.664279,1763938759.378795,1763938734,0.451269,0.000151,0.000000,-0.000944,0.000000,0.000000,0.000000,0.000000
2.684205,1763938759.398682,1763938734,0.451269,0.000151,0.000000,0.000000,0.000000,0.000000,0.000000,-0.344366
2.704252,1763938759.418720,1763938734,0.451269,0.000151,0.000000,-0.000946,0.000000,0.000000,0.000000,0.000000
2.724301,1763938759.438769,1763938734,0.451269,0.000151,0.000000,-0.000944,0.000000,0.000000,0.000000,-0.344366
2.744299,1763938759.458769,1763938734,0.451269,0.000151,0.000000,0.000000,0.000000,0.000000,0.000000,0.000000
2.764425,1763938759.478943,1763938734,0.451269,0.000151,0.000000,-0.000679,0.000000,0.000000,0.344366,0.000000
2.784414,1763938759.498919,1763938734,0.451269,0.000151,0.000000,0.000000,0.000000,0.000000,0.000000,-0.344366
2.804409,1763938759.518902,1763938734,0.451269,0.000151,0.000000,0.000000,0.000000,0.000000,0.344366,0.344366
2.824419,1763938759.538905,1763938734,0.451269,0.000155,0.000000,0.000946,0.000000,0.000000,0.344366,0.000000
2.844420,1763938759.558905,1763938734,0.451269,0.000155,0.000000,0.000937,0.000000,0.000000,0.344366,0.000000
2.864401,1763938759.578874,1763938734,0.451269,0.000151,0.000000,-0.000140,0.000000,0.000000,-0.344366,0.000000
2.884442,1763938759.598922,1763938734,0.451269,0.000155,0.000000,0.000946,0.000000,0.000000,0.344366,0.000000
2.904444,1763938759.618929,1763938734,0.451269,0.000151,0.000000,-0.000935,0.000000,0.000000,0.000000,0.000000
2.924453,1763938759.638939,1763938734,0.451269,0.000151,0.000000,-0.000425,0.000000,0.000000,0.000000,0.000000
2.944463,1763938759.658949,1763938734,0.451269,0.000155,0.000000,0.000500,0.000000,0.000000,0.000000,0.000000
2.964459,1763938759.678938,1763938734,0.451269,0.000151,0.000000,0.000000,0.000000,0.000000,0.344366,0.000000
2.984510,1763938759.699038,1763938734,0.451269,0.000151,0.000000,0.000000,0.000000,0.000000,0.000000,0.000000
3.004506,1763938759.718999,1763938734,0.451269,0.000151,0.000000,-0.000944,0.000000,0.000000,0.000000,0.000000
3.024504,1763938759.738989,1763938734,0.451269,0.000151,0.000000,-0.000940,0.000000,0.000000,0.000000,0.000000
3.044688,1763938759.759232,1763938734,0.451269,0.000151,0.000000,0.000000,0.000000,0.000000,0.344366,0.344366
3.064523,1763938759.778971,1763938734,0.451269,0.000151,0.000000,0.000000,0.000000,0.000000,0.344366,-0.344366
3.084505,1763938759.798949,1763938734,0.451269,0.000151,0.000000,0.000000,0.000000,0.000000,0.000000,0.344366
3.104575,1763938759.819064,1763938734,0.451269,0.000151,0.000000,0.000000,0.000000,0.000000,0.000000,0.000000
3.124638,1763938759.839132,1763938734,0.451269,0.000151,0.000000,0.000000,0.000000,0.000000,0.000000,-0.344366
3.144733,1763938759.859254,1763938734,0.451269,0.000151,0.000000,0.000000,0.000000,0.000000,0.000000,0.000000
3.164693,1763938759.879197,1763938734,0.451269,0.000151,0.000000,0.000000,0.000000,0.000000,0.344366,0.344366
3.184665,1763938759.899150,1763938734,0.451269,0.000151,0.000000,0.000000,0.000000,0.000000,0.000000,0.000000
3.204697,1763938759.919182,1763938734,0.451269,0.000151,0.000000,-0.000006,0.000000,0.000000,0.000000,0.000000
3.224707,1763938759.939194,1763938734,0.451269,0.000151,0.000000,0.000000,0.000000,0.000000,0.344366,0.000000
3.244647,1763938759.959108,1763938734,0.451269,0.000151,0.000000,0.000000,0.000000,0.000000,0.000000,0.000000
3.264728,1763938759.979213,1763938734,0.451269,0.000151,0.000000,0.000039,0.000000,0.000000,0.000000,0.000000
3.284749,1763938759.999243,1763938734,0.451269,0.000151,0.000000,0.000000,0.000000,0.000000,0.000000,0.000000
3.304761,1763938760.019253,1763938734,0.451269,0.000151,0.000000,-0.000000,0.000000,0.000000,0.000000,0.000000
3.324772,1763938760.039264,1763938734,0.451269,0.000151,0.000000,0.000000,0.000000,0.000000,0.000000,0.000000
3.344783,1763938760.059276,1763938734,0.451269,0.000151,0.000000,0.000000,0.000000,0.000000,0.000000,0.000000
3.364794,1763938760.079288,1763938734,0.451269,0.000151,0.000000,0.000000,0.000000,0.000000,0.000000,0.000000
3.384794,1763938760.099281,1763938734,0.451269,0.000151,0.000000,0.000000,0.000000,0.000000,0.344366,0.344366
3.404846,1763938760.119334,1763938734,0.451269,0.000151,0.000000,0.000000,0.000000,0.000000,0.000000,0.000000
3.424827,1763938760.139320,1763938734,0.451269,0.000151,0.000000,0.000000,0.000000,0.000000,0.000000,0.000000
3.444822,1763938760.159333,1763938734,0.451269,0.000151,0.000000,-0.000003,0.000000,0.000000,0.000000,0.000000
3.464757,1763938760.179209,1763938734,0.451269,0.000151,0.000000,0.000000,0.000000,0.000000,0.000000,0.000000
3.484753,1763938760.199193,1763938734,0.451269,0.000155,0.000000,0.000943,0.000000,0.000000,0.000000,0.344366
3.504742,1763938760.219174,1763938734,0.451269,0.000151,0.000000,0.000000,0.000000,0.000000,0.000000,0.344366
3.524746,1763938760.239179,1763938734,0.451269,0.000151,0.000000,0.000000,0.000000,0.000000,0.000000,0.000000
3.544860,1763938760.259322,1763938734,0.451269,0.000151,0.000000,-0.000002,0.000000,0.000000,0.000000,0.344366
3.564890,1763938760.279363,1763938734,0.451269,0.000151,0.000000,0.000000,0.000000,0.000000,0.000000,0.000000
3.584918,1763938760.299405,1763938734,0.451269,0.000155,0.000000,0.000264,0.000000,0.000000,0.000000,0.000000
3.604874,1763938760.319331,1763938734,0.451269,0.000151,0.000000,0.000000,0.000000,0.000000,0.000000,0.000000
3.624842,1763938760.339279,1763938734,0.451269,0.000151,0.000000,-0.000869,0.000000,0.000000,0.000000,0.000000
3.644856,1763938760.359298,1763938734,0.451269,0.000151,0.000000,-0.000940,0.000000,0.000000,0.000000,-0.344366
3.664912,1763938760.379378,1763938734,0.451269,0.000151,0.000000,0.000003,0.000000,0.000000,0.000000,0.000000
3.684949,1763938760.399435,1763938734,0.451269,0.000151,0.000000,0.000000,0.000000,0.000000,0.000000,0.344366
3.704958,1763938760.419444,1763938734,0.451269,0.000151,0.000000,0.000000,0.000000,0.000000,0.000000,0.000000
3.724979,1763938760.439473,1763938734,0.451269,0.000151,0.000000,0.000000,0.000000,0.000000,0.000000,0.000000
3.744990,1763938760.459484,1763938734,0.451269,0.000151,0.000000,0.000000,0.000000,0.000000,0.000000,0.000000
3.765001,1763938760.479494,1763938734,0.451269,0.000151,0.000000,-0.000930,0.000000,0.000000,0.000000,0.000000
3.784993,1763938760.499472,1763938734,0.451269,0.000151,0.000000,0.000000,0.000000,0.000000,0.000000,0.000000
3.804993,1763938760.519472,1763938734,0.451269,0.000151,0.000000,0.000000,0.000000,0.000000,0.000000,0.000000
3.825017,1763938760.539503,1763938734,0.451269,0.000151,0.000000,-0.000011,0.000000,0.000000,0.000000,-0.344366
3.845039,1763938760.559532,1763938734,0.451269,0.000151,0.000000,0.000000,0.000000,0.000000,0.000000,0.000000
3.865037,1763938760.579522,1763938734,0.451269,0.000151,0.000000,0.000000,0.000000,0.000000,0.000000,-0.344366
3.885060,1763938760.599552,1763938734,0.451269,0.000151,0.000000,0.000073,0.000000,0.000000,0.000000,0.344366
3.905034,1763938760.619510,1763938734,0.451269,0.000151,0.000000,0.000000,0.000000,0.000000,0.000000,0.344366
3.925155,1763938760.639675,1763938734,0.451269,0.000151,0.000000,-0.000443,0.000000,0.000000,0.000000,0.000000
3.945109,1763938760.659612,1763938734,0.451269,0.000151,0.000000,-0.000940,0.000000,0.000000,0.000000,0.344366
3.965120,1763938760.679623,1763938734,0.451269,0.000151,0.000000,0.000000,0.000000,0.000000,0.000000,0.344366
3.985116,1763938760.699609,1763938734,0.451269,0.000151,0.000000,0.000000,0.000000,0.000000,0.000000,0.000000
4.005127,1763938760.719620,1763938734,0.451269,0.000151,0.000000,-0.000038,0.000000,0.000000,-0.344366,-0.344366
4.025172,1763938760.739689,1763938734,0.451269,0.000151,0.000000,0.000000,0.000000,0.000000,0.000000,-0.344366
4.045218,1763938760.759759,1763938734,0.451269,0.000151,0.000000,0.000000,0.000000,0.000000,0.000000,0.000000
4.065074,1763938760.779523,1763938734,0.451269,0.000151,0.000000,0.000000,0.000000,0.000000,-0.344366,0.344366
4.085103,1763938760.799565,1763938734,0.451269,0.000151,0.000000,-0.000265,0.000000,0.000000,0.000000,0.000000
4.105133,1763938760.819606,1763938734,0.451269,0.000155,0.000000,0.000925,0.000000,0.000000,0.000000,0.344366
4.125153,1763938760.839632,1763938734,0.451269,0.000151,0.000000,-0.000923,0.000000,0.000000,0.000000,0.000000
4.145204,1763938760.859709,1763938734,0.451269,0.000151,0.000000,0.000000,0.000000,0.000000,0.000000,0.000000
4.165240,1763938760.879756,1763938734,0.451269,0.000155,0.000000,0.000925,0.000000,0.000000,0.000000,0.000000
4.185263,1763938760.899770,1763938734,0.451269,0.000151,0.000000,-0.000000,0.000000,0.000000,0.000000,0.000000
4.205243,1763938760.919747,1763938734,0.451269,0.000151,0.000000,0.000000,0.000000,0.000000,0.000000,0.000000
4.225239,1763938760.939732,1763938734,0.451269,0.000151,0.000000,-0.000500,0.000000,0.000000,0.344366,0.000000
4.245251,1763938760.959744,1763938734,0.451269,0.000151,0.000000,0.000000,0.000000,0.000000,0.000000,0.000000
4.265263,1763938760.979756,1763938734,0.451269,0.000151,0.000000,0.000000,0.000000,0.000000,0.000000,0.000000
4.285274,1763938760.999768,1763938734,0.451269,0.000151,0.000000,0.000000,0.000000,0.000000,0.000000,-0.344366
4.305287,1763938761.019781,1763938734,0.451269,0.000151,0.000000,0.000074,0.000000,0.000000,0.000000,0.000000
4.325299,1763938761.039793,1763938734,0.451269,0.000155,0.000000,0.000946,0.000000,0.000000,0.000000,0.000000
4.345310,1763938761.059804,1763938734,0.451269,0.000155,0.000000,0.000074,0.000000,0.000000,0.344366,0.000000
4.365321,1763938761.079814,1763938734,0.451269,0.000155,0.000000,0.000925,0.000000,0.000000,0.000000,0.000000
4.385334,1763938761.099828,1763938734,0.451269,0.000151,0.000000,-0.000907,0.000000,0.000000,0.000000,0.000000
4.405344,1763938761.119837,1763938734,0.451269,0.000155,0.000000,0.000940,0.000000,0.000000,0.000000,0.344366
4.425356,1763938761.139849,1763938734,0.451269,0.000151,0.000000,0.000000,0.000000,0.000000,0.000000,0.000000
4.445380,1763938761.159869,1763938734,0.451269,0.000151,0.000000,0.000000,0.000000,0.000000,0.000000,-0.344366
4.465377,1763938761.179870,1763938734,0.451269,0.000151,0.000000,-0.000943,0.000000,0.000000,0.000000,0.000000
4.485376,1763938761.199863,1763938734,0.451269,0.000151,0.000000,0.000000,0.000000,0.000000,0.000000,0.000000
4.505386,1763938761.219872,1763938734,0.451269,0.000151,0.000000,0.000000,0.000000,0.000000,0.000000,0.344366
4.525398,1763938761.239884,1763938734,0.451269,0.000151,0.000000,-0.000500,0.000000,0.000000,0.000000,0.344366
4.545407,1763938761.259893,1763938734,0.451269,0.000151,0.000000,-0.000946,0.000000,0.000000,0.000000,-0.344366
4.565417,1763938761.279903,1763938734,0.451269,0.000151,0.000000,-0.000943,0.000000,0.000000,0.000000,0.000000
4.585429,1763938761.299915,1763938734,0.451269,0.000151,0.000000,-0.000643,0.000000,0.000000,0.000000,0.000000
4.605422,1763938761.319901,1763938734,0.451269,0.000151,0.000000,0.000000,0.000000,0.000000,0.000000,0.000000
4.625448,1763938761.339934,1763938734,0.451269,0.000151,0.000000,0.000000,0.000000,0.000000,0.000000,-0.344366
4.645460,1763938761.359946,1763938734,0.451269,0.000151,0.000000,0.000000,0.000000,0.000000,0.000000,-0.344366
4.665438,1763938761.379911,1763938734,0.451269,0.000151,0.000000,-0.000943,0.000000,0.000000,0.000000,0.000000
4.685458,1763938761.399937,1763938734,0.451269,0.000151,0.000000,0.000000,0.000000,0.000000,0.000000,0.000000
4.705552,1763938761.420052,1763938734,0.451269,0.000151,0.000000,0.000446,0.000000,0.000000,0.000000,0.000000
4.725493,1763938761.439980,1763938734,0.451269,0.000151,0.000000,-0.000265,0.000000,0.000000,0.000000,0.000000
4.745502,1763938761.459989,1763938734,0.451269,0.000151,0.000000,-0.000264,0.000000,0.000000,0.000000,0.000000
4.765564,1763938761.480136,1763938734,0.451269,0.000151,0.000000,0.000000,0.000000,0.000000,0.000000,0.000000
4.785436,1763938761.499877,1763938734,0.451269,0.000151,0.000000,-0.000021,0.000000,0.000000,-0.344366,0.000000
4.805484,1763938761.519949,1763938734,0.451269,0.000151,0.000000,0.000000,0.000000,0.000000,0.000000,0.000000
4.825499,1763938761.539967,1763938734,0.451269,0.000151,0.000000,-0.000001,0.000000,0.000000,0.000000,0.000000
4.845506,1763938761.559975,1763938734,0.451269,0.000151,0.000000,0.000000,0.000000,0.000000,0.000000,0.344366
4.865520,1763938761.579992,1763938734,0.451269,0.000151,0.000000,0.000000,0.000000,0.000000,0.000000,0.344366
4.885647,1763938761.600167,1763938734,0.451269,0.000151,0.000000,-0.000262,0.000000,0.000000,0.000000,0.344366
4.905633,1763938761.620139,1763938734,0.451269,0.000151,0.000000,-0.000935,0.000000,0.000000,0.000000,0.000000
4.925627,1763938761.640123,1763938734,0.451269,0.000151,0.000000,0.000000,0.000000,0.000000,0.000000,-0.344366
4.945621,1763938761.660110,1763938734,0.451269,0.000151,0.000000,0.000000,0.000000,0.000000,0.000000,0.000000
4.965733,1763938761.680256,1763938734,0.451269,0.000151,0.000000,-0.000074,0.000000,0.000000,0.000000,0.000000
4.985557,1763938761.700050,1763938734,0.451269,0.000151,0.000000,-0.000265,0.000000,0.000000,0.000000,0.000000
5.005679,1763938761.720184,1763938734,0.451269,0.000151,0.000000,-0.000925,0.000000,0.000000,-0.344366,-0.344366
5.025677,1763938761.740171,1763938734,0.451269,0.000155,0.000000,0.000264,0.000000,0.000000,0.000000,-0.344366
5.045545,1763938761.759980,1763938734,0.451269,0.000155,0.000000,0.000945,0.000000,0.000000,0.000000,0.000000
5.065594,1763938761.780046,1763938734,0.451269,0.000155,0.000000,0.000000,0.000000,0.000000,0.000000,0.000000
5.085625,1763938761.800086,1763938734,0.451269,0.000155,0.000000,0.000935,0.000000,0.000000,0.000000,0.000000
5.105654,1763938761.820128,1763938734,0.451269,0.000151,0.000000,-0.000006,0.000000,0.000000,0.344366,0.344366
5.125674,1763938761.840153,1763938734,0.451269,0.000151,0.000000,0.000000,0.000000,0.000000,0.000000,-0.344366
5.145700,1763938761.860187,1763938734,0.451269,0.000155,0.000000,0.000682,0.000000,0.000000,0.000000,0.000000
5.165710,1763938761.880196,1763938734,0.451269,0.000151,0.000000,0.000000,0.000000,0.000000,0.000000,0.344366
5.185643,1763938761.900100,1763938734,0.451269,0.000155,0.000000,0.000940,0.000000,0.000000,0.344366,0.344366
5.205783,1763938761.920300,1763938734,0.451269,0.000151,0.000000,-0.000000,0.000000,0.000000,0.000000,0.344366
5.225785,1763938761.940281,1763938734,0.451269,0.000151,0.000000,0.000000,0.000000,0.000000,0.000000,0.000000
5.245769,1763938761.960261,1763938734,0.451269,0.000151,0.000000,0.000073,0.000000,0.000000,0.344366,0.344366
5.265779,1763938761.980272,1763938734,0.451269,0.000155,0.000000,0.000945,0.000000,0.000000,0.344366,0.000000
5.285790,1763938762.000283,1763938734,0.451269,0.000155,0.000000,0.000925,0.000000,0.000000,0.000000,0.000000
5.305789,1763938762.020275,1763938734,0.451269,0.000151,0.000000,0.000000,0.000000,0.000000,0.000000,0.344366
5.325799,1763938762.040285,1763938734,0.451269,0.000151,0.000000,0.000000,0.000000,0.000000,0.344366,0.000000
5.345810,1763938762.060297,1763938734,0.451269,0.000151,0.000000,0.000000,0.000000,0.000000,-0.344366,0.344366
5.365821,1763938762.080307,1763938734,0.451269,0.000151,0.000000,-0.000940,0.000000,0.000000,0.000000,0.000000
5.385840,1763938762.100334,1763938734,0.451269,0.000151,0.000000,0.000000,0.000000,0.000000,0.000000,0.000000
5.405840,1763938762.120325,1763938734,0.451269,0.000151,0.000000,-0.000039,0.000000,0.000000,0.344366,0.000000
5.425834,1763938762.140312,1763938734,0.451269,0.000151,0.000000,-0.000946,0.000000,0.000000,0.000000,-0.344366
5.445859,1763938762.160345,1763938734,0.451269,0.000151,0.000000,0.000000,0.000000,0.000000,0.000000,0.000000
5.465867,1763938762.180353,1763938734,0.451269,0.000155,0.000000,0.000907,0.000000,0.000000,0.000000,0.344366
5.485904,1763938762.200392,1763938734,0.451269,0.000155,0.000000,0.000935,0.000000,0.000000,-0.344366,0.344366
5.505889,1763938762.220375,1763938734,0.451269,0.000151,0.000000,0.000000,0.000000,0.000000,0.000000,0.344366
5.525899,1763938762.240385,1763938734,0.451269,0.000151,0.000000,0.000000,0.000000,0.000000,0.000000,0.000000
5.545908,1763938762.260394,1763938734,0.451269,0.000151,0.000000,-0.000943,0.000000,0.000000,0.000000,-0.344366
5.565918,1763938762.280403,1763938734,0.451269,0.000155,0.000000,0.000140,0.000000,0.000000,0.000000,0.000000
5.585928,1763938762.300415,1763938734,0.451269,0.000155,0.000000,0.000946,0.000000,0.000000,0.000000,-0.344366
5.605950,1763938762.320443,1763938734,0.451269,0.000155,0.000000,0.000946,0.000000,0.000000,0.000000,-0.344366
5.625947,1763938762.340434,1763938734,0.451269,0.000155,0.000000,0.000946,0.000000,0.000000,0.000000,0.000000
5.645958,1763938762.360458,1763938734,0.451269,0.000155,0.000000,0.000940,0.000000,0.000000,0.000000,0.000000
5.665968,1763938762.380455,1763938734,0.451269,0.000155,0.000000,0.000907,0.000000,0.000000,0.000000,0.000000
5.685978,1763938762.400464,1763938734,0.451269,0.000155,0.000000,0.000000,0.000000,0.000000,0.000000,0.344366
5.705988,1763938762.420474,1763938734,0.451269,0.000155,0.000000,0.000925,0.000000,0.000000,0.000000,0.000000
5.726011,1763938762.440504,1763938734,0.451269,0.000155,0.000000,0.000906,0.000000,0.000000,0.344366,0.000000
5.746047,1763938762.460543,1763938734,0.451269,0.000151,0.000000,-0.000002,0.000000,0.000000,0.000000,0.344366
5.766031,1763938762.480524,1763938734,0.451269,0.000151,0.000000,-0.000946,0.000000,0.000000,0.000000,0.344366
5.786040,1763938762.500532,1763938734,0.451269,0.000155,0.000000,0.000074,0.000000,0.000000,0.344366,-0.344366
5.806024,1763938762.520502,1763938734,0.451269,0.000155,0.000000,0.000872,0.000000,0.000000,0.000000,0.000000
5.826049,1763938762.540534,1763938734,0.451269,0.000155,0.000000,0.000940,0.000000,0.000000,-0.344366,0.000000
5.846070,1763938762.560563,1763938734,0.451269,0.000155,0.000000,0.000940,0.000000,0.000000,0.000000,0.344366
5.866081,1763938762.580574,1763938734,0.451269,0.000151,0.000000,-0.000140,0.000000,0.000000,0.000000,0.000000
5.886078,1763938762.600564,1763938734,0.451269,0.000151,0.000000,-0.000923,0.000000,0.000000,0.344366,0.000000
5.906141,1763938762.620660,1763938734,0.451269,0.000151,0.000000,-0.000930,0.000000,0.000000,0.000000,0.000000
5.926131,1763938762.640635,1763938734,0.451269,0.000151,0.000000,0.000000,0.000000,0.000000,0.000000,0.000000
5.946144,1763938762.660648,1763938734,0.451269,0.000151,0.000000,-0.000140,0.000000,0.000000,0.000000,0.000000
5.966138,1763938762.680631,1763938734,0.451269,0.000151,0.000000,0.000000,0.000000,0.000000,0.000000,0.344366
5.986149,1763938762.700642,1763938734,0.451269,0.000151,0.000000,0.000000,0.000000,0.000000,0.000000,0.344366
6.006186,1763938762.720682,1763938734,0.451269,0.000151,0.000000,0.000806,0.000000,0.000000,0.344366,-0.344366
6.026170,1763938762.740663,1763938734,0.451269,0.000151,0.000000,0.000000,0.000000,0.000000,0.000000,0.000000
6.046077,1763938762.760514,1763938734,0.451269,0.000151,0.000000,-0.000940,0.000000,0.000000,0.000000,0.000000
6.066092,1763938762.780537,1763938734,0.451269,0.000155,0.000000,-0.000306,0.000000,0.000000,0.000000,0.000000
6.086117,1763938762.800571,1763938734,0.451269,0.000155,0.000000,0.000944,0.000000,0.000000,0.000000,0.344366
6.106135,1763938762.820597,1763938734,0.451269,0.000155,0.000000,0.000940,0.000000,0.000000,0.000000,0.000000
6.126154,1763938762.840623,1763938734,0.451269,0.000151,0.000000,-0.000002,0.000000,0.000000,0.344366,-0.344366
6.146171,1763938762.860644,1763938734,0.451269,0.000151,0.000000,0.000000,0.000000,0.000000,0.000000,0.000000
6.166193,1763938762.880672,1763938734,0.451269,0.000155,0.000000,0.000264,0.000000,0.000000,0.000000,0.000000
6.186152,1763938762.900612,1763938734,0.451269,0.000151,0.000000,-0.000946,0.000000,0.000000,-0.344366,0.000000
6.206202,1763938762.920675,1763938734,0.451269,0.000151,0.000000,0.000682,0.000000,0.000000,0.000000,0.344366
0.040739,1763938769.369147,1763938734,0.451269,0.000155,0.000000,0.000000,0.000000,0.000000,0.000000,0.344366
0.060726,1763938769.389120,1763938734,0.451269,0.000155,0.000000,0.000000,0.000000,0.000000,0.000000,0.344366
0.080757,1763938769.409167,1763938734,0.451269,0.000155,0.000000,0.000000,0.000000,0.000000,0.000000,0.344366
0.100770,1763938769.429179,1763938734,0.451269,0.000155,0.000000,0.000000,0.000000,0.000000,0.000000,0.344366
0.120786,1763938769.449205,1763938734,0.451269,0.000155,0.000000,0.000000,0.000000,0.000000,0.000000,0.000000
0.140819,1763938769.469251,1763938734,0.451269,0.000155,0.000000,0.000000,0.000000,0.000000,0.000000,0.000000
0.160827,1763938769.489260,1763938734,0.451269,0.000155,0.000000,0.000000,0.000000,0.000000,0.000000,0.000000
0.180834,1763938769.509266,1763938734,0.451269,0.000155,0.000000,0.000000,0.000000,0.000000,0.000000,-0.344366
0.200792,1763938769.529211,1763938734,0.451269,0.000155,0.000000,0.000073,0.000000,0.000000,0.000000,0.000000
0.220880,1763938769.549327,1763938734,0.451269,0.000155,0.000000,0.000000,0.000000,0.000000,0.344366,0.000000
0.240890,1763938769.569335,1763938734,0.451269,0.000155,0.000000,0.000000,0.000000,0.000000,0.000000,0.000000
0.260912,1763938769.589367,1763938734,0.451269,0.000155,0.000000,0.000000,0.000000,0.000000,0.000000,0.000000
0.280884,1763938769.609317,1763938734,0.451269,0.000155,0.000000,0.000000,0.000000,0.000000,0.000000,0.344366
0.300918,1763938769.629364,1763938734,0.451269,0.000155,0.000000,0.000000,0.000000,0.000000,0.000000,0.344366
0.320928,1763938769.649375,1763938734,0.451269,0.000155,0.000000,0.000000,0.000000,0.000000,0.000000,0.000000
0.340951,1763938769.669404,1763938734,0.451269,0.000155,0.000000,0.000000,0.000000,0.000000,0.000000,0.000000
0.360990,1763938769.689446,1763938734,0.451269,0.000155,0.000000,0.000000,0.000000,0.000000,0.000000,0.000000
0.380972,1763938769.709424,1763938734,0.451269,0.000155,0.000000,0.000000,0.000000,0.000000,0.000000,0.000000
0.400955,1763938769.729394,1763938734,0.451269,0.000155,0.000000,0.000000,0.000000,0.000000,0.000000,0.344366
0.420979,1763938769.749425,1763938734,0.451269,0.000155,0.000000,0.000000,0.000000,0.000000,0.000000,0.000000
0.440997,1763938769.769444,1763938734,0.451269,0.000155,0.000000,0.000000,0.000000,0.000000,0.344366,-0.344366
0.461012,1763938769.789465,1763938734,0.451269,0.000155,0.000000,0.000000,0.000000,0.000000,0.000000,0.344366
0.481023,1763938769.809478,1763938734,0.451269,0.000155,0.000000,0.000000,0.000000,0.000000,0.000000,0.000000
0.501033,1763938769.829487,1763938734,0.451269,0.000155,0.000000,0.000000,0.000000,0.000000,0.000000,0.000000
0.520936,1763938769.849334,1763938734,0.451269,0.000155,0.000000,0.000139,0.000000,0.000000,0.000000,-0.344366
0.540938,1763938769.869337,1763938734,0.451269,0.000155,0.000000,0.000000,0.000000,0.000000,0.000000,0.000000
0.560943,1763938769.889342,1763938734,0.451269,0.000155,0.000000,0.000000,0.000000,0.000000,0.344366,0.000000
0.580961,1763938769.909368,1763938734,0.451269,0.000155,0.000000,0.000000,0.000000,0.000000,0.000000,0.000000
0.600982,1763938769.929401,1763938734,0.451269,0.000155,0.000000,0.000000,0.000000,0.000000,0.000000,0.344366
0.621027,1763938769.949459,1763938734,0.451269,0.000155,0.000000,0.000000,0.000000,0.000000,0.000000,0.000000
0.641008,1763938769.969433,1763938734,0.451269,0.000155,0.000000,0.000000,0.000000,0.000000,0.344366,-0.344366
0.661031,1763938769.989465,1763938734,0.451269,0.000155,0.000000,0.000000,0.000000,0.000000,0.000000,0.344366
0.681060,1763938770.009505,1763938734,0.451269,0.000155,0.000000,0.000000,0.000000,0.000000,0.000000,0.344366
0.701075,1763938770.029521,1763938734,0.451269,0.000155,0.000000,0.000000,0.000000,0.000000,0.344366,0.000000
0.721096,1763938770.049550,1763938734,0.451269,0.000155,0.000000,0.000000,0.000000,0.000000,0.000000,0.000000
0.741013,1763938770.069426,1763938734,0.451269,0.000155,0.000000,0.000000,0.000000,0.000000,0.000000,0.344366
0.761117,1763938770.089571,1763938734,0.451269,0.000155,0.000000,-0.000074,0.000000,0.000000,0.000000,0.000000
0.781049,1763938770.109470,1763938734,0.451269,0.000151,0.000000,-0.000946,0.000000,0.000000,0.000000,0.000000
0.801137,1763938770.129591,1763938734,0.451269,0.000155,0.000000,0.000000,0.000000,0.000000,0.000000,0.000000
0.821148,1763938770.149601,1763938734,0.451269,0.000155,0.000000,0.000000,0.000000,0.000000,0.344366,0.000000
0.841159,1763938770.169612,1763938734,0.451269,0.000155,0.000000,0.000000,0.000000,0.000000,0.000000,0.000000
0.861075,1763938770.189488,1763938734,0.451269,0.000155,0.000000,0.000000,0.000000,0.000000,0.000000,0.000000
0.881217,1763938770.209673,1763938734,0.451269,0.000155,0.000000,0.000000,0.000000,0.000000,0.000000,0.000000
0.901204,1763938770.229668,1763938734,0.451269,0.000155,0.000000,0.000000,0.000000,0.000000,0.000000,0.344366
0.921239,1763938770.249717,1763938734,0.451269,0.000155,0.000000,0.000000,0.000000,0.000000,0.000000,0.000000
0.941252,1763938770.269729,1763938734,0.451269,0.000155,0.000000,0.000000,0.000000,0.000000,0.000000,0.344366
0.961267,1763938770.289744,1763938734,0.451269,0.000155,0.000000,0.000000,0.000000,0.000000,0.000000,0.000000
0.981155,1763938770.309577,1763938734,0.451269,0.000155,0.000000,0.000000,0.000000,0.000000,0.000000,0.344366
1.001192,1763938770.329617,1763938734,0.451269,0.000155,0.000000,0.000000,0.000000,0.000000,0.000000,0.344366
1.021134,1763938770.349528,1763938734,0.451269,0.000155,0.000000,0.000000,0.000000,0.000000,0.000000,0.000000
1.041142,1763938770.369538,1763938734,0.451269,0.000155,0.000000,0.000000,0.000000,0.000000,0.000000,0.344366
1.061169,1763938770.389576,1763938734,0.451269,0.000155,0.000000,0.000000,0.000000,0.000000,0.000000,-0.344366
1.081192,1763938770.409608,1763938734,0.451269,0.000155,0.000000,0.000000,0.000000,0.000000,0.000000,0.000000
1.101212,1763938770.429637,1763938734,0.451269,0.000155,0.000000,0.000000,0.000000,0.000000,0.000000,0.000000
1.121234,1763938770.449668,1763938734,0.451269,0.000155,0.000000,0.000000,0.000000,0.000000,0.000000,0.000000
1.141297,1763938770.469746,1763938734,0.451269,0.000155,0.000000,0.000000,0.000000,0.000000,0.000000,0.000000
1.161280,1763938770.489725,1763938734,0.451269,0.000155,0.000000,0.000000,0.000000,0.000000,0.000000,0.000000
1.181300,1763938770.509755,1763938734,0.451269,0.000155,0.000000,0.000000,0.000000,0.000000,0.000000,0.000000
1.201223,1763938770.529639,1763938734,0.451269,0.000155,0.000000,0.000000,0.000000,0.000000,0.000000,0.000000
1.221292,1763938770.549731,1763938734,0.451269,0.000155,0.000000,0.000000,0.000000,0.000000,0.000000,0.000000
1.241316,1763938770.569762,1763938734,0.451269,0.000155,0.000000,0.000000,0.000000,0.000000,0.000000,0.000000
1.261326,1763938770.589772,1763938734,0.451269,0.000155,0.000000,0.000000,0.000000,0.000000,-0.344366,0.000000
1.281349,1763938770.609803,1763938734,0.451269,0.000155,0.000000,0.000000,0.000000,0.000000,0.000000,0.000000
1.301360,1763938770.629813,1763938734,0.451269,0.000155,0.000000,0.000000,0.000000,0.000000,0.344366,0.344366
1.321371,1763938770.649824,1763938734,0.451269,0.000155,0.000000,0.000000,0.000000,0.000000,0.000000,0.344366
1.341354,1763938770.669793,1763938734,0.451269,0.000155,0.000000,0.000000,0.000000,0.000000,0.000000,0.000000
1.361379,1763938770.689821,1763938734,0.451269,0.000155,0.000000,0.000000,0.000000,0.000000,0.000000,0.000000
1.381389,1763938770.709835,1763938734,0.451269,0.000155,0.000000,0.000000,0.000000,0.000000,0.000000,0.000000
1.401373,1763938770.729812,1763938734,0.451269,0.000155,0.000000,0.000000,0.000000,0.000000,0.000000,0.000000
1.421386,1763938770.749823,1763938734,0.451269,0.000155,0.000000,0.000000,0.000000,0.000000,0.000000,0.000000
1.441386,1763938770.769815,1763938734,0.451269,0.000155,0.000000,0.000000,0.000000,0.000000,0.000000,0.000000
1.461462,1763938770.789893,1763938734,0.451269,0.000155,0.000000,0.000000,0.000000,0.000000,0.344366,0.000000
1.481395,1763938770.809817,1763938734,0.451269,0.000155,0.000000,0.000000,0.000000,0.000000,0.000000,0.000000
1.501401,1763938770.829824,1763938734,0.451269,0.000155,0.000000,0.000000,0.000000,0.000000,0.000000,-0.344366
1.521409,1763938770.849831,1763938734,0.451269,0.000155,0.000000,0.000000,0.000000,0.000000,0.000000,0.000000
1.541431,1763938770.869853,1763938734,0.451269,0.000155,0.000000,0.000000,0.000000,0.000000,0.344366,0.000000
1.561557,1763938770.890030,1763938734,0.451269,0.000155,0.000000,0.000000,0.000000,0.000000,0.000000,0.000000
1.581608,1763938770.910124,1763938734,0.451269,0.000155,0.000000,0.000000,0.000000,0.000000,0.344366,-0.344366
1.601598,1763938770.930097,1763938734,0.451269,0.000155,0.000000,0.000000,0.000000,0.000000,0.000000,0.000000
1.621594,1763938770.950081,1763938734,0.451269,0.000155,0.000000,0.000000,0.000000,0.000000,0.000000,0.344366
1.641604,1763938770.970088,1763938734,0.451269,0.000155,0.000000,0.000000,0.000000,0.000000,0.000000,0.344366
1.661653,1763938770.990103,1763938734,0.451269,0.000155,0.000000,0.000000,0.000000,0.000000,0.000000,0.000000
1.681550,1763938771.009981,1763938734,0.451269,0.000155,0.000000,0.000011,0.000000,0.000000,0.000000,0.344366
1.701567,1763938771.030098,1763938734,0.451269,0.000155,0.000000,0.000000,0.000000,0.000000,-0.344366,0.000000
1.721577,1763938771.050024,1763938734,0.451269,0.000155,0.000000,0.000000,0.000000,0.000000,0.000000,0.344366
1.741586,1763938771.070035,1763938734,0.451269,0.000155,0.000000,0.000000,0.000000,0.000000,0.000000,0.344366
1.761667,1763938771.090095,1763938734,0.451269,0.000155,0.000000,0.000000,0.000000,0.000000,-0.344366,-0.344366
1.781678,1763938771.110108,1763938734,0.451269,0.000155,0.000000,0.000000,0.000000,0.000000,-0.344366,0.000000
1.801808,1763938771.130285,1763938734,0.451269,0.000155,0.000000,0.000000,0.000000,0.000000,0.000000,0.000000
1.821821,1763938771.150299,1763938734,0.451269,0.000155,0.000000,0.000940,0.000000,0.000000,0.000000,-0.344366
1.841851,1763938771.170329,1763938734,0.451269,0.000151,0.000000,-0.000945,0.000000,0.000000,0.000000,-0.344366
1.861865,1763938771.190343,1763938734,0.451269,0.000155,0.000000,0.000000,0.000000,0.000000,-0.344366,0.000000
1.881880,1763938771.210358,1763938734,0.451269,0.000155,0.000000,0.000000,0.000000,0.000000,0.000000,0.000000
1.901870,1763938771.230334,1763938734,0.451269,0.000155,0.000000,0.000000,0.000000,0.000000,0.344366,0.344366
1.921891,1763938771.250341,1763938734,0.451269,0.000155,0.000000,0.000000,0.000000,0.000000,-0.344366,0.000000
1.941877,1763938771.270331,1763938734,0.451269,0.000155,0.000000,0.000000,0.000000,0.000000,0.344366,0.000000
1.961888,1763938771.290342,1763938734,0.451269,0.000155,0.000000,0.000000,0.000000,0.000000,0.344366,0.000000
1.981900,1763938771.310354,1763938734,0.451269,0.000155,0.000000,0.000000,0.000000,0.000000,0.000000,0.000000
2.001911,1763938771.330365,1763938734,0.451269,0.000155,0.000000,0.000000,0.000000,0.000000,0.000000,0.000000
2.021910,1763938771.350356,1763938734,0.451269,0.000155,0.000000,0.000000,0.000000,0.000000,0.000000,-0.344366
2.041819,1763938771.370214,1763938734,0.451269,0.000155,0.000000,0.000000,0.000000,0.000000,0.344366,0.000000
2.061843,1763938771.390247,1763938734,0.451269,0.000155,0.000000,0.000000,0.000000,0.000000,0.000000,0.000000
2.081865,1763938771.410280,1763938734,0.451269,0.000155,0.000000,0.000000,0.000000,0.000000,0.000000,0.000000
2.101889,1763938771.430314,1763938734,0.451269,0.000155,0.000000,0.000000,0.000000,0.000000,0.000000,0.000000
2.121923,1763938771.450357,1763938734,0.451269,0.000155,0.000000,-0.000446,0.000000,0.000000,0.000000,0.000000
2.141934,1763938771.470381,1763938734,0.451269,0.000155,0.000000,0.000000,0.000000,0.000000,0.000000,0.000000
2.161957,1763938771.490403,1763938734,0.451269,0.000155,0.000000,0.000000,0.000000,0.000000,0.000000,0.000000
2.182012,1763938771.510469,1763938734,0.451269,0.000151,0.000000,-0.000925,0.000000,0.000000,0.000000,0.000000
2.202032,1763938771.530510,1763938734,0.451269,0.000155,0.000000,0.000000,0.000000,0.000000,0.000000,0.000000
2.222108,1763938771.550586,1763938734,0.451269,0.000155,0.000000,0.000000,0.000000,0.000000,0.000000,0.000000
2.242121,1763938771.570598,1763938734,0.451269,0.000155,0.000000,0.000000,0.000000,0.000000,0.000000,0.344366
2.262035,1763938771.590476,1763938734,0.451269,0.000151,0.000000,-0.000925,0.000000,0.000000,0.000000,0.000000
2.282144,1763938771.610621,1763938734,0.451269,0.000155,0.000000,0.000000,0.000000,0.000000,0.000000,-0.344366
2.302136,1763938771.630599,1763938734,0.451269,0.000155,0.000000,0.000000,0.000000,0.000000,0.000000,-0.344366
2.322148,1763938771.650611,1763938734,0.451269,0.000151,0.000000,-0.000872,0.000000,0.000000,0.344366,0.000000
2.342184,1763938771.670661,1763938734,0.451269,0.000155,0.000000,0.000000,0.000000,0.000000,0.344366,0.000000
2.362091,1763938771.690529,1763938734,0.451269,0.000155,0.000000,0.000000,0.000000,0.000000,0.000000,0.000000
2.382171,1763938771.710624,1763938734,0.451269,0.000155,0.000000,0.000000,0.000000,0.000000,0.344366,-0.344366
2.402128,1763938771.730559,1763938734,0.451269,0.000155,0.000000,0.000000,0.000000,0.000000,0.000000,0.344366
2.422184,1763938771.750637,1763938734,0.451269,0.000155,0.000000,0.000000,0.000000,0.000000,0.000000,0.000000
2.442223,1763938771.770679,1763938734,0.451269,0.000155,0.000000,0.000000,0.000000,0.000000,0.344366,0.000000
2.462209,1763938771.790663,1763938734,0.451269,0.000155,0.000000,0.000000,0.000000,0.000000,0.000000,0.000000
0.040567,1763938774.849139,1763938734,0.451269,0.000155,0.000000,0.000000,0.000000,0.000000,0.000000,0.000000
0.060601,1763938774.869184,1763938734,0.451269,0.000155,0.000000,0.000000,0.000000,0.000000,0.000000,0.344366
0.080590,1763938774.889168,1763938734,0.451269,0.000155,0.000000,0.000000,0.000000,0.000000,-0.344366,0.344366
0.100591,1763938774.909163,1763938734,0.451269,0.000155,0.000000,0.000000,0.000000,0.000000,0.000000,0.344366
0.120589,1763938774.929163,1763938734,0.451269,0.000155,0.000000,0.000000,0.000000,0.000000,0.000000,0.344366
0.140607,1763938774.949191,1763938734,0.451269,0.000155,0.000000,0.000000,0.000000,0.000000,0.000000,0.344366
0.160630,1763938774.969223,1763938734,0.451269,0.000155,0.000000,0.000000,0.000000,0.000000,0.000000,0.000000
0.180663,1763938774.989270,1763938734,0.451269,0.000155,0.000000,0.000000,0.000000,0.000000,0.000000,0.000000
0.200671,1763938775.009278,1763938734,0.451269,0.000155,0.000000,0.000000,0.000000,0.000000,-0.344366,0.000000
0.220706,1763938775.029326,1763938734,0.451269,0.000155,0.000000,0.000000,0.000000,0.000000,0.000000,0.000000
0.240717,1763938775.049338,1763938734,0.451269,0.000155,0.000000,0.000000,0.000000,0.000000,0.000000,0.344366
0.260727,1763938775.069347,1763938734,0.451269,0.000155,0.000000,0.000000,0.000000,0.000000,0.000000,0.344366
0.280749,1763938775.089376,1763938734,0.451269,0.000155,0.000000,0.000000,0.000000,0.000000,0.000000,0.000000
0.300736,1763938775.109349,1763938734,0.451269,0.000155,0.000000,0.000000,0.000000,0.000000,0.000000,0.344366
0.320757,1763938775.129377,1763938734,0.451269,0.000155,0.000000,0.000000,0.000000,0.000000,0.000000,0.000000
0.340768,1763938775.149388,1763938734,0.451269,0.000155,0.000000,0.000000,0.000000,0.000000,0.000000,0.000000
0.360803,1763938775.169425,1763938734,0.451269,0.000155,0.000000,0.000000,0.000000,0.000000,0.000000,0.000000
0.380790,1763938775.189410,1763938734,0.451269,0.000155,0.000000,0.000000,0.000000,0.000000,0.000000,0.344366
0.400800,1763938775.209420,1763938734,0.451269,0.000155,0.000000,0.000000,0.000000,0.000000,0.000000,-0.344366
0.420810,1763938775.229429,1763938734,0.451269,0.000155,0.000000,0.000000,0.000000,0.000000,0.000000,0.000000
0.440820,1763938775.249440,1763938734,0.451269,0.000155,0.000000,0.000000,0.000000,0.000000,0.000000,0.000000
0.460843,1763938775.269470,1763938734,0.451269,0.000155,0.000000,0.000000,0.000000,0.000000,0.000000,0.000000
0.480854,1763938775.289482,1763938734,0.451269,0.000155,0.000000,0.000000,0.000000,0.000000,0.000000,0.000000
0.500866,1763938775.309494,1763938734,0.451269,0.000155,0.000000,0.000000,0.000000,0.000000,0.000000,0.000000
0.520829,1763938775.329432,1763938734,0.451269,0.000155,0.000000,0.000000,0.000000,0.000000,0.344366,0.344366
0.540774,1763938775.349344,1763938734,0.451269,0.000155,0.000000,0.000000,0.000000,0.000000,0.344366,-0.344366
0.560802,1763938775.369388,1763938734,0.451269,0.000155,0.000000,0.000000,0.000000,0.000000,0.000000,0.000000
0.580839,1763938775.389442,1763938734,0.451269,0.000155,0.000000,0.000000,0.000000,0.000000,0.000000,-0.344366
0.600867,1763938775.409480,1763938734,0.451269,0.000155,0.000000,0.000000,0.000000,0.000000,0.000000,0.000000
0.620917,1763938775.429539,1763938734,0.451269,0.000155,0.000000,0.000000,0.000000,0.000000,0.000000,0.000000
0.640898,1763938775.449518,1763938734,0.451269,0.000155,0.000000,0.000000,0.000000,0.000000,0.000000,0.000000
0.660921,1763938775.469550,1763938734,0.451269,0.000155,0.000000,0.000000,0.000000,0.000000,0.000000,-0.344366
0.680931,1763938775.489558,1763938734,0.451269,0.000155,0.000000,0.000000,0.000000,0.000000,-0.344366,0.000000
0.700942,1763938775.509569,1763938734,0.451269,0.000155,0.000000,0.000000,0.000000,0.000000,0.344366,0.000000
0.720952,1763938775.529579,1763938734,0.451269,0.000155,0.000000,0.000000,0.000000,0.000000,0.000000,0.000000
0.740963,1763938775.549591,1763938734,0.451269,0.000155,0.000000,0.000000,0.000000,0.000000,0.000000,0.344366
0.760962,1763938775.569582,1763938734,0.451269,0.000155,0.000000,0.000000,0.000000,0.000000,0.000000,0.000000
0.780984,1763938775.589612,1763938734,0.451269,0.000155,0.000000,0.000000,0.000000,0.000000,0.344366,0.000000
0.800995,1763938775.609622,1763938734,0.451269,0.000155,0.000000,0.000000,0.000000,0.000000,0.344366,0.000000
0.821005,1763938775.629633,1763938734,0.451269,0.000155,0.000000,0.000000,0.000000,0.000000,0.000000,0.000000
0.841016,1763938775.649643,1763938734,0.451269,0.000155,0.000000,0.000000,0.000000,0.000000,0.000000,0.344366
0.861026,1763938775.669655,1763938734,0.451269,0.000155,0.000000,0.000000,0.000000,0.000000,0.344366,-0.344366
0.881064,1763938775.689694,1763938734,0.451269,0.000155,0.000000,0.000000,0.000000,0.000000,-0.344366,0.000000
0.901049,1763938775.709676,1763938734,0.451269,0.000155,0.000000,0.000000,0.000000,0.000000,0.000000,0.000000
0.921060,1763938775.729688,1763938734,0.451269,0.000155,0.000000,0.000000,0.000000,0.000000,0.000000,0.000000
0.941059,1763938775.749680,1763938734,0.451269,0.000155,0.000000,0.000000,0.000000,0.000000,0.000000,-0.344366
0.961068,1763938775.769689,1763938734,0.451269,0.000155,0.000000,0.000000,0.000000,0.000000,0.000000,0.000000
0.981078,1763938775.789698,1763938734,0.451269,0.000155,0.000000,0.000000,0.000000,0.000000,0.344366,0.000000
1.001089,1763938775.809710,1763938734,0.451269,0.000155,0.000000,0.000000,0.000000,0.000000,0.344366,0.344366
1.021098,1763938775.829718,1763938734,0.451269,0.000155,0.000000,0.000000,0.000000,0.000000,0.000000,0.000000
1.041021,1763938775.849597,1763938734,0.451269,0.000155,0.000000,0.000000,0.000000,0.000000,0.000000,0.000000
1.061091,1763938775.869703,1763938734,0.451269,0.000155,0.000000,0.000000,0.000000,0.000000,0.000000,0.344366
1.081136,1763938775.889773,1763938734,0.451269,0.000155,0.000000,0.000000,0.000000,0.000000,0.000000,0.000000
1.101212,1763938775.909836,1763938734,0.451269,0.000155,0.000000,0.000000,0.000000,0.000000,0.000000,0.000000
1.121112,1763938775.929712,1763938734,0.451269,0.000155,0.000000,0.000000,0.000000,0.000000,0.000000,-0.344366
1.141132,1763938775.949739,1763938734,0.451269,0.000155,0.000000,0.000000,0.000000,0.000000,0.000000,0.344366
1.161087,1763938775.969669,1763938734,0.451269,0.000155,0.000000,0.000000,0.000000,0.000000,0.000000,0.344366
1.181102,1763938775.989681,1763938734,0.451269,0.000155,0.000000,0.000000,0.000000,0.000000,0.000000,0.000000
1.201121,1763938776.009710,1763938734,0.451269,0.000155,0.000000,0.000000,0.000000,0.000000,0.000000,-0.344366
1.221105,1763938776.029683,1763938734,0.451269,0.000155,0.000000,0.000000,0.000000,0.000000,0.000000,0.000000
1.241123,1763938776.049711,1763938734,0.451269,0.000155,0.000000,0.000011,0.000000,0.000000,0.000000,-0.344366
1.261121,1763938776.069708,1763938734,0.451269,0.000155,0.000000,0.000000,0.000000,0.000000,0.000000,-0.344366
1.281121,1763938776.089698,1763938734,0.451269,0.000155,0.000000,0.000000,0.000000,0.000000,0.000000,0.344366
1.301123,1763938776.109701,1763938734,0.451269,0.000155,0.000000,0.000000,0.000000,0.000000,0.000000,0.000000
1.321133,1763938776.129715,1763938734,0.451269,0.000155,0.000000,0.000000,0.000000,0.000000,0.000000,0.344366
1.341128,1763938776.149705,1763938734,0.451269,0.000155,0.000000,0.000000,0.000000,0.000000,0.000000,-0.344366
1.361129,1763938776.169705,1763938734,0.451269,0.000155,0.000000,0.000000,0.000000,0.000000,0.000000,0.344366
1.381131,1763938776.189708,1763938734,0.451269,0.000155,0.000000,0.000000,0.000000,0.000000,0.344366,0.000000
1.401139,1763938776.209715,1763938734,0.451269,0.000155,0.000000,0.000000,0.000000,0.000000,0.000000,-0.344366
1.421135,1763938776.229711,1763938734,0.451269,0.000155,0.000000,0.000000,0.000000,0.000000,0.000000,0.000000
1.441149,1763938776.249729,1763938734,0.451269,0.000155,0.000000,0.000000,0.000000,0.000000,0.000000,0.000000
1.461152,1763938776.269732,1763938734,0.451269,0.000155,0.000000,0.000000,0.000000,0.000000,0.000000,-0.344366
1.481153,1763938776.289729,1763938734,0.451269,0.000155,0.000000,0.000000,0.000000,0.000000,0.344366,0.344366
1.501155,1763938776.309731,1763938734,0.451269,0.000155,0.000000,0.000000,0.000000,0.000000,0.000000,0.000000
1.521192,1763938776.329781,1763938734,0.451269,0.000155,0.000000,0.000000,0.000000,0.000000,0.000000,0.000000
1.541269,1763938776.349896,1763938734,0.451269,0.000155,0.000000,0.000000,0.000000,0.000000,0.000000,0.000000
1.561280,1763938776.369908,1763938734,0.451269,0.000155,0.000000,0.000000,0.000000,0.000000,-0.344366,0.000000
1.581279,1763938776.389899,1763938734,0.451269,0.000155,0.000000,0.000000,0.000000,0.000000,0.344366,0.000000
1.601230,1763938776.409834,1763938734,0.451269,0.000155,0.000000,0.000000,0.000000,0.000000,0.000000,0.000000
1.621224,1763938776.429819,1763938734,0.451269,0.000155,0.000000,0.000000,0.000000,0.000000,0.000000,-0.344366
1.641241,1763938776.449838,1763938734,0.451269,0.000155,0.000000,0.000000,0.000000,0.000000,0.000000,0.000000
1.661350,1763938776.469947,1763938734,0.451269,0.000155,0.000000,0.000000,0.000000,0.000000,0.000000,0.000000
1.681357,1763938776.489956,1763938734,0.451269,0.000155,0.000000,0.000000,0.000000,0.000000,0.000000,0.000000
1.701358,1763938776.509946,1763938734,0.451269,0.000155,0.000000,0.000000,0.000000,0.000000,0.000000,-0.344366
1.721359,1763938776.529945,1763938734,0.451269,0.000155,0.000000,0.000000,0.000000,0.000000,0.000000,0.000000
1.741401,1763938776.550030,1763938734,0.451269,0.000155,0.000000,0.000000,0.000000,0.000000,0.000000,0.000000
1.761541,1763938776.570194,1763938734,0.451269,0.000155,0.000000,0.000000,0.000000,0.000000,-0.344366,0.344366
1.781534,1763938776.590173,1763938734,0.451269,0.000155,0.000000,0.000000,0.000000,0.000000,0.000000,-0.344366
1.801527,1763938776.610156,1763938734,0.451269,0.000155,0.000000,0.000000,0.000000,0.000000,0.000000,0.000000
1.821523,1763938776.630144,1763938734,0.451269,0.000155,0.000000,0.000000,0.000000,0.000000,0.000000,0.000000
1.841532,1763938776.650153,1763938734,0.451269,0.000155,0.000000,0.000000,0.000000,0.000000,0.000000,0.000000
1.861545,1763938776.670172,1763938734,0.451269,0.000155,0.000000,0.000000,0.000000,0.000000,0.000000,0.000000
1.881544,1763938776.690166,1763938734,0.451269,0.000155,0.000000,0.000000,0.000000,0.000000,0.000000,0.344366
1.901484,1763938776.710087,1763938734,0.451269,0.000155,0.000000,0.000000,0.000000,0.000000,0.000000,0.000000
1.921533,1763938776.730145,1763938734,0.451269,0.000155,0.000000,0.000000,0.000000,0.000000,0.344366,0.000000
1.941618,1763938776.750255,1763938734,0.451269,0.000155,0.000000,0.000000,0.000000,0.000000,0.000000,0.344366
1.961632,1763938776.770269,1763938734,0.451269,0.000155,0.000000,0.000000,0.000000,0.000000,0.000000,0.000000
1.981626,1763938776.790254,1763938734,0.451269,0.000155,0.000000,0.000000,0.000000,0.000000,0.000000,0.000000
2.001637,1763938776.810265,1763938734,0.451269,0.000155,0.000000,0.000000,0.000000,0.000000,0.000000,0.000000
2.021650,1763938776.830277,1763938734,0.451269,0.000155,0.000000,0.000000,0.000000,0.000000,0.344366,0.344366
2.041637,1763938776.850301,1763938734,0.451269,0.000155,0.000000,0.000000,0.000000,0.000000,0.000000,-0.344366
2.061568,1763938776.870142,1763938734,0.451269,0.000155,0.000000,0.000000,0.000000,0.000000,0.000000,0.000000
2.081663,1763938776.890259,1763938734,0.451269,0.000155,0.000000,0.000000,0.000000,0.000000,0.000000,0.000000
2.101704,1763938776.910316,1763938734,0.451269,0.000155,0.000000,0.000000,0.000000,0.000000,0.000000,-0.344366
2.121727,1763938776.930347,1763938734,0.451269,0.000155,0.000000,0.000000,0.000000,0.000000,0.000000,0.000000
2.141737,1763938776.950357,1763938734,0.451269,0.000155,0.000000,0.000000,0.000000,0.000000,0.000000,-0.344366
2.161759,1763938776.970384,1763938734,0.451269,0.000155,0.000000,0.000000,0.000000,0.000000,-0.344366,0.000000
2.181785,1763938776.990408,1763938734,0.451269,0.000155,0.000000,0.000000,0.000000,0.000000,0.000000,-0.344366
2.201780,1763938777.010407,1763938734,0.451269,0.000155,0.000000,0.000000,0.000000,0.000000,0.344366,0.000000
2.221792,1763938777.030420,1763938734,0.451269,0.000155,0.000000,0.000000,0.000000,0.000000,0.000000,-0.344366
2.241803,1763938777.050431,1763938734,0.451269,0.000155,0.000000,0.000000,0.000000,0.000000,0.344366,0.000000
2.261815,1763938777.070442,1763938734,0.451269,0.000155,0.000000,0.000000,0.000000,0.000000,0.000000,-0.344366
2.281825,1763938777.090453,1763938734,0.451269,0.000155,0.000000,0.000000,0.000000,0.000000,0.000000,0.000000
2.301826,1763938777.110446,1763938734,0.451269,0.000155,0.000000,0.000000,0.000000,0.000000,0.000000,0.000000
2.321846,1763938777.130483,1763938734,0.451269,0.000155,0.000000,0.000000,0.000000,0.000000,0.000000,0.000000
2.341858,1763938777.150486,1763938734,0.451269,0.000155,0.000000,0.000000,0.000000,0.000000,0.000000,0.000000
2.361869,1763938777.170496,1763938734,0.451269,0.000155,0.000000,0.000000,0.000000,0.000000,0.000000,0.000000
2.381880,1763938777.190508,1763938734,0.451269,0.000155,0.000000,0.000000,0.000000,0.000000,0.000000,-0.344366
2.401893,1763938777.210515,1763938734,0.451269,0.000155,0.000000,0.000000,0.000000,0.000000,0.000000,0.000000
2.421900,1763938777.230527,1763938734,0.451269,0.000155,0.000000,0.000000,0.000000,0.000000,0.000000,0.000000
2.441890,1763938777.250507,1763938734,0.451269,0.000155,0.000000,0.000000,0.000000,0.000000,0.000000,0.000000
2.461965,1763938777.270613,1763938734,0.451269,0.000155,0.000000,0.000000,0.000000,0.000000,0.000000,0.000000
2.481954,1763938777.290592,1763938734,0.451269,0.000155,0.000000,0.000000,0.000000,0.000000,0.000000,0.000000
2.501987,1763938777.310638,1763938734,0.451269,0.000155,0.000000,0.000000,0.000000,0.000000,0.000000,0.000000
2.521979,1763938777.330616,1763938734,0.451269,0.000155,0.000000,0.000000,0.000000,0.000000,0.000000,0.000000
2.542014,1763938777.350665,1763938734,0.451269,0.000155,0.000000,0.000000,0.000000,0.000000,0.000000,0.344366
2.562004,1763938777.370642,1763938734,0.451269,0.000155,0.000000,0.000000,0.000000,0.000000,0.000000,-0.344366
2.582014,1763938777.390651,1763938734,0.451269,0.000155,0.000000,0.000000,0.000000,0.000000,0.000000,0.000000
2.602050,1763938777.410690,1763938734,0.451269,0.000155,0.000000,0.000000,0.000000,0.000000,0.000000,0.000000
2.622040,1763938777.430677,1763938734,0.451269,0.000155,0.000000,0.000000,0.000000,0.000000,0.000000,0.000000
2.642036,1763938777.450674,1763938734,0.451269,0.000155,0.000000,0.000000,0.000000,0.000000,0.000000,0.000000
2.662086,1763938777.470738,1763938734,0.451269,0.000155,0.000000,0.000000,0.000000,0.000000,0.000000,0.000000
2.682077,1763938777.490714,1763938734,0.451269,0.000155,0.000000,0.000000,0.000000,0.000000,0.000000,0.000000
2.702117,1763938777.510757,1763938734,0.451269,0.000155,0.000000,0.000000,0.000000,0.000000,0.000000,0.000000
2.722083,1763938777.530710,1763938734,0.451269,0.000155,0.000000,0.000000,0.000000,0.000000,0.000000,0.000000
2.742094,1763938777.550721,1763938734,0.451269,0.000155,0.000000,0.000000,0.000000,0.000000,0.000000,0.000000
2.762078,1763938777.570690,1763938734,0.451269,0.000155,0.000000,0.000000,0.000000,0.000000,0.000000,0.000000
2.782043,1763938777.590634,1763938734,0.451269,0.000155,0.000000,0.000000,0.000000,0.000000,0.000000,-0.344366
2.802138,1763938777.610775,1763938734,0.451269,0.000155,0.000000,0.000000,0.000000,0.000000,0.000000,0.000000
2.822149,1763938777.630786,1763938734,0.451269,0.000155,0.000000,0.000000,0.000000,0.000000,0.000000,0.000000
2.842161,1763938777.650798,1763938734,0.451269,0.000155,0.000000,0.000000,0.000000,0.000000,0.000000,-0.344366
2.862156,1763938777.670783,1763938734,0.451269,0.000155,0.000000,0.000000,0.000000,0.000000,0.000000,-0.344366
2.882167,1763938777.690795,1763938734,0.451269,0.000155,0.000000,0.000000,0.000000,0.000000,0.000000,-0.344366
2.902178,1763938777.710805,1763938734,0.451269,0.000155,0.000000,0.000000,0.000000,0.000000,-0.344366,0.344366
2.922188,1763938777.730815,1763938734,0.451269,0.000155,0.000000,0.000000,0.000000,0.000000,0.000000,-0.344366
2.942199,1763938777.750826,1763938734,0.451269,0.000155,0.000000,0.000000,0.000000,0.000000,0.000000,0.000000
2.962239,1763938777.770869,1763938734,0.451269,0.000155,0.000000,0.000000,0.000000,0.000000,0.000000,0.344366
2.982209,1763938777.790829,1763938734,0.451269,0.000155,0.000000,0.000000,0.000000,0.000000,0.344366,0.000000
3.002218,1763938777.810839,1763938734,0.451269,0.000155,0.000000,0.000000,0.000000,0.000000,0.344366,0.000000
3.022229,1763938777.830849,1763938734,0.451269,0.000155,0.000000,0.000000,0.000000,0.000000,0.000000,0.344366
3.042146,1763938777.850720,1763938734,0.451269,0.000155,0.000000,0.000000,0.000000,0.000000,0.000000,0.000000
3.062178,1763938777.870764,1763938734,0.451269,0.000155,0.000000,0.000000,0.000000,0.000000,-0.344366,0.344366
3.082222,1763938777.890829,1763938734,0.451269,0.000155,0.000000,0.000000,0.000000,0.000000,0.000000,0.344366
3.102229,1763938777.910836,1763938734,0.451269,0.000155,0.000000,0.000000,0.000000,0.000000,0.000000,0.000000
3.122249,1763938777.930861,1763938734,0.451269,0.000155,0.000000,0.000000,0.000000,0.000000,0.000000,0.000000
3.142271,1763938777.950892,1763938734,0.451269,0.000155,0.000000,0.000000,0.000000,0.000000,0.000000,0.000000
3.162280,1763938777.970900,1763938734,0.451269,0.000155,0.000000,0.000000,0.000000,0.000000,0.000000,0.000000
3.182292,1763938777.990911,1763938734,0.451269,0.000155,0.000000,0.000000,0.000000,0.000000,0.000000,-0.344366
3.202302,1763938778.010922,1763938734,0.451269,0.000155,0.000000,0.000000,0.000000,0.000000,0.000000,0.000000
3.222335,1763938778.030954,1763938734,0.451269,0.000155,0.000000,0.000000,0.000000,0.000000,0.000000,0.000000
3.242374,1763938778.051054,1763938734,0.451269,0.000155,0.000000,0.000000,0.000000,0.000000,0.000000,0.344366
3.262365,1763938778.071028,1763938734,0.451269,0.000155,0.000000,0.000000,0.000000,0.000000,0.000000,0.000000
3.282361,1763938778.090990,1763938734,0.451269,0.000155,0.000000,0.000000,0.000000,0.000000,0.000000,0.000000
3.302362,1763938778.110982,1763938734,0.451269,0.000155,0.000000,0.000000,0.000000,0.000000,0.000000,0.000000
3.322372,1763938778.130993,1763938734,0.451269,0.000155,0.000000,0.000000,0.000000,0.000000,0.000000,-0.344366
3.342381,1763938778.151002,1763938734,0.451269,0.000155,0.000000,0.000000,0.000000,0.000000,0.000000,0.000000
3.362392,1763938778.171035,1763938734,0.451269,0.000155,0.000000,0.000000,0.000000,0.000000,0.000000,0.344366
3.382403,1763938778.191055,1763938734,0.451269,0.000155,0.000000,0.000000,0.000000,0.000000,0.000000,0.000000
3.402412,1763938778.211065,1763938734,0.451269,0.000155,0.000000,0.000000,0.000000,0.000000,0.000000,0.000000
3.422422,1763938778.231073,1763938734,0.451269,0.000155,0.000000,0.000000,0.000000,0.000000,0.000000,0.000000
3.442467,1763938778.251096,1763938734,0.451269,0.000155,0.000000,0.000000,0.000000,0.000000,0.000000,0.344366
3.462518,1763938778.271172,1763938734,0.451269,0.000155,0.000000,0.000000,0.000000,0.000000,0.344366,0.000000
3.482546,1763938778.291187,1763938734,0.451269,0.000155,0.000000,0.000000,0.000000,0.000000,0.000000,0.344366
3.502502,1763938778.311130,1763938734,0.451269,0.000155,0.000000,0.000000,0.000000,0.000000,0.344366,0.000000
3.522519,1763938778.331148,1763938734,0.451269,0.000155,0.000000,0.000000,0.000000,0.000000,0.344366,-0.344366
3.542515,1763938778.351136,1763938734,0.451269,0.000155,0.000000,0.000000,0.000000,0.000000,0.000000,0.000000
3.562513,1763938778.371134,1763938734,0.451269,0.000155,0.000000,0.000000,0.000000,0.000000,0.344366,0.344366
3.582534,1763938778.391155,1763938734,0.451269,0.000155,0.000000,0.000000,0.000000,0.000000,0.000000,0.000000
3.602541,1763938778.411161,1763938734,0.451269,0.000155,0.000000,0.000000,0.000000,0.000000,0.000000,0.000000
3.622550,1763938778.431170,1763938734,0.451269,0.000155,0.000000,0.000000,0.000000,0.000000,0.000000,0.000000
3.642560,1763938778.451182,1763938734,0.451269,0.000155,0.000000,0.000000,0.000000,0.000000,0.000000,0.000000
3.662570,1763938778.471190,1763938734,0.451269,0.000155,0.000000,0.000000,0.000000,0.000000,0.344366,0.344366
3.682580,1763938778.491200,1763938734,0.451269,0.000155,0.000000,0.000000,0.000000,0.000000,0.000000,0.000000
3.702590,1763938778.511210,1763938734,0.451269,0.000155,0.000000,0.000000,0.000000,0.000000,0.000000,0.000000
3.722601,1763938778.531220,1763938734,0.451269,0.000155,0.000000,0.000000,0.000000,0.000000,0.000000,0.344366
3.742633,1763938778.551254,1763938734,0.451269,0.000155,0.000000,0.000000,0.000000,0.000000,0.000000,0.344366
3.762619,1763938778.571240,1763938734,0.451269,0.000155,0.000000,0.000000,0.000000,0.000000,0.000000,0.000000
3.782630,1763938778.591250,1763938734,0.451269,0.000155,0.000000,0.000000,0.000000,0.000000,0.000000,0.000000
3.802625,1763938778.611237,1763938734,0.451269,0.000155,0.000000,0.000000,0.000000,0.000000,0.000000,-0.344366
3.822702,1763938778.631354,1763938734,0.451269,0.000155,0.000000,0.000000,0.000000,0.000000,0.000000,0.000000
3.842693,1763938778.651330,1763938734,0.451269,0.000155,0.000000,0.000000,0.000000,0.000000,-0.344366,0.000000
3.862704,1763938778.671343,1763938734,0.451269,0.000155,0.000000,0.000000,0.000000,0.000000,-0.344366,0.000000
3.882700,1763938778.691327,1763938734,0.451269,0.000155,0.000000,0.000000,0.000000,0.000000,0.000000,0.000000
3.902710,1763938778.711338,1763938734,0.451269,0.000155,0.000000,0.000000,0.000000,0.000000,0.000000,-0.344366
3.922718,1763938778.731337,1763938734,0.451269,0.000155,0.000000,0.000943,0.000000,0.000000,0.000000,0.000000
3.942668,1763938778.751280,1763938734,0.451269,0.000155,0.000000,0.000000,0.000000,0.000000,0.000000,0.000000
3.962785,1763938778.771437,1763938734,0.451269,0.000155,0.000000,0.000000,0.000000,0.000000,0.000000,0.000000
3.982775,1763938778.791413,1763938734,0.451269,0.000155,0.000000,0.000000,0.000000,0.000000,0.000000,0.000000
4.002800,1763938778.811429,1763938734,0.451269,0.000155,0.000000,0.000000,0.000000,0.000000,0.000000,0.000000
4.022782,1763938778.831409,1763938734,0.451269,0.000155,0.000000,0.000000,0.000000,0.000000,0.000000,0.000000
4.042867,1763938778.851453,1763938734,0.451269,0.000155,0.000000,0.000000,0.000000,0.000000,0.000000,0.000000
4.062718,1763938778.871302,1763938734,0.451269,0.000155,0.000000,0.000000,0.000000,0.000000,0.000000,0.000000
4.082709,1763938778.891295,1763938734,0.451269,0.000155,0.000000,0.000000,0.000000,0.000000,0.000000,0.000000
4.102845,1763938778.911465,1763938734,0.451269,0.000155,0.000000,0.000000,0.000000,0.000000,0.000000,0.344366
4.122907,1763938778.931559,1763938734,0.451269,0.000155,0.000000,0.000000,0.000000,0.000000,0.000000,0.000000
4.142897,1763938778.951534,1763938734,0.451269,0.000155,0.000000,0.000000,0.000000,0.000000,0.000000,0.000000
4.162891,1763938778.971518,1763938734,0.451269,0.000155,0.000000,0.000000,0.000000,0.000000,0.000000,-0.344366
4.182901,1763938778.991529,1763938734,0.451269,0.000155,0.000000,0.000000,0.000000,0.000000,0.000000,0.000000
4.202912,1763938779.011540,1763938734,0.451269,0.000155,0.000000,0.000000,0.000000,0.000000,0.344366,0.000000
4.222910,1763938779.031530,1763938734,0.451269,0.000155,0.000000,0.000000,0.000000,0.000000,0.000000,0.000000
4.242925,1763938779.051553,1763938734,0.451269,0.000155,0.000000,0.000000,0.000000,0.000000,0.000000,0.000000
4.262954,1763938779.071577,1763938734,0.451269,0.000155,0.000000,0.000000,0.000000,0.000000,0.000000,0.000000
4.282938,1763938779.091550,1763938734,0.451269,0.000155,0.000000,0.000000,0.000000,0.000000,0.000000,0.000000
4.302948,1763938779.111568,1763938734,0.451269,0.000155,0.000000,0.000000,0.000000,0.000000,0.000000,0.344366
4.322971,1763938779.131599,1763938734,0.451269,0.000155,0.000000,0.000000,0.000000,0.000000,0.000000,0.000000
4.342982,1763938779.151609,1763938734,0.451269,0.000155,0.000000,0.000000,0.000000,0.000000,0.000000,0.000000
4.362993,1763938779.171621,1763938734,0.451269,0.000155,0.000000,0.000000,0.000000,0.000000,0.344366,0.000000
4.383016,1763938779.191636,1763938734,0.451269,0.000155,0.000000,0.000000,0.000000,0.000000,0.000000,0.344366
4.402947,1763938779.211559,1763938734,0.451269,0.000155,0.000000,0.000000,0.000000,0.000000,0.000000,-0.344366
4.422955,1763938779.231568,1763938734,0.451269,0.000155,0.000000,0.000000,0.000000,0.000000,0.344366,0.000000
4.443008,1763938779.251610,1763938734,0.451269,0.000155,0.000000,0.000000,0.000000,0.000000,0.344366,0.000000
4.463132,1763938779.271783,1763938734,0.451269,0.000155,0.000000,0.000000,0.000000,0.000000,0.000000,-0.344366
4.483145,1763938779.291797,1763938734,0.451269,0.000155,0.000000,0.000000,0.000000,0.000000,0.000000,0.344366
4.503137,1763938779.311772,1763938734,0.451269,0.000155,0.000000,0.000000,0.000000,0.000000,0.000000,0.000000
4.523080,1763938779.331693,1763938734,0.451269,0.000155,0.000000,0.000000,0.000000,0.000000,0.344366,-0.344366
4.543178,1763938779.351830,1763938734,0.451269,0.000155,0.000000,0.000000,0.000000,0.000000,0.000000,0.000000
4.563192,1763938779.371843,1763938734,0.451269,0.000155,0.000000,0.000000,0.000000,0.000000,0.344366,0.000000
4.583182,1763938779.391819,1763938734,0.451269,0.000155,0.000000,0.000000,0.000000,0.000000,0.000000,0.000000
4.603178,1763938779.411804,1763938734,0.451269,0.000155,0.000000,0.000000,0.000000,0.000000,-0.344366,0.344366
4.623188,1763938779.431815,1763938734,0.451269,0.000155,0.000000,0.000000,0.000000,0.000000,0.000000,0.000000
4.643165,1763938779.451821,1763938734,0.451269,0.000155,0.000000,0.000000,0.000000,0.000000,0.000000,-0.344366
4.663243,1763938779.471870,1763938734,0.451269,0.000155,0.000000,0.000000,0.000000,0.000000,0.000000,-0.344366
4.683250,1763938779.491877,1763938734,0.451269,0.000155,0.000000,0.000000,0.000000,0.000000,0.000000,-0.344366
4.703242,1763938779.511838,1763938734,0.451269,0.000155,0.000000,0.000000,0.000000,0.000000,0.000000,0.000000
4.723239,1763938779.531836,1763938734,0.451269,0.000155,0.000000,0.000000,0.000000,0.000000,0.000000,0.000000
4.743241,1763938779.551833,1763938734,0.451269,0.000155,0.000000,0.000000,0.000000,0.000000,0.000000,0.000000
4.763248,1763938779.571841,1763938734,0.451269,0.000155,0.000000,0.000000,0.000000,0.000000,-0.344366,0.000000
4.783295,1763938779.591889,1763938734,0.451269,0.000155,0.000000,0.000000,0.000000,0.000000,0.000000,0.000000
4.803291,1763938779.611882,1763938734,0.451269,0.000155,0.000000,0.000000,0.000000,0.000000,0.000000,-0.344366
4.823329,1763938779.631921,1763938734,0.451269,0.000155,0.000000,0.000000,0.000000,0.000000,0.000000,0.000000
4.843341,1763938779.651932,1763938734,0.451269,0.000155,0.000000,0.000000,0.000000,0.000000,0.000000,0.000000
4.863358,1763938779.671955,1763938734,0.451269,0.000155,0.000000,0.000000,0.000000,0.000000,0.000000,0.000000
4.883365,1763938779.691960,1763938734,0.451269,0.000155,0.000000,0.000000,0.000000,0.000000,0.000000,-0.344366
4.903385,1763938779.711971,1763938734,0.451269,0.000155,0.000000,0.000000,0.000000,0.000000,0.000000,-0.344366
4.923396,1763938779.731984,1763938734,0.451269,0.000155,0.000000,0.000000,0.000000,0.000000,0.000000,-0.344366
4.943403,1763938779.751992,1763938734,0.451269,0.000155,0.000000,0.000925,0.000000,0.000000,0.344366,-0.344366
4.963465,1763938779.772058,1763938734,0.451269,0.000155,0.000000,0.000000,0.000000,0.000000,0.000000,0.000000
4.983433,1763938779.792032,1763938734,0.451269,0.000155,0.000000,0.000000,0.000000,0.000000,0.000000,-0.344366
5.003474,1763938779.812101,1763938734,0.451269,0.000155,0.000000,0.000000,0.000000,0.000000,0.000000,0.344366
5.023622,1763938779.832274,1763938734,0.451269,0.000155,0.000000,0.000000,0.000000,0.000000,0.000000,-0.344366
5.043495,1763938779.852063,1763938734,0.451269,0.000155,0.000000,0.000000,0.000000,0.000000,0.000000,0.000000
5.063653,1763938779.872244,1763938734,0.451269,0.000155,0.000000,0.000000,0.000000,0.000000,0.000000,0.344366
5.083682,1763938779.892285,1763938734,0.451269,0.000155,0.000000,0.000000,0.000000,0.000000,0.000000,-0.344366
5.103754,1763938779.912391,1763938734,0.451269,0.000155,0.000000,0.000000,0.000000,0.000000,0.000000,0.000000
5.123750,1763938779.932377,1763938734,0.451269,0.000155,0.000000,0.000000,0.000000,0.000000,0.000000,0.000000
5.143799,1763938779.952450,1763938734,0.451269,0.000155,0.000000,0.000000,0.000000,0.000000,0.000000,0.000000
5.163813,1763938779.972465,1763938734,0.451269,0.000155,0.000000,0.000000,0.000000,0.000000,0.000000,-0.344366
5.183803,1763938779.992440,1763938734,0.451269,0.000155,0.000000,0.000000,0.000000,0.000000,0.000000,0.344366
5.203798,1763938780.012424,1763938734,0.451269,0.000155,0.000000,0.000000,0.000000,0.000000,0.000000,0.000000
5.223811,1763938780.032439,1763938734,0.451269,0.000155,0.000000,0.000000,0.000000,0.000000,0.000000,0.000000
5.243822,1763938780.052450,1763938734,0.451269,0.000155,0.000000,0.000000,0.000000,0.000000,0.000000,0.000000
5.263833,1763938780.072460,1763938734,0.451269,0.000155,0.000000,0.000000,0.000000,0.000000,0.000000,0.344366
5.283844,1763938780.092472,1763938734,0.451269,0.000155,0.000000,0.000000,0.000000,0.000000,0.000000,-0.344366
5.303885,1763938780.112515,1763938734,0.451269,0.000155,0.000000,0.000000,0.000000,0.000000,0.000000,-0.344366
5.323852,1763938780.132472,1763938734,0.451269,0.000155,0.000000,0.000000,0.000000,0.000000,0.000000,-0.344366
5.343875,1763938780.152503,1763938734,0.451269,0.000155,0.000000,0.000000,0.000000,0.000000,0.000000,0.000000
5.363886,1763938780.172514,1763938734,0.451269,0.000155,0.000000,0.000000,0.000000,0.000000,0.000000,0.000000
5.383897,1763938780.192524,1763938734,0.451269,0.000155,0.000000,0.000000,0.000000,0.000000,0.000000,0.000000
5.403907,1763938780.212535,1763938734,0.451269,0.000155,0.000000,0.000000,0.000000,0.000000,0.000000,0.000000
5.423918,1763938780.232546,1763938734,0.451269,0.000155,0.000000,0.000073,0.000000,0.000000,0.000000,0.000000
5.443929,1763938780.252556,1763938734,0.451269,0.000155,0.000000,0.000000,0.000000,0.000000,0.000000,0.000000
5.463939,1763938780.272567,1763938734,0.451269,0.000155,0.000000,0.000000,0.000000,0.000000,0.000000,0.344366
5.483950,1763938780.292578,1763938734,0.451269,0.000155,0.000000,0.000000,0.000000,0.000000,0.000000,0.344366
5.503964,1763938780.312592,1763938734,0.451269,0.000155,0.000000,0.000000,0.000000,0.000000,0.000000,0.000000
5.523935,1763938780.332541,1763938734,0.451269,0.000155,0.000000,0.000000,0.000000,0.000000,0.000000,0.344366
5.543873,1763938780.352444,1763938734,0.451269,0.000155,0.000000,0.000000,0.000000,0.000000,0.000000,0.000000
5.563918,1763938780.372506,1763938734,0.451269,0.000155,0.000000,0.000000,0.000000,0.000000,0.000000,-0.344366
5.583932,1763938780.392531,1763938734,0.451269,0.000155,0.000000,0.000000,0.000000,0.000000,0.000000,0.000000
5.603965,1763938780.412578,1763938734,0.451269,0.000155,0.000000,0.000000,0.000000,0.000000,0.000000,-0.344366
5.623989,1763938780.432610,1763938734,0.451269,0.000155,0.000000,0.000000,0.000000,0.000000,0.344366,0.344366
5.643998,1763938780.452617,1763938734,0.451269,0.000155,0.000000,0.000000,0.000000,0.000000,0.000000,0.000000
5.664020,1763938780.472647,1763938734,0.451269,0.000155,0.000000,0.000000,0.000000,0.000000,0.000000,0.000000
5.684047,1763938780.492685,1763938734,0.451269,0.000155,0.000000,0.000000,0.000000,0.000000,0.344366,0.000000
5.704082,1763938780.512733,1763938734,0.451269,0.000155,0.000000,0.000000,0.000000,0.000000,0.000000,0.000000
5.724074,1763938780.532712,1763938734,0.451269,0.000155,0.000000,0.000000,0.000000,0.000000,0.000000,-0.344366
5.744005,1763938780.552618,1763938734,0.451269,0.000155,0.000000,0.000000,0.000000,0.000000,0.000000,0.000000
5.764115,1763938780.572765,1763938734,0.451269,0.000155,0.000000,0.000000,0.000000,0.000000,0.000000,0.000000
5.784107,1763938780.592743,1763938734,0.451269,0.000155,0.000000,0.000000,0.000000,0.000000,0.344366,-0.344366
5.804140,1763938780.612791,1763938734,0.451269,0.000155,0.000000,0.000000,0.000000,0.000000,0.000000,-0.344366
5.824159,1763938780.632800,1763938734,0.451269,0.000155,0.000000,0.000000,0.000000,0.000000,0.344366,0.000000
5.844125,1763938780.652753,1763938734,0.451269,0.000155,0.000000,0.000000,0.000000,0.000000,0.344366,0.000000
5.864138,1763938780.672765,1763938734,0.451269,0.000155,0.000000,0.000000,0.000000,0.000000,0.000000,0.000000
5.884147,1763938780.692775,1763938734,0.451269,0.000155,0.000000,0.000139,0.000000,0.000000,0.000000,0.344366
5.904197,1763938780.712849,1763938734,0.451269,0.000155,0.000000,0.000000,0.000000,0.000000,0.000000,0.000000
5.924211,1763938780.732862,1763938734,0.451269,0.000155,0.000000,0.000000,0.000000,0.000000,0.000000,0.000000
5.944223,1763938780.752874,1763938734,0.451269,0.000155,0.000000,0.000000,0.000000,0.000000,0.000000,0.000000
5.964124,1763938780.772727,1763938734,0.451269,0.000155,0.000000,0.000000,0.000000,0.000000,0.000000,0.000000
5.984224,1763938780.792860,1763938734,0.451269,0.000155,0.000000,0.000000,0.000000,0.000000,0.000000,0.000000
6.004207,1763938780.812827,1763938734,0.451269,0.000155,0.000000,0.000000,0.000000,0.000000,0.000000,-0.344366
6.024193,1763938780.832803,1763938734,0.451269,0.000155,0.000000,0.000000,0.000000,0.000000,0.000000,0.000000
6.044123,1763938780.852691,1763938734,0.451269,0.000155,0.000000,0.000000,0.000000,0.000000,0.000000,0.000000
6.064142,1763938780.872718,1763938734,0.451269,0.000155,0.000000,0.000000,0.000000,0.000000,0.000000,0.344366
6.084172,1763938780.892757,1763938734,0.451269,0.000155,0.000000,0.000000,0.000000,0.000000,0.688732,0.000000
6.104193,1763938780.912792,1763938734,0.451269,0.000155,0.000000,0.000000,0.000000,0.000000,0.344366,0.344366
6.124295,1763938780.932947,1763938734,0.451269,0.000155,0.000000,0.000000,0.000000,0.000000,0.000000,0.344366
6.144283,1763938780.952921,1763938734,0.451269,0.000155,0.000000,0.000000,0.000000,0.000000,0.344366,0.000000
6.164319,1763938780.972970,1763938734,0.451269,0.000155,0.000000,0.000000,0.000000,0.000000,0.000000,-0.344366
6.184308,1763938780.992946,1763938734,0.451269,0.000155,0.000000,0.000000,0.000000,0.000000,0.000000,-0.344366
6.204304,1763938781.012931,1763938734,0.451269,0.000155,0.000000,0.000000,0.000000,0.000000,-0.344366,0.000000
6.224314,1763938781.032942,1763938734,0.451269,0.000155,0.000000,0.000000,0.000000,0.000000,0.344366,0.000000
6.244232,1763938781.052820,1763938734,0.451269,0.000155,0.000000,0.000000,0.000000,0.000000,0.344366,0.344366
6.264321,1763938781.072942,1763938734,0.451269,0.000155,0.000000,0.000000,0.000000,0.000000,0.000000,0.000000
6.284330,1763938781.092951,1763938734,0.451269,0.000155,0.000000,0.000000,0.000000,0.000000,-0.344366,0.000000
6.304341,1763938781.112961,1763938734,0.451269,0.000155,0.000000,0.000000,0.000000,0.000000,0.000000,0.000000
6.324334,1763938781.132947,1763938734,0.451269,0.000155,0.000000,0.000000,0.000000,0.000000,0.000000,0.344366
6.344383,1763938781.153038,1763938734,0.451269,0.000155,0.000000,0.000000,0.000000,0.000000,0.000000,-0.344366
6.364370,1763938781.172986,1763938734,0.451269,0.000155,0.000000,0.000000,0.000000,0.000000,0.000000,0.344366
6.384378,1763938781.192998,1763938734,0.451269,0.000155,0.000000,0.000000,0.000000,0.000000,0.344366,0.000000
6.404388,1763938781.213037,1763938734,0.451269,0.000155,0.000000,0.000000,0.000000,0.000000,0.000000,0.344366
6.424398,1763938781.233049,1763938734,0.451269,0.000155,0.000000,0.000000,0.000000,0.000000,0.000000,0.344366
6.444409,1763938781.253058,1763938734,0.451269,0.000155,0.000000,0.000000,0.000000,0.000000,0.000000,0.000000
6.464420,1763938781.273071,1763938734,0.451269,0.000155,0.000000,0.000000,0.000000,0.000000,0.000000,0.000000
6.484429,1763938781.293077,1763938734,0.451269,0.000155,0.000000,0.000000,0.000000,0.000000,0.000000,0.000000
6.504526,1763938781.313180,1763938734,0.451269,0.000155,0.000000,0.000000,0.000000,0.000000,0.000000,0.344366
6.524514,1763938781.333153,1763938734,0.451269,0.000155,0.000000,-0.000011,0.000000,0.000000,0.000000,0.000000
6.544499,1763938781.353127,1763938734,0.451269,0.000155,0.000000,0.000000,0.000000,0.000000,0.000000,0.000000
6.564461,1763938781.373070,1763938734,0.451269,0.000155,0.000000,0.000000,0.000000,0.000000,0.000000,0.000000
6.584409,1763938781.393014,1763938734,0.451269,0.000151,0.000000,-0.000872,0.000000,0.000000,0.000000,-0.344366
6.604539,1763938781.413171,1763938734,0.451269,0.000155,0.000000,0.000000,0.000000,0.000000,0.000000,0.000000
6.624576,1763938781.433228,1763938734,0.451269,0.000155,0.000000,0.000000,0.000000,0.000000,0.000000,0.000000
6.644571,1763938781.453209,1763938734,0.451269,0.000155,0.000000,0.000000,0.000000,0.000000,0.000000,-0.344366
6.664562,1763938781.473190,1763938734,0.451269,0.000155,0.000000,0.000000,0.000000,0.000000,0.000000,0.000000
6.684573,1763938781.493201,1763938734,0.451269,0.000155,0.000000,0.000000,0.000000,0.000000,0.000000,-0.344366
6.704570,1763938781.513191,1763938734,0.451269,0.000151,0.000000,-0.000806,0.000000,0.000000,0.000000,0.000000
6.724576,1763938781.533196,1763938734,0.451269,0.000155,0.000000,0.000000,0.000000,0.000000,0.344366,0.000000
6.744529,1763938781.553118,1763938734,0.451269,0.000155,0.000000,0.000000,0.000000,0.000000,0.344366,0.344366
6.764626,1763938781.573264,1763938734,0.451269,0.000155,0.000000,0.000000,0.000000,0.000000,0.000000,0.344366
6.784638,1763938781.593277,1763938734,0.451269,0.000151,0.000000,-0.000945,0.000000,0.000000,0.000000,0.000000
6.804633,1763938781.613261,1763938734,0.451269,0.000155,0.000000,0.000000,0.000000,0.000000,0.000000,0.000000
6.824644,1763938781.633272,1763938734,0.451269,0.000155,0.000000,0.000000,0.000000,0.000000,0.000000,0.000000
6.844570,1763938781.653166,1763938734,0.451269,0.000155,0.000000,0.000000,0.000000,0.000000,0.344366,0.344366
6.864741,1763938781.673395,1763938734,0.451269,0.000155,0.000000,0.000000,0.000000,0.000000,0.000000,0.344366
6.884694,1763938781.693330,1763938734,0.451269,0.000155,0.000000,0.000000,0.000000,0.000000,0.000000,0.000000
6.904691,1763938781.713319,1763938734,0.451269,0.000155,0.000000,0.000000,0.000000,0.000000,0.000000,-0.344366
6.924703,1763938781.733331,1763938734,0.451269,0.000155,0.000000,0.000000,0.000000,0.000000,0.000000,0.000000
6.944713,1763938781.753341,1763938734,0.451269,0.000155,0.000000,0.000000,0.000000,0.000000,0.000000,0.344366
6.964723,1763938781.773350,1763938734,0.451269,0.000155,0.000000,0.000000,0.000000,0.000000,0.000000,0.344366
6.984734,1763938781.793362,1763938734,0.451269,0.000155,0.000000,0.000000,0.000000,0.000000,0.000000,-0.344366
7.004783,1763938781.813435,1763938734,0.451269,0.000155,0.000000,0.000000,0.000000,0.000000,0.000000,0.000000
7.024797,1763938781.833449,1763938734,0.451269,0.000155,0.000000,0.000000,0.000000,0.000000,0.000000,0.000000
7.044772,1763938781.853404,1763938734,0.451269,0.000155,0.000000,0.000000,0.000000,0.000000,0.000000,0.000000
7.065233,1763938781.873818,1763938734,0.451269,0.000155,0.000000,0.000000,0.000000,0.000000,0.000000,0.344366
7.085217,1763938781.893800,1763938734,0.451269,0.000155,0.000000,0.000000,0.000000,0.000000,0.344366,0.000000
7.105294,1763938781.913906,1763938734,0.451269,0.000155,0.000000,0.000000,0.000000,0.000000,0.000000,-0.344366
7.125342,1763938781.933964,1763938734,0.451269,0.000155,0.000000,0.000000,0.000000,0.000000,0.000000,0.344366
7.145327,1763938781.953948,1763938734,0.451269,0.000155,0.000000,0.000000,0.000000,0.000000,0.000000,0.000000
7.165337,1763938781.973957,1763938734,0.451269,0.000155,0.000000,0.000000,0.000000,0.000000,0.000000,0.000000
7.185347,1763938781.993966,1763938734,0.451269,0.000155,0.000000,0.000000,0.000000,0.000000,0.000000,0.000000
7.205356,1763938782.013976,1763938734,0.451269,0.000155,0.000000,0.000000,0.000000,0.000000,0.000000,0.344366
7.225366,1763938782.033986,1763938734,0.451269,0.000155,0.000000,0.000000,0.000000,0.000000,0.000000,0.000000
7.245404,1763938782.054068,1763938734,0.451269,0.000155,0.000000,0.000000,0.000000,0.000000,0.000000,0.000000
7.265439,1763938782.074123,1763938734,0.451269,0.000151,0.000000,-0.000935,0.000000,0.000000,0.000000,0.000000
7.285419,1763938782.094078,1763938734,0.451269,0.000155,0.000000,0.000000,0.000000,0.000000,0.000000,-0.344366
7.305423,1763938782.114085,1763938734,0.451269,0.000155,0.000000,0.000000,0.000000,0.000000,0.000000,0.000000
7.325433,1763938782.134088,1763938734,0.451269,0.000155,0.000000,0.000000,0.000000,0.000000,0.000000,0.000000
7.345433,1763938782.154074,1763938734,0.451269,0.000155,0.000000,0.000000,0.000000,0.000000,0.000000,0.000000
7.365441,1763938782.174089,1763938734,0.451269,0.000155,0.000000,0.000940,0.000000,0.000000,0.000000,-0.344366
7.385503,1763938782.194127,1763938734,0.451269,0.000155,0.000000,0.000000,0.000000,0.000000,0.000000,0.000000
7.405487,1763938782.214109,1763938734,0.451269,0.000155,0.000000,0.000000,0.000000,0.000000,0.000000,0.000000
7.425497,1763938782.234119,1763938734,0.451269,0.000155,0.000000,0.000000,0.000000,0.000000,0.344366,0.000000
7.445507,1763938782.254129,1763938734,0.451269,0.000155,0.000000,0.000000,0.000000,0.000000,0.000000,-0.344366
7.465493,1763938782.274107,1763938734,0.451269,0.000155,0.000000,0.000000,0.000000,0.000000,-0.344366,0.000000
7.485524,1763938782.294147,1763938734,0.451269,0.000155,0.000000,0.000000,0.000000,0.000000,0.344366,0.344366
7.505534,1763938782.314155,1763938734,0.451269,0.000155,0.000000,0.000000,0.000000,0.000000,0.000000,0.000000
7.525542,1763938782.334163,1763938734,0.451269,0.000155,0.000000,0.000000,0.000000,0.000000,0.000000,0.000000
7.545560,1763938782.354187,1763938734,0.451269,0.000155,0.000000,0.000000,0.000000,0.000000,0.000000,0.000000
7.565617,1763938782.374270,1763938734,0.451269,0.000155,0.000000,0.000000,0.000000,0.000000,0.000000,0.000000
7.585614,1763938782.394251,1763938734,0.451269,0.000155,0.000000,0.000000,0.000000,0.000000,0.000000,0.000000
7.605627,1763938782.414265,1763938734,0.451269,0.000155,0.000000,0.000000,0.000000,0.000000,0.000000,0.000000
7.625638,1763938782.434276,1763938734,0.451269,0.000155,0.000000,0.000000,0.000000,0.000000,0.344366,0.000000
7.645658,1763938782.454285,1763938734,0.451269,0.000155,0.000000,0.000000,0.000000,0.000000,0.000000,0.000000
7.665646,1763938782.474274,1763938734,0.451269,0.000155,0.000000,0.000000,0.000000,0.000000,0.000000,0.000000
7.685656,1763938782.494284,1763938734,0.451269,0.000155,0.000000,0.000000,0.000000,0.000000,0.000000,0.344366
7.705669,1763938782.514297,1763938734,0.451269,0.000155,0.000000,0.000000,0.000000,0.000000,0.344366,0.000000
7.725602,1763938782.534202,1763938734,0.451269,0.000155,0.000000,0.000000,0.000000,0.000000,0.000000,0.344366
7.745803,1763938782.554453,1763938734,0.451269,0.000155,0.000000,0.000000,0.000000,0.000000,-0.344366,0.000000
7.765791,1763938782.574429,1763938734,0.451269,0.000155,0.000000,0.000000,0.000000,0.000000,0.000000,-0.344366
7.785804,1763938782.594441,1763938734,0.451269,0.000155,0.000000,0.000000,0.000000,0.000000,0.000000,0.000000
7.805816,1763938782.614453,1763938734,0.451269,0.000155,0.000000,0.000000,0.000000,0.000000,0.000000,0.000000
7.825829,1763938782.634466,1763938734,0.451269,0.000155,0.000000,0.000000,0.000000,0.000000,0.000000,0.000000
7.845840,1763938782.654477,1763938734,0.451269,0.000155,0.000000,0.000000,0.000000,0.000000,0.000000,0.000000
7.865853,1763938782.674490,1763938734,0.451269,0.000155,0.000000,0.000000,0.000000,0.000000,0.000000,0.000000
7.885848,1763938782.694475,1763938734,0.451269,0.000155,0.000000,0.000000,0.000000,0.000000,0.000000,0.000000
7.905889,1763938782.714518,1763938734,0.451269,0.000155,0.000000,0.000000,0.000000,0.000000,0.000000,0.000000
7.925870,1763938782.734497,1763938734,0.451269,0.000155,0.000000,0.000000,0.000000,0.000000,0.000000,0.000000
7.945880,1763938782.754508,1763938734,0.451269,0.000155,0.000000,0.000000,0.000000,0.000000,-0.344366,0.000000
7.965889,1763938782.774518,1763938734,0.451269,0.000155,0.000000,0.000000,0.000000,0.000000,0.000000,0.000000
7.985900,1763938782.794528,1763938734,0.451269,0.000155,0.000000,0.000000,0.000000,0.000000,0.000000,0.000000
8.005910,1763938782.814539,1763938734,0.451269,0.000155,0.000000,0.000000,0.000000,0.000000,0.344366,0.344366
8.025921,1763938782.834549,1763938734,0.451269,0.000155,0.000000,0.000000,0.000000,0.000000,0.000000,0.000000
8.045834,1763938782.854410,1763938734,0.451269,0.000155,0.000000,0.000000,0.000000,0.000000,0.344366,0.344366
8.065862,1763938782.874451,1763938734,0.451269,0.000155,0.000000,0.000000,0.000000,0.000000,-0.344366,0.000000
8.085885,1763938782.894484,1763938734,0.451269,0.000155,0.000000,0.000000,0.000000,0.000000,0.344366,0.000000
8.105919,1763938782.914531,1763938734,0.451269,0.000155,0.000000,0.000000,0.000000,0.000000,0.000000,-0.344366
8.125942,1763938782.934561,1763938734,0.451269,0.000155,0.000000,0.000000,0.000000,0.000000,0.000000,0.000000
8.145952,1763938782.954571,1763938734,0.451269,0.000155,0.000000,0.000000,0.000000,0.000000,0.000000,0.000000
8.166000,1763938782.974631,1763938734,0.451269,0.000155,0.000000,0.000000,0.000000,0.000000,0.344366,0.000000
8.185985,1763938782.994613,1763938734,0.451269,0.000155,0.000000,0.000000,0.000000,0.000000,0.000000,0.000000
8.205995,1763938783.014622,1763938734,0.451269,0.000155,0.000000,0.000000,0.000000,0.000000,0.000000,-0.344366
8.226006,1763938783.034633,1763938734,0.451269,0.000155,0.000000,0.000000,0.000000,0.000000,0.344366,-0.344366
8.246005,1763938783.054625,1763938734,0.451269,0.000155,0.000000,0.000000,0.000000,0.000000,0.000000,0.344366
8.266015,1763938783.074635,1763938734,0.451269,0.000155,0.000000,-0.000001,0.000000,0.000000,0.000000,0.344366
8.286074,1763938783.094724,1763938734,0.451269,0.000155,0.000000,0.000000,0.000000,0.000000,0.000000,0.000000
8.306088,1763938783.114739,1763938734,0.451269,0.000155,0.000000,0.000000,0.000000,0.000000,0.344366,0.000000
8.326101,1763938783.134754,1763938734,0.451269,0.000155,0.000000,0.000000,0.000000,0.000000,0.344366,0.000000
8.346115,1763938783.154765,1763938734,0.451269,0.000155,0.000000,0.000000,0.000000,0.000000,0.344366,0.000000
8.366087,1763938783.174714,1763938734,0.451269,0.000155,0.000000,0.000000,0.000000,0.000000,0.000000,0.344366
8.386137,1763938783.194788,1763938734,0.451269,0.000155,0.000000,0.000000,0.000000,0.000000,0.000000,0.000000
8.406149,1763938783.214801,1763938734,0.451269,0.000155,0.000000,0.000000,0.000000,0.000000,0.000000,0.000000
8.426171,1763938783.234811,1763938734,0.451269,0.000155,0.000000,0.000000,0.000000,0.000000,0.000000,0.000000
8.446151,1763938783.254786,1763938734,0.451269,0.000155,0.000000,0.000000,0.000000,0.000000,0.000000,0.000000
8.466147,1763938783.274774,1763938734,0.451269,0.000155,0.000000,0.000000,0.000000,0.000000,0.000000,0.000000
8.486158,1763938783.294785,1763938734,0.451269,0.000155,0.000000,0.000000,0.000000,0.000000,0.000000,0.344366
8.506169,1763938783.314796,1763938734,0.451269,0.000155,0.000000,0.000000,0.000000,0.000000,0.000000,0.000000
8.526179,1763938783.334807,1763938734,0.451269,0.000155,0.000000,0.000000,0.000000,0.000000,0.000000,0.000000
8.546189,1763938783.354817,1763938734,0.451269,0.000155,0.000000,0.000000,0.000000,0.000000,0.000000,-0.344366
8.566200,1763938783.374827,1763938734,0.451269,0.000155,0.000000,0.000000,0.000000,0.000000,0.000000,-0.344366
8.586199,1763938783.394819,1763938734,0.451269,0.000155,0.000000,0.000000,0.000000,0.000000,0.000000,0.000000
8.606220,1763938783.414847,1763938734,0.451269,0.000155,0.000000,0.000000,0.000000,0.000000,0.000000,0.000000
8.626232,1763938783.434860,1763938734,0.451269,0.000155,0.000000,0.000000,0.000000,0.000000,0.000000,0.000000
8.646242,1763938783.454870,1763938734,0.451269,0.000155,0.000000,0.000000,0.000000,0.000000,0.000000,0.000000
8.666253,1763938783.474880,1763938734,0.451269,0.000155,0.000000,0.000000,0.000000,0.000000,0.000000,0.000000
8.686288,1763938783.494919,1763938734,0.451269,0.000155,0.000000,0.000000,0.000000,0.000000,-0.344366,0.344366
8.706261,1763938783.514880,1763938734,0.451269,0.000155,0.000000,0.000000,0.000000,0.000000,0.000000,0.000000
8.726271,1763938783.534890,1763938734,0.451269,0.000155,0.000000,0.000000,0.000000,0.000000,0.000000,0.000000
8.746266,1763938783.554879,1763938734,0.451269,0.000155,0.000000,0.000000,0.000000,0.000000,0.000000,0.344366
8.766274,1763938783.574887,1763938734,0.451269,0.000155,0.000000,0.000000,0.000000,0.000000,0.000000,0.000000
8.786299,1763938783.594918,1763938734,0.451269,0.000155,0.000000,0.000000,0.000000,0.000000,0.000000,0.000000
8.806308,1763938783.614928,1763938734,0.451269,0.000155,0.000000,0.000000,0.000000,0.000000,0.000000,0.000000
8.826318,1763938783.634938,1763938734,0.451269,0.000155,0.000000,0.000000,0.000000,0.000000,0.000000,0.000000
8.846328,1763938783.654949,1763938734,0.451269,0.000155,0.000000,0.000000,0.000000,0.000000,0.000000,0.344366
8.866337,1763938783.674957,1763938734,0.451269,0.000155,0.000000,0.000000,0.000000,0.000000,0.000000,0.000000
8.886347,1763938783.694967,1763938734,0.451269,0.000155,0.000000,0.000000,0.000000,0.000000,0.000000,0.000000
8.906357,1763938783.714977,1763938734,0.451269,0.000155,0.000000,0.000000,0.000000,0.000000,0.000000,-0.344366
8.926367,1763938783.734986,1763938734,0.451269,0.000155,0.000000,0.000000,0.000000,0.000000,0.000000,0.344366
8.946403,1763938783.755055,1763938734,0.451269,0.000155,0.000000,-0.000682,0.000000,0.000000,0.000000,0.000000
8.966388,1763938783.775038,1763938734,0.451269,0.000155,0.000000,0.000000,0.000000,0.000000,0.000000,0.000000
8.986396,1763938783.795049,1763938734,0.451269,0.000155,0.000000,0.000000,0.000000,0.000000,0.000000,-0.344366
9.006405,1763938783.815052,1763938734,0.451269,0.000155,0.000000,0.000000,0.000000,0.000000,0.000000,0.000000
9.026415,1763938783.835065,1763938734,0.451269,0.000155,0.000000,0.000000,0.000000,0.000000,0.344366,0.000000
9.046339,1763938783.854915,1763938734,0.451269,0.000155,0.000000,0.000000,0.000000,0.000000,0.000000,0.000000
9.066363,1763938783.874948,1763938734,0.451269,0.000155,0.000000,0.000000,0.000000,0.000000,0.000000,0.000000
9.086382,1763938783.894975,1763938734,0.451269,0.000155,0.000000,0.000000,0.000000,0.000000,0.000000,0.344366
9.106398,1763938783.914997,1763938734,0.451269,0.000155,0.000000,0.000000,0.000000,0.000000,0.000000,0.344366
9.126412,1763938783.935041,1763938734,0.451269,0.000155,0.000000,0.000000,0.000000,0.000000,0.000000,0.000000
9.146542,1763938783.955195,1763938734,0.451269,0.000155,0.000000,0.000000,0.000000,0.000000,0.000000,0.000000
9.166531,1763938783.975171,1763938734,0.451269,0.000155,0.000000,0.000000,0.000000,0.000000,0.000000,0.000000
9.186530,1763938783.995159,1763938734,0.451269,0.000155,0.000000,0.000000,0.000000,0.000000,-0.344366,0.000000
9.206553,1763938784.015183,1763938734,0.451269,0.000155,0.000000,0.000000,0.000000,0.000000,0.000000,0.344366
9.226525,1763938784.035147,1763938734,0.451269,0.000155,0.000000,0.000000,0.000000,0.000000,0.000000,0.000000
9.246535,1763938784.055156,1763938734,0.451269,0.000155,0.000000,0.000000,0.000000,0.000000,0.000000,-0.344366
9.266544,1763938784.075165,1763938734,0.451269,0.000155,0.000000,0.000000,0.000000,0.000000,0.344366,0.000000
9.286561,1763938784.095182,1763938734,0.451269,0.000155,0.000000,0.000000,0.000000,0.000000,0.000000,0.000000
9.306564,1763938784.115186,1763938734,0.451269,0.000155,0.000000,0.000000,0.000000,0.000000,0.000000,0.344366
9.326574,1763938784.135194,1763938734,0.451269,0.000155,0.000000,0.000000,0.000000,0.000000,0.000000,0.000000
9.346585,1763938784.155205,1763938734,0.451269,0.000155,0.000000,0.000000,0.000000,0.000000,0.000000,0.000000
9.366595,1763938784.175214,1763938734,0.451269,0.000155,0.000000,0.000000,0.000000,0.000000,0.000000,-0.344366
9.386617,1763938784.195245,1763938734,0.451269,0.000155,0.000000,0.000000,0.000000,0.000000,0.000000,0.000000
9.406629,1763938784.215256,1763938734,0.451269,0.000155,0.000000,0.000000,0.000000,0.000000,0.000000,-0.344366
9.426639,1763938784.235266,1763938734,0.451269,0.000155,0.000000,0.000000,0.000000,0.000000,0.000000,0.000000
9.446648,1763938784.255268,1763938734,0.451269,0.000155,0.000000,0.000000,0.000000,0.000000,0.000000,-0.344366
9.466689,1763938784.275319,1763938734,0.451269,0.000155,0.000000,0.000000,0.000000,0.000000,0.000000,0.344366
9.486659,1763938784.295279,1763938734,0.451269,0.000155,0.000000,0.000000,0.000000,0.000000,0.000000,0.000000
9.506680,1763938784.315308,1763938734,0.451269,0.000155,0.000000,0.000000,0.000000,0.000000,0.000000,0.000000
9.526681,1763938784.335307,1763938734,0.451269,0.000155,0.000000,0.000000,0.000000,0.000000,0.000000,-0.344366
9.546743,1763938784.355395,1763938734,0.451269,0.000155,0.000000,0.000000,0.000000,0.000000,0.344366,0.344366
9.566756,1763938784.375407,1763938734,0.451269,0.000155,0.000000,0.000000,0.000000,0.000000,0.000000,0.000000
9.586748,1763938784.395385,1763938734,0.451269,0.000155,0.000000,0.000000,0.000000,0.000000,0.000000,0.000000
9.606758,1763938784.415396,1763938734,0.451269,0.000155,0.000000,0.000000,0.000000,0.000000,0.000000,0.000000
9.626755,1763938784.435383,1763938734,0.451269,0.000155,0.000000,0.000000,0.000000,0.000000,0.000000,0.000000
9.646766,1763938784.455394,1763938734,0.451269,0.000155,0.000000,0.000000,0.000000,0.000000,0.000000,0.000000
9.666777,1763938784.475404,1763938734,0.451269,0.000155,0.000000,0.000000,0.000000,0.000000,0.000000,0.000000
9.686789,1763938784.495417,1763938734,0.451269,0.000155,0.000000,0.000000,0.000000,0.000000,0.000000,0.000000
9.706800,1763938784.515428,1763938734,0.451269,0.000155,0.000000,0.000000,0.000000,0.000000,0.000000,0.344366
9.726840,1763938784.535469,1763938734,0.451269,0.000155,0.000000,0.000000,0.000000,0.000000,0.000000,0.344366
9.746747,1763938784.555350,1763938734,0.451269,0.000155,0.000000,0.000000,0.000000,0.000000,0.000000,0.344366
9.766871,1763938784.575523,1763938734,0.451269,0.000155,0.000000,0.000000,0.000000,0.000000,0.000000,0.000000
9.786884,1763938784.595535,1763938734,0.451269,0.000155,0.000000,0.000000,0.000000,0.000000,0.000000,0.000000
9.806875,1763938784.615512,1763938734,0.451269,0.000155,0.000000,0.000000,0.000000,0.000000,0.000000,0.000000
9.826886,1763938784.635525,1763938734,0.451269,0.000155,0.000000,0.000139,0.000000,0.000000,0.000000,0.000000
9.846893,1763938784.655521,1763938734,0.451269,0.000155,0.000000,0.000000,0.000000,0.000000,-0.344366,0.344366
9.866892,1763938784.675519,1763938734,0.451269,0.000155,0.000000,0.000000,0.000000,0.000000,0.000000,-0.344366
9.886903,1763938784.695530,1763938734,0.451269,0.000155,0.000000,0.000000,0.000000,0.000000,0.000000,-0.344366
9.906901,1763938784.715521,1763938734,0.451269,0.000155,0.000000,0.000000,0.000000,0.000000,0.344366,0.344366
9.926923,1763938784.735550,1763938734,0.451269,0.000155,0.000000,0.000000,0.000000,0.000000,0.000000,0.000000
9.946920,1763938784.755540,1763938734,0.451269,0.000155,0.000000,0.000000,0.000000,0.000000,0.344366,0.344366
9.966930,1763938784.775550,1763938734,0.451269,0.000155,0.000000,0.000000,0.000000,0.000000,0.000000,-0.344366
9.986962,1763938784.795584,1763938734,0.451269,0.000155,0.000000,-0.000037,0.000000,0.000000,0.000000,0.000000
10.006934,1763938784.815547,1763938734,0.451269,0.000155,0.000000,0.000000,0.000000,0.000000,0.000000,-0.344366
10.026958,1763938784.835578,1763938734,0.451269,0.000155,0.000000,0.000000,0.000000,0.000000,0.000000,-0.344366
10.046948,1763938784.855585,1763938734,0.451269,0.000155,0.000000,0.000000,0.000000,0.000000,0.000000,0.344366
10.066889,1763938784.875465,1763938734,0.451269,0.000155,0.000000,0.000000,0.000000,0.000000,0.000000,0.000000
10.086913,1763938784.895501,1763938734,0.451269,0.000155,0.000000,0.000000,0.000000,0.000000,0.000000,0.000000
10.106934,1763938784.915530,1763938734,0.451269,0.000155,0.000000,0.000000,0.000000,0.000000,0.000000,0.000000
10.126961,1763938784.935569,1763938734,0.451269,0.000155,0.000000,0.000000,0.000000,0.000000,0.000000,0.000000
10.146982,1763938784.955595,1763938734,0.451269,0.000155,0.000000,0.000833,0.000000,0.000000,0.344366,0.000000
10.167005,1763938784.975625,1763938734,0.451269,0.000155,0.000000,0.000000,0.000000,0.000000,0.000000,0.344366
10.187016,1763938784.995637,1763938734,0.451269,0.000155,0.000000,0.000000,0.000000,0.000000,0.000000,0.344366
10.207038,1763938785.015665,1763938734,0.451269,0.000155,0.000000,0.000000,0.000000,0.000000,0.344366,0.000000
10.227036,1763938785.035656,1763938734,0.451269,0.000155,0.000000,0.000000,0.000000,0.000000,0.000000,0.000000
10.247073,1763938785.055696,1763938734,0.451269,0.000155,0.000000,0.000000,0.000000,0.000000,0.000000,0.344366
10.267107,1763938785.075748,1763938734,0.451269,0.000155,0.000000,0.000000,0.000000,0.000000,0.000000,0.000000
10.287080,1763938785.095707,1763938734,0.451269,0.000155,0.000000,0.000000,0.000000,0.000000,0.000000,0.000000
10.307107,1763938785.115734,1763938734,0.451269,0.000155,0.000000,0.000000,0.000000,0.000000,0.344366,0.000000
10.327119,1763938785.135757,1763938734,0.451269,0.000155,0.000000,0.000000,0.000000,0.000000,0.000000,0.000000
10.347036,1763938785.155639,1763938734,0.451269,0.000155,0.000000,0.000000,0.000000,0.000000,0.000000,0.344366
10.367077,1763938785.175689,1763938734,0.451269,0.000155,0.000000,0.000000,0.000000,0.000000,0.000000,0.000000
10.387077,1763938785.195680,1763938734,0.451269,0.000155,0.000000,0.000000,0.000000,0.000000,0.000000,0.344366
10.407195,1763938785.215831,1763938734,0.451269,0.000155,0.000000,0.000000,0.000000,0.000000,0.000000,0.000000
10.427229,1763938785.235881,1763938734,0.451269,0.000155,0.000000,-0.000244,0.000000,0.000000,0.000000,0.000000
10.447219,1763938785.255857,1763938734,0.451269,0.000155,0.000000,0.000000,0.000000,0.000000,0.000000,0.344366
10.467175,1763938785.275786,1763938734,0.451269,0.000155,0.000000,0.000000,0.000000,0.000000,0.000000,-0.344366
10.487194,1763938785.295804,1763938734,0.451269,0.000155,0.000000,0.000000,0.000000,0.000000,0.000000,0.000000
10.507261,1763938785.315864,1763938734,0.451269,0.000155,0.000000,0.000000,0.000000,0.000000,0.344366,0.000000
10.527215,1763938785.335819,1763938734,0.451269,0.000155,0.000000,0.000000,0.000000,0.000000,0.000000,0.000000
10.547193,1763938785.355763,1763938734,0.451269,0.000155,0.000000,0.000000,0.000000,0.000000,0.000000,0.000000
10.567194,1763938785.375771,1763938734,0.451269,0.000155,0.000000,0.000000,0.000000,0.000000,0.000000,0.344366
10.587247,1763938785.395840,1763938734,0.451269,0.000155,0.000000,0.000000,0.000000,0.000000,0.000000,0.000000
10.607265,1763938785.415867,1763938734,0.451269,0.000155,0.000000,0.000000,0.000000,0.000000,0.000000,-0.344366
10.627292,1763938785.435905,1763938734,0.451269,0.000155,0.000000,0.000000,0.000000,0.000000,0.344366,-0.344366
10.647315,1763938785.455935,1763938734,0.451269,0.000155,0.000000,0.000000,0.000000,0.000000,0.000000,0.000000
10.667325,1763938785.475945,1763938734,0.451269,0.000155,0.000000,0.000000,0.000000,0.000000,0.344366,0.344366
10.687317,1763938785.495929,1763938734,0.451269,0.000155,0.000000,0.000000,0.000000,0.000000,0.000000,0.000000
10.707323,1763938785.515935,1763938734,0.451269,0.000155,0.000000,0.000000,0.000000,0.000000,0.000000,0.344366
10.727330,1763938785.535937,1763938734,0.451269,0.000155,0.000000,0.000000,0.000000,0.000000,0.000000,0.344366
10.747357,1763938785.555979,1763938734,0.451269,0.000155,0.000000,0.000000,0.000000,0.000000,0.000000,0.000000
10.767393,1763938785.576034,1763938734,0.451269,0.000155,0.000000,0.000000,0.000000,0.000000,0.000000,-0.344366
10.787376,1763938785.595996,1763938734,0.451269,0.000155,0.000000,0.000000,0.000000,0.000000,0.000000,0.000000
10.807386,1763938785.616030,1763938734,0.451269,0.000155,0.000000,0.000000,0.000000,0.000000,0.000000,0.000000
10.827396,1763938785.636045,1763938734,0.451269,0.000155,0.000000,0.000000,0.000000,0.000000,0.344366,0.000000
10.847405,1763938785.656054,1763938734,0.451269,0.000155,0.000000,0.000000,0.000000,0.000000,0.000000,0.000000
10.867415,1763938785.676063,1763938734,0.451269,0.000155,0.000000,0.000000,0.000000,0.000000,-0.344366,-0.344366
10.887426,1763938785.696074,1763938734,0.451269,0.000155,0.000000,0.000000,0.000000,0.000000,0.000000,0.000000
10.907435,1763938785.716086,1763938734,0.451269,0.000155,0.000000,0.000000,0.000000,0.000000,0.000000,0.000000
10.927463,1763938785.736085,1763938734,0.451269,0.000155,0.000000,0.000000,0.000000,0.000000,0.000000,0.000000
10.947480,1763938785.756103,1763938734,0.451269,0.000155,0.000000,0.000000,0.000000,0.000000,0.000000,0.344366
10.967490,1763938785.776113,1763938734,0.451269,0.000155,0.000000,0.000000,0.000000,0.000000,0.000000,0.000000
10.987501,1763938785.796123,1763938734,0.451269,0.000155,0.000000,0.000000,0.000000,0.000000,0.000000,0.000000
11.007511,1763938785.816133,1763938734,0.451269,0.000155,0.000000,0.000000,0.000000,0.000000,0.000000,-0.344366
11.027542,1763938785.836165,1763938734,0.451269,0.000155,0.000000,0.000000,0.000000,0.000000,0.000000,0.000000
11.047402,1763938785.855971,1763938734,0.451269,0.000155,0.000000,0.000000,0.000000,0.000000,0.000000,0.000000
11.067413,1763938785.875990,1763938734,0.451269,0.000155,0.000000,0.000000,0.000000,0.000000,0.000000,0.000000
11.087530,1763938785.896151,1763938734,0.451269,0.000155,0.000000,0.000000,0.000000,0.000000,0.344366,0.000000
11.107554,1763938785.916183,1763938734,0.451269,0.000155,0.000000,0.000000,0.000000,0.000000,0.000000,0.000000
11.127574,1763938785.936199,1763938734,0.451269,0.000155,0.000000,0.000000,0.000000,0.000000,0.000000,0.000000
11.147565,1763938785.956184,1763938734,0.451269,0.000155,0.000000,0.000000,0.000000,0.000000,0.000000,0.000000
11.167582,1763938785.976202,1763938734,0.451269,0.000155,0.000000,0.000000,0.000000,0.000000,0.000000,0.000000
11.187592,1763938785.996212,1763938734,0.451269,0.000155,0.000000,0.000000,0.000000,0.000000,0.000000,0.000000
11.207615,1763938786.016243,1763938734,0.451269,0.000155,0.000000,0.000000,0.000000,0.000000,0.000000,0.000000
11.227626,1763938786.036254,1763938734,0.451269,0.000155,0.000000,0.000000,0.000000,0.000000,0.000000,0.000000
11.247637,1763938786.056266,1763938734,0.451269,0.000155,0.000000,0.000000,0.000000,0.000000,0.344366,0.000000
11.267649,1763938786.076277,1763938734,0.451269,0.000155,0.000000,0.000000,0.000000,0.000000,0.000000,0.000000
11.287688,1763938786.096318,1763938734,0.451269,0.000155,0.000000,0.000000,0.000000,0.000000,0.000000,-0.344366
11.307671,1763938786.116299,1763938734,0.451269,0.000155,0.000000,0.000000,0.000000,0.000000,0.000000,0.000000
11.327682,1763938786.136310,1763938734,0.451269,0.000155,0.000000,0.000000,0.000000,0.000000,0.000000,0.000000
11.347694,1763938786.156321,1763938734,0.451269,0.000155,0.000000,0.000000,0.000000,0.000000,0.000000,0.344366
11.367705,1763938786.176332,1763938734,0.451269,0.000155,0.000000,0.000000,0.000000,0.000000,0.344366,0.000000
11.387704,1763938786.196325,1763938734,0.451269,0.000155,0.000000,0.000000,0.000000,0.000000,0.000000,0.000000
11.407726,1763938786.216354,1763938734,0.451269,0.000155,0.000000,0.000000,0.000000,0.000000,0.344366,0.000000
11.427737,1763938786.236365,1763938734,0.451269,0.000155,0.000000,0.000000,0.000000,0.000000,0.000000,-0.344366
11.447748,1763938786.256375,1763938734,0.451269,0.000155,0.000000,0.000000,0.000000,0.000000,0.000000,0.000000
11.467758,1763938786.276385,1763938734,0.451269,0.000155,0.000000,0.000000,0.000000,0.000000,0.344366,0.000000
11.487769,1763938786.296398,1763938734,0.451269,0.000155,0.000000,0.000000,0.000000,0.000000,0.000000,0.000000
11.507714,1763938786.316327,1763938734,0.451269,0.000155,0.000000,0.000000,0.000000,0.000000,0.344366,0.344366
11.527831,1763938786.336484,1763938734,0.451269,0.000155,0.000000,0.000000,0.000000,0.000000,0.000000,0.344366
11.547849,1763938786.356488,1763938734,0.451269,0.000155,0.000000,0.000000,0.000000,0.000000,0.000000,0.000000
11.567855,1763938786.376506,1763938734,0.451269,0.000155,0.000000,0.000000,0.000000,0.000000,0.000000,0.000000
11.587814,1763938786.396434,1763938734,0.451269,0.000155,0.000000,0.000000,0.000000,0.000000,0.000000,0.000000
11.607824,1763938786.416443,1763938734,0.451269,0.000155,0.000000,0.000000,0.000000,0.000000,0.000000,0.000000
11.627829,1763938786.436447,1763938734,0.451269,0.000155,0.000000,0.000000,0.000000,0.000000,0.000000,0.344366
11.647898,1763938786.456551,1763938734,0.451269,0.000155,0.000000,0.000000,0.000000,0.000000,0.344366,-0.344366
11.667911,1763938786.476564,1763938734,0.451269,0.000155,0.000000,0.000000,0.000000,0.000000,0.000000,0.000000
11.687923,1763938786.496574,1763938734,0.451269,0.000155,0.000000,0.000000,0.000000,0.000000,0.000000,0.000000
11.707936,1763938786.516588,1763938734,0.451269,0.000155,0.000000,0.000000,0.000000,0.000000,-0.344366,0.000000
11.727926,1763938786.536563,1763938734,0.451269,0.000155,0.000000,0.000000,0.000000,0.000000,0.000000,0.000000
11.747829,1763938786.556419,1763938734,0.451269,0.000155,0.000000,0.000000,0.000000,0.000000,0.000000,0.000000
11.767917,1763938786.576537,1763938734,0.451269,0.000155,0.000000,0.000000,0.000000,0.000000,0.344366,-0.344366
11.787954,1763938786.596592,1763938734,0.451269,0.000155,0.000000,0.000000,0.000000,0.000000,0.000000,-0.344366
11.808025,1763938786.616679,1763938734,0.451269,0.000155,0.000000,0.000000,0.000000,0.000000,0.344366,0.344366
11.828003,1763938786.636654,1763938734,0.451269,0.000155,0.000000,0.000000,0.000000,0.000000,0.000000,0.000000
11.847994,1763938786.656632,1763938734,0.451269,0.000155,0.000000,0.000000,0.000000,0.000000,0.344366,0.344366
11.868005,1763938786.676643,1763938734,0.451269,0.000155,0.000000,0.000011,0.000000,0.000000,0.000000,-0.344366
11.888041,1763938786.696692,1763938734,0.451269,0.000155,0.000000,0.000000,0.000000,0.000000,0.000000,0.000000
11.908054,1763938786.716706,1763938734,0.451269,0.000155,0.000000,0.000000,0.000000,0.000000,0.000000,0.344366
11.928069,1763938786.736720,1763938734,0.451269,0.000155,0.000000,0.000000,0.000000,0.000000,0.000000,0.000000
11.948059,1763938786.756696,1763938734,0.451269,0.000155,0.000000,0.000000,0.000000,0.000000,0.000000,-0.344366
11.968053,1763938786.776681,1763938734,0.451269,0.000155,0.000000,0.000000,0.000000,0.000000,0.000000,0.000000
11.987965,1763938786.796542,1763938734,0.451269,0.000155,0.000000,0.000000,0.000000,0.000000,0.000000,0.000000
12.007965,1763938786.816538,1763938734,0.451269,0.000155,0.000000,0.000000,0.000000,0.000000,0.000000,0.344366
12.027953,1763938786.836523,1763938734,0.451269,0.000155,0.000000,0.000000,0.000000,0.000000,0.000000,-0.344366
12.048079,1763938786.856726,1763938734,0.451269,0.000155,0.000000,0.000000,0.000000,0.000000,0.000000,0.000000
12.068043,1763938786.876643,1763938734,0.451269,0.000155,0.000000,0.000000,0.000000,0.000000,0.000000,0.000000
12.087990,1763938786.896567,1763938734,0.451269,0.000155,0.000000,0.000000,0.000000,0.000000,0.000000,0.344366
12.107971,1763938786.916539,1763938734,0.451269,0.000155,0.000000,0.000000,0.000000,0.000000,0.000000,-0.344366
12.127973,1763938786.936539,1763938734,0.451269,0.000155,0.000000,0.000000,0.000000,0.000000,0.000000,0.000000
12.147974,1763938786.956542,1763938734,0.451269,0.000155,0.000000,0.000000,0.000000,0.000000,0.000000,-0.344366
12.168006,1763938786.976587,1763938734,0.451269,0.000155,0.000000,0.000000,0.000000,0.000000,0.000000,0.000000
12.188019,1763938786.996604,1763938734,0.451269,0.000155,0.000000,0.000000,0.000000,0.000000,0.000000,0.000000
12.208063,1763938787.016673,1763938734,0.451269,0.000155,0.000000,0.000000,0.000000,0.000000,0.000000,0.000000
12.228080,1763938787.036703,1763938734,0.451269,0.000155,0.000000,0.000000,0.000000,0.000000,0.000000,0.000000
12.248070,1763938787.056674,1763938734,0.451269,0.000155,0.000000,0.000000,0.000000,0.000000,0.000000,-0.344366
12.268063,1763938787.076659,1763938734,0.451269,0.000155,0.000000,0.000000,0.000000,0.000000,0.000000,0.344366
12.288083,1763938787.096685,1763938734,0.451269,0.000155,0.000000,0.000000,0.000000,0.000000,0.000000,0.344366
12.308042,1763938787.116629,1763938734,0.451269,0.000155,0.000000,0.000000,0.000000,0.000000,0.000000,-0.344366
12.328115,1763938787.136727,1763938734,0.451269,0.000155,0.000000,0.000000,0.000000,0.000000,0.000000,0.000000
12.348087,1763938787.156678,1763938734,0.451269,0.000155,0.000000,0.000000,0.000000,0.000000,0.000000,0.000000
12.368110,1763938787.176708,1763938734,0.451269,0.000155,0.000000,0.000000,0.000000,0.000000,0.000000,0.344366
12.388109,1763938787.196702,1763938734,0.451269,0.000155,0.000000,0.000000,0.000000,0.000000,0.000000,0.000000
12.408081,1763938787.216664,1763938734,0.451269,0.000155,0.000000,0.000000,0.000000,0.000000,0.000000,0.000000
12.428156,1763938787.236769,1763938734,0.451269,0.000155,0.000000,0.000000,0.000000,0.000000,0.000000,0.000000
12.448087,1763938787.256666,1763938734,0.451269,0.000155,0.000000,0.000000,0.000000,0.000000,0.000000,0.344366
12.468137,1763938787.276718,1763938734,0.451269,0.000155,0.000000,0.000000,0.000000,0.000000,0.000000,0.000000
12.488248,1763938787.296874,1763938734,0.451269,0.000155,0.000000,0.000000,0.000000,0.000000,0.000000,0.000000
12.508181,1763938787.316761,1763938734,0.451269,0.000155,0.000000,0.000000,0.000000,0.000000,0.000000,0.000000
12.528245,1763938787.336857,1763938734,0.451269,0.000155,0.000000,0.000000,0.000000,0.000000,0.344366,0.344366
12.548236,1763938787.356849,1763938734,0.451269,0.000155,0.000000,0.000000,0.000000,0.000000,0.000000,0.000000
12.568209,1763938787.376801,1763938734,0.451269,0.000155,0.000000,-0.000682,0.000000,0.000000,0.000000,0.344366
12.588305,1763938787.396928,1763938734,0.451269,0.000155,0.000000,0.000000,0.000000,0.000000,0.000000,0.000000
12.608288,1763938787.416911,1763938734,0.451269,0.000155,0.000000,0.000000,0.000000,0.000000,0.344366,0.344366
12.628339,1763938787.436989,1763938734,0.451269,0.000155,0.000000,-0.000139,0.000000,0.000000,0.000000,0.000000
12.648243,1763938787.456837,1763938734,0.451269,0.000155,0.000000,0.000435,0.000000,0.000000,0.000000,-0.344366
12.668254,1763938787.476836,1763938734,0.451269,0.000155,0.000000,0.000000,0.000000,0.000000,0.000000,0.000000
12.688243,1763938787.496817,1763938734,0.451269,0.000155,0.000000,0.000000,0.000000,0.000000,0.000000,0.000000
12.708259,1763938787.516840,1763938734,0.451269,0.000155,0.000000,0.000000,0.000000,0.000000,0.000000,0.000000
12.728306,1763938787.536905,1763938734,0.451269,0.000155,0.000000,0.000000,0.000000,0.000000,0.000000,0.344366
12.748277,1763938787.556866,1763938734,0.451269,0.000155,0.000000,0.000000,0.000000,0.000000,0.000000,0.344366
12.768278,1763938787.576861,1763938734,0.451269,0.000155,0.000000,0.000000,0.000000,0.000000,0.344366,-0.344366
12.788281,1763938787.596860,1763938734,0.451269,0.000155,0.000000,0.000000,0.000000,0.000000,0.000000,0.000000
12.808287,1763938787.616868,1763938734,0.451269,0.000155,0.000000,0.000000,0.000000,0.000000,0.000000,0.000000
12.828411,1763938787.637272,1763938734,0.451269,0.000155,0.000000,0.000000,0.000000,0.000000,0.000000,-0.344366
12.848512,1763938787.657166,1763938734,0.451269,0.000155,0.000000,0.000000,0.000000,0.000000,-0.344366,0.000000
12.868434,1763938787.677099,1763938734,0.451269,0.000155,0.000000,0.000000,0.000000,0.000000,0.344366,0.344366
12.888428,1763938787.697090,1763938734,0.451269,0.000155,0.000000,0.000000,0.000000,0.000000,0.000000,0.344366
12.908430,1763938787.717085,1763938734,0.451269,0.000155,0.000000,0.000000,0.000000,0.000000,0.344366,0.344366
12.928420,1763938787.737059,1763938734,0.451269,0.000155,0.000000,0.000000,0.000000,0.000000,0.344366,0.000000
12.948429,1763938787.757056,1763938734,0.451269,0.000155,0.000000,0.000000,0.000000,0.000000,0.000000,0.000000
12.968481,1763938787.777103,1763938734,0.451269,0.000155,0.000000,0.000000,0.000000,0.000000,0.000000,0.000000
12.988485,1763938787.797098,1763938734,0.451269,0.000155,0.000000,0.000000,0.000000,0.000000,0.000000,0.000000
13.008501,1763938787.817122,1763938734,0.451269,0.000155,0.000000,0.000000,0.000000,0.000000,0.000000,0.000000
13.028442,1763938787.837064,1763938734,0.451269,0.000155,0.000000,0.000000,0.000000,0.000000,0.000000,0.000000
13.048392,1763938787.856961,1763938734,0.451269,0.000155,0.000000,0.000000,0.000000,0.000000,0.000000,0.000000
13.068419,1763938787.876999,1763938734,0.451269,0.000155,0.000000,0.000000,0.000000,0.000000,0.000000,0.344366
13.088440,1763938787.897043,1763938734,0.451269,0.000155,0.000000,0.000000,0.000000,0.000000,0.000000,0.000000
13.108483,1763938787.917081,1763938734,0.451269,0.000155,0.000000,0.000000,0.000000,0.000000,0.000000,-0.344366
13.128507,1763938787.937115,1763938734,0.451269,0.000155,0.000000,0.000000,0.000000,0.000000,0.000000,0.344366
13.148505,1763938787.957108,1763938734,0.451269,0.000155,0.000000,0.000000,0.000000,0.000000,0.000000,0.000000
13.168521,1763938787.977128,1763938734,0.451269,0.000155,0.000000,0.000000,0.000000,0.000000,-0.344366,-0.344366
13.188541,1763938787.997154,1763938734,0.451269,0.000155,0.000000,0.000000,0.000000,0.000000,0.000000,-0.344366
13.208552,1763938788.017165,1763938734,0.451269,0.000155,0.000000,0.000000,0.000000,0.000000,0.000000,0.000000
13.228559,1763938788.037172,1763938734,0.451269,0.000155,0.000000,0.000000,0.000000,0.000000,0.000000,0.344366
13.248583,1763938788.057204,1763938734,0.451269,0.000155,0.000000,0.000000,0.000000,0.000000,0.000000,0.344366
13.268512,1763938788.077100,1763938734,0.451269,0.000155,0.000000,0.000000,0.000000,0.000000,0.000000,0.000000
13.288583,1763938788.097196,1763938734,0.451269,0.000155,0.000000,0.000000,0.000000,0.000000,0.000000,0.344366
13.308591,1763938788.117204,1763938734,0.451269,0.000155,0.000000,0.000000,0.000000,0.000000,0.344366,0.000000
13.328600,1763938788.137213,1763938734,0.451269,0.000155,0.000000,0.000000,0.000000,0.000000,0.000000,-0.344366
13.348608,1763938788.157220,1763938734,0.451269,0.000155,0.000000,0.000000,0.000000,0.000000,0.000000,0.344366
13.368640,1763938788.177254,1763938734,0.451269,0.000151,0.000000,-0.000806,0.000000,0.000000,0.000000,0.000000
13.388614,1763938788.197221,1763938734,0.451269,0.000155,0.000000,0.000000,0.000000,0.000000,0.344366,0.344366
13.408632,1763938788.217245,1763938734,0.451269,0.000155,0.000000,0.000000,0.000000,0.000000,0.344366,0.000000
13.428641,1763938788.237254,1763938734,0.451269,0.000155,0.000000,0.000000,0.000000,0.000000,0.000000,0.000000
13.448664,1763938788.257284,1763938734,0.451269,0.000155,0.000000,0.000000,0.000000,0.000000,-0.344366,0.000000
13.468675,1763938788.277296,1763938734,0.451269,0.000155,0.000000,0.000000,0.000000,0.000000,0.000000,0.000000
13.488685,1763938788.297305,1763938734,0.451269,0.000155,0.000000,0.000000,0.000000,0.000000,0.000000,0.000000
13.508693,1763938788.317313,1763938734,0.451269,0.000155,0.000000,0.000000,0.000000,0.000000,0.000000,0.000000
13.528733,1763938788.337371,1763938734,0.451269,0.000155,0.000000,0.000000,0.000000,0.000000,0.000000,0.000000
13.548770,1763938788.357422,1763938734,0.451269,0.000155,0.000000,0.000000,0.000000,0.000000,0.344366,0.000000
13.568759,1763938788.377396,1763938734,0.451269,0.000155,0.000000,0.000000,0.000000,0.000000,0.000000,0.000000
13.588755,1763938788.397382,1763938734,0.451269,0.000155,0.000000,0.000000,0.000000,0.000000,0.344366,0.344366
13.608752,1763938788.417373,1763938734,0.451269,0.000155,0.000000,0.000000,0.000000,0.000000,0.000000,0.344366
13.628822,1763938788.437462,1763938734,0.451269,0.000155,0.000000,0.000000,0.000000,0.000000,0.000000,0.344366
13.648789,1763938788.457416,1763938734,0.451269,0.000155,0.000000,0.000000,0.000000,0.000000,0.000000,0.344366
13.668787,1763938788.477406,1763938734,0.451269,0.000155,0.000000,0.000000,0.000000,0.000000,0.000000,0.000000
13.688797,1763938788.497418,1763938734,0.451269,0.000155,0.000000,0.000000,0.000000,0.000000,0.344366,0.344366
13.708801,1763938788.517420,1763938734,0.451269,0.000155,0.000000,0.000000,0.000000,0.000000,0.344366,0.000000
13.728782,1763938788.537392,1763938734,0.451269,0.000155,0.000000,0.000000,0.000000,0.000000,0.000000,0.000000
13.748798,1763938788.557405,1763938734,0.451269,0.000155,0.000000,0.000000,0.000000,0.000000,0.000000,0.000000
13.768818,1763938788.577430,1763938734,0.451269,0.000155,0.000000,0.000000,0.000000,0.000000,0.000000,0.000000
13.788826,1763938788.597439,1763938734,0.451269,0.000155,0.000000,0.000000,0.000000,0.000000,0.000000,0.000000
13.808844,1763938788.617463,1763938734,0.451269,0.000155,0.000000,0.000000,0.000000,0.000000,0.000000,0.000000
13.828860,1763938788.637480,1763938734,0.451269,0.000155,0.000000,0.000000,0.000000,0.000000,0.000000,0.344366
13.848834,1763938788.657437,1763938734,0.451269,0.000155,0.000000,0.000000,0.000000,0.000000,0.000000,0.344366
13.868905,1763938788.677543,1763938734,0.451269,0.000155,0.000000,0.000000,0.000000,0.000000,0.000000,0.344366
13.888986,1763938788.697641,1763938734,0.451269,0.000155,0.000000,0.000000,0.000000,0.000000,0.000000,0.344366
13.908928,1763938788.717565,1763938734,0.451269,0.000155,0.000000,0.000000,0.000000,0.000000,0.000000,0.000000
13.928939,1763938788.737577,1763938734,0.451269,0.000155,0.000000,0.000000,0.000000,0.000000,0.000000,0.000000
13.948935,1763938788.757563,1763938734,0.451269,0.000155,0.000000,0.000000,0.000000,0.000000,0.344366,0.344366
13.968983,1763938788.777634,1763938734,0.451269,0.000155,0.000000,0.000000,0.000000,0.000000,0.000000,0.000000
13.988996,1763938788.797646,1763938734,0.451269,0.000155,0.000000,0.000000,0.000000,0.000000,0.000000,-0.344366
14.008984,1763938788.817621,1763938734,0.451269,0.000155,0.000000,0.000000,0.000000,0.000000,0.000000,0.000000
14.028980,1763938788.837607,1763938734,0.451269,0.000155,0.000000,0.000000,0.000000,0.000000,0.344366,-0.344366
14.048878,1763938788.857447,1763938734,0.451269,0.000155,0.000000,0.000000,0.000000,0.000000,0.000000,0.000000
14.068921,1763938788.877510,1763938734,0.451269,0.000155,0.000000,0.000000,0.000000,0.000000,0.000000,0.000000
14.088953,1763938788.897555,1763938734,0.451269,0.000155,0.000000,0.000000,0.000000,0.000000,0.000000,0.000000
14.108980,1763938788.917592,1763938734,0.451269,0.000155,0.000000,0.000000,0.000000,0.000000,0.000000,0.000000
14.128988,1763938788.937601,1763938734,0.451269,0.000155,0.000000,0.000000,0.000000,0.000000,0.000000,0.000000
14.149037,1763938788.957660,1763938734,0.451269,0.000155,0.000000,0.000000,0.000000,0.000000,0.000000,0.000000
14.169034,1763938788.977654,1763938734,0.451269,0.000155,0.000000,0.000000,0.000000,0.000000,0.000000,0.344366
14.189045,1763938788.997671,1763938734,0.451269,0.000155,0.000000,0.000000,0.000000,0.000000,0.000000,0.000000
14.209042,1763938789.017661,1763938734,0.451269,0.000155,0.000000,0.000000,0.000000,0.000000,0.000000,0.000000
14.229052,1763938789.037671,1763938734,0.451269,0.000155,0.000000,0.000000,0.000000,0.000000,0.000000,0.000000
14.249062,1763938789.057681,1763938734,0.451269,0.000155,0.000000,0.000000,0.000000,0.000000,-0.344366,-0.344366
14.269083,1763938789.077710,1763938734,0.451269,0.000155,0.000000,0.000000,0.000000,0.000000,0.000000,-0.344366
14.289094,1763938789.097721,1763938734,0.451269,0.000155,0.000000,0.000000,0.000000,0.000000,0.000000,0.000000
14.309105,1763938789.117732,1763938734,0.451269,0.000155,0.000000,0.000001,0.000000,0.000000,0.000000,0.344366
14.329088,1763938789.137700,1763938734,0.451269,0.000155,0.000000,0.000000,0.000000,0.000000,0.000000,0.000000
14.349112,1763938789.157732,1763938734,0.451269,0.000155,0.000000,0.000000,0.000000,0.000000,0.000000,0.000000
14.369135,1763938789.177763,1763938734,0.451269,0.000155,0.000000,0.000000,0.000000,0.000000,0.000000,0.000000
14.389146,1763938789.197773,1763938734,0.451269,0.000155,0.000000,0.000000,0.000000,0.000000,0.000000,0.000000
14.409187,1763938789.217818,1763938734,0.451269,0.000155,0.000000,0.000000,0.000000,0.000000,0.000000,0.000000
14.429169,1763938789.237796,1763938734,0.451269,0.000155,0.000000,0.000000,0.000000,0.000000,0.000000,0.344366
14.449179,1763938789.257805,1763938734,0.451269,0.000155,0.000000,0.000000,0.000000,0.000000,0.000000,-0.344366
14.469190,1763938789.277817,1763938734,0.451269,0.000155,0.000000,0.000000,0.000000,0.000000,0.000000,0.000000
14.489200,1763938789.297827,1763938734,0.451269,0.000155,0.000000,0.000000,0.000000,0.000000,0.344366,0.344366
14.509183,1763938789.317796,1763938734,0.451269,0.000155,0.000000,0.000000,0.000000,0.000000,0.000000,0.344366
14.529207,1763938789.337827,1763938734,0.451269,0.000155,0.000000,0.000000,0.000000,0.000000,0.000000,0.000000
14.549216,1763938789.357835,1763938734,0.451269,0.000155,0.000000,0.000000,0.000000,0.000000,0.000000,0.000000
14.569239,1763938789.377862,1763938734,0.451269,0.000155,0.000000,0.000000,0.000000,0.000000,0.344366,0.000000
14.589237,1763938789.397857,1763938734,0.451269,0.000155,0.000000,0.000000,0.000000,0.000000,0.000000,0.000000
14.609259,1763938789.417885,1763938734,0.451269,0.000155,0.000000,0.000000,0.000000,0.000000,0.344366,0.000000
14.629269,1763938789.437891,1763938734,0.451269,0.000155,0.000000,0.000000,0.000000,0.000000,0.000000,0.000000
14.649267,1763938789.457886,1763938734,0.451269,0.000155,0.000000,0.000000,0.000000,0.000000,0.000000,0.000000
14.669405,1763938789.478087,1763938734,0.451269,0.000155,0.000000,0.000000,0.000000,0.000000,0.000000,0.000000
14.689385,1763938789.498058,1763938734,0.451269,0.000155,0.000000,0.000000,0.000000,0.000000,0.000000,0.344366
14.709359,1763938789.517987,1763938734,0.451269,0.000155,0.000000,0.000000,0.000000,0.000000,0.344366,-0.344366
14.729370,1763938789.537997,1763938734,0.451269,0.000155,0.000000,0.000000,0.000000,0.000000,0.000000,0.000000
14.749381,1763938789.558033,1763938734,0.451269,0.000155,0.000000,0.000000,0.000000,0.000000,0.344366,0.000000
14.769381,1763938789.578001,1763938734,0.451269,0.000155,0.000000,0.000000,0.000000,0.000000,0.344366,-0.344366
14.789420,1763938789.598047,1763938734,0.451269,0.000155,0.000000,0.000000,0.000000,0.000000,0.000000,-0.344366
14.809542,1763938789.618155,1763938734,0.451269,0.000155,0.000000,0.000000,0.000000,0.000000,0.344366,0.344366
14.829523,1763938789.638136,1763938734,0.451269,0.000155,0.000000,0.000000,0.000000,0.000000,0.000000,0.000000
14.849641,1763938789.658293,1763938734,0.451269,0.000155,0.000000,0.000000,0.000000,0.000000,0.000000,-0.344366
14.869632,1763938789.678270,1763938734,0.451269,0.000155,0.000000,0.000000,0.000000,0.000000,0.344366,0.000000
14.889613,1763938789.698233,1763938734,0.451269,0.000155,0.000000,0.000000,0.000000,0.000000,0.000000,0.344366
14.909624,1763938789.718244,1763938734,0.451269,0.000155,0.000000,0.000000,0.000000,0.000000,0.344366,0.000000
14.929661,1763938789.738284,1763938734,0.451269,0.000155,0.000000,0.000000,0.000000,0.000000,0.000000,0.000000
14.949628,1763938789.758241,1763938734,0.451269,0.000155,0.000000,0.000000,0.000000,0.000000,-0.344366,0.000000
14.969703,1763938789.778355,1763938734,0.451269,0.000155,0.000000,0.000000,0.000000,0.000000,0.000000,0.344366
14.989717,1763938789.798368,1763938734,0.451269,0.000155,0.000000,0.000000,0.000000,0.000000,0.000000,0.000000
15.009708,1763938789.818346,1763938734,0.451269,0.000155,0.000000,0.000000,0.000000,0.000000,0.000000,0.000000
15.029741,1763938789.838392,1763938734,0.451269,0.000155,0.000000,0.000000,0.000000,0.000000,0.344366,0.000000
15.049668,1763938789.858298,1763938734,0.451269,0.000155,0.000000,0.000000,0.000000,0.000000,0.000000,0.344366
15.069620,1763938789.878196,1763938734,0.451269,0.000155,0.000000,0.000000,0.000000,0.000000,0.000000,0.000000
15.089642,1763938789.898228,1763938734,0.451269,0.000155,0.000000,0.000000,0.000000,0.000000,0.000000,0.000000
15.109648,1763938789.918251,1763938734,0.451269,0.000155,0.000000,0.000000,0.000000,0.000000,0.000000,0.344366
15.129655,1763938789.938258,1763938734,0.451269,0.000155,0.000000,0.000000,0.000000,0.000000,0.000000,0.000000
15.149659,1763938789.958262,1763938734,0.451269,0.000155,0.000000,0.000000,0.000000,0.000000,-0.344366,0.000000
15.169665,1763938789.978268,1763938734,0.451269,0.000155,0.000000,0.000000,0.000000,0.000000,0.000000,0.000000
15.189683,1763938789.998286,1763938734,0.451269,0.000155,0.000000,0.000000,0.000000,0.000000,0.000000,0.344366
15.209909,1763938790.018561,1763938734,0.451269,0.000155,0.000000,0.000000,0.000000,0.000000,0.000000,-0.344366
15.229923,1763938790.038575,1763938734,0.451269,0.000155,0.000000,0.000000,0.000000,0.000000,0.000000,0.000000
15.249936,1763938790.058587,1763938734,0.451269,0.000155,0.000000,0.000000,0.000000,0.000000,0.000000,0.000000
15.269928,1763938790.078565,1763938734,0.451269,0.000155,0.000000,0.000000,0.000000,0.000000,-0.344366,0.000000
15.289938,1763938790.098575,1763938734,0.451269,0.000155,0.000000,0.000000,0.000000,0.000000,-0.344366,0.000000
15.309933,1763938790.118561,1763938734,0.451269,0.000155,0.000000,0.000000,0.000000,0.000000,0.000000,0.000000
15.329943,1763938790.138570,1763938734,0.451269,0.000155,0.000000,0.000000,0.000000,0.000000,0.000000,-0.344366
15.349954,1763938790.158582,1763938734,0.451269,0.000155,0.000000,0.000000,0.000000,0.000000,0.000000,0.344366
15.369938,1763938790.178551,1763938734,0.451269,0.000151,0.000000,-0.000943,0.000000,0.000000,0.344366,0.000000
15.389962,1763938790.198581,1763938734,0.451269,0.000155,0.000000,0.000000,0.000000,0.000000,0.000000,0.000000
15.409974,1763938790.218595,1763938734,0.451269,0.000155,0.000000,0.000000,0.000000,0.000000,0.000000,-0.344366
15.429994,1763938790.238621,1763938734,0.451269,0.000155,0.000000,0.000000,0.000000,0.000000,0.000000,-0.344366
15.450033,1763938790.258663,1763938734,0.451269,0.000155,0.000000,0.000000,0.000000,0.000000,0.000000,0.344366
15.470017,1763938790.278644,1763938734,0.451269,0.000155,0.000000,0.000000,0.000000,0.000000,-0.344366,0.344366
15.490027,1763938790.298654,1763938734,0.451269,0.000155,0.000000,0.000000,0.000000,0.000000,0.344366,-0.344366
15.510027,1763938790.318647,1763938734,0.451269,0.000155,0.000000,0.000000,0.000000,0.000000,0.000000,0.000000
15.530032,1763938790.338652,1763938734,0.451269,0.000155,0.000000,0.000000,0.000000,0.000000,0.344366,0.000000
15.549932,1763938790.358500,1763938734,0.451269,0.000155,0.000000,0.000000,0.000000,0.000000,0.000000,0.000000
15.569935,1763938790.378504,1763938734,0.451269,0.000155,0.000000,0.000000,0.000000,0.000000,0.000000,0.344366
15.589940,1763938790.398512,1763938734,0.451269,0.000155,0.000000,0.000000,0.000000,0.000000,0.000000,0.000000
15.609988,1763938790.418581,1763938734,0.451269,0.000155,0.000000,0.000006,0.000000,0.000000,0.000000,0.344366
15.630021,1763938790.438628,1763938734,0.451269,0.000155,0.000000,0.000000,0.000000,0.000000,0.344366,-0.344366
15.650040,1763938790.458653,1763938734,0.451269,0.000155,0.000000,0.000000,0.000000,0.000000,0.000000,0.000000
15.670065,1763938790.478684,1763938734,0.451269,0.000155,0.000000,0.000000,0.000000,0.000000,0.000000,0.000000
15.690072,1763938790.498691,1763938734,0.451269,0.000155,0.000000,0.000000,0.000000,0.000000,0.000000,0.000000
15.710167,1763938790.518819,1763938734,0.451269,0.000155,0.000000,0.000000,0.000000,0.000000,0.000000,0.344366
15.730126,1763938790.538763,1763938734,0.451269,0.000155,0.000000,0.000000,0.000000,0.000000,0.000000,0.000000
15.750138,1763938790.558776,1763938734,0.451269,0.000155,0.000000,0.000000,0.000000,0.000000,0.000000,0.000000
15.770173,1763938790.578825,1763938734,0.451269,0.000155,0.000000,0.000000,0.000000,0.000000,0.344366,-0.344366
15.790188,1763938790.598839,1763938734,0.451269,0.000155,0.000000,0.000000,0.000000,0.000000,0.000000,-0.344366
15.810200,1763938790.618851,1763938734,0.451269,0.000155,0.000000,0.000000,0.000000,0.000000,0.000000,0.000000
15.830109,1763938790.638721,1763938734,0.451269,0.000155,0.000000,0.000000,0.000000,0.000000,0.000000,0.000000
15.850222,1763938790.658874,1763938734,0.451269,0.000155,0.000000,0.000000,0.000000,0.000000,0.000000,0.000000
15.870212,1763938790.678849,1763938734,0.451269,0.000155,0.000000,0.000000,0.000000,0.000000,0.000000,-0.344366
15.890208,1763938790.698836,1763938734,0.451269,0.000155,0.000000,0.000000,0.000000,0.000000,0.000000,0.344366
15.910218,1763938790.718846,1763938734,0.451269,0.000155,0.000000,0.000000,0.000000,0.000000,0.000000,0.000000
15.930142,1763938790.738734,1763938734,0.451269,0.000155,0.000000,0.000000,0.000000,0.000000,0.000000,0.344366
15.950226,1763938790.758847,1763938734,0.451269,0.000155,0.000000,0.000000,0.000000,0.000000,0.000000,0.000000
15.970277,1763938790.778908,1763938734,0.451269,0.000155,0.000000,0.000000,0.000000,0.000000,0.000000,-0.344366
15.990259,1763938790.798886,1763938734,0.451269,0.000155,0.000000,0.000000,0.000000,0.000000,0.000000,0.000000
16.010270,1763938790.818898,1763938734,0.451269,0.000155,0.000000,0.000946,0.000000,0.000000,0.000000,0.000000
16.030280,1763938790.838908,1763938734,0.451269,0.000155,0.000000,0.000000,0.000000,0.000000,0.000000,0.000000
16.050181,1763938790.858752,1763938734,0.451269,0.000155,0.000000,0.000000,0.000000,0.000000,0.344366,-0.344366
16.070226,1763938790.878817,1763938734,0.451269,0.000155,0.000000,-0.000039,0.000000,0.000000,0.000000,-0.344366
16.090290,1763938790.898909,1763938734,0.451269,0.000155,0.000000,0.000945,0.000000,0.000000,0.000000,0.000000
16.110283,1763938790.918895,1763938734,0.451269,0.000155,0.000000,0.000264,0.000000,0.000000,0.000000,0.000000
16.130292,1763938790.938905,1763938734,0.451269,0.000155,0.000000,0.000940,0.000000,0.000000,-0.344366,0.344366
16.150316,1763938790.958936,1763938734,0.451269,0.000155,0.000000,0.000000,0.000000,0.000000,0.000000,0.000000
16.170375,1763938790.979056,1763938734,0.451269,0.000155,0.000000,0.000867,0.000000,0.000000,0.000000,0.000000
16.190386,1763938790.999060,1763938734,0.451269,0.000155,0.000000,0.000000,0.000000,0.000000,0.000000,-0.344366
16.210360,1763938791.018987,1763938734,0.451269,0.000155,0.000000,0.000000,0.000000,0.000000,-0.344366,0.000000
16.230398,1763938791.039062,1763938734,0.451269,0.000155,0.000000,0.000000,0.000000,0.000000,0.000000,0.344366
16.250381,1763938791.059041,1763938734,0.451269,0.000155,0.000000,0.000000,0.000000,0.000000,0.344366,0.344366
16.270379,1763938791.078999,1763938734,0.451269,0.000155,0.000000,0.000000,0.000000,0.000000,0.000000,0.000000
16.290376,1763938791.098988,1763938734,0.451269,0.000155,0.000000,0.000000,0.000000,0.000000,0.000000,0.000000
16.310399,1763938791.119053,1763938734,0.451269,0.000155,0.000000,0.000000,0.000000,0.000000,0.000000,0.000000
16.330407,1763938791.139054,1763938734,0.451269,0.000155,0.000000,0.000000,0.000000,0.000000,0.344366,0.344366
16.350417,1763938791.159065,1763938734,0.451269,0.000155,0.000000,0.000000,0.000000,0.000000,0.344366,-0.344366
16.370413,1763938791.179051,1763938734,0.451269,0.000155,0.000000,0.000000,0.000000,0.000000,0.000000,0.344366
16.390437,1763938791.199093,1763938734,0.451269,0.000155,0.000000,0.000000,0.000000,0.000000,0.000000,0.000000
16.410472,1763938791.219094,1763938734,0.451269,0.000155,0.000000,0.000000,0.000000,0.000000,0.344366,-0.344366
16.430478,1763938791.239101,1763938734,0.451269,0.000155,0.000000,0.000000,0.000000,0.000000,0.000000,0.344366
16.450493,1763938791.259115,1763938734,0.451269,0.000155,0.000000,0.000000,0.000000,0.000000,0.000000,0.000000
16.470494,1763938791.279114,1763938734,0.451269,0.000155,0.000000,0.000000,0.000000,0.000000,0.000000,0.000000
16.490549,1763938791.299172,1763938734,0.451269,0.000155,0.000000,0.000000,0.000000,0.000000,0.000000,0.000000
16.510525,1763938791.319147,1763938734,0.451269,0.000155,0.000000,0.000000,0.000000,0.000000,0.000000,0.000000
16.530528,1763938791.339149,1763938734,0.451269,0.000155,0.000000,0.000000,0.000000,0.000000,0.344366,0.344366
16.550539,1763938791.359159,1763938734,0.451269,0.000155,0.000000,0.000000,0.000000,0.000000,0.000000,0.344366
16.570574,1763938791.379226,1763938734,0.451269,0.000155,0.000000,0.000000,0.000000,0.000000,0.000000,0.000000
16.590570,1763938791.399198,1763938734,0.451269,0.000155,0.000000,0.000000,0.000000,0.000000,0.344366,0.344366
16.610568,1763938791.419189,1763938734,0.451269,0.000155,0.000000,0.000000,0.000000,0.000000,0.000000,0.000000
16.630580,1763938791.439202,1763938734,0.451269,0.000155,0.000000,0.000000,0.000000,0.000000,0.000000,-0.344366
16.650575,1763938791.459187,1763938734,0.451269,0.000155,0.000000,0.000000,0.000000,0.000000,0.344366,-0.344366
16.670600,1763938791.479220,1763938734,0.451269,0.000155,0.000000,0.000000,0.000000,0.000000,0.000000,0.000000
16.690610,1763938791.499230,1763938734,0.451269,0.000155,0.000000,0.000000,0.000000,0.000000,0.000000,0.344366
16.710618,1763938791.519237,1763938734,0.451269,0.000155,0.000000,0.000000,0.000000,0.000000,0.000000,0.000000
16.730630,1763938791.539250,1763938734,0.451269,0.000155,0.000000,0.000000,0.000000,0.000000,0.344366,0.000000
16.750664,1763938791.559287,1763938734,0.451269,0.000155,0.000000,0.000000,0.000000,0.000000,-0.344366,0.000000
16.770623,1763938791.579230,1763938734,0.451269,0.000155,0.000000,0.000000,0.000000,0.000000,0.000000,0.000000
16.790642,1763938791.599255,1763938734,0.451269,0.000155,0.000000,0.000000,0.000000,0.000000,0.000000,0.344366
16.810668,1763938791.619290,1763938734,0.451269,0.000155,0.000000,0.000000,0.000000,0.000000,-0.344366,0.000000
16.830690,1763938791.639318,1763938734,0.451269,0.000155,0.000000,0.000000,0.000000,0.000000,0.000000,0.344366
16.850702,1763938791.659331,1763938734,0.451269,0.000155,0.000000,0.000000,0.000000,0.000000,0.000000,-0.344366
16.870713,1763938791.679340,1763938734,0.451269,0.000155,0.000000,0.000000,0.000000,0.000000,-0.344366,-0.344366
16.890726,1763938791.699345,1763938734,0.451269,0.000155,0.000000,0.000000,0.000000,0.000000,0.344366,0.000000
16.910705,1763938791.719318,1763938734,0.451269,0.000155,0.000000,0.000000,0.000000,0.000000,0.000000,0.000000
16.930730,1763938791.739351,1763938734,0.451269,0.000155,0.000000,0.000000,0.000000,0.000000,0.000000,0.344366
16.950742,1763938791.759362,1763938734,0.451269,0.000155,0.000000,0.000000,0.000000,0.000000,0.000000,0.000000
16.970764,1763938791.779392,1763938734,0.451269,0.000155,0.000000,0.000000,0.000000,0.000000,0.000000,0.000000
16.990775,1763938791.799402,1763938734,0.451269,0.000155,0.000000,0.000000,0.000000,0.000000,0.000000,0.000000
17.010779,1763938791.819393,1763938734,0.451269,0.000155,0.000000,0.000000,0.000000,0.000000,0.344366,0.344366
17.030783,1763938791.839403,1763938734,0.451269,0.000155,0.000000,0.000000,0.000000,0.000000,-0.344366,0.344366
17.050691,1763938791.859260,1763938734,0.451269,0.000155,0.000000,0.000000,0.000000,0.000000,0.000000,0.000000
17.070732,1763938791.879319,1763938734,0.451269,0.000155,0.000000,0.000000,0.000000,0.000000,0.000000,0.000000
17.090759,1763938791.899358,1763938734,0.451269,0.000155,0.000000,0.000000,0.000000,0.000000,0.000000,0.000000
17.110861,1763938791.919514,1763938734,0.451269,0.000151,0.000000,-0.000925,0.000000,0.000000,0.000000,0.344366
17.130851,1763938791.939489,1763938734,0.451269,0.000155,0.000000,0.000000,0.000000,0.000000,0.000000,0.344366
17.150847,1763938791.959475,1763938734,0.451269,0.000155,0.000000,0.000000,0.000000,0.000000,0.000000,0.344366
17.170896,1763938791.979548,1763938734,0.451269,0.000155,0.000000,0.000000,0.000000,0.000000,0.000000,-0.344366
17.190910,1763938791.999562,1763938734,0.451269,0.000155,0.000000,0.000000,0.000000,0.000000,0.000000,0.000000
17.210899,1763938792.019536,1763938734,0.451269,0.000155,0.000000,0.000000,0.000000,0.000000,0.000000,0.000000
17.230869,1763938792.039483,1763938734,0.451269,0.000155,0.000000,0.000000,0.000000,0.000000,0.000000,0.000000
17.250945,1763938792.059596,1763938734,0.451269,0.000155,0.000000,0.000000,0.000000,0.000000,0.000000,0.000000
17.270994,1763938792.079649,1763938734,0.451269,0.000155,0.000000,0.000000,0.000000,0.000000,0.000000,0.000000
17.290949,1763938792.099586,1763938734,0.451269,0.000155,0.000000,0.000000,0.000000,0.000000,0.000000,0.344366
17.310943,1763938792.119571,1763938734,0.451269,0.000155,0.000000,0.000000,0.000000,0.000000,0.000000,0.000000
17.330954,1763938792.139582,1763938734,0.451269,0.000155,0.000000,0.000000,0.000000,0.000000,0.000000,0.000000
17.350954,1763938792.159575,1763938734,0.451269,0.000155,0.000000,0.000000,0.000000,0.000000,0.000000,0.000000
17.370963,1763938792.179583,1763938734,0.451269,0.000155,0.000000,0.000000,0.000000,0.000000,0.000000,0.000000
17.390986,1763938792.199605,1763938734,0.451269,0.000155,0.000000,0.000000,0.000000,0.000000,0.000000,0.000000
17.410996,1763938792.219624,1763938734,0.451269,0.000155,0.000000,0.000000,0.000000,0.000000,0.000000,0.344366
17.431008,1763938792.239635,1763938734,0.451269,0.000155,0.000000,0.000000,0.000000,0.000000,0.344366,0.344366
17.451016,1763938792.259635,1763938734,0.451269,0.000155,0.000000,0.000000,0.000000,0.000000,0.000000,0.000000
17.471017,1763938792.279637,1763938734,0.451269,0.000155,0.000000,0.000000,0.000000,0.000000,0.000000,0.000000
17.491030,1763938792.299647,1763938734,0.451269,0.000155,0.000000,0.000006,0.000000,0.000000,0.000000,0.344366
17.511037,1763938792.319657,1763938734,0.451269,0.000155,0.000000,0.000940,0.000000,0.000000,0.344366,0.000000
17.531071,1763938792.339694,1763938734,0.451269,0.000155,0.000000,0.000000,0.000000,0.000000,0.000000,0.000000
17.551059,1763938792.359679,1763938734,0.451269,0.000155,0.000000,0.000000,0.000000,0.000000,0.000000,0.000000
17.571068,1763938792.379688,1763938734,0.451269,0.000155,0.000000,0.000000,0.000000,0.000000,0.000000,-0.344366
17.591080,1763938792.399701,1763938734,0.451269,0.000155,0.000000,0.000000,0.000000,0.000000,0.000000,0.344366
17.611088,1763938792.419709,1763938734,0.451269,0.000155,0.000000,0.000000,0.000000,0.000000,0.000000,-0.344366
17.631112,1763938792.439739,1763938734,0.451269,0.000155,0.000000,0.000000,0.000000,0.000000,0.000000,0.000000
17.651123,1763938792.459750,1763938734,0.451269,0.000155,0.000000,0.000000,0.000000,0.000000,0.000000,-0.344366
17.671133,1763938792.479761,1763938734,0.451269,0.000155,0.000000,0.000000,0.000000,0.000000,0.000000,0.000000
17.691131,1763938792.499752,1763938734,0.451269,0.000155,0.000000,0.000000,0.000000,0.000000,0.000000,0.000000
17.711124,1763938792.519736,1763938734,0.451269,0.000155,0.000000,0.000000,0.000000,0.000000,0.344366,0.000000
17.731149,1763938792.539769,1763938734,0.451269,0.000155,0.000000,0.000000,0.000000,0.000000,0.000000,0.000000
17.751159,1763938792.559778,1763938734,0.451269,0.000155,0.000000,0.000000,0.000000,0.000000,0.000000,0.000000
17.771168,1763938792.579789,1763938734,0.451269,0.000155,0.000000,0.000000,0.000000,0.000000,0.000000,0.000000
17.791206,1763938792.599828,1763938734,0.451269,0.000155,0.000000,0.000000,0.000000,0.000000,0.000000,0.000000
17.811188,1763938792.619808,1763938734,0.451269,0.000155,0.000000,0.000000,0.000000,0.000000,0.000000,0.000000
17.831198,1763938792.639818,1763938734,0.451269,0.000155,0.000000,0.000000,0.000000,0.000000,0.344366,0.000000
17.851209,1763938792.659829,1763938734,0.451269,0.000155,0.000000,0.000000,0.000000,0.000000,0.000000,0.000000
17.871231,1763938792.679858,1763938734,0.451269,0.000155,0.000000,0.000000,0.000000,0.000000,0.000000,-0.344366
17.891242,1763938792.699869,1763938734,0.451269,0.000155,0.000000,0.000000,0.000000,0.000000,0.000000,-0.344366
17.911255,1763938792.719882,1763938734,0.451269,0.000155,0.000000,0.000000,0.000000,0.000000,0.000000,-0.344366
17.931255,1763938792.739874,1763938734,0.451269,0.000155,0.000000,0.000000,0.000000,0.000000,0.344366,0.000000
17.951274,1763938792.759902,1763938734,0.451269,0.000155,0.000000,0.000000,0.000000,0.000000,0.000000,-0.344366
17.971272,1763938792.779892,1763938734,0.451269,0.000155,0.000000,0.000000,0.000000,0.000000,0.000000,0.000000
17.991282,1763938792.799902,1763938734,0.451269,0.000155,0.000000,0.000000,0.000000,0.000000,0.000000,0.000000
18.011291,1763938792.819911,1763938734,0.451269,0.000155,0.000000,0.000000,0.000000,0.000000,0.344366,0.344366
18.031301,1763938792.839914,1763938734,0.451269,0.000155,0.000000,0.000000,0.000000,0.000000,0.000000,0.344366
18.051425,1763938792.860116,1763938734,0.451269,0.000155,0.000000,0.000000,0.000000,0.000000,0.000000,0.000000
18.071591,1763938792.880171,1763938734,0.451269,0.000155,0.000000,0.000000,0.000000,0.000000,-0.344366,0.000000
18.091581,1763938792.900161,1763938734,0.451269,0.000155,0.000000,0.000000,0.000000,0.000000,0.344366,0.000000
18.111730,1763938792.920374,1763938734,0.451269,0.000155,0.000000,0.000000,0.000000,0.000000,0.344366,0.344366
18.131721,1763938792.940359,1763938734,0.451269,0.000155,0.000000,0.000000,0.000000,0.000000,0.344366,0.000000
18.151731,1763938792.960369,1763938734,0.451269,0.000155,0.000000,0.000000,0.000000,0.000000,0.000000,0.344366
18.171746,1763938792.980383,1763938734,0.451269,0.000155,0.000000,0.000000,0.000000,0.000000,0.000000,0.000000
18.191740,1763938793.000367,1763938734,0.451269,0.000155,0.000000,0.000000,0.000000,0.000000,0.000000,0.000000
18.211750,1763938793.020378,1763938734,0.451269,0.000155,0.000000,0.000000,0.000000,0.000000,0.000000,0.000000
18.231762,1763938793.040389,1763938734,0.451269,0.000155,0.000000,0.000000,0.000000,0.000000,0.000000,0.344366
18.251772,1763938793.060399,1763938734,0.451269,0.000155,0.000000,0.000000,0.000000,0.000000,0.000000,0.000000
18.271782,1763938793.080409,1763938734,0.451269,0.000155,0.000000,0.000000,0.000000,0.000000,0.000000,0.344366
18.291793,1763938793.100421,1763938734,0.451269,0.000155,0.000000,0.000000,0.000000,0.000000,0.000000,0.000000
18.311835,1763938793.120466,1763938734,0.451269,0.000155,0.000000,0.000000,0.000000,0.000000,0.000000,0.000000
18.331815,1763938793.140443,1763938734,0.451269,0.000155,0.000000,0.000000,0.000000,0.000000,0.344366,0.000000
18.351825,1763938793.160452,1763938734,0.451269,0.000155,0.000000,-0.000134,0.000000,0.000000,0.000000,0.344366
18.371836,1763938793.180463,1763938734,0.451269,0.000155,0.000000,0.000000,0.000000,0.000000,0.344366,0.000000
18.391847,1763938793.200475,1763938734,0.451269,0.000155,0.000000,0.000000,0.000000,0.000000,0.000000,0.000000
18.411858,1763938793.220486,1763938734,0.451269,0.000155,0.000000,0.000000,0.000000,0.000000,0.000000,0.000000
18.431869,1763938793.240497,1763938734,0.451269,0.000155,0.000000,0.000000,0.000000,0.000000,0.000000,-0.344366
18.451918,1763938793.260569,1763938734,0.451269,0.000155,0.000000,0.000000,0.000000,0.000000,0.344366,0.000000
18.471933,1763938793.280584,1763938734,0.451269,0.000155,0.000000,0.000000,0.000000,0.000000,0.000000,-0.344366
18.491905,1763938793.300532,1763938734,0.451269,0.000155,0.000000,0.000000,0.000000,0.000000,0.000000,0.000000
18.511904,1763938793.320524,1763938734,0.451269,0.000155,0.000000,0.000000,0.000000,0.000000,0.000000,0.000000
18.531895,1763938793.340507,1763938734,0.451269,0.000155,0.000000,0.000000,0.000000,0.000000,0.000000,0.000000
18.551893,1763938793.360499,1763938734,0.451269,0.000155,0.000000,0.000000,0.000000,0.000000,0.000000,0.000000
18.571929,1763938793.380542,1763938734,0.451269,0.000155,0.000000,0.000000,0.000000,0.000000,0.344366,0.344366
18.591937,1763938793.400557,1763938734,0.451269,0.000155,0.000000,0.000000,0.000000,0.000000,0.000000,0.000000
18.611947,1763938793.420567,1763938734,0.451269,0.000155,0.000000,0.000000,0.000000,0.000000,0.000000,-0.344366
18.631968,1763938793.440595,1763938734,0.451269,0.000155,0.000000,0.000000,0.000000,0.000000,-0.344366,0.000000
18.652020,1763938793.460671,1763938734,0.451269,0.000155,0.000000,0.000000,0.000000,0.000000,0.000000,-0.344366
18.672035,1763938793.480686,1763938734,0.451269,0.000155,0.000000,0.000000,0.000000,0.000000,0.000000,0.000000
18.691943,1763938793.500556,1763938734,0.451269,0.000155,0.000000,0.000000,0.000000,0.000000,0.000000,0.000000
18.712056,1763938793.520707,1763938734,0.451269,0.000155,0.000000,0.000000,0.000000,0.000000,0.344366,0.000000
18.732047,1763938793.540684,1763938734,0.451269,0.000155,0.000000,-0.000500,0.000000,0.000000,0.000000,0.000000
18.752042,1763938793.560669,1763938734,0.451269,0.000155,0.000000,0.000000,0.000000,0.000000,0.000000,0.000000
18.772053,1763938793.580681,1763938734,0.451269,0.000151,0.000000,-0.000925,0.000000,0.000000,0.344366,-0.344366
18.792063,1763938793.600690,1763938734,0.451269,0.000155,0.000000,0.000000,0.000000,0.000000,0.000000,0.000000
18.812075,1763938793.620702,1763938734,0.451269,0.000155,0.000000,0.000000,0.000000,0.000000,0.000000,0.000000
18.832115,1763938793.640746,1763938734,0.451269,0.000155,0.000000,0.000000,0.000000,0.000000,0.000000,-0.344366
18.852097,1763938793.660723,1763938734,0.451269,0.000155,0.000000,0.000000,0.000000,0.000000,0.000000,-0.344366
18.872095,1763938793.680715,1763938734,0.451269,0.000155,0.000000,0.000000,0.000000,0.000000,0.000000,0.000000
18.892104,1763938793.700724,1763938734,0.451269,0.000155,0.000000,0.000000,0.000000,0.000000,0.000000,-0.344366
18.912115,1763938793.720736,1763938734,0.451269,0.000155,0.000000,0.000000,0.000000,0.000000,0.344366,0.000000
18.932138,1763938793.740767,1763938734,0.451269,0.000155,0.000000,0.000000,0.000000,0.000000,0.000000,-0.344366
18.952148,1763938793.760776,1763938734,0.451269,0.000155,0.000000,0.000000,0.000000,0.000000,0.000000,0.000000
18.972148,1763938793.780768,1763938734,0.451269,0.000155,0.000000,0.000000,0.000000,0.000000,0.344366,0.000000
18.992170,1763938793.800798,1763938734,0.451269,0.000155,0.000000,0.000000,0.000000,0.000000,0.000000,0.000000
19.012182,1763938793.820810,1763938734,0.451269,0.000155,0.000000,0.000000,0.000000,0.000000,0.344366,0.344366
19.032191,1763938793.840819,1763938734,0.451269,0.000155,0.000000,0.000000,0.000000,0.000000,0.000000,0.000000
19.052102,1763938793.860676,1763938734,0.451269,0.000155,0.000000,0.000000,0.000000,0.000000,0.000000,0.344366
19.072122,1763938793.880705,1763938734,0.451269,0.000155,0.000000,0.000000,0.000000,0.000000,0.000000,0.000000
19.092158,1763938793.900752,1763938734,0.451269,0.000155,0.000000,0.000000,0.000000,0.000000,0.000000,0.000000
19.112178,1763938793.920785,1763938734,0.451269,0.000155,0.000000,0.000000,0.000000,0.000000,0.000000,0.000000
19.132197,1763938793.940810,1763938734,0.451269,0.000155,0.000000,0.000000,0.000000,0.000000,-0.344366,0.000000
19.152221,1763938793.960842,1763938734,0.451269,0.000155,0.000000,0.000000,0.000000,0.000000,0.000000,0.000000
19.172231,1763938793.980851,1763938734,0.451269,0.000155,0.000000,0.000000,0.000000,0.000000,0.000000,0.344366
19.192241,1763938794.000861,1763938734,0.451269,0.000155,0.000000,0.000000,0.000000,0.000000,0.000000,0.000000
19.212262,1763938794.020881,1763938734,0.451269,0.000155,0.000000,0.000000,0.000000,0.000000,-0.344366,0.000000
19.232260,1763938794.040880,1763938734,0.451269,0.000155,0.000000,0.000261,0.000000,0.000000,0.000000,0.344366
19.252270,1763938794.060890,1763938734,0.451269,0.000155,0.000000,0.000000,0.000000,0.000000,0.000000,0.344366
19.272280,1763938794.080899,1763938734,0.451269,0.000155,0.000000,0.000000,0.000000,0.000000,0.000000,0.000000
19.292287,1763938794.100907,1763938734,0.451269,0.000155,0.000000,0.000682,0.000000,0.000000,0.344366,0.000000
19.312352,1763938794.121029,1763938734,0.451269,0.000155,0.000000,0.000940,0.000000,0.000000,0.000000,0.000000
19.332326,1763938794.140953,1763938734,0.451269,0.000155,0.000000,0.000000,0.000000,0.000000,0.000000,-0.344366
19.352413,1763938794.161109,1763938734,0.451269,0.000155,0.000000,0.000000,0.000000,0.000000,0.000000,0.000000
19.372367,1763938794.181036,1763938734,0.451269,0.000155,0.000000,0.000000,0.000000,0.000000,0.344366,0.000000
19.392361,1763938794.200988,1763938734,0.451269,0.000155,0.000000,0.000000,0.000000,0.000000,0.000000,0.000000
19.412371,1763938794.220998,1763938734,0.451269,0.000155,0.000000,0.000000,0.000000,0.000000,0.000000,0.000000
19.432382,1763938794.241041,1763938734,0.451269,0.000155,0.000000,0.000000,0.000000,0.000000,0.000000,0.344366
19.452380,1763938794.260999,1763938734,0.451269,0.000155,0.000000,0.000000,0.000000,0.000000,0.000000,0.344366
19.472389,1763938794.281028,1763938734,0.451269,0.000155,0.000000,0.000000,0.000000,0.000000,0.000000,0.344366
19.492399,1763938794.301048,1763938734,0.451269,0.000155,0.000000,0.000000,0.000000,0.000000,0.000000,-0.344366
19.512409,1763938794.321052,1763938734,0.451269,0.000155,0.000000,0.000000,0.000000,0.000000,0.000000,0.000000
19.532420,1763938794.341066,1763938734,0.451269,0.000155,0.000000,0.000000,0.000000,0.000000,0.344366,0.344366
19.552425,1763938794.361068,1763938734,0.451269,0.000155,0.000000,0.000000,0.000000,0.000000,0.000000,0.000000
19.572438,1763938794.381085,1763938734,0.451269,0.000155,0.000000,0.000000,0.000000,0.000000,0.000000,0.000000
19.592468,1763938794.401091,1763938734,0.451269,0.000155,0.000000,0.000000,0.000000,0.000000,0.000000,0.344366
19.612505,1763938794.421128,1763938734,0.451269,0.000155,0.000000,0.000000,0.000000,0.000000,0.000000,0.000000
19.632493,1763938794.441115,1763938734,0.451269,0.000155,0.000000,0.000000,0.000000,0.000000,0.000000,-0.344366
19.652503,1763938794.461124,1763938734,0.451269,0.000155,0.000000,0.000000,0.000000,0.000000,0.000000,0.000000
19.672488,1763938794.481101,1763938734,0.451269,0.000155,0.000000,0.000000,0.000000,0.000000,0.344366,0.000000
19.692521,1763938794.501142,1763938734,0.451269,0.000155,0.000000,0.000000,0.000000,0.000000,0.000000,0.344366
19.712530,1763938794.521150,1763938734,0.451269,0.000155,0.000000,0.000000,0.000000,0.000000,0.000000,0.000000
19.732544,1763938794.541164,1763938734,0.451269,0.000155,0.000000,0.000000,0.000000,0.000000,0.000000,0.344366
19.752547,1763938794.561168,1763938734,0.451269,0.000155,0.000000,0.000000,0.000000,0.000000,0.000000,0.344366
19.772560,1763938794.581180,1763938734,0.451269,0.000155,0.000000,0.000000,0.000000,0.000000,0.000000,-0.344366
19.792572,1763938794.601194,1763938734,0.451269,0.000151,0.000000,-0.000872,0.000000,0.000000,0.000000,-0.344366
19.812577,1763938794.621197,1763938734,0.451269,0.000155,0.000000,0.000000,0.000000,0.000000,-0.344366,0.344366
19.832587,1763938794.641208,1763938734,0.451269,0.000155,0.000000,0.000000,0.000000,0.000000,0.000000,0.000000
19.852609,1763938794.661232,1763938734,0.451269,0.000155,0.000000,0.000000,0.000000,0.000000,0.000000,0.000000
19.872646,1763938794.681276,1763938734,0.451269,0.000155,0.000000,0.000000,0.000000,0.000000,0.000000,0.000000
19.892632,1763938794.701259,1763938734,0.451269,0.000155,0.000000,0.000000,0.000000,0.000000,0.344366,0.344366
19.912683,1763938794.721336,1763938734,0.451269,0.000155,0.000000,0.000000,0.000000,0.000000,0.000000,0.000000
19.932695,1763938794.741348,1763938734,0.451269,0.000151,0.000000,-0.000945,0.000000,0.000000,0.000000,0.344366
19.952686,1763938794.761323,1763938734,0.451269,0.000155,0.000000,0.000000,0.000000,0.000000,0.000000,0.000000
19.972700,1763938794.781337,1763938734,0.451269,0.000155,0.000000,0.000000,0.000000,0.000000,0.344366,0.000000
19.992712,1763938794.801348,1763938734,0.451269,0.000155,0.000000,0.000000,0.000000,0.000000,0.000000,-0.344366
20.012707,1763938794.821335,1763938734,0.451269,0.000155,0.000000,0.000000,0.000000,0.000000,0.000000,0.000000
20.032690,1763938794.841303,1763938734,0.451269,0.000155,0.000000,0.000000,0.000000,0.000000,0.000000,0.344366
20.052624,1763938794.861195,1763938734,0.451269,0.000155,0.000000,0.000000,0.000000,0.000000,0.000000,-0.344366
20.072643,1763938794.881224,1763938734,0.451269,0.000155,0.000000,0.000000,0.000000,0.000000,0.000000,0.344366
20.092661,1763938794.901250,1763938734,0.451269,0.000155,0.000000,0.000000,0.000000,0.000000,0.000000,0.000000
20.112758,1763938794.921396,1763938734,0.451269,0.000155,0.000000,0.000000,0.000000,0.000000,0.000000,0.000000
20.132803,1763938794.941438,1763938734,0.451269,0.000155,0.000000,0.000000,0.000000,0.000000,0.000000,0.000000
20.152804,1763938794.961455,1763938734,0.451269,0.000155,0.000000,0.000000,0.000000,0.000000,0.344366,0.000000
20.172817,1763938794.981469,1763938734,0.451269,0.000155,0.000000,0.000000,0.000000,0.000000,0.000000,0.344366
20.192825,1763938795.001463,1763938734,0.451269,0.000155,0.000000,0.000000,0.000000,0.000000,0.000000,0.000000
20.212822,1763938795.021459,1763938734,0.451269,0.000155,0.000000,0.000000,0.000000,0.000000,-0.344366,0.000000
20.232832,1763938795.041471,1763938734,0.451269,0.000155,0.000000,0.000000,0.000000,0.000000,0.000000,0.344366
20.252829,1763938795.061457,1763938734,0.451269,0.000155,0.000000,0.000000,0.000000,0.000000,0.000000,0.000000
20.272826,1763938795.081446,1763938734,0.451269,0.000155,0.000000,0.000000,0.000000,0.000000,0.000000,0.344366
20.292848,1763938795.101475,1763938734,0.451269,0.000155,0.000000,0.000000,0.000000,0.000000,0.344366,0.000000
20.312858,1763938795.121487,1763938734,0.451269,0.000155,0.000000,0.000000,0.000000,0.000000,0.000000,0.000000
20.332870,1763938795.141497,1763938734,0.451269,0.000155,0.000000,0.000000,0.000000,0.000000,-0.344366,0.000000
20.352880,1763938795.161508,1763938734,0.451269,0.000155,0.000000,0.000000,0.000000,0.000000,0.344366,0.000000
20.372891,1763938795.181519,1763938734,0.451269,0.000155,0.000000,0.000000,0.000000,0.000000,0.000000,0.000000
20.392912,1763938795.201535,1763938734,0.451269,0.000155,0.000000,0.000000,0.000000,0.000000,0.000000,0.000000
20.412898,1763938795.221519,1763938734,0.451269,0.000155,0.000000,0.000000,0.000000,0.000000,0.000000,0.000000
20.432919,1763938795.241546,1763938734,0.451269,0.000155,0.000000,0.000000,0.000000,0.000000,0.000000,0.000000
20.452930,1763938795.261557,1763938734,0.451269,0.000155,0.000000,0.000000,0.000000,0.000000,0.000000,0.000000
20.472940,1763938795.281568,1763938734,0.451269,0.000155,0.000000,0.000001,0.000000,0.000000,0.000000,0.000000
20.492951,1763938795.301579,1763938734,0.451269,0.000155,0.000000,0.000000,0.000000,0.000000,0.344366,0.000000
20.512935,1763938795.321548,1763938734,0.451269,0.000155,0.000000,0.000000,0.000000,0.000000,0.000000,0.000000
20.532867,1763938795.341440,1763938734,0.451269,0.000155,0.000000,0.000000,0.000000,0.000000,0.000000,0.000000
20.552888,1763938795.361471,1763938734,0.451269,0.000155,0.000000,0.000000,0.000000,0.000000,0.000000,0.344366
20.572930,1763938795.381532,1763938734,0.451269,0.000155,0.000000,0.000039,0.000000,0.000000,0.344366,0.344366
20.592958,1763938795.401570,1763938734,0.451269,0.000155,0.000000,0.000000,0.000000,0.000000,0.344366,0.000000
20.612966,1763938795.421578,1763938734,0.451269,0.000155,0.000000,0.000000,0.000000,0.000000,0.000000,0.000000
20.632991,1763938795.441611,1763938734,0.451269,0.000155,0.000000,0.000000,0.000000,0.000000,0.000000,0.000000
20.653035,1763938795.461657,1763938734,0.451269,0.000155,0.000000,0.000000,0.000000,0.000000,0.000000,0.344366
20.673023,1763938795.481650,1763938734,0.451269,0.000155,0.000000,0.000000,0.000000,0.000000,0.000000,-0.344366
20.693035,1763938795.501660,1763938734,0.451269,0.000155,0.000000,0.000000,0.000000,0.000000,0.000000,0.000000
20.713034,1763938795.521653,1763938734,0.451269,0.000155,0.000000,0.000000,0.000000,0.000000,0.000000,0.344366
20.733028,1763938795.541640,1763938734,0.451269,0.000155,0.000000,0.000000,0.000000,0.000000,0.000000,0.000000
20.753053,1763938795.561672,1763938734,0.451269,0.000155,0.000000,0.000000,0.000000,0.000000,0.000000,0.000000
20.773075,1763938795.581696,1763938734,0.451269,0.000155,0.000000,0.000000,0.000000,0.000000,0.000000,0.344366
20.793086,1763938795.601713,1763938734,0.451269,0.000155,0.000000,0.000000,0.000000,0.000000,0.344366,0.000000
20.813097,1763938795.621724,1763938734,0.451269,0.000155,0.000000,0.000000,0.000000,0.000000,0.000000,-0.344366
20.833106,1763938795.641733,1763938734,0.451269,0.000155,0.000000,0.000000,0.000000,0.000000,0.000000,0.000000
20.853157,1763938795.661808,1763938734,0.451269,0.000155,0.000000,0.000000,0.000000,0.000000,-0.344366,0.000000
20.873171,1763938795.681823,1763938734,0.451269,0.000155,0.000000,0.000000,0.000000,0.000000,0.344366,-0.344366
20.893162,1763938795.701798,1763938734,0.451269,0.000155,0.000000,0.000000,0.000000,0.000000,0.000000,0.000000
20.913203,1763938795.721843,1763938734,0.451269,0.000155,0.000000,0.000000,0.000000,0.000000,0.000000,-0.344366
20.933169,1763938795.741796,1763938734,0.451269,0.000155,0.000000,0.000000,0.000000,0.000000,0.000000,0.000000
20.953180,1763938795.761807,1763938734,0.451269,0.000155,0.000000,0.000000,0.000000,0.000000,0.000000,0.344366
20.973191,1763938795.781818,1763938734,0.451269,0.000155,0.000000,0.000000,0.000000,0.000000,-0.344366,0.000000
20.993238,1763938795.801888,1763938734,0.451269,0.000155,0.000000,0.000000,0.000000,0.000000,0.000000,-0.344366
21.013230,1763938795.821868,1763938734,0.451269,0.000155,0.000000,0.000000,0.000000,0.000000,0.000000,0.000000
21.033242,1763938795.841880,1763938734,0.451269,0.000155,0.000000,0.000000,0.000000,0.000000,0.344366,0.000000
21.053303,1763938795.861991,1763938734,0.451269,0.000155,0.000000,0.000000,0.000000,0.000000,0.344366,0.344366
21.073144,1763938795.881723,1763938734,0.451269,0.000155,0.000000,0.000000,0.000000,0.000000,0.000000,0.000000
21.093148,1763938795.901730,1763938734,0.451269,0.000155,0.000000,0.000000,0.000000,0.000000,0.344366,0.344366
21.113211,1763938795.921817,1763938734,0.451269,0.000155,0.000000,0.000000,0.000000,0.000000,0.000000,0.000000
21.133231,1763938795.941844,1763938734,0.451269,0.000155,0.000000,0.000000,0.000000,0.000000,0.000000,0.000000
21.153255,1763938795.961874,1763938734,0.451269,0.000155,0.000000,0.000000,0.000000,0.000000,0.000000,-0.344366
21.173306,1763938795.981936,1763938734,0.451269,0.000155,0.000000,0.000000,0.000000,0.000000,0.000000,0.000000
21.193275,1763938796.001896,1763938734,0.451269,0.000155,0.000000,0.000000,0.000000,0.000000,0.000000,0.000000
21.213286,1763938796.021906,1763938734,0.451269,0.000155,0.000000,0.000000,0.000000,0.000000,0.000000,0.000000
21.233294,1763938796.041914,1763938734,0.451269,0.000155,0.000000,0.000000,0.000000,0.000000,0.000000,-0.344366
21.253289,1763938796.061902,1763938734,0.451269,0.000155,0.000000,0.000000,0.000000,0.000000,0.000000,-0.344366
21.273313,1763938796.081933,1763938734,0.451269,0.000155,0.000000,0.000000,0.000000,0.000000,0.000000,-0.344366
21.293324,1763938796.101943,1763938734,0.451269,0.000155,0.000000,0.000000,0.000000,0.000000,0.000000,0.344366
21.313318,1763938796.121931,1763938734,0.451269,0.000155,0.000000,0.000000,0.000000,0.000000,0.000000,0.000000
21.333326,1763938796.141939,1763938734,0.451269,0.000155,0.000000,0.000000,0.000000,0.000000,0.000000,0.000000
21.353350,1763938796.161970,1763938734,0.451269,0.000155,0.000000,0.000000,0.000000,0.000000,-0.344366,0.344366
21.373362,1763938796.181981,1763938734,0.451269,0.000155,0.000000,0.000000,0.000000,0.000000,0.000000,0.344366
21.393371,1763938796.201990,1763938734,0.451269,0.000155,0.000000,0.000000,0.000000,0.000000,0.000000,-0.344366
21.413380,1763938796.221999,1763938734,0.451269,0.000155,0.000000,0.000935,0.000000,0.000000,0.000000,0.344366
21.433417,1763938796.242070,1763938734,0.451269,0.000155,0.000000,0.000000,0.000000,0.000000,-0.344366,0.344366
21.453399,1763938796.262050,1763938734,0.451269,0.000155,0.000000,-0.000021,0.000000,0.000000,-0.344366,0.000000
21.473409,1763938796.282061,1763938734,0.451269,0.000155,0.000000,0.000445,0.000000,0.000000,0.000000,-0.344366
21.493418,1763938796.302072,1763938734,0.451269,0.000155,0.000000,0.000000,0.000000,0.000000,0.000000,0.000000
21.513428,1763938796.322081,1763938734,0.451269,0.000155,0.000000,0.000000,0.000000,0.000000,0.000000,0.344366
21.533423,1763938796.342057,1763938734,0.451269,0.000155,0.000000,0.000000,0.000000,0.000000,-0.344366,0.000000
21.553366,1763938796.361956,1763938734,0.451269,0.000155,0.000000,0.000000,0.000000,0.000000,0.000000,0.000000
21.573419,1763938796.382040,1763938734,0.451269,0.000155,0.000000,0.000000,0.000000,0.000000,0.000000,0.000000
21.593434,1763938796.402058,1763938734,0.451269,0.000155,0.000000,0.000000,0.000000,0.000000,0.000000,-0.344366
21.613476,1763938796.422091,1763938734,0.451269,0.000155,0.000000,0.000000,0.000000,0.000000,0.000000,0.344366
21.633487,1763938796.442100,1763938734,0.451269,0.000155,0.000000,0.000000,0.000000,0.000000,0.000000,0.000000
21.653496,1763938796.462109,1763938734,0.451269,0.000155,0.000000,0.000000,0.000000,0.000000,0.000000,0.000000
21.673526,1763938796.482147,1763938734,0.451269,0.000155,0.000000,0.000000,0.000000,0.000000,0.000000,0.000000
21.693559,1763938796.502182,1763938734,0.451269,0.000155,0.000000,0.000000,0.000000,0.000000,0.000000,-0.344366
21.713541,1763938796.522161,1763938734,0.451269,0.000155,0.000000,0.000000,0.000000,0.000000,0.000000,0.000000
21.733550,1763938796.542171,1763938734,0.451269,0.000155,0.000000,0.000000,0.000000,0.000000,0.000000,0.344366
21.753556,1763938796.562176,1763938734,0.451269,0.000155,0.000000,0.000000,0.000000,0.000000,0.000000,0.000000
21.773577,1763938796.582197,1763938734,0.451269,0.000155,0.000000,0.000000,0.000000,0.000000,0.000000,0.000000
21.793580,1763938796.602201,1763938734,0.451269,0.000155,0.000000,0.000000,0.000000,0.000000,0.344366,0.000000
21.813603,1763938796.622231,1763938734,0.451269,0.000155,0.000000,0.000000,0.000000,0.000000,0.000000,0.000000
21.833614,1763938796.642241,1763938734,0.451269,0.000155,0.000000,0.000806,0.000000,0.000000,0.000000,-0.344366
21.853625,1763938796.662254,1763938734,0.451269,0.000155,0.000000,0.000000,0.000000,0.000000,0.000000,0.000000
21.873637,1763938796.682265,1763938734,0.451269,0.000155,0.000000,0.000000,0.000000,0.000000,0.000000,0.000000
21.893649,1763938796.702277,1763938734,0.451269,0.000155,0.000000,0.000000,0.000000,0.000000,0.000000,0.000000
21.913660,1763938796.722287,1763938734,0.451269,0.000155,0.000000,0.000000,0.000000,0.000000,0.000000,0.000000
21.933670,1763938796.742298,1763938734,0.451269,0.000155,0.000000,0.000000,0.000000,0.000000,0.000000,0.000000
21.953709,1763938796.762339,1763938734,0.451269,0.000155,0.000000,0.000000,0.000000,0.000000,0.000000,0.000000
21.973691,1763938796.782319,1763938734,0.451269,0.000155,0.000000,0.000000,0.000000,0.000000,0.000000,0.000000
21.993703,1763938796.802331,1763938734,0.451269,0.000155,0.000000,0.000000,0.000000,0.000000,0.344366,-0.344366
22.013714,1763938796.822342,1763938734,0.451269,0.000155,0.000000,0.000000,0.000000,0.000000,0.000000,0.344366
22.033724,1763938796.842352,1763938734,0.451269,0.000155,0.000000,0.000036,0.000000,0.000000,0.000000,0.344366
22.053633,1763938796.862204,1763938734,0.451269,0.000155,0.000000,0.000000,0.000000,0.000000,0.000000,0.000000
22.074045,1763938796.882622,1763938734,0.451269,0.000155,0.000000,0.000000,0.000000,0.000000,0.000000,-0.344366
22.094090,1763938796.902686,1763938734,0.451269,0.000155,0.000000,0.000000,0.000000,0.000000,-0.344366,0.000000
22.114118,1763938796.922725,1763938734,0.451269,0.000155,0.000000,0.000000,0.000000,0.000000,0.000000,-0.344366
22.134149,1763938796.942777,1763938734,0.451269,0.000155,0.000000,0.000000,0.000000,0.000000,0.344366,0.000000
22.154160,1763938796.962777,1763938734,0.451269,0.000155,0.000000,0.000000,0.000000,0.000000,0.344366,0.000000
22.174174,1763938796.982794,1763938734,0.451269,0.000155,0.000000,0.000000,0.000000,0.000000,0.344366,-0.344366
22.194184,1763938797.002804,1763938734,0.451269,0.000155,0.000000,0.000000,0.000000,0.000000,0.000000,0.000000
22.214219,1763938797.022841,1763938734,0.451269,0.000155,0.000000,0.000000,0.000000,0.000000,0.000000,0.000000
22.234218,1763938797.042845,1763938734,0.451269,0.000155,0.000000,0.000000,0.000000,0.000000,0.000000,0.000000
22.254200,1763938797.062813,1763938734,0.451269,0.000155,0.000000,0.000000,0.000000,0.000000,0.000000,0.000000
22.274224,1763938797.082844,1763938734,0.451269,0.000155,0.000000,0.000000,0.000000,0.000000,0.000000,0.000000
22.294209,1763938797.102817,1763938734,0.451269,0.000155,0.000000,0.000000,0.000000,0.000000,0.000000,0.000000
22.314226,1763938797.122833,1763938734,0.451269,0.000155,0.000000,0.000000,0.000000,0.000000,0.344366,0.000000
22.334173,1763938797.142761,1763938734,0.451269,0.000155,0.000000,0.000000,0.000000,0.000000,0.000000,0.000000
22.354175,1763938797.162764,1763938734,0.451269,0.000155,0.000000,0.000000,0.000000,0.000000,0.000000,-0.344366
22.374187,1763938797.182780,1763938734,0.451269,0.000155,0.000000,0.000000,0.000000,0.000000,0.000000,0.344366
22.394183,1763938797.202771,1763938734,0.451269,0.000155,0.000000,0.000000,0.000000,0.000000,0.000000,0.344366
22.414195,1763938797.222788,1763938734,0.451269,0.000155,0.000000,0.000000,0.000000,0.000000,0.000000,0.000000
22.434191,1763938797.242779,1763938734,0.451269,0.000155,0.000000,0.000000,0.000000,0.000000,0.000000,0.344366
22.454202,1763938797.262791,1763938734,0.451269,0.000155,0.000000,0.000000,0.000000,0.000000,0.000000,0.000000
22.474233,1763938797.282831,1763938734,0.451269,0.000155,0.000000,0.000000,0.000000,0.000000,0.000000,0.000000
22.494309,1763938797.302939,1763938734,0.451269,0.000155,0.000000,0.000000,0.000000,0.000000,0.000000,0.000000
22.514300,1763938797.322920,1763938734,0.451269,0.000155,0.000000,0.000000,0.000000,0.000000,0.000000,0.344366
22.534310,1763938797.342930,1763938734,0.451269,0.000155,0.000000,0.000000,0.000000,0.000000,0.000000,0.000000
22.554319,1763938797.362940,1763938734,0.451269,0.000155,0.000000,0.000000,0.000000,0.000000,0.000000,0.000000
22.574328,1763938797.382948,1763938734,0.451269,0.000155,0.000000,0.000000,0.000000,0.000000,0.000000,0.000000
22.594339,1763938797.402959,1763938734,0.451269,0.000155,0.000000,0.000000,0.000000,0.000000,0.000000,0.000000
22.614347,1763938797.422967,1763938734,0.451269,0.000155,0.000000,0.000000,0.000000,0.000000,-0.344366,0.344366
22.634357,1763938797.442976,1763938734,0.451269,0.000155,0.000000,0.000000,0.000000,0.000000,0.000000,0.000000
22.654368,1763938797.462987,1763938734,0.451269,0.000155,0.000000,0.000000,0.000000,0.000000,0.000000,0.000000
22.674378,1763938797.482997,1763938734,0.451269,0.000155,0.000000,0.000000,0.000000,0.000000,0.000000,0.000000
22.694387,1763938797.503028,1763938734,0.451269,0.000155,0.000000,0.000000,0.000000,0.000000,0.000000,0.000000
22.714398,1763938797.523050,1763938734,0.451269,0.000155,0.000000,0.000000,0.000000,0.000000,0.000000,0.000000
22.734431,1763938797.543077,1763938734,0.451269,0.000155,0.000000,0.000000,0.000000,0.000000,0.000000,-0.344366
22.754417,1763938797.563056,1763938734,0.451269,0.000155,0.000000,0.000000,0.000000,0.000000,0.000000,0.000000
22.774426,1763938797.583079,1763938734,0.451269,0.000155,0.000000,0.000000,0.000000,0.000000,0.000000,0.000000
22.794435,1763938797.603084,1763938734,0.451269,0.000155,0.000000,0.000000,0.000000,0.000000,0.344366,0.000000
22.814469,1763938797.623091,1763938734,0.451269,0.000155,0.000000,0.000000,0.000000,0.000000,0.344366,0.000000
22.834478,1763938797.643101,1763938734,0.451269,0.000155,0.000000,0.000000,0.000000,0.000000,0.000000,0.000000
22.854490,1763938797.663112,1763938734,0.451269,0.000155,0.000000,0.000000,0.000000,0.000000,0.000000,0.000000
22.874514,1763938797.683140,1763938734,0.451269,0.000155,0.000000,0.000000,0.000000,0.000000,0.000000,0.344366
22.894470,1763938797.703075,1763938734,0.451269,0.000155,0.000000,0.000000,0.000000,0.000000,0.344366,-0.344366
22.914487,1763938797.723095,1763938734,0.451269,0.000155,0.000000,0.000000,0.000000,0.000000,0.000000,0.000000
22.934508,1763938797.743121,1763938734,0.451269,0.000155,0.000000,0.000000,0.000000,0.000000,0.344366,0.000000
22.954515,1763938797.763130,1763938734,0.451269,0.000155,0.000000,0.000000,0.000000,0.000000,0.000000,0.344366
22.974542,1763938797.783162,1763938734,0.451269,0.000155,0.000000,0.000000,0.000000,0.000000,0.000000,0.000000
22.994554,1763938797.803169,1763938734,0.451269,0.000155,0.000000,0.000000,0.000000,0.000000,0.000000,0.344366
23.014559,1763938797.823180,1763938734,0.451269,0.000155,0.000000,0.000000,0.000000,0.000000,0.000000,-0.344366
23.034563,1763938797.843184,1763938734,0.451269,0.000155,0.000000,0.000000,0.000000,0.000000,0.000000,0.000000
23.054453,1763938797.863022,1763938734,0.451269,0.000155,0.000000,0.000000,0.000000,0.000000,0.000000,0.000000
23.074483,1763938797.883062,1763938734,0.451269,0.000155,0.000000,0.000000,0.000000,0.000000,0.344366,0.344366
23.094512,1763938797.903105,1763938734,0.451269,0.000155,0.000000,0.000000,0.000000,0.000000,0.344366,0.344366
23.114540,1763938797.923143,1763938734,0.451269,0.000155,0.000000,0.000000,0.000000,0.000000,0.000000,0.000000
23.134567,1763938797.943179,1763938734,0.451269,0.000155,0.000000,0.000000,0.000000,0.000000,0.344366,0.000000
23.154591,1763938797.963212,1763938734,0.451269,0.000155,0.000000,0.000000,0.000000,0.000000,0.000000,0.000000
23.174600,1763938797.983220,1763938734,0.451269,0.000155,0.000000,0.000000,0.000000,0.000000,0.344366,-0.344366
23.194611,1763938798.003231,1763938734,0.451269,0.000155,0.000000,0.000000,0.000000,0.000000,0.000000,0.344366
23.214633,1763938798.023254,1763938734,0.451269,0.000155,0.000000,0.000000,0.000000,0.000000,0.000000,0.000000
23.234631,1763938798.043251,1763938734,0.451269,0.000155,0.000000,0.000000,0.000000,0.000000,-0.344366,0.000000
23.254680,1763938798.063310,1763938734,0.451269,0.000155,0.000000,0.000000,0.000000,0.000000,0.000000,0.000000
23.274663,1763938798.083291,1763938734,0.451269,0.000155,0.000000,0.000000,0.000000,0.000000,0.000000,0.000000
23.294675,1763938798.103302,1763938734,0.451269,0.000155,0.000000,0.000000,0.000000,0.000000,0.000000,0.000000
23.314686,1763938798.123315,1763938734,0.451269,0.000155,0.000000,0.000000,0.000000,0.000000,0.000000,0.000000
23.334697,1763938798.143324,1763938734,0.451269,0.000155,0.000000,0.000000,0.000000,0.000000,0.000000,0.000000
23.354707,1763938798.163335,1763938734,0.451269,0.000155,0.000000,0.000000,0.000000,0.000000,0.344366,0.344366
23.374718,1763938798.183345,1763938734,0.451269,0.000155,0.000000,0.000000,0.000000,0.000000,0.344366,-0.344366
23.394730,1763938798.203358,1763938734,0.451269,0.000155,0.000000,0.000000,0.000000,0.000000,0.000000,0.000000
23.414741,1763938798.223368,1763938734,0.451269,0.000155,0.000000,0.000000,0.000000,0.000000,0.344366,0.344366
23.434751,1763938798.243379,1763938734,0.451269,0.000155,0.000000,0.000000,0.000000,0.000000,0.000000,0.344366
23.454762,1763938798.263389,1763938734,0.451269,0.000155,0.000000,0.000000,0.000000,0.000000,0.000000,0.000000
23.474773,1763938798.283400,1763938734,0.451269,0.000155,0.000000,0.000000,0.000000,0.000000,0.000000,0.000000
23.494784,1763938798.303411,1763938734,0.451269,0.000151,0.000000,-0.000925,0.000000,0.000000,0.000000,0.000000
23.514825,1763938798.323455,1763938734,0.451269,0.000155,0.000000,0.000000,0.000000,0.000000,0.000000,0.000000
23.534805,1763938798.343433,1763938734,0.451269,0.000155,0.000000,0.000000,0.000000,0.000000,0.000000,0.000000
23.554817,1763938798.363445,1763938734,0.451269,0.000155,0.000000,0.000000,0.000000,0.000000,0.000000,-0.344366
23.574828,1763938798.383456,1763938734,0.451269,0.000155,0.000000,0.000000,0.000000,0.000000,0.344366,-0.344366
23.594839,1763938798.403466,1763938734,0.451269,0.000155,0.000000,0.000000,0.000000,0.000000,0.000000,0.344366
23.614850,1763938798.423479,1763938734,0.451269,0.000155,0.000000,0.000000,0.000000,0.000000,0.000000,-0.344366
23.634862,1763938798.443490,1763938734,0.451269,0.000155,0.000000,0.000000,0.000000,0.000000,0.000000,0.000000
23.654872,1763938798.463500,1763938734,0.451269,0.000155,0.000000,0.000000,0.000000,0.000000,0.000000,0.000000
23.674882,1763938798.483510,1763938734,0.451269,0.000155,0.000000,0.000000,0.000000,0.000000,0.000000,-0.344366
23.694892,1763938798.503520,1763938734,0.451269,0.000155,0.000000,0.000000,0.000000,0.000000,0.000000,0.000000
23.714904,1763938798.523531,1763938734,0.451269,0.000155,0.000000,0.000000,0.000000,0.000000,0.000000,0.000000
23.734913,1763938798.543541,1763938734,0.451269,0.000155,0.000000,0.000000,0.000000,0.000000,0.000000,0.000000
23.754912,1763938798.563532,1763938734,0.451269,0.000155,0.000000,0.000000,0.000000,0.000000,0.000000,0.000000
23.774928,1763938798.583542,1763938734,0.451269,0.000155,0.000000,0.000000,0.000000,0.000000,0.000000,0.000000
23.794931,1763938798.603551,1763938734,0.451269,0.000155,0.000000,0.000000,0.000000,0.000000,-0.344366,0.000000
23.814953,1763938798.623580,1763938734,0.451269,0.000155,0.000000,0.000000,0.000000,0.000000,0.000000,0.000000
23.835159,1763938798.643811,1763938734,0.451269,0.000155,0.000000,0.000000,0.000000,0.000000,0.344366,0.000000
23.855171,1763938798.663822,1763938734,0.451269,0.000155,0.000000,0.000000,0.000000,0.000000,0.000000,0.000000
23.875162,1763938798.683799,1763938734,0.451269,0.000155,0.000000,0.000000,0.000000,0.000000,0.000000,0.000000
23.895193,1763938798.703843,1763938734,0.451269,0.000155,0.000000,0.000000,0.000000,0.000000,0.344366,0.000000
23.915207,1763938798.723859,1763938734,0.451269,0.000155,0.000000,0.000000,0.000000,0.000000,0.000000,0.000000
23.935221,1763938798.743860,1763938734,0.451269,0.000155,0.000000,0.000000,0.000000,0.000000,0.000000,0.000000
23.955210,1763938798.763848,1763938734,0.451269,0.000155,0.000000,0.000000,0.000000,0.000000,0.000000,0.000000
23.975206,1763938798.783832,1763938734,0.451269,0.000155,0.000000,0.000000,0.000000,0.000000,-0.344366,0.000000
23.995210,1763938798.803828,1763938734,0.451269,0.000155,0.000000,0.000000,0.000000,0.000000,-0.344366,0.000000
24.015215,1763938798.823835,1763938734,0.451269,0.000155,0.000000,0.000000,0.000000,0.000000,0.000000,0.000000
24.035266,1763938798.843898,1763938734,0.451269,0.000155,0.000000,0.000000,0.000000,0.000000,0.000000,0.000000
24.055286,1763938798.863938,1763938734,0.451269,0.000155,0.000000,0.000000,0.000000,0.000000,0.000000,0.000000
24.075178,1763938798.883766,1763938734,0.451269,0.000155,0.000000,0.000000,0.000000,0.000000,0.000000,0.000000
24.095154,1763938798.903736,1763938734,0.451269,0.000155,0.000000,0.000000,0.000000,0.000000,0.344366,0.000000
24.115221,1763938798.923828,1763938734,0.451269,0.000155,0.000000,0.000000,0.000000,0.000000,0.000000,0.000000
24.135240,1763938798.943852,1763938734,0.451269,0.000155,0.000000,0.000000,0.000000,0.000000,0.000000,0.344366
24.155248,1763938798.963861,1763938734,0.451269,0.000155,0.000000,0.000000,0.000000,0.000000,0.000000,0.000000
24.175271,1763938798.983884,1763938734,0.451269,0.000155,0.000000,0.000000,0.000000,0.000000,0.000000,0.000000
24.195280,1763938799.003900,1763938734,0.451269,0.000155,0.000000,0.000000,0.000000,0.000000,0.000000,0.000000
24.215290,1763938799.023909,1763938734,0.451269,0.000155,0.000000,0.000000,0.000000,0.000000,0.344366,-0.344366
24.235219,1763938799.043808,1763938734,0.451269,0.000155,0.000000,0.000000,0.000000,0.000000,0.000000,0.000000
24.255317,1763938799.063944,1763938734,0.451269,0.000151,0.000000,-0.000943,0.000000,0.000000,0.000000,0.344366
24.275326,1763938799.083953,1763938734,0.451269,0.000151,0.000000,-0.000935,0.000000,0.000000,0.000000,-0.344366
24.295351,1763938799.103973,1763938734,0.451269,0.000155,0.000000,0.000000,0.000000,0.000000,0.000000,0.344366
24.315334,1763938799.123953,1763938734,0.451269,0.000155,0.000000,0.000000,0.000000,0.000000,0.344366,0.000000
24.335335,1763938799.143946,1763938734,0.451269,0.000155,0.000000,0.000000,0.000000,0.000000,0.000000,0.000000
24.355351,1763938799.163969,1763938734,0.451269,0.000155,0.000000,0.000000,0.000000,0.000000,0.000000,0.344366
24.375360,1763938799.183979,1763938734,0.451269,0.000155,0.000000,0.000000,0.000000,0.000000,0.344366,0.000000
24.395368,1763938799.203988,1763938734,0.451269,0.000155,0.000000,0.000000,0.000000,0.000000,0.000000,-0.344366
24.415378,1763938799.223997,1763938734,0.451269,0.000155,0.000000,0.000000,0.000000,0.000000,0.344366,0.000000
24.435388,1763938799.244038,1763938734,0.451269,0.000155,0.000000,0.000000,0.000000,0.000000,0.000000,0.000000
24.455398,1763938799.264047,1763938734,0.451269,0.000155,0.000000,0.000000,0.000000,0.000000,0.000000,-0.344366
24.475391,1763938799.284026,1763938734,0.451269,0.000155,0.000000,0.000000,0.000000,0.000000,0.000000,0.000000
24.495415,1763938799.304064,1763938734,0.451269,0.000155,0.000000,0.000000,0.000000,0.000000,0.000000,0.000000
24.515514,1763938799.324167,1763938734,0.451269,0.000155,0.000000,0.000000,0.000000,0.000000,-0.344366,-0.344366
24.535489,1763938799.344128,1763938734,0.451269,0.000155,0.000000,0.000000,0.000000,0.000000,0.000000,0.000000
24.555513,1763938799.364143,1763938734,0.451269,0.000155,0.000000,0.000000,0.000000,0.000000,0.344366,-0.344366
24.575489,1763938799.384112,1763938734,0.451269,0.000155,0.000000,0.000000,0.000000,0.000000,0.000000,0.000000
24.595490,1763938799.404112,1763938734,0.451269,0.000155,0.000000,0.000000,0.000000,0.000000,0.344366,0.000000
24.615504,1763938799.424125,1763938734,0.451269,0.000155,0.000000,0.000000,0.000000,0.000000,0.000000,0.000000
24.635514,1763938799.444136,1763938734,0.451269,0.000155,0.000000,0.000000,0.000000,0.000000,0.344366,0.000000
24.655522,1763938799.464143,1763938734,0.451269,0.000155,0.000000,0.000000,0.000000,0.000000,0.000000,0.000000
24.675534,1763938799.484155,1763938734,0.451269,0.000155,0.000000,0.000000,0.000000,0.000000,0.000000,0.000000
24.695455,1763938799.504048,1763938734,0.451269,0.000155,0.000000,0.000000,0.000000,0.000000,0.000000,0.000000
24.715524,1763938799.524137,1763938734,0.451269,0.000155,0.000000,0.000000,0.000000,0.000000,0.000000,0.000000
24.735539,1763938799.544154,1763938734,0.451269,0.000155,0.000000,0.000000,0.000000,0.000000,0.000000,0.000000
24.755565,1763938799.564186,1763938734,0.451269,0.000155,0.000000,0.000000,0.000000,0.000000,0.000000,0.000000
24.775575,1763938799.584196,1763938734,0.451269,0.000155,0.000000,0.000000,0.000000,0.000000,-0.344366,0.344366
24.795584,1763938799.604204,1763938734,0.451269,0.000155,0.000000,0.000000,0.000000,0.000000,0.000000,0.000000
24.815589,1763938799.624198,1763938734,0.451269,0.000155,0.000000,0.000000,0.000000,0.000000,0.000000,0.000000
24.835589,1763938799.644202,1763938734,0.451269,0.000155,0.000000,0.000000,0.000000,0.000000,0.000000,0.000000
24.855613,1763938799.664233,1763938734,0.451269,0.000155,0.000000,0.000000,0.000000,0.000000,0.000000,0.000000
24.875635,1763938799.684263,1763938734,0.451269,0.000155,0.000000,0.000000,0.000000,0.000000,0.344366,0.000000
24.895646,1763938799.704274,1763938734,0.451269,0.000155,0.000000,0.000946,0.000000,0.000000,-0.344366,0.344366
24.915658,1763938799.724285,1763938734,0.451269,0.000155,0.000000,-0.000806,0.000000,0.000000,0.344366,-0.344366
24.935641,1763938799.744254,1763938734,0.451269,0.000151,0.000000,-0.000907,0.000000,0.000000,0.000000,0.000000
24.955666,1763938799.764287,1763938734,0.451269,0.000151,0.000000,-0.000869,0.000000,0.000000,0.344366,0.000000
24.975675,1763938799.784295,1763938734,0.451269,0.000155,0.000000,0.000000,0.000000,0.000000,0.000000,0.000000
24.995698,1763938799.804325,1763938734,0.451269,0.000155,0.000000,0.000000,0.000000,0.000000,0.000000,0.000000
25.015709,1763938799.824336,1763938734,0.451269,0.000155,0.000000,0.000000,0.000000,0.000000,0.000000,-0.344366
25.035706,1763938799.844325,1763938734,0.451269,0.000155,0.000000,0.000000,0.000000,0.000000,0.000000,-0.344366
25.055646,1763938799.864225,1763938734,0.451269,0.000155,0.000000,0.000000,0.000000,0.000000,0.344366,-0.344366
25.075660,1763938799.884241,1763938734,0.451269,0.000155,0.000000,0.000000,0.000000,0.000000,0.344366,0.000000
25.095652,1763938799.904231,1763938734,0.451269,0.000155,0.000000,0.000000,0.000000,0.000000,0.000000,0.000000
25.115682,1763938799.924275,1763938734,0.451269,0.000155,0.000000,0.000000,0.000000,0.000000,0.000000,-0.344366
25.135714,1763938799.944321,1763938734,0.451269,0.000155,0.000000,0.000000,0.000000,0.000000,0.000000,0.000000
25.155734,1763938799.964347,1763938734,0.451269,0.000155,0.000000,0.000000,0.000000,0.000000,0.000000,0.000000
25.175743,1763938799.984356,1763938734,0.451269,0.000155,0.000000,0.000000,0.000000,0.000000,0.000000,0.000000
25.195767,1763938800.004388,1763938734,0.451269,0.000155,0.000000,0.000000,0.000000,0.000000,0.000000,0.000000
25.215686,1763938800.024268,1763938734,0.451269,0.000155,0.000000,0.000000,0.000000,0.000000,0.000000,0.000000
25.235897,1763938800.044549,1763938734,0.451269,0.000155,0.000000,0.000000,0.000000,0.000000,0.000000,0.344366
25.255911,1763938800.064563,1763938734,0.451269,0.000155,0.000000,0.000000,0.000000,0.000000,0.000000,0.344366
25.275885,1763938800.084512,1763938734,0.451269,0.000155,0.000000,0.000000,0.000000,0.000000,0.000000,0.344366
25.295895,1763938800.104522,1763938734,0.451269,0.000155,0.000000,0.000000,0.000000,0.000000,0.000000,0.000000
25.315944,1763938800.124596,1763938734,0.451269,0.000155,0.000000,0.000000,0.000000,0.000000,0.000000,0.000000
25.335995,1763938800.144649,1763938734,0.451269,0.000155,0.000000,0.000000,0.000000,0.000000,0.344366,0.344366
25.355949,1763938800.164586,1763938734,0.451269,0.000155,0.000000,0.000000,0.000000,0.000000,0.000000,0.000000
25.375960,1763938800.184598,1763938734,0.451269,0.000155,0.000000,0.000000,0.000000,0.000000,0.000000,0.000000
25.395956,1763938800.204583,1763938734,0.451269,0.000155,0.000000,0.000000,0.000000,0.000000,0.344366,0.000000
25.416006,1763938800.224658,1763938734,0.451269,0.000155,0.000000,0.000000,0.000000,0.000000,0.000000,0.000000
25.435926,1763938800.244539,1763938734,0.451269,0.000155,0.000000,0.000000,0.000000,0.000000,0.000000,-0.344366
25.456009,1763938800.264646,1763938734,0.451269,0.000155,0.000000,0.000925,0.000000,0.000000,0.344366,0.000000
25.476005,1763938800.284632,1763938734,0.451269,0.000155,0.000000,0.000000,0.000000,0.000000,0.000000,-0.344366
25.496017,1763938800.304644,1763938734,0.451269,0.000155,0.000000,0.000000,0.000000,0.000000,0.000000,0.000000
25.515975,1763938800.324574,1763938734,0.451269,0.000155,0.000000,0.000000,0.000000,0.000000,0.000000,0.000000
25.535928,1763938800.344501,1763938734,0.451269,0.000155,0.000000,0.000000,0.000000,0.000000,0.000000,0.000000
25.555977,1763938800.364573,1763938734,0.451269,0.000155,0.000000,0.000000,0.000000,0.000000,0.000000,0.000000
25.576018,1763938800.384630,1763938734,0.451269,0.000155,0.000000,0.000140,0.000000,0.000000,0.000000,0.000000
25.596067,1763938800.404689,1763938734,0.451269,0.000155,0.000000,0.000000,0.000000,0.000000,0.000000,0.000000
25.616065,1763938800.424686,1763938734,0.451269,0.000155,0.000000,0.000000,0.000000,0.000000,0.344366,0.000000
25.636039,1763938800.444646,1763938734,0.451269,0.000155,0.000000,0.000000,0.000000,0.000000,0.000000,0.000000
25.656125,1763938800.464777,1763938734,0.451269,0.000155,0.000000,0.000000,0.000000,0.000000,0.000000,-0.344366
25.676138,1763938800.484789,1763938734,0.451269,0.000155,0.000000,0.000000,0.000000,0.000000,0.000000,0.000000
25.696152,1763938800.504803,1763938734,0.451269,0.000155,0.000000,0.000000,0.000000,0.000000,0.000000,0.000000
25.716141,1763938800.524779,1763938734,0.451269,0.000155,0.000000,0.000000,0.000000,0.000000,0.000000,0.000000
25.736137,1763938800.544764,1763938734,0.451269,0.000155,0.000000,0.000000,0.000000,0.000000,0.000000,0.344366
25.756078,1763938800.564689,1763938734,0.451269,0.000155,0.000000,0.000000,0.000000,0.000000,0.000000,0.000000
25.776199,1763938800.584849,1763938734,0.451269,0.000155,0.000000,0.000000,0.000000,0.000000,0.000000,0.000000
25.796187,1763938800.604824,1763938734,0.451269,0.000155,0.000000,0.000000,0.000000,0.000000,0.000000,0.344366
25.816181,1763938800.624808,1763938734,0.451269,0.000155,0.000000,0.000000,0.000000,0.000000,0.000000,0.000000
25.836192,1763938800.644820,1763938734,0.451269,0.000155,0.000000,0.000000,0.000000,0.000000,0.000000,0.000000
25.856280,1763938800.664935,1763938734,0.451269,0.000155,0.000000,0.000000,0.000000,0.000000,0.344366,0.000000
25.876147,1763938800.684758,1763938734,0.451269,0.000155,0.000000,0.000000,0.000000,0.000000,0.000000,0.000000
25.896265,1763938800.704916,1763938734,0.451269,0.000155,0.000000,0.000000,0.000000,0.000000,0.344366,0.000000
25.916240,1763938800.724867,1763938734,0.451269,0.000155,0.000000,0.000000,0.000000,0.000000,0.000000,0.000000
25.936250,1763938800.744877,1763938734,0.451269,0.000155,0.000000,0.000000,0.000000,0.000000,0.000000,0.000000
25.956262,1763938800.764888,1763938734,0.451269,0.000155,0.000000,0.000940,0.000000,0.000000,0.000000,0.000000
25.976260,1763938800.784879,1763938734,0.451269,0.000155,0.000000,0.000000,0.000000,0.000000,0.000000,0.000000
25.996271,1763938800.804891,1763938734,0.451269,0.000155,0.000000,0.000000,0.000000,0.000000,0.000000,0.000000
26.016281,1763938800.824901,1763938734,0.451269,0.000155,0.000000,0.000000,0.000000,0.000000,0.000000,0.000000
26.036344,1763938800.844995,1763938734,0.451269,0.000155,0.000000,0.000000,0.000000,0.000000,0.000000,0.000000
26.056289,1763938800.864923,1763938734,0.451269,0.000155,0.000000,0.000000,0.000000,0.000000,0.000000,0.344366
26.076240,1763938800.884817,1763938734,0.451269,0.000155,0.000000,0.000000,0.000000,0.000000,0.000000,0.000000
26.096228,1763938800.904805,1763938734,0.451269,0.000155,0.000000,0.000000,0.000000,0.000000,0.000000,0.000000
26.116240,1763938800.924815,1763938734,0.451269,0.000155,0.000000,0.000000,0.000000,0.000000,0.000000,0.000000
26.136238,1763938800.944816,1763938734,0.451269,0.000155,0.000000,0.000000,0.000000,0.000000,0.000000,0.344366
26.156250,1763938800.964832,1763938734,0.451269,0.000155,0.000000,0.000000,0.000000,0.000000,0.000000,0.000000
26.176255,1763938800.984845,1763938734,0.451269,0.000155,0.000000,0.000000,0.000000,0.000000,0.000000,0.000000
26.196264,1763938801.004853,1763938734,0.451269,0.000155,0.000000,0.000000,0.000000,0.000000,0.000000,0.000000
26.216270,1763938801.024860,1763938734,0.451269,0.000155,0.000000,0.000000,0.000000,0.000000,0.344366,0.000000
26.236272,1763938801.044858,1763938734,0.451269,0.000155,0.000000,0.000000,0.000000,0.000000,0.000000,0.000000
26.256279,1763938801.064875,1763938734,0.451269,0.000155,0.000000,0.000000,0.000000,0.000000,0.000000,0.000000
26.276283,1763938801.084882,1763938734,0.451269,0.000155,0.000000,0.000000,0.000000,0.000000,0.000000,0.000000
26.296279,1763938801.104862,1763938734,0.451269,0.000155,0.000000,0.000000,0.000000,0.000000,0.000000,0.000000
26.316282,1763938801.124867,1763938734,0.451269,0.000155,0.000000,0.000000,0.000000,0.000000,0.000000,0.000000
26.336289,1763938801.144875,1763938734,0.451269,0.000155,0.000000,0.000000,0.000000,0.000000,0.000000,0.000000
26.356298,1763938801.164886,1763938734,0.451269,0.000155,0.000000,0.000000,0.000000,0.000000,0.000000,0.000000
26.376324,1763938801.184917,1763938734,0.451269,0.000155,0.000000,0.000000,0.000000,0.000000,0.344366,-0.344366
26.396328,1763938801.204924,1763938734,0.451269,0.000155,0.000000,0.000000,0.000000,0.000000,0.000000,0.344366
26.416327,1763938801.224925,1763938734,0.451269,0.000155,0.000000,0.000000,0.000000,0.000000,0.000000,0.000000
26.436335,1763938801.244931,1763938734,0.451269,0.000155,0.000000,0.000000,0.000000,0.000000,0.000000,-0.344366
26.456341,1763938801.264943,1763938734,0.451269,0.000155,0.000000,0.000000,0.000000,0.000000,0.344366,0.000000
26.476344,1763938801.284936,1763938734,0.451269,0.000155,0.000000,0.000000,0.000000,0.000000,0.000000,-0.344366
26.496350,1763938801.304942,1763938734,0.451269,0.000155,0.000000,0.000000,0.000000,0.000000,0.000000,0.000000
26.516363,1763938801.324960,1763938734,0.451269,0.000155,0.000000,0.000000,0.000000,0.000000,0.000000,0.000000
26.536370,1763938801.344968,1763938734,0.451269,0.000155,0.000000,0.000000,0.000000,0.000000,0.000000,0.000000
26.556388,1763938801.364994,1763938734,0.451269,0.000155,0.000000,0.000000,0.000000,0.000000,0.000000,0.000000
26.576377,1763938801.384972,1763938734,0.451269,0.000155,0.000000,0.000000,0.000000,0.000000,0.000000,0.000000
26.596377,1763938801.404964,1763938734,0.451269,0.000155,0.000000,0.000000,0.000000,0.000000,0.344366,0.000000
26.616376,1763938801.424958,1763938734,0.451269,0.000155,0.000000,0.000000,0.000000,0.000000,0.000000,0.000000
26.636385,1763938801.444975,1763938734,0.451269,0.000155,0.000000,0.000000,0.000000,0.000000,0.344366,-0.344366
26.656382,1763938801.464965,1763938734,0.451269,0.000155,0.000000,0.000000,0.000000,0.000000,0.000000,0.344366
26.676385,1763938801.484969,1763938734,0.451269,0.000155,0.000000,0.000000,0.000000,0.000000,0.000000,0.000000
26.696390,1763938801.504973,1763938734,0.451269,0.000155,0.000000,0.000000,0.000000,0.000000,0.000000,0.344366
26.716400,1763938801.525001,1763938734,0.451269,0.000155,0.000000,0.000000,0.000000,0.000000,0.000000,0.000000
26.736406,1763938801.544995,1763938734,0.451269,0.000155,0.000000,0.000000,0.000000,0.000000,0.000000,0.000000
26.756416,1763938801.565021,1763938734,0.451269,0.000155,0.000000,0.000000,0.000000,0.000000,0.000000,0.000000
26.776435,1763938801.585041,1763938734,0.451269,0.000155,0.000000,0.000000,0.000000,0.000000,0.000000,0.000000
26.796494,1763938801.605103,1763938734,0.451269,0.000155,0.000000,0.000000,0.000000,0.000000,0.000000,-0.344366
26.816436,1763938801.625040,1763938734,0.451269,0.000155,0.000000,0.000000,0.000000,0.000000,0.000000,0.344366
26.836454,1763938801.645052,1763938734,0.451269,0.000155,0.000000,-0.000446,0.000000,0.000000,0.000000,-0.344366
26.856471,1763938801.665069,1763938734,0.451269,0.000155,0.000000,0.000039,0.000000,0.000000,0.344366,0.000000
26.876479,1763938801.685078,1763938734,0.451269,0.000155,0.000000,0.000000,0.000000,0.000000,0.000000,0.344366
26.896502,1763938801.705101,1763938734,0.451269,0.000155,0.000000,0.000000,0.000000,0.000000,0.000000,0.000000
26.916632,1763938801.725285,1763938734,0.451269,0.000155,0.000000,0.000000,0.000000,0.000000,0.344366,0.344366
26.936646,1763938801.745298,1763938734,0.451269,0.000155,0.000000,0.000000,0.000000,0.000000,0.000000,0.344366
26.956638,1763938801.765275,1763938734,0.451269,0.000155,0.000000,0.000000,0.000000,0.000000,0.000000,0.000000
26.976649,1763938801.785284,1763938734,0.451269,0.000155,0.000000,0.000000,0.000000,0.000000,0.000000,0.344366
26.996578,1763938801.805211,1763938734,0.451269,0.000155,0.000000,0.000000,0.000000,0.000000,0.000000,0.344366
27.016696,1763938801.825349,1763938734,0.451269,0.000155,0.000000,0.000000,0.000000,0.000000,0.000000,0.000000
27.036688,1763938801.845326,1763938734,0.451269,0.000155,0.000000,0.000000,0.000000,0.000000,0.000000,0.000000
27.056765,1763938801.865456,1763938734,0.451269,0.000155,0.000000,0.000000,0.000000,0.000000,0.344366,0.344366
27.076574,1763938801.885142,1763938734,0.451269,0.000155,0.000000,0.000000,0.000000,0.000000,0.000000,0.000000
27.096600,1763938801.905178,1763938734,0.451269,0.000155,0.000000,0.000000,0.000000,0.000000,0.000000,0.000000
27.116619,1763938801.925206,1763938734,0.451269,0.000155,0.000000,0.000000,0.000000,0.000000,0.000000,0.000000
27.136645,1763938801.945244,1763938734,0.451269,0.000155,0.000000,0.000000,0.000000,0.000000,0.000000,0.344366
27.156677,1763938801.965281,1763938734,0.451269,0.000155,0.000000,0.000000,0.000000,0.000000,0.000000,0.000000
27.176686,1763938801.985298,1763938734,0.451269,0.000155,0.000000,0.000000,0.000000,0.000000,0.000000,0.000000
27.196694,1763938802.005307,1763938734,0.451269,0.000155,0.000000,0.000000,0.000000,0.000000,0.000000,0.000000
27.216718,1763938802.025338,1763938734,0.451269,0.000155,0.000000,0.000000,0.000000,0.000000,0.000000,0.000000
27.236729,1763938802.045350,1763938734,0.451269,0.000155,0.000000,0.000000,0.000000,0.000000,0.000000,0.344366
27.256738,1763938802.065358,1763938734,0.451269,0.000155,0.000000,0.000000,0.000000,0.000000,0.344366,0.000000
27.276787,1763938802.085400,1763938734,0.451269,0.000155,0.000000,0.000004,0.000000,0.000000,0.000000,0.000000
27.296811,1763938802.105431,1763938734,0.451269,0.000155,0.000000,0.000000,0.000000,0.000000,0.000000,0.000000
27.316833,1763938802.125461,1763938734,0.451269,0.000155,0.000000,0.000000,0.000000,0.000000,0.000000,0.000000
27.336845,1763938802.145473,1763938734,0.451269,0.000155,0.000000,0.000000,0.000000,0.000000,0.344366,0.344366
27.356856,1763938802.165483,1763938734,0.451269,0.000155,0.000000,0.000000,0.000000,0.000000,0.344366,0.344366
27.376869,1763938802.185496,1763938734,0.451269,0.000155,0.000000,0.000000,0.000000,0.000000,0.344366,-0.344366
27.396878,1763938802.205506,1763938734,0.451269,0.000151,0.000000,-0.000806,0.000000,0.000000,0.000000,0.000000
27.416914,1763938802.225545,1763938734,0.451269,0.000155,0.000000,0.000000,0.000000,0.000000,0.000000,0.000000
27.436900,1763938802.245527,1763938734,0.451269,0.000151,0.000000,-0.000682,0.000000,0.000000,0.344366,-0.344366
27.456909,1763938802.265538,1763938734,0.451269,0.000155,0.000000,0.000000,0.000000,0.000000,0.344366,0.000000
27.476920,1763938802.285547,1763938734,0.451269,0.000155,0.000000,0.000000,0.000000,0.000000,0.000000,0.344366
27.496969,1763938802.305621,1763938734,0.451269,0.000155,0.000000,0.000000,0.000000,0.000000,0.000000,0.000000
27.516984,1763938802.325634,1763938734,0.451269,0.000155,0.000000,0.000000,0.000000,0.000000,0.000000,0.000000
27.536974,1763938802.345612,1763938734,0.451269,0.000155,0.000000,0.000000,0.000000,0.000000,0.000000,0.344366
27.557009,1763938802.365660,1763938734,0.451269,0.000155,0.000000,0.000000,0.000000,0.000000,0.000000,0.344366
27.577023,1763938802.385674,1763938734,0.451269,0.000155,0.000000,0.000000,0.000000,0.000000,0.000000,0.000000
27.597012,1763938802.405650,1763938734,0.451269,0.000155,0.000000,0.000000,0.000000,0.000000,0.000000,0.000000
27.617007,1763938802.425634,1763938734,0.451269,0.000155,0.000000,0.000000,0.000000,0.000000,-0.344366,-0.344366
27.637018,1763938802.445646,1763938734,0.451269,0.000155,0.000000,0.000000,0.000000,0.000000,0.000000,0.000000
0.040932,1763938805.311196,1763938734,0.451269,0.000155,0.000000,0.000000,0.000000,0.000000,0.000000,0.000000
0.060930,1763938805.331184,1763938734,0.451269,0.000155,0.000000,0.000000,0.000000,0.000000,0.344366,0.000000
0.081075,1763938805.351341,1763938734,0.451269,0.000155,0.000000,0.000000,0.000000,0.000000,0.000000,0.344366
0.101162,1763938805.371460,1763938734,0.451269,0.000155,0.000000,0.000000,0.000000,0.000000,0.000000,0.000000
0.121146,1763938805.391442,1763938734,0.451269,0.000155,0.000000,0.000000,0.000000,0.000000,0.000000,0.000000
0.141220,1763938805.411541,1763938734,0.451269,0.000155,0.000000,0.000000,0.000000,0.000000,0.000000,0.000000
0.161212,1763938805.431533,1763938734,0.451269,0.000155,0.000000,0.000000,0.000000,0.000000,0.344366,0.344366
0.181224,1763938805.451544,1763938734,0.451269,0.000155,0.000000,0.000000,0.000000,0.000000,0.000000,0.000000
0.201235,1763938805.471556,1763938734,0.451269,0.000155,0.000000,0.000000,0.000000,0.000000,0.000000,0.000000
0.221193,1763938805.491483,1763938734,0.451269,0.000155,0.000000,0.000000,0.000000,0.000000,0.000000,0.344366
0.241200,1763938805.511490,1763938734,0.451269,0.000155,0.000000,0.000000,0.000000,0.000000,0.000000,0.000000
0.261246,1763938805.531556,1763938734,0.451269,0.000155,0.000000,0.000000,0.000000,0.000000,0.344366,0.000000
0.281296,1763938805.551631,1763938734,0.451269,0.000155,0.000000,0.000000,0.000000,0.000000,0.000000,0.000000
0.301311,1763938805.571645,1763938734,0.451269,0.000155,0.000000,0.000000,0.000000,0.000000,0.000000,-0.344366
0.321323,1763938805.591657,1763938734,0.451269,0.000155,0.000000,0.000000,0.000000,0.000000,0.000000,-0.344366
0.341337,1763938805.611671,1763938734,0.451269,0.000155,0.000000,0.000000,0.000000,0.000000,0.344366,0.000000
0.361382,1763938805.631719,1763938734,0.451269,0.000155,0.000000,0.000000,0.000000,0.000000,0.344366,0.000000
0.381362,1763938805.651696,1763938734,0.451269,0.000155,0.000000,0.000000,0.000000,0.000000,0.344366,-0.344366
0.401352,1763938805.671672,1763938734,0.451269,0.000155,0.000000,0.000000,0.000000,0.000000,0.000000,0.000000
0.421364,1763938805.691684,1763938734,0.451269,0.000155,0.000000,0.000000,0.000000,0.000000,0.000000,0.000000
0.441360,1763938805.711670,1763938734,0.451269,0.000155,0.000000,0.000000,0.000000,0.000000,0.344366,0.000000
0.461342,1763938805.731638,1763938734,0.451269,0.000155,0.000000,0.000000,0.000000,0.000000,0.000000,0.344366
0.481366,1763938805.751669,1763938734,0.451269,0.000155,0.000000,0.000000,0.000000,0.000000,-0.344366,0.000000
0.501375,1763938805.771679,1763938734,0.451269,0.000155,0.000000,0.000000,0.000000,0.000000,0.000000,0.344366
0.521386,1763938805.791690,1763938734,0.451269,0.000155,0.000000,0.000000,0.000000,0.000000,0.000000,0.000000
0.541407,1763938805.811718,1763938734,0.451269,0.000155,0.000000,0.000000,0.000000,0.000000,0.000000,0.344366
0.561406,1763938805.831709,1763938734,0.451269,0.000155,0.000000,0.000000,0.000000,0.000000,0.344366,0.000000
0.581416,1763938805.851719,1763938734,0.451269,0.000155,0.000000,0.000000,0.000000,0.000000,0.000000,0.000000
0.601439,1763938805.871749,1763938734,0.451269,0.000155,0.000000,0.000000,0.000000,0.000000,0.344366,0.000000
0.621478,1763938805.891790,1763938734,0.451269,0.000155,0.000000,0.000000,0.000000,0.000000,0.000000,-0.344366
0.641459,1763938805.911769,1763938734,0.451269,0.000155,0.000000,0.000000,0.000000,0.000000,0.344366,0.000000
0.661470,1763938805.931780,1763938734,0.451269,0.000155,0.000000,0.000000,0.000000,0.000000,0.000000,-0.344366
0.681469,1763938805.951771,1763938734,0.451269,0.000155,0.000000,0.000000,0.000000,0.000000,0.000000,0.000000
0.701478,1763938805.971781,1763938734,0.451269,0.000155,0.000000,0.000000,0.000000,0.000000,0.000000,0.000000
0.721487,1763938805.991789,1763938734,0.451269,0.000155,0.000000,0.000000,0.000000,0.000000,0.000000,0.000000
0.741497,1763938806.011800,1763938734,0.451269,0.000155,0.000000,0.000000,0.000000,0.000000,0.344366,-0.344366
0.761520,1763938806.031829,1763938734,0.451269,0.000155,0.000000,0.000000,0.000000,0.000000,0.344366,0.000000
0.781530,1763938806.051841,1763938734,0.451269,0.000155,0.000000,0.000000,0.000000,0.000000,0.000000,0.344366
0.801559,1763938806.071879,1763938734,0.451269,0.000155,0.000000,0.000000,0.000000,0.000000,0.000000,0.000000
0.821554,1763938806.091864,1763938734,0.451269,0.000155,0.000000,0.000000,0.000000,0.000000,0.344366,0.344366
0.841482,1763938806.111762,1763938734,0.451269,0.000155,0.000000,0.000000,0.000000,0.000000,0.344366,-0.344366
0.861574,1763938806.131885,1763938734,0.451269,0.000155,0.000000,0.000000,0.000000,0.000000,0.000000,-0.344366
0.881610,1763938806.151924,1763938734,0.451269,0.000155,0.000000,0.000000,0.000000,0.000000,0.000000,0.000000
0.901595,1763938806.171901,1763938734,0.451269,0.000155,0.000000,0.000000,0.000000,0.000000,-0.344366,0.344366
0.921593,1763938806.191895,1763938734,0.451269,0.000155,0.000000,0.000000,0.000000,0.000000,0.000000,0.000000
0.941604,1763938806.211906,1763938734,0.451269,0.000155,0.000000,0.000000,0.000000,0.000000,0.000000,0.000000
0.961613,1763938806.231916,1763938734,0.451269,0.000155,0.000000,0.000000,0.000000,0.000000,0.000000,0.000000
0.981622,1763938806.251927,1763938734,0.451269,0.000155,0.000000,0.000000,0.000000,0.000000,0.000000,0.000000
1.001632,1763938806.271935,1763938734,0.451269,0.000155,0.000000,0.000000,0.000000,0.000000,0.000000,0.000000
1.021628,1763938806.291923,1763938734,0.451269,0.000155,0.000000,0.000000,0.000000,0.000000,0.000000,0.000000
1.041723,1763938806.312097,1763938734,0.451269,0.000155,0.000000,0.000000,0.000000,0.000000,0.344366,-0.344366
1.061565,1763938806.331827,1763938734,0.451269,0.000155,0.000000,0.000000,0.000000,0.000000,0.344366,0.000000
1.081575,1763938806.351844,1763938734,0.451269,0.000155,0.000000,0.000000,0.000000,0.000000,0.344366,0.000000
1.101716,1763938806.372085,1763938734,0.451269,0.000155,0.000000,0.000000,0.000000,0.000000,0.000000,0.000000
1.121675,1763938806.391977,1763938734,0.451269,0.000155,0.000000,0.000000,0.000000,0.000000,0.000000,-0.344366
1.141745,1763938806.412097,1763938734,0.451269,0.000155,0.000000,0.000000,0.000000,0.000000,0.000000,0.000000
1.161746,1763938806.432108,1763938734,0.451269,0.000155,0.000000,0.000000,0.000000,0.000000,0.000000,-0.344366
1.181720,1763938806.452065,1763938734,0.451269,0.000155,0.000000,0.000000,0.000000,0.000000,0.000000,0.000000
0.040748,1763938809.714042,1763938734,0.451269,0.000155,0.000000,0.000000,0.000000,0.000000,0.000000,0.344366
0.060746,1763938809.734029,1763938734,0.451269,0.000155,0.000000,0.000000,0.000000,0.000000,0.000000,0.000000
0.080762,1763938809.754050,1763938734,0.451269,0.000155,0.000000,0.000000,0.000000,0.000000,0.344366,0.000000
0.100802,1763938809.774102,1763938734,0.451269,0.000155,0.000000,0.000000,0.000000,0.000000,0.344366,0.000000
0.120818,1763938809.794126,1763938734,0.451269,0.000155,0.000000,0.000000,0.000000,0.000000,0.000000,0.000000
0.140853,1763938809.814176,1763938734,0.451269,0.000155,0.000000,0.000000,0.000000,0.000000,0.344366,0.344366
0.160863,1763938809.834185,1763938734,0.451269,0.000155,0.000000,0.000000,0.000000,0.000000,-0.344366,0.344366
0.180888,1763938809.854218,1763938734,0.451269,0.000155,0.000000,0.000000,0.000000,0.000000,0.000000,-0.344366
0.200828,1763938809.874134,1763938734,0.451269,0.000155,0.000000,0.000000,0.000000,0.000000,0.000000,0.000000
0.220921,1763938809.894257,1763938734,0.451269,0.000155,0.000000,0.000000,0.000000,0.000000,0.000000,0.344366
0.240933,1763938809.914270,1763938734,0.451269,0.000155,0.000000,0.000000,0.000000,0.000000,0.000000,0.344366
0.260944,1763938809.934282,1763938734,0.451269,0.000155,0.000000,0.000000,0.000000,0.000000,-0.344366,0.000000
0.280954,1763938809.954292,1763938734,0.451269,0.000155,0.000000,0.000000,0.000000,0.000000,0.000000,0.344366
0.300964,1763938809.974301,1763938734,0.451269,0.000155,0.000000,0.000000,0.000000,0.000000,0.000000,0.000000
0.320975,1763938809.994313,1763938734,0.451269,0.000155,0.000000,0.000000,0.000000,0.000000,0.344366,0.344366
0.340986,1763938810.014323,1763938734,0.451269,0.000155,0.000000,0.000000,0.000000,0.000000,0.000000,0.000000
0.361024,1763938810.034364,1763938734,0.451269,0.000155,0.000000,0.000000,0.000000,0.000000,0.000000,-0.344366
0.381009,1763938810.054348,1763938734,0.451269,0.000155,0.000000,0.000000,0.000000,0.000000,0.344366,0.000000
0.401007,1763938810.074337,1763938734,0.451269,0.000155,0.000000,0.000000,0.000000,0.000000,0.000000,-0.344366
0.421018,1763938810.094348,1763938734,0.451269,0.000155,0.000000,0.000000,0.000000,0.000000,0.000000,0.000000
0.441028,1763938810.114357,1763938734,0.451269,0.000155,0.000000,0.000000,0.000000,0.000000,0.000000,0.000000
0.461038,1763938810.134367,1763938734,0.451269,0.000155,0.000000,0.000000,0.000000,0.000000,0.000000,0.000000
0.481060,1763938810.154397,1763938734,0.451269,0.000155,0.000000,0.000000,0.000000,0.000000,0.000000,-0.344366
0.501055,1763938810.174383,1763938734,0.451269,0.000155,0.000000,0.000000,0.000000,0.000000,0.000000,0.344366
0.521051,1763938810.194373,1763938734,0.451269,0.000155,0.000000,0.000000,0.000000,0.000000,0.000000,0.344366
0.541075,1763938810.214405,1763938734,0.451269,0.000155,0.000000,0.000000,0.000000,0.000000,0.344366,-0.344366
0.561085,1763938810.234414,1763938734,0.451269,0.000155,0.000000,0.000000,0.000000,0.000000,0.000000,0.000000
0.581096,1763938810.254426,1763938734,0.451269,0.000155,0.000000,0.000000,0.000000,0.000000,0.000000,0.000000
0.601118,1763938810.274456,1763938734,0.451269,0.000155,0.000000,0.000000,0.000000,0.000000,0.000000,0.344366
0.621159,1763938810.294498,1763938734,0.451269,0.000155,0.000000,0.000000,0.000000,0.000000,0.344366,0.344366
0.641127,1763938810.314457,1763938734,0.451269,0.000155,0.000000,0.000000,0.000000,0.000000,0.000000,0.000000
0.661136,1763938810.334466,1763938734,0.451269,0.000155,0.000000,0.000000,0.000000,0.000000,0.344366,0.000000
0.681047,1763938810.354327,1763938734,0.451269,0.000155,0.000000,0.000000,0.000000,0.000000,-0.344366,0.344366
0.701103,1763938810.374412,1763938734,0.451269,0.000155,0.000000,0.000000,0.000000,0.000000,0.000000,0.000000
0.721124,1763938810.394441,1763938734,0.451269,0.000155,0.000000,0.000000,0.000000,0.000000,0.344366,-0.344366
0.741143,1763938810.414465,1763938734,0.451269,0.000155,0.000000,0.000000,0.000000,0.000000,0.000000,0.000000
0.761151,1763938810.434473,1763938734,0.451269,0.000155,0.000000,0.000000,0.000000,0.000000,0.000000,0.344366
0.781174,1763938810.454504,1763938734,0.451269,0.000155,0.000000,0.000000,0.000000,0.000000,0.000000,-0.344366
0.801196,1763938810.474533,1763938734,0.451269,0.000155,0.000000,0.000000,0.000000,0.000000,0.000000,0.344366
0.821120,1763938810.494410,1763938734,0.451269,0.000155,0.000000,0.000000,0.000000,0.000000,0.000000,-0.344366
0.841145,1763938810.514447,1763938734,0.451269,0.000155,0.000000,0.000000,0.000000,0.000000,-0.344366,0.000000
0.861177,1763938810.534494,1763938734,0.451269,0.000155,0.000000,0.000000,0.000000,0.000000,0.000000,-0.344366
0.881219,1763938810.554543,1763938734,0.451269,0.000155,0.000000,0.000000,0.000000,0.000000,0.000000,0.000000
0.901220,1763938810.574550,1763938734,0.451269,0.000155,0.000000,0.000000,0.000000,0.000000,0.000000,0.344366
0.921229,1763938810.594559,1763938734,0.451269,0.000155,0.000000,0.000000,0.000000,0.000000,0.000000,0.000000
0.941236,1763938810.614565,1763938734,0.451269,0.000155,0.000000,0.000000,0.000000,0.000000,0.000000,0.344366
0.961247,1763938810.634576,1763938734,0.451269,0.000155,0.000000,0.000000,0.000000,0.000000,0.000000,0.344366
0.981194,1763938810.654506,1763938734,0.451269,0.000155,0.000000,0.000000,0.000000,0.000000,0.344366,0.344366
1.001317,1763938810.674678,1763938734,0.451269,0.000155,0.000000,0.000000,0.000000,0.000000,0.344366,0.344366
1.021331,1763938810.694692,1763938734,0.451269,0.000155,0.000000,0.000000,0.000000,0.000000,0.344366,0.000000
1.041263,1763938810.714605,1763938734,0.451269,0.000155,0.000000,0.000000,0.000000,0.000000,-0.344366,0.000000
1.061216,1763938810.734503,1763938734,0.451269,0.000155,0.000000,0.000000,0.000000,0.000000,0.000000,0.000000
1.081231,1763938810.754525,1763938734,0.451269,0.000155,0.000000,0.000000,0.000000,0.000000,0.344366,0.000000
1.101330,1763938810.774667,1763938734,0.451269,0.000155,0.000000,0.000000,0.000000,0.000000,0.000000,0.000000
1.121328,1763938810.794664,1763938734,0.451269,0.000155,0.000000,0.000000,0.000000,0.000000,0.000000,0.344366
1.141354,1763938810.814686,1763938734,0.451269,0.000155,0.000000,0.000000,0.000000,0.000000,0.344366,0.000000
1.161349,1763938810.834686,1763938734,0.451269,0.000155,0.000000,0.000000,0.000000,0.000000,0.000000,0.000000
1.181399,1763938810.854760,1763938734,0.451269,0.000155,0.000000,0.000000,0.000000,0.000000,0.000000,0.000000
1.201412,1763938810.874773,1763938734,0.451269,0.000155,0.000000,0.000000,0.000000,0.000000,0.000000,0.000000
1.221425,1763938810.894784,1763938734,0.451269,0.000155,0.000000,0.000000,0.000000,0.000000,0.000000,0.000000
1.241438,1763938810.914798,1763938734,0.451269,0.000155,0.000000,0.000000,0.000000,0.000000,0.000000,0.000000
1.261412,1763938810.934748,1763938734,0.451269,0.000155,0.000000,0.000000,0.000000,0.000000,0.344366,0.000000
1.281424,1763938810.954761,1763938734,0.451269,0.000155,0.000000,0.000000,0.000000,0.000000,0.000000,0.000000
1.301435,1763938810.974771,1763938734,0.451269,0.000155,0.000000,0.000000,0.000000,0.000000,0.000000,0.344366
1.321464,1763938810.994810,1763938734,0.451269,0.000155,0.000000,0.000000,0.000000,0.000000,0.000000,0.000000
1.341457,1763938811.014793,1763938734,0.451269,0.000155,0.000000,0.000000,0.000000,0.000000,0.344366,0.344366
1.361469,1763938811.034805,1763938734,0.451269,0.000155,0.000000,0.000000,0.000000,0.000000,0.344366,0.000000
1.381478,1763938811.054815,1763938734,0.451269,0.000155,0.000000,0.000000,0.000000,0.000000,0.000000,0.000000
1.401515,1763938811.074855,1763938734,0.451269,0.000155,0.000000,0.000000,0.000000,0.000000,0.344366,0.000000
1.421501,1763938811.094837,1763938734,0.451269,0.000155,0.000000,0.000000,0.000000,0.000000,0.344366,0.000000
1.441498,1763938811.114828,1763938734,0.451269,0.000155,0.000000,0.000000,0.000000,0.000000,-0.344366,-0.344366
1.461508,1763938811.134837,1763938734,0.451269,0.000155,0.000000,0.000000,0.000000,0.000000,0.000000,-0.344366
1.481517,1763938811.154846,1763938734,0.451269,0.000155,0.000000,0.000000,0.000000,0.000000,0.000000,0.000000
1.501470,1763938811.174792,1763938734,0.451269,0.000155,0.000000,0.000000,0.000000,0.000000,0.000000,0.344366
1.521588,1763938811.194949,1763938734,0.451269,0.000155,0.000000,0.000000,0.000000,0.000000,0.344366,0.344366
1.541551,1763938811.214880,1763938734,0.451269,0.000155,0.000000,0.000000,0.000000,0.000000,-0.344366,-0.344366
1.561560,1763938811.234890,1763938734,0.451269,0.000155,0.000000,0.000000,0.000000,0.000000,0.000000,0.000000
1.581570,1763938811.254900,1763938734,0.451269,0.000155,0.000000,0.000000,0.000000,0.000000,0.000000,-0.344366
1.601581,1763938811.274911,1763938734,0.451269,0.000155,0.000000,0.000000,0.000000,0.000000,0.344366,0.000000
1.621590,1763938811.294919,1763938734,0.451269,0.000155,0.000000,0.000000,0.000000,0.000000,-0.344366,0.000000
1.641600,1763938811.314929,1763938734,0.451269,0.000155,0.000000,0.000000,0.000000,0.000000,0.000000,0.000000
1.661637,1763938811.334968,1763938734,0.451269,0.000155,0.000000,0.000000,0.000000,0.000000,0.000000,0.000000
1.681606,1763938811.354928,1763938734,0.451269,0.000155,0.000000,0.000000,0.000000,0.000000,0.344366,0.000000
1.701613,1763938811.374929,1763938734,0.451269,0.000155,0.000000,0.000000,0.000000,0.000000,0.000000,0.344366
1.721621,1763938811.394943,1763938734,0.451269,0.000155,0.000000,0.000000,0.000000,0.000000,0.000000,0.000000
1.741645,1763938811.414975,1763938734,0.451269,0.000155,0.000000,0.000000,0.000000,0.000000,0.000000,0.344366
1.761655,1763938811.434984,1763938734,0.451269,0.000155,0.000000,0.000000,0.000000,0.000000,0.344366,0.000000
1.781665,1763938811.454994,1763938734,0.451269,0.000155,0.000000,0.000000,0.000000,0.000000,-0.344366,0.000000
1.801669,1763938811.474997,1763938734,0.451269,0.000155,0.000000,0.000000,0.000000,0.000000,0.000000,0.000000
1.821684,1763938811.495038,1763938734,0.451269,0.000155,0.000000,0.000000,0.000000,0.000000,0.000000,0.344366
1.841695,1763938811.515055,1763938734,0.451269,0.000155,0.000000,0.000000,0.000000,0.000000,0.000000,0.000000
1.861705,1763938811.535064,1763938734,0.451269,0.000155,0.000000,0.000000,0.000000,0.000000,0.000000,0.000000
1.881686,1763938811.555027,1763938734,0.451269,0.000155,0.000000,0.000000,0.000000,0.000000,-0.344366,0.000000
1.901785,1763938811.575124,1763938734,0.451269,0.000155,0.000000,0.000000,0.000000,0.000000,0.000000,0.000000
1.921801,1763938811.595141,1763938734,0.451269,0.000155,0.000000,0.000000,0.000000,0.000000,0.000000,0.000000
1.941789,1763938811.615127,1763938734,0.451269,0.000155,0.000000,0.000000,0.000000,0.000000,0.000000,-0.344366
1.961800,1763938811.635139,1763938734,0.451269,0.000155,0.000000,0.000000,0.000000,0.000000,0.000000,0.000000
1.981789,1763938811.655119,1763938734,0.451269,0.000155,0.000000,0.000000,0.000000,0.000000,0.000000,0.000000
2.001800,1763938811.675130,1763938734,0.451269,0.000155,0.000000,0.000000,0.000000,0.000000,0.000000,0.000000
2.021815,1763938811.695146,1763938734,0.451269,0.000155,0.000000,0.000000,0.000000,0.000000,0.000000,0.000000
2.041779,1763938811.715116,1763938734,0.451269,0.000155,0.000000,0.000000,0.000000,0.000000,0.000000,0.000000
2.061754,1763938811.735055,1763938734,0.451269,0.000155,0.000000,0.000000,0.000000,0.000000,0.000000,0.000000
2.081780,1763938811.755090,1763938734,0.451269,0.000155,0.000000,0.000000,0.000000,0.000000,0.000000,0.000000
2.101876,1763938811.775223,1763938734,0.451269,0.000155,0.000000,0.000000,0.000000,0.000000,0.000000,0.344366
2.121876,1763938811.795213,1763938734,0.451269,0.000155,0.000000,0.000000,0.000000,0.000000,-0.344366,0.344366
2.141869,1763938811.815199,1763938734,0.451269,0.000155,0.000000,0.000000,0.000000,0.000000,0.344366,0.000000
2.161876,1763938811.835205,1763938734,0.451269,0.000155,0.000000,0.000000,0.000000,0.000000,0.000000,0.000000
2.181928,1763938811.855268,1763938734,0.451269,0.000155,0.000000,0.000000,0.000000,0.000000,0.344366,0.000000
2.201910,1763938811.875248,1763938734,0.451269,0.000155,0.000000,0.000000,0.000000,0.000000,0.344366,0.344366
2.221921,1763938811.895257,1763938734,0.451269,0.000155,0.000000,0.000000,0.000000,0.000000,0.000000,0.344366
2.241933,1763938811.915271,1763938734,0.451269,0.000155,0.000000,0.000000,0.000000,0.000000,0.000000,0.000000
2.261944,1763938811.935282,1763938734,0.451269,0.000155,0.000000,0.000000,0.000000,0.000000,0.000000,0.344366
0.040735,1763938826.360265,1763938734,0.449123,0.009077,0.000000,0.000000,0.000000,0.000000,-0.688732,0.000000
0.060700,1763938826.380206,1763938734,0.449123,0.009077,0.000000,0.000000,0.000000,0.000000,0.344366,0.344366
0.080718,1763938826.400234,1763938734,0.449123,0.009077,0.000000,0.000000,0.000000,0.000000,-0.688732,0.000000
0.100738,1763938826.420262,1763938734,0.449123,0.009077,0.000000,0.000000,0.000000,0.000000,0.000000,0.000000
0.120704,1763938826.440207,1763938734,0.449123,0.009077,0.000000,0.000000,0.000000,0.000000,0.000000,0.000000
0.140753,1763938826.460282,1763938734,0.449123,0.009077,0.000000,0.000000,0.000000,0.000000,0.344366,0.000000
0.160782,1763938826.480323,1763938734,0.449123,0.009077,0.000000,0.000000,0.000000,0.000000,0.344366,0.000000
0.180802,1763938826.500348,1763938734,0.449123,0.009077,0.000000,0.000000,0.000000,0.000000,0.000000,-0.344366
0.200856,1763938826.520426,1763938734,0.449123,0.009077,0.000000,0.000000,0.000000,0.000000,0.000000,0.000000
0.220778,1763938826.540313,1763938734,0.449123,0.009077,0.000000,0.000000,0.000000,0.000000,0.688732,0.000000
0.240861,1763938826.560421,1763938734,0.449123,0.009077,0.000000,0.000000,0.000000,0.000000,0.000000,0.000000
0.260898,1763938826.580460,1763938734,0.449123,0.009077,0.000000,0.000000,0.000000,0.000000,0.344366,0.000000
0.280883,1763938826.600443,1763938734,0.449123,0.009077,0.000000,0.000000,0.000000,0.000000,0.000000,0.344366
0.300855,1763938826.620395,1763938734,0.449123,0.009077,0.000000,0.000000,0.000000,0.000000,0.000000,0.000000
0.320874,1763938826.640420,1763938734,0.449123,0.009077,0.000000,0.000000,0.000000,0.000000,0.344366,0.000000
0.340895,1763938826.660439,1763938734,0.449123,0.009077,0.000000,0.000000,0.000000,0.000000,0.344366,0.344366
0.360909,1763938826.680462,1763938734,0.449123,0.009077,0.000000,0.000000,0.000000,0.000000,0.000000,-0.688732
0.380931,1763938826.700492,1763938734,0.449123,0.009077,0.000000,0.000000,0.000000,0.000000,0.344366,-0.344366
0.400942,1763938826.720504,1763938734,0.449123,0.009077,0.000000,0.000000,0.000000,0.000000,0.344366,0.344366
0.420863,1763938826.740386,1763938734,0.449123,0.009077,0.000000,0.000000,0.000000,0.000000,-0.344366,0.000000
0.440950,1763938826.760503,1763938734,0.449123,0.009077,0.000000,0.000000,0.000000,0.000000,0.344366,0.344366
0.460960,1763938826.780514,1763938734,0.449123,0.009077,0.000000,0.000000,0.000000,0.000000,0.000000,0.000000
0.481017,1763938826.800601,1763938734,0.449123,0.009077,0.000000,0.000000,0.000000,0.000000,-0.344366,0.344366
0.501033,1763938826.820617,1763938734,0.449123,0.009077,-0.000608,0.000000,0.000000,0.000000,-0.344366,0.000000
0.521056,1763938826.840630,1763938734,0.449127,0.009077,0.000000,0.000000,0.000000,0.000000,0.000000,0.344366
0.541019,1763938826.860574,1763938734,0.449127,0.009077,0.000140,0.000000,0.000000,0.000000,-0.688732,0.000000
0.561030,1763938826.880591,1763938734,0.449127,0.009077,0.000000,0.000000,0.000000,0.000000,0.344366,-0.344366
0.581041,1763938826.900601,1763938734,0.449127,0.009077,0.000000,0.000000,0.000000,0.000000,0.000000,0.000000
0.601051,1763938826.920611,1763938734,0.449123,0.009077,0.000000,0.000000,0.000000,0.000000,0.000000,0.000000
0.621062,1763938826.940623,1763938734,0.449123,0.009077,0.000000,0.000000,0.000000,0.000000,0.000000,-0.344366
0.641070,1763938826.960630,1763938734,0.449123,0.009077,0.000000,0.000000,0.000000,0.000000,0.344366,0.000000
0.661070,1763938826.980623,1763938734,0.449123,0.009077,0.000000,0.000000,0.000000,0.000000,0.344366,0.344366
0.681081,1763938827.000634,1763938734,0.449123,0.009077,0.000000,0.000000,0.000000,0.000000,0.000000,0.000000
0.701103,1763938827.020663,1763938734,0.449123,0.009077,0.000000,0.000000,0.000000,0.000000,0.000000,0.000000
0.721114,1763938827.040673,1763938734,0.449123,0.009077,0.000000,0.000000,0.000000,0.000000,0.000000,0.000000
0.741049,1763938827.060583,1763938734,0.449123,0.009077,0.000000,0.000000,0.000000,0.000000,0.344366,0.344366
0.761174,1763938827.080759,1763938734,0.449123,0.009077,0.000000,0.000000,0.000000,0.000000,0.344366,0.344366
0.781220,1763938827.100807,1763938734,0.449123,0.009077,0.000000,0.000000,0.000000,0.000000,0.000000,0.000000
0.801200,1763938827.120784,1763938734,0.449123,0.009077,0.000000,0.000000,0.000000,0.000000,-0.344366,0.000000
0.821190,1763938827.140760,1763938734,0.449123,0.009077,0.000000,0.000000,0.000000,0.000000,0.000000,0.000000
0.841185,1763938827.160746,1763938734,0.449123,0.009077,0.000000,0.000000,0.000000,0.000000,0.000000,-0.344366
0.861198,1763938827.180758,1763938734,0.449123,0.009077,0.000000,0.000000,0.000000,0.000000,0.000000,0.000000
0.881195,1763938827.200748,1763938734,0.449123,0.009077,0.000000,0.000000,0.000000,0.000000,0.688732,0.344366
0.901218,1763938827.220778,1763938734,0.449123,0.009077,0.000000,0.000000,0.000000,0.000000,0.000000,0.000000
0.921230,1763938827.240790,1763938734,0.449123,0.009077,0.000000,0.000000,0.000000,0.000000,0.344366,0.344366
0.941240,1763938827.260800,1763938734,0.449123,0.009077,0.000000,0.000000,0.000000,0.000000,0.000000,0.344366
0.961329,1763938827.280914,1763938734,0.449123,0.009077,0.000000,0.000000,0.000000,0.000000,-0.344366,0.344366
0.981321,1763938827.300891,1763938734,0.449123,0.009077,0.000000,0.000000,0.000000,0.000000,0.688732,0.000000
1.001316,1763938827.320878,1763938734,0.449123,0.009077,0.000000,0.000000,0.000000,0.000000,0.344366,0.000000
1.021312,1763938827.340866,1763938734,0.449123,0.009077,0.000000,0.000000,0.000000,0.000000,0.344366,0.000000
1.041411,1763938827.360998,1763938734,0.449123,0.009077,0.000000,0.000000,0.000000,0.000000,0.344366,0.000000
1.061256,1763938827.380774,1763938734,0.449123,0.009077,0.000000,0.000000,0.000000,0.000000,0.344366,0.344366
1.081277,1763938827.400803,1763938734,0.449123,0.009077,0.000000,0.000000,0.000000,0.000000,0.000000,0.000000
1.101252,1763938827.420768,1763938734,0.449123,0.009077,0.000000,0.000000,0.000000,0.000000,0.344366,0.344366
1.121307,1763938827.440842,1763938734,0.449123,0.009077,0.000000,0.000000,0.000000,0.000000,0.000000,0.000000
1.141334,1763938827.460880,1763938734,0.449123,0.009077,0.000000,0.000000,0.000000,0.000000,0.000000,0.688732
1.161358,1763938827.480910,1763938734,0.449123,0.009077,0.000000,0.000000,0.000000,0.000000,0.000000,0.000000
1.181367,1763938827.500920,1763938734,0.449123,0.009077,0.000000,0.000000,0.000000,0.000000,0.000000,0.000000
1.201376,1763938827.520931,1763938734,0.449123,0.009077,0.000000,0.000000,0.000000,0.000000,-0.344366,0.688732
1.221387,1763938827.540940,1763938734,0.449123,0.009077,0.000000,0.000000,0.000000,0.000000,0.000000,-0.344366
1.241380,1763938827.560925,1763938734,0.449123,0.009077,0.000000,0.000000,0.000000,0.000000,0.000000,-0.344366
1.261388,1763938827.580934,1763938734,0.449123,0.009077,0.000000,0.000000,0.000000,0.000000,0.344366,0.000000
1.281412,1763938827.600964,1763938734,0.449123,0.009077,0.000000,0.000000,0.000000,0.000000,0.344366,0.344366
1.301422,1763938827.620975,1763938734,0.449123,0.009077,0.000000,0.000000,0.000000,0.000000,0.000000,0.000000
1.321433,1763938827.640986,1763938734,0.449123,0.009077,0.000000,0.000000,0.000000,0.000000,0.000000,0.000000
1.341427,1763938827.660972,1763938734,0.449123,0.009077,0.000000,0.000000,0.000000,0.000000,0.000000,0.000000
1.361550,1763938827.681157,1763938734,0.449123,0.009077,0.000000,0.000000,0.000000,0.000000,0.000000,0.000000
1.381373,1763938827.700883,1763938734,0.449123,0.009077,0.000000,0.000000,0.000000,0.000000,0.344366,0.000000
1.401390,1763938827.720907,1763938734,0.449123,0.009077,0.000000,0.000000,0.000000,0.000000,1.033098,0.344366
1.421475,1763938827.741062,1763938734,0.449123,0.009077,0.000000,0.000000,0.000000,0.000000,0.344366,0.000000
1.441487,1763938827.761077,1763938734,0.449123,0.009077,0.000000,0.000000,0.000000,0.000000,0.000000,-0.344366
1.461414,1763938827.780941,1763938734,0.449123,0.009077,0.000000,0.000000,0.000000,0.000000,0.344366,0.000000
1.481496,1763938827.801079,1763938734,0.449123,0.009077,0.000000,0.000000,0.000000,0.000000,0.000000,0.000000
1.501493,1763938827.821067,1763938734,0.449123,0.009077,0.000000,0.000000,0.000000,0.000000,0.000000,0.000000
1.521544,1763938827.841100,1763938734,0.449123,0.009077,0.000000,0.000000,0.000000,0.000000,0.344366,0.000000
1.541551,1763938827.861106,1763938734,0.449123,0.009077,0.000000,0.000000,0.000000,0.000000,0.000000,0.344366
1.561563,1763938827.881117,1763938734,0.449123,0.009077,0.000000,0.000000,0.000000,0.000000,0.344366,-0.344366
1.581468,1763938827.900993,1763938734,0.449123,0.009077,0.000000,0.000000,0.000000,0.000000,0.000000,0.000000
1.601578,1763938827.921132,1763938734,0.449123,0.009077,0.000000,0.000000,0.000000,0.000000,-0.344366,0.000000
1.621590,1763938827.941144,1763938734,0.449123,0.009077,0.000000,0.000000,0.000000,0.000000,0.000000,0.000000
1.641598,1763938827.961153,1763938734,0.449123,0.009077,0.000000,0.000000,0.000000,0.000000,0.344366,0.000000
1.661606,1763938827.981159,1763938734,0.449123,0.009077,0.000000,0.000000,0.000000,0.000000,0.344366,0.344366
1.681621,1763938828.001174,1763938734,0.449123,0.009077,0.000000,0.000000,0.000000,0.000000,0.344366,0.000000
1.701625,1763938828.021178,1763938734,0.449123,0.009077,0.000000,0.000000,0.000000,0.000000,0.000000,0.000000
1.721627,1763938828.041181,1763938734,0.449123,0.009077,0.000000,0.000000,0.000000,0.000000,0.000000,0.000000
1.741576,1763938828.061104,1763938734,0.449123,0.009077,0.000000,0.000000,0.000000,0.000000,-0.344366,0.000000
1.761686,1763938828.081258,1763938734,0.449123,0.009077,0.000000,0.000000,0.000000,0.000000,0.344366,0.000000
1.781619,1763938828.101166,1763938734,0.449123,0.009077,0.000000,0.000000,0.000000,0.000000,0.000000,0.000000
1.801735,1763938828.121320,1763938734,0.449123,0.009077,0.000000,0.000000,0.000000,0.000000,-0.344366,-1.721829
1.821672,1763938828.141226,1763938734,0.449123,0.009077,0.000000,0.000000,0.000000,0.000000,0.000000,0.000000
1.841760,1763938828.161345,1763938734,0.449123,0.009077,0.000000,0.000000,0.000000,0.000000,0.000000,0.000000
1.861750,1763938828.181320,1763938734,0.449123,0.009077,0.000000,0.000000,0.000000,0.000000,0.000000,0.344366
1.881763,1763938828.201333,1763938734,0.449123,0.009077,0.000000,0.000000,0.000000,0.000000,0.344366,-0.344366
1.901775,1763938828.221345,1763938734,0.449123,0.009077,0.000000,0.000000,0.000000,0.000000,0.000000,0.000000
1.921810,1763938828.241394,1763938734,0.449123,0.009077,0.000000,0.000000,0.000000,0.000000,0.344366,-0.688732
1.941801,1763938828.261371,1763938734,0.449123,0.009077,0.000000,0.000000,0.000000,0.000000,-0.344366,0.000000
1.961796,1763938828.281356,1763938734,0.449123,0.009077,0.000000,0.000000,0.000000,0.000000,0.000000,0.000000
1.981809,1763938828.301370,1763938734,0.449123,0.009077,0.000000,0.000000,0.000000,0.000000,0.000000,0.344366
2.001818,1763938828.321379,1763938734,0.449123,0.009077,0.000000,0.000000,0.000000,0.000000,0.000000,0.688732
2.021829,1763938828.341390,1763938734,0.449123,0.009077,0.000000,0.000000,0.000000,0.000000,0.000000,0.000000
2.041792,1763938828.361353,1763938734,0.449123,0.009077,0.000000,0.000000,0.000000,0.000000,0.688732,0.000000
2.061768,1763938828.381288,1763938734,0.449123,0.009077,0.000000,0.000000,0.000000,0.000000,0.000000,0.000000
2.081841,1763938828.401377,1763938734,0.449123,0.009077,0.000000,0.000000,0.000000,0.000000,0.000000,0.344366
2.101937,1763938828.421521,1763938734,0.449123,0.009077,0.000000,0.000000,0.000000,0.000000,0.688732,0.000000
2.121906,1763938828.441467,1763938734,0.449123,0.009077,0.000000,0.000000,0.000000,0.000000,0.344366,0.000000
2.141994,1763938828.461579,1763938734,0.449123,0.009077,0.000000,0.000000,0.000000,0.000000,0.344366,0.000000
2.162006,1763938828.481591,1763938734,0.449123,0.009077,0.000000,0.000000,0.000000,0.000000,0.000000,0.000000
2.181998,1763938828.501568,1763938734,0.449123,0.009077,0.000000,0.000000,0.000000,0.000000,0.000000,0.000000
2.202010,1763938828.521580,1763938734,0.449123,0.009077,0.000000,0.000000,0.000000,0.000000,0.688732,0.000000
2.222006,1763938828.541566,1763938734,0.449123,0.009077,0.000000,0.000000,0.000000,0.000000,-0.344366,0.000000
2.242016,1763938828.561577,1763938734,0.449123,0.009077,0.000000,0.000000,0.000000,0.000000,0.000000,0.344366
2.262027,1763938828.581587,1763938734,0.449123,0.009077,0.000000,0.000000,0.000000,0.000000,0.000000,0.000000
2.282037,1763938828.601597,1763938734,0.449123,0.009077,0.000000,0.000000,0.000000,0.000000,0.344366,0.344366
2.302020,1763938828.621565,1763938734,0.449123,0.009077,0.000000,0.000000,0.000000,0.000000,0.000000,0.344366
2.322046,1763938828.641599,1763938734,0.449123,0.009077,0.000000,0.000000,0.000000,0.000000,-0.344366,0.000000
2.342069,1763938828.661629,1763938734,0.449123,0.009077,0.000000,0.000000,0.000000,0.000000,0.344366,0.000000
2.362066,1763938828.681619,1763938734,0.449123,0.009077,0.000000,0.000000,0.000000,0.000000,0.344366,0.344366
2.382059,1763938828.701578,1763938734,0.449123,0.009077,0.000000,0.000000,0.000000,0.000000,0.000000,0.000000
2.402150,1763938828.721714,1763938734,0.449123,0.009077,0.000000,0.000000,0.000000,0.000000,0.000000,0.000000
2.422163,1763938828.741732,1763938734,0.449123,0.009077,0.000000,0.000000,0.000000,0.000000,0.000000,0.000000
2.442181,1763938828.761750,1763938734,0.449123,0.009077,0.000000,0.000000,0.000000,0.000000,0.000000,0.000000
2.462187,1763938828.781759,1763938734,0.449123,0.009077,0.000000,0.000000,0.000000,0.000000,0.000000,0.688732
2.482188,1763938828.801758,1763938734,0.449123,0.009077,0.000000,0.000000,0.000000,0.000000,0.000000,0.000000
2.502139,1763938828.821683,1763938734,0.449123,0.009077,0.000000,0.000000,0.000000,0.000000,0.000000,0.000000
2.522218,1763938828.841789,1763938734,0.449123,0.009077,0.000000,0.000000,0.000000,0.000000,0.000000,0.688732
2.542247,1763938828.861818,1763938734,0.449123,0.009077,0.000000,0.000000,0.000000,0.000000,0.344366,-1.033098
2.562203,1763938828.881753,1763938734,0.449123,0.009077,0.000000,0.000000,0.000000,0.000000,-0.344366,0.688732
2.582190,1763938828.901738,1763938734,0.449123,0.009077,0.000000,0.000000,0.000000,0.000000,1.033098,0.000000
2.602277,1763938828.921849,1763938734,0.449123,0.009077,0.000000,0.000000,0.000000,0.000000,-0.344366,0.000000
2.622289,1763938828.941859,1763938734,0.449123,0.009077,0.000000,0.000000,0.000000,0.000000,0.000000,0.000000
2.642285,1763938828.961845,1763938734,0.449123,0.009077,0.000000,0.000000,0.000000,0.000000,0.000000,0.344366
2.662296,1763938828.981855,1763938734,0.449123,0.009077,0.000000,0.000000,0.000000,0.000000,-0.688732,0.000000
2.682307,1763938829.001866,1763938734,0.449123,0.009077,0.000000,0.000000,0.000000,0.000000,0.344366,0.000000
2.702229,1763938829.021754,1763938734,0.449123,0.009077,0.000000,0.000000,0.000000,0.000000,-0.344366,0.000000
2.722346,1763938829.041917,1763938734,0.449123,0.009077,0.000000,0.000000,0.000000,0.000000,-0.344366,0.000000
2.742341,1763938829.061903,1763938734,0.449123,0.009077,0.000000,0.000000,0.000000,0.000000,0.344366,0.000000
2.762387,1763938829.081970,1763938734,0.449123,0.009077,0.000000,0.000000,0.000000,0.000000,0.000000,0.000000
2.782401,1763938829.101987,1763938734,0.449123,0.009077,0.000000,0.000000,0.000000,0.000000,0.688732,-0.344366
2.802391,1763938829.121962,1763938734,0.449123,0.009077,0.000000,0.000000,0.000000,0.000000,0.344366,0.344366
2.822387,1763938829.141947,1763938734,0.449123,0.009077,0.000000,0.000000,0.000000,0.000000,0.000000,0.344366
2.842397,1763938829.161957,1763938734,0.449123,0.009077,0.000000,0.000000,0.000000,0.000000,0.000000,-0.344366
2.862407,1763938829.181968,1763938734,0.449123,0.009077,0.000000,0.000000,0.000000,0.000000,0.344366,-0.344366
2.882406,1763938829.201959,1763938734,0.449123,0.009077,0.000000,0.000000,0.000000,0.000000,0.344366,0.000000
2.902415,1763938829.221969,1763938734,0.449123,0.009077,0.000000,0.000000,0.000000,0.000000,0.344366,0.000000
2.922409,1763938829.241955,1763938734,0.449123,0.009077,0.000000,0.000000,0.000000,0.000000,-0.344366,-0.688732
2.942433,1763938829.261986,1763938734,0.449123,0.009077,0.000000,0.000000,0.000000,0.000000,0.000000,0.000000
2.962442,1763938829.281995,1763938734,0.449123,0.009077,0.000000,0.000000,0.000000,0.000000,0.000000,0.000000
2.982436,1763938829.301981,1763938734,0.449123,0.009077,0.000000,0.000000,0.000000,0.000000,0.000000,0.000000
3.002546,1763938829.322157,1763938734,0.449123,0.009077,0.000000,0.000000,0.000000,0.000000,0.000000,0.000000
3.022550,1763938829.342137,1763938734,0.449123,0.009077,0.000000,0.000000,0.000000,0.000000,-0.344366,0.000000
3.042642,1763938829.362267,1763938734,0.449123,0.009077,0.000000,0.000000,0.000000,0.000000,0.000000,0.000000
3.062433,1763938829.381943,1763938734,0.449123,0.009077,0.000000,0.000000,0.000000,0.000000,0.344366,0.000000
3.082467,1763938829.401993,1763938734,0.449123,0.009077,0.000000,0.000000,0.000000,0.000000,0.000000,-0.344366
3.102492,1763938829.422040,1763938734,0.449123,0.009077,0.000000,0.000000,0.000000,0.000000,0.344366,0.000000
3.122542,1763938829.442091,1763938734,0.449123,0.009077,0.000000,0.000000,0.000000,0.000000,0.344366,0.000000
3.142551,1763938829.462099,1763938734,0.449123,0.009077,0.000000,0.000000,0.000000,0.000000,0.344366,0.344366
3.162627,1763938829.482213,1763938734,0.449123,0.009077,0.000000,0.000000,0.000000,0.000000,0.000000,0.000000
3.182598,1763938829.502159,1763938734,0.449123,0.009077,0.000000,0.000000,0.000000,0.000000,0.344366,0.344366
3.202656,1763938829.522240,1763938734,0.449123,0.009077,0.000000,0.000000,0.000000,0.000000,0.000000,-0.344366
3.222528,1763938829.542058,1763938734,0.449123,0.009077,0.000000,0.000000,0.000000,0.000000,-0.344366,0.000000
3.243726,1763938829.563287,1763938734,0.449123,0.009077,0.000000,0.000000,0.000000,0.000000,0.000000,0.000000
3.263708,1763938829.583254,1763938734,0.449123,0.009077,0.000000,0.000000,0.000000,0.000000,0.000000,0.000000
3.283732,1763938829.603285,1763938734,0.449123,0.009077,0.000000,0.000000,0.000000,0.000000,-0.344366,0.344366
3.303754,1763938829.623315,1763938734,0.449123,0.009077,0.000000,0.000000,0.000000,0.000000,0.000000,-0.344366
3.323765,1763938829.643325,1763938734,0.449123,0.009077,0.000000,0.000000,0.000000,0.000000,0.000000,0.000000
3.343747,1763938829.663293,1763938734,0.449123,0.009077,0.000000,0.000000,0.000000,0.000000,0.000000,0.000000
3.363773,1763938829.683326,1763938734,0.449123,0.009077,0.000000,0.000000,0.000000,0.000000,0.000000,0.344366
3.384228,1763938829.703740,1763938734,0.449123,0.009077,0.000000,0.000000,0.000000,0.000000,0.344366,0.000000
3.404254,1763938829.723778,1763938734,0.449123,0.009077,0.000000,0.000000,0.000000,0.000000,0.344366,0.688732
3.424282,1763938829.743817,1763938734,0.449123,0.009077,0.000000,0.000000,0.000000,0.000000,-0.344366,0.000000
3.444309,1763938829.763854,1763938734,0.449123,0.009077,0.000000,0.000000,0.000000,0.000000,0.688732,0.344366
3.464331,1763938829.783884,1763938734,0.449123,0.009077,0.000000,0.000000,0.000000,0.000000,0.688732,0.344366
3.484348,1763938829.803902,1763938734,0.449123,0.009077,0.000000,0.000000,0.000000,0.000000,0.344366,-0.688732
3.504353,1763938829.823906,1763938734,0.449123,0.009077,0.000000,0.000000,0.000000,0.000000,0.000000,0.000000
3.524364,1763938829.843916,1763938734,0.449123,0.009077,0.000000,0.000000,0.000000,0.000000,0.000000,0.000000
3.544359,1763938829.863904,1763938734,0.449123,0.009077,0.000000,0.000000,0.000000,0.000000,-0.344366,0.000000
3.564383,1763938829.883935,1763938734,0.449123,0.009077,0.000000,0.000000,0.000000,0.000000,-0.344366,0.344366
3.584393,1763938829.903946,1763938734,0.449123,0.009077,0.000000,0.000000,0.000000,0.000000,0.000000,-0.344366
3.604403,1763938829.923956,1763938734,0.449123,0.009077,0.000000,0.000000,0.000000,0.000000,0.344366,0.000000
3.624413,1763938829.943966,1763938734,0.449123,0.009077,0.000000,0.000000,0.000000,0.000000,0.000000,-0.344366
3.644422,1763938829.963975,1763938734,0.449123,0.009077,0.000000,0.000000,0.000000,0.000000,-0.344366,0.344366
3.664432,1763938829.983986,1763938734,0.449123,0.009077,0.000000,0.000000,0.000000,0.000000,0.000000,0.344366
3.684441,1763938830.003994,1763938734,0.449123,0.009077,0.000000,0.000000,0.000000,0.000000,0.344366,0.000000
3.704480,1763938830.024075,1763938734,0.449123,0.009077,0.000000,0.000000,0.000000,0.000000,0.344366,0.000000
3.724554,1763938830.044142,1763938734,0.449123,0.009077,0.000000,0.000000,0.000000,0.000000,-0.344366,0.000000
3.744540,1763938830.064127,1763938734,0.449123,0.009077,0.000000,0.000000,0.000000,0.000000,0.344366,0.000000
3.764551,1763938830.084124,1763938734,0.449123,0.009077,0.000000,0.000000,0.000000,0.000000,-0.344366,0.344366
3.784509,1763938830.104088,1763938734,0.449123,0.009077,0.000000,0.000000,0.000000,0.000000,0.000000,0.000000
3.804508,1763938830.124094,1763938734,0.449123,0.009077,0.000000,0.000000,0.000000,0.000000,0.344366,0.000000
3.824540,1763938830.144096,1763938734,0.449123,0.009077,0.000000,0.000000,0.000000,0.000000,0.000000,0.000000
3.844555,1763938830.164110,1763938734,0.449123,0.009077,0.000000,0.000000,0.000000,0.000000,0.000000,0.000000
3.864566,1763938830.184120,1763938734,0.449123,0.009077,0.000000,0.000000,0.000000,0.000000,-0.344366,0.000000
3.884573,1763938830.204126,1763938734,0.449123,0.009077,0.000000,0.000000,0.000000,0.000000,0.344366,0.000000
3.904587,1763938830.224140,1763938734,0.449123,0.009077,0.000000,0.000000,0.000000,0.000000,0.000000,0.000000
3.924592,1763938830.244146,1763938734,0.449123,0.009077,0.000000,0.000000,0.000000,0.000000,0.000000,0.000000
3.944602,1763938830.264156,1763938734,0.449123,0.009077,0.000000,0.000000,0.000000,0.000000,0.000000,0.000000
3.964611,1763938830.284164,1763938734,0.449123,0.009077,0.000000,0.000000,0.000000,0.000000,0.000000,0.000000
3.984616,1763938830.304169,1763938734,0.449123,0.009077,0.000000,0.000000,0.000000,0.000000,0.000000,0.000000
4.004633,1763938830.324187,1763938734,0.449123,0.009077,0.000000,0.000000,0.000000,0.000000,0.000000,-0.344366
4.024578,1763938830.344111,1763938734,0.449123,0.009077,0.000000,0.000000,0.000000,0.000000,0.344366,0.344366
4.044514,1763938830.364016,1763938734,0.449123,0.009077,0.000000,0.000000,0.000000,0.000000,0.344366,-0.344366
4.064540,1763938830.384049,1763938734,0.449123,0.009077,0.000000,0.000000,0.000000,0.000000,0.000000,0.000000
4.084562,1763938830.404078,1763938734,0.449123,0.009077,0.000000,0.000000,0.000000,0.000000,0.000000,0.000000
4.104647,1763938830.424200,1763938734,0.449123,0.009077,0.000000,0.000000,0.000000,0.000000,0.344366,0.000000
4.124657,1763938830.444210,1763938734,0.449123,0.009077,0.000000,0.000000,0.000000,0.000000,0.000000,0.000000
4.144666,1763938830.464220,1763938734,0.449123,0.009077,0.000000,0.000000,0.000000,0.000000,0.000000,0.344366
4.164677,1763938830.484230,1763938734,0.449123,0.009077,0.000000,0.000000,0.000000,0.000000,0.344366,0.000000
4.184686,1763938830.504239,1763938734,0.449123,0.009077,0.000000,0.000000,0.000000,0.000000,0.000000,0.344366
4.204709,1763938830.524270,1763938734,0.449123,0.009077,0.000000,0.000000,0.000000,0.000000,0.344366,0.344366
4.224719,1763938830.544279,1763938734,0.449123,0.009077,0.000000,0.000000,0.000000,0.000000,0.344366,0.344366
4.244730,1763938830.564291,1763938734,0.449123,0.009077,0.000000,0.000000,0.000000,0.000000,0.000000,0.344366
4.264740,1763938830.584301,1763938734,0.449123,0.009077,0.000000,0.000000,0.000000,0.000000,0.000000,0.000000
4.284750,1763938830.604311,1763938734,0.449123,0.009077,0.000000,0.000000,0.000000,0.000000,0.000000,0.000000
4.304759,1763938830.624321,1763938734,0.449123,0.009077,0.000000,0.000000,0.000000,0.000000,0.000000,0.344366
4.324770,1763938830.644331,1763938734,0.449123,0.009077,0.000000,0.000000,0.000000,0.000000,0.000000,0.344366
4.344781,1763938830.664341,1763938734,0.449123,0.009077,0.000000,0.000000,0.000000,0.000000,0.000000,0.344366
4.364754,1763938830.684293,1763938734,0.449123,0.009077,0.000000,0.000000,0.000000,0.000000,0.000000,0.000000
4.384709,1763938830.704223,1763938734,0.449123,0.009077,0.000000,0.000000,0.000000,0.000000,0.000000,0.000000
4.404741,1763938830.724270,1763938734,0.449123,0.009077,0.000000,0.000000,0.000000,0.000000,0.000000,0.344366
4.424769,1763938830.744309,1763938734,0.449123,0.009077,0.000000,0.000000,0.000000,0.000000,0.000000,0.344366
4.444792,1763938830.764343,1763938734,0.449123,0.009077,0.000000,0.000000,0.000000,0.000000,0.344366,0.344366
4.464813,1763938830.784365,1763938734,0.449123,0.009077,0.000000,0.000000,0.000000,0.000000,0.000000,0.344366
4.484835,1763938830.804396,1763938734,0.449123,0.009077,0.000000,0.000000,0.000000,0.000000,0.000000,0.000000
4.504825,1763938830.824376,1763938734,0.449123,0.009077,0.000000,0.000000,0.000000,0.000000,0.688732,0.344366
4.524843,1763938830.844397,1763938734,0.449123,0.009077,0.000000,0.000000,0.000000,0.000000,0.000000,0.344366
4.544852,1763938830.864405,1763938734,0.449123,0.009077,0.000000,0.000000,0.000000,0.000000,0.000000,0.344366
4.564875,1763938830.884435,1763938734,0.449123,0.009077,0.000000,0.000000,0.000000,0.000000,0.344366,0.000000
4.584885,1763938830.904446,1763938734,0.449123,0.009077,0.000000,0.000000,0.000000,0.000000,0.000000,0.000000
4.604896,1763938830.924458,1763938734,0.449123,0.009077,0.000000,0.000000,0.000000,0.000000,-0.344366,0.000000
4.624896,1763938830.944449,1763938734,0.449123,0.009077,0.000000,0.000000,0.000000,0.000000,0.000000,0.344366
4.644906,1763938830.964459,1763938734,0.449123,0.009077,0.000000,0.000000,0.000000,0.000000,-0.344366,0.344366
4.664927,1763938830.984488,1763938734,0.449123,0.009077,0.000000,0.000000,0.000000,0.000000,0.000000,0.344366
4.684939,1763938831.004499,1763938734,0.449123,0.009077,0.000000,0.000000,0.000000,0.000000,0.000000,0.000000
4.704948,1763938831.024509,1763938734,0.449123,0.009077,0.000000,0.000000,0.000000,0.000000,-0.688732,0.000000
4.724959,1763938831.044519,1763938734,0.449123,0.009077,0.000000,0.000000,0.000000,0.000000,-0.344366,0.000000
4.744958,1763938831.064511,1763938734,0.449123,0.009077,0.000000,0.000000,0.000000,0.000000,0.000000,0.000000
4.764967,1763938831.084521,1763938734,0.449123,0.009077,-0.000264,0.000000,0.000000,0.000000,0.000000,0.000000
4.784978,1763938831.104530,1763938734,0.449123,0.009077,0.000000,0.000000,0.000000,0.000000,0.344366,0.344366
4.804999,1763938831.124559,1763938734,0.449123,0.009077,0.000000,0.000000,0.000000,0.000000,-0.344366,0.000000
4.825009,1763938831.144569,1763938734,0.449123,0.009077,0.000000,0.000000,0.000000,0.000000,0.000000,0.000000
4.845020,1763938831.164581,1763938734,0.449123,0.009077,0.000000,0.000000,0.000000,0.000000,0.000000,0.000000
4.865031,1763938831.184588,1763938734,0.449123,0.009077,0.000000,0.000000,0.000000,0.000000,0.344366,0.000000
4.885042,1763938831.204602,1763938734,0.449123,0.009077,0.000000,0.000000,0.000000,0.000000,-0.344366,0.688732
4.905052,1763938831.224613,1763938734,0.449123,0.009077,0.000000,0.000000,0.000000,0.000000,0.000000,0.000000
4.925062,1763938831.244623,1763938734,0.449123,0.009077,0.000000,0.000000,0.000000,0.000000,0.000000,0.344366
4.945073,1763938831.264633,1763938734,0.449123,0.009077,0.000000,0.000000,0.000000,0.000000,0.000000,0.000000
4.965084,1763938831.284644,1763938734,0.449123,0.009077,0.000000,0.000000,0.000000,0.000000,0.344366,0.000000
4.985083,1763938831.304636,1763938734,0.449123,0.009077,0.000000,0.000000,0.000000,0.000000,0.344366,0.000000
5.005123,1763938831.324693,1763938734,0.449123,0.009077,0.000000,0.000000,0.000000,0.000000,0.344366,0.000000
5.025036,1763938831.344547,1763938734,0.449123,0.009077,0.000000,0.000000,0.000000,0.000000,-0.344366,0.000000
5.045029,1763938831.364534,1763938734,0.449123,0.009077,0.000000,0.000000,0.000000,0.000000,0.344366,0.000000
5.065028,1763938831.384533,1763938734,0.449123,0.009077,0.000000,0.000000,0.000000,0.000000,0.000000,0.000000
5.085043,1763938831.404555,1763938734,0.449123,0.009077,0.000000,0.000000,0.000000,0.000000,0.000000,0.344366
5.105112,1763938831.424658,1763938734,0.449123,0.009077,0.000000,0.000000,0.000000,0.000000,0.000000,0.344366
5.125137,1763938831.444692,1763938734,0.449123,0.009077,0.000000,0.000000,0.000000,0.000000,0.000000,0.000000
5.145147,1763938831.464701,1763938734,0.449123,0.009077,0.000000,0.000000,0.000000,0.000000,0.000000,0.344366
5.165158,1763938831.484711,1763938734,0.449123,0.009077,0.000000,0.000000,0.000000,0.000000,0.344366,0.000000
5.185168,1763938831.504723,1763938734,0.449123,0.009077,0.000000,0.000000,0.000000,0.000000,0.000000,0.344366
5.205191,1763938831.524752,1763938734,0.449123,0.009077,0.000000,0.000000,0.000000,0.000000,0.000000,0.344366
5.225189,1763938831.544742,1763938734,0.449123,0.009077,0.000000,0.000000,0.000000,0.000000,-0.344366,0.000000
5.245251,1763938831.564835,1763938734,0.449123,0.009077,0.000000,0.000000,0.000000,0.000000,0.344366,0.000000
5.265243,1763938831.584813,1763938734,0.449123,0.009077,0.000000,0.000000,0.000000,0.000000,0.000000,0.000000
5.285254,1763938831.604817,1763938734,0.449123,0.009077,0.000000,0.000000,0.000000,0.000000,0.344366,0.000000
5.305250,1763938831.624810,1763938734,0.449123,0.009077,0.000000,0.000000,0.000000,0.000000,0.000000,-0.344366
5.325302,1763938831.644887,1763938734,0.449123,0.009077,0.000000,0.000000,0.000000,0.000000,-0.688732,0.000000
5.345316,1763938831.664901,1763938734,0.449123,0.009077,0.000000,0.000000,0.000000,0.000000,0.344366,0.688732
5.365292,1763938831.684846,1763938734,0.449123,0.009077,0.000000,0.000000,0.000000,0.000000,0.000000,-1.033098
5.385200,1763938831.704709,1763938734,0.449123,0.009077,0.000000,0.000000,0.000000,0.000000,0.000000,0.000000
5.405221,1763938831.724740,1763938734,0.449123,0.009077,0.000000,0.000000,0.000000,0.000000,0.000000,0.344366
5.425292,1763938831.744845,1763938734,0.449123,0.009077,0.000000,0.000000,0.000000,0.000000,0.000000,0.000000
5.445355,1763938831.764940,1763938734,0.449123,0.009077,0.000000,0.000000,0.000000,0.000000,-0.344366,0.000000
5.465331,1763938831.784892,1763938734,0.449123,0.009077,0.000000,0.000000,0.000000,0.000000,-0.344366,0.000000
5.485329,1763938831.804883,1763938734,0.449123,0.009077,0.000000,0.000000,0.000000,0.000000,0.000000,0.000000
5.505340,1763938831.824894,1763938734,0.449123,0.009077,0.000000,0.000000,0.000000,0.000000,0.000000,0.000000
5.525350,1763938831.844904,1763938734,0.449123,0.009077,0.000000,0.000000,0.000000,0.000000,0.344366,0.000000
5.545359,1763938831.864913,1763938734,0.449123,0.009077,0.000000,0.000000,0.000000,0.000000,0.000000,0.344366
5.565342,1763938831.884882,1763938734,0.449123,0.009077,0.000000,0.000000,0.000000,0.000000,-0.344366,0.000000
5.585377,1763938831.904931,1763938734,0.449123,0.009077,0.000000,0.000000,0.000000,0.000000,-0.344366,0.000000
5.605387,1763938831.924941,1763938734,0.449123,0.009077,0.000000,0.000000,0.000000,0.000000,-0.344366,0.000000
5.625398,1763938831.944967,1763938734,0.449123,0.009077,0.000000,0.000000,0.000000,0.000000,-0.344366,0.000000
5.645407,1763938831.964962,1763938734,0.449123,0.009077,0.000000,0.000000,0.000000,0.000000,0.000000,0.688732
5.665418,1763938831.984972,1763938734,0.449123,0.009077,0.000000,0.000000,0.000000,0.000000,0.000000,0.000000
5.685413,1763938832.004959,1763938734,0.449127,0.009077,0.000806,0.000000,0.000000,0.000000,0.344366,0.688732
5.705436,1763938832.024989,1763938734,0.449123,0.009077,0.000000,0.000000,0.000000,0.000000,0.344366,0.000000
5.725447,1763938832.045001,1763938734,0.449123,0.009077,0.000000,0.000000,0.000000,0.000000,0.000000,0.344366
5.745458,1763938832.065038,1763938734,0.449123,0.009077,0.000000,0.000000,0.000000,0.000000,0.000000,0.000000
5.765468,1763938832.085049,1763938734,0.449123,0.009077,0.000000,0.000000,0.000000,0.000000,0.344366,0.344366
5.785479,1763938832.105060,1763938734,0.449123,0.009077,0.000000,0.000000,0.000000,0.000000,0.344366,0.688732
5.805471,1763938832.125042,1763938734,0.449123,0.009077,0.000000,0.000000,0.000000,0.000000,0.000000,0.000000
5.825496,1763938832.145078,1763938734,0.449123,0.009077,0.000000,0.000000,0.000000,0.000000,0.344366,0.000000
5.845506,1763938832.165087,1763938734,0.449123,0.009077,0.000000,0.000000,0.000000,0.000000,0.000000,0.344366
5.865604,1763938832.185190,1763938734,0.449123,0.009077,0.000000,0.000000,0.000000,0.000000,0.000000,0.000000
5.885616,1763938832.205202,1763938734,0.449123,0.009077,0.000000,0.000000,0.000000,0.000000,0.344366,0.688732
5.905572,1763938832.225133,1763938734,0.449123,0.009077,0.000000,0.000000,0.000000,0.000000,0.000000,0.344366
5.925577,1763938832.245132,1763938734,0.449123,0.009077,0.000000,0.000000,0.000000,0.000000,0.000000,0.344366
5.945586,1763938832.265140,1763938734,0.449123,0.009077,0.000000,0.000000,0.000000,0.000000,0.000000,0.688732
5.965594,1763938832.285148,1763938734,0.449123,0.009077,0.000000,0.000000,0.000000,0.000000,0.000000,0.000000
5.985598,1763938832.305152,1763938734,0.449123,0.009077,0.000000,0.000000,0.000000,0.000000,0.000000,0.000000
6.005603,1763938832.325155,1763938734,0.449123,0.009077,0.000000,0.000000,0.000000,0.000000,0.344366,0.344366
6.025622,1763938832.345175,1763938734,0.449123,0.009077,0.000000,0.000000,0.000000,0.000000,0.000000,-0.344366
6.045571,1763938832.365116,1763938734,0.449123,0.009077,-0.000006,0.000000,0.000000,0.000000,-0.344366,0.000000
6.065677,1763938832.385187,1763938734,0.449123,0.009077,0.000000,0.000000,0.000000,0.000000,0.344366,0.000000
6.085698,1763938832.405219,1763938734,0.449123,0.009077,0.000000,0.000000,0.000000,0.000000,0.000000,0.000000
6.105725,1763938832.425257,1763938734,0.449123,0.009077,0.000000,0.000000,0.000000,0.000000,0.688732,0.000000
6.125758,1763938832.445304,1763938734,0.449123,0.009077,0.000000,0.000000,0.000000,0.000000,0.000000,0.000000
6.145782,1763938832.465335,1763938734,0.449123,0.009077,0.000000,0.000000,0.000000,0.000000,0.344366,0.344366
6.165792,1763938832.485345,1763938734,0.449123,0.009077,0.000000,0.000000,0.000000,0.000000,0.000000,-0.344366
6.185814,1763938832.505375,1763938734,0.449123,0.009077,0.000000,0.000000,0.000000,0.000000,-0.344366,0.000000
6.205824,1763938832.525385,1763938734,0.449123,0.009077,0.000000,0.000000,0.000000,0.000000,0.000000,0.344366
6.225835,1763938832.545395,1763938734,0.449123,0.009077,0.000000,0.000000,0.000000,0.000000,0.000000,0.000000
6.245846,1763938832.565407,1763938734,0.449123,0.009077,0.000000,0.000000,0.000000,0.000000,0.688732,0.000000
6.265857,1763938832.585418,1763938734,0.449123,0.009077,0.000000,0.000000,0.000000,0.000000,0.000000,0.688732
6.285868,1763938832.605429,1763938734,0.449123,0.009077,0.000000,0.000000,0.000000,0.000000,0.344366,0.344366
6.305896,1763938832.625466,1763938734,0.449123,0.009077,0.000000,0.000000,0.000000,0.000000,0.344366,-0.344366
6.325907,1763938832.645478,1763938734,0.449123,0.009077,0.000000,0.000000,0.000000,0.000000,0.000000,0.000000
6.345903,1763938832.665463,1763938734,0.449123,0.009077,0.000000,0.000000,0.000000,0.000000,0.000000,0.344366
6.365925,1763938832.685496,1763938734,0.449123,0.009077,0.000000,0.000000,0.000000,0.000000,0.344366,0.344366
6.385825,1763938832.705335,1763938734,0.449123,0.009077,0.000000,0.000000,0.000000,0.000000,0.344366,0.344366
6.405844,1763938832.725364,1763938734,0.449123,0.009077,0.000000,0.000000,0.000000,0.000000,-0.344366,0.344366
6.425943,1763938832.745514,1763938734,0.449123,0.009077,0.000000,0.000000,0.000000,0.000000,0.344366,0.000000
6.445956,1763938832.765527,1763938734,0.449123,0.009077,0.000000,0.000000,0.000000,0.000000,0.000000,0.000000
6.465967,1763938832.785538,1763938734,0.449123,0.009077,0.000000,0.000000,0.000000,0.000000,-0.344366,0.000000
6.485950,1763938832.805504,1763938734,0.449123,0.009077,-0.000000,0.000000,0.000000,0.000000,0.000000,-0.344366
6.506013,1763938832.825597,1763938734,0.449123,0.009077,0.000000,0.000000,0.000000,0.000000,0.000000,0.344366
6.526026,1763938832.845610,1763938734,0.449123,0.009077,0.000000,0.000000,0.000000,0.000000,0.000000,-0.344366
6.546040,1763938832.865624,1763938734,0.449123,0.009077,0.000000,0.000000,0.000000,0.000000,0.000000,0.344366
6.566054,1763938832.885639,1763938734,0.449123,0.009077,0.000000,0.000000,0.000000,0.000000,0.000000,0.000000
6.586066,1763938832.905651,1763938734,0.449123,0.009077,0.000000,0.000000,0.000000,0.000000,0.000000,0.000000
6.606057,1763938832.925628,1763938734,0.449123,0.009077,0.000000,0.000000,0.000000,0.000000,-0.344366,0.000000
6.626069,1763938832.945641,1763938734,0.449123,0.009077,0.000000,0.000000,0.000000,0.000000,0.344366,0.344366
6.646065,1763938832.965625,1763938734,0.449123,0.009077,0.000000,0.000000,0.000000,0.000000,0.000000,0.000000
6.666074,1763938832.985635,1763938734,0.449123,0.009077,0.000000,0.000000,0.000000,0.000000,0.000000,-0.688732
6.686085,1763938833.005645,1763938734,0.449123,0.009077,0.000000,0.000000,0.000000,0.000000,0.000000,0.000000
6.706096,1763938833.025656,1763938734,0.449123,0.009077,0.000000,0.000000,0.000000,0.000000,0.000000,0.000000
6.726094,1763938833.045647,1763938734,0.449123,0.009077,0.000000,0.000000,0.000000,0.000000,0.344366,0.000000
6.746117,1763938833.065675,1763938734,0.449123,0.009077,0.000000,0.000000,0.000000,0.000000,0.000000,0.000000
6.766128,1763938833.085689,1763938734,0.449123,0.009077,0.000000,0.000000,0.000000,0.000000,0.344366,0.000000
6.786139,1763938833.105696,1763938734,0.449123,0.009077,0.000000,0.000000,0.000000,0.000000,0.000000,0.000000
6.806149,1763938833.125706,1763938734,0.449123,0.009077,0.000000,0.000000,0.000000,0.000000,-0.344366,-0.344366
6.826160,1763938833.145720,1763938734,0.449123,0.009077,0.000000,0.000000,0.000000,0.000000,0.344366,0.000000
6.846170,1763938833.165730,1763938734,0.449123,0.009077,0.000000,0.000000,0.000000,0.000000,0.000000,0.344366
6.866182,1763938833.185742,1763938734,0.449123,0.009077,0.000000,0.000000,0.000000,0.000000,-0.344366,0.000000
6.886193,1763938833.205753,1763938734,0.449123,0.009077,0.000000,0.000000,0.000000,0.000000,0.000000,0.344366
6.906204,1763938833.225763,1763938734,0.449123,0.009077,0.000000,0.000000,0.000000,0.000000,0.000000,-0.344366
6.926215,1763938833.245775,1763938734,0.449123,0.009077,0.000000,0.000000,0.000000,0.000000,0.344366,0.000000
6.946225,1763938833.265785,1763938734,0.449123,0.009077,0.000000,0.000000,0.000000,0.000000,0.000000,0.000000
6.966226,1763938833.285780,1763938734,0.449123,0.009077,0.000000,0.000000,0.000000,0.000000,-0.344366,0.344366
6.986247,1763938833.305806,1763938734,0.449123,0.009077,0.000000,0.000000,0.000000,0.000000,-0.344366,0.000000
7.006258,1763938833.325818,1763938734,0.449123,0.009077,0.000000,0.000000,0.000000,0.000000,0.344366,0.000000
7.026269,1763938833.345829,1763938734,0.449123,0.009077,0.000000,0.000000,0.000000,0.000000,-0.344366,0.000000
7.046207,1763938833.365709,1763938734,0.449123,0.009077,0.000000,0.000000,0.000000,0.000000,0.344366,-0.344366
7.066246,1763938833.385788,1763938734,0.449123,0.009077,0.000000,0.000000,0.000000,0.000000,0.344366,0.000000
7.086261,1763938833.405812,1763938734,0.449123,0.009077,0.000000,0.000000,0.000000,0.000000,-0.344366,0.000000
7.106297,1763938833.425862,1763938734,0.449123,0.009077,0.000000,0.000000,0.000000,0.000000,0.344366,0.000000
7.126286,1763938833.445846,1763938734,0.449123,0.009077,0.000000,0.000000,0.000000,0.000000,0.000000,0.000000
7.146319,1763938833.465889,1763938734,0.449123,0.009077,0.000000,0.000000,0.000000,0.000000,0.688732,0.344366
7.166303,1763938833.485862,1763938734,0.449123,0.009077,0.000000,0.000000,0.000000,0.000000,0.344366,0.344366
7.186253,1763938833.505778,1763938734,0.449123,0.009077,0.000000,0.000000,0.000000,0.000000,-0.344366,0.344366
7.206270,1763938833.525786,1763938734,0.449123,0.009077,0.000000,0.000000,0.000000,0.000000,0.344366,0.000000
7.226278,1763938833.545797,1763938734,0.449123,0.009077,0.000000,0.000000,0.000000,0.000000,0.344366,0.000000
7.246300,1763938833.565821,1763938734,0.449123,0.009077,0.000000,0.000000,0.000000,0.000000,0.000000,0.344366
7.266305,1763938833.585827,1763938734,0.449123,0.009077,0.000000,0.000000,0.000000,0.000000,-0.344366,0.000000
7.286317,1763938833.605842,1763938734,0.449123,0.009077,0.000000,0.000000,0.000000,0.000000,0.000000,0.000000
7.306317,1763938833.625839,1763938734,0.449123,0.009077,0.000000,0.000000,0.000000,0.000000,0.000000,0.344366
7.326457,1763938833.646067,1763938734,0.449123,0.009077,0.000000,0.000000,0.000000,0.000000,0.000000,0.688732
7.346447,1763938833.666050,1763938734,0.449123,0.009077,0.000000,0.000000,0.000000,0.000000,0.000000,0.000000
7.366352,1763938833.685877,1763938734,0.449123,0.009077,0.000000,0.000000,0.000000,0.000000,0.000000,0.000000
7.386347,1763938833.705859,1763938734,0.449123,0.009077,0.000000,0.000000,0.000000,0.000000,0.000000,0.344366
7.406441,1763938833.725994,1763938734,0.449123,0.009077,0.000000,0.000000,0.000000,0.000000,0.000000,0.344366
7.426464,1763938833.746033,1763938734,0.449123,0.009077,0.000000,0.000000,0.000000,0.000000,0.000000,0.000000
7.446437,1763938833.765975,1763938734,0.449123,0.009077,0.000000,0.000000,0.000000,0.000000,0.000000,0.000000
7.466452,1763938833.785982,1763938734,0.449123,0.009077,0.000000,0.000000,0.000000,0.000000,-0.344366,0.000000
7.486423,1763938833.805952,1763938734,0.449123,0.009077,0.000000,0.000000,0.000000,0.000000,0.000000,0.688732
7.506480,1763938833.826019,1763938734,0.449123,0.009077,-0.000945,0.000000,0.000000,0.000000,0.000000,0.000000
7.526488,1763938833.846043,1763938734,0.449123,0.009077,0.000000,0.000000,0.000000,0.000000,0.000000,-0.344366
7.546493,1763938833.866031,1763938734,0.449123,0.009077,0.000000,0.000000,0.000000,0.000000,0.000000,0.344366
7.566500,1763938833.886077,1763938734,0.449123,0.009077,0.000000,0.000000,0.000000,0.000000,-0.344366,0.344366
7.586535,1763938833.906066,1763938734,0.449123,0.009077,0.000000,0.000000,0.000000,0.000000,0.000000,0.344366
7.606721,1763938833.926307,1763938734,0.449123,0.009077,0.000000,0.000000,0.000000,0.000000,0.000000,0.344366
7.626734,1763938833.946318,1763938734,0.449123,0.009077,0.000000,0.000000,0.000000,0.000000,0.344366,0.000000
7.646748,1763938833.966331,1763938734,0.449123,0.009077,0.000000,0.000000,0.000000,0.000000,0.000000,-0.344366
7.666760,1763938833.986344,1763938734,0.449123,0.009077,0.000000,0.000000,0.000000,0.000000,0.000000,0.000000
7.686774,1763938834.006358,1763938734,0.449123,0.009077,0.000000,0.000000,0.000000,0.000000,0.000000,0.000000
7.706764,1763938834.026335,1763938734,0.449123,0.009077,0.000000,0.000000,0.000000,0.000000,0.000000,0.000000
7.726776,1763938834.046346,1763938734,0.449123,0.009077,0.000000,0.000000,0.000000,0.000000,0.344366,0.344366
7.746773,1763938834.066334,1763938734,0.449123,0.009077,0.000000,0.000000,0.000000,0.000000,0.000000,0.344366
7.766772,1763938834.086325,1763938734,0.449123,0.009077,0.000000,0.000000,0.000000,0.000000,-0.344366,0.000000
7.786781,1763938834.106335,1763938734,0.449123,0.009077,0.000000,0.000000,0.000000,0.000000,0.344366,0.000000
7.806791,1763938834.126344,1763938734,0.449123,0.009077,0.000000,0.000000,0.000000,0.000000,0.000000,0.344366
7.826801,1763938834.146353,1763938734,0.449123,0.009077,0.000000,0.000000,0.000000,0.000000,-0.344366,0.000000
7.846824,1763938834.166384,1763938734,0.449123,0.009077,0.000000,0.000000,0.000000,0.000000,0.344366,0.344366
7.866835,1763938834.186396,1763938734,0.449123,0.009077,0.000000,0.000000,0.000000,0.000000,0.000000,0.688732
7.886819,1763938834.206365,1763938734,0.449123,0.009077,0.000000,0.000000,0.000000,0.000000,0.000000,0.000000
7.906843,1763938834.226396,1763938734,0.449123,0.009077,0.000000,0.000000,0.000000,0.000000,-0.344366,0.000000
7.926853,1763938834.246405,1763938734,0.449123,0.009077,0.000000,0.000000,0.000000,0.000000,0.344366,0.000000
7.946916,1763938834.266502,1763938734,0.449123,0.009077,0.000000,0.000000,0.000000,0.000000,0.344366,0.688732
7.966929,1763938834.286513,1763938734,0.449123,0.009077,0.000000,0.000000,0.000000,0.000000,0.000000,-0.344366
7.986919,1763938834.306491,1763938734,0.449123,0.009077,0.000000,0.000000,0.000000,0.000000,0.000000,0.000000
8.006931,1763938834.326501,1763938734,0.449123,0.009077,0.000000,0.000000,0.000000,0.000000,0.000000,0.344366
8.026966,1763938834.346550,1763938734,0.449123,0.009077,0.000000,0.000000,0.000000,0.000000,0.344366,-0.688732
8.046897,1763938834.366460,1763938734,0.449123,0.009077,0.000000,0.000000,0.000000,0.000000,0.344366,0.000000
8.066870,1763938834.386390,1763938734,0.449123,0.009077,0.000000,0.000000,0.000000,0.000000,0.344366,0.000000
8.086923,1763938834.406470,1763938734,0.449123,0.009077,0.000000,0.000000,0.000000,0.000000,-0.344366,0.000000
8.106947,1763938834.426500,1763938734,0.449123,0.009077,0.000000,0.000000,0.000000,0.000000,0.344366,0.000000
8.126941,1763938834.446486,1763938734,0.449123,0.009077,0.000000,0.000000,0.000000,0.000000,0.344366,0.000000
8.146965,1763938834.466518,1763938734,0.449123,0.009077,0.000000,0.000000,0.000000,0.000000,0.344366,0.344366
8.166973,1763938834.486526,1763938734,0.449123,0.009077,0.000000,0.000000,0.000000,0.000000,0.000000,0.000000
8.186994,1763938834.506555,1763938734,0.449123,0.009077,0.000000,0.000000,0.000000,0.000000,0.000000,0.344366
8.207005,1763938834.526566,1763938734,0.449123,0.009077,0.000000,0.000000,0.000000,0.000000,-0.344366,0.688732
8.227004,1763938834.546556,1763938734,0.449123,0.009077,0.000000,0.000000,0.000000,0.000000,0.344366,0.000000
8.247013,1763938834.566566,1763938734,0.449123,0.009077,0.000000,0.000000,0.000000,0.000000,0.000000,0.000000
8.267035,1763938834.586596,1763938734,0.449123,0.009077,0.000000,0.000000,0.000000,0.000000,0.344366,0.344366
8.287046,1763938834.606606,1763938734,0.449123,0.009077,0.000000,0.000000,0.000000,0.000000,-0.344366,0.000000
8.307046,1763938834.626598,1763938734,0.449123,0.009077,0.000000,0.000000,0.000000,0.000000,0.344366,0.000000
8.327055,1763938834.646607,1763938734,0.449123,0.009077,0.000000,0.000000,0.000000,0.000000,0.688732,0.344366
8.347049,1763938834.666595,1763938734,0.449123,0.009077,0.000000,0.000000,0.000000,0.000000,-0.688732,0.344366
8.367173,1763938834.686782,1763938734,0.449123,0.009077,0.000000,0.000000,0.000000,0.000000,0.344366,-0.344366
8.387035,1763938834.706553,1763938734,0.449123,0.009077,0.000000,0.000000,0.000000,0.000000,-0.344366,0.000000
8.407057,1763938834.726583,1763938734,0.449123,0.009077,0.000000,0.000000,0.000000,0.000000,0.000000,0.000000
8.427081,1763938834.746618,1763938734,0.449123,0.009077,0.000000,0.000000,0.000000,0.000000,0.000000,-0.344366
8.447098,1763938834.766639,1763938734,0.449123,0.009077,0.000000,0.000000,0.000000,0.000000,-0.688732,0.688732
8.467107,1763938834.786647,1763938734,0.449123,0.009077,0.000000,0.000000,0.000000,0.000000,-0.344366,0.000000
8.487127,1763938834.806674,1763938734,0.449123,0.009077,0.000000,0.000000,0.000000,0.000000,-0.344366,0.000000
8.507137,1763938834.826683,1763938734,0.449123,0.009077,0.000000,0.000000,0.000000,0.000000,0.344366,0.000000
8.527145,1763938834.846692,1763938734,0.449123,0.009077,0.000000,0.000000,0.000000,0.000000,0.344366,0.000000
8.547155,1763938834.866702,1763938734,0.449123,0.009077,0.000000,0.000000,0.000000,0.000000,0.344366,0.000000
8.567164,1763938834.886711,1763938734,0.449123,0.009077,0.000000,0.000000,0.000000,0.000000,-0.344366,0.000000
8.587162,1763938834.906702,1763938734,0.449123,0.009077,0.000000,0.000000,0.000000,0.000000,-0.344366,0.000000
8.607182,1763938834.926728,1763938734,0.449123,0.009077,0.000000,0.000000,0.000000,0.000000,0.000000,-0.344366
8.627192,1763938834.946739,1763938734,0.449123,0.009077,0.000000,0.000000,0.000000,0.000000,0.688732,0.000000
8.647202,1763938834.966748,1763938734,0.449123,0.009077,0.000000,0.000000,0.000000,0.000000,0.000000,0.344366
8.667211,1763938834.986757,1763938734,0.449123,0.009077,0.000000,0.000000,0.000000,0.000000,0.000000,0.344366
8.687220,1763938835.006767,1763938734,0.449123,0.009077,0.000000,-0.000446,0.000000,0.000000,0.000000,0.000000
8.707230,1763938835.026776,1763938734,0.449123,0.009077,0.000000,0.000000,0.000000,0.000000,0.000000,0.000000
8.727256,1763938835.046810,1763938734,0.449123,0.009077,0.000000,0.000000,0.000000,0.000000,0.344366,0.000000
8.747249,1763938835.066796,1763938734,0.449123,0.009077,0.000000,0.000000,0.000000,0.000000,0.000000,0.344366
8.767259,1763938835.086806,1763938734,0.449123,0.009077,0.000000,0.000000,0.000000,0.000000,0.000000,0.000000
8.787264,1763938835.106805,1763938734,0.449123,0.009077,0.000000,0.000000,0.000000,0.000000,0.000000,0.000000
8.807264,1763938835.126804,1763938734,0.449123,0.009077,0.000000,0.000000,0.000000,0.000000,0.000000,0.000000
8.827272,1763938835.146813,1763938734,0.449123,0.009077,0.000000,0.000000,0.000000,0.000000,0.000000,-0.344366
8.847280,1763938835.166820,1763938734,0.449123,0.009077,0.000000,0.000000,0.000000,0.000000,0.344366,0.000000
8.867288,1763938835.186829,1763938734,0.449123,0.009077,0.000000,0.000000,0.000000,0.000000,0.000000,0.000000
8.887308,1763938835.206854,1763938734,0.449123,0.009077,0.000000,0.000000,0.000000,0.000000,-0.688732,0.344366
8.907318,1763938835.226864,1763938734,0.449123,0.009077,0.000000,0.000000,0.000000,0.000000,0.000000,0.000000
8.927324,1763938835.246865,1763938734,0.449123,0.009077,0.000000,0.000000,0.000000,0.000000,0.000000,0.000000
8.947402,1763938835.266985,1763938734,0.449123,0.009077,0.000000,0.000000,0.000000,0.000000,0.344366,0.000000
8.967395,1763938835.286966,1763938734,0.449123,0.009077,0.000000,0.000000,0.000000,0.000000,0.000000,0.000000
8.987380,1763938835.306934,1763938734,0.449123,0.009077,0.000000,0.000000,0.000000,0.000000,0.000000,0.000000
9.007351,1763938835.326887,1763938734,0.449123,0.009077,0.000000,0.000000,0.000000,0.000000,0.000000,0.000000
9.027298,1763938835.346802,1763938734,0.449123,0.009077,0.000000,0.000000,0.000000,0.000000,0.000000,0.000000
9.047303,1763938835.366811,1763938734,0.449123,0.009077,0.000000,0.000000,0.000000,0.000000,-0.344366,-0.344366
9.067298,1763938835.386805,1763938734,0.449123,0.009077,0.000000,0.000000,0.000000,0.000000,0.000000,0.000000
9.087307,1763938835.406817,1763938734,0.449123,0.009077,0.000000,0.000000,0.000000,0.000000,0.000000,0.000000
9.107313,1763938835.426828,1763938734,0.449123,0.009077,0.000000,0.000000,0.000000,0.000000,0.344366,0.344366
9.127330,1763938835.446850,1763938734,0.449123,0.009077,0.000000,0.000000,0.000000,0.000000,0.000000,0.000000
9.147327,1763938835.466846,1763938734,0.449123,0.009077,0.000000,0.000000,0.000000,0.000000,0.000000,0.688732
9.167352,1763938835.486874,1763938734,0.449123,0.009077,0.000000,0.000000,0.000000,0.000000,-0.344366,0.000000
9.187362,1763938835.506887,1763938734,0.449123,0.009077,0.000000,0.000000,0.000000,0.000000,0.000000,0.000000
9.207382,1763938835.526942,1763938734,0.449123,0.009077,0.000000,0.000000,0.000000,0.000000,0.344366,0.688732
9.227418,1763938835.546979,1763938734,0.449123,0.009077,0.000000,0.000000,0.000000,0.000000,0.000000,0.000000
9.247424,1763938835.566950,1763938734,0.449123,0.009077,0.000000,0.000000,0.000000,0.000000,0.000000,0.344366
9.267483,1763938835.587018,1763938734,0.449123,0.009077,0.000000,0.000000,0.000000,0.000000,0.000000,0.000000
9.287459,1763938835.606988,1763938734,0.449123,0.009077,0.000000,0.000000,0.000000,0.000000,0.000000,0.000000
9.307465,1763938835.626994,1763938734,0.449123,0.009077,0.000000,0.000000,0.000000,0.000000,-0.344366,0.000000
9.327563,1763938835.647103,1763938734,0.449123,0.009077,0.000000,0.000000,0.000000,0.000000,0.000000,0.344366
9.347694,1763938835.667277,1763938734,0.449123,0.009077,0.000000,0.000000,0.000000,0.000000,-0.344366,0.000000
9.367675,1763938835.687236,1763938734,0.449123,0.009077,0.000000,0.000000,0.000000,0.000000,0.000000,0.000000
9.387570,1763938835.707073,1763938734,0.449123,0.009077,0.000000,0.000000,0.000000,0.000000,-0.344366,-0.344366
9.407579,1763938835.727095,1763938734,0.449127,0.009077,0.000945,0.000000,0.000000,0.000000,0.000000,0.000000
9.427692,1763938835.747252,1763938734,0.449123,0.009077,0.000000,0.000000,0.000000,0.000000,0.000000,0.000000
9.447702,1763938835.767262,1763938734,0.449127,0.009077,0.000000,0.000000,0.000000,0.000000,0.344366,0.000000
9.467715,1763938835.787276,1763938734,0.449123,0.009077,0.000000,0.000000,0.000000,0.000000,0.000000,0.688732
9.487712,1763938835.807266,1763938734,0.449123,0.009077,-0.000925,0.000000,0.000000,0.000000,0.000000,0.688732
9.507774,1763938835.827360,1763938734,0.449127,0.009077,0.000074,0.000000,0.000000,0.000000,0.000000,0.344366
9.527788,1763938835.847373,1763938734,0.449123,0.009077,0.000000,0.000000,0.000000,0.000000,0.000000,0.344366
9.547779,1763938835.867350,1763938734,0.449123,0.009077,0.000000,0.000000,0.000000,0.000000,0.000000,0.000000
9.567791,1763938835.887362,1763938734,0.449123,0.009077,0.000000,0.000000,0.000000,0.000000,0.344366,0.000000
9.587788,1763938835.907349,1763938734,0.449123,0.009077,0.000000,0.000000,0.000000,0.000000,0.000000,0.000000
9.607798,1763938835.927359,1763938734,0.449123,0.009077,0.000000,0.000000,0.000000,0.000000,0.344366,0.344366
9.627796,1763938835.947350,1763938734,0.449123,0.009077,0.000000,0.000000,0.000000,0.000000,0.000000,0.000000
9.647808,1763938835.967360,1763938734,0.449123,0.009077,0.000000,0.000000,0.000000,0.000000,0.344366,0.000000
9.667829,1763938835.987389,1763938734,0.449123,0.009077,0.000000,0.000000,0.000000,0.000000,0.688732,0.000000
9.687840,1763938836.007400,1763938734,0.449123,0.009077,0.000000,0.000000,0.000000,0.000000,0.000000,0.000000
9.707850,1763938836.027411,1763938734,0.449123,0.009077,0.000000,0.000000,0.000000,0.000000,0.000000,0.344366
9.727849,1763938836.047402,1763938734,0.449123,0.009077,0.000000,0.000000,0.000000,0.000000,0.000000,0.688732
9.747861,1763938836.067415,1763938734,0.449123,0.009077,0.000000,0.000000,0.000000,0.000000,0.000000,0.000000
9.767883,1763938836.087444,1763938734,0.449123,0.009077,0.000000,0.000000,0.000000,0.000000,0.000000,0.000000
9.787895,1763938836.107455,1763938734,0.449123,0.009077,0.000000,0.000000,0.000000,0.000000,0.000000,0.000000
9.807907,1763938836.127466,1763938734,0.449123,0.009077,0.000000,0.000000,0.000000,0.000000,0.344366,0.000000
9.827917,1763938836.147477,1763938734,0.449123,0.009077,0.000000,0.000000,0.000000,0.000000,0.688732,0.688732
9.847864,1763938836.167408,1763938734,0.449123,0.009077,0.000000,0.000000,0.000000,0.000000,0.000000,0.000000
9.867978,1763938836.187562,1763938734,0.449123,0.009077,0.000000,0.000000,0.000000,0.000000,0.000000,0.000000
9.887991,1763938836.207575,1763938734,0.449123,0.009077,0.000000,0.000000,0.000000,0.000000,0.000000,0.688732
9.908005,1763938836.227589,1763938734,0.449123,0.009077,0.000000,0.000000,0.000000,0.000000,-0.344366,0.000000
9.927978,1763938836.247538,1763938734,0.449123,0.009077,0.000000,0.000000,0.000000,0.000000,0.000000,0.000000
9.947989,1763938836.267549,1763938734,0.449127,0.009077,0.000943,0.000000,0.000000,0.000000,0.000000,0.688732
9.967935,1763938836.287478,1763938734,0.449127,0.009077,0.000000,0.000000,0.000000,0.000000,0.000000,0.344366
9.988050,1763938836.307634,1763938734,0.449127,0.009077,0.000039,0.000000,0.000000,0.000000,-0.344366,0.000000
10.008039,1763938836.327601,1763938734,0.449123,0.009077,0.000000,0.000000,0.000000,0.000000,0.000000,0.688732
10.028052,1763938836.347621,1763938734,0.449123,0.009077,0.000000,0.000000,0.000000,0.000000,0.000000,0.000000
10.047929,1763938836.367428,1763938734,0.449127,0.009077,0.000944,0.000000,0.000000,0.000000,0.000000,0.000000
10.067970,1763938836.387489,1763938734,0.449123,0.009077,0.000000,0.000000,0.000000,0.000000,0.000000,-0.344366
10.087999,1763938836.407531,1763938734,0.449123,0.009077,0.000000,0.000000,0.000000,0.000000,0.344366,0.000000
10.108022,1763938836.427562,1763938734,0.449123,0.009077,0.000000,0.000000,0.000000,0.000000,0.000000,0.000000
10.128042,1763938836.447588,1763938734,0.449123,0.009077,0.000000,0.000000,0.000000,0.000000,0.344366,0.000000
10.148066,1763938836.467619,1763938734,0.449123,0.009077,0.000000,0.000000,0.000000,0.000000,0.344366,0.000000
10.168076,1763938836.487629,1763938734,0.449123,0.009077,0.000000,0.000000,0.000000,0.000000,0.000000,-0.344366
10.188070,1763938836.507616,1763938734,0.449123,0.009077,0.000000,0.000000,0.000000,0.000000,-0.344366,0.344366
10.208124,1763938836.527696,1763938734,0.449123,0.009077,0.000000,0.000000,0.000000,0.000000,0.000000,0.000000
10.228156,1763938836.547740,1763938734,0.449123,0.009077,0.000000,0.000000,0.000000,0.000000,0.344366,0.000000
10.248172,1763938836.567755,1763938734,0.449123,0.009077,0.000000,0.000000,0.000000,0.000000,0.344366,0.000000
10.268161,1763938836.587731,1763938734,0.449123,0.009077,0.000000,0.000000,0.000000,0.000000,0.000000,0.344366
10.288171,1763938836.607741,1763938734,0.449123,0.009077,0.000000,0.000000,0.000000,0.000000,0.688732,0.000000
10.308208,1763938836.627793,1763938734,0.449123,0.009077,0.000000,0.000000,0.000000,0.000000,0.000000,0.344366
10.328198,1763938836.647769,1763938734,0.449123,0.009077,0.000000,0.000000,0.000000,0.000000,0.000000,0.344366
10.348210,1763938836.667780,1763938734,0.449123,0.009077,0.000000,0.000000,0.000000,0.000000,0.000000,0.344366
10.368217,1763938836.687787,1763938734,0.449123,0.009077,0.000000,0.000000,0.000000,0.000000,0.344366,0.000000
10.388219,1763938836.707735,1763938734,0.449123,0.009077,0.000000,0.000000,0.000000,0.000000,0.000000,0.344366
10.408214,1763938836.727727,1763938734,0.449123,0.009077,0.000000,0.000000,0.000000,0.000000,0.000000,0.344366
10.428309,1763938836.747861,1763938734,0.449123,0.009077,0.000000,0.000000,0.000000,0.000000,0.344366,0.344366
10.448318,1763938836.767871,1763938734,0.449123,0.009077,0.000000,0.000000,0.000000,0.000000,-0.344366,0.344366
10.468327,1763938836.787879,1763938734,0.449123,0.009077,0.000000,0.000000,0.000000,0.000000,0.344366,0.000000
10.488337,1763938836.807890,1763938734,0.449123,0.009077,0.000000,0.000000,0.000000,0.000000,0.000000,0.344366
10.508347,1763938836.827898,1763938734,0.449123,0.009077,0.000000,0.000000,0.000000,0.000000,-0.688732,0.000000
10.528357,1763938836.847910,1763938734,0.449123,0.009077,0.000000,0.000000,0.000000,0.000000,0.000000,-0.344366
10.548366,1763938836.867919,1763938734,0.449123,0.009077,0.000000,0.000000,0.000000,0.000000,0.344366,0.344366
10.568321,1763938836.887864,1763938734,0.449123,0.009077,0.000000,0.000000,0.000000,0.000000,0.000000,0.000000
10.588416,1763938836.907986,1763938734,0.449123,0.009077,0.000000,0.000000,0.000000,0.000000,0.000000,0.000000
10.608413,1763938836.927973,1763938734,0.449123,0.009077,0.000000,0.000000,0.000000,0.000000,0.000000,0.000000
10.628423,1763938836.947983,1763938734,0.449123,0.009077,0.000000,0.000000,0.000000,0.000000,0.000000,-0.344366
10.648423,1763938836.967976,1763938734,0.449123,0.009077,0.000000,0.000000,0.000000,0.000000,0.000000,0.000000
10.668486,1763938836.988111,1763938734,0.449123,0.009077,0.000000,0.000000,0.000000,0.000000,0.000000,-1.033098
10.688477,1763938837.008081,1763938734,0.449123,0.009077,0.000000,0.000000,0.000000,0.000000,0.000000,0.344366
10.708472,1763938837.028064,1763938734,0.449123,0.009077,0.000000,0.000000,0.000000,0.000000,0.000000,0.000000
10.728483,1763938837.048076,1763938734,0.449123,0.009077,0.000000,0.000000,0.000000,0.000000,0.344366,0.000000
10.748480,1763938837.068061,1763938734,0.449123,0.009077,0.000000,0.000000,0.000000,0.000000,-0.344366,0.000000
10.768474,1763938837.088040,1763938734,0.449123,0.009077,0.000000,0.000000,0.000000,0.000000,0.688732,0.000000
10.788498,1763938837.108080,1763938734,0.449123,0.009077,0.000000,0.000000,0.000000,0.000000,0.000000,0.000000
10.808508,1763938837.128073,1763938734,0.449123,0.009077,0.000000,0.000000,0.000000,0.000000,0.344366,0.000000
10.828532,1763938837.148087,1763938734,0.449123,0.009077,0.000000,0.000000,0.000000,0.000000,0.000000,0.000000
10.848551,1763938837.168106,1763938734,0.449123,0.009077,0.000000,0.000000,0.000000,0.000000,0.344366,0.000000
10.868553,1763938837.188107,1763938734,0.449123,0.009077,0.000000,0.000000,0.000000,0.000000,0.000000,0.000000
10.888556,1763938837.208103,1763938734,0.449123,0.009077,0.000000,0.000000,0.000000,0.000000,0.688732,0.344366
10.908583,1763938837.228137,1763938734,0.449123,0.009077,0.000000,0.000000,0.000000,0.000000,0.000000,0.000000
10.928588,1763938837.248142,1763938734,0.449123,0.009077,0.000000,0.000000,0.000000,0.000000,-0.344366,0.000000
10.948500,1763938837.268042,1763938734,0.449123,0.009077,0.000000,0.000000,0.000000,0.000000,0.000000,0.000000
10.968608,1763938837.288161,1763938734,0.449123,0.009077,0.000000,0.000000,0.000000,0.000000,0.000000,0.000000
10.988613,1763938837.308167,1763938734,0.449123,0.009077,0.000000,0.000000,0.000000,0.000000,-0.344366,0.344366
11.008622,1763938837.328175,1763938734,0.449123,0.009077,0.000000,0.000000,0.000000,0.000000,0.688732,-0.344366
11.028633,1763938837.348186,1763938734,0.449123,0.009077,0.000000,0.000000,0.000000,0.000000,0.000000,0.000000
11.048634,1763938837.368222,1763938734,0.449123,0.009077,0.000000,0.000000,0.000000,0.000000,0.344366,0.344366
11.068803,1763938837.388321,1763938734,0.449123,0.009077,0.000000,0.000000,0.000000,0.000000,0.000000,0.000000
11.088821,1763938837.408348,1763938734,0.449123,0.009077,0.000000,0.000000,0.000000,0.000000,0.344366,0.344366
11.108838,1763938837.428370,1763938734,0.449123,0.009077,0.000000,0.000000,0.000000,0.000000,0.688732,0.000000
11.128861,1763938837.448401,1763938734,0.449123,0.009077,0.000000,0.000000,0.000000,0.000000,0.344366,0.000000
11.148879,1763938837.468425,1763938734,0.449123,0.009077,0.000000,0.000000,0.000000,0.000000,0.000000,0.344366
11.168904,1763938837.488457,1763938734,0.449123,0.009077,0.000000,0.000000,0.000000,0.000000,0.000000,0.344366
11.188926,1763938837.508487,1763938734,0.449123,0.009077,0.000000,0.000000,0.000000,0.000000,0.000000,0.344366
11.208937,1763938837.528497,1763938734,0.449123,0.009077,0.000000,0.000000,0.000000,0.000000,0.000000,0.000000
11.228936,1763938837.548489,1763938734,0.449123,0.009077,0.000000,0.000000,0.000000,0.000000,0.000000,0.344366
11.248945,1763938837.568498,1763938734,0.449123,0.009077,0.000000,0.000000,0.000000,0.000000,0.344366,0.000000
11.268901,1763938837.588444,1763938734,0.449123,0.009077,0.000000,0.000000,0.000000,0.000000,0.344366,0.000000
11.289014,1763938837.608599,1763938734,0.449123,0.009077,0.000000,0.000000,0.000000,0.000000,0.344366,1.033098
11.309028,1763938837.628612,1763938734,0.449123,0.009077,0.000000,0.000000,0.000000,0.000000,0.000000,0.344366
11.329020,1763938837.648590,1763938734,0.449123,0.009077,0.000000,0.000000,0.000000,0.000000,0.688732,0.000000
11.349030,1763938837.668601,1763938734,0.449123,0.009077,0.000000,0.000000,0.000000,0.000000,0.000000,-0.688732
11.369025,1763938837.688587,1763938734,0.449123,0.009077,0.000000,0.000000,0.000000,0.000000,0.000000,0.000000
11.389667,1763938837.709177,1763938734,0.449123,0.009077,0.000000,0.000000,0.000000,0.000000,0.000000,0.000000
11.409821,1763938837.729349,1763938734,0.449123,0.009077,0.000000,0.000000,0.000000,0.000000,0.000000,0.000000
11.429905,1763938837.749475,1763938734,0.449123,0.009077,0.000000,0.000000,0.000000,0.000000,0.000000,0.344366
11.449901,1763938837.769461,1763938734,0.449123,0.009077,0.000000,0.000000,0.000000,0.000000,0.000000,0.000000
11.469911,1763938837.789471,1763938734,0.449123,0.009077,0.000000,0.000000,0.000000,0.000000,0.000000,0.000000
11.489922,1763938837.809483,1763938734,0.449123,0.009077,0.000000,0.000000,0.000000,0.000000,-0.344366,-0.344366
11.509933,1763938837.829494,1763938734,0.449123,0.009077,0.000000,0.000000,0.000000,0.000000,0.000000,0.000000
11.529943,1763938837.849504,1763938734,0.449123,0.009077,0.000000,0.000000,0.000000,0.000000,0.344366,0.000000
11.549953,1763938837.869515,1763938734,0.449123,0.009077,0.000000,-0.000021,0.000000,0.000000,0.344366,0.000000
11.569964,1763938837.889524,1763938734,0.449123,0.009080,0.000000,0.000682,0.000000,0.000000,0.344366,0.344366
11.589974,1763938837.909535,1763938734,0.449123,0.009077,0.000000,0.000000,0.000000,0.000000,0.000000,0.000000
11.609985,1763938837.929545,1763938734,0.449123,0.009077,0.000000,0.000000,0.000000,0.000000,0.000000,0.000000
11.629995,1763938837.949555,1763938734,0.449123,0.009077,0.000000,0.000000,0.000000,0.000000,0.344366,0.688732
11.650005,1763938837.969566,1763938734,0.449123,0.009077,0.000000,0.000000,0.000000,0.000000,0.000000,0.000000
11.670016,1763938837.989576,1763938734,0.449123,0.009077,0.000000,0.000000,0.000000,0.000000,0.000000,0.000000
11.690026,1763938838.009586,1763938734,0.449123,0.009077,0.000000,0.000000,0.000000,0.000000,0.344366,0.000000
11.710037,1763938838.029597,1763938734,0.449123,0.009077,0.000000,0.000000,0.000000,0.000000,0.344366,0.344366
11.730048,1763938838.049608,1763938734,0.449123,0.009077,0.000000,0.000000,0.000000,0.000000,0.000000,-0.344366
11.750059,1763938838.069619,1763938734,0.449123,0.009077,0.000000,0.000000,0.000000,0.000000,0.000000,0.000000
11.770070,1763938838.089630,1763938734,0.449123,0.009077,0.000000,0.000000,0.000000,0.000000,0.688732,0.000000
11.790080,1763938838.109640,1763938734,0.449123,0.009077,0.000000,0.000000,0.000000,0.000000,0.000000,0.344366
11.810079,1763938838.129631,1763938734,0.449123,0.009077,0.000000,0.000000,0.000000,0.000000,0.344366,0.000000
11.830101,1763938838.149661,1763938734,0.449123,0.009077,0.000000,0.000000,0.000000,0.000000,0.000000,0.000000
11.850112,1763938838.169672,1763938734,0.449123,0.009077,0.000000,0.000000,0.000000,0.000000,0.000000,0.000000
11.870123,1763938838.189683,1763938734,0.449123,0.009077,0.000000,0.000000,0.000000,0.000000,0.344366,0.000000
11.890134,1763938838.209694,1763938734,0.449123,0.009077,0.000000,0.000000,0.000000,0.000000,0.000000,0.000000
11.910133,1763938838.229685,1763938734,0.449123,0.009077,0.000000,0.000000,0.000000,0.000000,0.000000,0.344366
11.930155,1763938838.249715,1763938734,0.449123,0.009077,0.000000,0.000000,0.000000,0.000000,0.000000,0.344366
11.950165,1763938838.269725,1763938734,0.449123,0.009077,0.000000,-0.000872,0.000000,0.000000,0.344366,0.000000
11.970176,1763938838.289736,1763938734,0.449123,0.009077,0.000000,-0.000798,0.000000,0.000000,0.000000,0.000000
11.990186,1763938838.309747,1763938734,0.449123,0.009080,0.000000,0.000935,0.000000,0.000000,0.000000,0.000000
12.010198,1763938838.329757,1763938734,0.449123,0.009077,0.000000,0.000499,0.000000,0.000000,0.344366,0.000000
12.030197,1763938838.349750,1763938734,0.449123,0.009077,0.000000,0.000074,0.000000,0.000000,-0.688732,0.000000
12.050107,1763938838.369609,1763938734,0.449123,0.009077,0.000000,0.000039,0.000000,0.000000,0.000000,0.000000
12.070127,1763938838.389637,1763938734,0.449123,0.009077,0.000000,0.000020,0.000000,0.000000,0.000000,0.344366
12.090150,1763938838.409672,1763938734,0.449123,0.009077,0.000000,0.000039,0.000000,0.000000,0.000000,0.344366
12.110127,1763938838.429635,1763938734,0.449123,0.009077,0.000000,0.000000,0.000000,0.000000,-0.344366,0.000000
12.130137,1763938838.449646,1763938734,0.449123,0.009077,0.000000,-0.000806,0.000000,0.000000,0.000000,0.000000
12.150177,1763938838.469706,1763938734,0.449123,0.009077,0.000000,0.000000,0.000000,0.000000,0.000000,0.000000
12.170206,1763938838.489746,1763938734,0.449123,0.009077,0.000000,0.000000,0.000000,0.000000,0.344366,0.000000
12.190225,1763938838.509770,1763938734,0.449123,0.009077,0.000000,-0.000039,0.000000,0.000000,-0.344366,0.000000
12.210250,1763938838.529803,1763938734,0.449123,0.009077,0.000000,-0.000006,0.000000,0.000000,0.000000,0.000000
12.230271,1763938838.549831,1763938734,0.449123,0.009077,0.000000,-0.000006,0.000000,0.000000,0.000000,0.000000
12.250270,1763938838.569823,1763938734,0.449123,0.009077,0.000000,-0.000021,0.000000,0.000000,0.344366,0.000000
12.270290,1763938838.589842,1763938734,0.449123,0.009077,0.000000,0.000000,0.000000,0.000000,0.000000,0.344366
12.290303,1763938838.609864,1763938734,0.449123,0.009077,0.000000,0.000000,0.000000,0.000000,0.000000,0.344366
12.310314,1763938838.629875,1763938734,0.449123,0.009077,0.000000,0.000000,0.000000,0.000000,-0.344366,0.000000
12.330311,1763938838.649863,1763938734,0.449123,0.009077,0.000000,0.000000,0.000000,0.000000,-0.344366,0.000000
12.350321,1763938838.669874,1763938734,0.449123,0.009077,0.000000,0.000000,0.000000,0.000000,0.000000,0.344366
12.370317,1763938838.689887,1763938734,0.449123,0.009077,0.000000,0.000264,0.000000,0.000000,0.688732,0.344366
12.390246,1763938838.709765,1763938734,0.449123,0.009080,0.000000,0.000140,0.000000,0.000000,-0.344366,0.000000
12.410253,1763938838.729761,1763938734,0.449123,0.009080,0.000000,0.000946,0.000000,0.000000,0.000000,0.000000
12.430258,1763938838.749770,1763938734,0.449123,0.009080,0.000000,0.000940,0.000000,0.000000,0.000000,0.000000
12.450267,1763938838.769784,1763938734,0.449123,0.009080,0.000000,0.000806,0.000000,0.000000,0.000000,0.344366
12.470308,1763938838.789827,1763938734,0.449123,0.009077,0.000000,-0.000443,0.000000,0.000000,0.000000,0.344366
12.490317,1763938838.809857,1763938734,0.449123,0.009080,0.000000,0.000946,0.000000,0.000000,0.000000,0.000000
12.510340,1763938838.829860,1763938734,0.449123,0.009080,0.000000,0.000946,0.000000,0.000000,0.688732,0.000000
12.530350,1763938838.849875,1763938734,0.449123,0.009080,0.000000,0.000905,0.000000,0.000000,-0.344366,0.000000
12.550352,1763938838.869873,1763938734,0.449123,0.009080,0.000000,0.000000,0.000000,0.000000,0.000000,-0.344366
12.570361,1763938838.889886,1763938734,0.449123,0.009080,0.000000,0.000907,0.000000,0.000000,0.000000,0.000000
12.590368,1763938838.909893,1763938734,0.449123,0.009077,0.000000,-0.000942,0.000000,0.000000,0.000000,0.000000
12.610417,1763938838.929943,1763938734,0.449123,0.009077,0.000000,-0.000925,0.000000,0.000000,0.000000,0.000000
12.630432,1763938838.949962,1763938734,0.449123,0.009077,0.000000,-0.000943,0.000000,0.000000,0.344366,0.000000
12.650439,1763938838.969968,1763938734,0.449123,0.009080,0.000000,0.000011,0.000000,0.000000,0.344366,0.000000
12.670460,1763938838.989989,1763938734,0.449123,0.009080,0.000000,0.000074,0.000000,0.000000,0.000000,0.000000
12.690489,1763938839.010029,1763938734,0.449123,0.009080,0.000000,0.000946,0.000000,0.000000,0.000000,0.000000
12.710482,1763938839.030017,1763938734,0.449123,0.009080,0.000000,0.000946,0.000000,0.000000,-0.344366,0.000000
12.730488,1763938839.050025,1763938734,0.449123,0.009080,0.000000,0.000000,0.000000,0.000000,0.000000,0.000000
12.750496,1763938839.070035,1763938734,0.449123,0.009077,0.000000,-0.000934,0.000000,0.000000,0.000000,0.000000
12.770561,1763938839.090090,1763938734,0.449123,0.009080,0.000000,0.000001,0.000000,0.000000,0.000000,0.000000
12.790548,1763938839.110078,1763938734,0.449123,0.009077,0.000000,-0.000806,0.000000,0.000000,0.000000,0.000000
12.810561,1763938839.130095,1763938734,0.449123,0.009077,0.000000,-0.000435,0.000000,0.000000,0.344366,0.688732
12.830718,1763938839.150303,1763938734,0.449123,0.009080,0.000000,0.000946,0.000000,0.000000,0.000000,0.344366
12.850730,1763938839.170315,1763938734,0.449123,0.009080,0.000000,0.000943,0.000000,0.000000,-0.344366,0.344366
12.870744,1763938839.190329,1763938734,0.449123,0.009080,0.000000,0.000907,0.000000,0.000000,0.344366,0.000000
12.890757,1763938839.210342,1763938734,0.449123,0.009077,0.000000,-0.000946,0.000000,0.000000,0.000000,0.000000
12.910771,1763938839.230356,1763938734,0.449123,0.009077,0.000000,-0.000940,0.000000,0.000000,0.000000,0.000000
12.930761,1763938839.250331,1763938734,0.449123,0.009077,0.000000,-0.000265,0.000000,0.000000,0.000000,0.000000
12.950771,1763938839.270342,1763938734,0.449123,0.009077,0.000000,-0.000074,0.000000,0.000000,0.000000,0.000000
12.970808,1763938839.290393,1763938734,0.449123,0.009077,0.000000,-0.000945,0.000000,0.000000,0.000000,0.000000
12.990822,1763938839.310406,1763938734,0.449123,0.009077,0.000000,-0.000940,0.000000,0.000000,0.344366,0.344366
13.010836,1763938839.330421,1763938734,0.449123,0.009077,0.000000,-0.000945,0.000000,0.000000,0.000000,0.000000
13.030826,1763938839.350397,1763938734,0.449123,0.009080,0.000000,0.000000,0.000000,0.000000,0.344366,0.000000
13.050718,1763938839.370222,1763938734,0.449123,0.009077,0.000000,-0.000946,0.000000,0.000000,0.344366,0.000000
13.070717,1763938839.390225,1763938734,0.449123,0.009077,0.000000,-0.000932,0.000000,0.000000,-0.344366,0.000000
13.090864,1763938839.410424,1763938734,0.449123,0.009080,0.000000,0.000074,0.000000,0.000000,-0.688732,0.000000
13.110875,1763938839.430436,1763938734,0.449123,0.009077,0.000000,0.000000,0.000000,0.000000,-0.344366,0.344366
13.130886,1763938839.450446,1763938734,0.449123,0.009077,0.000000,-0.000915,0.000000,0.000000,0.344366,0.344366
13.150897,1763938839.470458,1763938734,0.449123,0.009077,0.000000,0.000139,0.000000,0.000000,0.344366,-0.344366
13.170913,1763938839.490474,1763938734,0.449123,0.009077,0.000000,-0.000945,0.000000,0.000000,0.688732,0.000000
13.190905,1763938839.510459,1763938734,0.449123,0.009077,0.000000,-0.000907,0.000000,0.000000,0.000000,0.344366
13.210915,1763938839.530467,1763938734,0.449123,0.009080,0.000000,0.000944,0.000000,0.000000,0.000000,0.344366
13.230925,1763938839.550478,1763938734,0.449123,0.009080,0.000000,0.000417,0.000000,0.000000,0.344366,0.344366
13.250947,1763938839.570503,1763938734,0.449123,0.009077,0.000000,-0.000000,0.000000,0.000000,0.344366,-0.344366
13.270957,1763938839.590518,1763938734,0.449123,0.009077,0.000000,-0.000011,0.000000,0.000000,-0.344366,0.344366
13.290956,1763938839.610510,1763938734,0.449123,0.009077,0.000000,-0.000446,0.000000,0.000000,0.344366,0.000000
13.311018,1763938839.630601,1763938734,0.449123,0.009080,0.000000,0.000000,0.000000,0.000000,0.344366,0.000000
13.331030,1763938839.650614,1763938734,0.449123,0.009080,0.000000,0.000800,0.000000,0.000000,0.000000,0.000000
13.351021,1763938839.670592,1763938734,0.449123,0.009077,0.000000,-0.000074,0.000000,0.000000,0.000000,0.000000
13.371084,1763938839.690695,1763938734,0.449123,0.009077,0.000000,-0.000872,0.000000,0.000000,0.688732,0.344366
13.390925,1763938839.710433,1763938734,0.449123,0.009077,0.000000,-0.000786,0.000000,0.000000,0.000000,0.000000
13.410926,1763938839.730439,1763938734,0.449123,0.009080,0.000000,0.000006,0.000000,0.000000,0.344366,0.344366
13.430985,1763938839.750520,1763938734,0.449123,0.009080,0.000000,0.000000,0.000000,0.000000,0.344366,0.000000
13.451012,1763938839.770557,1763938734,0.449123,0.009080,0.000000,0.000000,0.000000,0.000000,0.344366,0.000000
13.471035,1763938839.790587,1763938734,0.449123,0.009080,0.000000,0.000000,0.000000,0.000000,0.344366,-0.344366
13.491044,1763938839.810596,1763938734,0.449123,0.009080,0.000000,0.000868,0.000000,0.000000,-0.344366,0.000000
13.511067,1763938839.830627,1763938734,0.449123,0.009080,0.000000,0.000833,0.000000,0.000000,0.000000,0.000000
13.531065,1763938839.850618,1763938734,0.449123,0.009077,0.000000,-0.000946,0.000000,0.000000,0.344366,0.344366
13.551074,1763938839.870627,1763938734,0.449123,0.009080,0.000000,0.000939,0.000000,0.000000,-0.344366,0.344366
13.571140,1763938839.890724,1763938734,0.449123,0.009080,0.000000,0.000417,0.000000,0.000000,0.000000,0.000000
13.591132,1763938839.910703,1763938734,0.449123,0.009077,0.000000,-0.000946,0.000000,0.000000,-0.344366,0.000000
13.611130,1763938839.930691,1763938734,0.449123,0.009077,0.000000,-0.000946,0.000000,0.000000,0.000000,0.344366
13.631129,1763938839.950684,1763938734,0.449123,0.009080,0.000000,0.000001,0.000000,0.000000,-0.344366,0.000000
13.651140,1763938839.970694,1763938734,0.449123,0.009080,0.000000,0.000000,0.000000,0.000000,0.344366,-0.344366
13.671150,1763938839.990704,1763938734,0.449123,0.009080,0.000000,0.000940,0.000000,0.000000,-0.344366,0.000000
13.691160,1763938840.010714,1763938734,0.449123,0.009080,0.000000,0.000000,0.000000,0.000000,0.000000,0.000000
13.711171,1763938840.030725,1763938734,0.449123,0.009080,0.000000,0.000946,0.000000,0.000000,0.000000,0.688732
13.731166,1763938840.050713,1763938734,0.449123,0.009080,0.000000,0.000000,0.000000,0.000000,0.344366,0.000000
13.751163,1763938840.070704,1763938734,0.449123,0.009080,0.000000,0.000000,0.000000,0.000000,0.344366,0.000000
13.771184,1763938840.090730,1763938734,0.449123,0.009077,0.000000,-0.000945,0.000000,0.000000,-0.688732,0.344366
13.791192,1763938840.110739,1763938734,0.449123,0.009080,0.000000,0.000000,0.000000,0.000000,0.000000,0.000000
13.811218,1763938840.130772,1763938734,0.449123,0.009080,0.000000,0.000000,0.000000,0.000000,0.344366,-0.344366
13.831227,1763938840.150781,1763938734,0.449123,0.009080,0.000000,0.000000,0.000000,0.000000,0.344366,0.000000
13.851222,1763938840.170769,1763938734,0.449123,0.009080,0.000000,0.000932,0.000000,0.000000,-0.344366,1.033098
13.871232,1763938840.190778,1763938734,0.449123,0.009077,0.000000,-0.000935,0.000000,0.000000,0.000000,0.000000
13.891241,1763938840.210788,1763938734,0.449123,0.009080,0.000000,0.000021,0.000000,0.000000,0.000000,0.000000
13.911250,1763938840.230797,1763938734,0.449123,0.009080,0.000000,0.000000,0.000000,0.000000,0.000000,-0.344366
13.931259,1763938840.250804,1763938734,0.449123,0.009080,0.000000,0.000000,0.000000,0.000000,0.000000,0.000000
13.951268,1763938840.270814,1763938734,0.449123,0.009080,0.000000,0.000000,0.000000,0.000000,0.000000,0.000000
13.971277,1763938840.290825,1763938734,0.449123,0.009080,0.000000,0.000039,0.000000,0.000000,0.344366,0.000000
13.991265,1763938840.310801,1763938734,0.449123,0.009080,0.000000,0.000946,0.000000,0.000000,0.344366,0.000000
14.011206,1763938840.330712,1763938734,0.449123,0.009080,0.000000,0.000000,0.000000,0.000000,0.000000,0.000000
14.031234,1763938840.350749,1763938734,0.449123,0.009080,0.000000,0.000000,0.000000,0.000000,0.344366,-0.344366
14.051210,1763938840.370712,1763938734,0.449123,0.009080,0.000000,0.000000,0.000000,0.000000,-0.344366,0.344366
14.071231,1763938840.390740,1763938734,0.449123,0.009080,0.000000,0.000000,0.000000,0.000000,0.344366,0.344366
14.091247,1763938840.410763,1763938734,0.449123,0.009080,0.000000,0.000000,0.000000,0.000000,-0.344366,0.688732
14.111267,1763938840.430791,1763938734,0.449123,0.009080,0.000000,0.000767,0.000000,0.000000,-0.344366,0.000000
14.131242,1763938840.450757,1763938734,0.449123,0.009077,0.000000,-0.000946,0.000000,0.000000,0.344366,0.000000
14.151301,1763938840.470837,1763938734,0.449123,0.009077,0.000000,-0.000925,0.000000,0.000000,0.000000,0.344366
14.171300,1763938840.490833,1763938734,0.449123,0.009077,0.000000,-0.000935,0.000000,0.000000,0.344366,0.000000
14.191307,1763938840.510839,1763938734,0.449123,0.009080,0.000000,0.000021,0.000000,0.000000,0.344366,0.000000
14.211321,1763938840.530856,1763938734,0.449123,0.009080,0.000000,0.000000,0.000000,0.000000,0.000000,0.688732
14.231321,1763938840.550853,1763938734,0.449123,0.009080,0.000000,0.000000,0.000000,0.000000,-0.344366,0.000000
14.251334,1763938840.570870,1763938734,0.449123,0.009080,0.000000,0.000000,0.000000,0.000000,0.344366,0.000000
14.271334,1763938840.590867,1763938734,0.449123,0.009080,0.000000,0.000011,0.000000,0.000000,-0.344366,0.000000
14.291341,1763938840.610874,1763938734,0.449123,0.009080,0.000000,0.000000,0.000000,0.000000,0.000000,0.000000
14.311347,1763938840.630879,1763938734,0.449123,0.009080,0.000000,0.000000,0.000000,0.000000,0.688732,0.000000
14.331369,1763938840.650910,1763938734,0.449123,0.009080,0.000000,0.000000,0.000000,0.000000,0.344366,0.000000
14.351389,1763938840.670936,1763938734,0.449123,0.009080,0.000000,0.000000,0.000000,0.000000,0.344366,0.000000
14.371488,1763938840.691114,1763938734,0.449123,0.009080,0.000000,-0.000006,0.000000,0.000000,0.000000,0.000000
14.391337,1763938840.710849,1763938734,0.449123,0.009080,0.000000,0.000000,0.000000,0.000000,0.000000,0.000000
14.411327,1763938840.730838,1763938734,0.449123,0.009080,0.000000,0.000000,0.000000,0.000000,0.344366,0.000000
14.431382,1763938840.750923,1763938734,0.449123,0.009080,0.000000,0.000929,0.000000,0.000000,0.344366,0.000000
14.451465,1763938840.771073,1763938734,0.449123,0.009080,0.000000,0.000000,0.000000,0.000000,0.344366,0.000000
14.471496,1763938840.791111,1763938734,0.449123,0.009080,0.000000,0.000000,0.000000,0.000000,-0.344366,0.000000
14.491486,1763938840.811091,1763938734,0.449123,0.009080,0.000000,0.000000,0.000000,0.000000,0.344366,0.344366
14.511481,1763938840.831071,1763938734,0.449123,0.009080,0.000000,0.000000,0.000000,0.000000,0.000000,0.000000
14.531488,1763938840.851071,1763938734,0.449123,0.009080,0.000000,0.000000,0.000000,0.000000,0.344366,0.000000
14.551491,1763938840.871072,1763938734,0.449123,0.009080,0.000000,0.000000,0.000000,0.000000,0.000000,0.000000
14.571501,1763938840.891081,1763938734,0.449123,0.009080,0.000000,0.000000,0.000000,0.000000,0.000000,0.000000
14.591575,1763938840.911148,1763938734,0.449123,0.009080,0.000000,0.000000,0.000000,0.000000,0.344366,0.344366
14.611576,1763938840.931147,1763938734,0.449123,0.009080,0.000000,0.000000,0.000000,0.000000,0.344366,-0.688732
14.631578,1763938840.951140,1763938734,0.449123,0.009080,0.000000,0.000000,0.000000,0.000000,0.344366,0.000000
14.651587,1763938840.971148,1763938734,0.449123,0.009080,0.000000,0.000943,0.000000,0.000000,0.344366,0.000000
14.671587,1763938840.991141,1763938734,0.449123,0.009080,0.000000,0.000000,0.000000,0.000000,0.344366,0.344366
14.691598,1763938841.011153,1763938734,0.449123,0.009080,0.000000,0.000000,0.000000,0.000000,-0.344366,0.344366
14.711605,1763938841.031158,1763938734,0.449123,0.009080,0.000000,0.000000,0.000000,0.000000,0.344366,0.344366
14.731614,1763938841.051167,1763938734,0.449123,0.009080,0.000000,-0.000263,0.000000,0.000000,0.344366,0.000000
14.751618,1763938841.071172,1763938734,0.449123,0.009080,0.000000,0.000372,0.000000,0.000000,0.000000,0.000000
14.771632,1763938841.091177,1763938734,0.449123,0.009080,0.000000,0.000643,0.000000,0.000000,1.033098,0.688732
14.791641,1763938841.111195,1763938734,0.449123,0.009080,0.000000,0.000000,0.000000,0.000000,0.000000,-0.344366
14.811656,1763938841.131211,1763938734,0.449123,0.009080,0.000000,-0.000037,0.000000,0.000000,-0.344366,0.000000
14.831679,1763938841.151240,1763938734,0.449123,0.009080,0.000000,0.000000,0.000000,0.000000,0.000000,0.000000
14.851689,1763938841.171250,1763938734,0.449123,0.009080,0.000000,0.000000,0.000000,0.000000,0.000000,0.000000
14.871700,1763938841.191261,1763938734,0.449123,0.009080,0.000000,0.000000,0.000000,0.000000,-0.344366,0.000000
14.891712,1763938841.211273,1763938734,0.449123,0.009080,0.000000,0.000000,0.000000,0.000000,0.344366,0.344366
14.911724,1763938841.231284,1763938734,0.449123,0.009080,0.000000,0.000000,0.000000,0.000000,0.000000,0.000000
14.931734,1763938841.251295,1763938734,0.449123,0.009080,0.000000,0.000000,0.000000,0.000000,0.000000,-0.344366
14.951746,1763938841.271307,1763938734,0.449123,0.009080,0.000000,0.000000,0.000000,0.000000,0.000000,0.000000
14.971755,1763938841.291316,1763938734,0.449123,0.009080,0.000000,0.000000,0.000000,0.000000,0.344366,0.000000
14.991767,1763938841.311328,1763938734,0.449123,0.009080,0.000000,0.000000,0.000000,0.000000,0.000000,0.000000
15.011779,1763938841.331341,1763938734,0.449123,0.009080,0.000000,0.000000,0.000000,0.000000,0.000000,-0.688732
15.031792,1763938841.351353,1763938734,0.449123,0.009080,0.000000,0.000000,0.000000,0.000000,0.344366,0.000000
15.051912,1763938841.371421,1763938734,0.449123,0.009080,0.000000,0.000000,0.000000,0.000000,-0.344366,0.000000
15.071927,1763938841.391441,1763938734,0.449123,0.009080,0.000000,0.000000,0.000000,0.000000,0.000000,0.688732
15.091950,1763938841.411474,1763938734,0.449123,0.009080,0.000000,0.000000,0.000000,0.000000,0.344366,0.344366
15.112040,1763938841.431610,1763938734,0.449123,0.009080,0.000000,0.000000,0.000000,0.000000,0.000000,0.000000
15.132053,1763938841.451625,1763938734,0.449123,0.009080,0.000000,0.000000,0.000000,0.000000,0.344366,0.000000
15.152066,1763938841.471636,1763938734,0.449123,0.009080,0.000000,0.000000,0.000000,0.000000,0.344366,0.000000
15.172061,1763938841.491621,1763938734,0.449123,0.009080,0.000000,0.000000,0.000000,0.000000,0.688732,0.000000
15.192072,1763938841.511632,1763938734,0.449123,0.009080,0.000000,0.000000,0.000000,0.000000,0.688732,0.000000
15.212084,1763938841.531644,1763938734,0.449123,0.009080,0.000000,0.000000,0.000000,0.000000,0.344366,0.344366
15.232095,1763938841.551656,1763938734,0.449123,0.009080,0.000000,0.000000,0.000000,0.000000,0.000000,0.000000
15.252106,1763938841.571666,1763938734,0.449123,0.009080,0.000000,0.000000,0.000000,0.000000,0.344366,0.000000
15.272116,1763938841.591677,1763938734,0.449123,0.009080,0.000000,0.000000,0.000000,0.000000,0.000000,0.000000
15.292127,1763938841.611687,1763938734,0.449123,0.009080,0.000000,0.000000,0.000000,0.000000,0.000000,0.000000
15.312138,1763938841.631698,1763938734,0.449123,0.009080,0.000000,0.000000,0.000000,0.000000,-0.344366,0.000000
15.332148,1763938841.651708,1763938734,0.449123,0.009080,0.000000,0.000000,0.000000,0.000000,-0.344366,0.000000
15.352159,1763938841.671719,1763938734,0.449123,0.009080,0.000000,0.000000,0.000000,0.000000,0.000000,0.000000
15.372095,1763938841.691629,1763938734,0.449123,0.009080,0.000000,0.000000,0.000000,0.000000,0.688732,0.000000
15.392081,1763938841.711585,1763938734,0.449123,0.009080,0.000000,0.000000,0.000000,0.000000,0.000000,0.000000
15.412103,1763938841.731623,1763938734,0.449123,0.009080,0.000000,0.000000,0.000000,0.000000,0.000000,0.344366
15.432173,1763938841.751726,1763938734,0.449123,0.009080,0.000000,0.000000,0.000000,0.000000,0.000000,0.000000
15.452182,1763938841.771736,1763938734,0.449123,0.009080,0.000000,0.000000,0.000000,0.000000,0.000000,0.000000
15.472194,1763938841.791747,1763938734,0.449123,0.009080,0.000000,0.000000,0.000000,0.000000,0.344366,0.000000
15.492204,1763938841.811758,1763938734,0.449123,0.009080,0.000000,0.000000,0.000000,0.000000,-0.344366,0.000000
15.512225,1763938841.831783,1763938734,0.449123,0.009080,0.000000,0.000000,0.000000,0.000000,-0.344366,0.688732
15.532236,1763938841.851796,1763938734,0.449123,0.009080,0.000000,0.000000,0.000000,0.000000,0.000000,0.000000
15.552247,1763938841.871807,1763938734,0.449123,0.009080,0.000000,0.000000,0.000000,0.000000,-0.344366,0.000000
15.572256,1763938841.891813,1763938734,0.449123,0.009080,0.000000,0.000000,0.000000,0.000000,0.000000,0.344366
15.592193,1763938841.911729,1763938734,0.449123,0.009080,0.000000,0.000000,0.000000,0.000000,0.344366,0.000000
15.612213,1763938841.931757,1763938734,0.449123,0.009080,0.000000,0.000000,0.000000,0.000000,0.000000,0.000000
15.632244,1763938841.951773,1763938734,0.449123,0.009080,0.000000,0.000000,0.000000,0.000000,0.000000,0.000000
15.652235,1763938841.971795,1763938734,0.449123,0.009080,0.000000,0.000000,0.000000,0.000000,0.000000,0.000000
15.672242,1763938841.991771,1763938734,0.449123,0.009080,0.000000,0.000000,0.000000,0.000000,0.688732,0.000000
15.692245,1763938842.011770,1763938734,0.449123,0.009080,0.000000,0.000000,0.000000,0.000000,0.344366,0.000000
15.712379,1763938842.031964,1763938734,0.449123,0.009080,0.000000,0.000000,0.000000,0.000000,0.344366,0.000000
15.732390,1763938842.051960,1763938734,0.449123,0.009080,0.000000,0.000000,0.000000,0.000000,0.344366,0.344366
15.752364,1763938842.071923,1763938734,0.449123,0.009080,0.000000,0.000000,0.000000,0.000000,0.000000,0.000000
15.772377,1763938842.091930,1763938734,0.449123,0.009080,0.000000,0.000000,0.000000,0.000000,0.000000,0.000000
15.792375,1763938842.111928,1763938734,0.449123,0.009080,0.000000,0.000000,0.000000,0.000000,0.344366,0.000000
15.812378,1763938842.131933,1763938734,0.449123,0.009080,0.000000,0.000000,0.000000,0.000000,0.000000,0.000000
15.832445,1763938842.152069,1763938734,0.449123,0.009080,0.000000,0.000000,0.000000,0.000000,0.688732,0.344366
15.852436,1763938842.172024,1763938734,0.449123,0.009080,0.000000,0.000000,0.000000,0.000000,0.000000,0.344366
15.872431,1763938842.191991,1763938734,0.449123,0.009080,0.000000,0.000000,0.000000,0.000000,0.688732,0.000000
15.892440,1763938842.211999,1763938734,0.449123,0.009080,0.000000,0.000000,0.000000,0.000000,0.000000,0.000000
15.912451,1763938842.232040,1763938734,0.449123,0.009080,0.000000,0.000000,0.000000,0.000000,0.000000,0.344366
15.932371,1763938842.251893,1763938734,0.449123,0.009080,0.000000,0.000000,0.000000,0.000000,0.688732,0.344366
15.952458,1763938842.272029,1763938734,0.449123,0.009080,0.000000,0.000000,0.000000,0.000000,0.344366,0.344366
15.972467,1763938842.292048,1763938734,0.449123,0.009080,0.000000,0.000000,0.000000,0.000000,0.344366,0.000000
15.992476,1763938842.312051,1763938734,0.449123,0.009080,0.000000,0.000000,0.000000,0.000000,0.344366,0.000000
16.012486,1763938842.332072,1763938734,0.449123,0.009080,0.000000,0.000000,0.000000,0.000000,-0.344366,0.000000
16.032496,1763938842.352074,1763938734,0.449123,0.009080,0.000000,0.000000,0.000000,0.000000,0.000000,0.000000
16.052465,1763938842.372044,1763938734,0.449123,0.009080,0.000000,0.000000,0.000000,0.000000,0.344366,0.000000
16.072431,1763938842.391944,1763938734,0.449123,0.009080,0.000000,0.000000,0.000000,0.000000,0.344366,0.000000
16.092466,1763938842.411996,1763938734,0.449123,0.009080,0.000000,0.000000,0.000000,0.000000,0.000000,0.344366
16.112485,1763938842.432045,1763938734,0.449123,0.009080,0.000000,0.000000,0.000000,0.000000,0.000000,0.000000
16.132478,1763938842.452028,1763938734,0.449123,0.009080,0.000000,0.000000,0.000000,0.000000,0.344366,0.000000
16.152615,1763938842.472199,1763938734,0.449123,0.009080,0.000000,0.000000,0.000000,0.000000,-0.344366,0.000000
16.172614,1763938842.492185,1763938734,0.449123,0.009080,0.000000,0.000000,0.000000,0.000000,0.000000,0.000000
16.192614,1763938842.512174,1763938734,0.449123,0.009080,0.000000,0.000000,0.000000,0.000000,0.000000,0.000000
16.212620,1763938842.532180,1763938734,0.449123,0.009080,0.000000,0.000000,0.000000,0.000000,0.000000,0.000000
16.232627,1763938842.552188,1763938734,0.449123,0.009080,0.000000,0.000000,0.000000,0.000000,0.344366,0.344366
16.252634,1763938842.572195,1763938734,0.449123,0.009080,0.000000,0.000000,0.000000,0.000000,0.000000,0.344366
16.272632,1763938842.592187,1763938734,0.449123,0.009080,0.000000,0.000000,0.000000,0.000000,-0.344366,0.344366
16.292640,1763938842.612193,1763938734,0.449123,0.009080,0.000000,0.000000,0.000000,0.000000,-0.344366,-0.344366
16.312667,1763938842.632228,1763938734,0.449123,0.009080,0.000000,0.000000,0.000000,0.000000,0.000000,0.688732
16.332678,1763938842.652239,1763938734,0.449123,0.009080,0.000000,0.000000,0.000000,0.000000,0.000000,0.688732
16.352690,1763938842.672250,1763938734,0.449123,0.009080,0.000000,0.000945,0.000000,0.000000,-0.344366,0.344366
16.372699,1763938842.692253,1763938734,0.449123,0.009080,0.000000,0.000000,0.000000,0.000000,0.688732,0.000000
16.392606,1763938842.712113,1763938734,0.449123,0.009077,0.000000,-0.000872,0.000000,0.000000,0.688732,0.000000
16.412660,1763938842.732191,1763938734,0.449123,0.009080,0.000000,0.000264,0.000000,0.000000,0.000000,-0.344366
16.432746,1763938842.752276,1763938734,0.449123,0.009080,0.000000,0.000946,0.000000,0.000000,0.000000,0.000000
16.452757,1763938842.772293,1763938734,0.449123,0.009080,0.000000,0.000000,0.000000,0.000000,0.688732,0.000000
16.472851,1763938842.792394,1763938734,0.449123,0.009080,0.000000,0.000946,0.000000,0.000000,0.000000,0.344366
16.492858,1763938842.812402,1763938734,0.449123,0.009080,0.000000,0.000925,0.000000,0.000000,0.000000,0.000000
16.512866,1763938842.832409,1763938734,0.449123,0.009080,0.000000,0.000000,0.000000,0.000000,-0.344366,0.000000
16.532863,1763938842.852399,1763938734,0.449123,0.009080,0.000000,0.000000,0.000000,0.000000,0.344366,0.000000
16.552869,1763938842.872404,1763938734,0.449123,0.009080,0.000000,0.000000,0.000000,0.000000,0.344366,0.344366
16.572875,1763938842.892411,1763938734,0.449123,0.009080,0.000000,0.000000,0.000000,0.000000,0.000000,0.000000
16.592880,1763938842.912415,1763938734,0.449123,0.009080,0.000000,0.000000,0.000000,0.000000,0.000000,0.000000
16.612887,1763938842.932423,1763938734,0.449123,0.009080,0.000000,0.000000,0.000000,0.000000,-0.344366,0.000000
16.633011,1763938842.952595,1763938734,0.449123,0.009080,0.000000,0.000000,0.000000,0.000000,0.344366,0.344366
16.653025,1763938842.972609,1763938734,0.449123,0.009080,0.000000,0.000000,0.000000,0.000000,-0.344366,0.000000
16.672929,1763938842.992474,1763938734,0.449123,0.009080,0.000000,0.000000,0.000000,0.000000,-0.344366,-0.344366
16.692938,1763938843.012483,1763938734,0.449123,0.009080,0.000000,0.000000,0.000000,0.000000,-0.344366,0.000000
16.712946,1763938843.032490,1763938734,0.449123,0.009080,0.000000,0.000000,0.000000,0.000000,0.000000,0.688732
16.733063,1763938843.052647,1763938734,0.449123,0.009080,0.000000,0.000000,0.000000,0.000000,0.000000,0.000000
16.753076,1763938843.072660,1763938734,0.449123,0.009080,0.000000,0.000000,0.000000,0.000000,0.344366,0.000000
16.773090,1763938843.092674,1763938734,0.449123,0.009080,0.000000,0.000000,0.000000,0.000000,0.344366,0.000000
16.793079,1763938843.112649,1763938734,0.449123,0.009080,0.000000,0.000000,0.000000,0.000000,0.344366,0.000000
16.813074,1763938843.132634,1763938734,0.449123,0.009080,0.000000,0.000000,0.000000,0.000000,0.000000,0.344366
16.833085,1763938843.152646,1763938734,0.449123,0.009080,0.000000,0.000000,0.000000,0.000000,0.000000,0.344366
16.853084,1763938843.172637,1763938734,0.449123,0.009080,0.000000,0.000000,0.000000,0.000000,0.344366,0.344366
16.873106,1763938843.192666,1763938734,0.449123,0.009080,0.000000,0.000000,0.000000,0.000000,0.344366,0.000000
16.893118,1763938843.212678,1763938734,0.449123,0.009080,0.000000,0.000000,0.000000,0.000000,0.000000,0.000000
16.913127,1763938843.232688,1763938734,0.449123,0.009080,0.000000,0.000000,0.000000,0.000000,0.344366,0.000000
16.933139,1763938843.252699,1763938734,0.449123,0.009080,0.000000,0.000000,0.000000,0.000000,0.344366,0.000000
16.953135,1763938843.272688,1763938734,0.449123,0.009080,0.000000,0.000000,0.000000,0.000000,0.688732,0.000000
16.973162,1763938843.292724,1763938734,0.449123,0.009080,0.000000,0.000000,0.000000,0.000000,-0.344366,0.344366
16.993211,1763938843.312794,1763938734,0.449123,0.009080,0.000000,0.000000,0.000000,0.000000,0.344366,0.000000
17.013225,1763938843.332810,1763938734,0.449123,0.009080,0.000000,0.000000,0.000000,0.000000,0.000000,0.000000
17.033215,1763938843.352785,1763938734,0.449123,0.009080,0.000000,0.000000,0.000000,0.000000,0.000000,0.344366
17.053320,1763938843.372944,1763938734,0.449123,0.009077,0.000000,-0.000945,0.000000,0.000000,0.688732,0.344366
17.073174,1763938843.392698,1763938734,0.449123,0.009080,0.000000,0.000000,0.000000,0.000000,-1.033098,0.344366
17.093247,1763938843.412807,1763938734,0.449123,0.009080,0.000000,0.000943,0.000000,0.000000,0.000000,0.000000
17.113273,1763938843.432845,1763938734,0.449123,0.009077,0.000000,-0.000943,0.000000,0.000000,-0.344366,0.000000
17.133275,1763938843.452844,1763938734,0.449123,0.009080,0.000000,0.000011,0.000000,0.000000,0.000000,0.000000
17.153283,1763938843.472852,1763938734,0.449123,0.009080,0.000000,0.000945,0.000000,0.000000,-0.344366,0.000000
17.173299,1763938843.492868,1763938734,0.449123,0.009080,0.000000,0.000000,0.000000,0.000000,0.000000,0.000000
17.193307,1763938843.512880,1763938734,0.449123,0.009080,0.000000,0.000000,0.000000,0.000000,0.000000,0.000000
17.213317,1763938843.532887,1763938734,0.449123,0.009080,0.000000,0.000000,0.000000,0.000000,0.000000,0.344366
17.233318,1763938843.552888,1763938734,0.449123,0.009080,0.000000,0.000000,0.000000,0.000000,0.344366,0.344366
17.253333,1763938843.572902,1763938734,0.449123,0.009080,0.000000,0.000000,0.000000,0.000000,0.000000,0.000000
17.273312,1763938843.592871,1763938734,0.449123,0.009080,0.000000,0.000000,0.000000,0.000000,-0.344366,-0.344366
17.293342,1763938843.612912,1763938734,0.449123,0.009080,0.000000,0.000000,0.000000,0.000000,0.000000,0.000000
17.313344,1763938843.632903,1763938734,0.449123,0.009080,0.000000,0.000000,0.000000,0.000000,-0.344366,0.344366
17.333367,1763938843.652939,1763938734,0.449123,0.009080,0.000000,0.000000,0.000000,0.000000,0.000000,0.000000
17.353366,1763938843.672936,1763938734,0.449123,0.009080,0.000000,0.000000,0.000000,0.000000,0.000000,0.000000
17.373306,1763938843.692851,1763938734,0.449123,0.009080,0.000000,0.000000,0.000000,0.000000,0.344366,0.000000
17.393382,1763938843.712884,1763938734,0.449123,0.009080,0.000000,0.000000,0.000000,0.000000,0.000000,0.344366
17.413425,1763938843.732947,1763938734,0.449123,0.009080,0.000000,0.000000,0.000000,0.000000,0.000000,0.000000
17.433441,1763938843.752971,1763938734,0.449123,0.009080,0.000000,0.000000,0.000000,0.000000,0.000000,0.344366
17.453471,1763938843.773027,1763938734,0.449123,0.009080,0.000000,0.000000,0.000000,0.000000,0.000000,0.688732
17.473576,1763938843.793162,1763938734,0.449123,0.009080,0.000000,0.000000,0.000000,0.000000,0.344366,0.344366
17.493557,1763938843.813118,1763938734,0.449123,0.009080,0.000000,0.000000,0.000000,0.000000,0.000000,0.000000
17.513574,1763938843.833136,1763938734,0.449123,0.009080,0.000000,0.000000,0.000000,0.000000,0.000000,0.000000
17.533569,1763938843.853123,1763938734,0.449123,0.009080,0.000000,0.000000,0.000000,0.000000,0.000000,-0.344366
17.553537,1763938843.873077,1763938734,0.449123,0.009080,0.000000,0.000000,0.000000,0.000000,0.000000,0.000000
17.573584,1763938843.893138,1763938734,0.449123,0.009080,0.000000,0.000000,0.000000,0.000000,0.000000,-0.344366
17.593596,1763938843.913149,1763938734,0.449123,0.009080,0.000000,0.000000,0.000000,0.000000,0.000000,0.000000
17.613606,1763938843.933160,1763938734,0.449123,0.009080,0.000000,0.000000,0.000000,0.000000,0.000000,0.000000
17.633612,1763938843.953165,1763938734,0.449123,0.009080,0.000000,0.000000,0.000000,0.000000,0.000000,0.000000
17.653602,1763938843.973148,1763938734,0.449123,0.009080,0.000000,0.000000,0.000000,0.000000,0.000000,0.000000
17.673614,1763938843.993160,1763938734,0.449123,0.009080,0.000000,0.000000,0.000000,0.000000,0.000000,0.000000
17.693620,1763938844.013165,1763938734,0.449123,0.009080,0.000000,0.000000,0.000000,0.000000,0.344366,0.344366
17.713649,1763938844.033202,1763938734,0.449123,0.009080,0.000000,0.000944,0.000000,0.000000,0.000000,0.344366
17.733660,1763938844.053213,1763938734,0.449123,0.009077,0.000000,-0.000946,0.000000,0.000000,0.000000,0.344366
17.753685,1763938844.073247,1763938734,0.449123,0.009080,0.000000,0.000000,0.000000,0.000000,0.000000,0.344366
17.773925,1763938844.093521,1763938734,0.449123,0.009080,0.000000,0.000000,0.000000,0.000000,-0.344366,0.000000
17.793748,1763938844.113333,1763938734,0.449123,0.009080,0.000000,0.000000,0.000000,0.000000,0.344366,0.688732
17.813760,1763938844.133344,1763938734,0.449123,0.009080,0.000000,0.000000,0.000000,0.000000,0.000000,-1.721829
17.833734,1763938844.153294,1763938734,0.449123,0.009080,0.000000,0.000000,0.000000,0.000000,0.344366,0.000000
17.853744,1763938844.173305,1763938734,0.449123,0.009080,0.000000,0.000000,0.000000,0.000000,0.000000,-0.344366
17.873755,1763938844.193315,1763938734,0.449123,0.009080,0.000000,0.000000,0.000000,0.000000,0.344366,0.000000
17.893765,1763938844.213326,1763938734,0.449123,0.009080,0.000000,0.000000,0.000000,0.000000,0.344366,0.000000
17.913776,1763938844.233337,1763938734,0.449123,0.009080,0.000000,0.000000,0.000000,0.000000,0.344366,0.000000
17.933749,1763938844.253289,1763938734,0.449123,0.009080,0.000000,0.000000,0.000000,0.000000,-0.344366,0.344366
17.953783,1763938844.273337,1763938734,0.449123,0.009080,0.000000,0.000000,0.000000,0.000000,0.344366,0.000000
17.973793,1763938844.293347,1763938734,0.449123,0.009080,0.000000,0.000000,0.000000,0.000000,0.344366,0.000000
17.993803,1763938844.313357,1763938734,0.449123,0.009080,0.000000,0.000000,0.000000,0.000000,-0.344366,0.000000
18.013865,1763938844.333450,1763938734,0.449123,0.009080,0.000000,0.000000,0.000000,0.000000,0.000000,0.000000
18.033879,1763938844.353463,1763938734,0.449123,0.009080,0.000000,0.000000,0.000000,0.000000,-0.344366,0.000000
18.053922,1763938844.373545,1763938734,0.449123,0.009080,0.000000,0.000000,0.000000,0.000000,-0.344366,0.344366
18.073769,1763938844.393283,1763938734,0.449123,0.009080,0.000000,0.000000,0.000000,0.000000,0.000000,0.344366
18.093851,1763938844.413405,1763938734,0.449123,0.009080,0.000000,0.000000,0.000000,0.000000,0.000000,0.000000
18.113865,1763938844.433411,1763938734,0.449123,0.009080,0.000000,0.000000,0.000000,0.000000,0.000000,0.344366
18.134002,1763938844.453586,1763938734,0.449127,0.009080,0.000264,0.000000,0.000000,0.000000,0.000000,0.344366
18.154034,1763938844.473628,1763938734,0.449127,0.009080,0.000000,0.000000,0.000000,0.000000,-0.344366,0.344366
18.174006,1763938844.493576,1763938734,0.449127,0.009080,0.000000,0.000000,0.000000,0.000000,0.344366,0.000000
18.194002,1763938844.513563,1763938734,0.449123,0.009080,0.000000,0.000000,0.000000,0.000000,0.344366,-0.344366
18.214012,1763938844.533571,1763938734,0.449123,0.009080,0.000000,0.000000,0.000000,0.000000,0.000000,0.000000
18.234076,1763938844.553674,1763938734,0.449123,0.009080,0.000000,0.000000,0.000000,0.000000,0.344366,0.000000
18.254081,1763938844.573664,1763938734,0.449123,0.009080,0.000000,0.000000,0.000000,0.000000,0.000000,0.000000
18.274095,1763938844.593680,1763938734,0.449123,0.009080,0.000000,0.000000,0.000000,0.000000,0.344366,0.000000
18.294109,1763938844.613693,1763938734,0.449123,0.009080,0.000000,0.000000,0.000000,0.000000,-0.344366,0.000000
18.314123,1763938844.633693,1763938734,0.449123,0.009080,0.000000,0.000000,0.000000,0.000000,0.688732,0.344366
18.334096,1763938844.653656,1763938734,0.449123,0.009080,0.000000,0.000000,0.000000,0.000000,0.688732,0.000000
18.354107,1763938844.673667,1763938734,0.449123,0.009080,0.000000,0.000000,0.000000,0.000000,0.688732,0.000000
18.374045,1763938844.693582,1763938734,0.449123,0.009080,0.000000,0.000000,0.000000,0.000000,-0.344366,0.000000
18.394034,1763938844.713546,1763938734,0.449123,0.009080,0.000000,0.000000,0.000000,0.000000,-0.344366,0.000000
18.414061,1763938844.733585,1763938734,0.449123,0.009080,0.000000,0.000000,0.000000,0.000000,0.000000,-0.344366
18.434082,1763938844.753613,1763938734,0.449123,0.009080,0.000000,0.000000,0.000000,0.000000,-0.344366,0.000000
18.454105,1763938844.773644,1763938734,0.449123,0.009080,0.000000,0.000000,0.000000,0.000000,-0.344366,0.688732
18.474113,1763938844.793653,1763938734,0.449123,0.009080,0.000000,0.000000,0.000000,0.000000,0.000000,0.000000
18.494132,1763938844.813678,1763938734,0.449123,0.009080,0.000000,0.000000,0.000000,0.000000,0.344366,0.344366
18.514209,1763938844.833793,1763938734,0.449123,0.009080,0.000000,0.000000,0.000000,0.000000,0.344366,0.344366
18.534222,1763938844.853806,1763938734,0.449123,0.009080,0.000000,0.000000,0.000000,0.000000,0.000000,0.344366
18.554212,1763938844.873781,1763938734,0.449123,0.009080,0.000000,0.000000,0.000000,0.000000,0.000000,0.344366
18.574206,1763938844.893768,1763938734,0.449123,0.009080,0.000000,0.000000,0.000000,0.000000,-0.344366,0.000000
18.594215,1763938844.913775,1763938734,0.449123,0.009080,0.000000,0.000000,0.000000,0.000000,-0.344366,0.000000
18.614227,1763938844.933786,1763938734,0.449123,0.009080,0.000000,0.000000,0.000000,0.000000,0.000000,0.000000
18.634236,1763938844.953796,1763938734,0.449123,0.009080,0.000000,0.000000,0.000000,0.000000,0.000000,0.000000
18.654247,1763938844.973807,1763938734,0.449123,0.009080,0.000000,0.000000,0.000000,0.000000,0.000000,0.344366
18.674258,1763938844.993818,1763938734,0.449123,0.009080,0.000000,0.000000,0.000000,0.000000,-0.344366,0.000000
18.694255,1763938845.013808,1763938734,0.449123,0.009080,0.000000,0.000000,0.000000,0.000000,0.000000,0.000000
18.714278,1763938845.033839,1763938734,0.449123,0.009080,0.000000,0.000000,0.000000,0.000000,0.000000,0.000000
18.734288,1763938845.053847,1763938734,0.449123,0.009080,0.000000,0.000000,0.000000,0.000000,0.000000,0.000000
18.754299,1763938845.073859,1763938734,0.449123,0.009080,0.000000,0.000000,0.000000,0.000000,0.000000,0.688732
18.774309,1763938845.093870,1763938734,0.449123,0.009080,0.000000,0.000000,0.000000,0.000000,0.000000,0.000000
18.794307,1763938845.113860,1763938734,0.449123,0.009080,0.000000,0.000000,0.000000,0.000000,0.000000,0.000000
18.814317,1763938845.133870,1763938734,0.449123,0.009080,0.000000,0.000000,0.000000,0.000000,0.344366,0.344366
18.834378,1763938845.153962,1763938734,0.449123,0.009080,0.000000,0.000000,0.000000,0.000000,0.000000,0.000000
18.854392,1763938845.173977,1763938734,0.449123,0.009080,0.000000,0.000000,0.000000,0.000000,0.000000,-0.344366
18.874372,1763938845.193931,1763938734,0.449123,0.009080,0.000000,0.000000,0.000000,0.000000,0.000000,-0.344366
18.894377,1763938845.213938,1763938734,0.449123,0.009080,0.000000,0.000000,0.000000,0.000000,0.000000,0.344366
18.914377,1763938845.233930,1763938734,0.449123,0.009080,0.000000,0.000000,0.000000,0.000000,0.000000,0.000000
18.934357,1763938845.253897,1763938734,0.449123,0.009080,0.000000,0.000000,0.000000,0.000000,-0.344366,0.000000
18.954376,1763938845.273921,1763938734,0.449123,0.009080,0.000000,0.000000,0.000000,0.000000,-0.688732,0.344366
18.974385,1763938845.293931,1763938734,0.449123,0.009080,0.000000,0.000000,0.000000,0.000000,-0.344366,0.000000
18.994361,1763938845.313890,1763938734,0.449123,0.009080,0.000000,0.000000,0.000000,0.000000,0.344366,0.000000
19.014311,1763938845.333812,1763938734,0.449123,0.009080,0.000000,0.000000,0.000000,0.000000,0.344366,0.344366
19.034323,1763938845.353827,1763938734,0.449123,0.009080,0.000000,0.000000,0.000000,0.000000,0.000000,0.000000
19.054316,1763938845.373818,1763938734,0.449123,0.009080,0.000000,0.000000,0.000000,0.000000,0.000000,0.000000
19.074325,1763938845.393832,1763938734,0.449123,0.009080,0.000000,0.000000,0.000000,0.000000,-0.344366,-0.344366
19.094336,1763938845.413847,1763938734,0.449123,0.009080,0.000000,0.000000,0.000000,0.000000,0.344366,0.000000
19.114330,1763938845.433838,1763938734,0.449123,0.009080,0.000000,0.000000,0.000000,0.000000,0.000000,0.000000
19.134353,1763938845.453864,1763938734,0.449123,0.009080,0.000000,0.000000,0.000000,0.000000,0.344366,0.000000
19.154362,1763938845.473878,1763938734,0.449123,0.009080,0.000000,0.000000,0.000000,0.000000,0.000000,0.344366
19.174370,1763938845.493912,1763938734,0.449123,0.009080,0.000000,0.000000,0.000000,0.000000,-0.344366,0.000000
19.194395,1763938845.513916,1763938734,0.449123,0.009080,0.000000,0.000000,0.000000,0.000000,0.000000,0.000000
19.214440,1763938845.533986,1763938734,0.449123,0.009080,0.000000,0.000000,0.000000,0.000000,0.000000,0.000000
19.234427,1763938845.553951,1763938734,0.449123,0.009080,0.000000,0.000000,0.000000,0.000000,0.344366,-0.344366
19.254441,1763938845.573971,1763938734,0.449123,0.009080,0.000000,0.000000,0.000000,0.000000,0.344366,0.344366
19.274484,1763938845.594023,1763938734,0.449123,0.009080,0.000000,0.000000,0.000000,0.000000,0.000000,0.000000
19.294541,1763938845.614070,1763938734,0.449123,0.009080,0.000000,0.000000,0.000000,0.000000,0.000000,0.000000
19.314498,1763938845.634048,1763938734,0.449123,0.009080,0.000000,0.000000,0.000000,0.000000,0.000000,0.000000
19.334524,1763938845.654054,1763938734,0.449123,0.009080,0.000000,0.000000,0.000000,0.000000,0.000000,0.344366
19.354543,1763938845.674073,1763938734,0.449123,0.009080,0.000000,0.000000,0.000000,0.000000,0.344366,-0.344366
19.374555,1763938845.694085,1763938734,0.449123,0.009080,0.000000,0.000000,0.000000,0.000000,0.344366,0.344366
19.394538,1763938845.714054,1763938734,0.449123,0.009080,0.000000,0.000000,0.000000,0.000000,-0.344366,0.000000
19.414621,1763938845.734166,1763938734,0.449123,0.009080,0.000000,0.000000,0.000000,0.000000,0.688732,0.000000
19.434654,1763938845.754207,1763938734,0.449123,0.009080,0.000000,0.000000,0.000000,0.000000,0.000000,-0.344366
19.454669,1763938845.774222,1763938734,0.449123,0.009080,0.000000,0.000000,0.000000,0.000000,0.344366,-0.344366
19.474686,1763938845.794247,1763938734,0.449123,0.009080,0.000000,0.000000,0.000000,0.000000,0.000000,-0.344366
19.494697,1763938845.814250,1763938734,0.449123,0.009080,0.000000,0.000000,0.000000,0.000000,0.344366,0.000000
19.514707,1763938845.834269,1763938734,0.449123,0.009080,0.000000,0.000000,0.000000,0.000000,0.000000,0.000000
19.534719,1763938845.854279,1763938734,0.449123,0.009080,0.000000,0.000000,0.000000,0.000000,-0.344366,0.000000
19.554729,1763938845.874290,1763938734,0.449123,0.009080,0.000000,0.000000,0.000000,0.000000,0.344366,0.344366
19.574740,1763938845.894300,1763938734,0.449123,0.009080,0.000000,0.000000,0.000000,0.000000,0.000000,0.688732
19.594762,1763938845.914323,1763938734,0.449123,0.009080,0.000000,0.000000,0.000000,0.000000,-0.344366,0.344366
19.614761,1763938845.934321,1763938734,0.449123,0.009080,0.000000,0.000000,0.000000,0.000000,0.000000,-0.344366
19.634771,1763938845.954331,1763938734,0.449123,0.009080,0.000000,0.000000,0.000000,0.000000,0.688732,0.000000
19.654783,1763938845.974344,1763938734,0.449123,0.009080,0.000000,0.000000,0.000000,0.000000,0.344366,-0.344366
19.674793,1763938845.994354,1763938734,0.449123,0.009080,0.000000,0.000000,0.000000,0.000000,0.000000,-0.344366
19.694804,1763938846.014366,1763938734,0.449123,0.009080,0.000000,0.000000,0.000000,0.000000,0.000000,0.000000
19.714950,1763938846.034504,1763938734,0.449123,0.009080,0.000000,0.000000,0.000000,0.000000,0.344366,0.344366
19.734902,1763938846.054490,1763938734,0.449123,0.009080,0.000000,0.000000,0.000000,0.000000,0.000000,0.344366
19.755019,1763938846.074603,1763938734,0.449123,0.009080,0.000000,0.000000,0.000000,0.000000,0.000000,0.344366
19.775033,1763938846.094618,1763938734,0.449123,0.009080,0.000000,0.000000,0.000000,0.000000,0.000000,0.000000
19.795022,1763938846.114593,1763938734,0.449123,0.009080,0.000000,0.000000,0.000000,0.000000,-0.344366,0.000000
19.815017,1763938846.134577,1763938734,0.449123,0.009080,0.000000,0.000000,0.000000,0.000000,0.000000,0.000000
19.835027,1763938846.154588,1763938734,0.449123,0.009080,0.000000,0.000000,0.000000,0.000000,0.000000,0.000000
19.855077,1763938846.174661,1763938734,0.449123,0.009080,0.000000,0.000000,0.000000,0.000000,0.000000,0.344366
19.875091,1763938846.194675,1763938734,0.449123,0.009080,0.000000,0.000000,0.000000,0.000000,0.344366,0.000000
19.895082,1763938846.214652,1763938734,0.449123,0.009080,0.000000,0.000000,0.000000,0.000000,0.344366,0.344366
19.915094,1763938846.234664,1763938734,0.449123,0.009080,0.000000,0.000000,0.000000,0.000000,0.344366,0.344366
19.935089,1763938846.254649,1763938734,0.449123,0.009080,0.000000,0.000000,0.000000,0.000000,0.688732,0.000000
19.955099,1763938846.274658,1763938734,0.449123,0.009080,0.000000,0.000000,0.000000,0.000000,0.344366,0.000000
19.975111,1763938846.294671,1763938734,0.449123,0.009080,0.000000,0.000000,0.000000,0.000000,0.344366,-0.344366
19.995108,1763938846.314662,1763938734,0.449123,0.009080,0.000000,0.000000,0.000000,0.000000,0.000000,0.000000
20.015132,1763938846.334692,1763938734,0.449123,0.009080,0.000000,0.000000,0.000000,0.000000,0.344366,0.000000
20.035143,1763938846.354703,1763938734,0.449123,0.009080,0.000000,0.000000,0.000000,0.000000,0.000000,0.000000
20.055040,1763938846.374542,1763938734,0.449123,0.009080,0.000000,0.000000,0.000000,0.000000,0.688732,0.000000
20.075076,1763938846.394593,1763938734,0.449123,0.009080,0.000000,0.000000,0.000000,0.000000,-0.688732,0.344366
20.095103,1763938846.414631,1763938734,0.449123,0.009080,0.000000,0.000000,0.000000,0.000000,0.000000,0.000000
20.115132,1763938846.434672,1763938734,0.449123,0.009080,0.000000,0.000000,0.000000,0.000000,0.344366,0.000000
20.135167,1763938846.454721,1763938734,0.449123,0.009080,0.000000,0.000000,0.000000,0.000000,0.000000,0.000000
20.155178,1763938846.474732,1763938734,0.449123,0.009080,0.000000,0.000000,0.000000,0.000000,0.000000,0.000000
20.175327,1763938846.494916,1763938734,0.449123,0.009080,0.000000,0.000000,0.000000,0.000000,0.000000,0.000000
20.195290,1763938846.514912,1763938734,0.449123,0.009080,0.000000,0.000000,0.000000,0.000000,0.688732,0.000000
20.215268,1763938846.534866,1763938734,0.449123,0.009080,0.000000,0.000000,0.000000,0.000000,0.000000,0.000000
20.235186,1763938846.554729,1763938734,0.449123,0.009080,0.000000,0.000000,0.000000,0.000000,0.344366,0.000000
20.255258,1763938846.574802,1763938734,0.449123,0.009080,0.000000,0.000000,0.000000,0.000000,0.344366,0.000000
20.275256,1763938846.594790,1763938734,0.449123,0.009080,0.000000,0.000000,0.000000,0.000000,0.688732,-1.033098
20.295326,1763938846.614856,1763938734,0.449123,0.009080,0.000000,0.000000,0.000000,0.000000,0.000000,0.000000
20.315323,1763938846.634853,1763938734,0.449123,0.009080,0.000000,0.000000,0.000000,0.000000,0.000000,0.000000
20.335303,1763938846.654833,1763938734,0.449123,0.009080,0.000000,0.000000,0.000000,0.000000,0.344366,0.000000
20.355336,1763938846.674862,1763938734,0.449123,0.009080,0.000000,0.000000,0.000000,0.000000,-0.344366,0.000000
20.375429,1763938846.694990,1763938734,0.449123,0.009080,0.000000,0.000000,0.000000,0.000000,0.344366,0.000000
20.395346,1763938846.714857,1763938734,0.449123,0.009080,0.000000,0.000000,0.000000,0.000000,0.000000,-0.344366
20.415347,1763938846.734858,1763938734,0.449123,0.009080,0.000000,0.000000,0.000000,0.000000,0.344366,0.344366
20.435353,1763938846.754865,1763938734,0.449123,0.009080,0.000000,0.000000,0.000000,0.000000,0.344366,0.000000
20.455361,1763938846.774877,1763938734,0.449123,0.009080,0.000000,0.000000,0.000000,0.000000,0.344366,0.000000
20.475370,1763938846.794891,1763938734,0.449123,0.009080,0.000000,0.000000,0.000000,0.000000,-0.344366,0.000000
20.495419,1763938846.814943,1763938734,0.449123,0.009080,0.000000,0.000000,0.000000,0.000000,0.688732,0.000000
20.515431,1763938846.834955,1763938734,0.449123,0.009080,0.000000,0.000000,0.000000,0.000000,0.000000,0.688732
20.535441,1763938846.854971,1763938734,0.449123,0.009080,0.000000,0.000000,0.000000,0.000000,-0.344366,0.000000
20.555581,1763938846.875153,1763938734,0.449123,0.009080,0.000000,0.000000,0.000000,0.000000,0.344366,0.000000
20.575468,1763938846.895013,1763938734,0.449123,0.009080,0.000000,0.000000,0.000000,0.000000,-0.344366,0.000000
20.595584,1763938846.915146,1763938734,0.449123,0.009080,0.000000,0.000000,0.000000,0.000000,0.000000,0.000000
20.615613,1763938846.935185,1763938734,0.449123,0.009080,0.000000,0.000000,0.000000,0.000000,0.000000,0.000000
20.635541,1763938846.955086,1763938734,0.449123,0.009080,0.000000,0.000000,0.000000,0.000000,0.000000,0.000000
20.655550,1763938846.975095,1763938734,0.449123,0.009080,0.000000,0.000000,0.000000,0.000000,0.344366,0.000000
20.675712,1763938846.995296,1763938734,0.449123,0.009080,0.000000,0.000000,0.000000,0.000000,0.344366,0.344366
20.695726,1763938847.015312,1763938734,0.449123,0.009080,0.000000,0.000000,0.000000,0.000000,0.344366,0.000000
20.715716,1763938847.035286,1763938734,0.449123,0.009080,0.000000,0.000000,0.000000,0.000000,0.000000,0.344366
20.735730,1763938847.055300,1763938734,0.449123,0.009080,0.000000,0.000000,0.000000,0.000000,0.688732,0.344366
20.755724,1763938847.075284,1763938734,0.449123,0.009080,0.000000,0.000000,0.000000,0.000000,-0.344366,0.000000
20.775774,1763938847.095359,1763938734,0.449123,0.009080,0.000000,0.000000,0.000000,0.000000,0.688732,0.000000
20.795788,1763938847.115373,1763938734,0.449123,0.009080,0.000000,0.000000,0.000000,0.000000,0.000000,0.000000
20.815778,1763938847.135348,1763938734,0.449123,0.009080,0.000000,0.000000,0.000000,0.000000,0.344366,0.000000
20.835774,1763938847.155335,1763938734,0.449123,0.009080,0.000000,0.000000,0.000000,0.000000,0.344366,0.000000
20.855786,1763938847.175346,1763938734,0.449123,0.009080,0.000000,0.000000,0.000000,0.000000,-0.344366,0.000000
20.875798,1763938847.195358,1763938734,0.449123,0.009080,0.000000,0.000000,0.000000,0.000000,0.344366,0.344366
20.895940,1763938847.215499,1763938734,0.449123,0.009080,0.000000,0.000000,0.000000,0.000000,0.000000,0.000000
20.915951,1763938847.235511,1763938734,0.449123,0.009080,0.000000,0.000000,0.000000,0.000000,0.344366,0.000000
20.935961,1763938847.255522,1763938734,0.449123,0.009080,0.000000,0.000000,0.000000,0.000000,-0.344366,0.000000
20.955971,1763938847.275532,1763938734,0.449123,0.009080,0.000000,0.000000,0.000000,0.000000,0.000000,0.000000
20.975983,1763938847.295544,1763938734,0.449123,0.009080,0.000000,0.000000,0.000000,0.000000,-0.344366,0.000000
20.995994,1763938847.315554,1763938734,0.449123,0.009080,0.000000,0.000000,0.000000,0.000000,0.688732,0.000000
21.015998,1763938847.335558,1763938734,0.449123,0.009080,0.000000,0.000000,0.000000,0.000000,0.688732,0.000000
21.036014,1763938847.355575,1763938734,0.449123,0.009080,0.000000,0.000000,0.000000,0.000000,0.344366,0.000000
21.056112,1763938847.375738,1763938734,0.449123,0.009080,0.000000,0.000000,0.000000,0.000000,0.000000,-0.344366
21.075955,1763938847.395475,1763938734,0.449123,0.009080,0.000000,0.000000,0.000000,0.000000,0.000000,0.344366
21.096025,1763938847.415572,1763938734,0.449123,0.009080,0.000000,0.000000,0.000000,0.000000,0.000000,0.000000
21.116033,1763938847.435587,1763938734,0.449123,0.009080,0.000000,0.000000,0.000000,0.000000,-0.344366,0.000000
21.136045,1763938847.455597,1763938734,0.449123,0.009080,0.000000,0.000000,0.000000,0.000000,0.000000,0.000000
21.156067,1763938847.475627,1763938734,0.449123,0.009080,0.000000,0.000000,0.000000,0.000000,0.000000,0.344366
21.176067,1763938847.495620,1763938734,0.449123,0.009080,0.000000,0.000000,0.000000,0.000000,0.000000,-0.344366
21.196077,1763938847.515630,1763938734,0.449123,0.009080,0.000000,0.000000,0.000000,0.000000,0.000000,-1.033098
21.216114,1763938847.535685,1763938734,0.449123,0.009080,0.000000,0.000000,0.000000,0.000000,0.000000,0.000000
21.236148,1763938847.555732,1763938734,0.449123,0.009080,0.000000,0.000000,0.000000,0.000000,0.000000,0.000000
21.256139,1763938847.575709,1763938734,0.449123,0.009080,0.000000,0.000000,0.000000,0.000000,0.000000,-0.688732
21.276152,1763938847.595722,1763938734,0.449123,0.009080,0.000000,0.000000,0.000000,0.000000,0.000000,0.344366
21.296163,1763938847.615734,1763938734,0.449123,0.009080,0.000000,0.000000,0.000000,0.000000,0.000000,-0.688732
21.316158,1763938847.635718,1763938734,0.449123,0.009080,0.000000,0.000000,0.000000,0.000000,0.000000,0.000000
21.336128,1763938847.655673,1763938734,0.449123,0.009080,0.000000,0.000000,0.000000,0.000000,0.344366,-0.344366
21.356166,1763938847.675719,1763938734,0.449123,0.009080,0.000000,0.000000,0.000000,0.000000,0.344366,0.000000
21.376121,1763938847.695665,1763938734,0.449123,0.009080,0.000000,0.000000,0.000000,0.000000,0.000000,0.000000
21.396093,1763938847.715601,1763938734,0.449123,0.009080,0.000000,0.000000,0.000000,0.000000,0.344366,0.344366
21.416136,1763938847.735664,1763938734,0.449123,0.009080,0.000000,0.000000,0.000000,0.000000,0.000000,0.000000
21.436158,1763938847.755694,1763938734,0.449123,0.009080,0.000000,0.000000,0.000000,0.000000,0.000000,0.000000
21.456174,1763938847.775714,1763938734,0.449123,0.009080,0.000000,0.000000,0.000000,0.000000,0.344366,0.000000
21.476209,1763938847.795762,1763938734,0.449123,0.009080,0.000000,0.000000,0.000000,0.000000,0.000000,0.000000
21.496220,1763938847.815773,1763938734,0.449123,0.009080,0.000000,0.000000,0.000000,0.000000,0.344366,0.000000
21.516230,1763938847.835783,1763938734,0.449123,0.009080,0.000000,0.000000,0.000000,0.000000,0.688732,0.000000
21.536240,1763938847.855793,1763938734,0.449123,0.009080,0.000000,0.000000,0.000000,0.000000,0.000000,0.000000
21.556248,1763938847.875793,1763938734,0.449123,0.009080,0.000000,0.000000,0.000000,0.000000,0.000000,0.000000
21.576263,1763938847.895816,1763938734,0.449123,0.009080,0.000000,0.000000,0.000000,0.000000,0.344366,0.000000
21.596285,1763938847.915844,1763938734,0.449123,0.009080,0.000000,0.000000,0.000000,0.000000,-0.344366,0.000000
21.616296,1763938847.935856,1763938734,0.449123,0.009080,0.000000,0.000000,0.000000,0.000000,0.000000,-1.721829
21.636307,1763938847.955868,1763938734,0.449123,0.009080,0.000000,0.000000,0.000000,0.000000,0.344366,0.000000
21.656318,1763938847.975879,1763938734,0.449123,0.009080,0.000000,0.000000,0.000000,0.000000,0.000000,0.000000
21.676317,1763938847.995870,1763938734,0.449123,0.009080,0.000000,0.000000,0.000000,0.000000,0.344366,0.344366
21.696327,1763938848.015880,1763938734,0.449123,0.009080,0.000000,0.000000,0.000000,0.000000,0.000000,0.000000
21.716337,1763938848.035890,1763938734,0.449123,0.009080,0.000000,0.000000,0.000000,0.000000,0.000000,0.000000
21.736347,1763938848.055900,1763938734,0.449123,0.009080,0.000000,0.000000,0.000000,0.000000,0.344366,0.000000
21.756357,1763938848.075910,1763938734,0.449123,0.009080,0.000000,0.000000,0.000000,0.000000,0.344366,0.000000
21.776367,1763938848.095920,1763938734,0.449123,0.009080,0.000000,0.000000,0.000000,0.000000,-0.344366,0.344366
21.796291,1763938848.115808,1763938734,0.449123,0.009080,0.000000,0.000000,0.000000,0.000000,0.000000,0.000000
21.816367,1763938848.135913,1763938734,0.449123,0.009080,0.000000,0.000000,0.000000,0.000000,0.000000,0.000000
21.836377,1763938848.155922,1763938734,0.449123,0.009080,0.000000,0.000000,0.000000,0.000000,0.344366,-0.344366
21.856386,1763938848.175931,1763938734,0.449123,0.009080,0.000000,0.000000,0.000000,0.000000,0.000000,0.000000
21.876395,1763938848.195940,1763938734,0.449123,0.009080,0.000000,0.000000,0.000000,0.000000,0.000000,0.000000
21.896416,1763938848.215968,1763938734,0.449123,0.009080,0.000000,0.000000,0.000000,0.000000,0.000000,-0.688732
21.916412,1763938848.235957,1763938734,0.449123,0.009080,0.000000,0.000000,0.000000,0.000000,0.000000,-0.344366
21.936435,1763938848.255989,1763938734,0.449123,0.009080,0.000000,0.000000,0.000000,0.000000,0.000000,0.000000
21.956446,1763938848.275998,1763938734,0.449123,0.009080,0.000000,0.000000,0.000000,0.000000,0.344366,0.344366
21.976455,1763938848.296041,1763938734,0.449123,0.009080,0.000000,0.000000,0.000000,0.000000,-0.344366,0.000000
21.996465,1763938848.316050,1763938734,0.449123,0.009080,0.000000,0.000000,0.000000,0.000000,-0.344366,-0.688732
22.016476,1763938848.336050,1763938734,0.449123,0.009080,0.000000,0.000000,0.000000,0.000000,0.344366,0.000000
22.036486,1763938848.356069,1763938734,0.449123,0.009080,0.000000,0.000000,0.000000,0.000000,0.344366,-0.688732
22.056393,1763938848.375895,1763938734,0.449123,0.009080,0.000000,0.000000,0.000000,0.000000,0.344366,0.344366
22.076399,1763938848.395904,1763938734,0.449123,0.009080,0.000000,0.000000,0.000000,0.000000,0.000000,0.000000
22.096419,1763938848.415926,1763938734,0.449123,0.009080,0.000000,0.000000,0.000000,0.000000,0.000000,0.000000
22.116426,1763938848.435937,1763938734,0.449123,0.009080,0.000000,0.000000,0.000000,0.000000,0.000000,0.000000
22.136436,1763938848.455953,1763938734,0.449123,0.009080,0.000000,0.000000,0.000000,0.000000,0.000000,-0.344366
22.156447,1763938848.475968,1763938734,0.449123,0.009080,0.000000,0.000000,0.000000,0.000000,0.344366,0.344366
22.176584,1763938848.496146,1763938734,0.449123,0.009080,0.000000,0.000000,0.000000,0.000000,0.000000,0.000000
22.196566,1763938848.516121,1763938734,0.449123,0.009080,0.000000,0.000000,0.000000,0.000000,0.688732,0.000000
22.216501,1763938848.536045,1763938734,0.449123,0.009080,0.000000,0.000000,0.000000,0.000000,0.000000,0.000000
22.236706,1763938848.556291,1763938734,0.449123,0.009080,0.000000,0.000000,0.000000,0.000000,0.344366,0.000000
22.256721,1763938848.576305,1763938734,0.449123,0.009080,0.000000,0.000000,0.000000,0.000000,0.000000,0.000000
22.276712,1763938848.596282,1763938734,0.449123,0.009080,0.000000,0.000000,0.000000,0.000000,-0.344366,-0.344366
22.296717,1763938848.616277,1763938734,0.449123,0.009080,0.000000,0.000000,0.000000,0.000000,0.000000,0.000000
22.316719,1763938848.636279,1763938734,0.449123,0.009080,0.000000,0.000000,0.000000,0.000000,0.000000,0.000000
22.336729,1763938848.656290,1763938734,0.449123,0.009080,0.000000,0.000000,0.000000,0.000000,0.000000,0.000000
22.356739,1763938848.676299,1763938734,0.449123,0.009080,0.000000,0.000000,0.000000,0.000000,0.000000,0.344366
22.376750,1763938848.696311,1763938734,0.449123,0.009080,0.000000,0.000000,0.000000,0.000000,0.000000,0.344366
22.396762,1763938848.716322,1763938734,0.449123,0.009080,0.000000,0.000000,0.000000,0.000000,0.344366,0.000000
22.416798,1763938848.736360,1763938734,0.449123,0.009080,0.000000,0.000000,0.000000,0.000000,0.344366,0.000000
22.436783,1763938848.756344,1763938734,0.449123,0.009080,0.000000,0.000000,0.000000,0.000000,0.000000,0.000000
22.456794,1763938848.776353,1763938734,0.449123,0.009080,0.000000,0.000000,0.000000,0.000000,0.344366,0.000000
22.476805,1763938848.796365,1763938734,0.449123,0.009080,0.000000,0.000000,0.000000,0.000000,0.000000,0.000000
22.496816,1763938848.816376,1763938734,0.449123,0.009080,0.000000,0.000000,0.000000,0.000000,-0.344366,0.000000
22.516826,1763938848.836386,1763938734,0.449123,0.009080,0.000000,0.000000,0.000000,0.000000,-0.344366,0.688732
22.536836,1763938848.856396,1763938734,0.449123,0.009080,0.000000,0.000000,0.000000,0.000000,0.000000,0.000000
22.556848,1763938848.876408,1763938734,0.449123,0.009080,0.000000,0.000000,0.000000,0.000000,0.344366,0.000000
22.576858,1763938848.896418,1763938734,0.449123,0.009080,0.000000,0.000000,0.000000,0.000000,0.000000,0.000000
22.596868,1763938848.916429,1763938734,0.449123,0.009080,0.000000,0.000000,0.000000,0.000000,0.000000,0.000000
22.616879,1763938848.936439,1763938734,0.449123,0.009080,0.000000,0.000000,0.000000,0.000000,0.000000,0.344366
22.636890,1763938848.956450,1763938734,0.449123,0.009080,0.000000,0.000000,0.000000,0.000000,-0.344366,0.000000
22.656942,1763938848.976527,1763938734,0.449123,0.009080,0.000000,0.000000,0.000000,0.000000,0.000000,0.000000
22.676994,1763938848.996582,1763938734,0.449123,0.009080,0.000000,0.000000,0.000000,0.000000,0.344366,0.000000
22.696967,1763938849.016552,1763938734,0.449123,0.009080,0.000000,0.000000,0.000000,0.000000,0.344366,0.000000
22.716981,1763938849.036566,1763938734,0.449123,0.009080,0.000000,0.000000,0.000000,0.000000,0.000000,-0.344366
22.736993,1763938849.056577,1763938734,0.449123,0.009080,0.000000,0.000000,0.000000,0.000000,0.688732,0.000000
22.756983,1763938849.076553,1763938734,0.449123,0.009080,0.000000,0.000000,0.000000,0.000000,0.000000,-0.344366
22.777018,1763938849.096601,1763938734,0.449123,0.009080,0.000000,0.000000,0.000000,0.000000,0.344366,0.000000
22.797031,1763938849.116614,1763938734,0.449123,0.009080,0.000000,0.000000,0.000000,0.000000,0.000000,-0.344366
22.817022,1763938849.136591,1763938734,0.449123,0.009080,0.000000,0.000000,0.000000,0.000000,0.000000,0.344366
22.837034,1763938849.156604,1763938734,0.449123,0.009080,0.000000,0.000000,0.000000,0.000000,0.344366,0.000000
22.857045,1763938849.176616,1763938734,0.449123,0.009080,0.000000,0.000000,0.000000,0.000000,0.000000,0.000000
22.877040,1763938849.196601,1763938734,0.449123,0.009080,0.000000,0.000000,0.000000,0.000000,0.344366,0.000000
22.897051,1763938849.216612,1763938734,0.449123,0.009080,0.000000,0.000000,0.000000,0.000000,0.000000,0.000000
22.917062,1763938849.236622,1763938734,0.449123,0.009080,0.000000,0.000000,0.000000,0.000000,0.000000,0.344366
22.937099,1763938849.256662,1763938734,0.449123,0.009080,0.000000,0.000000,0.000000,0.000000,-0.344366,-0.688732
22.957085,1763938849.276645,1763938734,0.449123,0.009080,0.000000,0.000000,0.000000,0.000000,0.344366,0.000000
22.977096,1763938849.296657,1763938734,0.449123,0.009080,0.000000,0.000000,0.000000,0.000000,0.000000,0.000000
22.997105,1763938849.316665,1763938734,0.449123,0.009080,0.000000,0.000000,0.000000,0.000000,-0.344366,0.344366
23.017117,1763938849.336677,1763938734,0.449123,0.009080,0.000000,0.000000,0.000000,0.000000,0.000000,0.000000
23.037128,1763938849.356688,1763938734,0.449123,0.009080,0.000000,0.000000,0.000000,0.000000,0.688732,0.344366
23.057097,1763938849.376662,1763938734,0.449123,0.009080,0.000000,0.000000,0.000000,0.000000,0.000000,0.344366
23.077046,1763938849.396554,1763938734,0.449123,0.009080,0.000000,0.000000,0.000000,0.000000,0.000000,0.344366
23.097064,1763938849.416581,1763938734,0.449123,0.009080,0.000000,0.000000,0.000000,0.000000,0.344366,0.344366
23.117090,1763938849.436619,1763938734,0.449123,0.009080,0.000000,0.000000,0.000000,0.000000,0.344366,0.000000
23.137118,1763938849.456658,1763938734,0.449123,0.009080,0.000000,0.000000,0.000000,0.000000,-0.344366,0.000000
23.157153,1763938849.476707,1763938734,0.449123,0.009080,0.000000,0.000000,0.000000,0.000000,0.000000,0.344366
23.177149,1763938849.496714,1763938734,0.449123,0.009080,0.000000,0.000000,0.000000,0.000000,0.344366,0.000000
23.197259,1763938849.516846,1763938734,0.449123,0.009080,0.000000,0.000000,0.000000,0.000000,0.000000,0.000000
23.217236,1763938849.536820,1763938734,0.449123,0.009080,0.000000,0.000000,0.000000,0.000000,0.344366,-0.344366
23.237227,1763938849.556798,1763938734,0.449123,0.009080,0.000000,0.000000,0.000000,0.000000,0.000000,0.000000
23.257240,1763938849.576810,1763938734,0.449123,0.009080,0.000000,0.000000,0.000000,0.000000,0.000000,0.344366
23.277251,1763938849.596822,1763938734,0.449123,0.009080,0.000000,0.000000,0.000000,0.000000,0.000000,0.000000
23.297233,1763938849.616786,1763938734,0.449123,0.009080,0.000000,0.000000,0.000000,0.000000,0.000000,0.000000
23.317255,1763938849.636815,1763938734,0.449123,0.009080,0.000000,0.000000,0.000000,0.000000,0.000000,0.000000
23.337304,1763938849.656888,1763938734,0.449123,0.009080,0.000000,0.000000,0.000000,0.000000,0.000000,0.000000
23.357318,1763938849.676902,1763938734,0.449123,0.009080,0.000000,0.000000,0.000000,0.000000,0.344366,0.344366
23.377207,1763938849.696738,1763938734,0.449123,0.009080,0.000000,0.000000,0.000000,0.000000,0.000000,0.000000
23.397301,1763938849.716861,1763938734,0.449123,0.009080,0.000000,0.000000,0.000000,0.000000,0.000000,0.000000
23.417311,1763938849.736872,1763938734,0.449123,0.009080,0.000000,0.000000,0.000000,0.000000,0.344366,0.344366
23.437322,1763938849.756882,1763938734,0.449123,0.009080,0.000000,0.000000,0.000000,0.000000,-0.344366,0.344366
23.457361,1763938849.776924,1763938734,0.449123,0.009080,0.000000,0.000000,0.000000,0.000000,0.344366,0.000000
23.477337,1763938849.796890,1763938734,0.449123,0.009080,0.000000,0.000000,0.000000,0.000000,0.000000,0.000000
23.497340,1763938849.816893,1763938734,0.449123,0.009080,0.000000,0.000000,0.000000,0.000000,-0.688732,-0.344366
23.517350,1763938849.836903,1763938734,0.449123,0.009080,0.000000,0.000000,0.000000,0.000000,-0.344366,0.000000
23.537360,1763938849.856913,1763938734,0.449123,0.009080,0.000000,0.000000,0.000000,0.000000,0.000000,0.344366
23.557369,1763938849.876922,1763938734,0.449123,0.009080,0.000000,0.000000,0.000000,0.000000,0.000000,0.000000
23.577379,1763938849.896931,1763938734,0.449123,0.009080,0.000000,0.000000,0.000000,0.000000,0.000000,-0.344366
23.597387,1763938849.916938,1763938734,0.449123,0.009080,0.000000,0.000000,0.000000,0.000000,0.000000,0.000000
23.617398,1763938849.936951,1763938734,0.449123,0.009080,0.000000,0.000000,0.000000,0.000000,0.000000,0.000000
23.637381,1763938849.956921,1763938734,0.449123,0.009080,0.000000,0.000000,0.000000,0.000000,0.000000,0.688732
23.657401,1763938849.976946,1763938734,0.449123,0.009080,0.000000,0.000000,0.000000,0.000000,0.344366,0.000000
23.677424,1763938849.996974,1763938734,0.449123,0.009080,0.000000,0.000000,0.000000,0.000000,0.344366,0.344366
23.697435,1763938850.016988,1763938734,0.449123,0.009080,0.000000,0.000000,0.000000,0.000000,0.344366,0.344366
23.717469,1763938850.037046,1763938734,0.449123,0.009080,0.000000,0.000000,0.000000,0.000000,0.000000,0.000000
23.737454,1763938850.057028,1763938734,0.449123,0.009080,0.000000,0.000000,0.000000,0.000000,0.344366,0.000000
23.757394,1763938850.076924,1763938734,0.449123,0.009080,0.000000,0.000000,0.000000,0.000000,0.000000,0.000000
23.777473,1763938850.097030,1763938734,0.449123,0.009080,0.000000,0.000000,0.000000,0.000000,0.000000,0.000000
23.797485,1763938850.117035,1763938734,0.449123,0.009080,0.000000,0.000000,0.000000,0.000000,0.000000,0.000000
23.817491,1763938850.137035,1763938734,0.449123,0.009080,0.000000,0.000000,0.000000,0.000000,-0.344366,-0.344366
23.837648,1763938850.157232,1763938734,0.449123,0.009080,0.000000,0.000000,0.000000,0.000000,0.000000,0.000000
23.857638,1763938850.177209,1763938734,0.449123,0.009080,0.000000,0.000000,0.000000,0.000000,0.000000,-0.344366
23.877615,1763938850.197168,1763938734,0.449123,0.009080,0.000000,0.000000,0.000000,0.000000,0.000000,0.000000
23.897623,1763938850.217178,1763938734,0.449123,0.009080,0.000000,0.000000,0.000000,0.000000,0.344366,0.000000
23.917634,1763938850.237187,1763938734,0.449123,0.009080,0.000000,0.000000,0.000000,0.000000,0.000000,0.000000
23.937626,1763938850.257172,1763938734,0.449123,0.009080,0.000000,0.000000,0.000000,0.000000,0.344366,0.000000
23.957651,1763938850.277204,1763938734,0.449123,0.009080,0.000000,0.000000,0.000000,0.000000,0.000000,0.000000
23.977669,1763938850.297216,1763938734,0.449123,0.009080,0.000000,0.000000,0.000000,0.000000,0.000000,0.000000
23.997651,1763938850.317191,1763938734,0.449123,0.009080,0.000000,0.000000,0.000000,0.000000,0.000000,0.000000
24.017584,1763938850.337088,1763938734,0.449123,0.009080,0.000000,0.000000,0.000000,0.000000,0.344366,0.000000
24.037599,1763938850.357111,1763938734,0.449123,0.009080,0.000000,0.000000,0.000000,0.000000,0.000000,0.000000
24.057594,1763938850.377101,1763938734,0.449123,0.009080,0.000000,0.000000,0.000000,0.000000,0.344366,0.000000
24.077617,1763938850.397136,1763938734,0.449123,0.009080,0.000000,0.000000,0.000000,0.000000,-0.344366,0.000000
24.097637,1763938850.417164,1763938734,0.449123,0.009080,0.000000,0.000000,0.000000,0.000000,0.000000,0.000000
24.117660,1763938850.437195,1763938734,0.449123,0.009080,0.000000,0.000000,0.000000,0.000000,0.000000,0.000000
24.137688,1763938850.457233,1763938734,0.449123,0.009080,0.000000,0.000000,0.000000,0.000000,0.000000,0.000000
24.157712,1763938850.477265,1763938734,0.449123,0.009080,0.000000,0.000000,0.000000,0.000000,0.000000,0.344366
24.177721,1763938850.497274,1763938734,0.449123,0.009080,0.000000,0.000000,0.000000,0.000000,0.000000,0.000000
24.197783,1763938850.517368,1763938734,0.449123,0.009080,0.000000,0.000000,0.000000,0.000000,0.688732,0.000000
24.217773,1763938850.537343,1763938734,0.449123,0.009080,0.000000,0.000000,0.000000,0.000000,0.000000,0.344366
24.237815,1763938850.557389,1763938734,0.449123,0.009080,0.000000,0.000000,0.000000,0.000000,0.344366,0.000000
24.257781,1763938850.577342,1763938734,0.449123,0.009080,0.000000,0.000000,0.000000,0.000000,-0.344366,0.000000
24.277792,1763938850.597353,1763938734,0.449123,0.009080,0.000000,0.000000,0.000000,0.000000,0.344366,0.000000
24.297802,1763938850.617363,1763938734,0.449123,0.009080,0.000000,0.000000,0.000000,0.000000,0.688732,0.344366
24.317814,1763938850.637374,1763938734,0.449123,0.009080,0.000000,0.000000,0.000000,0.000000,-0.344366,0.000000
24.337825,1763938850.657385,1763938734,0.449123,0.009080,0.000000,0.000000,0.000000,0.000000,0.000000,0.000000
24.357837,1763938850.677397,1763938734,0.449123,0.009080,0.000000,0.000000,0.000000,0.000000,0.344366,-0.344366
24.377837,1763938850.697382,1763938734,0.449123,0.009080,0.000000,0.000000,0.000000,0.000000,0.000000,0.000000
24.397847,1763938850.717400,1763938734,0.449123,0.009080,0.000000,0.000000,0.000000,0.000000,0.000000,0.000000
24.417869,1763938850.737430,1763938734,0.449123,0.009080,0.000000,0.000000,0.000000,0.000000,0.000000,0.000000
24.437880,1763938850.757440,1763938734,0.449123,0.009080,0.000000,0.000000,0.000000,0.000000,0.344366,0.000000
24.457893,1763938850.777453,1763938734,0.449123,0.009080,0.000000,0.000000,0.000000,0.000000,0.000000,0.000000
24.477904,1763938850.797465,1763938734,0.449123,0.009080,0.000000,0.000000,0.000000,0.000000,0.000000,0.000000
24.497943,1763938850.817505,1763938734,0.449123,0.009080,0.000000,0.000000,0.000000,0.000000,0.344366,0.000000
24.517926,1763938850.837487,1763938734,0.449123,0.009080,0.000000,0.000000,0.000000,0.000000,0.344366,0.000000
24.537937,1763938850.857498,1763938734,0.449123,0.009080,0.000000,0.000000,0.000000,0.000000,0.688732,0.000000
24.557949,1763938850.877510,1763938734,0.449123,0.009080,0.000000,0.000000,0.000000,0.000000,0.000000,0.000000
24.577885,1763938850.897414,1763938734,0.449123,0.009080,0.000000,0.000000,0.000000,0.000000,0.000000,0.000000
24.597957,1763938850.917510,1763938734,0.449123,0.009080,0.000000,0.000000,0.000000,0.000000,0.344366,0.344366
24.617967,1763938850.937520,1763938734,0.449123,0.009080,0.000000,0.000000,0.000000,0.000000,0.344366,0.344366
24.637977,1763938850.957530,1763938734,0.449123,0.009080,0.000000,0.000000,0.000000,0.000000,0.688732,0.344366
24.657985,1763938850.977538,1763938734,0.449123,0.009080,0.000000,0.000000,0.000000,0.000000,0.000000,0.000000
24.678005,1763938850.997566,1763938734,0.449123,0.009080,0.000000,0.000000,0.000000,0.000000,0.000000,0.000000
24.698055,1763938851.017639,1763938734,0.449123,0.009080,0.000000,0.000000,0.000000,0.000000,-0.344366,0.344366
24.718068,1763938851.037653,1763938734,0.449123,0.009080,0.000000,0.000000,0.000000,0.000000,-0.344366,0.000000
24.738059,1763938851.057629,1763938734,0.449123,0.009080,0.000000,0.000000,0.000000,0.000000,0.000000,0.000000
24.758100,1763938851.077672,1763938734,0.449123,0.009080,0.000000,0.000000,0.000000,0.000000,0.344366,0.344366
24.778065,1763938851.097627,1763938734,0.449123,0.009080,0.000000,0.000000,0.000000,0.000000,0.000000,0.344366
24.798063,1763938851.117616,1763938734,0.449123,0.009080,0.000000,0.000000,0.000000,0.000000,0.000000,0.000000
24.818072,1763938851.137624,1763938734,0.449123,0.009080,0.000000,0.000000,0.000000,0.000000,0.000000,-0.688732
24.838094,1763938851.157654,1763938734,0.449123,0.009080,0.000000,0.000000,0.000000,0.000000,0.000000,0.000000
24.858106,1763938851.177667,1763938734,0.449123,0.009080,0.000000,0.000000,0.000000,0.000000,1.377463,0.344366
24.878116,1763938851.197676,1763938734,0.449123,0.009080,0.000000,0.000000,0.000000,0.000000,-0.344366,0.000000
24.898127,1763938851.217688,1763938734,0.449123,0.009080,0.000000,0.000000,0.000000,0.000000,0.344366,0.000000
24.918125,1763938851.237678,1763938734,0.449123,0.009080,0.000000,0.000000,0.000000,0.000000,-0.344366,0.000000
24.938149,1763938851.257708,1763938734,0.449123,0.009080,0.000000,0.000000,0.000000,0.000000,0.000000,0.000000
24.958200,1763938851.277783,1763938734,0.449123,0.009080,0.000000,0.000000,0.000000,0.000000,-0.344366,0.000000
24.978212,1763938851.297796,1763938734,0.449123,0.009080,0.000000,0.000000,0.000000,0.000000,0.000000,0.000000
24.998204,1763938851.317774,1763938734,0.449123,0.009080,0.000000,0.000000,0.000000,0.000000,0.344366,0.344366
25.018230,1763938851.337792,1763938734,0.449123,0.009080,0.000000,0.000000,0.000000,0.000000,0.000000,0.000000
25.038105,1763938851.357609,1763938734,0.449123,0.009080,0.000000,0.000000,0.000000,0.000000,0.000000,0.344366
25.058119,1763938851.377628,1763938734,0.449123,0.009080,0.000000,0.000000,0.000000,0.000000,0.344366,-0.344366
25.078152,1763938851.397676,1763938734,0.449123,0.009080,0.000000,0.000000,0.000000,0.000000,0.344366,-1.033098
25.098181,1763938851.417717,1763938734,0.449123,0.009080,0.000000,0.000000,0.000000,0.000000,0.344366,0.000000
25.118209,1763938851.437755,1763938734,0.449123,0.009080,0.000000,0.000000,0.000000,0.000000,0.344366,0.000000
25.138217,1763938851.457763,1763938734,0.449123,0.009080,0.000000,0.000000,0.000000,0.000000,0.344366,0.344366
25.158243,1763938851.477797,1763938734,0.449123,0.009080,0.000000,0.000000,0.000000,0.000000,0.344366,0.000000
25.178254,1763938851.497807,1763938734,0.449123,0.009080,0.000000,0.000000,0.000000,0.000000,0.344366,0.000000
25.198263,1763938851.517816,1763938734,0.449123,0.009080,0.000000,0.000000,0.000000,0.000000,0.344366,0.344366
25.218216,1763938851.537760,1763938734,0.449123,0.009080,0.000000,0.000000,0.000000,0.000000,0.000000,0.344366
25.238216,1763938851.557752,1763938734,0.449123,0.009080,0.000000,0.000000,0.000000,0.000000,-0.344366,0.000000
25.258319,1763938851.577890,1763938734,0.449123,0.009080,0.000000,0.000000,0.000000,0.000000,-0.344366,0.344366
25.278365,1763938851.597939,1763938734,0.449123,0.009080,0.000000,0.000000,0.000000,0.000000,0.344366,0.000000
25.298329,1763938851.617890,1763938734,0.449123,0.009080,0.000000,0.000000,0.000000,0.000000,0.000000,0.000000
25.318341,1763938851.637902,1763938734,0.449123,0.009080,0.000000,0.000000,0.000000,0.000000,-0.344366,0.000000
25.338339,1763938851.657893,1763938734,0.449123,0.009080,0.000000,0.000000,0.000000,0.000000,-0.344366,0.000000
25.358349,1763938851.677903,1763938734,0.449123,0.009080,0.000000,0.000000,0.000000,0.000000,0.000000,0.344366
25.378361,1763938851.697915,1763938734,0.449123,0.009080,0.000000,0.000000,0.000000,0.000000,0.000000,0.344366
25.398370,1763938851.717924,1763938734,0.449123,0.009080,0.000000,0.000000,0.000000,0.000000,-0.688732,-0.344366
25.418378,1763938851.737929,1763938734,0.449123,0.009080,0.000000,0.000000,0.000000,0.000000,0.000000,0.344366
25.438389,1763938851.757943,1763938734,0.449123,0.009080,0.000000,0.000000,0.000000,0.000000,0.000000,0.000000
25.458401,1763938851.777955,1763938734,0.449123,0.009080,0.000000,0.000000,0.000000,0.000000,0.344366,0.344366
25.478396,1763938851.797943,1763938734,0.449123,0.009080,0.000000,0.000000,0.000000,0.000000,0.000000,0.000000
25.498422,1763938851.817975,1763938734,0.449123,0.009080,0.000000,0.000000,0.000000,0.000000,0.344366,0.000000
25.518431,1763938851.837982,1763938734,0.449123,0.009080,0.000000,0.000000,0.000000,0.000000,-0.344366,0.000000
25.538466,1763938851.858052,1763938734,0.449123,0.009080,0.000000,0.000000,0.000000,0.000000,0.344366,0.000000
25.558453,1763938851.878034,1763938734,0.449123,0.009080,0.000000,0.000000,0.000000,0.000000,0.688732,0.000000
25.578463,1763938851.898046,1763938734,0.449123,0.009080,0.000000,0.000000,0.000000,0.000000,0.344366,0.000000
25.598457,1763938851.918026,1763938734,0.449123,0.009080,0.000000,0.000000,0.000000,0.000000,0.000000,0.344366
25.618477,1763938851.938046,1763938734,0.449123,0.009080,0.000000,0.000000,0.000000,0.000000,0.000000,0.344366
25.638570,1763938851.958155,1763938734,0.449123,0.009080,0.000000,0.000000,0.000000,0.000000,0.000000,0.000000
25.658567,1763938851.978140,1763938734,0.449123,0.009080,0.000000,0.000000,0.000000,0.000000,0.000000,0.000000
25.678468,1763938851.998029,1763938734,0.449123,0.009080,0.000000,0.000000,0.000000,0.000000,0.344366,-0.344366
25.698483,1763938852.018051,1763938734,0.449123,0.009080,0.000000,0.000000,0.000000,0.000000,0.688732,0.000000
25.718614,1763938852.038199,1763938734,0.449123,0.009080,0.000000,0.000000,0.000000,0.000000,0.344366,-0.344366
25.738635,1763938852.058221,1763938734,0.449123,0.009080,0.000000,0.000000,0.000000,0.000000,-0.344366,0.000000
25.758598,1763938852.078159,1763938734,0.449123,0.009080,0.000000,0.000000,0.000000,0.000000,0.000000,0.344366
25.778606,1763938852.098168,1763938734,0.449123,0.009080,0.000000,0.000000,0.000000,0.000000,0.344366,0.344366
25.798629,1763938852.118185,1763938734,0.449123,0.009080,0.000000,0.000000,0.000000,0.000000,0.000000,0.344366
25.818613,1763938852.138166,1763938734,0.449123,0.009080,0.000000,0.000000,0.000000,0.000000,0.000000,0.000000
25.838621,1763938852.158175,1763938734,0.449123,0.009080,0.000000,0.000000,0.000000,0.000000,0.344366,0.000000
25.858628,1763938852.178182,1763938734,0.449123,0.009080,0.000000,0.000000,0.000000,0.000000,0.000000,0.000000
25.878640,1763938852.198193,1763938734,0.449123,0.009080,0.000000,0.000000,0.000000,0.000000,0.344366,0.000000
25.898652,1763938852.218206,1763938734,0.449123,0.009080,0.000000,0.000000,0.000000,0.000000,0.000000,0.000000
25.918674,1763938852.238231,1763938734,0.449123,0.009080,0.000000,0.000000,0.000000,0.000000,0.344366,0.344366
25.938684,1763938852.258245,1763938734,0.449123,0.009080,0.000000,0.000000,0.000000,0.000000,0.000000,0.000000
25.958695,1763938852.278255,1763938734,0.449123,0.009080,0.000000,0.000000,0.000000,0.000000,0.000000,0.344366
25.978707,1763938852.298268,1763938734,0.449123,0.009080,0.000000,0.000000,0.000000,0.000000,-0.344366,0.000000
0.040647,1763938869.813705,1763938734,0.449123,0.009077,0.000000,-0.000305,0.000000,0.000000,0.000000,0.000000
0.060653,1763938869.833712,1763938734,0.449123,0.009077,0.000000,0.000946,0.000000,0.000000,0.000000,0.344366
0.080671,1763938869.853739,1763938734,0.449123,0.009073,0.000000,0.000000,0.000000,0.000000,0.000000,0.000000
0.100690,1763938869.873762,1763938734,0.449123,0.009073,0.000000,-0.000945,0.000000,0.000000,0.000000,0.000000
0.120711,1763938869.893796,1763938734,0.449123,0.009073,0.000000,0.000000,0.000000,0.000000,0.344366,0.000000
0.140743,1763938869.913841,1763938734,0.449123,0.009073,0.000000,0.000000,0.000000,0.000000,0.344366,0.344366
0.160754,1763938869.933853,1763938734,0.449123,0.009073,0.000000,0.000000,0.000000,0.000000,0.000000,0.344366
0.180778,1763938869.953885,1763938734,0.449123,0.009073,0.000000,0.000000,0.000000,0.000000,0.000000,0.000000
0.200788,1763938869.973894,1763938734,0.449123,0.009073,0.000000,0.000000,0.000000,0.000000,0.000000,0.344366
0.220799,1763938869.993905,1763938734,0.449123,0.009073,0.000000,0.000000,0.000000,0.000000,0.000000,0.000000
0.240831,1763938870.013937,1763938734,0.449123,0.009073,0.000000,0.000000,0.000000,0.000000,0.000000,0.000000
0.260804,1763938870.033903,1763938734,0.449123,0.009073,0.000000,0.000003,0.000000,0.000000,0.344366,0.000000
0.280882,1763938870.054054,1763938734,0.449123,0.009077,0.000000,0.000264,0.000000,0.000000,0.344366,0.688732
0.300873,1763938870.073997,1763938734,0.449123,0.009077,0.000000,0.000000,0.000000,0.000000,0.000000,0.000000
0.320856,1763938870.093963,1763938734,0.449123,0.009073,0.000000,0.000000,0.000000,0.000000,0.344366,0.000000
0.340873,1763938870.113986,1763938734,0.449123,0.009077,0.000000,0.000000,0.000000,0.000000,-0.344366,0.000000
0.361001,1763938870.134143,1763938734,0.449123,0.009077,0.000000,0.000000,0.000000,0.000000,0.344366,0.000000
0.380917,1763938870.154082,1763938734,0.449123,0.009077,0.000000,0.000000,0.000000,0.000000,0.344366,0.344366
0.400899,1763938870.174036,1763938734,0.449123,0.009077,0.000000,0.000000,0.000000,0.000000,0.344366,0.000000
0.420920,1763938870.194059,1763938734,0.449123,0.009077,0.000000,0.000000,0.000000,0.000000,0.344366,0.344366
0.440918,1763938870.214056,1763938734,0.449123,0.009077,0.000000,0.000000,0.000000,0.000000,0.688732,-0.344366
0.460926,1763938870.234064,1763938734,0.449123,0.009077,0.000000,0.000000,0.000000,0.000000,0.000000,0.344366
0.480948,1763938870.254085,1763938734,0.449123,0.009077,0.000000,-0.000139,0.000000,0.000000,0.000000,0.344366
0.500947,1763938870.274081,1763938734,0.449123,0.009073,0.000000,-0.000946,0.000000,0.000000,0.344366,0.000000
0.521026,1763938870.294164,1763938734,0.449123,0.009077,0.000000,0.000000,0.000000,0.000000,0.000000,0.000000
0.541032,1763938870.314159,1763938734,0.449123,0.009073,0.000000,-0.000946,0.000000,0.000000,0.000000,0.344366
0.560944,1763938870.334055,1763938734,0.449123,0.009077,0.000000,0.000000,0.000000,0.000000,0.000000,0.000000
0.580890,1763938870.353946,1763938734,0.449123,0.009077,0.000000,-0.000444,0.000000,0.000000,0.000000,0.344366
0.600945,1763938870.374042,1763938734,0.449123,0.009077,0.000000,0.000000,0.000000,0.000000,0.688732,0.344366
0.621006,1763938870.394103,1763938734,0.449123,0.009077,0.000000,0.000000,0.000000,0.000000,0.000000,0.344366
0.641064,1763938870.414188,1763938734,0.449123,0.009073,0.000000,-0.000872,0.000000,0.000000,0.000000,0.000000
0.661053,1763938870.434167,1763938734,0.449123,0.009073,0.000000,-0.000872,0.000000,0.000000,0.000000,-0.344366
0.681071,1763938870.454185,1763938734,0.449123,0.009077,0.000000,0.000021,0.000000,0.000000,0.000000,0.344366
0.701075,1763938870.474189,1763938734,0.449123,0.009077,0.000000,-0.000609,0.000000,0.000000,0.000000,0.000000
0.721080,1763938870.494186,1763938734,0.449123,0.009077,0.000000,0.000000,0.000000,0.000000,0.000000,0.000000
0.741037,1763938870.514130,1763938734,0.449123,0.009073,0.000000,-0.000140,0.000000,0.000000,0.000000,-0.344366
0.761134,1763938870.534264,1763938734,0.449123,0.009077,0.000000,-0.000020,0.000000,0.000000,0.000000,0.000000
0.781155,1763938870.554292,1763938734,0.449123,0.009077,0.000000,0.000000,0.000000,0.000000,0.000000,-0.344366
0.801147,1763938870.574271,1763938734,0.449123,0.009077,0.000000,0.000000,0.000000,0.000000,0.344366,0.344366
0.821159,1763938870.594283,1763938734,0.449123,0.009077,0.000000,0.000000,0.000000,0.000000,-0.344366,0.000000
0.841163,1763938870.614276,1763938734,0.449123,0.009077,0.000000,0.000000,0.000000,0.000000,0.344366,-0.344366
0.861139,1763938870.634238,1763938734,0.449123,0.009077,0.000000,0.000000,0.000000,0.000000,0.000000,0.344366
0.881189,1763938870.654298,1763938734,0.449123,0.009077,0.000000,-0.000003,0.000000,0.000000,0.344366,0.344366
0.901174,1763938870.674278,1763938734,0.449123,0.009077,0.000000,0.000000,0.000000,0.000000,0.000000,0.344366
0.921185,1763938870.694292,1763938734,0.449123,0.009077,0.000000,0.000000,0.000000,0.000000,0.000000,0.000000
0.941207,1763938870.714321,1763938734,0.449123,0.009077,0.000000,0.000000,0.000000,0.000000,0.000000,0.344366
0.961218,1763938870.734331,1763938734,0.449123,0.009077,0.000000,0.000000,0.000000,0.000000,0.344366,0.000000
0.981234,1763938870.754348,1763938734,0.449123,0.009077,0.000000,0.000000,0.000000,0.000000,0.344366,0.000000
1.001241,1763938870.774354,1763938734,0.449123,0.009077,0.000000,0.000000,0.000000,0.000000,0.000000,-0.344366
1.021251,1763938870.794364,1763938734,0.449123,0.009077,0.000000,0.000000,0.000000,0.000000,0.344366,0.000000
1.041327,1763938870.814468,1763938734,0.449123,0.009077,0.000000,0.000000,0.000000,0.000000,0.000000,0.344366
1.061183,1763938870.834252,1763938734,0.449123,0.009077,0.000000,0.000000,0.000000,0.000000,0.344366,0.000000
1.081291,1763938870.854384,1763938734,0.449123,0.009077,0.000000,0.000000,0.000000,0.000000,0.344366,0.000000
1.101337,1763938870.874451,1763938734,0.449123,0.009077,0.000000,0.000000,0.000000,0.000000,0.000000,0.000000
1.121351,1763938870.894464,1763938734,0.449123,0.009077,0.000000,0.000000,0.000000,0.000000,0.344366,0.344366
1.141328,1763938870.914426,1763938734,0.449123,0.009077,0.000000,0.000000,0.000000,0.000000,0.000000,0.000000
1.161442,1763938870.934579,1763938734,0.449123,0.009077,-0.000872,0.000000,0.000000,0.000000,0.000000,0.000000
1.181456,1763938870.954594,1763938734,0.449123,0.009077,0.000000,0.000000,0.000000,0.000000,0.000000,0.000000
1.201445,1763938870.974569,1763938734,0.449127,0.009077,0.000940,0.000000,0.000000,0.000000,0.000000,0.000000
1.221440,1763938870.994554,1763938734,0.449123,0.009073,-0.000925,-0.000940,0.000000,0.000000,-0.344366,0.000000
1.241450,1763938871.014564,1763938734,0.449123,0.009077,-0.000001,0.000000,0.000000,0.000000,0.344366,-0.344366
1.261462,1763938871.034575,1763938734,0.449127,0.009077,0.000000,0.000000,0.000000,0.000000,0.000000,0.000000
1.281472,1763938871.054586,1763938734,0.449127,0.009077,0.000000,0.000000,0.000000,0.000000,0.344366,-0.344366
1.301482,1763938871.074595,1763938734,0.449123,0.009077,0.000000,0.000000,0.000000,0.000000,0.344366,0.344366
