time,sys_time,session_id,pos_x,pos_y,vel_x,vel_y,fcmd_x,fcmd_y,fs_x,fs_y
0.041091,1765348215.980069,1765348209,0.000515,0.000174,0.004943,0.000039,0.000000,0.000000,0.000000,0.000000
0.061083,1765348216.000057,1765348209,0.000526,0.000178,0.001851,0.000907,0.000000,0.000000,0.000000,0.000000
0.081101,1765348216.020081,1765348209,0.000526,0.000182,-0.000872,0.000000,0.000000,0.000000,0.000000,0.000000
0.101117,1765348216.040098,1765348209,0.000522,0.000185,0.000000,0.000000,0.000000,0.000000,0.000000,0.000000
0.121084,1765348216.060056,1765348209,0.000526,0.000182,0.000000,0.000000,0.000000,0.000000,0.000000,0.000000
0.141115,1765348216.080097,1765348209,0.000526,0.000182,0.000000,-0.000940,0.000000,0.000000,0.000000,0.000000
0.161231,1765348216.100237,1765348209,0.000526,0.000185,0.000000,0.000000,0.000000,0.000000,0.000000,0.000000
0.181267,1765348216.120302,1765348209,0.000526,0.000189,0.000000,0.000000,0.000000,0.000000,0.000000,-0.344366
0.201243,1765348216.140251,1765348209,0.000526,0.000189,0.000000,0.000000,0.000000,0.000000,0.000000,0.000000
0.221257,1765348216.160274,1765348209,0.000526,0.000185,0.000000,0.000000,0.000000,0.000000,0.000000,0.000000
0.241217,1765348216.180205,1765348209,0.000526,0.000189,0.000000,0.000000,0.000000,0.000000,0.000000,0.000000
0.261197,1765348216.200171,1765348209,0.000526,0.000189,0.000000,0.000000,0.000000,0.000000,0.000000,0.000000
0.281196,1765348216.220166,1765348209,0.000526,0.000189,0.000000,0.000000,0.000000,0.000000,0.000000,0.344366
0.301184,1765348216.240148,1765348209,0.000526,0.000189,0.000000,0.000000,0.000000,0.000000,0.000000,0.000000
0.321205,1765348216.260178,1765348209,0.000526,0.000189,0.000000,0.000000,0.000000,0.000000,0.000000,-0.344366
0.341217,1765348216.280198,1765348209,0.000526,0.000189,0.000000,0.000000,0.000000,0.000000,0.000000,-0.344366
0.361197,1765348216.300165,1765348209,0.000526,0.000189,-0.000643,0.000000,0.000000,0.000000,0.000000,0.000000
0.381203,1765348216.320172,1765348209,0.000526,0.000189,0.000000,0.000000,0.000000,0.000000,0.000000,0.000000
0.401191,1765348216.340155,1765348209,0.000526,0.000189,0.000000,0.000000,0.000000,0.000000,0.000000,0.000000
0.421194,1765348216.360159,1765348209,0.000526,0.000189,0.000000,0.000000,0.000000,0.000000,0.000000,0.000000
0.441218,1765348216.380187,1765348209,0.000526,0.000189,0.000000,0.000000,0.000000,0.000000,0.000000,0.000000
0.461209,1765348216.400176,1765348209,0.000526,0.000189,0.000000,0.000000,0.000000,0.000000,-0.344366,0.000000
0.481220,1765348216.420194,1765348209,0.000526,0.000193,0.000000,0.000500,0.000000,0.000000,0.000000,0.000000
0.501224,1765348216.440199,1765348209,0.000526,0.000189,0.000000,-0.000925,0.000000,0.000000,0.000000,0.000000
0.521239,1765348216.460225,1765348209,0.000526,0.000189,0.000000,0.000000,0.000000,0.000000,0.000000,-0.344366
0.541253,1765348216.480240,1765348209,0.000526,0.000189,0.000000,0.000000,0.000000,0.000000,0.000000,0.000000
0.561229,1765348216.500200,1765348209,0.000526,0.000189,0.000000,0.000000,0.000000,0.000000,0.000000,-0.344366
0.581300,1765348216.520473,1765348209,0.000530,0.000193,0.000872,0.000039,0.000000,0.000000,0.000000,0.344366
0.601318,1765348216.540354,1765348209,0.000530,0.000193,0.000943,0.000000,0.000000,0.000000,0.000000,-0.344366
0.621288,1765348216.560278,1765348209,0.000526,0.000193,0.000000,0.000000,0.000000,0.000000,0.000000,0.000000
0.641251,1765348216.580215,1765348209,0.000526,0.000189,0.000000,-0.000946,0.000000,0.000000,0.000000,-0.344366
0.661259,1765348216.600227,1765348209,0.000526,0.000193,-0.000140,0.000940,0.000000,0.000000,0.000000,0.000000
0.681294,1765348216.620277,1765348209,0.000530,0.000193,0.000945,0.000000,0.000000,0.000000,0.000000,-0.344366
0.701310,1765348216.640321,1765348209,0.000526,0.000193,0.000000,0.000000,0.000000,0.000000,0.000000,0.344366
0.721355,1765348216.660359,1765348209,0.000526,0.000193,0.000000,0.000000,0.000000,0.000000,0.000000,0.000000
0.741403,1765348216.680422,1765348209,0.000526,0.000193,-0.000000,0.000000,0.000000,0.000000,0.000000,0.000000
0.761370,1765348216.700377,1765348209,0.000526,0.000193,0.000000,0.000000,0.000000,0.000000,0.000000,-0.344366
0.781367,1765348216.720370,1765348209,0.000526,0.000193,0.000000,0.000000,0.000000,0.000000,0.000000,0.000000
0.801378,1765348216.740386,1765348209,0.000526,0.000193,0.000000,0.000000,0.000000,0.000000,0.000000,0.344366
0.821420,1765348216.760438,1765348209,0.000530,0.000193,0.000000,0.000000,0.000000,0.000000,0.000000,-0.344366
0.841410,1765348216.780423,1765348209,0.000526,0.000193,-0.000000,0.000000,0.000000,0.000000,0.000000,-0.344366
0.861426,1765348216.800455,1765348209,0.000526,0.000193,0.000000,0.000000,0.000000,0.000000,0.000000,0.000000
0.881356,1765348216.820347,1765348209,0.000526,0.000193,-0.000946,0.000000,0.000000,0.000000,0.000000,0.344366
0.901390,1765348216.840377,1765348209,0.000530,0.000193,0.000000,0.000000,0.000000,0.000000,0.000000,0.000000
0.921425,1765348216.860415,1765348209,0.000530,0.000193,0.000006,0.000000,0.000000,0.000000,0.000000,0.000000
0.941414,1765348216.880400,1765348209,0.000530,0.000193,0.000946,0.000000,0.000000,0.000000,0.000000,0.000000
0.961414,1765348216.900394,1765348209,0.000530,0.000193,0.000000,0.000000,0.000000,0.000000,0.000000,-0.344366
0.981464,1765348216.920464,1765348209,0.000530,0.000193,-0.000446,0.000000,0.000000,0.000000,0.000000,0.344366
1.001450,1765348216.940436,1765348209,0.000530,0.000193,0.000935,0.000000,0.000000,0.000000,0.000000,0.000000
1.021515,1765348216.960538,1765348209,0.000530,0.000193,0.000021,0.000000,0.000000,0.000000,0.000000,-0.344366
1.041449,1765348216.980430,1765348209,0.000530,0.000193,0.000000,0.000000,0.000000,0.000000,0.000000,0.000000
1.061426,1765348217.000396,1765348209,0.000530,0.000193,0.000039,0.000000,0.000000,0.000000,0.000000,0.000000
1.081442,1765348217.020419,1765348209,0.000526,0.000193,-0.000925,0.000000,0.000000,0.000000,0.000000,-0.344366
1.101474,1765348217.040467,1765348209,0.000530,0.000193,0.000000,0.000000,0.000000,0.000000,0.000000,0.344366
1.121475,1765348217.060466,1765348209,0.000530,0.000193,0.000000,0.000000,0.000000,0.000000,0.000000,-0.344366
1.141473,1765348217.080460,1765348209,0.000530,0.000193,0.000000,0.000000,0.000000,0.000000,0.000000,0.000000
1.161493,1765348217.100489,1765348209,0.000530,0.000193,0.000039,0.000000,0.000000,0.000000,0.000000,0.344366
1.181498,1765348217.120490,1765348209,0.000530,0.000193,0.000000,0.000000,0.000000,0.000000,0.000000,0.000000
1.201501,1765348217.140491,1765348209,0.000530,0.000193,0.000000,0.000000,0.000000,0.000000,0.000000,-0.344366
1.221502,1765348217.160493,1765348209,0.000530,0.000193,0.000932,0.000000,0.000000,0.000000,0.000000,0.000000
1.241518,1765348217.180518,1765348209,0.000526,0.000193,-0.000907,0.000000,0.000000,0.000000,0.000000,0.000000
1.261470,1765348217.200439,1765348209,0.000530,0.000193,0.000000,0.000000,0.000000,0.000000,0.000000,0.000000
1.281473,1765348217.220443,1765348209,0.000530,0.000193,0.000500,0.000000,0.000000,0.000000,0.000000,0.000000
1.301465,1765348217.240434,1765348209,0.000526,0.000193,-0.000497,0.000000,0.000000,0.000000,0.000000,0.344366
1.321499,1765348217.260482,1765348209,0.000530,0.000193,0.000946,0.000000,0.000000,0.000000,0.000000,0.344366
1.341508,1765348217.280494,1765348209,0.000530,0.000193,0.000000,0.000000,0.000000,0.000000,0.000000,0.000000
1.361487,1765348217.300466,1765348209,0.000530,0.000193,0.000000,0.000000,0.000000,0.000000,0.000000,0.344366
1.381520,1765348217.320501,1765348209,0.000530,0.000193,0.000925,0.000000,0.000000,0.000000,0.000000,0.000000
1.401533,1765348217.340526,1765348209,0.000530,0.000193,0.000000,0.000000,0.000000,0.000000,0.000000,0.000000
1.421662,1765348217.360669,1765348209,0.000530,0.000193,0.000000,-0.000679,0.000000,0.000000,0.000000,-0.344366
1.441653,1765348217.380653,1765348209,0.000526,0.000193,-0.000806,-0.000000,0.000000,0.000000,0.000000,0.000000
1.461649,1765348217.400641,1765348209,0.000530,0.000193,0.000006,0.000000,0.000000,0.000000,0.000000,0.000000
1.481650,1765348217.420640,1765348209,0.000530,0.000193,0.000000,0.000000,0.000000,0.000000,0.000000,0.344366
1.501668,1765348217.440668,1765348209,0.000530,0.000193,0.000000,0.000000,0.000000,0.000000,0.000000,0.344366
1.521655,1765348217.460643,1765348209,0.000530,0.000193,0.000000,-0.000140,0.000000,0.000000,0.000000,-0.344366
1.541658,1765348217.480641,1765348209,0.000530,0.000193,0.000000,-0.000872,0.000000,0.000000,0.000000,0.000000
1.561657,1765348217.500640,1765348209,0.000530,0.000193,0.000000,0.000000,0.000000,0.000000,0.000000,0.000000
1.581632,1765348217.520602,1765348209,0.000530,0.000193,0.000000,0.000000,0.000000,0.000000,0.000000,0.000000
1.601627,1765348217.540597,1765348209,0.000530,0.000193,0.000000,-0.000946,0.000000,0.000000,0.000000,0.000000
1.621668,1765348217.560655,1765348209,0.000530,0.000197,0.000000,0.000001,0.000000,0.000000,0.000000,-0.344366
1.641672,1765348217.580659,1765348209,0.000530,0.000197,0.000000,0.000140,0.000000,0.000000,0.000000,0.000000
1.661667,1765348217.600649,1765348209,0.000530,0.000193,0.000000,0.000000,0.000000,0.000000,0.000000,0.000000
1.681653,1765348217.620630,1765348209,0.000530,0.000193,0.000000,0.000000,0.000000,0.000000,0.000000,0.000000
1.701683,1765348217.640670,1765348209,0.000530,0.000193,0.000000,0.000000,0.000000,0.000000,0.000000,0.000000
1.721677,1765348217.660658,1765348209,0.000530,0.000197,0.000000,0.000000,0.000000,0.000000,0.000000,-0.344366
1.741682,1765348217.680665,1765348209,0.000530,0.000197,0.000000,0.000946,0.000000,0.000000,-0.688732,0.344366
1.761697,1765348217.700684,1765348209,0.000530,0.000193,0.000000,-0.000006,0.000000,0.000000,0.000000,0.000000
1.781711,1765348217.720704,1765348209,0.000530,0.000193,0.000000,-0.000000,0.000000,0.000000,0.000000,-0.344366
1.801759,1765348217.740770,1765348209,0.000530,0.000193,0.000000,0.000682,0.000000,0.000000,0.000000,0.344366
1.821779,1765348217.760798,1765348209,0.000530,0.000197,0.000000,0.000000,0.000000,0.000000,0.000000,0.000000
1.841785,1765348217.780803,1765348209,0.000530,0.000193,0.000000,-0.000500,0.000000,0.000000,0.000000,0.000000
1.861777,1765348217.800791,1765348209,0.000530,0.000197,0.000000,-0.000680,0.000000,0.000000,0.000000,0.000000
1.881812,1765348217.820838,1765348209,0.000530,0.000197,0.000000,0.000907,0.000000,0.000000,0.000000,0.344366
1.901805,1765348217.840826,1765348209,0.000530,0.000197,0.000021,0.000871,0.000000,0.000000,0.000000,0.000000
1.921800,1765348217.860811,1765348209,0.000530,0.000193,0.000000,-0.000264,0.000000,0.000000,0.000000,-0.344366
1.941798,1765348217.880805,1765348209,0.000530,0.000197,0.000000,0.000000,0.000000,0.000000,0.000000,0.000000
1.961787,1765348217.900784,1765348209,0.000530,0.000197,0.000000,0.000000,0.000000,0.000000,0.000000,0.000000
1.981747,1765348217.920728,1765348209,0.000530,0.000197,0.000000,0.000945,0.000000,0.000000,0.000000,0.000000
2.001820,1765348217.940833,1765348209,0.000530,0.000193,0.000000,-0.000265,0.000000,0.000000,0.000000,-0.344366
2.021837,1765348217.960860,1765348209,0.000530,0.000197,0.000000,0.000000,0.000000,0.000000,0.000000,0.344366
2.041760,1765348217.980736,1765348209,0.000530,0.000197,0.000000,0.000000,0.000000,0.000000,0.000000,0.000000
2.061763,1765348218.000732,1765348209,0.000530,0.000193,0.000000,-0.000907,0.000000,0.000000,0.000000,0.344366
2.081761,1765348218.020732,1765348209,0.000530,0.000197,0.000000,0.000000,0.000000,0.000000,0.000000,0.000000
2.101800,1765348218.040783,1765348209,0.000530,0.000197,0.000000,0.000935,0.000000,0.000000,0.000000,0.000000
2.121900,1765348218.060925,1765348209,0.000530,0.000197,0.000000,0.000000,0.000000,0.000000,0.000000,0.000000
2.141950,1765348218.080999,1765348209,0.000530,0.000197,0.000000,0.000000,0.000000,0.000000,0.000000,0.000000
2.161961,1765348218.101011,1765348209,0.000530,0.000197,0.000000,0.000000,0.000000,0.000000,0.000000,0.000000
2.181973,1765348218.121021,1765348209,0.000530,0.000197,0.000000,0.000000,0.000000,0.000000,0.000000,0.344366
2.201961,1765348218.140997,1765348209,0.000530,0.000197,0.000000,0.000000,0.000000,0.000000,0.000000,-0.344366
2.221953,1765348218.160979,1765348209,0.000530,0.000197,0.000000,0.000000,0.000000,0.000000,0.000000,-0.344366
2.241897,1765348218.180888,1765348209,0.000530,0.000197,0.000000,0.000000,0.000000,0.000000,0.000000,0.000000
2.262182,1765348218.201157,1765348209,0.000530,0.000197,0.000000,0.000000,0.000000,0.000000,0.000000,-0.344366
2.282198,1765348218.221184,1765348209,0.000530,0.000193,0.000000,-0.000806,0.000000,0.000000,0.000000,0.000000
2.302215,1765348218.241211,1765348209,0.000530,0.000197,0.000000,0.000011,0.000000,0.000000,0.000000,0.000000
2.322235,1765348218.261242,1765348209,0.000530,0.000197,0.000000,0.000000,0.000000,0.000000,0.000000,0.000000
2.342368,1765348218.281419,1765348209,0.000530,0.000197,0.000000,0.000000,0.000000,0.000000,0.000000,0.000000
2.362384,1765348218.301434,1765348209,0.000530,0.000197,0.000000,0.000000,0.000000,0.000000,0.000000,0.000000
2.382317,1765348218.321373,1765348209,0.000530,0.000197,0.000000,0.000440,0.000000,0.000000,0.000000,0.344366
2.402407,1765348218.341457,1765348209,0.000530,0.000197,0.000000,0.000000,0.000000,0.000000,0.000000,-0.344366
2.422274,1765348218.361300,1765348209,0.000530,0.000197,0.000000,0.000000,0.000000,0.000000,0.000000,0.344366
2.442443,1765348218.381513,1765348209,0.000530,0.000197,0.000000,0.000000,0.000000,0.000000,0.000000,-0.344366
2.462439,1765348218.401489,1765348209,0.000530,0.000197,0.000000,0.000000,0.000000,0.000000,0.000000,0.000000
2.482419,1765348218.421457,1765348209,0.000530,0.000197,0.000000,0.000000,0.000000,0.000000,-1.033098,-0.344366
2.502414,1765348218.441441,1765348209,0.000530,0.000197,0.000000,0.000000,0.000000,0.000000,0.000000,-0.344366
2.522401,1765348218.461420,1765348209,0.000530,0.000197,0.000000,0.000000,0.000000,0.000000,0.000000,0.000000
2.542346,1765348218.481335,1765348209,0.000530,0.000197,0.000000,0.000000,0.000000,0.000000,0.000000,0.344366
2.562303,1765348218.501274,1765348209,0.000530,0.000197,0.000000,0.000000,0.000000,0.000000,0.000000,-0.344366
2.582305,1765348218.521277,1765348209,0.000530,0.000197,0.000000,0.000000,0.000000,0.000000,0.000000,0.000000
2.602325,1765348218.541304,1765348209,0.000530,0.000197,0.000000,0.000000,0.000000,0.000000,0.000000,-0.344366
2.622385,1765348218.561385,1765348209,0.000530,0.000197,0.000000,0.000000,0.000000,0.000000,0.000000,0.000000
2.642360,1765348218.581369,1765348209,0.000530,0.000197,0.000000,0.000000,0.000000,0.000000,0.000000,0.344366
2.662374,1765348218.601386,1765348209,0.000530,0.000197,0.000000,0.000000,0.000000,0.000000,0.000000,0.000000
2.682419,1765348218.621424,1765348209,0.000530,0.000197,0.000000,0.000000,0.000000,0.000000,0.000000,0.000000
2.702352,1765348218.641331,1765348209,0.000530,0.000197,0.000000,0.000000,0.000000,0.000000,0.000000,0.000000
2.722404,1765348218.661401,1765348209,0.000530,0.000197,0.000000,0.000000,0.000000,0.000000,0.000000,-0.344366
2.742429,1765348218.681434,1765348209,0.000530,0.000197,0.000000,0.000000,0.000000,0.000000,0.000000,0.344366
2.762430,1765348218.701436,1765348209,0.000530,0.000197,0.000000,0.000000,0.000000,0.000000,0.000000,0.000000
2.782420,1765348218.721414,1765348209,0.000530,0.000197,0.000000,0.000000,0.000000,0.000000,0.000000,0.344366
2.802392,1765348218.741378,1765348209,0.000530,0.000197,0.000000,0.000000,0.000000,0.000000,0.000000,0.000000
2.822411,1765348218.761406,1765348209,0.000530,0.000197,0.000000,0.000000,0.000000,0.000000,0.000000,0.000000
2.842558,1765348218.781594,1765348209,0.000530,0.000197,0.000000,0.000000,0.000000,0.000000,0.000000,0.344366
2.862589,1765348218.801637,1765348209,0.000530,0.000197,0.000000,0.000000,0.000000,0.000000,0.000000,0.000000
2.882473,1765348218.821463,1765348209,0.000530,0.000197,0.000000,0.000000,0.000000,0.000000,0.000000,-0.344366
2.902484,1765348218.841473,1765348209,0.000530,0.000197,0.000000,0.000000,0.000000,0.000000,0.000000,0.000000
2.922532,1765348218.861537,1765348209,0.000530,0.000197,0.000000,0.000000,0.000000,0.000000,0.000000,0.000000
2.942529,1765348218.881528,1765348209,0.000530,0.000197,0.000000,0.000000,0.000000,0.000000,0.000000,0.000000
2.962549,1765348218.901556,1765348209,0.000530,0.000197,0.000000,0.000000,0.000000,0.000000,0.000000,0.000000
2.982582,1765348218.921601,1765348209,0.000530,0.000197,0.000000,0.000000,0.000000,0.000000,0.000000,0.000000
3.002573,1765348218.941586,1765348209,0.000530,0.000197,0.000000,0.000000,0.000000,0.000000,0.000000,0.000000
3.022586,1765348218.961627,1765348209,0.000530,0.000197,0.000000,0.000000,0.000000,0.000000,0.000000,0.344366
3.042512,1765348218.981481,1765348209,0.000530,0.000197,0.000000,0.000000,0.000000,0.000000,0.000000,0.344366
3.062503,1765348219.001469,1765348209,0.000530,0.000197,0.000000,0.000000,0.000000,0.000000,0.000000,0.000000
3.082526,1765348219.021503,1765348209,0.000530,0.000197,0.000000,0.000000,0.000000,0.000000,-0.688732,-0.344366
3.102547,1765348219.041534,1765348209,0.000530,0.000197,0.000000,0.000000,0.000000,0.000000,0.000000,0.000000
3.122570,1765348219.061566,1765348209,0.000530,0.000197,0.000000,0.000000,0.000000,0.000000,0.000000,-0.344366
3.142582,1765348219.081582,1765348209,0.000530,0.000197,0.000000,0.000000,0.000000,0.000000,0.000000,0.000000
3.162609,1765348219.101619,1765348209,0.000530,0.000197,0.000000,0.000000,0.000000,0.000000,0.000000,0.000000
3.182630,1765348219.121649,1765348209,0.000530,0.000197,0.000000,0.000000,0.000000,0.000000,0.000000,0.344366
3.202791,1765348219.141842,1765348209,0.000530,0.000197,0.000000,0.000000,0.000000,0.000000,0.000000,0.000000
3.222804,1765348219.161855,1765348209,0.000530,0.000197,0.000000,0.000000,0.000000,0.000000,0.000000,0.000000
3.242666,1765348219.181635,1765348209,0.000530,0.000197,0.000000,0.000000,0.000000,0.000000,0.000000,-0.344366
3.262681,1765348219.201654,1765348209,0.000530,0.000197,0.000000,0.000000,0.000000,0.000000,0.000000,0.000000
3.282693,1765348219.221670,1765348209,0.000530,0.000197,0.000000,0.000000,0.000000,0.000000,0.000000,0.344366
3.302713,1765348219.241699,1765348209,0.000530,0.000197,0.000000,0.000000,0.000000,0.000000,0.000000,0.000000
3.322746,1765348219.261743,1765348209,0.000530,0.000197,0.000000,0.000000,0.000000,0.000000,0.000000,0.000000
3.342770,1765348219.281780,1765348209,0.000530,0.000197,0.000000,0.000000,0.000000,0.000000,0.000000,-0.344366
3.362793,1765348219.301811,1765348209,0.000530,0.000197,0.000000,0.000000,0.000000,0.000000,0.000000,0.000000
3.382787,1765348219.321798,1765348209,0.000530,0.000197,0.000000,0.000000,0.000000,0.000000,0.000000,0.000000
3.402809,1765348219.341826,1765348209,0.000530,0.000197,0.000000,0.000000,0.000000,0.000000,0.000000,-0.344366
3.422755,1765348219.361770,1765348209,0.000530,0.000197,0.000000,0.000000,0.000000,0.000000,0.000000,0.000000
3.442877,1765348219.381929,1765348209,0.000530,0.000197,0.000000,0.000000,0.000000,0.000000,-0.688732,-0.344366
3.462867,1765348219.401902,1765348209,0.000530,0.000197,0.000000,0.000000,0.000000,0.000000,0.000000,0.000000
3.482876,1765348219.421913,1765348209,0.000530,0.000197,0.000000,0.000000,0.000000,0.000000,0.000000,0.000000
3.502858,1765348219.441876,1765348209,0.000530,0.000197,0.000000,0.000000,0.000000,0.000000,0.000000,0.000000
3.522877,1765348219.461902,1765348209,0.000530,0.000197,0.000000,0.000000,0.000000,0.000000,0.000000,-0.344366
3.542783,1765348219.481751,1765348209,0.000530,0.000197,0.000000,0.000000,0.000000,0.000000,0.000000,0.000000
3.562784,1765348219.501752,1765348209,0.000530,0.000197,0.000000,0.000000,0.000000,0.000000,0.000000,0.000000
3.582793,1765348219.521767,1765348209,0.000530,0.000197,0.000000,0.000000,0.000000,0.000000,0.000000,-0.344366
3.602824,1765348219.541856,1765348209,0.000530,0.000197,0.000000,0.000000,0.000000,0.000000,0.000000,0.000000
3.622818,1765348219.561810,1765348209,0.000530,0.000197,0.000000,0.000000,0.000000,0.000000,0.000000,-0.344366
3.642820,1765348219.581810,1765348209,0.000530,0.000197,0.000000,0.000000,0.000000,0.000000,0.000000,0.000000
3.662907,1765348219.601938,1765348209,0.000530,0.000197,0.000000,0.000000,0.000000,0.000000,0.000000,0.000000
3.682853,1765348219.621843,1765348209,0.000530,0.000197,0.000000,0.000000,0.000000,0.000000,0.000000,-0.344366
3.702862,1765348219.641856,1765348209,0.000530,0.000197,0.000000,0.000000,0.000000,0.000000,0.000000,0.000000
3.722873,1765348219.661870,1765348209,0.000530,0.000197,0.000000,0.000000,0.000000,0.000000,0.000000,0.344366
3.742845,1765348219.681833,1765348209,0.000530,0.000197,0.000000,0.000000,0.000000,0.000000,0.000000,0.000000
3.762889,1765348219.701891,1765348209,0.000530,0.000197,0.000000,0.000000,0.000000,0.000000,0.000000,0.000000
3.782942,1765348219.721968,1765348209,0.000530,0.000197,0.000000,0.000000,0.000000,0.000000,0.000000,-0.344366
3.802950,1765348219.741975,1765348209,0.000530,0.000197,0.000000,0.000000,0.000000,0.000000,0.000000,0.344366
3.822943,1765348219.761961,1765348209,0.000530,0.000197,0.000000,0.000000,0.000000,0.000000,-0.688732,0.344366
3.842939,1765348219.781950,1765348209,0.000530,0.000197,0.000000,0.000000,0.000000,0.000000,0.000000,0.000000
3.862974,1765348219.802008,1765348209,0.000530,0.000197,0.000000,0.000000,0.000000,0.000000,0.000000,0.344366
3.883005,1765348219.822053,1765348209,0.000530,0.000197,0.000000,0.000000,0.000000,0.000000,0.000000,-0.344366
3.902972,1765348219.841995,1765348209,0.000530,0.000197,0.000000,0.000000,0.000000,0.000000,0.000000,-0.344366
3.922950,1765348219.861953,1765348209,0.000530,0.000197,0.000000,0.000000,0.000000,0.000000,0.000000,0.000000
3.942971,1765348219.881986,1765348209,0.000530,0.000197,0.000000,0.000000,0.000000,0.000000,0.000000,0.000000
3.962949,1765348219.901942,1765348209,0.000530,0.000197,0.000000,0.000000,0.000000,0.000000,0.000000,0.344366
3.982939,1765348219.921926,1765348209,0.000530,0.000197,0.000000,0.000000,0.000000,0.000000,0.000000,0.000000
4.003005,1765348219.942022,1765348209,0.000530,0.000197,0.000000,0.000000,0.000000,0.000000,0.000000,0.000000
4.022955,1765348219.961962,1765348209,0.000530,0.000197,0.000000,0.000000,0.000000,0.000000,0.000000,-0.344366
4.042923,1765348219.981899,1765348209,0.000530,0.000197,0.000000,0.000000,0.000000,0.000000,0.000000,0.000000
4.062913,1765348220.001878,1765348209,0.000530,0.000197,0.000000,0.000000,0.000000,0.000000,-0.688732,0.344366
4.082940,1765348220.021917,1765348209,0.000530,0.000197,0.000000,0.000000,0.000000,0.000000,0.000000,0.000000
4.102959,1765348220.041944,1765348209,0.000530,0.000197,0.000000,0.000000,0.000000,0.000000,0.000000,-0.344366
4.122984,1765348220.061981,1765348209,0.000530,0.000197,0.000000,0.000000,0.000000,0.000000,0.000000,0.000000
4.143005,1765348220.082010,1765348209,0.000530,0.000197,0.000000,0.000000,0.000000,0.000000,0.000000,0.344366
4.163022,1765348220.102032,1765348209,0.000530,0.000197,0.000000,0.000000,0.000000,0.000000,0.000000,0.000000
4.183046,1765348220.122065,1765348209,0.000530,0.000197,0.000000,0.000000,0.000000,0.000000,0.000000,0.000000
4.203058,1765348220.142094,1765348209,0.000530,0.000197,0.000000,0.000000,0.000000,0.000000,0.000000,0.000000
4.223018,1765348220.162031,1765348209,0.000530,0.000197,0.000000,0.000000,0.000000,0.000000,0.000000,0.000000
4.243008,1765348220.182008,1765348209,0.000530,0.000197,0.000000,0.000000,0.000000,0.000000,0.000000,0.000000
4.263020,1765348220.202016,1765348209,0.000530,0.000197,0.000000,0.000000,0.000000,0.000000,0.000000,0.344366
4.282986,1765348220.221954,1765348209,0.000530,0.000197,0.000000,0.000000,0.000000,0.000000,0.000000,0.000000
4.303002,1765348220.241976,1765348209,0.000530,0.000197,0.000000,0.000000,0.000000,0.000000,0.000000,0.000000
4.323025,1765348220.262012,1765348209,0.000530,0.000197,0.000000,0.000000,0.000000,0.000000,0.000000,0.344366
4.343042,1765348220.282037,1765348209,0.000530,0.000197,0.000000,0.000000,0.000000,0.000000,0.000000,0.000000
4.363070,1765348220.302076,1765348209,0.000530,0.000197,0.000000,0.000000,0.000000,0.000000,0.000000,-0.344366
4.383102,1765348220.322121,1765348209,0.000530,0.000197,0.000000,0.000000,0.000000,0.000000,0.000000,-0.344366
4.403109,1765348220.342127,1765348209,0.000530,0.000197,0.000000,0.000000,0.000000,0.000000,0.000000,0.000000
4.423117,1765348220.362135,1765348209,0.000530,0.000197,0.000000,0.000000,0.000000,0.000000,0.000000,0.000000
4.443137,1765348220.382164,1765348209,0.000530,0.000197,0.000000,0.000000,0.000000,0.000000,0.000000,0.000000
4.463147,1765348220.402173,1765348209,0.000530,0.000197,0.000000,0.000000,0.000000,0.000000,0.000000,0.000000
4.483155,1765348220.422174,1765348209,0.000530,0.000197,0.000000,0.000000,0.000000,0.000000,0.000000,0.344366
4.503151,1765348220.442169,1765348209,0.000530,0.000197,0.000000,0.000000,0.000000,0.000000,0.000000,-0.344366
4.523172,1765348220.462197,1765348209,0.000530,0.000197,0.000000,0.000000,0.000000,0.000000,0.000000,0.000000
4.543129,1765348220.482126,1765348209,0.000530,0.000197,0.000000,0.000000,0.000000,0.000000,0.000000,0.000000
4.563110,1765348220.502097,1765348209,0.000530,0.000197,0.000000,0.000000,0.000000,0.000000,0.000000,-0.344366
4.583149,1765348220.522154,1765348209,0.000530,0.000197,0.000000,0.000000,0.000000,0.000000,0.000000,0.344366
4.603154,1765348220.542159,1765348209,0.000530,0.000197,0.000000,0.000000,0.000000,0.000000,0.000000,0.000000
4.623188,1765348220.562206,1765348209,0.000530,0.000197,0.000000,0.000000,0.000000,0.000000,0.000000,0.000000
4.643231,1765348220.582317,1765348209,0.000530,0.000197,0.000000,0.000000,0.000000,0.000000,0.000000,0.000000
4.663146,1765348220.602155,1765348209,0.000530,0.000197,0.000000,0.000000,0.000000,0.000000,0.000000,0.000000
4.683246,1765348220.622300,1765348209,0.000530,0.000197,0.000000,0.000000,0.000000,0.000000,0.000000,0.000000
4.703154,1765348220.642154,1765348209,0.000530,0.000197,0.000000,0.000000,0.000000,0.000000,0.000000,-0.344366
4.723143,1765348220.662126,1765348209,0.000530,0.000197,0.000000,0.000000,0.000000,0.000000,0.000000,0.000000
4.743206,1765348220.682212,1765348209,0.000530,0.000197,0.000000,0.000000,0.000000,0.000000,0.000000,-0.344366
4.763272,1765348220.702349,1765348209,0.000530,0.000197,0.000000,0.000000,0.000000,0.000000,0.000000,0.000000
4.783215,1765348220.722216,1765348209,0.000530,0.000197,0.000000,0.000000,0.000000,0.000000,0.000000,0.000000
4.803241,1765348220.742253,1765348209,0.000530,0.000197,0.000000,0.000000,0.000000,0.000000,0.000000,0.344366
4.823198,1765348220.762195,1765348209,0.000530,0.000197,0.000000,0.000000,0.000000,0.000000,0.000000,0.000000
4.843254,1765348220.782268,1765348209,0.000530,0.000197,0.000000,0.000000,0.000000,0.000000,0.000000,0.000000
4.863278,1765348220.802320,1765348209,0.000530,0.000197,0.000000,0.000000,0.000000,0.000000,0.000000,0.000000
4.883204,1765348220.822187,1765348209,0.000530,0.000197,0.000000,0.000000,0.000000,0.000000,0.000000,0.000000
4.903275,1765348220.842305,1765348209,0.000530,0.000197,0.000000,0.000000,0.000000,0.000000,0.000000,0.344366
4.923285,1765348220.862318,1765348209,0.000530,0.000197,0.000000,0.000000,0.000000,0.000000,0.000000,0.000000
4.943280,1765348220.882303,1765348209,0.000530,0.000197,0.000000,0.000000,0.000000,0.000000,0.000000,0.000000
4.963297,1765348220.902328,1765348209,0.000530,0.000197,0.000000,0.000000,0.000000,0.000000,0.000000,0.344366
4.983304,1765348220.922343,1765348209,0.000530,0.000197,0.000000,0.000000,0.000000,0.000000,0.000000,0.344366
5.003268,1765348220.942266,1765348209,0.000530,0.000197,0.000000,0.000000,0.000000,0.000000,0.000000,-0.344366
5.023285,1765348220.962278,1765348209,0.000530,0.000197,0.000000,0.000000,0.000000,0.000000,0.000000,0.000000
5.043249,1765348220.982218,1765348209,0.000530,0.000197,0.000000,0.000000,0.000000,0.000000,0.000000,0.000000
5.063239,1765348221.002203,1765348209,0.000530,0.000197,0.000000,0.000000,0.000000,0.000000,0.000000,0.000000
5.083241,1765348221.022207,1765348209,0.000530,0.000197,0.000000,0.000000,0.000000,0.000000,0.000000,0.000000
5.103273,1765348221.042252,1765348209,0.000530,0.000197,0.000000,0.000000,0.000000,0.000000,0.000000,0.000000
5.123294,1765348221.062297,1765348209,0.000530,0.000197,0.000000,0.000000,0.000000,0.000000,0.000000,0.000000
5.143314,1765348221.082326,1765348209,0.000530,0.000197,0.000000,0.000000,0.000000,0.000000,-0.688732,0.000000
5.163356,1765348221.102362,1765348209,0.000530,0.000197,0.000000,0.000000,0.000000,0.000000,0.000000,-0.344366
5.183376,1765348221.122382,1765348209,0.000530,0.000197,0.000000,0.000000,0.000000,0.000000,0.000000,0.000000
5.203387,1765348221.142398,1765348209,0.000530,0.000197,0.000000,0.000000,0.000000,0.000000,0.000000,-0.344366
5.223399,1765348221.162417,1765348209,0.000530,0.000197,0.000000,0.000000,0.000000,0.000000,0.000000,0.000000
5.243424,1765348221.182444,1765348209,0.000530,0.000197,0.000000,0.000000,0.000000,0.000000,0.000000,0.000000
5.263303,1765348221.202275,1765348209,0.000530,0.000197,0.000000,0.000000,0.000000,0.000000,0.000000,0.000000
5.283370,1765348221.222379,1765348209,0.000530,0.000197,0.000000,0.000000,0.000000,0.000000,0.000000,-0.344366
5.303356,1765348221.242345,1765348209,0.000530,0.000197,0.000000,0.000000,0.000000,0.000000,0.000000,0.000000
5.323408,1765348221.262419,1765348209,0.000530,0.000197,0.000000,0.000000,0.000000,0.000000,0.000000,0.000000
5.343467,1765348221.282503,1765348209,0.000530,0.000197,0.000000,0.000000,0.000000,0.000000,0.000000,0.000000
5.363469,1765348221.302495,1765348209,0.000530,0.000197,0.000000,0.000000,0.000000,0.000000,0.000000,0.000000
5.383472,1765348221.322490,1765348209,0.000530,0.000197,0.000000,0.000000,0.000000,0.000000,0.000000,0.000000
5.403492,1765348221.342518,1765348209,0.000530,0.000197,0.000000,0.000000,0.000000,0.000000,0.000000,-0.344366
5.423501,1765348221.362526,1765348209,0.000530,0.000197,0.000000,0.000000,0.000000,0.000000,0.000000,-0.344366
5.443511,1765348221.382537,1765348209,0.000530,0.000197,0.000000,0.000000,0.000000,0.000000,0.000000,0.000000
5.463527,1765348221.402553,1765348209,0.000530,0.000197,0.000000,0.000000,0.000000,0.000000,0.000000,0.000000
5.483517,1765348221.422535,1765348209,0.000530,0.000197,0.000000,0.000000,0.000000,0.000000,0.000000,0.344366
5.503526,1765348221.442545,1765348209,0.000530,0.000197,0.000000,0.000000,0.000000,0.000000,0.000000,-0.344366
5.523546,1765348221.462573,1765348209,0.000530,0.000197,0.000000,0.000000,0.000000,0.000000,0.000000,0.000000
5.543568,1765348221.482575,1765348209,0.000530,0.000197,0.000000,0.000000,0.000000,0.000000,0.000000,0.000000
5.563457,1765348221.502426,1765348209,0.000530,0.000197,0.000000,0.000000,0.000000,0.000000,0.000000,0.000000
5.583542,1765348221.522517,1765348209,0.000530,0.000197,0.000000,0.000000,0.000000,0.000000,0.000000,0.000000
5.603564,1765348221.542553,1765348209,0.000530,0.000197,0.000000,0.000000,0.000000,0.000000,0.000000,0.000000
5.623534,1765348221.562508,1765348209,0.000530,0.000197,0.000000,0.000000,0.000000,0.000000,0.000000,0.000000
5.643542,1765348221.582514,1765348209,0.000530,0.000197,0.000000,0.000000,0.000000,0.000000,0.000000,0.000000
5.663535,1765348221.602505,1765348209,0.000530,0.000197,0.000000,0.000000,0.000000,0.000000,-0.344366,0.000000
5.683582,1765348221.622573,1765348209,0.000530,0.000197,0.000000,0.000000,0.000000,0.000000,0.000000,0.000000
5.703606,1765348221.642606,1765348209,0.000530,0.000197,0.000000,0.000000,0.000000,0.000000,0.000000,0.000000
5.723621,1765348221.662626,1765348209,0.000530,0.000197,0.000000,0.000000,0.000000,0.000000,0.000000,0.344366
5.743575,1765348221.682562,1765348209,0.000530,0.000197,0.000000,0.000000,0.000000,0.000000,0.000000,0.000000
5.763625,1765348221.702625,1765348209,0.000530,0.000197,0.000000,0.000000,0.000000,0.000000,0.000000,0.000000
5.783608,1765348221.722606,1765348209,0.000530,0.000197,0.000000,0.000000,0.000000,0.000000,0.000000,0.344366
5.803672,1765348221.742691,1765348209,0.000530,0.000197,0.000000,0.000000,0.000000,0.000000,0.000000,0.000000
5.823719,1765348221.762760,1765348209,0.000530,0.000197,0.000000,0.000000,0.000000,0.000000,0.000000,0.000000
5.843679,1765348221.782679,1765348209,0.000530,0.000197,0.000000,0.000000,0.000000,0.000000,0.000000,0.000000
5.863782,1765348221.802814,1765348209,0.000530,0.000197,0.000000,0.000000,0.000000,0.000000,0.000000,0.000000
5.883771,1765348221.822797,1765348209,0.000530,0.000197,0.000000,0.000000,0.000000,0.000000,0.000000,-0.344366
5.903744,1765348221.842750,1765348209,0.000530,0.000197,0.000000,0.000000,0.000000,0.000000,0.000000,0.000000
5.923778,1765348221.862796,1765348209,0.000530,0.000197,0.000000,0.000000,0.000000,0.000000,0.000000,-0.344366
5.943784,1765348221.882803,1765348209,0.000530,0.000197,0.000000,0.000000,0.000000,0.000000,0.000000,0.000000
5.963711,1765348221.902698,1765348209,0.000530,0.000197,0.000000,0.000000,0.000000,0.000000,0.000000,0.344366
5.983724,1765348221.922726,1765348209,0.000530,0.000197,0.000000,0.000000,0.000000,0.000000,0.000000,0.000000
6.003816,1765348221.942848,1765348209,0.000530,0.000197,0.000000,0.000000,0.000000,0.000000,0.000000,0.344366
6.023737,1765348221.962727,1765348209,0.000530,0.000197,0.000000,0.000000,0.000000,0.000000,0.000000,0.000000
6.043767,1765348221.982781,1765348209,0.000530,0.000197,0.000000,0.000000,0.000000,0.000000,0.000000,0.000000
6.063746,1765348222.002732,1765348209,0.000530,0.000197,0.000000,0.000000,0.000000,0.000000,0.000000,0.000000
6.083736,1765348222.022706,1765348209,0.000530,0.000197,0.000000,0.000000,0.000000,0.000000,0.000000,0.000000
6.103776,1765348222.042765,1765348209,0.000530,0.000197,0.000000,0.000000,0.000000,0.000000,0.000000,0.344366
6.123795,1765348222.062793,1765348209,0.000530,0.000197,0.000000,0.000000,0.000000,0.000000,-0.688732,0.344366
6.143895,1765348222.082946,1765348209,0.000530,0.000197,0.000000,0.000000,0.000000,0.000000,0.000000,0.000000
6.163884,1765348222.102919,1765348209,0.000530,0.000197,0.000000,0.000000,0.000000,0.000000,-0.688732,0.000000
6.183878,1765348222.122903,1765348209,0.000530,0.000197,0.000000,0.000000,0.000000,0.000000,0.000000,0.000000
6.203873,1765348222.142891,1765348209,0.000530,0.000197,0.000000,0.000000,0.000000,0.000000,0.000000,0.000000
6.223893,1765348222.162919,1765348209,0.000530,0.000197,0.000000,0.000000,0.000000,0.000000,0.000000,-0.344366
6.243834,1765348222.182823,1765348209,0.000530,0.000197,0.000000,0.000000,0.000000,0.000000,0.000000,0.000000
6.263804,1765348222.202774,1765348209,0.000530,0.000197,0.000000,0.000000,0.000000,0.000000,0.000000,0.344366
6.283822,1765348222.222800,1765348209,0.000530,0.000197,0.000000,0.000000,0.000000,0.000000,0.000000,0.000000
6.303887,1765348222.242898,1765348209,0.000530,0.000197,0.000000,0.000000,0.000000,0.000000,0.000000,0.344366
6.323910,1765348222.262928,1765348209,0.000530,0.000197,0.000000,0.000000,0.000000,0.000000,0.000000,0.000000
6.343919,1765348222.282937,1765348209,0.000530,0.000197,0.000000,0.000000,0.000000,0.000000,0.000000,0.344366
6.363926,1765348222.302946,1765348209,0.000530,0.000197,0.000000,0.000000,0.000000,0.000000,0.000000,0.344366
6.383918,1765348222.322929,1765348209,0.000530,0.000197,0.000000,0.000000,0.000000,0.000000,0.000000,0.000000
6.403942,1765348222.342960,1765348209,0.000530,0.000197,0.000000,0.000000,0.000000,0.000000,0.000000,0.344366
6.423882,1765348222.362884,1765348209,0.000530,0.000197,0.000000,0.000000,0.000000,0.000000,0.000000,0.000000
6.444005,1765348222.383055,1765348209,0.000530,0.000197,0.000000,0.000000,0.000000,0.000000,0.000000,0.000000
6.464015,1765348222.403066,1765348209,0.000530,0.000197,0.000000,0.000000,0.000000,0.000000,0.000000,0.000000
6.484005,1765348222.423040,1765348209,0.000530,0.000197,0.000000,0.000000,0.000000,0.000000,-0.688732,0.000000
6.504014,1765348222.443049,1765348209,0.000530,0.000197,0.000000,0.000000,0.000000,0.000000,0.000000,-0.344366
6.524025,1765348222.463061,1765348209,0.000530,0.000197,0.000000,0.000000,0.000000,0.000000,0.000000,0.344366
6.543946,1765348222.482949,1765348209,0.000530,0.000197,0.000000,0.000000,0.000000,0.000000,0.000000,-0.344366
6.563909,1765348222.502877,1765348209,0.000530,0.000197,0.000000,0.000000,0.000000,0.000000,0.000000,0.344366
6.583919,1765348222.522893,1765348209,0.000530,0.000197,0.000000,0.000000,0.000000,0.000000,0.000000,-0.344366
6.603923,1765348222.542898,1765348209,0.000530,0.000197,0.000000,0.000000,0.000000,0.000000,0.000000,0.000000
6.623929,1765348222.562907,1765348209,0.000530,0.000197,0.000000,0.000000,0.000000,0.000000,0.000000,0.000000
6.643965,1765348222.582959,1765348209,0.000530,0.000197,0.000000,0.000000,0.000000,0.000000,0.000000,0.000000
6.664062,1765348222.603087,1765348209,0.000530,0.000197,0.000000,0.000000,0.000000,0.000000,0.000000,0.000000
6.683950,1765348222.622936,1765348209,0.000530,0.000197,0.000000,0.000000,0.000000,0.000000,0.000000,-0.344366
6.703969,1765348222.642966,1765348209,0.000530,0.000197,0.000000,0.000000,0.000000,0.000000,0.000000,0.000000
6.723968,1765348222.662959,1765348209,0.000530,0.000197,0.000000,0.000000,0.000000,0.000000,0.000000,0.000000
6.743969,1765348222.682957,1765348209,0.000530,0.000197,0.000000,0.000000,0.000000,0.000000,0.000000,0.000000
6.764024,1765348222.703032,1765348209,0.000530,0.000197,0.000000,0.000000,0.000000,0.000000,0.000000,0.000000
6.783983,1765348222.722972,1765348209,0.000530,0.000197,0.000000,0.000000,0.000000,0.000000,0.000000,0.000000
6.804036,1765348222.743043,1765348209,0.000530,0.000197,0.000000,0.000000,0.000000,0.000000,0.000000,0.000000
6.824067,1765348222.763089,1765348209,0.000530,0.000197,0.000000,0.000000,0.000000,0.000000,-0.688732,0.000000
6.844124,1765348222.783199,1765348209,0.000530,0.000197,0.000000,0.000000,0.000000,0.000000,0.000000,0.000000
6.864082,1765348222.803109,1765348209,0.000530,0.000197,0.000000,0.000000,0.000000,0.000000,0.000000,-0.344366
6.884080,1765348222.823090,1765348209,0.000530,0.000197,0.000000,0.000000,0.000000,0.000000,0.000000,0.000000
6.904034,1765348222.843030,1765348209,0.000530,0.000197,0.000000,0.000000,0.000000,0.000000,0.000000,-0.344366
6.924182,1765348222.863267,1765348209,0.000530,0.000197,0.000000,0.000000,0.000000,0.000000,0.000000,-0.344366
6.944190,1765348222.883274,1765348209,0.000530,0.000197,0.000000,0.000000,0.000000,0.000000,0.000000,0.000000
6.964300,1765348222.903380,1765348209,0.000530,0.000197,0.000000,0.000000,0.000000,0.000000,0.000000,-0.344366
6.984151,1765348222.923176,1765348209,0.000530,0.000197,0.000000,0.000000,0.000000,0.000000,0.000000,0.000000
7.004082,1765348222.943074,1765348209,0.000530,0.000197,0.000000,0.000000,0.000000,0.000000,0.000000,-0.344366
7.024211,1765348222.963274,1765348209,0.000530,0.000197,0.000000,0.000000,0.000000,0.000000,0.000000,-0.344366
7.044061,1765348222.983032,1765348209,0.000530,0.000197,0.000000,0.000000,0.000000,0.000000,0.000000,0.000000
7.064075,1765348223.003048,1765348209,0.000530,0.000197,0.000000,0.000000,0.000000,0.000000,0.000000,0.000000
7.084076,1765348223.023051,1765348209,0.000530,0.000197,0.000000,0.000000,0.000000,0.000000,0.000000,0.000000
7.104068,1765348223.043040,1765348209,0.000530,0.000197,0.000000,0.000000,0.000000,0.000000,0.000000,-0.344366
7.124070,1765348223.063043,1765348209,0.000530,0.000197,0.000000,0.000000,0.000000,0.000000,-0.688732,0.000000
7.144077,1765348223.083053,1765348209,0.000530,0.000197,0.000000,0.000000,0.000000,0.000000,0.000000,-0.344366
7.164084,1765348223.103063,1765348209,0.000530,0.000197,0.000000,0.000000,0.000000,0.000000,0.000000,0.344366
7.184091,1765348223.123073,1765348209,0.000530,0.000197,0.000000,0.000000,0.000000,0.000000,0.000000,0.000000
7.204108,1765348223.143103,1765348209,0.000530,0.000197,0.000000,0.000000,0.000000,0.000000,0.000000,0.000000
7.224102,1765348223.163088,1765348209,0.000530,0.000197,0.000000,0.000000,0.000000,0.000000,0.000000,-0.344366
7.244108,1765348223.183088,1765348209,0.000530,0.000197,0.000000,0.000000,0.000000,0.000000,0.000000,0.344366
7.264096,1765348223.203064,1765348209,0.000530,0.000197,0.000000,0.000000,0.000000,0.000000,-0.688732,0.000000
7.284114,1765348223.223090,1765348209,0.000530,0.000197,0.000000,0.000000,0.000000,0.000000,0.000000,0.000000
7.304132,1765348223.243116,1765348209,0.000530,0.000197,0.000000,0.000000,0.000000,0.000000,0.000000,0.344366
7.324146,1765348223.263135,1765348209,0.000530,0.000197,0.000000,0.000000,0.000000,0.000000,0.000000,0.000000
7.344156,1765348223.283148,1765348209,0.000530,0.000197,0.000000,0.000000,0.000000,0.000000,0.000000,0.000000
7.364165,1765348223.303159,1765348209,0.000530,0.000197,0.000000,0.000000,0.000000,0.000000,0.000000,0.000000
7.384165,1765348223.323156,1765348209,0.000530,0.000197,0.000000,0.000000,0.000000,0.000000,0.000000,0.344366
7.404189,1765348223.343187,1765348209,0.000530,0.000197,0.000000,0.000000,0.000000,0.000000,-0.688732,-0.344366
7.424204,1765348223.363209,1765348209,0.000530,0.000197,0.000000,0.000000,0.000000,0.000000,0.000000,0.000000
7.444210,1765348223.383216,1765348209,0.000530,0.000197,0.000000,0.000000,0.000000,0.000000,0.000000,0.000000
7.464217,1765348223.403223,1765348209,0.000530,0.000197,0.000000,0.000000,0.000000,0.000000,0.000000,0.000000
7.484223,1765348223.423229,1765348209,0.000530,0.000197,0.000000,0.000000,0.000000,0.000000,0.000000,-0.344366
7.504242,1765348223.443253,1765348209,0.000530,0.000197,0.000000,0.000000,0.000000,0.000000,0.000000,0.000000
7.524259,1765348223.463277,1765348209,0.000530,0.000197,0.000000,0.000000,0.000000,0.000000,0.000000,0.000000
7.544219,1765348223.483228,1765348209,0.000530,0.000197,0.000000,0.000000,0.000000,0.000000,0.000000,0.000000
7.564236,1765348223.503233,1765348209,0.000530,0.000197,0.000000,0.000000,0.000000,0.000000,0.000000,0.344366
7.584221,1765348223.523207,1765348209,0.000530,0.000197,0.000000,0.000000,0.000000,0.000000,0.000000,0.000000
7.604252,1765348223.543252,1765348209,0.000530,0.000197,0.000000,0.000000,0.000000,0.000000,0.000000,0.000000
7.624250,1765348223.563246,1765348209,0.000530,0.000197,0.000000,0.000000,0.000000,0.000000,0.000000,0.000000
7.644269,1765348223.583277,1765348209,0.000530,0.000197,0.000000,0.000000,0.000000,0.000000,0.000000,0.000000
7.664286,1765348223.603325,1765348209,0.000530,0.000197,0.000000,0.000000,0.000000,0.000000,0.000000,0.000000
7.684306,1765348223.623356,1765348209,0.000530,0.000197,0.000000,0.000000,0.000000,0.000000,0.000000,0.000000
7.704319,1765348223.643356,1765348209,0.000530,0.000197,0.000000,0.000000,0.000000,0.000000,0.000000,0.000000
7.724309,1765348223.663342,1765348209,0.000530,0.000197,0.000000,0.000000,0.000000,0.000000,0.000000,0.000000
7.744253,1765348223.683238,1765348209,0.000530,0.000197,0.000000,0.000000,0.000000,0.000000,0.000000,-0.344366
7.764311,1765348223.703342,1765348209,0.000530,0.000197,0.000000,0.000000,0.000000,0.000000,0.000000,0.000000
7.784356,1765348223.723371,1765348209,0.000530,0.000197,0.000000,0.000000,0.000000,0.000000,0.000000,0.000000
7.804309,1765348223.743357,1765348209,0.000530,0.000197,0.000000,0.000000,0.000000,0.000000,0.000000,-0.344366
7.824341,1765348223.763340,1765348209,0.000530,0.000197,0.000000,0.000000,0.000000,0.000000,0.000000,0.000000
7.844312,1765348223.783309,1765348209,0.000530,0.000197,0.000000,0.000000,0.000000,0.000000,0.000000,0.000000
7.864510,1765348223.803560,1765348209,0.000530,0.000197,0.000000,0.000000,0.000000,0.000000,0.000000,0.000000
7.884342,1765348223.823336,1765348209,0.000530,0.000197,0.000000,0.000000,0.000000,0.000000,0.000000,0.000000
7.904359,1765348223.843357,1765348209,0.000530,0.000197,0.000000,0.000000,0.000000,0.000000,0.000000,0.344366
7.924439,1765348223.863457,1765348209,0.000530,0.000197,0.000000,0.000000,0.000000,0.000000,0.000000,0.344366
7.944410,1765348223.883414,1765348209,0.000530,0.000197,0.000000,0.000000,0.000000,0.000000,0.000000,0.000000
7.964421,1765348223.903425,1765348209,0.000530,0.000197,0.000000,0.000000,0.000000,0.000000,0.000000,-0.344366
7.984427,1765348223.923431,1765348209,0.000530,0.000197,0.000000,0.000000,0.000000,0.000000,0.000000,0.344366
8.004434,1765348223.943442,1765348209,0.000530,0.000197,0.000000,0.000000,0.000000,0.000000,0.000000,0.000000
8.024438,1765348223.963469,1765348209,0.000530,0.000197,0.000000,0.000000,0.000000,0.000000,0.000000,0.000000
8.044381,1765348223.983357,1765348209,0.000530,0.000197,0.000000,0.000000,0.000000,0.000000,0.000000,0.000000
8.064383,1765348224.003351,1765348209,0.000530,0.000197,0.000000,0.000000,0.000000,0.000000,0.000000,0.000000
8.084392,1765348224.023365,1765348209,0.000530,0.000197,0.000000,0.000000,0.000000,0.000000,0.000000,0.000000
8.104411,1765348224.043393,1765348209,0.000530,0.000197,0.000000,0.000000,0.000000,0.000000,0.000000,0.000000
8.124496,1765348224.063522,1765348209,0.000530,0.000197,0.000000,0.000000,0.000000,0.000000,0.000000,0.000000
8.144523,1765348224.083558,1765348209,0.000530,0.000197,0.000000,0.000000,0.000000,0.000000,0.000000,0.000000
8.164518,1765348224.103544,1765348209,0.000530,0.000197,0.000000,0.000000,0.000000,0.000000,0.000000,0.000000
8.184527,1765348224.123553,1765348209,0.000530,0.000197,0.000000,0.000000,0.000000,0.000000,-0.688732,0.344366
8.204536,1765348224.143562,1765348209,0.000530,0.000197,0.000000,0.000000,0.000000,0.000000,0.000000,-0.344366
8.224535,1765348224.163553,1765348209,0.000530,0.000197,0.000000,0.000000,0.000000,0.000000,0.000000,0.344366
8.244455,1765348224.183429,1765348209,0.000530,0.000197,0.000000,0.000000,0.000000,0.000000,0.000000,0.000000
8.264452,1765348224.203421,1765348209,0.000530,0.000197,0.000000,0.000000,0.000000,0.000000,0.000000,0.344366
8.284467,1765348224.223445,1765348209,0.000530,0.000197,0.000000,0.000000,0.000000,0.000000,0.000000,0.000000
8.304598,1765348224.243616,1765348209,0.000530,0.000197,0.000000,0.000000,0.000000,0.000000,0.000000,0.344366
8.324638,1765348224.263675,1765348209,0.000530,0.000197,0.000000,0.000000,0.000000,0.000000,0.000000,0.000000
8.344649,1765348224.283685,1765348209,0.000530,0.000197,0.000000,0.000000,0.000000,0.000000,0.000000,0.000000
8.364629,1765348224.303654,1765348209,0.000530,0.000197,0.000000,0.000000,0.000000,0.000000,1.033098,0.000000
8.384692,1765348224.323741,1765348209,0.000530,0.000197,0.000000,0.000000,0.000000,0.000000,0.000000,-0.344366
8.404630,1765348224.343647,1765348209,0.000530,0.000197,0.000000,0.000000,0.000000,0.000000,-0.688732,0.000000
8.424674,1765348224.363699,1765348209,0.000530,0.000197,0.000000,0.000000,0.000000,0.000000,0.000000,0.344366
8.444682,1765348224.383708,1765348209,0.000530,0.000197,0.000000,0.000000,0.000000,0.000000,0.000000,0.000000
8.464692,1765348224.403718,1765348209,0.000530,0.000197,0.000000,0.000000,0.000000,0.000000,0.000000,0.000000
8.484701,1765348224.423727,1765348209,0.000530,0.000197,0.000000,0.000000,0.000000,0.000000,0.000000,0.000000
8.504752,1765348224.443802,1765348209,0.000530,0.000197,0.000000,0.000000,0.000000,0.000000,0.000000,-0.344366
8.524763,1765348224.463813,1765348209,0.000530,0.000197,0.000000,0.000000,0.000000,0.000000,0.000000,0.000000
8.544682,1765348224.483679,1765348209,0.000530,0.000197,0.000000,0.000000,0.000000,0.000000,0.000000,0.344366
8.564636,1765348224.503604,1765348209,0.000530,0.000197,0.000000,0.000000,0.000000,0.000000,0.000000,-0.344366
8.584674,1765348224.523663,1765348209,0.000530,0.000197,0.000000,0.000000,0.000000,0.000000,0.000000,0.000000
8.604687,1765348224.543682,1765348209,0.000530,0.000197,0.000000,0.000000,0.000000,0.000000,0.000000,0.000000
8.624684,1765348224.563673,1765348209,0.000530,0.000197,0.000000,0.000000,0.000000,0.000000,-0.688732,0.000000
8.644656,1765348224.583633,1765348209,0.000530,0.000197,0.000000,0.000000,0.000000,0.000000,0.000000,0.000000
8.664703,1765348224.603694,1765348209,0.000530,0.000197,0.000000,0.000000,0.000000,0.000000,-0.688732,0.000000
8.684799,1765348224.623825,1765348209,0.000530,0.000197,0.000000,0.000000,0.000000,0.000000,0.000000,0.000000
8.704753,1765348224.643751,1765348209,0.000530,0.000197,0.000000,0.000000,0.000000,0.000000,0.000000,0.000000
8.724753,1765348224.663748,1765348209,0.000530,0.000197,0.000000,0.000000,0.000000,0.000000,0.000000,0.000000
8.744789,1765348224.683811,1765348209,0.000530,0.000197,0.000000,0.000000,0.000000,0.000000,0.000000,0.344366
8.764741,1765348224.703734,1765348209,0.000530,0.000197,0.000000,0.000000,0.000000,0.000000,0.000000,-0.344366
8.784818,1765348224.723839,1765348209,0.000530,0.000197,0.000000,0.000000,0.000000,0.000000,0.000000,-0.344366
8.804769,1765348224.743756,1765348209,0.000530,0.000197,0.000000,0.000000,0.000000,0.000000,0.000000,-0.344366
8.824746,1765348224.763719,1765348209,0.000530,0.000197,0.000000,0.000000,0.000000,0.000000,0.000000,0.000000
8.844765,1765348224.783748,1765348209,0.000530,0.000197,0.000000,0.000000,0.000000,0.000000,0.000000,0.344366
8.864792,1765348224.803788,1765348209,0.000530,0.000197,0.000000,0.000000,0.000000,0.000000,0.000000,0.344366
8.884807,1765348224.823810,1765348209,0.000530,0.000197,0.000000,0.000000,0.000000,0.000000,0.000000,-0.344366
8.904860,1765348224.843886,1765348209,0.000530,0.000197,0.000000,0.000000,0.000000,0.000000,0.000000,-0.344366
8.924908,1765348224.863958,1765348209,0.000530,0.000197,0.000000,-0.000943,0.000000,0.000000,0.000000,0.000000
8.944842,1765348224.883855,1765348209,0.000530,0.000197,0.000000,0.000000,0.000000,0.000000,0.000000,0.000000
8.964873,1765348224.903891,1765348209,0.000530,0.000197,0.000000,0.000000,0.000000,0.000000,0.000000,0.000000
8.984866,1765348224.923876,1765348209,0.000530,0.000197,0.000000,0.000000,0.000000,0.000000,0.000000,0.000000
9.004814,1765348224.943803,1765348209,0.000530,0.000197,0.000000,0.000000,0.000000,0.000000,0.000000,-0.344366
9.024992,1765348224.964084,1765348209,0.000530,0.000197,0.000000,0.000000,0.000000,0.000000,0.000000,0.000000
9.044806,1765348224.983780,1765348209,0.000530,0.000197,0.000000,0.000000,0.000000,0.000000,0.000000,-0.344366
9.064806,1765348225.003774,1765348209,0.000530,0.000197,0.000000,0.000000,0.000000,0.000000,0.000000,0.344366
9.084845,1765348225.023833,1765348209,0.000530,0.000197,0.000000,0.000000,0.000000,0.000000,0.000000,0.000000
9.104864,1765348225.043861,1765348209,0.000530,0.000197,0.000000,0.000000,0.000000,0.000000,0.000000,0.000000
9.124886,1765348225.063891,1765348209,0.000530,0.000197,0.000000,0.000000,0.000000,0.000000,0.000000,0.000000
9.144917,1765348225.083936,1765348209,0.000530,0.000197,0.000000,0.000000,0.000000,0.000000,0.000000,0.000000
9.164926,1765348225.103944,1765348209,0.000530,0.000197,0.000000,0.000000,0.000000,0.000000,0.000000,0.000000
9.184934,1765348225.123952,1765348209,0.000530,0.000197,0.000000,0.000000,0.000000,0.000000,0.000000,0.000000
9.204953,1765348225.143979,1765348209,0.000530,0.000197,0.000000,0.000000,0.000000,0.000000,0.000000,0.000000
9.224951,1765348225.163969,1765348209,0.000530,0.000197,0.000000,0.000000,0.000000,0.000000,0.000000,0.000000
9.245027,1765348225.184111,1765348209,0.000530,0.000197,0.000000,0.000000,0.000000,0.000000,0.000000,-0.344366
9.264895,1765348225.203888,1765348209,0.000530,0.000197,0.000000,0.000000,0.000000,0.000000,0.000000,0.344366
9.284895,1765348225.223876,1765348209,0.000530,0.000197,0.000000,0.000000,0.000000,0.000000,0.000000,0.000000
9.304922,1765348225.243916,1765348209,0.000530,0.000197,0.000000,0.000000,0.000000,0.000000,0.000000,0.000000
9.324948,1765348225.263953,1765348209,0.000530,0.000197,0.000000,0.000000,0.000000,0.000000,0.000000,0.344366
9.344966,1765348225.283976,1765348209,0.000530,0.000197,0.000000,0.000000,0.000000,0.000000,0.000000,0.000000
9.364988,1765348225.304005,1765348209,0.000530,0.000197,0.000000,0.000000,0.000000,0.000000,0.000000,-0.344366
9.384994,1765348225.324012,1765348209,0.000530,0.000197,0.000000,0.000000,0.000000,0.000000,0.000000,0.000000
9.405015,1765348225.344042,1765348209,0.000530,0.000197,0.000000,0.000000,0.000000,0.000000,0.000000,-0.344366
9.425024,1765348225.364049,1765348209,0.000530,0.000197,0.000000,0.000000,0.000000,0.000000,0.000000,0.000000
9.445022,1765348225.384040,1765348209,0.000530,0.000197,0.000000,0.000000,0.000000,0.000000,0.000000,0.344366
9.465042,1765348225.404067,1765348209,0.000530,0.000197,0.000000,0.000000,0.000000,0.000000,0.000000,-0.344366
9.485051,1765348225.424076,1765348209,0.000530,0.000197,0.000000,0.000000,0.000000,0.000000,0.000000,0.000000
9.505058,1765348225.444084,1765348209,0.000530,0.000197,0.000000,0.000000,0.000000,0.000000,0.000000,0.000000
9.525067,1765348225.464092,1765348209,0.000530,0.000197,0.000000,0.000000,0.000000,0.000000,0.000000,0.000000
9.545023,1765348225.484020,1765348209,0.000530,0.000197,0.000000,0.000000,0.000000,0.000000,0.000000,0.000000
9.565055,1765348225.504066,1765348209,0.000530,0.000197,0.000000,0.000000,0.000000,0.000000,0.000000,0.000000
9.585025,1765348225.524019,1765348209,0.000530,0.000197,0.000000,0.000000,0.000000,0.000000,0.000000,0.344366
9.605060,1765348225.544074,1765348209,0.000530,0.000197,0.000000,0.000000,0.000000,0.000000,0.000000,-0.344366
9.625069,1765348225.564082,1765348209,0.000530,0.000197,0.000000,0.000000,0.000000,0.000000,0.000000,-0.344366
9.645058,1765348225.584059,1765348209,0.000530,0.000197,0.000000,0.000005,0.000000,0.000000,0.000000,-0.344366
9.665051,1765348225.604045,1765348209,0.000530,0.000197,0.000000,0.000000,0.000000,0.000000,0.000000,0.000000
9.685035,1765348225.624019,1765348209,0.000530,0.000197,0.000000,0.000000,0.000000,0.000000,0.000000,-0.344366
9.705015,1765348225.643989,1765348209,0.000530,0.000197,0.000000,0.000000,0.000000,0.000000,0.000000,-0.344366
9.725056,1765348225.664046,1765348209,0.000530,0.000197,0.000000,0.000000,0.000000,0.000000,0.000000,-0.344366
9.745060,1765348225.684051,1765348209,0.000530,0.000197,0.000000,0.000000,0.000000,0.000000,0.000000,0.000000
9.765075,1765348225.704076,1765348209,0.000530,0.000197,0.000000,0.000000,0.000000,0.000000,0.000000,0.000000
9.785072,1765348225.724068,1765348209,0.000530,0.000197,0.000000,0.000000,0.000000,0.000000,0.000000,0.000000
9.805063,1765348225.744046,1765348209,0.000530,0.000197,0.000000,0.000000,0.000000,0.000000,0.000000,0.344366
9.825073,1765348225.764061,1765348209,0.000530,0.000197,0.000000,0.000000,0.000000,0.000000,0.000000,0.000000
9.845067,1765348225.784048,1765348209,0.000530,0.000197,0.000000,0.000000,0.000000,0.000000,-0.688732,0.344366
9.865052,1765348225.804029,1765348209,0.000530,0.000197,0.000000,0.000000,0.000000,0.000000,0.000000,0.000000
9.885185,1765348225.824214,1765348209,0.000530,0.000197,0.000000,0.000000,0.000000,0.000000,0.000000,0.000000
9.905140,1765348225.844151,1765348209,0.000530,0.000197,0.000000,0.000000,0.000000,0.000000,0.000000,0.000000
9.925119,1765348225.864115,1765348209,0.000530,0.000197,0.000000,0.000000,0.000000,0.000000,0.000000,0.000000
9.945090,1765348225.884079,1765348209,0.000530,0.000197,0.000000,0.000006,0.000000,0.000000,0.000000,0.000000
9.965084,1765348225.904063,1765348209,0.000530,0.000197,0.000000,0.000000,0.000000,0.000000,0.000000,0.000000
9.985099,1765348225.924081,1765348209,0.000530,0.000197,0.000000,0.000003,0.000000,0.000000,0.000000,0.000000
10.005135,1765348225.944131,1765348209,0.000530,0.000197,0.000000,0.000020,0.000000,0.000000,0.000000,0.000000
10.025121,1765348225.964104,1765348209,0.000530,0.000197,0.000000,0.000000,0.000000,0.000000,0.000000,0.000000
10.045100,1765348225.984069,1765348209,0.000530,0.000197,0.000000,0.000000,0.000000,0.000000,0.000000,0.000000
10.065102,1765348226.004074,1765348209,0.000530,0.000197,0.000000,0.000000,0.000000,0.000000,0.000000,-0.344366
10.085132,1765348226.024116,1765348209,0.000530,0.000197,0.000000,0.000000,0.000000,0.000000,0.000000,0.000000
10.105118,1765348226.044103,1765348209,0.000530,0.000197,0.000000,0.000000,0.000000,0.000000,0.000000,-0.344366
10.125211,1765348226.064230,1765348209,0.000530,0.000197,0.000000,0.000000,0.000000,0.000000,0.000000,0.000000
10.145202,1765348226.084213,1765348209,0.000530,0.000197,0.000000,-0.000940,0.000000,0.000000,0.000000,-0.344366
10.165197,1765348226.104201,1765348209,0.000530,0.000197,0.000000,0.000000,0.000000,0.000000,0.000000,0.344366
10.185203,1765348226.124208,1765348209,0.000530,0.000197,0.000000,0.000000,0.000000,0.000000,0.000000,0.000000
10.205210,1765348226.144216,1765348209,0.000530,0.000197,0.000000,0.000000,0.000000,0.000000,0.000000,0.000000
10.225215,1765348226.164221,1765348209,0.000530,0.000197,0.000000,0.000000,0.000000,0.000000,0.000000,0.000000
10.245213,1765348226.184214,1765348209,0.000530,0.000197,0.000000,0.000000,0.000000,0.000000,0.000000,0.000000
10.265150,1765348226.204117,1765348209,0.000530,0.000197,0.000000,0.000000,0.000000,0.000000,0.000000,0.000000
10.285224,1765348226.224228,1765348209,0.000530,0.000197,0.000000,0.000000,0.000000,0.000000,0.000000,0.344366
10.305192,1765348226.244187,1765348209,0.000530,0.000197,0.000000,0.000000,0.000000,0.000000,0.000000,0.000000
10.325267,1765348226.264303,1765348209,0.000530,0.000197,0.000000,0.000244,0.000000,0.000000,0.000000,-0.344366
10.345274,1765348226.284317,1765348209,0.000530,0.000197,0.000000,0.000000,0.000000,0.000000,0.000000,0.000000
10.365282,1765348226.304332,1765348209,0.000530,0.000197,0.000000,0.000000,0.000000,0.000000,0.000000,0.000000
10.385290,1765348226.324331,1765348209,0.000530,0.000197,0.000000,0.000000,0.000000,0.000000,0.000000,0.000000
10.405265,1765348226.344275,1765348209,0.000530,0.000197,0.000000,0.000000,0.000000,0.000000,0.000000,0.000000
10.425404,1765348226.364453,1765348209,0.000530,0.000197,0.000000,0.000000,0.000000,0.000000,0.000000,0.000000
10.445391,1765348226.384427,1765348209,0.000530,0.000197,0.000000,0.000000,0.000000,0.000000,0.000000,0.000000
10.465378,1765348226.404403,1765348209,0.000530,0.000197,0.000000,-0.000002,0.000000,0.000000,0.000000,0.000000
10.485399,1765348226.424417,1765348209,0.000530,0.000197,0.000000,-0.000021,0.000000,0.000000,0.000000,0.344366
10.505408,1765348226.444429,1765348209,0.000530,0.000197,0.000000,0.000000,0.000000,0.000000,0.000000,-0.344366
10.525416,1765348226.464440,1765348209,0.000530,0.000197,0.000000,0.000000,0.000000,0.000000,0.000000,-0.344366
10.545426,1765348226.484446,1765348209,0.000530,0.000197,0.000000,0.000000,0.000000,0.000000,0.000000,0.000000
10.565286,1765348226.504252,1765348209,0.000530,0.000197,0.000000,-0.000072,0.000000,0.000000,0.000000,0.344366
10.585297,1765348226.524270,1765348209,0.000530,0.000197,0.000000,0.000000,0.000000,0.000000,0.000000,0.000000
10.605362,1765348226.544367,1765348209,0.000530,0.000197,0.000000,0.000000,0.000000,0.000000,0.000000,0.344366
10.625306,1765348226.564285,1765348209,0.000530,0.000197,0.000000,0.000000,0.000000,0.000000,0.000000,0.000000
10.645311,1765348226.584284,1765348209,0.000530,0.000197,0.000000,0.000000,0.000000,0.000000,0.000000,0.000000
10.665354,1765348226.604339,1765348209,0.000530,0.000197,0.000000,0.000000,0.000000,0.000000,0.000000,-0.344366
10.685388,1765348226.624384,1765348209,0.000530,0.000197,0.000000,0.000000,0.000000,0.000000,0.000000,-0.344366
10.705383,1765348226.644376,1765348209,0.000530,0.000197,0.000000,0.000000,0.000000,0.000000,0.000000,0.344366
10.725424,1765348226.664435,1765348209,0.000530,0.000197,0.000000,0.000000,0.000000,0.000000,0.000000,0.000000
10.745421,1765348226.684426,1765348209,0.000530,0.000197,0.000000,-0.000935,0.000000,0.000000,0.000000,0.000000
10.765441,1765348226.704452,1765348209,0.000530,0.000197,0.000000,0.000000,0.000000,0.000000,0.000000,0.344366
10.785462,1765348226.724478,1765348209,0.000530,0.000197,0.000000,-0.000443,0.000000,0.000000,0.000000,0.000000
10.805473,1765348226.744491,1765348209,0.000530,0.000197,0.000000,0.000000,0.000000,0.000000,0.000000,0.000000
10.825468,1765348226.764475,1765348209,0.000530,0.000197,0.000000,0.000000,0.000000,0.000000,0.000000,0.000000
10.845501,1765348226.784520,1765348209,0.000530,0.000197,0.000000,0.000000,0.000000,0.000000,0.000000,0.000000
10.865493,1765348226.804504,1765348209,0.000530,0.000197,0.000000,0.000000,0.000000,0.000000,0.000000,0.344366
10.885517,1765348226.824534,1765348209,0.000530,0.000197,0.000000,0.000000,0.000000,0.000000,0.000000,0.344366
10.905677,1765348226.844706,1765348209,0.000530,0.000197,0.000000,0.000000,0.000000,0.000000,0.000000,1.377463
10.925453,1765348226.864442,1765348209,0.000530,0.000197,0.000000,0.000000,0.000000,0.000000,0.000000,0.000000
10.945535,1765348226.884553,1765348209,0.000530,0.000197,0.000000,0.000073,0.000000,0.000000,0.000000,0.000000
10.965463,1765348226.904450,1765348209,0.000530,0.000197,0.000000,0.000000,0.000000,0.000000,0.000000,0.000000
10.985473,1765348226.924455,1765348209,0.000530,0.000197,0.000000,0.000003,0.000000,0.000000,0.000000,0.000000
11.005548,1765348226.944563,1765348209,0.000530,0.000197,0.000000,0.000000,0.000000,0.000000,0.000000,-0.344366
11.025509,1765348226.964494,1765348209,0.000530,0.000197,0.000000,0.000000,0.000000,0.000000,0.000000,0.000000
11.045497,1765348226.984466,1765348209,0.000530,0.000197,0.000000,0.000000,0.000000,0.000000,0.000000,-0.344366
11.065564,1765348227.004575,1765348209,0.000530,0.000197,0.000000,0.000000,0.000000,0.000000,0.000000,0.000000
11.085573,1765348227.024549,1765348209,0.000530,0.000197,0.000000,0.000000,0.000000,0.000000,0.000000,0.000000
11.105592,1765348227.044578,1765348209,0.000530,0.000197,0.000000,0.000000,0.000000,0.000000,0.000000,0.000000
11.125618,1765348227.064614,1765348209,0.000530,0.000197,0.000000,0.000000,0.000000,0.000000,0.000000,-0.344366
11.145650,1765348227.084660,1765348209,0.000530,0.000197,0.000000,0.000000,0.000000,0.000000,0.000000,0.000000
11.165673,1765348227.104691,1765348209,0.000530,0.000201,0.000000,0.000140,0.000000,0.000000,0.000000,-0.344366
11.185681,1765348227.124699,1765348209,0.000530,0.000197,0.000000,0.000000,0.000000,0.000000,0.000000,0.000000
11.205690,1765348227.144708,1765348209,0.000530,0.000197,0.000000,0.000000,0.000000,0.000000,0.000000,0.000000
11.225710,1765348227.164735,1765348209,0.000530,0.000197,0.000000,0.000000,0.000000,0.000000,0.000000,0.000000
11.245826,1765348227.184875,1765348209,0.000530,0.000197,0.000000,0.000000,0.000000,0.000000,0.000000,0.344366
11.265776,1765348227.204801,1765348209,0.000530,0.000197,0.000000,0.000000,0.000000,0.000000,0.000000,0.000000
11.286699,1765348227.225684,1765348209,0.000530,0.000197,0.000000,0.000000,0.000000,0.000000,0.000000,0.000000
11.306766,1765348227.245785,1765348209,0.000530,0.000197,0.000000,0.000000,0.000000,0.000000,0.000000,0.000000
11.326802,1765348227.265839,1765348209,0.000530,0.000197,0.000000,0.000000,0.000000,0.000000,0.000000,0.344366
11.346835,1765348227.285884,1765348209,0.000530,0.000197,0.000000,0.000000,0.000000,0.000000,0.000000,0.000000
11.366823,1765348227.305858,1765348209,0.000530,0.000197,0.000000,0.000000,0.000000,0.000000,0.000000,-0.344366
11.386816,1765348227.325841,1765348209,0.000530,0.000197,0.000000,0.000000,0.000000,0.000000,0.000000,-0.344366
11.406824,1765348227.345850,1765348209,0.000530,0.000197,0.000000,0.000000,0.000000,0.000000,0.000000,0.000000
11.426833,1765348227.365859,1765348209,0.000530,0.000197,0.000000,0.000000,0.000000,0.000000,0.000000,0.000000
11.446814,1765348227.385825,1765348209,0.000530,0.000197,0.000000,0.000000,0.000000,0.000000,0.000000,0.000000
11.466836,1765348227.405854,1765348209,0.000530,0.000197,0.000000,0.000000,0.000000,0.000000,0.000000,-0.344366
11.486895,1765348227.425946,1765348209,0.000530,0.000197,0.000000,0.000000,0.000000,0.000000,0.000000,0.344366
11.506907,1765348227.445956,1765348209,0.000530,0.000201,0.000000,0.000446,0.000000,0.000000,0.000000,0.000000
11.526895,1765348227.465931,1765348209,0.000530,0.000197,0.000000,0.000000,0.000000,0.000000,0.000000,0.344366
11.546851,1765348227.485857,1765348209,0.000530,0.000197,0.000000,0.000000,0.000000,0.000000,-0.688732,0.000000
11.566821,1765348227.505808,1765348209,0.000530,0.000197,0.000000,0.000000,0.000000,0.000000,0.000000,0.000000
11.586816,1765348227.525798,1765348209,0.000530,0.000197,0.000000,0.000000,0.000000,0.000000,0.000000,0.000000
11.606832,1765348227.545822,1765348209,0.000530,0.000197,0.000000,0.000000,0.000000,0.000000,0.000000,-0.344366
11.626863,1765348227.565872,1765348209,0.000530,0.000197,0.000000,-0.000003,0.000000,0.000000,0.000000,-0.344366
11.646829,1765348227.585824,1765348209,0.000530,0.000197,0.000000,-0.000021,0.000000,0.000000,0.000000,0.000000
11.666831,1765348227.605821,1765348209,0.000530,0.000197,0.000000,0.000000,0.000000,0.000000,0.000000,0.000000
11.686866,1765348227.625872,1765348209,0.000530,0.000197,0.000000,0.000000,0.000000,0.000000,0.000000,0.000000
11.706942,1765348227.645967,1765348209,0.000530,0.000197,0.000000,0.000000,0.000000,0.000000,0.000000,0.000000
11.726923,1765348227.665945,1765348209,0.000530,0.000197,0.000000,0.000000,0.000000,0.000000,-0.688732,0.000000
11.746946,1765348227.685971,1765348209,0.000530,0.000197,0.000000,0.000000,0.000000,0.000000,0.000000,0.000000
11.766926,1765348227.705937,1765348209,0.000530,0.000197,0.000000,0.000000,0.000000,0.000000,0.000000,0.000000
11.786914,1765348227.725923,1765348209,0.000530,0.000197,0.000000,0.000000,0.000000,0.000000,0.000000,-0.344366
11.806949,1765348227.745970,1765348209,0.000530,0.000197,0.000000,0.000000,0.000000,0.000000,0.000000,0.000000
11.826973,1765348227.766006,1765348209,0.000530,0.000197,0.000000,0.000000,0.000000,0.000000,0.000000,-0.344366
11.846966,1765348227.785986,1765348209,0.000530,0.000197,0.000000,0.000000,0.000000,0.000000,0.000000,0.000000
11.867012,1765348227.806058,1765348209,0.000530,0.000197,0.000000,0.000000,0.000000,0.000000,0.000000,0.000000
11.886996,1765348227.826016,1765348209,0.000530,0.000197,0.000000,-0.000907,0.000000,0.000000,0.000000,0.000000
11.906919,1765348227.845909,1765348209,0.000530,0.000197,0.000000,0.000806,0.000000,0.000000,0.000000,-0.344366
11.926927,1765348227.865917,1765348209,0.000530,0.000197,0.000000,0.000000,0.000000,0.000000,0.000000,0.000000
11.946961,1765348227.885973,1765348209,0.000530,0.000197,0.000000,0.000000,0.000000,0.000000,0.000000,0.000000
11.967056,1765348227.906102,1765348209,0.000530,0.000197,0.000000,0.000000,0.000000,0.000000,0.000000,-0.344366
11.987103,1765348227.926125,1765348209,0.000530,0.000197,0.000000,-0.000676,0.000000,0.000000,0.000000,0.000000
12.007059,1765348227.946062,1765348209,0.000530,0.000197,0.000000,-0.000445,0.000000,0.000000,0.000000,-0.344366
12.027206,1765348227.966335,1765348209,0.000530,0.000197,0.000000,0.000073,0.000000,0.000000,0.000000,0.000000
12.047050,1765348227.986035,1765348209,0.000530,0.000197,0.000000,0.000000,0.000000,0.000000,0.000000,-0.344366
12.067078,1765348228.006065,1765348209,0.000530,0.000201,0.000000,0.000806,0.000000,0.000000,0.000000,0.000000
12.087067,1765348228.026047,1765348209,0.000530,0.000197,0.000000,0.000000,0.000000,0.000000,0.000000,0.000000
12.107070,1765348228.046054,1765348209,0.000530,0.000197,0.000000,0.000000,0.000000,0.000000,-0.688732,0.000000
12.127101,1765348228.066097,1765348209,0.000530,0.000197,0.000000,0.000000,0.000000,0.000000,0.000000,0.000000
12.147124,1765348228.086131,1765348209,0.000530,0.000197,0.000000,0.000000,0.000000,0.000000,0.000000,0.000000
12.167151,1765348228.106167,1765348209,0.000530,0.000197,0.000000,-0.000680,0.000000,0.000000,0.000000,0.000000
12.187169,1765348228.126191,1765348209,0.000530,0.000197,0.000000,0.000000,0.000000,0.000000,0.000000,-0.344366
12.207192,1765348228.146215,1765348209,0.000530,0.000197,0.000000,0.000000,0.000000,0.000000,0.000000,0.000000
12.227166,1765348228.166185,1765348209,0.000530,0.000197,0.000000,0.000000,0.000000,0.000000,0.000000,0.000000
12.247173,1765348228.186182,1765348209,0.000530,0.000197,0.000000,0.000000,0.000000,0.000000,0.000000,0.000000
12.267095,1765348228.206077,1765348209,0.000530,0.000197,0.000000,0.000000,0.000000,0.000000,-0.688732,0.000000
12.287079,1765348228.226043,1765348209,0.000530,0.000197,0.000000,0.000000,0.000000,0.000000,0.000000,0.344366
12.307086,1765348228.246054,1765348209,0.000530,0.000197,0.000000,0.000000,0.000000,0.000000,0.000000,0.000000
12.327093,1765348228.266065,1765348209,0.000530,0.000197,0.000000,0.000000,0.000000,0.000000,0.000000,0.000000
12.347102,1765348228.286080,1765348209,0.000530,0.000197,0.000000,0.000000,0.000000,0.000000,0.000000,0.000000
12.367111,1765348228.306091,1765348209,0.000530,0.000197,0.000000,0.000000,0.000000,0.000000,0.000000,0.344366
12.387123,1765348228.326108,1765348209,0.000530,0.000197,0.000000,0.000000,0.000000,0.000000,0.000000,0.000000
12.407128,1765348228.346114,1765348209,0.000530,0.000197,0.000000,0.000000,0.000000,0.000000,0.000000,0.000000
12.427139,1765348228.366128,1765348209,0.000530,0.000197,0.000000,-0.000935,0.000000,0.000000,0.000000,0.000000
12.447147,1765348228.386135,1765348209,0.000530,0.000197,0.000000,0.000000,0.000000,0.000000,0.000000,0.000000
12.467158,1765348228.406189,1765348209,0.000530,0.000197,0.000000,0.000500,0.000000,0.000000,0.000000,-0.344366
12.487167,1765348228.426203,1765348209,0.000530,0.000197,0.000000,0.000000,0.000000,0.000000,0.000000,0.000000
12.507174,1765348228.446208,1765348209,0.000530,0.000197,0.000000,0.000000,0.000000,0.000000,0.000000,-0.344366
12.527203,1765348228.466214,1765348209,0.000530,0.000197,0.000000,0.000000,0.000000,0.000000,0.000000,-0.344366
12.547193,1765348228.486187,1765348209,0.000530,0.000197,0.000000,0.000000,0.000000,0.000000,-0.688732,0.000000
12.567164,1765348228.506128,1765348209,0.000530,0.000197,0.000000,0.000000,0.000000,0.000000,0.000000,-0.344366
12.587172,1765348228.526143,1765348209,0.000530,0.000197,0.000000,0.000000,0.000000,0.000000,0.000000,-0.344366
12.607221,1765348228.546211,1765348209,0.000530,0.000197,0.000000,0.000000,0.000000,0.000000,0.000000,0.000000
12.627239,1765348228.566238,1765348209,0.000530,0.000201,0.000000,0.000446,0.000000,0.000000,0.000000,-0.344366
12.647256,1765348228.586263,1765348209,0.000530,0.000197,0.000000,0.000000,0.000000,0.000000,0.000000,0.000000
12.667219,1765348228.606214,1765348209,0.000530,0.000197,0.000000,0.000000,0.000000,0.000000,0.000000,0.000000
12.687263,1765348228.626258,1765348209,0.000530,0.000197,0.000000,0.000000,0.000000,0.000000,0.000000,-0.344366
12.707256,1765348228.646255,1765348209,0.000530,0.000197,0.000000,0.000000,0.000000,0.000000,0.000000,0.000000
12.727283,1765348228.666310,1765348209,0.000530,0.000201,0.000000,0.000943,0.000000,0.000000,0.000000,0.000000
12.747288,1765348228.686278,1765348209,0.000530,0.000197,0.000000,0.000000,0.000000,0.000000,0.000000,0.000000
12.767339,1765348228.706340,1765348209,0.000530,0.000197,0.000000,0.000000,0.000000,0.000000,0.000000,0.000000
12.787305,1765348228.726314,1765348209,0.000530,0.000201,0.000000,0.000063,0.000000,0.000000,0.000000,0.000000
12.807408,1765348228.746513,1765348209,0.000530,0.000197,0.000000,0.000000,0.000000,0.000000,0.000000,0.000000
12.827431,1765348228.766461,1765348209,0.000530,0.000197,0.000000,0.000000,0.000000,0.000000,0.000000,0.000000
12.847333,1765348228.786324,1765348209,0.000530,0.000197,0.000000,0.000000,0.000000,0.000000,0.000000,0.000000
12.867431,1765348228.806462,1765348209,0.000530,0.000197,0.000000,0.000000,0.000000,0.000000,0.000000,-0.344366
12.887454,1765348228.826490,1765348209,0.000530,0.000197,0.000000,0.000000,0.000000,0.000000,0.000000,1.377463
12.907448,1765348228.846466,1765348209,0.000530,0.000197,0.000000,0.000000,0.000000,0.000000,0.000000,0.000000
12.927449,1765348228.866467,1765348209,0.000530,0.000197,0.000000,0.000000,0.000000,0.000000,-0.688732,0.000000
12.947402,1765348228.886389,1765348209,0.000530,0.000197,0.000000,0.000000,0.000000,0.000000,0.000000,0.000000
12.967419,1765348228.906413,1765348209,0.000530,0.000197,0.000000,0.000000,0.000000,0.000000,0.000000,0.000000
12.987493,1765348228.926515,1765348209,0.000530,0.000197,0.000000,0.000000,0.000000,0.000000,0.000000,0.000000
13.007478,1765348228.946483,1765348209,0.000530,0.000197,0.000000,0.000000,0.000000,0.000000,0.000000,0.000000
13.027509,1765348228.966483,1765348209,0.000530,0.000197,0.000000,-0.000039,0.000000,0.000000,0.000000,0.000000
13.047536,1765348228.986538,1765348209,0.000530,0.000197,0.000000,0.000000,0.000000,0.000000,0.000000,-0.344366
13.067520,1765348229.006503,1765348209,0.000530,0.000197,0.000000,0.000000,0.000000,0.000000,0.000000,0.000000
13.087514,1765348229.026482,1765348209,0.000530,0.000197,0.000000,0.000000,0.000000,0.000000,0.000000,-0.344366
13.107547,1765348229.046534,1765348209,0.000530,0.000197,0.000000,0.000000,0.000000,0.000000,0.000000,-0.344366
13.127599,1765348229.066610,1765348209,0.000530,0.000197,0.000000,0.000000,0.000000,0.000000,0.000000,-0.344366
13.147621,1765348229.086640,1765348209,0.000530,0.000197,0.000000,0.000000,0.000000,0.000000,0.000000,0.000000
13.167642,1765348229.106668,1765348209,0.000530,0.000197,0.000000,0.000000,0.000000,0.000000,0.000000,0.344366
13.187653,1765348229.126680,1765348209,0.000530,0.000201,0.000000,0.000940,0.000000,0.000000,0.000000,-0.344366
13.207701,1765348229.146752,1765348209,0.000530,0.000197,0.000000,0.000119,0.000000,0.000000,0.000000,0.000000
13.227673,1765348229.166699,1765348209,0.000530,0.000201,0.000000,0.000806,0.000000,0.000000,0.000000,0.000000
13.247745,1765348229.186813,1765348209,0.000530,0.000197,0.000000,0.000000,0.000000,0.000000,0.000000,0.000000
13.267643,1765348229.206661,1765348209,0.000530,0.000197,0.000000,-0.000006,0.000000,0.000000,0.000000,0.000000
13.287577,1765348229.226542,1765348209,0.000530,0.000197,0.000000,0.000000,0.000000,0.000000,0.000000,0.000000
13.307582,1765348229.246549,1765348209,0.000530,0.000197,0.000000,0.000000,0.000000,0.000000,0.000000,0.000000
13.327659,1765348229.266665,1765348209,0.000530,0.000197,0.000000,-0.000002,0.000000,0.000000,0.000000,0.000000
13.347692,1765348229.286710,1765348209,0.000530,0.000197,0.000000,0.000000,0.000000,0.000000,0.000000,0.000000
13.367729,1765348229.306765,1765348209,0.000530,0.000197,0.000000,0.000000,0.000000,0.000000,0.000000,0.000000
13.387764,1765348229.326813,1765348209,0.000530,0.000197,0.000000,0.000000,0.000000,0.000000,0.000000,0.000000
13.407664,1765348229.346666,1765348209,0.000530,0.000197,0.000000,0.000000,0.000000,0.000000,0.000000,0.000000
13.427762,1765348229.366797,1765348209,0.000530,0.000197,0.000000,0.000000,0.000000,0.000000,0.000000,0.000000
13.447756,1765348229.386781,1765348209,0.000530,0.000197,0.000000,0.000000,0.000000,0.000000,0.000000,0.000000
13.467803,1765348229.406853,1765348209,0.000530,0.000197,0.000000,-0.000006,0.000000,0.000000,0.000000,0.344366
13.487814,1765348229.426864,1765348209,0.000530,0.000197,0.000000,-0.000011,0.000000,0.000000,0.000000,-0.344366
13.507803,1765348229.446838,1765348209,0.000530,0.000197,0.000000,0.000000,0.000000,0.000000,0.000000,0.000000
13.527813,1765348229.466849,1765348209,0.000530,0.000197,0.000000,0.000000,0.000000,0.000000,0.000000,0.000000
13.547771,1765348229.486775,1765348209,0.000530,0.000197,0.000000,-0.000003,0.000000,0.000000,0.000000,-0.344366
13.567705,1765348229.506673,1765348209,0.000530,0.000197,0.000000,0.000000,0.000000,0.000000,0.000000,0.000000
13.587713,1765348229.526684,1765348209,0.000530,0.000197,0.000000,-0.000934,0.000000,0.000000,0.000000,0.000000
13.607730,1765348229.546709,1765348209,0.000530,0.000197,0.000000,0.000000,0.000000,0.000000,-0.688732,0.000000
13.627748,1765348229.566734,1765348209,0.000530,0.000197,0.000000,0.000000,0.000000,0.000000,0.000000,0.000000
13.647757,1765348229.586747,1765348209,0.000530,0.000197,0.000000,-0.000499,0.000000,0.000000,0.000000,-0.344366
13.667746,1765348229.606736,1765348209,0.000530,0.000197,0.000000,0.000000,0.000000,0.000000,0.000000,0.000000
13.687808,1765348229.626818,1765348209,0.000530,0.000197,0.000000,-0.000006,0.000000,0.000000,0.000000,0.000000
13.707882,1765348229.646928,1765348209,0.000530,0.000197,0.000000,0.000000,0.000000,0.000000,0.000000,-0.344366
13.727851,1765348229.666877,1765348209,0.000530,0.000197,0.000000,0.000000,0.000000,0.000000,0.000000,0.000000
13.747859,1765348229.686884,1765348209,0.000530,0.000197,0.000000,0.000000,0.000000,0.000000,0.000000,0.344366
13.767856,1765348229.706874,1765348209,0.000530,0.000197,0.000000,0.000000,0.000000,0.000000,0.000000,0.000000
13.787862,1765348229.726880,1765348209,0.000530,0.000197,0.000000,0.000000,0.000000,0.000000,0.000000,0.000000
13.807854,1765348229.746867,1765348209,0.000530,0.000197,0.000000,0.000000,0.000000,0.000000,0.000000,0.000000
13.827834,1765348229.766854,1765348209,0.000530,0.000197,0.000000,0.000000,0.000000,0.000000,0.000000,-0.344366
13.847877,1765348229.786898,1765348209,0.000530,0.000197,0.000000,0.000000,0.000000,0.000000,0.000000,-0.344366
13.867876,1765348229.806880,1765348209,0.000530,0.000201,0.000000,0.000944,0.000000,0.000000,0.000000,-0.344366
13.887884,1765348229.826889,1765348209,0.000530,0.000197,0.000000,0.000000,0.000000,0.000000,-0.688732,-0.344366
13.907874,1765348229.846875,1765348209,0.000530,0.000197,0.000000,0.000000,0.000000,0.000000,0.000000,-0.344366
13.927862,1765348229.866851,1765348209,0.000530,0.000197,0.000000,-0.000021,0.000000,0.000000,0.000000,-0.344366
13.947866,1765348229.886855,1765348209,0.000530,0.000197,0.000000,0.000000,0.000000,0.000000,0.000000,0.000000
13.967862,1765348229.906846,1765348209,0.000530,0.000197,0.000000,0.000500,0.000000,0.000000,0.000000,-0.344366
13.987869,1765348229.926853,1765348209,0.000530,0.000197,0.000000,0.000000,0.000000,0.000000,0.000000,0.000000
14.007875,1765348229.946861,1765348209,0.000530,0.000201,0.000000,0.000806,0.000000,0.000000,0.000000,0.000000
14.027879,1765348229.966866,1765348209,0.000530,0.000197,0.000000,-0.000003,0.000000,0.000000,0.000000,0.000000
14.047977,1765348229.987024,1765348209,0.000530,0.000197,0.000000,0.000000,0.000000,0.000000,0.000000,0.000000
14.067858,1765348230.006830,1765348209,0.000530,0.000197,0.000000,0.000000,0.000000,0.000000,0.000000,0.000000
14.087866,1765348230.026841,1765348209,0.000530,0.000197,0.000000,0.000000,0.000000,0.000000,0.000000,0.344366
14.107865,1765348230.046839,1765348209,0.000530,0.000197,0.000000,-0.000263,0.000000,0.000000,0.000000,0.000000
14.127874,1765348230.066851,1765348209,0.000530,0.000197,0.000000,-0.000925,0.000000,0.000000,0.000000,0.000000
14.147898,1765348230.086887,1765348209,0.000530,0.000197,0.000000,0.000074,0.000000,0.000000,0.000000,0.000000
14.167925,1765348230.106926,1765348209,0.000530,0.000201,0.000000,0.000682,0.000000,0.000000,0.000000,0.000000
14.187974,1765348230.126987,1765348209,0.000530,0.000197,0.000000,0.000000,0.000000,0.000000,0.000000,0.000000
14.207972,1765348230.146990,1765348209,0.000530,0.000197,0.000000,0.000000,0.000000,0.000000,0.000000,0.000000
14.227954,1765348230.166959,1765348209,0.000530,0.000197,0.000000,0.000000,0.000000,0.000000,0.000000,0.000000
14.248036,1765348230.187086,1765348209,0.000530,0.000197,0.000000,-0.000006,0.000000,0.000000,0.000000,0.344366
14.267889,1765348230.206856,1765348209,0.000530,0.000197,0.000000,-0.000676,0.000000,0.000000,0.000000,-0.344366
14.287901,1765348230.226871,1765348209,0.000530,0.000197,0.000000,-0.000868,0.000000,0.000000,0.000000,0.000000
14.307919,1765348230.246898,1765348209,0.000530,0.000197,0.000000,0.000000,0.000000,0.000000,0.000000,0.000000
14.327940,1765348230.266929,1765348209,0.000530,0.000197,0.000000,0.000000,0.000000,0.000000,0.000000,0.000000
14.347960,1765348230.286957,1765348209,0.000530,0.000197,0.000000,-0.000264,0.000000,0.000000,0.000000,0.344366
14.367988,1765348230.306998,1765348209,0.000530,0.000197,0.000000,0.000000,0.000000,0.000000,0.000000,0.000000
14.387987,1765348230.326992,1765348209,0.000530,0.000197,0.000000,-0.000946,0.000000,0.000000,0.000000,0.000000
14.408004,1765348230.347015,1765348209,0.000530,0.000197,0.000000,0.000000,0.000000,0.000000,0.000000,0.000000
14.428027,1765348230.367045,1765348209,0.000530,0.000197,0.000000,0.000072,0.000000,0.000000,0.000000,0.344366
14.448059,1765348230.387079,1765348209,0.000530,0.000197,0.000000,0.000000,0.000000,0.000000,0.000000,0.000000
14.468017,1765348230.407022,1765348209,0.000530,0.000197,0.000000,0.000000,0.000000,0.000000,0.000000,0.000000
14.488035,1765348230.427045,1765348209,0.000530,0.000197,0.000000,0.000000,0.000000,0.000000,0.000000,0.000000
14.508057,1765348230.447075,1765348209,0.000530,0.000197,0.000000,-0.000872,0.000000,0.000000,0.000000,0.000000
14.528066,1765348230.467083,1765348209,0.000530,0.000197,0.000000,0.000000,0.000000,0.000000,0.000000,0.000000
14.547992,1765348230.486967,1765348209,0.000530,0.000197,0.000000,-0.000940,0.000000,0.000000,0.000000,0.000000
14.567976,1765348230.506943,1765348209,0.000530,0.000197,0.000000,-0.000935,0.000000,0.000000,0.000000,0.000000
14.587996,1765348230.526971,1765348209,0.000530,0.000197,0.000000,0.000000,0.000000,0.000000,0.000000,0.000000
14.608003,1765348230.546981,1765348209,0.000530,0.000197,0.000000,0.000000,0.000000,0.000000,0.000000,0.344366
14.628015,1765348230.566998,1765348209,0.000530,0.000197,0.000000,0.000000,0.000000,0.000000,0.000000,-0.344366
14.648005,1765348230.586982,1765348209,0.000530,0.000201,0.000000,0.000682,0.000000,0.000000,0.000000,0.000000
14.668017,1765348230.606997,1765348209,0.000530,0.000197,0.000000,0.000010,0.000000,0.000000,0.000000,0.000000
14.688031,1765348230.627016,1765348209,0.000530,0.000197,0.000000,0.000003,0.000000,0.000000,0.000000,-0.344366
14.708031,1765348230.647011,1765348209,0.000530,0.000197,0.000000,0.000038,0.000000,0.000000,0.000000,0.000000
14.728029,1765348230.667012,1765348209,0.000530,0.000197,0.000000,0.000000,0.000000,0.000000,0.000000,0.000000
14.748049,1765348230.687047,1765348209,0.000530,0.000201,0.000000,0.000806,0.000000,0.000000,0.000000,0.344366
14.768013,1765348230.706985,1765348209,0.000530,0.000197,0.000000,0.000000,0.000000,0.000000,0.000000,0.000000
14.788044,1765348230.727026,1765348209,0.000530,0.000197,0.000000,0.000000,0.000000,0.000000,0.000000,0.000000
14.808035,1765348230.747013,1765348209,0.000530,0.000197,0.000000,0.000000,0.000000,0.000000,-0.688732,0.344366
14.828039,1765348230.767017,1765348209,0.000530,0.000201,0.000000,0.000500,0.000000,0.000000,0.000000,-0.344366
14.848042,1765348230.787022,1765348209,0.000530,0.000201,0.000000,0.000907,0.000000,0.000000,0.000000,0.000000
14.868040,1765348230.807017,1765348209,0.000530,0.000197,0.000000,0.000000,0.000000,0.000000,0.000000,0.000000
14.888082,1765348230.827074,1765348209,0.000530,0.000197,0.000000,-0.000263,0.000000,0.000000,0.000000,0.000000
14.908093,1765348230.847082,1765348209,0.000530,0.000197,0.000000,0.000000,0.000000,0.000000,0.000000,0.344366
14.928097,1765348230.867092,1765348209,0.000530,0.000201,0.000000,0.000806,0.000000,0.000000,0.000000,0.000000
14.948088,1765348230.887078,1765348209,0.000530,0.000201,0.000000,0.000935,0.000000,0.000000,0.000000,0.000000
14.968067,1765348230.907041,1765348209,0.000530,0.000197,0.000000,0.000000,0.000000,0.000000,0.000000,0.344366
14.988067,1765348230.927041,1765348209,0.000530,0.000197,0.000000,0.000000,0.000000,0.000000,0.000000,0.344366
15.008092,1765348230.947076,1765348209,0.000530,0.000201,0.000000,0.000861,0.000000,0.000000,-0.688732,0.000000
15.028101,1765348230.967085,1765348209,0.000530,0.000197,0.000000,0.000000,0.000000,0.000000,0.000000,0.000000
15.048134,1765348230.987166,1765348209,0.000530,0.000197,0.000000,0.000000,0.000000,0.000000,0.000000,0.344366
15.068073,1765348231.007041,1765348209,0.000530,0.000197,0.000000,-0.000011,0.000000,0.000000,0.000000,0.000000
15.088080,1765348231.027053,1765348209,0.000530,0.000197,0.000000,-0.000500,0.000000,0.000000,0.000000,-0.344366
15.108074,1765348231.047045,1765348209,0.000530,0.000197,0.000000,0.000000,0.000000,0.000000,0.000000,0.000000
15.128079,1765348231.067052,1765348209,0.000530,0.000197,0.000000,0.000000,0.000000,0.000000,0.000000,0.000000
15.148087,1765348231.087066,1765348209,0.000530,0.000197,0.000000,0.000000,0.000000,0.000000,0.000000,0.000000
15.168164,1765348231.107175,1765348209,0.000530,0.000197,0.000000,0.000000,0.000000,0.000000,0.000000,-0.344366
15.188237,1765348231.127311,1765348209,0.000530,0.000197,0.000000,-0.000944,0.000000,0.000000,0.000000,0.344366
15.208227,1765348231.147262,1765348209,0.000530,0.000197,0.000000,-0.000020,0.000000,0.000000,0.000000,0.000000
15.228233,1765348231.167253,1765348209,0.000530,0.000197,0.000000,0.000000,0.000000,0.000000,0.000000,0.000000
15.248123,1765348231.187099,1765348209,0.000530,0.000197,0.000000,0.000000,0.000000,0.000000,0.000000,0.000000
15.268139,1765348231.207124,1765348209,0.000530,0.000197,0.000000,-0.000074,0.000000,0.000000,0.000000,0.344366
15.288130,1765348231.227098,1765348209,0.000530,0.000197,0.000000,-0.000006,0.000000,0.000000,0.000000,0.000000
15.308156,1765348231.247137,1765348209,0.000530,0.000197,0.000000,-0.000945,0.000000,0.000000,0.000000,0.344366
15.328170,1765348231.267157,1765348209,0.000530,0.000197,0.000000,0.000000,0.000000,0.000000,0.000000,0.000000
15.348194,1765348231.287191,1765348209,0.000530,0.000197,0.000000,0.000000,0.000000,0.000000,0.000000,0.000000
15.368218,1765348231.307219,1765348209,0.000530,0.000197,0.000000,0.000000,0.000000,0.000000,0.000000,0.000000
15.388221,1765348231.327222,1765348209,0.000530,0.000197,0.000000,0.000000,0.000000,0.000000,0.000000,0.000000
15.408229,1765348231.347234,1765348209,0.000530,0.000197,0.000000,-0.000006,0.000000,0.000000,0.000000,0.000000
15.428236,1765348231.367242,1765348209,0.000530,0.000197,0.000000,0.000011,0.000000,0.000000,0.000000,-0.344366
15.448242,1765348231.387247,1765348209,0.000530,0.000197,0.000000,-0.000679,0.000000,0.000000,0.000000,-0.344366
15.468248,1765348231.407254,1765348209,0.000530,0.000197,0.000000,0.000000,0.000000,0.000000,0.000000,0.000000
15.488391,1765348231.427443,1765348209,0.000530,0.000197,0.000000,0.000000,0.000000,0.000000,0.000000,0.344366
15.508320,1765348231.447386,1765348209,0.000530,0.000197,0.000000,0.000000,0.000000,0.000000,0.000000,0.000000
15.528378,1765348231.467428,1765348209,0.000530,0.000197,0.000000,-0.000264,0.000000,0.000000,0.000000,-0.344366
15.548278,1765348231.487279,1765348209,0.000530,0.000197,0.000000,0.000000,0.000000,0.000000,0.000000,0.000000
15.568211,1765348231.507175,1765348209,0.000530,0.000197,0.000000,0.000000,0.000000,0.000000,0.000000,0.000000
15.588247,1765348231.527226,1765348209,0.000530,0.000201,0.000000,0.000940,0.000000,0.000000,0.000000,-0.344366
15.608309,1765348231.547352,1765348209,0.000530,0.000197,0.000000,-0.000001,0.000000,0.000000,-0.688732,0.000000
15.628296,1765348231.567310,1765348209,0.000530,0.000197,0.000000,0.000000,0.000000,0.000000,0.000000,0.000000
15.648241,1765348231.587209,1765348209,0.000530,0.000197,0.000000,-0.000000,0.000000,0.000000,0.000000,0.000000
15.668265,1765348231.607246,1765348209,0.000530,0.000197,0.000000,0.000000,0.000000,0.000000,0.000000,0.000000
15.688282,1765348231.627270,1765348209,0.000530,0.000201,0.000000,0.000945,0.000000,0.000000,0.000000,-0.344366
15.708286,1765348231.647275,1765348209,0.000530,0.000201,0.000000,0.000943,0.000000,0.000000,0.000000,0.000000
15.728268,1765348231.667256,1765348209,0.000530,0.000201,0.000000,0.000446,0.000000,0.000000,0.000000,0.344366
15.748302,1765348231.687303,1765348209,0.000530,0.000197,0.000000,-0.000500,0.000000,0.000000,0.000000,0.000000
15.768283,1765348231.707271,1765348209,0.000530,0.000197,0.000000,0.000000,0.000000,0.000000,0.000000,0.000000
15.788293,1765348231.727304,1765348209,0.000530,0.000197,0.000000,0.000000,0.000000,0.000000,0.000000,0.000000
15.808310,1765348231.747307,1765348209,0.000530,0.000197,0.000000,-0.000003,0.000000,0.000000,0.000000,0.000000
15.828413,1765348231.767430,1765348209,0.000530,0.000197,0.000000,0.000000,0.000000,0.000000,0.000000,-0.344366
15.848438,1765348231.787459,1765348209,0.000530,0.000197,0.000000,0.000000,0.000000,0.000000,0.000000,0.000000
15.868384,1765348231.807396,1765348209,0.000530,0.000197,0.000000,0.000000,0.000000,0.000000,0.000000,0.000000
15.888367,1765348231.827368,1765348209,0.000530,0.000197,0.000000,0.000000,0.000000,0.000000,0.000000,-0.344366
15.908568,1765348231.847586,1765348209,0.000530,0.000197,0.000000,0.000000,0.000000,0.000000,0.000000,0.000000
15.928362,1765348231.867348,1765348209,0.000530,0.000197,0.000000,0.000000,0.000000,0.000000,0.000000,-0.344366
15.948413,1765348231.887409,1765348209,0.000530,0.000197,0.000000,-0.000925,0.000000,0.000000,0.000000,0.344366
15.968422,1765348231.907425,1765348209,0.000530,0.000197,0.000000,0.000253,0.000000,0.000000,0.000000,0.000000
15.988431,1765348231.927432,1765348209,0.000530,0.000197,0.000000,0.000000,0.000000,0.000000,0.000000,0.000000
16.008479,1765348231.947491,1765348209,0.000530,0.000197,0.000000,0.000000,0.000000,0.000000,0.000000,0.000000
16.028392,1765348231.967373,1765348209,0.000530,0.000197,0.000000,0.000000,0.000000,0.000000,0.000000,0.344366
16.048444,1765348231.987469,1765348209,0.000530,0.000201,0.000000,0.000907,0.000000,0.000000,0.000000,0.000000
16.068415,1765348232.007389,1765348209,0.000530,0.000201,0.000000,0.000446,0.000000,0.000000,0.000000,0.344366
16.088419,1765348232.027394,1765348209,0.000530,0.000197,0.000000,0.000000,0.000000,0.000000,0.000000,0.000000
16.108432,1765348232.047413,1765348209,0.000530,0.000201,0.000000,0.000446,0.000000,0.000000,0.000000,0.000000
16.128481,1765348232.067486,1765348209,0.000530,0.000197,0.000000,-0.000074,0.000000,0.000000,0.000000,0.000000
16.148487,1765348232.087492,1765348209,0.000530,0.000197,0.000000,0.000000,0.000000,0.000000,0.000000,0.344366
16.168505,1765348232.107515,1765348209,0.000530,0.000197,0.000000,0.000000,0.000000,0.000000,0.000000,0.000000
16.188530,1765348232.127549,1765348209,0.000530,0.000197,0.000000,0.000000,0.000000,0.000000,0.000000,-0.344366
16.208537,1765348232.147555,1765348209,0.000530,0.000197,0.000000,-0.000006,0.000000,0.000000,0.000000,0.000000
16.228545,1765348232.167563,1765348209,0.000530,0.000197,0.000000,-0.000011,0.000000,0.000000,0.000000,0.000000
16.248509,1765348232.187503,1765348209,0.000530,0.000197,0.000000,-0.000925,0.000000,0.000000,0.000000,0.000000
16.268558,1765348232.207572,1765348209,0.000530,0.000201,0.000000,0.000925,0.000000,0.000000,0.000000,0.000000
16.288461,1765348232.227426,1765348209,0.000530,0.000197,0.000000,0.000000,0.000000,0.000000,0.000000,0.000000
16.308496,1765348232.247478,1765348209,0.000530,0.000197,0.000000,0.000000,0.000000,0.000000,0.000000,0.000000
16.328480,1765348232.267458,1765348209,0.000530,0.000197,0.000000,0.000000,0.000000,0.000000,-0.688732,0.000000
16.348684,1765348232.287735,1765348209,0.000530,0.000197,0.000000,-0.000935,0.000000,0.000000,0.000000,0.000000
16.368675,1765348232.307712,1765348209,0.000530,0.000201,0.000000,0.000935,0.000000,0.000000,0.000000,0.000000
16.388686,1765348232.327721,1765348209,0.000530,0.000197,0.000000,-0.000001,0.000000,0.000000,0.000000,0.000000
16.408697,1765348232.347733,1765348209,0.000530,0.000197,0.000000,0.000020,0.000000,0.000000,0.000000,-0.344366
16.428689,1765348232.367716,1765348209,0.000530,0.000197,0.000000,0.000000,0.000000,0.000000,0.000000,0.000000
16.448699,1765348232.387725,1765348209,0.000530,0.000197,0.000000,0.000000,0.000000,0.000000,0.000000,0.344366
16.468697,1765348232.407715,1765348209,0.000530,0.000197,0.000000,0.000000,0.000000,0.000000,0.000000,0.000000
16.488705,1765348232.427723,1765348209,0.000530,0.000197,0.000000,0.000000,0.000000,0.000000,-0.688732,0.000000
16.508715,1765348232.447733,1765348209,0.000530,0.000201,0.000000,0.000446,0.000000,0.000000,0.000000,0.000000
16.528762,1765348232.467790,1765348209,0.000530,0.000201,0.000000,0.000806,0.000000,0.000000,0.000000,0.000000
16.548664,1765348232.487646,1765348209,0.000530,0.000197,0.000000,-0.000006,0.000000,0.000000,0.000000,0.344366
16.568645,1765348232.507615,1765348209,0.000530,0.000197,0.000000,-0.000003,0.000000,0.000000,0.000000,0.000000
16.588689,1765348232.527682,1765348209,0.000530,0.000197,0.000000,0.000000,0.000000,0.000000,0.000000,0.000000
16.608719,1765348232.547725,1765348209,0.000530,0.000197,0.000000,0.000000,0.000000,0.000000,0.000000,-0.344366
16.628708,1765348232.567705,1765348209,0.000530,0.000201,0.000000,0.000943,0.000000,0.000000,0.000000,-0.344366
16.648709,1765348232.587704,1765348209,0.000530,0.000197,0.000000,0.000000,0.000000,0.000000,0.000000,0.000000
16.668754,1765348232.607769,1765348209,0.000530,0.000197,0.000000,0.000000,0.000000,0.000000,0.000000,0.344366
16.688702,1765348232.627699,1765348209,0.000530,0.000201,0.000000,0.000446,0.000000,0.000000,-0.688732,0.000000
16.708771,1765348232.647792,1765348209,0.000530,0.000197,0.000000,-0.000005,0.000000,0.000000,-0.688732,0.000000
16.728779,1765348232.667801,1765348209,0.000530,0.000197,0.000000,0.000011,0.000000,0.000000,-0.344366,-0.344366
16.748803,1765348232.687828,1765348209,0.000530,0.000197,0.000000,-0.000943,0.000000,0.000000,0.000000,0.000000
16.768724,1765348232.707716,1765348209,0.000530,0.000197,0.000000,-0.000869,0.000000,0.000000,0.000000,0.000000
16.788826,1765348232.727845,1765348209,0.000530,0.000197,0.000000,-0.000925,0.000000,0.000000,1.033098,0.344366
16.808801,1765348232.747933,1765348209,0.000530,0.000197,0.000000,0.000000,0.000000,0.000000,0.000000,0.000000
16.828853,1765348232.767899,1765348209,0.000530,0.000197,0.000000,-0.000140,0.000000,0.000000,0.000000,-0.344366
16.848863,1765348232.788020,1765348209,0.000530,0.000197,0.000000,-0.000265,0.000000,0.000000,0.000000,0.000000
16.868849,1765348232.807875,1765348209,0.000530,0.000197,0.000000,-0.000499,0.000000,0.000000,0.000000,0.344366
16.888876,1765348232.827911,1765348209,0.000530,0.000201,0.000000,0.000907,0.000000,0.000000,0.000000,0.000000
16.908842,1765348232.847854,1765348209,0.000530,0.000197,0.000000,0.000000,0.000000,0.000000,0.000000,0.344366
16.928862,1765348232.867883,1765348209,0.000530,0.000197,0.000000,0.000000,0.000000,0.000000,0.000000,0.000000
16.948858,1765348232.887878,1765348209,0.000530,0.000197,0.000000,0.000000,0.000000,0.000000,0.000000,0.000000
16.968839,1765348232.907846,1765348209,0.000530,0.000197,0.000000,0.000000,0.000000,0.000000,0.000000,0.000000
16.988868,1765348232.927883,1765348209,0.000530,0.000197,0.000000,0.000010,0.000000,0.000000,0.000000,0.000000
17.008881,1765348232.947897,1765348209,0.000530,0.000197,0.000000,0.000000,0.000000,0.000000,0.000000,0.000000
17.028863,1765348232.967855,1765348209,0.000530,0.000197,0.000000,0.000000,0.000000,0.000000,0.000000,0.000000
17.048894,1765348232.987894,1765348209,0.000530,0.000197,0.000000,0.000000,0.000000,0.000000,0.000000,-0.344366
17.068822,1765348233.007789,1765348209,0.000530,0.000197,0.000000,-0.000039,0.000000,0.000000,0.000000,0.344366
17.088823,1765348233.027788,1765348209,0.000530,0.000197,0.000000,0.000000,0.000000,0.000000,0.000000,0.000000
17.108835,1765348233.047804,1765348209,0.000530,0.000197,0.000000,0.000000,0.000000,0.000000,0.000000,0.000000
17.128882,1765348233.067876,1765348209,0.000530,0.000197,0.000000,0.000000,0.000000,0.000000,0.000000,-0.344366
17.148909,1765348233.087914,1765348209,0.000530,0.000197,0.000000,0.000000,0.000000,0.000000,0.000000,0.000000
17.168927,1765348233.107938,1765348209,0.000530,0.000197,0.000000,-0.000020,0.000000,0.000000,0.000000,0.000000
17.188949,1765348233.127968,1765348209,0.000530,0.000197,0.000000,0.000000,0.000000,0.000000,0.000000,0.000000
17.208957,1765348233.147975,1765348209,0.000530,0.000197,0.000000,0.000000,0.000000,0.000000,0.000000,0.000000
17.228948,1765348233.167959,1765348209,0.000530,0.000197,0.000000,0.000000,0.000000,0.000000,0.000000,-0.344366
17.248916,1765348233.187921,1765348209,0.000530,0.000197,0.000000,0.000000,0.000000,0.000000,-0.344366,0.344366
17.268876,1765348233.207846,1765348209,0.000530,0.000201,0.000000,0.000446,0.000000,0.000000,-0.344366,0.000000
17.288894,1765348233.227880,1765348209,0.000530,0.000201,0.000000,0.000944,0.000000,0.000000,0.000000,0.000000
17.308963,1765348233.247968,1765348209,0.000530,0.000197,0.000000,0.000264,0.000000,0.000000,0.000000,0.000000
17.328974,1765348233.267993,1765348209,0.000530,0.000197,0.000000,0.000000,0.000000,0.000000,0.000000,-0.344366
17.348993,1765348233.288021,1765348209,0.000530,0.000197,0.000000,-0.000803,0.000000,0.000000,0.000000,0.000000
17.368999,1765348233.308026,1765348209,0.000530,0.000201,0.000000,0.000946,0.000000,0.000000,0.000000,0.000000
17.389027,1765348233.328064,1765348209,0.000530,0.000201,0.000000,0.000945,0.000000,0.000000,0.000000,0.344366
17.409036,1765348233.348071,1765348209,0.000530,0.000201,0.000000,0.000943,0.000000,0.000000,0.000000,0.000000
17.429042,1765348233.368086,1765348209,0.000530,0.000201,0.000000,0.000907,0.000000,0.000000,-0.688732,-0.344366
17.449051,1765348233.388095,1765348209,0.000530,0.000197,0.000000,-0.000003,0.000000,0.000000,0.000000,0.000000
17.469035,1765348233.408063,1765348209,0.000530,0.000197,0.000000,0.000000,0.000000,0.000000,0.000000,0.000000
17.489041,1765348233.428071,1765348209,0.000530,0.000197,0.000000,0.000000,0.000000,0.000000,0.000000,-0.344366
17.508973,1765348233.447965,1765348209,0.000530,0.000197,0.000000,-0.000020,0.000000,0.000000,0.000000,-0.344366
17.528996,1765348233.468004,1765348209,0.000530,0.000197,0.000000,0.000140,0.000000,0.000000,0.000000,-0.344366
17.549012,1765348233.488019,1765348209,0.000530,0.000197,0.000000,0.000000,0.000000,0.000000,-0.688732,0.000000
17.568966,1765348233.507929,1765348209,0.000530,0.000197,0.000000,-0.000935,0.000000,0.000000,0.000000,0.000000
17.588968,1765348233.527937,1765348209,0.000530,0.000201,0.000000,0.000935,0.000000,0.000000,0.000000,0.344366
17.608973,1765348233.547945,1765348209,0.000530,0.000197,0.000000,0.000000,0.000000,0.000000,0.000000,0.344366
17.628981,1765348233.567957,1765348209,0.000530,0.000197,0.000000,0.000000,0.000000,0.000000,0.000000,0.344366
17.648986,1765348233.587965,1765348209,0.000530,0.000197,0.000000,0.000000,0.000000,0.000000,0.000000,0.000000
17.668992,1765348233.607971,1765348209,0.000530,0.000197,0.000000,0.000000,0.000000,0.000000,0.000000,0.000000
17.689085,1765348233.628116,1765348209,0.000530,0.000201,0.000000,0.000907,0.000000,0.000000,0.000000,-0.344366
17.709003,1765348233.647984,1765348209,0.000530,0.000197,0.000000,0.000000,0.000000,0.000000,0.000000,0.000000
17.729006,1765348233.667985,1765348209,0.000530,0.000197,0.000000,0.000253,0.000000,0.000000,0.000000,0.000000
17.749049,1765348233.688040,1765348209,0.000530,0.000197,0.000000,0.000000,0.000000,0.000000,0.000000,0.000000
17.769066,1765348233.708057,1765348209,0.000530,0.000201,0.000000,0.000946,0.000000,0.000000,0.000000,0.000000
17.789090,1765348233.728085,1765348209,0.000530,0.000197,0.000000,-0.000671,0.000000,0.000000,0.000000,-0.344366
17.809143,1765348233.748155,1765348209,0.000530,0.000197,0.000000,-0.000425,0.000000,0.000000,0.000000,0.000000
0.041919,1765348268.406413,1765348209,0.128756,0.000522,-0.002651,0.000000,0.000000,0.000000,0.000000,0.000000
0.061821,1765348268.426260,1765348209,0.128749,0.000522,-0.000945,0.000000,0.000000,0.000000,0.000000,0.000000
0.081841,1765348268.446302,1765348209,0.128749,0.000522,0.000000,0.000000,0.000000,0.000000,0.000000,0.000000
0.101891,1765348268.466361,1765348209,0.128749,0.000522,0.000000,0.000000,0.000000,0.000000,0.000000,0.000000
0.121969,1765348268.486464,1765348209,0.128749,0.000522,0.000000,0.000000,0.000000,0.000000,0.000000,0.000000
0.142013,1765348268.506533,1765348209,0.128749,0.000522,0.000000,0.000000,0.000000,0.000000,0.000000,0.000000
0.162003,1765348268.526509,1765348209,0.128749,0.000522,0.000000,0.000000,0.000000,0.000000,0.000000,0.000000
0.181972,1765348268.546446,1765348209,0.128749,0.000519,0.000000,-0.000872,0.000000,0.000000,0.000000,-0.344366
0.202057,1765348268.566576,1765348209,0.128745,0.000522,0.000000,0.000943,0.000000,0.000000,-0.344366,0.000000
0.222048,1765348268.586553,1765348209,0.128745,0.000522,0.000000,0.000000,0.000000,0.000000,0.000000,-0.344366
0.241941,1765348268.606386,1765348209,0.128741,0.000522,0.000000,0.000943,0.000000,0.000000,0.000000,0.000000
0.261944,1765348268.626387,1765348209,0.128741,0.000519,0.000000,-0.000011,0.000000,0.000000,0.000000,0.000000
0.281951,1765348268.646396,1765348209,0.128741,0.000519,0.000000,-0.000140,0.000000,0.000000,0.000000,0.344366
0.302057,1765348268.666518,1765348209,0.128737,0.000519,0.000000,-0.000446,0.000000,0.000000,0.000000,0.000000
0.322128,1765348268.686624,1765348209,0.128737,0.000519,0.000000,-0.000945,0.000000,0.000000,0.000000,0.000000
0.342153,1765348268.706659,1765348209,0.128737,0.000522,0.000000,0.000940,0.000000,0.000000,0.000000,0.000000
0.362188,1765348268.726708,1765348209,0.128737,0.000519,0.000000,0.000000,0.000000,0.000000,0.000000,0.000000
0.382199,1765348268.746718,1765348209,0.128737,0.000519,0.000000,0.000000,0.000000,0.000000,0.000000,0.000000
0.402212,1765348268.766731,1765348209,0.128737,0.000519,0.000000,0.000000,0.000000,0.000000,0.000000,-0.344366
0.422224,1765348268.786731,1765348209,0.128737,0.000522,0.000000,0.000000,0.000000,0.000000,0.000000,0.000000
0.442226,1765348268.806724,1765348209,0.128737,0.000522,0.000000,0.000946,0.000000,0.000000,0.000000,0.000000
0.462193,1765348268.826680,1765348209,0.128737,0.000519,0.000000,0.000000,0.000000,0.000000,0.000000,-0.344366
0.482201,1765348268.846690,1765348209,0.128737,0.000519,0.000000,0.000000,0.000000,0.000000,0.000000,0.000000
0.502223,1765348268.866719,1765348209,0.128733,0.000519,0.000000,0.000000,0.000000,0.000000,0.000000,0.000000
0.522231,1765348268.886727,1765348209,0.128733,0.000522,0.000000,0.000000,0.000000,0.000000,0.000000,0.000000
0.542231,1765348268.906720,1765348209,0.128733,0.000519,0.000000,-0.000500,0.000000,0.000000,0.000000,0.000000
0.562142,1765348268.926580,1765348209,0.128733,0.000519,0.000000,0.000000,0.000000,0.000000,0.000000,0.344366
0.582168,1765348268.946620,1765348209,0.128733,0.000522,0.000000,0.000940,0.000000,0.000000,0.000000,-0.344366
0.602194,1765348268.966662,1765348209,0.128733,0.000519,0.000000,-0.000002,0.000000,0.000000,0.000000,0.000000
0.622220,1765348268.986696,1765348209,0.128733,0.000522,0.000000,0.000946,0.000000,0.000000,0.000000,0.344366
0.642237,1765348269.006721,1765348209,0.128733,0.000519,0.000039,-0.000500,0.000000,0.000000,0.000000,0.000000
0.662397,1765348269.026880,1765348209,0.128730,0.000519,0.000000,-0.000925,0.000000,0.000000,0.000000,0.000000
0.682432,1765348269.046927,1765348209,0.128730,0.000519,0.000000,0.000263,0.000000,0.000000,0.000000,0.000000
0.702434,1765348269.066917,1765348209,0.128730,0.000519,0.000000,0.000000,0.000000,0.000000,0.000000,0.000000
0.722400,1765348269.086870,1765348209,0.128730,0.000522,0.000000,0.000946,0.000000,0.000000,0.000000,0.000000
0.742423,1765348269.106904,1765348209,0.128730,0.000522,0.000000,0.000446,0.000000,0.000000,0.000000,0.000000
0.762460,1765348269.126956,1765348209,0.128726,0.000519,-0.000946,-0.000937,0.000000,0.000000,0.000000,0.000000
0.782454,1765348269.146942,1765348209,0.128726,0.000519,0.000000,0.000000,0.000000,0.000000,0.000000,0.344366
0.802428,1765348269.166902,1765348209,0.128726,0.000519,0.000000,0.000000,0.000000,0.000000,0.000000,0.000000
0.822434,1765348269.186907,1765348209,0.128726,0.000519,0.000000,-0.000074,0.000000,0.000000,0.000000,-0.344366
0.842403,1765348269.206867,1765348209,0.128726,0.000522,0.000000,0.000904,0.000000,0.000000,0.000000,0.000000
0.862493,1765348269.226990,1765348209,0.128726,0.000519,0.000000,0.000000,0.000000,0.000000,0.000000,0.000000
0.882489,1765348269.246977,1765348209,0.128726,0.000519,0.000000,0.000000,0.000000,0.000000,0.000000,-0.344366
0.902419,1765348269.266880,1765348209,0.128726,0.000519,0.000000,0.000000,0.000000,0.000000,0.000000,-0.344366
0.922487,1765348269.286968,1765348209,0.128726,0.000522,0.000000,0.000907,0.000000,0.000000,0.000000,0.000000
0.942537,1765348269.307042,1765348209,0.128726,0.000519,0.000000,-0.000943,0.000000,0.000000,-0.344366,-0.344366
0.962526,1765348269.327009,1765348209,0.128726,0.000519,0.000000,0.000000,0.000000,0.000000,0.000000,0.000000
0.982508,1765348269.346994,1765348209,0.128726,0.000519,0.000000,0.000000,0.000000,0.000000,0.000000,0.000000
1.002518,1765348269.367003,1765348209,0.128726,0.000519,0.000000,0.000000,0.000000,0.000000,0.000000,0.000000
1.022523,1765348269.387005,1765348209,0.128726,0.000519,0.000000,0.000000,0.000000,0.000000,0.000000,-0.344366
1.042519,1765348269.406989,1765348209,0.128726,0.000519,0.000806,-0.000806,0.000000,0.000000,0.000000,-0.344366
1.062449,1765348269.426883,1765348209,0.128726,0.000522,0.000039,0.000907,0.000000,0.000000,0.000000,0.000000
1.082464,1765348269.446904,1765348209,0.128722,0.000519,-0.000887,-0.000039,0.000000,0.000000,0.000000,-0.344366
1.102485,1765348269.466936,1765348209,0.128722,0.000519,0.000000,0.000000,0.000000,0.000000,0.000000,0.000000
1.122473,1765348269.486920,1765348209,0.128722,0.000519,-0.000140,0.000000,0.000000,0.000000,0.000000,0.000000
1.142516,1765348269.506979,1765348209,0.128722,0.000522,0.000000,0.000940,0.000000,0.000000,0.000000,0.000000
1.162542,1765348269.527018,1765348209,0.128722,0.000519,0.000000,-0.000265,0.000000,0.000000,0.000000,0.000000
1.182574,1765348269.547063,1765348209,0.128722,0.000519,0.000000,0.000000,0.000000,0.000000,0.000000,0.000000
1.202582,1765348269.567070,1765348209,0.128722,0.000519,0.000000,0.000000,0.000000,0.000000,0.000000,0.000000
1.222618,1765348269.587108,1765348209,0.128722,0.000519,0.000000,0.000000,0.000000,0.000000,0.000000,0.000000
1.242552,1765348269.607018,1765348209,0.128722,0.000519,0.000000,-0.000904,0.000000,0.000000,0.000000,0.000000
1.262514,1765348269.626962,1765348209,0.128722,0.000522,0.000000,0.000264,0.000000,0.000000,0.000000,0.000000
1.282524,1765348269.646968,1765348209,0.128722,0.000519,0.000000,0.000499,0.000000,0.000000,0.000000,0.000000
1.302550,1765348269.667003,1765348209,0.128722,0.000519,0.000000,0.000000,0.000000,0.000000,0.000000,0.344366
1.322556,1765348269.687016,1765348209,0.128722,0.000519,0.000000,0.000140,0.000000,0.000000,0.000000,0.000000
1.342556,1765348269.707026,1765348209,0.128722,0.000519,0.000000,0.000000,0.000000,0.000000,0.000000,0.344366
1.362565,1765348269.727035,1765348209,0.128722,0.000522,0.000000,0.000074,0.000000,0.000000,0.000000,0.000000
1.382685,1765348269.747206,1765348209,0.128722,0.000519,0.000000,0.000000,0.000000,0.000000,0.000000,-0.344366
1.402583,1765348269.767052,1765348209,0.128722,0.000519,0.000000,0.000000,0.000000,0.000000,0.000000,0.344366
1.422584,1765348269.787049,1765348209,0.128722,0.000519,0.000000,0.000000,0.000000,0.000000,0.000000,0.000000
1.442626,1765348269.807090,1765348209,0.128722,0.000519,0.000000,-0.000805,0.000000,0.000000,0.000000,0.000000
1.462662,1765348269.827133,1765348209,0.128722,0.000522,0.000000,0.000945,0.000000,0.000000,-0.344366,0.000000
1.482817,1765348269.847370,1765348209,0.128722,0.000519,0.000000,-0.000011,0.000000,0.000000,0.000000,0.000000
1.502694,1765348269.867177,1765348209,0.128722,0.000519,0.000000,0.000000,0.000000,0.000000,0.000000,0.344366
1.522782,1765348269.887312,1765348209,0.128722,0.000519,0.000000,0.000000,0.000000,0.000000,-0.344366,0.000000
1.542763,1765348269.907251,1765348209,0.128722,0.000519,0.000000,-0.000930,0.000000,0.000000,0.000000,-0.344366
1.562674,1765348269.927113,1765348209,0.128718,0.000519,-0.000006,-0.000940,0.000000,0.000000,0.000000,-0.344366
1.582706,1765348269.947164,1765348209,0.128722,0.000519,-0.000444,-0.000446,0.000000,0.000000,0.000000,0.344366
1.602763,1765348269.967247,1765348209,0.128718,0.000522,-0.000946,0.000872,0.000000,0.000000,0.000000,0.000000
1.622781,1765348269.987270,1765348209,0.128718,0.000519,0.000000,0.000000,0.000000,0.000000,0.000000,0.000000
1.642732,1765348270.007201,1765348209,0.128718,0.000519,0.000000,0.000000,0.000000,0.000000,0.000000,0.000000
1.662769,1765348270.027241,1765348209,0.128718,0.000519,0.000000,-0.000946,0.000000,0.000000,0.000000,0.000000
1.682719,1765348270.047173,1765348209,0.128718,0.000519,0.000000,-0.000372,0.000000,0.000000,0.000000,0.000000
1.702736,1765348270.067200,1765348209,0.128718,0.000519,0.000000,0.000000,0.000000,0.000000,0.000000,0.000000
1.722803,1765348270.087340,1765348209,0.128718,0.000519,0.000000,0.000000,0.000000,0.000000,0.000000,0.000000
1.742732,1765348270.107170,1765348209,0.128718,0.000519,0.000000,0.000000,0.000000,0.000000,0.000000,-0.344366
1.762745,1765348270.127197,1765348209,0.128718,0.000522,0.000000,0.000946,0.000000,0.000000,0.000000,0.000000
1.782799,1765348270.147270,1765348209,0.128718,0.000519,0.000000,-0.000000,0.000000,0.000000,0.000000,-0.344366
1.802772,1765348270.167236,1765348209,0.128718,0.000519,0.000000,-0.000071,0.000000,0.000000,0.000000,0.344366
1.822820,1765348270.187324,1765348209,0.128718,0.000519,0.000000,0.000000,0.000000,0.000000,0.000000,0.000000
1.842895,1765348270.207398,1765348209,0.128718,0.000522,0.000000,0.000806,0.000000,0.000000,0.000000,0.000000
1.862918,1765348270.227425,1765348209,0.128718,0.000519,0.000000,-0.000945,0.000000,0.000000,0.000000,0.000000
1.882900,1765348270.247389,1765348209,0.128718,0.000519,0.000000,-0.000946,0.000000,0.000000,0.000000,-0.344366
1.902800,1765348270.267256,1765348209,0.128718,0.000522,0.000000,0.000935,0.000000,0.000000,0.000000,0.000000
1.922936,1765348270.287432,1765348209,0.128718,0.000519,0.000000,0.000000,0.000000,0.000000,0.000000,-0.344366
1.942821,1765348270.307294,1765348209,0.128718,0.000519,0.000000,0.000499,0.000000,0.000000,0.000000,0.000000
1.962921,1765348270.327410,1765348209,0.128718,0.000522,0.000000,0.000925,0.000000,0.000000,0.000000,0.000000
1.982904,1765348270.347382,1765348209,0.128718,0.000519,0.000000,0.000000,0.000000,0.000000,0.000000,0.000000
2.002897,1765348270.367370,1765348209,0.128718,0.000519,0.000000,0.000000,0.000000,0.000000,0.000000,0.000000
2.022894,1765348270.387362,1765348209,0.128718,0.000519,0.000000,0.000000,0.000000,0.000000,0.000000,0.000000
2.042856,1765348270.407302,1765348209,0.128718,0.000519,0.000000,0.000000,0.000000,0.000000,0.000000,0.000000
2.062873,1765348270.427314,1765348209,0.128718,0.000519,0.000000,-0.000946,0.000000,0.000000,0.000000,0.344366
2.082881,1765348270.447325,1765348209,0.128718,0.000519,0.000000,-0.000676,0.000000,0.000000,0.000000,0.000000
2.102901,1765348270.467351,1765348209,0.128718,0.000519,0.000000,0.000000,0.000000,0.000000,-0.344366,0.000000
2.122920,1765348270.487379,1765348209,0.128718,0.000519,0.000000,0.000000,0.000000,0.000000,0.000000,0.000000
2.142910,1765348270.507375,1765348209,0.128718,0.000519,0.000000,0.000000,0.000000,0.000000,0.000000,0.000000
2.163058,1765348270.527578,1765348209,0.128718,0.000522,0.000000,0.000264,0.000000,0.000000,0.000000,0.000000
2.183047,1765348270.547552,1765348209,0.128718,0.000519,0.000000,-0.000011,0.000000,0.000000,0.000000,0.000000
2.203042,1765348270.567538,1765348209,0.128718,0.000519,0.000946,-0.000945,0.000000,0.000000,0.000000,-0.344366
2.223051,1765348270.587547,1765348209,0.128718,0.000519,0.000000,0.000000,0.000000,0.000000,0.000000,-0.344366
2.242965,1765348270.607412,1765348209,0.128718,0.000519,0.000000,0.000000,0.000000,0.000000,0.000000,0.000000
2.263394,1765348270.627851,1765348209,0.128718,0.000522,0.000000,0.000944,0.000000,0.000000,0.000000,0.000000
2.283359,1765348270.647802,1765348209,0.128714,0.000519,-0.000925,-0.000935,0.000000,0.000000,0.000000,0.000000
2.303359,1765348270.667801,1765348209,0.128714,0.000522,-0.000006,0.000946,0.000000,0.000000,0.000000,0.000000
2.323379,1765348270.687835,1765348209,0.128714,0.000519,0.000000,0.000000,0.000000,0.000000,0.000000,0.000000
2.343482,1765348270.707968,1765348209,0.128714,0.000519,0.000000,0.000011,0.000000,0.000000,0.000000,-0.344366
2.363385,1765348270.727844,1765348209,0.128714,0.000519,0.000000,-0.000000,0.000000,0.000000,0.000000,0.000000
2.383411,1765348270.747890,1765348209,0.128714,0.000519,0.000000,-0.000140,0.000000,0.000000,0.000000,0.344366
2.403528,1765348270.768048,1765348209,0.128714,0.000519,0.000000,-0.000011,0.000000,0.000000,0.000000,0.000000
2.423516,1765348270.788012,1765348209,0.128714,0.000519,0.000682,0.000000,0.000000,0.000000,0.000000,0.000000
2.443442,1765348270.807920,1765348209,0.128714,0.000519,0.000000,0.000000,0.000000,0.000000,0.000000,-0.344366
2.463440,1765348270.827910,1765348209,0.128714,0.000519,0.000000,0.000264,0.000000,0.000000,-0.344366,0.000000
2.483448,1765348270.847919,1765348209,0.128714,0.000519,0.000000,0.000000,0.000000,0.000000,0.000000,0.000000
2.503573,1765348270.868092,1765348209,0.128714,0.000519,0.000000,0.000000,0.000000,0.000000,0.000000,0.000000
2.523479,1765348270.887960,1765348209,0.128714,0.000519,0.000000,0.000000,0.000000,0.000000,0.000000,0.000000
2.543544,1765348270.908032,1765348209,0.128714,0.000519,0.000000,0.000000,0.000000,0.000000,0.000000,0.000000
2.563456,1765348270.927896,1765348209,0.128714,0.000519,0.000000,0.000000,0.000000,0.000000,0.000000,0.000000
2.583481,1765348270.947933,1765348209,0.128714,0.000519,0.000000,-0.000943,0.000000,0.000000,0.000000,-0.344366
2.603512,1765348270.967978,1765348209,0.128714,0.000519,0.000000,0.000039,0.000000,0.000000,0.000000,0.000000
2.623513,1765348270.987999,1765348209,0.128714,0.000519,0.000000,0.000000,0.000000,0.000000,0.000000,0.000000
2.643469,1765348271.007908,1765348209,0.128714,0.000519,0.000000,0.000499,0.000000,0.000000,0.000000,-0.344366
2.663475,1765348271.027916,1765348209,0.128714,0.000519,0.000000,-0.000006,0.000000,0.000000,0.000000,0.000000
2.683492,1765348271.047942,1765348209,0.128714,0.000519,0.000000,-0.000937,0.000000,0.000000,0.000000,0.000000
2.703512,1765348271.067971,1765348209,0.128714,0.000519,0.000000,0.000000,0.000000,0.000000,0.000000,0.000000
2.723539,1765348271.088009,1765348209,0.128714,0.000522,0.000000,0.000940,0.000000,0.000000,0.000000,0.000000
2.743563,1765348271.108044,1765348209,0.128714,0.000519,0.000000,0.000000,0.000000,0.000000,0.000000,0.000000
2.763585,1765348271.128067,1765348209,0.128714,0.000519,0.000000,-0.000074,0.000000,0.000000,0.000000,0.000000
2.783566,1765348271.148042,1765348209,0.128714,0.000519,0.000000,0.000000,0.000000,0.000000,0.000000,0.000000
2.803583,1765348271.168064,1765348209,0.128714,0.000519,0.000000,0.000000,0.000000,0.000000,0.000000,0.000000
2.823515,1765348271.187954,1765348209,0.128714,0.000519,0.000000,0.000000,0.000000,0.000000,0.000000,-0.344366
2.843527,1765348271.207972,1765348209,0.128714,0.000519,0.000000,0.000000,0.000000,0.000000,0.000000,0.000000
2.863511,1765348271.227951,1765348209,0.128714,0.000519,0.000000,0.000000,0.000000,0.000000,0.000000,0.344366
2.883557,1765348271.248014,1765348209,0.128714,0.000519,0.000000,-0.000021,0.000000,0.000000,0.000000,0.000000
2.903575,1765348271.268042,1765348209,0.128714,0.000519,0.000000,-0.000020,0.000000,0.000000,0.000000,0.000000
2.923615,1765348271.288096,1765348209,0.128714,0.000519,0.000000,-0.000265,0.000000,0.000000,0.000000,-0.344366
2.943630,1765348271.308110,1765348209,0.128714,0.000522,0.000000,0.000935,0.000000,0.000000,0.000000,0.344366
2.963637,1765348271.328126,1765348209,0.128714,0.000519,0.000000,-0.000011,0.000000,0.000000,0.000000,0.000000
2.983656,1765348271.348152,1765348209,0.128714,0.000519,0.000000,-0.000935,0.000000,0.000000,0.000000,0.000000
3.003655,1765348271.368142,1765348209,0.128714,0.000519,0.000000,0.000021,0.000000,0.000000,0.000000,0.000000
3.023662,1765348271.388151,1765348209,0.128714,0.000519,0.000000,0.000264,0.000000,0.000000,0.000000,0.000000
3.043632,1765348271.408128,1765348209,0.128714,0.000519,0.000000,0.000000,0.000000,0.000000,0.000000,0.000000
3.063594,1765348271.428040,1765348209,0.128714,0.000519,0.000000,0.000000,0.000000,0.000000,0.000000,0.000000
3.083638,1765348271.448105,1765348209,0.128714,0.000519,0.000000,0.000000,0.000000,0.000000,0.000000,0.000000
3.103659,1765348271.468134,1765348209,0.128714,0.000522,0.000000,0.000945,0.000000,0.000000,0.000000,0.000000
3.123675,1765348271.488157,1765348209,0.128714,0.000519,0.000000,0.000000,0.000000,0.000000,0.000000,0.000000
3.143664,1765348271.508135,1765348209,0.128714,0.000522,0.000000,0.000946,0.000000,0.000000,0.000000,-0.344366
3.163691,1765348271.528172,1765348209,0.128714,0.000522,0.000000,0.000907,0.000000,0.000000,0.000000,0.000000
3.183713,1765348271.548202,1765348209,0.128714,0.000519,0.000000,-0.000140,0.000000,0.000000,0.000000,0.344366
3.203652,1765348271.568105,1765348209,0.128714,0.000519,0.000000,-0.000265,0.000000,0.000000,0.000000,0.000000
3.223645,1765348271.588092,1765348209,0.128714,0.000519,0.000000,-0.000937,0.000000,0.000000,0.000000,0.000000
3.243750,1765348271.608265,1765348209,0.128714,0.000519,0.000000,0.000000,0.000000,0.000000,0.000000,0.000000
3.264079,1765348271.628532,1765348209,0.128714,0.000519,0.000000,0.000000,0.000000,0.000000,0.000000,0.000000
3.284079,1765348271.648521,1765348209,0.128714,0.000522,0.000000,0.000446,0.000000,0.000000,0.000000,0.000000
3.304099,1765348271.668551,1765348209,0.128714,0.000519,0.000000,0.000000,0.000000,0.000000,0.000000,0.344366
3.324194,1765348271.688697,1765348209,0.128714,0.000519,0.000000,-0.000000,0.000000,0.000000,0.000000,0.000000
3.344181,1765348271.708670,1765348209,0.128714,0.000522,0.000000,0.000872,0.000000,0.000000,0.000000,-0.344366
3.364189,1765348271.728680,1765348209,0.128714,0.000519,0.000000,0.000000,0.000000,0.000000,0.000000,0.000000
3.384208,1765348271.748705,1765348209,0.128714,0.000519,0.000000,-0.000500,0.000000,0.000000,0.000000,0.344366
3.404219,1765348271.768715,1765348209,0.128714,0.000519,0.000000,0.000000,0.000000,0.000000,-0.344366,0.000000
3.424229,1765348271.788724,1765348209,0.128714,0.000519,0.000000,-0.000887,0.000000,0.000000,0.000000,0.000000
3.444225,1765348271.808714,1765348209,0.128714,0.000519,0.000000,0.000000,0.000000,0.000000,0.000000,0.000000
3.464247,1765348271.828743,1765348209,0.128714,0.000519,0.000000,0.000000,0.000000,0.000000,0.000000,0.000000
3.484244,1765348271.848731,1765348209,0.128714,0.000519,0.000000,0.000000,0.000000,0.000000,0.000000,-0.344366
3.504252,1765348271.868740,1765348209,0.128714,0.000519,0.000000,-0.000500,0.000000,0.000000,0.000000,-0.344366
3.524261,1765348271.888751,1765348209,0.128714,0.000519,0.000000,0.000000,0.000000,0.000000,0.000000,-0.344366
3.544224,1765348271.908688,1765348209,0.128714,0.000519,0.000000,0.000140,0.000000,0.000000,0.000000,-0.344366
3.564184,1765348271.928627,1765348209,0.128714,0.000519,0.000000,0.000000,0.000000,0.000000,0.000000,0.000000
3.584248,1765348271.948728,1765348209,0.128714,0.000519,0.000000,-0.000264,0.000000,0.000000,-0.344366,0.000000
3.604230,1765348271.968712,1765348209,0.128714,0.000519,0.000000,0.000000,0.000000,0.000000,0.000000,0.000000
3.624233,1765348271.988706,1765348209,0.128711,0.000519,-0.000901,0.000009,0.000000,0.000000,0.000000,0.000000
3.644192,1765348272.008627,1765348209,0.128711,0.000522,-0.000074,0.000925,0.000000,0.000000,0.000000,0.000000
3.664232,1765348272.028686,1765348209,0.128711,0.000519,-0.000011,-0.000021,0.000000,0.000000,0.000000,0.000000
3.684277,1765348272.048752,1765348209,0.128714,0.000519,-0.000440,0.000000,0.000000,0.000000,0.000000,-0.344366
3.704296,1765348272.068776,1765348209,0.128711,0.000519,0.000000,-0.000039,0.000000,0.000000,0.000000,-0.344366
3.724318,1765348272.088806,1765348209,0.128711,0.000522,0.000000,0.000943,0.000000,0.000000,0.000000,0.344366
3.744338,1765348272.108834,1765348209,0.128711,0.000519,0.000000,0.000000,0.000000,0.000000,0.000000,0.000000
3.764347,1765348272.128843,1765348209,0.128711,0.000522,-0.000265,0.000925,0.000000,0.000000,0.000000,0.000000
3.784355,1765348272.148850,1765348209,0.128711,0.000519,0.000000,0.000000,0.000000,0.000000,0.000000,0.344366
3.804364,1765348272.168860,1765348209,0.128711,0.000519,0.000000,0.000000,0.000000,0.000000,0.000000,0.000000
3.824377,1765348272.188873,1765348209,0.128711,0.000519,0.000000,0.000000,0.000000,0.000000,0.000000,0.000000
3.844271,1765348272.208710,1765348209,0.128711,0.000519,0.000000,-0.000003,0.000000,0.000000,0.000000,0.000000
3.864291,1765348272.228740,1765348209,0.128711,0.000519,0.000000,0.000000,0.000000,0.000000,0.000000,0.000000
3.884368,1765348272.248856,1765348209,0.128711,0.000519,0.000000,-0.000608,0.000000,0.000000,0.000000,-0.344366
3.904389,1765348272.268885,1765348209,0.128714,0.000519,0.000943,-0.000001,0.000000,0.000000,0.000000,0.000000
3.924397,1765348272.288894,1765348209,0.128711,0.000519,0.000000,-0.000000,0.000000,0.000000,0.000000,0.000000
3.944395,1765348272.308883,1765348209,0.128711,0.000519,0.000000,0.000000,0.000000,0.000000,0.000000,0.000000
3.964455,1765348272.328974,1765348209,0.128711,0.000519,0.000000,0.000000,0.000000,0.000000,0.000000,0.000000
3.984444,1765348272.348947,1765348209,0.128711,0.000519,0.000000,-0.000020,0.000000,0.000000,0.000000,0.000000
4.004476,1765348272.368994,1765348209,0.128714,0.000519,0.000946,-0.000861,0.000000,0.000000,0.000000,0.000000
4.024486,1765348272.388993,1765348209,0.128711,0.000519,-0.000021,0.000000,0.000000,0.000000,0.000000,0.000000
4.044417,1765348272.408919,1765348209,0.128711,0.000519,0.000000,-0.000643,0.000000,0.000000,0.000000,-0.344366
4.064378,1765348272.428828,1765348209,0.128711,0.000519,0.000000,0.000000,0.000000,0.000000,0.000000,0.000000
4.084402,1765348272.448864,1765348209,0.128711,0.000519,0.000000,0.000000,0.000000,0.000000,0.000000,0.344366
4.104425,1765348272.468892,1765348209,0.128711,0.000519,0.000000,0.000000,0.000000,0.000000,0.000000,0.000000
4.124450,1765348272.488930,1765348209,0.128711,0.000519,0.000000,0.000000,0.000000,0.000000,0.000000,0.000000
4.144456,1765348272.508937,1765348209,0.128711,0.000519,-0.000943,0.000000,0.000000,0.000000,0.000000,0.000000
4.164528,1765348272.529047,1765348209,0.128711,0.000519,0.000000,0.000000,0.000000,0.000000,0.000000,0.000000
4.184518,1765348272.549023,1765348209,0.128711,0.000519,0.000000,0.000000,0.000000,0.000000,0.000000,-0.344366
4.204510,1765348272.569006,1765348209,0.128711,0.000519,0.000000,0.000000,0.000000,0.000000,0.000000,0.000000
4.224519,1765348272.589014,1765348209,0.128711,0.000519,0.000000,-0.000946,0.000000,0.000000,0.000000,0.000000
4.244447,1765348272.608900,1765348209,0.128711,0.000519,0.000000,0.000264,0.000000,0.000000,0.000000,0.000000
4.264417,1765348272.628852,1765348209,0.128711,0.000519,0.000000,0.000000,0.000000,0.000000,0.000000,0.000000
4.284438,1765348272.648882,1765348209,0.128711,0.000519,0.000000,0.000000,0.000000,0.000000,0.000000,0.000000
4.304477,1765348272.668940,1765348209,0.128711,0.000519,0.000000,0.000000,0.000000,0.000000,0.000000,0.000000
4.324503,1765348272.688978,1765348209,0.128711,0.000519,0.000000,-0.000443,0.000000,0.000000,0.000000,-0.344366
4.344465,1765348272.708930,1765348209,0.128711,0.000519,0.000000,0.000000,0.000000,0.000000,0.000000,0.344366
4.364570,1765348272.729075,1765348209,0.128711,0.000519,0.000000,0.000000,0.000000,0.000000,0.000000,0.000000
4.384620,1765348272.749168,1765348209,0.128711,0.000519,0.000000,0.000000,0.000000,0.000000,0.000000,0.000000
4.404534,1765348272.769010,1765348209,0.128711,0.000519,0.000000,0.000000,0.000000,0.000000,0.000000,0.000000
4.424551,1765348272.789032,1765348209,0.128711,0.000519,0.000000,-0.000946,0.000000,0.000000,0.000000,-0.344366
4.444559,1765348272.809040,1765348209,0.128711,0.000519,0.000000,0.000001,0.000000,0.000000,0.000000,0.000000
4.464555,1765348272.829031,1765348209,0.128711,0.000519,0.000000,0.000000,0.000000,0.000000,0.000000,0.000000
4.484573,1765348272.849054,1765348209,0.128711,0.000519,0.000000,0.000000,0.000000,0.000000,0.000000,0.000000
4.504594,1765348272.869081,1765348209,0.128711,0.000519,0.000000,0.000000,0.000000,0.000000,0.000000,0.344366
4.524587,1765348272.889068,1765348209,0.128711,0.000519,0.000000,0.000000,0.000000,0.000000,0.000000,-0.344366
4.544529,1765348272.908974,1765348209,0.128711,0.000519,0.000000,0.000000,0.000000,0.000000,0.000000,0.000000
4.564534,1765348272.928980,1765348209,0.128711,0.000522,0.000000,0.000925,0.000000,0.000000,0.000000,0.000000
4.584520,1765348272.948962,1765348209,0.128711,0.000519,0.000000,0.000000,0.000000,0.000000,0.000000,0.000000
4.604525,1765348272.968969,1765348209,0.128711,0.000519,0.000000,0.000000,0.000000,0.000000,0.000000,0.000000
4.624524,1765348272.988961,1765348209,0.128711,0.000519,0.000000,0.000000,0.000000,0.000000,0.000000,0.000000
4.644532,1765348273.008971,1765348209,0.128711,0.000519,0.000000,0.000000,0.000000,0.000000,0.000000,0.344366
4.664567,1765348273.029024,1765348209,0.128711,0.000519,0.000000,0.000000,0.000000,0.000000,0.000000,0.000000
4.684584,1765348273.049048,1765348209,0.128711,0.000519,0.000000,0.000000,0.000000,0.000000,0.000000,0.000000
4.704611,1765348273.069086,1765348209,0.128711,0.000519,0.000000,-0.000946,0.000000,0.000000,0.000000,0.000000
4.724628,1765348273.089108,1765348209,0.128711,0.000522,0.000000,0.000872,0.000000,0.000000,0.000000,0.688732
4.744635,1765348273.109116,1765348209,0.128711,0.000519,0.000000,0.000000,0.000000,0.000000,0.000000,-0.344366
4.764657,1765348273.129146,1765348209,0.128711,0.000519,0.000000,-0.000003,0.000000,0.000000,0.000000,0.000000
4.784677,1765348273.149172,1765348209,0.128711,0.000519,0.000000,-0.000500,0.000000,0.000000,0.000000,-0.344366
4.804684,1765348273.169173,1765348209,0.128711,0.000519,0.000000,0.000000,0.000000,0.000000,0.000000,0.000000
4.824582,1765348273.189021,1765348209,0.128711,0.000519,0.000000,-0.000440,0.000000,0.000000,0.000000,0.344366
4.844600,1765348273.209045,1765348209,0.128711,0.000519,0.000000,0.000000,0.000000,0.000000,0.000000,-0.344366
4.864618,1765348273.229070,1765348209,0.128711,0.000519,0.000000,-0.000934,0.000000,0.000000,0.000000,0.344366
4.884635,1765348273.249102,1765348209,0.128711,0.000519,0.000000,0.000000,0.000000,0.000000,0.000000,-0.344366
4.904667,1765348273.269143,1765348209,0.128711,0.000519,0.000000,0.000000,0.000000,0.000000,0.000000,-0.344366
4.924685,1765348273.289165,1765348209,0.128711,0.000519,0.000000,0.000000,0.000000,0.000000,0.000000,0.000000
4.944708,1765348273.309195,1765348209,0.128711,0.000519,0.000000,-0.000946,0.000000,0.000000,0.000000,0.000000
4.964701,1765348273.329181,1765348209,0.128711,0.000519,0.000000,-0.000182,0.000000,0.000000,-0.344366,0.000000
4.984708,1765348273.349189,1765348209,0.128711,0.000522,0.000000,0.000682,0.000000,0.000000,0.000000,0.000000
5.004730,1765348273.369218,1765348209,0.128711,0.000519,0.000000,-0.000946,0.000000,0.000000,0.000000,0.688732
5.024737,1765348273.389226,1765348209,0.128711,0.000519,0.000000,0.000000,0.000000,0.000000,0.000000,0.344366
5.044703,1765348273.409200,1765348209,0.128711,0.000519,0.000000,0.000360,0.000000,0.000000,0.000000,0.000000
5.064650,1765348273.429088,1765348209,0.128711,0.000519,0.000000,0.000000,0.000000,0.000000,0.000000,0.000000
5.084686,1765348273.449140,1765348209,0.128711,0.000519,0.000000,0.000000,0.000000,0.000000,0.000000,0.344366
5.104716,1765348273.469183,1765348209,0.128711,0.000519,0.000000,0.000446,0.000000,0.000000,0.000000,-0.344366
5.124737,1765348273.489213,1765348209,0.128711,0.000519,0.000000,0.000000,0.000000,0.000000,0.000000,0.000000
5.144754,1765348273.509235,1765348209,0.128711,0.000519,0.000000,0.000446,0.000000,0.000000,0.000000,0.344366
5.164776,1765348273.529264,1765348209,0.128711,0.000519,0.000000,-0.000661,0.000000,0.000000,0.000000,0.000000
5.184785,1765348273.549273,1765348209,0.128711,0.000519,0.000000,-0.000002,0.000000,0.000000,0.000000,0.000000
5.204793,1765348273.569301,1765348209,0.128711,0.000522,0.000000,0.000946,0.000000,0.000000,0.000000,0.000000
5.224801,1765348273.589321,1765348209,0.128711,0.000519,0.000000,0.000000,0.000000,0.000000,0.000000,0.000000
5.244719,1765348273.609158,1765348209,0.128711,0.000522,0.000000,0.000140,0.000000,0.000000,0.000000,0.000000
5.264712,1765348273.629149,1765348209,0.128711,0.000519,0.000000,0.000000,0.000000,0.000000,0.000000,0.344366
5.284754,1765348273.649211,1765348209,0.128711,0.000522,0.000000,0.000944,0.000000,0.000000,0.000000,-0.344366
5.304781,1765348273.669252,1765348209,0.128711,0.000519,0.000000,-0.000001,0.000000,0.000000,0.000000,-0.344366
5.324739,1765348273.689189,1765348209,0.128711,0.000519,0.000000,0.000020,0.000000,0.000000,0.000000,0.000000
5.344910,1765348273.709430,1765348209,0.128711,0.000519,0.000000,-0.000945,0.000000,0.000000,0.000000,-0.344366
5.364904,1765348273.729412,1765348209,0.128711,0.000522,0.000000,0.000907,0.000000,0.000000,0.000000,0.000000
5.384928,1765348273.749448,1765348209,0.128711,0.000519,0.000000,0.000000,0.000000,0.000000,0.000000,0.000000
5.404945,1765348273.769465,1765348209,0.128711,0.000519,0.000000,0.000000,0.000000,0.000000,0.000000,0.344366
5.424935,1765348273.789443,1765348209,0.128711,0.000522,0.000000,0.000499,0.000000,0.000000,0.000000,0.344366
5.444897,1765348273.809385,1765348209,0.128711,0.000522,0.000000,0.000682,0.000000,0.000000,0.000000,-0.344366
5.464963,1765348273.829483,1765348209,0.128711,0.000519,0.000000,0.000000,0.000000,0.000000,0.000000,-0.344366
5.484956,1765348273.849461,1765348209,0.128711,0.000519,0.000000,0.000000,0.000000,0.000000,-0.344366,-0.344366
5.504956,1765348273.869452,1765348209,0.128711,0.000519,0.000000,-0.000942,0.000000,0.000000,0.000000,-0.344366
5.524964,1765348273.889460,1765348209,0.128711,0.000519,0.000000,0.000000,0.000000,0.000000,0.000000,0.000000
5.544958,1765348273.909446,1765348209,0.128711,0.000522,0.000000,0.000944,0.000000,0.000000,0.000000,0.000000
5.564845,1765348273.929287,1765348209,0.128711,0.000519,0.000000,-0.000000,0.000000,0.000000,0.000000,0.000000
5.584875,1765348273.949325,1765348209,0.128711,0.000519,0.000000,0.000000,0.000000,0.000000,0.000000,0.000000
5.604888,1765348273.969343,1765348209,0.128711,0.000519,0.000000,-0.000039,0.000000,0.000000,0.000000,0.000000
5.624861,1765348273.989304,1765348209,0.128711,0.000519,0.000000,-0.000608,0.000000,0.000000,0.000000,-0.344366
5.644861,1765348274.009300,1765348209,0.128711,0.000519,0.000000,-0.000681,0.000000,0.000000,0.000000,0.344366
5.664887,1765348274.029338,1765348209,0.128711,0.000522,0.000000,0.000943,0.000000,0.000000,0.000000,-0.344366
5.684918,1765348274.049379,1765348209,0.128711,0.000519,0.000000,0.000446,0.000000,0.000000,0.000000,-0.344366
5.704944,1765348274.069415,1765348209,0.128711,0.000519,0.000000,-0.000021,0.000000,0.000000,0.000000,0.000000
5.724970,1765348274.089451,1765348209,0.128711,0.000519,0.000000,-0.000945,0.000000,0.000000,0.000000,0.000000
5.744994,1765348274.109482,1765348209,0.128711,0.000519,0.000000,0.000036,0.000000,0.000000,0.000000,-0.344366
5.765002,1765348274.129490,1765348209,0.128711,0.000522,0.000000,0.000946,0.000000,0.000000,0.000000,0.000000
5.785011,1765348274.149499,1765348209,0.128711,0.000519,0.000000,-0.000000,0.000000,0.000000,0.000000,-0.344366
5.805033,1765348274.169529,1765348209,0.128711,0.000522,0.000000,0.000925,0.000000,0.000000,0.000000,0.344366
5.825090,1765348274.189534,1765348209,0.128711,0.000519,0.000000,0.000000,0.000000,0.000000,0.000000,-0.344366
5.845121,1765348274.209585,1765348209,0.128711,0.000519,0.000000,0.000000,0.000000,0.000000,0.000000,-0.344366
5.865095,1765348274.229540,1765348209,0.128711,0.000519,0.000000,0.000000,0.000000,0.000000,0.000000,0.000000
5.885113,1765348274.249564,1765348209,0.128711,0.000519,0.000000,0.000000,0.000000,0.000000,0.000000,0.000000
5.905140,1765348274.269604,1765348209,0.128711,0.000519,0.000000,0.000000,0.000000,0.000000,0.000000,0.344366
5.925158,1765348274.289629,1765348209,0.128711,0.000519,0.000000,0.000480,0.000000,0.000000,0.000000,-0.344366
5.945167,1765348274.309639,1765348209,0.128711,0.000519,0.000000,0.000000,0.000000,0.000000,0.000000,0.344366
5.965237,1765348274.329718,1765348209,0.128711,0.000522,0.000000,0.000925,0.000000,0.000000,0.000000,0.000000
5.985311,1765348274.349831,1765348209,0.128711,0.000519,0.000000,-0.000945,0.000000,0.000000,0.000000,0.000000
6.005324,1765348274.369845,1765348209,0.128711,0.000519,0.000000,0.000000,0.000000,0.000000,0.000000,0.000000
6.025312,1765348274.389818,1765348209,0.128711,0.000519,0.000000,0.000000,0.000000,0.000000,0.000000,-0.344366
6.045368,1765348274.409925,1765348209,0.128711,0.000519,0.000000,0.000000,0.000000,0.000000,0.000000,0.000000
6.065198,1765348274.429636,1765348209,0.128711,0.000519,0.000000,0.000000,0.000000,0.000000,0.000000,0.344366
6.085275,1765348274.449751,1765348209,0.128711,0.000519,0.000000,0.000000,0.000000,0.000000,0.000000,0.000000
6.105309,1765348274.469798,1765348209,0.128711,0.000519,0.000000,0.000000,0.000000,0.000000,0.000000,0.000000
6.125329,1765348274.489824,1765348209,0.128711,0.000519,0.000000,0.000000,0.000000,0.000000,0.000000,0.344366
6.145258,1765348274.509743,1765348209,0.128711,0.000519,0.000000,0.000000,0.000000,0.000000,0.000000,0.000000
6.165280,1765348274.529780,1765348209,0.128711,0.000519,0.000000,-0.000265,0.000000,0.000000,0.000000,-0.344366
6.185394,1765348274.549913,1765348209,0.128711,0.000519,0.000000,0.000000,0.000000,0.000000,0.000000,0.000000
6.205406,1765348274.569925,1765348209,0.128711,0.000519,0.000000,0.000000,0.000000,0.000000,0.000000,0.344366
6.225395,1765348274.589900,1765348209,0.128711,0.000519,0.000000,0.000000,0.000000,0.000000,0.000000,0.000000
6.245320,1765348274.609781,1765348209,0.128711,0.000519,0.000000,-0.000134,0.000000,0.000000,0.000000,0.000000
6.265337,1765348274.629816,1765348209,0.128711,0.000519,0.000000,0.000039,0.000000,0.000000,0.000000,0.000000
6.285282,1765348274.649716,1765348209,0.128711,0.000522,0.000000,0.000940,0.000000,0.000000,0.000000,-0.344366
6.305321,1765348274.669772,1765348209,0.128711,0.000519,0.000000,0.000000,0.000000,0.000000,0.000000,0.000000
6.325334,1765348274.689793,1765348209,0.128711,0.000519,0.000000,0.000259,0.000000,0.000000,0.000000,-0.344366
6.345307,1765348274.709758,1765348209,0.128711,0.000519,0.000000,-0.000011,0.000000,0.000000,0.000000,-0.344366
6.365450,1765348274.729970,1765348209,0.128711,0.000522,0.000000,0.000907,0.000000,0.000000,0.000000,0.000000
6.385313,1765348274.749752,1765348209,0.128711,0.000519,0.000000,-0.000003,0.000000,0.000000,0.000000,-0.344366
6.405314,1765348274.769752,1765348209,0.128711,0.000519,0.000000,0.000000,0.000000,0.000000,0.000000,0.000000
6.425354,1765348274.789813,1765348209,0.128711,0.000519,0.000000,-0.000940,0.000000,0.000000,0.000000,0.000000
6.445381,1765348274.809852,1765348209,0.128711,0.000522,0.000000,0.000872,0.000000,0.000000,0.000000,0.000000
6.465387,1765348274.829858,1765348209,0.128711,0.000522,0.000000,0.000003,0.000000,0.000000,0.000000,-0.344366
6.485413,1765348274.849893,1765348209,0.128711,0.000519,0.000000,0.000000,0.000000,0.000000,0.000000,0.000000
6.505420,1765348274.869902,1765348209,0.128711,0.000519,0.000000,0.000000,0.000000,0.000000,0.000000,0.000000
6.525443,1765348274.889931,1765348209,0.128711,0.000519,0.000000,0.000000,0.000000,0.000000,0.000000,0.000000
6.545356,1765348274.909795,1765348209,0.128711,0.000519,0.000000,0.000000,0.000000,0.000000,0.000000,0.000000
6.565364,1765348274.929808,1765348209,0.128711,0.000519,0.000000,0.000000,0.000000,0.000000,0.000000,0.000000
6.585367,1765348274.949820,1765348209,0.128711,0.000519,0.000000,0.000000,0.000000,0.000000,0.000000,0.000000
6.605458,1765348274.969946,1765348209,0.128711,0.000519,0.000000,0.000000,0.000000,0.000000,0.000000,0.000000
6.625515,1765348274.990051,1765348209,0.128711,0.000519,0.000000,0.000000,0.000000,0.000000,0.000000,-0.344366
6.645374,1765348275.009812,1765348209,0.128711,0.000519,0.000000,-0.000935,0.000000,0.000000,0.000000,0.344366
6.665401,1765348275.029853,1765348209,0.128711,0.000519,0.000000,-0.000021,0.000000,0.000000,0.000000,0.000000
6.685413,1765348275.049870,1765348209,0.128711,0.000519,0.000000,0.000000,0.000000,0.000000,0.000000,0.000000
6.705436,1765348275.069903,1765348209,0.128711,0.000519,0.000000,-0.000039,0.000000,0.000000,0.000000,0.000000
6.725449,1765348275.089919,1765348209,0.128711,0.000519,0.000000,0.000000,0.000000,0.000000,0.000000,-0.344366
6.745476,1765348275.109957,1765348209,0.128711,0.000519,0.000000,0.000000,0.000000,0.000000,0.000000,0.000000
6.765482,1765348275.129962,1765348209,0.128711,0.000519,0.000000,0.000000,0.000000,0.000000,0.000000,-0.344366
6.785489,1765348275.149969,1765348209,0.128711,0.000519,0.000000,0.000000,0.000000,0.000000,0.000000,0.000000
6.805523,1765348275.170020,1765348209,0.128711,0.000519,0.000000,0.000000,0.000000,0.000000,0.000000,0.000000
6.825485,1765348275.189984,1765348209,0.128711,0.000519,0.000000,-0.000904,0.000000,0.000000,-0.344366,0.000000
6.845418,1765348275.209852,1765348209,0.128711,0.000519,0.000000,0.000000,0.000000,0.000000,0.000000,0.000000
6.865422,1765348275.229857,1765348209,0.128707,0.000519,-0.000872,0.000000,0.000000,0.000000,0.000000,0.000000
6.885424,1765348275.249862,1765348209,0.128711,0.000519,0.000000,-0.000000,0.000000,0.000000,0.000000,-0.344366
6.905431,1765348275.269873,1765348209,0.128707,0.000522,-0.000265,0.000935,0.000000,0.000000,0.000000,0.000000
6.925439,1765348275.289885,1765348209,0.128711,0.000519,0.000944,0.000006,0.000000,0.000000,0.000000,0.000000
6.945444,1765348275.309892,1765348209,0.128707,0.000519,-0.000872,0.000000,0.000000,0.000000,0.000000,-0.344366
6.965447,1765348275.329894,1765348209,0.128711,0.000519,0.000806,0.000000,0.000000,0.000000,0.688732,-0.344366
6.985551,1765348275.350046,1765348209,0.128711,0.000519,0.000140,0.000000,0.000000,0.000000,0.000000,0.000000
7.005601,1765348275.370120,1765348209,0.128711,0.000522,0.000944,0.000944,0.000000,0.000000,0.000000,0.000000
7.025612,1765348275.390131,1765348209,0.128707,0.000519,-0.000265,0.000000,0.000000,0.000000,0.000000,0.000000
7.045544,1765348275.410048,1765348209,0.128707,0.000519,0.000000,-0.000003,0.000000,0.000000,0.000000,0.000000
7.065487,1765348275.429929,1765348209,0.128711,0.000519,0.000945,-0.000945,0.000000,0.000000,0.000000,0.000000
7.085501,1765348275.449950,1765348209,0.128711,0.000519,0.000872,-0.000943,0.000000,0.000000,0.000000,0.000000
7.105530,1765348275.469989,1765348209,0.128711,0.000519,0.000000,-0.000264,0.000000,0.000000,0.000000,0.000000
7.125550,1765348275.490021,1765348209,0.128707,0.000519,-0.000021,0.000000,0.000000,0.000000,0.000000,0.000000
7.145575,1765348275.510056,1765348209,0.128711,0.000519,0.000946,0.000000,0.000000,0.000000,0.000000,0.000000
7.165596,1765348275.530084,1765348209,0.128707,0.000519,-0.000923,0.000000,0.000000,0.000000,0.000000,-0.344366
7.185629,1765348275.550135,1765348209,0.128711,0.000519,0.000940,0.000000,0.000000,0.000000,0.000000,0.000000
7.205598,1765348275.570078,1765348209,0.128711,0.000519,0.000140,0.000000,0.000000,0.000000,0.000000,0.000000
7.225619,1765348275.590107,1765348209,0.128707,0.000519,-0.000021,0.000139,0.000000,0.000000,0.000000,0.000000
7.245540,1765348275.609982,1765348209,0.128711,0.000519,-0.000679,0.000000,0.000000,0.000000,-0.344366,0.000000
7.265539,1765348275.629980,1765348209,0.128707,0.000519,-0.000011,0.000000,0.000000,0.000000,0.000000,0.000000
7.285586,1765348275.650049,1765348209,0.128707,0.000519,0.000000,-0.000906,0.000000,0.000000,0.000000,0.344366
7.305596,1765348275.670063,1765348209,0.128707,0.000519,0.000000,0.000000,0.000000,0.000000,0.000000,0.000000
7.325617,1765348275.690093,1765348209,0.128707,0.000519,0.000000,0.000000,0.000000,0.000000,0.000000,0.000000
7.345624,1765348275.710099,1765348209,0.128707,0.000519,0.000000,0.000000,0.000000,0.000000,0.000000,0.000000
7.365641,1765348275.730121,1765348209,0.128707,0.000519,0.000000,0.000264,0.000000,0.000000,0.000000,0.000000
7.385647,1765348275.750129,1765348209,0.128707,0.000519,0.000000,0.000139,0.000000,0.000000,0.000000,-0.344366
7.405636,1765348275.770107,1765348209,0.128707,0.000522,-0.000000,0.000806,0.000000,0.000000,0.000000,0.000000
7.425635,1765348275.790102,1765348209,0.128707,0.000519,0.000000,-0.000139,0.000000,0.000000,0.000000,0.000000
7.445656,1765348275.810132,1765348209,0.128707,0.000519,0.000000,0.000000,0.000000,0.000000,0.000000,-0.344366
7.465674,1765348275.830155,1765348209,0.128707,0.000519,0.000000,0.000000,0.000000,0.000000,-0.344366,0.000000
7.485673,1765348275.850163,1765348209,0.128707,0.000519,0.000000,-0.000935,0.000000,0.000000,0.000000,-0.344366
7.505689,1765348275.870171,1765348209,0.128707,0.000522,0.000000,0.000935,0.000000,0.000000,0.000000,0.000000
7.525712,1765348275.890200,1765348209,0.128707,0.000519,0.000000,0.000000,0.000000,0.000000,0.000000,-0.344366
7.545673,1765348275.910137,1765348209,0.128707,0.000519,0.000000,0.000446,0.000000,0.000000,0.000000,0.000000
7.565630,1765348275.930069,1765348209,0.128707,0.000519,0.000000,-0.000500,0.000000,0.000000,0.000000,0.344366
7.585655,1765348275.950106,1765348209,0.128707,0.000519,0.000000,-0.000137,0.000000,0.000000,0.000000,0.000000
7.605638,1765348275.970083,1765348209,0.128707,0.000519,0.000000,0.000074,0.000000,0.000000,0.000000,0.000000
7.625784,1765348275.990349,1765348209,0.128707,0.000519,0.000000,-0.000676,0.000000,0.000000,0.000000,-0.344366
7.645635,1765348276.010070,1765348209,0.128707,0.000522,0.000000,0.000872,0.000000,0.000000,0.000000,0.000000
7.665669,1765348276.030120,1765348209,0.128707,0.000519,0.000000,-0.000264,0.000000,0.000000,0.000000,0.000000
7.685691,1765348276.050153,1765348209,0.128707,0.000522,0.000000,0.000872,0.000000,0.000000,0.000000,0.000000
7.705714,1765348276.070185,1765348209,0.128707,0.000522,0.000000,0.000003,0.000000,0.000000,0.000000,-0.344366
7.725740,1765348276.090221,1765348209,0.128707,0.000519,0.000000,0.000000,0.000000,0.000000,0.000000,0.000000
7.745762,1765348276.110250,1765348209,0.128707,0.000519,0.000000,0.000000,0.000000,0.000000,0.000000,-0.344366
7.765771,1765348276.130260,1765348209,0.128707,0.000519,0.000000,0.000000,0.000000,0.000000,0.000000,0.000000
7.785779,1765348276.150267,1765348209,0.128707,0.000519,0.000000,0.000000,0.000000,0.000000,0.000000,0.344366
7.805788,1765348276.170276,1765348209,0.128707,0.000519,0.000000,-0.000944,0.000000,0.000000,0.000000,0.000000
7.825846,1765348276.190422,1765348209,0.128707,0.000519,0.000000,0.000000,0.000000,0.000000,0.000000,0.000000
7.845718,1765348276.210173,1765348209,0.128707,0.000519,0.000000,0.000000,0.000000,0.000000,0.000000,0.000000
7.865716,1765348276.230159,1765348209,0.128707,0.000519,0.000000,-0.000021,0.000000,0.000000,0.000000,0.000000
7.885737,1765348276.250190,1765348209,0.128707,0.000519,0.000000,0.000000,0.000000,0.000000,0.000000,0.000000
7.905762,1765348276.270226,1765348209,0.128707,0.000519,0.000000,0.000000,0.000000,0.000000,0.000000,0.000000
7.925789,1765348276.290264,1765348209,0.128707,0.000519,0.000000,0.000000,0.000000,0.000000,-0.344366,-0.344366
7.945812,1765348276.310325,1765348209,0.128707,0.000519,0.000000,0.000000,0.000000,0.000000,0.000000,0.344366
7.965881,1765348276.330389,1765348209,0.128707,0.000519,0.000000,0.000000,0.000000,0.000000,0.000000,0.000000
7.985883,1765348276.350379,1765348209,0.128707,0.000519,0.000000,0.000000,0.000000,0.000000,0.000000,0.000000
8.005835,1765348276.370341,1765348209,0.128707,0.000519,0.000000,0.000000,0.000000,0.000000,0.000000,0.000000
8.025842,1765348276.390353,1765348209,0.128707,0.000522,0.000000,0.000940,0.000000,0.000000,0.000000,0.344366
8.045765,1765348276.410201,1765348209,0.128707,0.000519,0.000000,0.000000,0.000000,0.000000,0.000000,0.344366
8.065787,1765348276.430232,1765348209,0.128707,0.000519,0.000000,0.000000,0.000000,0.000000,0.000000,0.000000
8.085808,1765348276.450263,1765348209,0.128707,0.000519,0.000000,0.000000,0.000000,0.000000,0.000000,0.000000
8.105828,1765348276.470309,1765348209,0.128707,0.000519,0.000000,-0.000262,0.000000,0.000000,0.000000,0.000000
8.125844,1765348276.490334,1765348209,0.128707,0.000522,0.000000,0.000682,0.000000,0.000000,0.000000,0.000000
8.145880,1765348276.510356,1765348209,0.128707,0.000519,0.000000,-0.000011,0.000000,0.000000,0.000000,0.000000
8.165888,1765348276.530363,1765348209,0.128707,0.000519,0.000000,0.000000,0.000000,0.000000,-0.344366,-0.344366
8.185904,1765348276.550385,1765348209,0.128707,0.000519,0.000000,-0.000943,0.000000,0.000000,0.000000,0.000000
8.205834,1765348276.570296,1765348209,0.128707,0.000519,0.000000,0.000000,0.000000,0.000000,0.000000,0.000000
8.225815,1765348276.590255,1765348209,0.128707,0.000519,0.000000,0.000000,0.000000,0.000000,0.000000,0.000000
8.245870,1765348276.610349,1765348209,0.128707,0.000519,0.000000,-0.000003,0.000000,0.000000,0.000000,0.000000
8.265823,1765348276.630270,1765348209,0.128707,0.000519,0.000000,0.000000,0.000000,0.000000,0.000000,0.000000
8.285821,1765348276.650263,1765348209,0.128707,0.000522,0.000000,0.000669,0.000000,0.000000,0.000000,0.000000
8.305841,1765348276.670304,1765348209,0.128707,0.000519,0.000000,-0.000021,0.000000,0.000000,0.000000,-0.344366
8.325849,1765348276.690345,1765348209,0.128707,0.000519,0.000000,0.000000,0.000000,0.000000,0.000000,0.000000
8.345844,1765348276.710341,1765348209,0.128707,0.000519,0.000000,-0.000071,0.000000,0.000000,0.000000,0.000000
8.365883,1765348276.730358,1765348209,0.128707,0.000519,0.000000,0.000000,0.000000,0.000000,0.000000,0.000000
8.385920,1765348276.750395,1765348209,0.128707,0.000519,0.000000,0.000000,0.000000,0.000000,0.000000,-0.344366
8.405922,1765348276.770411,1765348209,0.128707,0.000519,0.000000,0.000000,0.000000,0.000000,0.000000,0.000000
8.425928,1765348276.790388,1765348209,0.128707,0.000519,0.000000,0.000000,0.000000,0.000000,0.000000,0.344366
8.445934,1765348276.810393,1765348209,0.128707,0.000519,0.000000,-0.000935,0.000000,0.000000,-0.344366,0.000000
8.466045,1765348276.830549,1765348209,0.128707,0.000519,0.000000,0.000000,0.000000,0.000000,0.000000,0.000000
8.486237,1765348276.850758,1765348209,0.128707,0.000519,0.000000,0.000000,0.000000,0.000000,0.000000,0.344366
8.506249,1765348276.870768,1765348209,0.128707,0.000519,0.000000,0.000000,0.000000,0.000000,0.000000,0.000000
8.526260,1765348276.890774,1765348209,0.128707,0.000519,0.000000,0.000000,0.000000,0.000000,-0.344366,-0.344366
8.546248,1765348276.910754,1765348209,0.128707,0.000519,0.000000,0.000000,0.000000,0.000000,0.000000,0.344366
8.566134,1765348276.930572,1765348209,0.128707,0.000522,0.000000,0.000944,0.000000,0.000000,0.000000,-0.344366
8.586154,1765348276.950603,1765348209,0.128707,0.000519,0.000000,0.000000,0.000000,0.000000,0.000000,-0.344366
8.606171,1765348276.970628,1765348209,0.128707,0.000522,0.000000,0.000872,0.000000,0.000000,0.000000,-0.344366
8.626151,1765348276.990595,1765348209,0.128707,0.000522,0.000000,0.000940,0.000000,0.000000,0.000000,0.000000
8.646135,1765348277.010569,1765348209,0.128707,0.000519,0.000000,-0.000021,0.000000,0.000000,0.000000,0.000000
8.666178,1765348277.030633,1765348209,0.128707,0.000519,0.000000,0.000000,0.000000,0.000000,0.000000,0.000000
8.686211,1765348277.050681,1765348209,0.128707,0.000519,0.000000,-0.000681,0.000000,0.000000,0.000000,-0.344366
8.706238,1765348277.070719,1765348209,0.128707,0.000519,0.000000,0.000000,0.000000,0.000000,0.000000,0.000000
8.726261,1765348277.090749,1765348209,0.128707,0.000522,0.000000,0.000907,0.000000,0.000000,-0.344366,0.344366
8.746269,1765348277.110758,1765348209,0.128707,0.000519,0.000000,0.000000,0.000000,0.000000,0.000000,0.000000
8.766289,1765348277.130786,1765348209,0.128707,0.000519,0.000000,0.000000,0.000000,0.000000,0.000000,0.000000
8.786299,1765348277.150794,1765348209,0.128707,0.000519,0.000000,-0.000006,0.000000,0.000000,0.000000,0.000000
8.806307,1765348277.170802,1765348209,0.128707,0.000519,0.000000,0.000000,0.000000,0.000000,0.000000,0.000000
8.826229,1765348277.190673,1765348209,0.128707,0.000519,0.000000,-0.000265,0.000000,0.000000,0.000000,-0.344366
8.846273,1765348277.210747,1765348209,0.128707,0.000519,0.000000,0.000000,0.000000,0.000000,0.000000,-0.344366
8.866237,1765348277.230679,1765348209,0.128707,0.000522,0.000000,0.000935,0.000000,0.000000,0.000000,0.344366
8.886254,1765348277.250703,1765348209,0.128707,0.000519,0.000000,0.000000,0.000000,0.000000,0.000000,0.000000
8.906327,1765348277.270815,1765348209,0.128707,0.000519,0.000000,0.000000,0.000000,0.000000,0.000000,-0.344366
8.926350,1765348277.290846,1765348209,0.128707,0.000519,0.000000,-0.000011,0.000000,0.000000,0.000000,-0.344366
8.946360,1765348277.310855,1765348209,0.128707,0.000519,0.000000,0.000000,0.000000,0.000000,0.000000,0.000000
8.966367,1765348277.330863,1765348209,0.128707,0.000519,0.000000,0.000000,0.000000,0.000000,0.000000,-0.344366
8.986377,1765348277.350873,1765348209,0.128707,0.000519,0.000000,0.000000,0.000000,0.000000,0.000000,0.000000
9.006385,1765348277.370882,1765348209,0.128707,0.000522,0.000000,0.000943,0.000000,0.000000,0.000000,0.000000
9.026394,1765348277.390890,1765348209,0.128707,0.000519,0.000000,-0.000002,0.000000,0.000000,0.000000,0.000000
9.046302,1765348277.410745,1765348209,0.128707,0.000519,0.000000,-0.000006,0.000000,0.000000,0.000000,0.000000
9.066330,1765348277.430785,1765348209,0.128707,0.000519,0.000000,-0.000904,0.000000,0.000000,0.000000,0.000000
9.086356,1765348277.450823,1765348209,0.128707,0.000519,0.000000,0.000000,0.000000,0.000000,0.000000,0.000000
9.106377,1765348277.470852,1765348209,0.128707,0.000519,0.000000,0.000264,0.000000,0.000000,0.000000,0.000000
9.126408,1765348277.490897,1765348209,0.128707,0.000519,0.000000,-0.000946,0.000000,0.000000,0.000000,-0.344366
9.146417,1765348277.510904,1765348209,0.128707,0.000519,0.000000,0.000000,0.000000,0.000000,0.000000,0.000000
9.166425,1765348277.530914,1765348209,0.128707,0.000519,0.000000,-0.000129,0.000000,0.000000,0.000000,0.000000
9.186446,1765348277.550942,1765348209,0.128707,0.000519,0.000000,-0.000265,0.000000,0.000000,0.000000,0.000000
9.206502,1765348277.571026,1765348209,0.128707,0.000519,0.000000,-0.000445,0.000000,0.000000,0.000000,0.000000
9.226517,1765348277.591037,1765348209,0.128707,0.000519,0.000000,-0.000946,0.000000,0.000000,0.000000,0.344366
9.246376,1765348277.610812,1765348209,0.128707,0.000519,0.000000,0.000000,0.000000,0.000000,0.000000,0.344366
9.266412,1765348277.630877,1765348209,0.128707,0.000519,0.000000,0.000000,0.000000,0.000000,0.000000,0.000000
9.286405,1765348277.650850,1765348209,0.128707,0.000519,0.000000,0.000000,0.000000,0.000000,0.000000,0.000000
9.306438,1765348277.670901,1765348209,0.128707,0.000519,0.000000,-0.000935,0.000000,0.000000,-0.344366,0.344366
9.326491,1765348277.690972,1765348209,0.128707,0.000519,0.000000,0.000000,0.000000,0.000000,0.000000,0.344366
9.346493,1765348277.710974,1765348209,0.128707,0.000522,0.000000,0.000944,0.000000,0.000000,0.000000,0.000000
9.366499,1765348277.730981,1765348209,0.128707,0.000519,0.000000,0.000000,0.000000,0.000000,0.000000,-0.344366
9.386506,1765348277.750987,1765348209,0.128707,0.000519,0.000000,0.000000,0.000000,0.000000,0.000000,0.344366
9.406501,1765348277.770977,1765348209,0.128707,0.000519,0.000000,0.000000,0.000000,0.000000,0.000000,0.000000
9.426506,1765348277.790982,1765348209,0.128707,0.000519,0.000000,0.000000,0.000000,0.000000,0.000000,-0.344366
9.446521,1765348277.811002,1765348209,0.128707,0.000519,0.000000,0.000000,0.000000,0.000000,0.000000,0.000000
9.466531,1765348277.831012,1765348209,0.128707,0.000519,0.000000,0.000000,0.000000,0.000000,0.000000,-0.344366
9.486526,1765348277.851002,1765348209,0.128707,0.000519,0.000000,0.000000,0.000000,0.000000,0.000000,0.000000
9.506532,1765348277.871008,1765348209,0.128707,0.000519,0.000000,0.000000,0.000000,0.000000,0.000000,-0.344366
9.526616,1765348277.891138,1765348209,0.128707,0.000519,0.000000,-0.000001,0.000000,0.000000,0.000000,0.344366
9.546484,1765348277.910923,1765348209,0.128707,0.000519,0.000000,0.000446,0.000000,0.000000,0.000000,0.000000
9.566516,1765348277.930971,1765348209,0.128707,0.000519,0.000000,0.000000,0.000000,0.000000,0.000000,0.000000
9.586550,1765348277.951022,1765348209,0.128707,0.000519,0.000000,0.000000,0.000000,0.000000,0.000000,0.000000
9.606549,1765348277.971017,1765348209,0.128707,0.000519,0.000000,0.000003,0.000000,0.000000,0.000000,0.000000
9.626510,1765348277.990954,1765348209,0.128707,0.000519,0.000000,-0.000805,0.000000,0.000000,0.000000,-0.344366
9.646498,1765348278.010933,1765348209,0.128707,0.000522,0.000000,0.000946,0.000000,0.000000,0.000000,0.000000
9.666529,1765348278.030978,1765348209,0.128707,0.000519,0.000000,0.000000,0.000000,0.000000,0.000000,0.000000
9.686572,1765348278.051044,1765348209,0.128707,0.000519,0.000000,0.000000,0.000000,0.000000,0.000000,0.000000
9.706599,1765348278.071080,1765348209,0.128707,0.000519,0.000000,0.000000,0.000000,0.000000,0.000000,0.344366
9.726621,1765348278.091110,1765348209,0.128707,0.000519,0.000000,0.000000,0.000000,0.000000,0.000000,-0.344366
9.746629,1765348278.111119,1765348209,0.128707,0.000522,0.000000,0.000907,0.000000,0.000000,0.000000,-0.344366
9.766650,1765348278.131146,1765348209,0.128707,0.000519,0.000000,-0.000925,0.000000,0.000000,0.000000,0.000000
9.786650,1765348278.151140,1765348209,0.128707,0.000519,0.000000,0.000000,0.000000,0.000000,0.000000,1.377463
9.806668,1765348278.171165,1765348209,0.128707,0.000522,0.000000,0.000494,0.000000,0.000000,0.000000,0.000000
9.826627,1765348278.191118,1765348209,0.128707,0.000519,0.000000,0.000000,0.000000,0.000000,0.000000,-0.344366
9.846572,1765348278.211012,1765348209,0.128707,0.000519,0.000000,0.000000,0.000000,0.000000,0.000000,0.000000
9.866579,1765348278.231023,1765348209,0.128707,0.000519,0.000000,0.000000,0.000000,0.000000,0.000000,0.000000
9.886644,1765348278.251115,1765348209,0.128707,0.000519,0.000000,0.000000,0.000000,0.000000,0.000000,0.000000
9.906650,1765348278.271122,1765348209,0.128707,0.000519,0.000000,-0.000542,0.000000,0.000000,0.000000,-0.344366
9.926666,1765348278.291141,1765348209,0.128707,0.000519,0.000000,0.000000,0.000000,0.000000,0.000000,-0.344366
9.946674,1765348278.311150,1765348209,0.128707,0.000519,0.000000,0.000000,0.000000,0.000000,0.000000,0.000000
9.966692,1765348278.331174,1765348209,0.128707,0.000519,0.000000,-0.000944,0.000000,0.000000,0.000000,0.000000
9.986699,1765348278.351180,1765348209,0.128707,0.000519,0.000000,0.000000,0.000000,0.000000,0.000000,0.000000
10.006707,1765348278.371188,1765348209,0.128707,0.000519,0.000000,0.000000,0.000000,0.000000,0.000000,-0.344366
10.026714,1765348278.391195,1765348209,0.128707,0.000519,0.000000,0.000000,0.000000,0.000000,0.000000,-0.344366
10.046707,1765348278.411208,1765348209,0.128707,0.000519,0.000000,0.000000,0.000000,0.000000,0.000000,0.000000
10.066696,1765348278.431173,1765348209,0.128707,0.000522,0.000000,0.000006,0.000000,0.000000,0.000000,-0.344366
10.086727,1765348278.451215,1765348209,0.128707,0.000519,0.000000,0.000000,0.000000,0.000000,0.000000,0.000000
10.106698,1765348278.471177,1765348209,0.128707,0.000519,0.000000,0.000000,0.000000,0.000000,0.000000,0.344366
10.126815,1765348278.491364,1765348209,0.128707,0.000519,0.000000,-0.000946,0.000000,0.000000,0.000000,0.000000
10.146826,1765348278.511379,1765348209,0.128707,0.000519,0.000000,0.000000,0.000000,0.000000,0.000000,-0.344366
10.166836,1765348278.531384,1765348209,0.128707,0.000519,0.000000,-0.000869,0.000000,0.000000,0.000000,0.000000
10.186825,1765348278.551368,1765348209,0.128707,0.000519,0.000000,0.000000,0.000000,0.000000,0.000000,-0.344366
10.206818,1765348278.571347,1765348209,0.128707,0.000522,0.000000,0.000940,0.000000,0.000000,0.000000,0.000000
10.226828,1765348278.591355,1765348209,0.128707,0.000519,0.000000,0.000000,0.000000,0.000000,0.000000,0.000000
10.246791,1765348278.611263,1765348209,0.128707,0.000519,0.000000,-0.000039,0.000000,0.000000,0.000000,0.000000
10.266787,1765348278.631259,1765348209,0.128707,0.000522,0.000000,0.000907,0.000000,0.000000,0.000000,0.000000
10.286730,1765348278.651165,1765348209,0.128707,0.000519,0.000000,-0.000946,0.000000,0.000000,0.000000,-0.344366
10.306730,1765348278.671165,1765348209,0.128707,0.000522,0.000000,0.000945,0.000000,0.000000,0.000000,0.000000
10.326760,1765348278.691208,1765348209,0.128707,0.000519,0.000000,0.000000,0.000000,0.000000,0.000000,0.000000
10.346825,1765348278.711330,1765348209,0.128707,0.000519,0.000000,-0.000002,0.000000,0.000000,0.000000,0.000000
10.366833,1765348278.731338,1765348209,0.128707,0.000519,0.000000,-0.000446,0.000000,0.000000,0.000000,0.000000
10.386889,1765348278.751381,1765348209,0.128707,0.000519,0.000000,0.000000,0.000000,0.000000,0.000000,-0.344366
10.406891,1765348278.771382,1765348209,0.128707,0.000522,0.000000,0.000806,0.000000,0.000000,0.000000,0.000000
10.426900,1765348278.791389,1765348209,0.128707,0.000519,0.000000,0.000000,0.000000,0.000000,0.000000,0.000000
10.446958,1765348278.811478,1765348209,0.128707,0.000519,0.000000,0.000000,0.000000,0.000000,0.000000,0.344366
10.466979,1765348278.831501,1765348209,0.128707,0.000519,0.000000,0.000137,0.000000,0.000000,0.000000,0.000000
10.486947,1765348278.851454,1765348209,0.128707,0.000519,0.000000,-0.000011,0.000000,0.000000,0.000000,0.000000
10.506957,1765348278.871453,1765348209,0.128707,0.000519,0.000000,0.000000,0.000000,0.000000,0.000000,0.000000
10.526968,1765348278.891464,1765348209,0.128707,0.000519,0.000000,-0.000872,0.000000,0.000000,0.000000,-0.344366
10.546832,1765348278.911272,1765348209,0.128707,0.000519,0.000000,-0.000259,0.000000,0.000000,0.000000,-0.344366
10.566848,1765348278.931296,1765348209,0.128707,0.000519,0.000000,0.000000,0.000000,0.000000,0.000000,0.000000
10.586908,1765348278.951375,1765348209,0.128707,0.000519,0.000000,-0.000036,0.000000,0.000000,0.000000,0.000000
10.606917,1765348278.971388,1765348209,0.128707,0.000519,0.000000,0.000000,0.000000,0.000000,0.000000,0.000000
10.626881,1765348278.991332,1765348209,0.128707,0.000522,0.000000,0.000360,0.000000,0.000000,0.000000,0.000000
10.646867,1765348279.011310,1765348209,0.128707,0.000519,0.000000,0.000000,0.000000,0.000000,0.000000,0.000000
10.666870,1765348279.031314,1765348209,0.128707,0.000519,0.000000,0.000000,0.000000,0.000000,0.000000,-0.344366
10.686887,1765348279.051336,1765348209,0.128707,0.000519,0.000000,0.000000,0.000000,0.000000,0.000000,0.344366
10.706912,1765348279.071371,1765348209,0.128707,0.000519,0.000000,-0.000000,0.000000,0.000000,0.000000,0.000000
10.726944,1765348279.091414,1765348209,0.128707,0.000519,0.000000,0.000000,0.000000,0.000000,0.000000,0.000000
10.746971,1765348279.111454,1765348209,0.128707,0.000519,0.000000,0.000000,0.000000,0.000000,0.000000,-0.344366
10.766994,1765348279.131483,1765348209,0.128707,0.000519,0.000000,0.000000,0.000000,0.000000,-0.344366,0.000000
10.786932,1765348279.151392,1765348209,0.128707,0.000519,0.000000,0.000000,0.000000,0.000000,0.000000,0.000000
10.807019,1765348279.171514,1765348209,0.128707,0.000519,0.000000,0.000000,0.000000,0.000000,0.000000,0.000000
10.827064,1765348279.191587,1765348209,0.128707,0.000519,0.000000,0.000000,0.000000,0.000000,0.000000,0.344366
10.847014,1765348279.211450,1765348209,0.128707,0.000522,0.000000,0.000946,0.000000,0.000000,0.000000,0.000000
10.867035,1765348279.231478,1765348209,0.128707,0.000519,0.000000,0.000000,0.000000,0.000000,-0.344366,-0.344366
10.887087,1765348279.251558,1765348209,0.128707,0.000519,0.000000,0.000000,0.000000,0.000000,0.000000,0.000000
10.907113,1765348279.271594,1765348209,0.128707,0.000519,0.000000,0.000000,0.000000,0.000000,0.000000,0.000000
10.927136,1765348279.291624,1765348209,0.128707,0.000519,0.000000,0.000001,0.000000,0.000000,0.000000,-0.344366
10.947155,1765348279.311651,1765348209,0.128707,0.000522,0.000000,0.000943,0.000000,0.000000,0.000000,0.000000
10.967165,1765348279.331660,1765348209,0.128707,0.000519,0.000000,-0.000003,0.000000,0.000000,0.000000,0.000000
10.987176,1765348279.351671,1765348209,0.128707,0.000519,0.000000,0.000000,0.000000,0.000000,0.000000,0.000000
11.007183,1765348279.371678,1765348209,0.128707,0.000519,0.000000,-0.000935,0.000000,0.000000,0.000000,0.344366
11.027287,1765348279.391783,1765348209,0.128707,0.000519,0.000000,0.000010,0.000000,0.000000,0.000000,-0.344366
11.047254,1765348279.411757,1765348209,0.128707,0.000522,0.000000,0.000946,0.000000,0.000000,0.000000,0.000000
11.067229,1765348279.431691,1765348209,0.128707,0.000519,0.000000,0.000000,0.000000,0.000000,0.000000,0.000000
11.087268,1765348279.451744,1765348209,0.128707,0.000519,0.000000,-0.000426,0.000000,0.000000,0.000000,-0.344366
11.107285,1765348279.471766,1765348209,0.128707,0.000519,0.000000,0.000000,0.000000,0.000000,0.000000,0.000000
11.127309,1765348279.491798,1765348209,0.128707,0.000519,0.000000,0.000000,0.000000,0.000000,0.000000,0.000000
11.147367,1765348279.511887,1765348209,0.128707,0.000519,0.000000,0.000000,0.000000,0.000000,0.000000,-1.033098
11.167378,1765348279.531897,1765348209,0.128707,0.000519,0.000000,-0.000006,0.000000,0.000000,0.000000,0.000000
11.187368,1765348279.551873,1765348209,0.128707,0.000519,0.000000,0.000000,0.000000,0.000000,0.000000,-0.344366
11.207360,1765348279.571855,1765348209,0.128707,0.000519,0.000000,0.000000,0.000000,0.000000,0.000000,0.000000
11.227370,1765348279.591866,1765348209,0.128707,0.000519,0.000000,-0.000000,0.000000,0.000000,0.000000,0.000000
11.247292,1765348279.611742,1765348209,0.128707,0.000519,0.000000,-0.000002,0.000000,0.000000,0.000000,0.000000
11.267269,1765348279.631707,1765348209,0.128707,0.000522,0.000000,0.000872,0.000000,0.000000,0.000000,0.000000
11.287285,1765348279.651728,1765348209,0.128707,0.000519,0.000000,0.000000,0.000000,0.000000,0.000000,0.000000
11.307304,1765348279.671755,1765348209,0.128707,0.000519,0.000000,0.000000,0.000000,0.000000,0.000000,0.000000
11.327331,1765348279.691795,1765348209,0.128707,0.000519,0.000000,0.000000,0.000000,0.000000,0.000000,0.344366
11.347311,1765348279.711768,1765348209,0.128707,0.000519,0.000000,0.000000,0.000000,0.000000,0.000000,0.000000
11.367412,1765348279.731901,1765348209,0.128707,0.000519,0.000000,0.000000,0.000000,0.000000,-0.344366,0.000000
11.387417,1765348279.751905,1765348209,0.128707,0.000519,0.000000,0.000000,0.000000,0.000000,0.000000,0.000000
11.407438,1765348279.771934,1765348209,0.128707,0.000519,0.000000,0.000000,0.000000,0.000000,0.000000,0.344366
11.427445,1765348279.791941,1765348209,0.128707,0.000519,0.000000,0.000011,0.000000,0.000000,0.000000,0.344366
11.447448,1765348279.811937,1765348209,0.128707,0.000519,0.000000,0.000000,0.000000,0.000000,0.000000,-0.344366
11.467385,1765348279.831856,1765348209,0.128707,0.000519,0.000000,0.000000,0.000000,0.000000,0.000000,0.000000
11.487394,1765348279.851864,1765348209,0.128707,0.000519,0.000000,0.000000,0.000000,0.000000,0.000000,-0.344366
11.507520,1765348279.872039,1765348209,0.128707,0.000519,0.000000,0.000000,0.000000,0.000000,0.000000,0.000000
11.527531,1765348279.892050,1765348209,0.128707,0.000519,0.000000,0.000000,0.000000,0.000000,0.000000,0.000000
11.547451,1765348279.911921,1765348209,0.128707,0.000519,0.000000,-0.000945,0.000000,0.000000,0.000000,0.000000
11.567391,1765348279.931826,1765348209,0.128707,0.000519,0.000000,0.000000,0.000000,0.000000,0.000000,-0.344366
11.587392,1765348279.951827,1765348209,0.128707,0.000519,0.000000,0.000074,0.000000,0.000000,0.000000,0.000000
11.607428,1765348279.971882,1765348209,0.128707,0.000519,0.000000,0.000000,0.000000,0.000000,0.000000,-0.344366
11.627399,1765348279.991836,1765348209,0.128707,0.000522,0.000000,0.000682,0.000000,0.000000,0.000000,-0.344366
11.647399,1765348280.011833,1765348209,0.128707,0.000519,0.000000,0.000000,0.000000,0.000000,0.000000,-0.344366
11.667436,1765348280.031889,1765348209,0.128707,0.000519,0.000000,0.000000,0.000000,0.000000,0.000000,-0.344366
11.687457,1765348280.051919,1765348209,0.128707,0.000519,0.000000,0.000010,0.000000,0.000000,0.000000,0.000000
11.707488,1765348280.071963,1765348209,0.128707,0.000519,0.000000,0.000000,0.000000,0.000000,0.688732,0.000000
11.727505,1765348280.091988,1765348209,0.128707,0.000519,0.000000,0.000000,0.000000,0.000000,-0.344366,0.000000
11.747529,1765348280.112017,1765348209,0.128707,0.000519,0.000000,0.000000,0.000000,0.000000,0.000000,0.000000
11.767537,1765348280.132026,1765348209,0.128707,0.000519,0.000000,0.000000,0.000000,0.000000,0.000000,-0.688732
11.787545,1765348280.152034,1765348209,0.128707,0.000519,0.000000,0.000000,0.000000,0.000000,0.000000,0.000000
11.807555,1765348280.172044,1765348209,0.128707,0.000519,0.000000,0.000000,0.000000,0.000000,0.000000,0.000000
11.827458,1765348280.191894,1765348209,0.128707,0.000519,0.000000,0.000000,0.000000,0.000000,0.000000,-0.344366
11.847521,1765348280.211994,1765348209,0.128707,0.000519,0.000000,0.000000,0.000000,0.000000,0.000000,0.000000
11.867495,1765348280.231950,1765348209,0.128707,0.000522,0.000000,0.000872,0.000000,0.000000,0.000000,0.000000
11.887521,1765348280.251990,1765348209,0.128707,0.000522,0.000000,0.000806,0.000000,0.000000,0.000000,0.000000
11.907502,1765348280.271965,1765348209,0.128707,0.000522,0.000000,0.000806,0.000000,0.000000,0.000000,0.000000
11.927509,1765348280.291973,1765348209,0.128707,0.000519,0.000000,-0.000039,0.000000,0.000000,0.000000,0.000000
11.947513,1765348280.311972,1765348209,0.128707,0.000519,0.000000,-0.000500,0.000000,0.000000,0.000000,0.000000
11.967519,1765348280.331978,1765348209,0.128707,0.000519,0.000000,0.000000,0.000000,0.000000,0.000000,0.000000
11.987525,1765348280.351984,1765348209,0.128707,0.000519,0.000000,0.000000,0.000000,0.000000,0.000000,-0.344366
12.007706,1765348280.372265,1765348209,0.128707,0.000519,0.000000,0.000000,0.000000,0.000000,0.000000,0.000000
12.027674,1765348280.392194,1765348209,0.128707,0.000519,0.000000,0.000000,0.000000,0.000000,0.000000,0.000000
12.047548,1765348280.411984,1765348209,0.128707,0.000519,0.000000,0.000000,0.000000,0.000000,0.000000,0.000000
12.067612,1765348280.432058,1765348209,0.128707,0.000519,0.000000,0.000000,0.000000,0.000000,0.000000,0.000000
12.087636,1765348280.452092,1765348209,0.128707,0.000519,0.000000,0.000000,0.000000,0.000000,0.000000,0.344366
12.107653,1765348280.472117,1765348209,0.128707,0.000519,0.000000,0.000000,0.000000,0.000000,0.000000,0.344366
12.127680,1765348280.492155,1765348209,0.128707,0.000519,0.000000,0.000000,0.000000,0.000000,0.000000,-0.344366
12.147712,1765348280.512202,1765348209,0.128707,0.000519,0.000000,-0.000005,0.000000,0.000000,0.000000,0.000000
12.167721,1765348280.532208,1765348209,0.128707,0.000519,0.000000,0.000000,0.000000,0.000000,0.000000,0.000000
12.187669,1765348280.552140,1765348209,0.128707,0.000519,0.000000,0.000000,0.000000,0.000000,0.000000,-0.344366
12.207697,1765348280.572175,1765348209,0.128707,0.000519,0.000000,0.000000,0.000000,0.000000,0.000000,0.000000
12.227696,1765348280.592164,1765348209,0.128707,0.000519,0.000000,0.000000,0.000000,0.000000,0.000000,0.000000
12.247692,1765348280.612150,1765348209,0.128707,0.000519,0.000000,-0.000872,0.000000,0.000000,0.000000,-0.344366
12.267694,1765348280.632149,1765348209,0.128707,0.000519,0.000000,0.000000,0.000000,0.000000,0.000000,0.000000
12.287743,1765348280.652220,1765348209,0.128707,0.000519,0.000000,0.000446,0.000000,0.000000,0.000000,0.000000
12.307725,1765348280.672180,1765348209,0.128707,0.000519,0.000000,0.000000,0.000000,0.000000,0.000000,0.000000
12.327716,1765348280.692166,1765348209,0.128707,0.000519,0.000000,0.000000,0.000000,0.000000,-0.344366,0.344366
12.347744,1765348280.712208,1765348209,0.128707,0.000519,0.000000,0.000000,0.000000,0.000000,0.000000,0.000000
12.367736,1765348280.732198,1765348209,0.128707,0.000519,0.000000,-0.000943,0.000000,0.000000,0.000000,0.000000
12.387768,1765348280.752244,1765348209,0.128707,0.000519,0.000000,0.000000,0.000000,0.000000,0.000000,0.000000
12.407785,1765348280.772266,1765348209,0.128707,0.000519,0.000000,0.000000,0.000000,0.000000,0.000000,0.000000
12.427736,1765348280.792202,1765348209,0.128707,0.000519,0.000000,-0.000072,0.000000,0.000000,0.000000,0.344366
12.447759,1765348280.812236,1765348209,0.128707,0.000519,0.000000,0.000000,0.000000,0.000000,0.000000,0.000000
12.467759,1765348280.832229,1765348209,0.128707,0.000519,0.000000,0.000137,0.000000,0.000000,-0.344366,0.000000
12.487805,1765348280.852275,1765348209,0.128707,0.000519,0.000000,0.000000,0.000000,0.000000,0.000000,0.344366
12.507861,1765348280.872332,1765348209,0.128707,0.000519,0.000000,0.000000,0.000000,0.000000,0.000000,-0.344366
12.527848,1765348280.892321,1765348209,0.128707,0.000519,0.000000,0.000000,0.000000,0.000000,0.000000,0.000000
12.547848,1765348280.912308,1765348209,0.128707,0.000519,0.000000,0.000000,0.000000,0.000000,0.000000,0.344366
12.567846,1765348280.932290,1765348209,0.128707,0.000519,0.000000,0.000000,0.000000,0.000000,0.000000,0.000000
12.587909,1765348280.952373,1765348209,0.128707,0.000519,0.000000,0.000000,0.000000,0.000000,-0.344366,0.000000
12.607912,1765348280.972379,1765348209,0.128707,0.000519,0.000000,0.000000,0.000000,0.000000,0.000000,-0.344366
12.628063,1765348280.992640,1765348209,0.128707,0.000519,0.000000,-0.000000,0.000000,0.000000,0.000000,0.000000
12.647847,1765348281.012284,1765348209,0.128707,0.000522,0.000000,0.000872,0.000000,0.000000,0.688732,0.000000
12.667891,1765348281.032343,1765348209,0.128707,0.000519,0.000000,-0.000946,0.000000,0.000000,0.000000,0.000000
12.687946,1765348281.052416,1765348209,0.128703,0.000519,-0.000011,0.000000,0.000000,0.000000,0.000000,0.000000
12.707956,1765348281.072430,1765348209,0.128707,0.000519,0.000000,0.000000,0.000000,0.000000,-0.344366,0.344366
12.727973,1765348281.092453,1765348209,0.128707,0.000519,-0.000682,0.000000,0.000000,0.000000,0.000000,0.000000
12.747981,1765348281.112462,1765348209,0.128707,0.000519,0.000000,0.000000,0.000000,0.000000,0.000000,0.344366
12.767988,1765348281.132469,1765348209,0.128707,0.000519,0.000000,-0.000010,0.000000,0.000000,0.000000,-0.344366
12.787996,1765348281.152478,1765348209,0.128707,0.000519,0.000000,0.000000,0.000000,0.000000,0.000000,0.000000
12.808003,1765348281.172484,1765348209,0.128707,0.000519,0.000000,0.000000,0.000000,0.000000,0.000000,0.000000
12.827930,1765348281.192371,1765348209,0.128707,0.000519,0.000000,0.000000,0.000000,0.000000,0.000000,-0.344366
12.847962,1765348281.212427,1765348209,0.128707,0.000519,0.000000,0.000000,0.000000,0.000000,0.000000,0.000000
12.867969,1765348281.232424,1765348209,0.128707,0.000519,0.000000,0.000446,0.000000,0.000000,0.000000,-0.344366
12.888006,1765348281.252476,1765348209,0.128707,0.000519,0.000000,-0.000019,0.000000,0.000000,0.000000,0.344366
12.908169,1765348281.272674,1765348209,0.128703,0.000519,-0.000945,0.000000,0.000000,0.000000,-0.344366,0.000000
12.928201,1765348281.292722,1765348209,0.128707,0.000519,0.000000,0.000000,0.000000,0.000000,0.000000,0.000000
12.948190,1765348281.312696,1765348209,0.128707,0.000519,0.000000,0.000000,0.000000,0.000000,0.000000,0.000000
12.968200,1765348281.332708,1765348209,0.128707,0.000519,0.000943,0.000000,0.000000,0.000000,0.000000,-0.344366
12.988194,1765348281.352691,1765348209,0.128707,0.000519,0.000000,0.000000,0.000000,0.000000,0.000000,0.000000
13.008244,1765348281.372765,1765348209,0.128707,0.000519,0.000000,0.000000,0.000000,0.000000,0.000000,0.000000
13.028351,1765348281.392869,1765348209,0.128707,0.000519,0.000000,0.000000,0.000000,0.000000,0.000000,0.000000
13.048285,1765348281.412787,1765348209,0.128707,0.000519,0.000000,0.000000,0.000000,0.000000,0.000000,0.344366
13.068244,1765348281.432694,1765348209,0.128707,0.000519,0.000000,0.000000,0.000000,0.000000,-0.344366,0.000000
13.088268,1765348281.452729,1765348209,0.128703,0.000519,-0.000500,0.000000,0.000000,0.000000,0.000000,0.000000
13.108291,1765348281.472762,1765348209,0.128707,0.000519,0.000000,0.000000,0.000000,0.000000,0.000000,0.000000
13.128382,1765348281.492903,1765348209,0.128707,0.000519,0.000920,-0.000140,0.000000,0.000000,0.000000,-0.344366
13.148372,1765348281.512878,1765348209,0.128707,0.000519,0.000000,0.000000,0.000000,0.000000,0.000000,0.000000
13.168382,1765348281.532888,1765348209,0.128707,0.000519,0.000000,-0.000872,0.000000,0.000000,0.000000,0.000000
13.188415,1765348281.552935,1765348209,0.128707,0.000519,0.000000,-0.000923,0.000000,0.000000,0.000000,-0.344366
13.208337,1765348281.572784,1765348209,0.128707,0.000519,0.000000,0.000000,0.000000,0.000000,0.000000,0.000000
13.228344,1765348281.592792,1765348209,0.128707,0.000519,-0.000372,0.000000,0.000000,0.000000,0.000000,0.000000
13.248375,1765348281.612850,1765348209,0.128707,0.000519,0.000000,0.000000,0.000000,0.000000,0.000000,-0.344366
13.268347,1765348281.632793,1765348209,0.128703,0.000519,-0.000000,0.000000,0.000000,0.000000,0.000000,0.344366
13.288357,1765348281.652801,1765348209,0.128707,0.000519,0.000000,0.000000,0.000000,0.000000,-0.344366,0.344366
13.308379,1765348281.672835,1765348209,0.128707,0.000519,0.000000,0.000000,0.000000,0.000000,0.000000,0.344366
13.328352,1765348281.692795,1765348209,0.128707,0.000519,0.000000,0.000000,0.000000,0.000000,0.000000,-0.344366
13.348408,1765348281.712876,1765348209,0.128707,0.000519,0.000000,0.000000,0.000000,0.000000,0.000000,0.000000
13.368428,1765348281.732903,1765348209,0.128707,0.000519,0.000006,0.000000,0.000000,0.000000,0.000000,0.000000
13.388515,1765348281.753035,1765348209,0.128707,0.000519,0.000000,0.000000,0.000000,0.000000,0.000000,0.000000
13.408502,1765348281.773008,1765348209,0.128707,0.000519,0.000000,0.000000,0.000000,0.000000,0.000000,0.000000
13.428485,1765348281.792973,1765348209,0.128707,0.000519,0.000000,0.000000,0.000000,0.000000,0.000000,-0.344366
13.448521,1765348281.813027,1765348209,0.128707,0.000522,0.000000,0.000925,0.000000,0.000000,0.000000,-0.344366
13.468515,1765348281.833010,1765348209,0.128707,0.000519,0.000011,0.000000,0.000000,0.000000,0.000000,0.000000
13.488458,1765348281.852937,1765348209,0.128707,0.000519,0.000074,0.000000,0.000000,0.000000,0.000000,-0.344366
13.508571,1765348281.873090,1765348209,0.128707,0.000519,0.000000,0.000000,0.000000,0.000000,0.000000,0.344366
13.528560,1765348281.893064,1765348209,0.128707,0.000519,-0.000446,0.000000,0.000000,0.000000,0.000000,0.000000
13.548500,1765348281.912969,1765348209,0.128707,0.000519,0.000000,0.000000,0.000000,0.000000,0.000000,-0.344366
13.568475,1765348281.932927,1765348209,0.128707,0.000519,0.000000,0.000000,0.000000,0.000000,0.000000,-0.344366
13.588490,1765348281.952949,1765348209,0.128703,0.000522,-0.000907,0.000940,0.000000,0.000000,0.000000,0.000000
13.608538,1765348281.973018,1765348209,0.128707,0.000519,0.000000,0.000000,0.000000,0.000000,0.000000,-0.344366
13.628654,1765348281.993215,1765348209,0.128707,0.000519,0.000000,0.000000,0.000000,0.000000,0.000000,0.000000
13.648492,1765348282.012943,1765348209,0.128707,0.000519,0.000944,0.000000,0.000000,0.000000,0.000000,0.000000
13.668493,1765348282.032943,1765348209,0.128707,0.000519,0.000943,-0.000682,0.000000,0.000000,0.000000,0.000000
13.688513,1765348282.052972,1765348209,0.128707,0.000519,0.000944,0.000000,0.000000,0.000000,0.000000,-0.344366
13.708533,1765348282.073000,1765348209,0.128707,0.000519,0.000000,0.000000,0.000000,0.000000,0.000000,0.000000
13.728554,1765348282.093030,1765348209,0.128703,0.000519,-0.000940,0.000000,0.000000,0.000000,0.000000,-0.344366
13.748560,1765348282.113035,1765348209,0.128707,0.000519,0.000000,0.000000,0.000000,0.000000,0.000000,0.000000
13.768565,1765348282.133040,1765348209,0.128703,0.000522,-0.000940,0.000074,0.000000,0.000000,0.000000,0.344366
13.788562,1765348282.153033,1765348209,0.128703,0.000519,0.000000,0.000000,0.000000,0.000000,0.000000,0.000000
13.808569,1765348282.173040,1765348209,0.128703,0.000519,-0.000872,0.000000,0.000000,0.000000,0.000000,0.000000
13.828505,1765348282.192941,1765348209,0.128703,0.000519,-0.000265,0.000000,0.000000,0.000000,0.000000,0.000000
13.848697,1765348282.213137,1765348209,0.128703,0.000519,-0.000500,0.000000,0.000000,0.000000,0.000000,-0.344366
13.868730,1765348282.233188,1765348209,0.128703,0.000519,0.000000,0.000000,0.000000,0.000000,0.000000,0.000000
13.888760,1765348282.253231,1765348209,0.128703,0.000519,0.000000,0.000000,0.000000,0.000000,0.000000,1.721829
13.908775,1765348282.273250,1765348209,0.128707,0.000519,0.000000,0.000000,0.000000,0.000000,0.000000,0.000000
13.928783,1765348282.293261,1765348209,0.128707,0.000519,0.000000,0.000000,0.000000,0.000000,0.000000,-0.344366
13.948892,1765348282.313414,1765348209,0.128703,0.000519,-0.000945,0.000000,0.000000,0.000000,0.000000,0.344366
13.968915,1765348282.333435,1765348209,0.128703,0.000519,0.000000,-0.000682,0.000000,0.000000,0.000000,0.000000
13.988902,1765348282.353411,1765348209,0.128707,0.000519,0.000935,0.000000,0.000000,0.000000,0.000000,0.000000
14.008792,1765348282.373270,1765348209,0.128703,0.000519,0.000444,0.000000,0.000000,0.000000,0.000000,0.000000
14.028920,1765348282.393427,1765348209,0.128707,0.000519,-0.000795,0.000000,0.000000,0.000000,-0.344366,0.000000
14.048830,1765348282.413270,1765348209,0.128703,0.000519,0.000000,0.000000,0.000000,0.000000,0.000000,0.000000
14.068774,1765348282.433214,1765348209,0.128707,0.000519,0.000074,0.000000,0.000000,0.000000,0.000000,0.000000
14.088799,1765348282.453243,1765348209,0.128707,0.000519,0.000000,0.000000,0.000000,0.000000,0.000000,-0.344366
14.108806,1765348282.473254,1765348209,0.128707,0.000519,0.000945,0.000000,0.000000,0.000000,0.000000,0.000000
14.128818,1765348282.493269,1765348209,0.128707,0.000519,0.000000,0.000000,0.000000,0.000000,0.000000,0.000000
14.148823,1765348282.513273,1765348209,0.128703,0.000519,-0.000021,0.000000,0.000000,0.000000,0.000000,0.000000
14.168964,1765348282.533470,1765348209,0.128703,0.000519,0.000000,0.000000,0.000000,0.000000,0.000000,0.344366
14.188994,1765348282.553500,1765348209,0.128703,0.000519,0.000000,-0.000671,0.000000,0.000000,0.000000,0.000000
14.208976,1765348282.573472,1765348209,0.128707,0.000519,0.000946,-0.000681,0.000000,0.000000,0.000000,0.000000
14.228987,1765348282.593483,1765348209,0.128703,0.000519,0.000000,0.000000,0.000000,0.000000,0.000000,-0.344366
14.248867,1765348282.613307,1765348209,0.128703,0.000519,0.000000,0.000000,0.000000,0.000000,0.000000,0.000000
14.268878,1765348282.633332,1765348209,0.128703,0.000519,0.000000,-0.000006,0.000000,0.000000,0.000000,-0.344366
14.288861,1765348282.653296,1765348209,0.128707,0.000519,0.000872,0.000000,0.000000,0.000000,0.000000,0.000000
14.308899,1765348282.673349,1765348209,0.128703,0.000519,0.000000,0.000000,0.000000,0.000000,0.000000,0.000000
14.328878,1765348282.693321,1765348209,0.128703,0.000519,-0.000000,0.000000,0.000000,0.000000,0.000000,0.000000
14.348885,1765348282.713331,1765348209,0.128703,0.000519,0.000000,-0.000006,0.000000,0.000000,0.000000,-0.344366
14.368890,1765348282.733340,1765348209,0.128707,0.000519,0.000940,0.000000,0.000000,0.000000,0.000000,0.000000
14.388896,1765348282.753346,1765348209,0.128703,0.000519,-0.000006,0.000000,0.000000,0.000000,0.000000,0.000000
14.408901,1765348282.773365,1765348209,0.128703,0.000519,-0.000001,0.000000,0.000000,0.000000,0.000000,0.000000
14.428989,1765348282.793478,1765348209,0.128703,0.000519,0.000000,0.000000,0.000000,0.000000,0.000000,-0.344366
14.448998,1765348282.813486,1765348209,0.128703,0.000519,0.000000,0.000000,0.000000,0.000000,0.000000,0.000000
14.468930,1765348282.833396,1765348209,0.128707,0.000519,0.000140,0.000000,0.000000,0.000000,0.000000,-0.344366
14.488929,1765348282.853389,1765348209,0.128703,0.000519,-0.000002,0.000000,0.000000,0.000000,0.000000,0.000000
14.508929,1765348282.873385,1765348209,0.128703,0.000519,0.000000,0.000000,0.000000,0.000000,0.000000,0.344366
14.529026,1765348282.893522,1765348209,0.128703,0.000519,0.000000,0.000000,0.000000,0.000000,0.000000,-0.344366
14.548968,1765348282.913447,1765348209,0.128703,0.000519,0.000000,-0.000000,0.000000,0.000000,0.000000,-0.344366
14.568943,1765348282.933386,1765348209,0.128703,0.000519,0.000000,-0.000946,0.000000,0.000000,0.000000,0.000000
14.588941,1765348282.953386,1765348209,0.128703,0.000519,0.000000,0.000001,0.000000,0.000000,0.000000,-0.344366
14.608961,1765348282.973413,1765348209,0.128707,0.000519,0.000907,0.000000,0.000000,0.000000,0.000000,0.344366
14.628952,1765348282.993393,1765348209,0.128703,0.000519,-0.000011,0.000001,0.000000,0.000000,0.000000,0.000000
14.648960,1765348283.013402,1765348209,0.128703,0.000519,0.000000,0.000000,0.000000,0.000000,0.000000,-0.344366
14.669023,1765348283.033498,1765348209,0.128703,0.000519,0.000000,0.000000,0.000000,0.000000,0.000000,0.000000
14.689030,1765348283.053506,1765348209,0.128703,0.000519,0.000000,0.000000,0.000000,0.000000,0.000000,-0.344366
14.709347,1765348283.073878,1765348209,0.128703,0.000519,0.000000,0.000000,0.000000,0.000000,0.000000,-0.344366
14.729175,1765348283.093695,1765348209,0.128703,0.000519,0.000000,-0.000000,0.000000,0.000000,0.000000,0.000000
14.749186,1765348283.113707,1765348209,0.128703,0.000519,0.000000,-0.000003,0.000000,0.000000,0.000000,-0.344366
14.769176,1765348283.133683,1765348209,0.128703,0.000519,0.000000,-0.000140,0.000000,0.000000,0.000000,0.344366
14.789169,1765348283.153666,1765348209,0.128703,0.000519,0.000000,0.000000,0.000000,0.000000,0.000000,0.000000
14.809180,1765348283.173675,1765348209,0.128703,0.000519,0.000000,0.000000,0.000000,0.000000,0.000000,0.000000
14.829203,1765348283.193714,1765348209,0.128703,0.000519,0.000000,0.000000,0.000000,0.000000,0.000000,0.000000
14.849076,1765348283.213511,1765348209,0.128703,0.000519,0.000000,0.000000,0.000000,0.000000,0.000000,-0.344366
14.869080,1765348283.233518,1765348209,0.128703,0.000519,0.000000,-0.000001,0.000000,0.000000,0.000000,0.000000
14.889164,1765348283.253645,1765348209,0.128703,0.000519,0.000000,-0.000946,0.000000,0.000000,0.000000,0.344366
14.909191,1765348283.273679,1765348209,0.128703,0.000519,0.000000,0.000000,0.000000,0.000000,0.000000,-0.344366
14.929200,1765348283.293688,1765348209,0.128703,0.000519,0.000000,0.000000,0.000000,0.000000,0.000000,0.000000
14.949221,1765348283.313716,1765348209,0.128703,0.000519,0.000000,0.000000,0.000000,0.000000,0.000000,0.000000
14.969219,1765348283.333708,1765348209,0.128703,0.000519,0.000000,0.000000,0.000000,0.000000,0.000000,-0.344366
14.989239,1765348283.353735,1765348209,0.128703,0.000519,0.000000,0.000000,0.000000,0.000000,0.000000,0.000000
15.009248,1765348283.373745,1765348209,0.128703,0.000519,0.000000,0.000000,0.000000,0.000000,0.000000,0.000000
15.029258,1765348283.393754,1765348209,0.128703,0.000519,0.000000,0.000000,0.000000,0.000000,0.000000,-0.344366
15.049307,1765348283.413827,1765348209,0.128703,0.000519,0.000000,0.000000,0.000000,0.000000,0.000000,0.000000
15.069165,1765348283.433606,1765348209,0.128703,0.000519,0.000000,0.000000,0.000000,0.000000,0.000000,0.000000
15.089250,1765348283.453731,1765348209,0.128703,0.000519,0.000000,0.000000,0.000000,0.000000,0.000000,-0.344366
15.109274,1765348283.473763,1765348209,0.128703,0.000519,0.000000,0.000000,0.000000,0.000000,0.000000,0.000000
15.129293,1765348283.493789,1765348209,0.128703,0.000519,0.000000,0.000000,0.000000,0.000000,0.000000,0.000000
15.149302,1765348283.513798,1765348209,0.128703,0.000519,0.000000,0.000000,0.000000,0.000000,0.000000,0.000000
15.169300,1765348283.533788,1765348209,0.128703,0.000519,0.000000,0.000000,0.000000,0.000000,0.000000,-0.344366
15.189246,1765348283.553715,1765348209,0.128703,0.000519,0.000000,0.000000,0.000000,0.000000,0.000000,0.000000
15.209368,1765348283.573888,1765348209,0.128703,0.000519,0.000000,-0.000935,0.000000,0.000000,0.000000,0.000000
15.229378,1765348283.593899,1765348209,0.128703,0.000519,0.000000,-0.000500,0.000000,0.000000,0.000000,0.000000
15.249257,1765348283.613696,1765348209,0.128703,0.000519,0.000000,0.000000,0.000000,0.000000,0.000000,0.000000
15.269264,1765348283.633709,1765348209,0.128703,0.000519,0.000000,0.000000,0.000000,0.000000,0.000000,0.344366
15.289260,1765348283.653702,1765348209,0.128703,0.000519,0.000000,0.000000,0.000000,0.000000,0.000000,0.000000
15.309277,1765348283.673728,1765348209,0.128703,0.000519,0.000000,0.000446,0.000000,0.000000,0.000000,0.000000
15.329326,1765348283.693801,1765348209,0.128703,0.000519,0.000000,0.000000,0.000000,0.000000,0.000000,-0.344366
15.349372,1765348283.713868,1765348209,0.128703,0.000519,0.000000,0.000000,0.000000,0.000000,0.000000,0.000000
15.369380,1765348283.733876,1765348209,0.128703,0.000519,0.000000,0.000000,0.000000,0.000000,0.000000,0.000000
15.389388,1765348283.753884,1765348209,0.128703,0.000519,0.000000,0.000000,0.000000,0.000000,0.000000,0.000000
15.409394,1765348283.773883,1765348209,0.128703,0.000519,0.000000,0.000000,0.000000,0.000000,0.000000,0.000000
15.429406,1765348283.793902,1765348209,0.128703,0.000519,0.000000,0.000000,0.000000,0.000000,0.000000,0.000000
15.449453,1765348283.813972,1765348209,0.128703,0.000519,0.000000,0.000000,0.000000,0.000000,0.000000,0.000000
15.469465,1765348283.833985,1765348209,0.128703,0.000519,0.000000,0.000000,0.000000,0.000000,0.000000,0.000000
15.489449,1765348283.853945,1765348209,0.128703,0.000519,0.000000,0.000000,0.000000,0.000000,0.000000,0.000000
15.509486,1765348283.874006,1765348209,0.128703,0.000519,0.000000,-0.000907,0.000000,0.000000,-0.344366,0.000000
15.529496,1765348283.894017,1765348209,0.128703,0.000519,0.000000,0.000000,0.000000,0.000000,0.000000,-0.344366
15.549381,1765348283.913840,1765348209,0.128703,0.000519,0.000000,0.000000,0.000000,0.000000,0.000000,-0.344366
15.569370,1765348283.933809,1765348209,0.128703,0.000519,0.000000,0.000000,0.000000,0.000000,-0.344366,0.000000
15.589392,1765348283.953844,1765348209,0.128703,0.000519,0.000000,0.000000,0.000000,0.000000,0.000000,-0.344366
15.609393,1765348283.973854,1765348209,0.128703,0.000519,0.000000,-0.000137,0.000000,0.000000,0.000000,-0.344366
15.629372,1765348283.993809,1765348209,0.128703,0.000519,0.000000,0.000000,0.000000,0.000000,0.000000,0.000000
15.649383,1765348284.013826,1765348209,0.128703,0.000522,0.000000,0.000499,0.000000,0.000000,0.000000,0.000000
15.669440,1765348284.033913,1765348209,0.128703,0.000522,0.000000,0.000946,0.000000,0.000000,0.000000,0.344366
15.689467,1765348284.053952,1765348209,0.128703,0.000519,0.000000,-0.000002,0.000000,0.000000,-0.344366,-0.344366
15.709496,1765348284.073994,1765348209,0.128703,0.000519,0.000000,0.000000,0.000000,0.000000,0.000000,0.000000
15.729502,1765348284.094002,1765348209,0.128703,0.000519,0.000000,0.000000,0.000000,0.000000,0.000000,-0.344366
15.749521,1765348284.114036,1765348209,0.128703,0.000519,0.000000,0.000000,0.000000,0.000000,0.000000,-0.344366
15.769493,1765348284.133991,1765348209,0.128703,0.000519,0.000000,0.000000,0.000000,0.000000,0.000000,0.000000
15.789501,1765348284.154000,1765348209,0.128703,0.000519,0.000000,0.000000,0.000000,0.000000,0.000000,0.000000
15.809525,1765348284.174036,1765348209,0.128703,0.000519,0.000000,0.000000,0.000000,0.000000,0.000000,-0.344366
15.829443,1765348284.193887,1765348209,0.128703,0.000519,0.000000,0.000000,0.000000,0.000000,0.000000,0.000000
15.849441,1765348284.213880,1765348209,0.128703,0.000519,0.000000,0.000000,0.000000,0.000000,0.000000,0.000000
15.869458,1765348284.233906,1765348209,0.128703,0.000519,0.000000,0.000000,0.000000,0.000000,0.000000,-0.344366
15.889480,1765348284.253939,1765348209,0.128703,0.000519,0.000000,0.000000,0.000000,0.000000,0.000000,-0.344366
15.909571,1765348284.274077,1765348209,0.128703,0.000519,0.000000,0.000000,0.000000,0.000000,0.000000,0.344366
15.929564,1765348284.294059,1765348209,0.128703,0.000519,0.000000,-0.000682,0.000000,0.000000,0.000000,0.000000
15.949544,1765348284.314025,1765348209,0.128703,0.000519,0.000000,-0.000943,0.000000,0.000000,0.000000,0.000000
15.969566,1765348284.334054,1765348209,0.128703,0.000519,0.000000,0.000000,0.000000,0.000000,0.000000,0.000000
15.989586,1765348284.354083,1765348209,0.128703,0.000519,0.000000,0.000000,0.000000,0.000000,0.000000,0.000000
16.009596,1765348284.374093,1765348209,0.128703,0.000519,0.000000,-0.000942,0.000000,0.000000,0.000000,0.000000
16.029604,1765348284.394100,1765348209,0.128703,0.000519,0.000000,0.000000,0.000000,0.000000,0.000000,0.000000
16.049603,1765348284.414117,1765348209,0.128703,0.000522,0.000000,0.000944,0.000000,0.000000,0.000000,0.000000
16.069535,1765348284.433987,1765348209,0.128703,0.000519,0.000000,0.000000,0.000000,0.000000,0.000000,-0.344366
16.089553,1765348284.454012,1765348209,0.128703,0.000519,0.000000,0.000000,0.000000,0.000000,0.000000,0.000000
16.109644,1765348284.474149,1765348209,0.128703,0.000519,0.000000,0.000000,0.000000,0.000000,0.000000,0.000000
16.129637,1765348284.494135,1765348209,0.128703,0.000519,0.000000,-0.000940,0.000000,0.000000,0.000000,0.000000
16.149662,1765348284.514167,1765348209,0.128703,0.000519,0.000000,-0.000000,0.000000,0.000000,0.000000,-0.344366
16.169693,1765348284.534213,1765348209,0.128703,0.000519,0.000000,0.000000,0.000000,0.000000,0.000000,-0.344366
16.189704,1765348284.554223,1765348209,0.128703,0.000519,0.000000,0.000000,0.000000,0.000000,0.000000,0.000000
16.209692,1765348284.574198,1765348209,0.128703,0.000519,0.000000,-0.000306,0.000000,0.000000,0.000000,-0.344366
16.229686,1765348284.594181,1765348209,0.128703,0.000519,0.000000,-0.000001,0.000000,0.000000,0.000000,0.000000
16.249592,1765348284.614031,1765348209,0.128703,0.000519,0.000000,0.000000,0.000000,0.000000,0.000000,0.000000
16.269683,1765348284.634179,1765348209,0.128703,0.000519,0.000000,-0.000872,0.000000,0.000000,0.000000,0.000000
16.289604,1765348284.654046,1765348209,0.128703,0.000519,0.000000,0.000000,0.000000,0.000000,0.000000,0.000000
16.309654,1765348284.674120,1765348209,0.128703,0.000519,0.000000,0.000000,0.000000,0.000000,0.000000,-0.344366
16.329677,1765348284.694155,1765348209,0.128703,0.000519,0.000000,0.000000,0.000000,0.000000,0.000000,0.344366
16.349708,1765348284.714197,1765348209,0.128703,0.000519,0.000000,0.000000,0.000000,0.000000,0.000000,0.000000
16.369709,1765348284.734196,1765348209,0.128703,0.000519,0.000000,0.000000,0.000000,0.000000,0.000000,0.000000
16.389645,1765348284.754089,1765348209,0.128703,0.000519,0.000000,0.000000,0.000000,0.000000,0.000000,0.000000
16.409667,1765348284.774122,1765348209,0.128703,0.000519,0.000000,0.000000,0.000000,0.000000,0.000000,0.000000
16.429736,1765348284.794230,1765348209,0.128703,0.000519,0.000000,0.000000,0.000000,0.000000,0.000000,0.000000
16.449758,1765348284.814255,1765348209,0.128703,0.000519,0.000000,0.000000,0.000000,0.000000,0.000000,0.000000
16.469772,1765348284.834273,1765348209,0.128703,0.000522,0.000000,0.000500,0.000000,0.000000,-0.344366,0.000000
16.489682,1765348284.854141,1765348209,0.128703,0.000519,0.000000,0.000000,0.000000,0.000000,0.000000,0.000000
16.509819,1765348284.874361,1765348209,0.128703,0.000519,0.000000,0.000000,0.000000,0.000000,0.000000,0.000000
16.529808,1765348284.894350,1765348209,0.128703,0.000519,0.000000,0.000000,0.000000,0.000000,0.000000,0.000000
16.549698,1765348284.914137,1765348209,0.128703,0.000519,0.000000,-0.000440,0.000000,0.000000,0.000000,-0.344366
16.569692,1765348284.934129,1765348209,0.128703,0.000522,0.000000,0.000253,0.000000,0.000000,-0.344366,0.000000
16.589739,1765348284.954198,1765348209,0.128703,0.000522,0.000000,0.000945,0.000000,0.000000,0.000000,0.000000
16.609774,1765348284.974252,1765348209,0.128703,0.000519,0.000000,0.000000,0.000000,0.000000,0.000000,0.000000
16.629968,1765348284.994509,1765348209,0.128703,0.000519,0.000000,-0.000000,0.000000,0.000000,0.000000,0.344366
16.649704,1765348285.014139,1765348209,0.128703,0.000519,0.000000,0.000000,0.000000,0.000000,0.000000,-0.344366
16.669720,1765348285.034161,1765348209,0.128703,0.000519,0.000000,-0.000019,0.000000,0.000000,0.000000,0.000000
16.689733,1765348285.054180,1765348209,0.128703,0.000519,0.000000,-0.000003,0.000000,0.000000,0.000000,0.344366
16.709753,1765348285.074208,1765348209,0.128703,0.000519,0.000000,0.000000,0.000000,0.000000,0.000000,-0.344366
16.729781,1765348285.094248,1765348209,0.128703,0.000519,0.000000,0.000000,0.000000,0.000000,0.000000,0.000000
16.749800,1765348285.114274,1765348209,0.128703,0.000519,0.000000,-0.000011,0.000000,0.000000,0.000000,0.344366
16.769818,1765348285.134325,1765348209,0.128703,0.000519,0.000000,0.000036,0.000000,0.000000,-0.344366,0.000000
16.789825,1765348285.154332,1765348209,0.128703,0.000519,0.000000,0.000000,0.000000,0.000000,0.000000,0.000000
16.809928,1765348285.174448,1765348209,0.128703,0.000519,0.000000,0.000000,0.000000,0.000000,0.000000,0.000000
16.829810,1765348285.194328,1765348209,0.128703,0.000519,0.000000,0.000000,0.000000,0.000000,0.000000,0.344366
16.849811,1765348285.214296,1765348209,0.128703,0.000519,0.000000,0.000000,0.000000,0.000000,0.000000,-0.344366
