time,sys_time,session_id,pos_x,pos_y,vel_x,vel_y,fcmd_x,fcmd_y,fs_x,fs_y
0.068523,1765273629.803832,1765273622,0.000496,0.000204,-0.001199,0.001629,0.000000,0.000000,0.000000,0.344366
0.088385,1765273629.823620,1765273622,0.000496,0.000212,0.000000,0.000039,0.000000,0.000000,0.000000,0.000000
0.108449,1765273629.843711,1765273622,0.000496,0.000208,0.000263,-0.000806,0.000000,0.000000,0.000000,0.000000
0.128466,1765273629.863731,1765273622,0.000500,0.000212,0.000000,0.000000,0.000000,0.000000,0.000000,0.000000
0.148550,1765273629.883860,1765273622,0.000500,0.000212,0.000000,0.000000,0.000000,0.000000,0.000000,0.344366
0.168562,1765273629.903871,1765273622,0.000500,0.000220,0.000000,0.000000,0.000000,0.000000,0.000000,0.000000
0.188550,1765273629.923846,1765273622,0.000496,0.000220,0.000000,-0.000002,0.000000,0.000000,0.000000,-0.344366
0.208545,1765273629.943831,1765273622,0.000496,0.000220,-0.000901,0.000000,0.000000,0.000000,0.000000,0.000000
0.228554,1765273629.963840,1765273622,0.000496,0.000220,-0.000682,0.000000,0.000000,0.000000,0.000000,0.000000
0.248563,1765273629.983849,1765273622,0.000496,0.000220,0.000000,0.000000,0.000000,0.000000,0.000000,0.000000
0.268614,1765273630.003924,1765273622,0.000496,0.000223,0.000000,0.000000,0.000000,0.000000,-0.688732,0.000000
0.288626,1765273630.023937,1765273622,0.000500,0.000223,0.000000,0.000000,0.000000,0.000000,0.000000,0.344366
0.308614,1765273630.043910,1765273622,0.000496,0.000223,-0.000002,0.000000,0.000000,0.000000,0.000000,0.344366
0.328626,1765273630.063922,1765273622,0.000496,0.000223,0.000000,0.000000,0.000000,0.000000,0.000000,-0.344366
0.348635,1765273630.083930,1765273622,0.000500,0.000223,0.000000,0.000000,0.000000,0.000000,0.000000,0.000000
0.368628,1765273630.103914,1765273622,0.000500,0.000223,0.000000,0.000000,0.000000,0.000000,0.000000,-0.344366
0.388673,1765273630.123984,1765273622,0.000496,0.000227,-0.000500,0.000907,0.000000,0.000000,0.000000,0.344366
0.408682,1765273630.143993,1765273622,0.000500,0.000223,0.000074,0.000000,0.000000,0.000000,0.000000,-0.344366
0.428693,1765273630.164004,1765273622,0.000500,0.000223,0.000000,0.000000,0.000000,0.000000,0.000000,0.344366
0.448713,1765273630.184038,1765273622,0.000500,0.000223,0.000000,0.000000,0.000000,0.000000,0.000000,-0.344366
0.468717,1765273630.204027,1765273622,0.000500,0.000227,0.000000,0.000000,0.000000,0.000000,0.000000,0.344366
0.488689,1765273630.223976,1765273622,0.000500,0.000227,0.000000,0.000000,0.000000,0.000000,0.000000,-0.344366
0.508686,1765273630.243967,1765273622,0.000500,0.000227,0.000000,0.000000,0.000000,0.000000,0.000000,-0.344366
0.528693,1765273630.263972,1765273622,0.000500,0.000227,0.000000,0.000000,0.000000,0.000000,0.000000,0.344366
0.548701,1765273630.283982,1765273622,0.000500,0.000227,0.000000,0.000000,0.000000,0.000000,0.000000,0.344366
0.568694,1765273630.303966,1765273622,0.000500,0.000227,0.000000,0.000000,0.000000,0.000000,0.000000,-0.344366
0.588701,1765273630.323973,1765273622,0.000500,0.000227,0.000000,0.000000,0.000000,0.000000,0.000000,-0.344366
0.608707,1765273630.343979,1765273622,0.000500,0.000227,0.000000,0.000000,0.000000,0.000000,0.000000,0.000000
0.628714,1765273630.363986,1765273622,0.000500,0.000227,0.000000,0.000000,0.000000,0.000000,0.000000,0.000000
0.648721,1765273630.383994,1765273622,0.000500,0.000227,0.000000,0.000000,0.000000,0.000000,0.000000,-0.344366
0.668727,1765273630.404000,1765273622,0.000500,0.000227,0.000000,0.000000,0.000000,0.000000,0.000000,0.000000
0.688724,1765273630.423990,1765273622,0.000500,0.000231,0.000000,0.000872,0.000000,0.000000,0.000000,0.000000
0.708742,1765273630.444014,1765273622,0.000500,0.000227,0.000000,0.000000,0.000000,0.000000,0.000000,0.000000
0.728748,1765273630.464021,1765273622,0.000500,0.000227,0.000000,0.000000,0.000000,0.000000,0.000000,-0.344366
0.748744,1765273630.484011,1765273622,0.000500,0.000227,0.000000,0.000000,0.000000,0.000000,-0.688732,0.344366
0.768740,1765273630.504002,1765273622,0.000500,0.000231,0.000000,0.000003,0.000000,0.000000,0.000000,-0.344366
0.788767,1765273630.524039,1765273622,0.000500,0.000231,0.000000,0.000000,0.000000,0.000000,0.000000,0.344366
0.808752,1765273630.544014,1765273622,0.000500,0.000231,0.000000,0.000000,0.000000,0.000000,0.000000,0.344366
0.828767,1765273630.564033,1765273622,0.000500,0.000227,0.000000,-0.000946,0.000000,0.000000,0.000000,0.344366
0.848764,1765273630.584026,1765273622,0.000500,0.000231,0.000000,0.000000,0.000000,0.000000,0.000000,0.000000
0.868790,1765273630.604062,1765273622,0.000500,0.000231,0.000000,0.000000,0.000000,0.000000,0.000000,0.000000
0.888797,1765273630.624069,1765273622,0.000500,0.000231,0.000000,0.000000,0.000000,0.000000,0.000000,0.000000
0.908804,1765273630.644077,1765273622,0.000500,0.000231,0.000000,0.000000,0.000000,0.000000,0.000000,-0.344366
0.928810,1765273630.664082,1765273622,0.000500,0.000231,0.000000,0.000000,0.000000,0.000000,0.000000,-0.344366
0.948817,1765273630.684090,1765273622,0.000500,0.000231,0.000000,0.000000,0.000000,0.000000,0.000000,0.344366
0.968824,1765273630.704096,1765273622,0.000500,0.000231,0.000000,0.000000,0.000000,0.000000,0.000000,0.344366
0.988831,1765273630.724102,1765273622,0.000500,0.000231,0.000000,0.000000,0.000000,0.000000,0.000000,0.344366
1.008838,1765273630.744111,1765273622,0.000500,0.000231,0.000000,0.000000,0.000000,0.000000,0.000000,-0.344366
1.028833,1765273630.764100,1765273622,0.000500,0.000231,0.000000,0.000000,0.000000,0.000000,0.000000,0.000000
1.048850,1765273630.784123,1765273622,0.000500,0.000231,0.000000,0.000000,0.000000,0.000000,0.000000,0.000000
1.068783,1765273630.804017,1765273622,0.000500,0.000231,0.000000,0.000000,0.000000,0.000000,0.000000,-0.344366
1.088789,1765273630.824027,1765273622,0.000500,0.000231,0.000000,0.000000,0.000000,0.000000,0.000000,-0.688732
1.108797,1765273630.844037,1765273622,0.000500,0.000231,0.000000,0.000000,0.000000,0.000000,0.000000,0.000000
1.128830,1765273630.864074,1765273622,0.000500,0.000231,0.000000,0.000000,0.000000,0.000000,0.000000,-0.344366
1.148830,1765273630.884104,1765273622,0.000500,0.000231,0.000000,0.000000,0.000000,0.000000,0.000000,0.000000
1.168825,1765273630.904061,1765273622,0.000500,0.000231,0.000000,0.000000,0.000000,0.000000,0.000000,-0.344366
1.188840,1765273630.924088,1765273622,0.000500,0.000231,0.000000,0.000000,0.000000,0.000000,0.000000,0.000000
1.208857,1765273630.944108,1765273622,0.000500,0.000231,0.000000,0.000000,0.000000,0.000000,0.000000,0.344366
1.228864,1765273630.964115,1765273622,0.000500,0.000231,0.000000,0.000000,0.000000,0.000000,0.000000,0.344366
1.248876,1765273630.984131,1765273622,0.000500,0.000231,0.000000,0.000000,0.000000,0.000000,0.000000,-0.344366
1.268935,1765273631.004192,1765273622,0.000500,0.000231,0.000000,0.000000,0.000000,0.000000,0.000000,0.000000
1.288906,1765273631.024175,1765273622,0.000500,0.000231,0.000000,0.000000,0.000000,0.000000,0.000000,0.000000
1.309027,1765273631.044377,1765273622,0.000500,0.000231,0.000000,-0.000901,0.000000,0.000000,0.000000,-0.344366
1.329016,1765273631.064346,1765273622,0.000500,0.000231,0.000000,0.000000,0.000000,0.000000,0.000000,0.344366
1.349009,1765273631.084296,1765273622,0.000500,0.000231,0.000000,0.000000,0.000000,0.000000,0.000000,0.344366
1.369018,1765273631.104304,1765273622,0.000500,0.000231,0.000000,0.000000,0.000000,0.000000,0.000000,0.344366
1.389055,1765273631.124377,1765273622,0.000500,0.000231,0.000000,0.000000,0.000000,0.000000,0.000000,-0.344366
1.409035,1765273631.144352,1765273622,0.000500,0.000235,0.000000,0.000000,0.000000,0.000000,0.000000,0.344366
1.429043,1765273631.164362,1765273622,0.000500,0.000231,0.000000,0.000000,0.000000,0.000000,0.000000,-0.344366
1.449092,1765273631.184435,1765273622,0.000500,0.000231,0.000000,0.000000,0.000000,0.000000,0.000000,0.000000
1.469082,1765273631.204408,1765273622,0.000500,0.000231,0.000000,0.000000,0.000000,0.000000,-0.688732,0.000000
1.489074,1765273631.224392,1765273622,0.000500,0.000235,0.000000,0.000006,0.000000,0.000000,0.000000,0.344366
1.509072,1765273631.244389,1765273622,0.000500,0.000235,0.000000,0.000000,0.000000,0.000000,0.000000,0.000000
1.529080,1765273631.264389,1765273622,0.000500,0.000235,0.000000,0.000000,0.000000,0.000000,0.000000,0.344366
1.549088,1765273631.284391,1765273622,0.000500,0.000231,0.000000,0.000000,0.000000,0.000000,0.000000,-0.344366
1.569123,1765273631.304404,1765273622,0.000500,0.000235,0.000000,0.000500,0.000000,0.000000,0.000000,0.000000
1.589127,1765273631.324400,1765273622,0.000500,0.000235,0.000000,0.000003,0.000000,0.000000,0.000000,0.000000
1.609121,1765273631.344393,1765273622,0.000500,0.000235,0.000000,0.000000,0.000000,0.000000,0.000000,0.344366
1.629148,1765273631.364427,1765273622,0.000503,0.000235,0.000935,0.000000,0.000000,0.000000,0.000000,-0.688732
1.649180,1765273631.384461,1765273622,0.000500,0.000235,0.000000,0.000000,0.000000,0.000000,0.000000,0.000000
1.669090,1765273631.404394,1765273622,0.000500,0.000235,0.000000,0.000000,0.000000,0.000000,0.000000,0.344366
1.689233,1765273631.424544,1765273622,0.000500,0.000235,0.000000,0.000000,0.000000,0.000000,0.000000,0.000000
1.709220,1765273631.444517,1765273622,0.000500,0.000235,0.000000,0.000000,0.000000,0.000000,0.000000,0.344366
1.729239,1765273631.464535,1765273622,0.000500,0.000235,0.000000,0.000000,0.000000,0.000000,0.000000,-0.344366
1.749124,1765273631.484376,1765273622,0.000500,0.000235,0.000000,0.000000,0.000000,0.000000,0.000000,-0.344366
1.769219,1765273631.504498,1765273622,0.000500,0.000235,0.000000,0.000000,0.000000,0.000000,0.000000,0.000000
1.789279,1765273631.524589,1765273622,0.000503,0.000235,0.000946,0.000000,0.000000,0.000000,-0.344366,0.344366
1.809277,1765273631.544573,1765273622,0.000500,0.000235,0.000000,0.000000,0.000000,0.000000,0.000000,0.344366
1.829269,1765273631.564555,1765273622,0.000503,0.000235,0.000946,0.000000,0.000000,0.000000,0.000000,-0.344366
1.849278,1765273631.584564,1765273622,0.000500,0.000235,0.000000,0.000000,0.000000,0.000000,0.000000,0.000000
1.869287,1765273631.604573,1765273622,0.000500,0.000235,0.000000,0.000000,0.000000,0.000000,0.000000,-0.344366
1.889312,1765273631.624608,1765273622,0.000500,0.000235,-0.000002,0.000000,0.000000,0.000000,0.000000,0.000000
1.909333,1765273631.644620,1765273622,0.000503,0.000235,0.000806,0.000000,0.000000,0.000000,0.000000,0.344366
1.929315,1765273631.664601,1765273622,0.000503,0.000235,0.000946,0.000000,0.000000,0.000000,0.000000,0.344366
1.949325,1765273631.684611,1765273622,0.000500,0.000235,0.000000,0.000000,0.000000,0.000000,0.000000,0.000000
1.969333,1765273631.704619,1765273622,0.000503,0.000235,0.000925,0.000000,0.000000,0.000000,0.000000,-0.344366
1.989341,1765273631.724628,1765273622,0.000500,0.000235,0.000000,0.000000,0.000000,0.000000,0.000000,0.344366
2.009350,1765273631.744637,1765273622,0.000503,0.000235,0.000935,0.000000,0.000000,0.000000,0.000000,0.000000
2.029360,1765273631.764646,1765273622,0.000500,0.000235,-0.000021,0.000000,0.000000,0.000000,0.000000,0.000000
2.049370,1765273631.784656,1765273622,0.000500,0.000235,0.000000,0.000000,0.000000,0.000000,0.000000,0.344366
2.069341,1765273631.804633,1765273622,0.000500,0.000235,-0.000871,0.000000,0.000000,0.000000,0.000000,0.000000
2.089323,1765273631.824563,1765273622,0.000503,0.000235,0.000915,0.000000,0.000000,0.000000,0.000000,-0.344366
2.109350,1765273631.844601,1765273622,0.000500,0.000235,-0.000946,0.000000,0.000000,0.000000,0.000000,0.000000
2.129372,1765273631.864634,1765273622,0.000500,0.000235,0.000000,0.000000,0.000000,0.000000,0.000000,0.000000
2.149399,1765273631.884671,1765273622,0.000500,0.000235,0.000000,0.000000,0.000000,0.000000,0.000000,-0.344366
2.169444,1765273631.904726,1765273622,0.000500,0.000235,0.000000,0.000000,0.000000,0.000000,0.000000,0.344366
2.189429,1765273631.924709,1765273622,0.000500,0.000235,0.000000,0.000000,0.000000,0.000000,0.000000,-0.344366
2.209438,1765273631.944717,1765273622,0.000500,0.000235,0.000000,0.000000,0.000000,0.000000,0.000000,0.000000
2.229459,1765273631.964746,1765273622,0.000503,0.000235,0.000934,0.000000,0.000000,0.000000,0.000000,0.000000
2.249456,1765273631.984735,1765273622,0.000500,0.000235,0.000000,0.000000,0.000000,0.000000,0.000000,-0.344366
2.269516,1765273632.004826,1765273622,0.000500,0.000235,0.000000,0.000000,0.000000,0.000000,0.000000,0.344366
2.289527,1765273632.024838,1765273622,0.000503,0.000235,0.000500,0.000000,0.000000,0.000000,0.000000,0.000000
2.309515,1765273632.044810,1765273622,0.000500,0.000235,-0.000907,0.000000,0.000000,0.000000,0.000000,0.000000
2.329508,1765273632.064795,1765273622,0.000503,0.000235,0.000833,0.000000,0.000000,0.000000,0.000000,-0.344366
2.349556,1765273632.084866,1765273622,0.000503,0.000235,0.000021,0.000000,0.000000,0.000000,0.000000,-0.344366
2.369568,1765273632.104879,1765273622,0.000500,0.000235,-0.000946,0.000000,0.000000,0.000000,0.000000,0.344366
2.389555,1765273632.124851,1765273622,0.000503,0.000235,0.000021,0.000000,0.000000,0.000000,0.000000,-0.344366
2.409550,1765273632.144836,1765273622,0.000500,0.000235,-0.000682,0.000000,0.000000,0.000000,0.000000,0.344366
2.429588,1765273632.164877,1765273622,0.000503,0.000235,0.000000,0.000000,0.000000,0.000000,0.000000,-0.344366
2.449568,1765273632.184855,1765273622,0.000503,0.000235,0.000001,0.000000,0.000000,0.000000,0.000000,0.000000
2.469612,1765273632.204921,1765273622,0.000500,0.000235,-0.000925,0.000000,0.000000,0.000000,0.000000,0.000000
2.489623,1765273632.224922,1765273622,0.000503,0.000235,0.000935,0.000000,0.000000,0.000000,0.000000,-0.344366
2.509609,1765273632.244906,1765273622,0.000503,0.000235,0.000000,0.000000,0.000000,0.000000,0.000000,-0.344366
2.529619,1765273632.264905,1765273622,0.000503,0.000235,0.000000,0.000000,0.000000,0.000000,0.000000,0.000000
2.549613,1765273632.284899,1765273622,0.000503,0.000235,0.000000,0.000000,0.000000,0.000000,0.000000,0.000000
2.569608,1765273632.304885,1765273622,0.000503,0.000235,0.000000,0.000000,0.000000,0.000000,0.000000,0.000000
2.589617,1765273632.324895,1765273622,0.000503,0.000235,0.000946,0.000000,0.000000,0.000000,0.000000,0.344366
2.609637,1765273632.344919,1765273622,0.000500,0.000235,-0.000935,0.000000,0.000000,0.000000,0.000000,0.000000
2.629646,1765273632.364933,1765273622,0.000503,0.000235,0.000000,0.000000,0.000000,0.000000,0.000000,0.344366
2.649655,1765273632.384942,1765273622,0.000503,0.000235,0.000000,0.000000,0.000000,0.000000,0.000000,0.000000
2.669664,1765273632.404951,1765273622,0.000503,0.000235,0.000000,0.000000,0.000000,0.000000,0.000000,0.000000
2.689670,1765273632.424945,1765273622,0.000503,0.000235,0.000000,0.000000,0.000000,0.000000,0.000000,0.000000
2.709669,1765273632.444948,1765273622,0.000500,0.000235,-0.000945,0.000000,0.000000,0.000000,0.000000,0.344366
2.729677,1765273632.464956,1765273622,0.000503,0.000235,0.000039,0.000000,0.000000,0.000000,0.000000,-0.344366
2.749698,1765273632.484983,1765273622,0.000503,0.000235,0.000000,0.000000,0.000000,0.000000,0.000000,0.000000
2.769708,1765273632.504993,1765273622,0.000503,0.000235,0.000000,0.000000,0.000000,0.000000,0.000000,0.344366
2.789715,1765273632.525000,1765273622,0.000503,0.000235,0.000000,0.000000,0.000000,0.000000,0.000000,0.000000
2.809724,1765273632.545009,1765273622,0.000503,0.000235,0.000000,0.000000,0.000000,0.000000,0.000000,0.000000
2.829733,1765273632.565019,1765273622,0.000503,0.000235,0.000000,0.000000,0.000000,0.000000,0.000000,0.344366
2.849743,1765273632.585028,1765273622,0.000503,0.000235,0.000000,0.000000,0.000000,0.000000,0.000000,0.344366
2.869791,1765273632.605102,1765273622,0.000503,0.000235,0.000000,0.000000,0.000000,0.000000,0.000000,0.344366
2.889802,1765273632.625113,1765273622,0.000503,0.000235,0.000000,0.000000,0.000000,0.000000,0.000000,0.344366
2.909791,1765273632.645087,1765273622,0.000503,0.000235,0.000000,0.000000,0.000000,0.000000,0.000000,-0.344366
2.929822,1765273632.665133,1765273622,0.000503,0.000235,0.000000,0.000000,0.000000,0.000000,0.000000,0.000000
2.949840,1765273632.685139,1765273622,0.000503,0.000235,0.000000,0.000000,0.000000,0.000000,0.000000,0.344366
2.969822,1765273632.705117,1765273622,0.000503,0.000235,0.000000,0.000000,0.000000,0.000000,0.000000,-0.344366
2.989830,1765273632.725126,1765273622,0.000500,0.000235,-0.000925,0.000000,0.000000,0.000000,0.000000,0.344366
3.009823,1765273632.745108,1765273622,0.000503,0.000235,0.000000,0.000000,0.000000,0.000000,0.000000,-0.344366
3.029832,1765273632.765119,1765273622,0.000503,0.000235,0.000000,0.000000,0.000000,0.000000,0.000000,0.000000
3.049841,1765273632.785127,1765273622,0.000503,0.000235,0.000000,0.000000,0.000000,0.000000,0.000000,0.000000
3.069909,1765273632.805235,1765273622,0.000503,0.000235,0.000461,0.000000,0.000000,0.000000,0.000000,-0.344366
3.089787,1765273632.825039,1765273622,0.000503,0.000235,0.000000,0.000000,0.000000,0.000000,0.000000,0.344366
3.109787,1765273632.845053,1765273622,0.000503,0.000235,0.000000,0.000000,0.000000,0.000000,0.000000,0.344366
3.129874,1765273632.865165,1765273622,0.000503,0.000235,0.000000,0.000000,0.000000,0.000000,0.000000,0.344366
3.149884,1765273632.885179,1765273622,0.000503,0.000235,0.000946,0.000000,0.000000,0.000000,0.000000,0.344366
3.169890,1765273632.905181,1765273622,0.000503,0.000235,0.000000,0.000000,0.000000,0.000000,0.000000,0.000000
3.189896,1765273632.925187,1765273622,0.000503,0.000235,0.000000,0.000000,0.000000,0.000000,0.000000,-0.344366
3.209919,1765273632.945208,1765273622,0.000503,0.000235,0.000000,0.000000,0.000000,0.000000,0.000000,0.000000
3.229918,1765273632.965216,1765273622,0.000503,0.000235,0.000000,0.000000,0.000000,0.000000,0.000000,0.000000
3.249903,1765273632.985190,1765273622,0.000503,0.000235,0.000000,0.000000,0.000000,0.000000,0.000000,0.000000
3.269896,1765273633.005167,1765273622,0.000503,0.000235,0.000000,0.000000,0.000000,0.000000,-0.344366,0.000000
3.289972,1765273633.025282,1765273622,0.000503,0.000235,0.000000,0.000000,0.000000,0.000000,0.000000,-0.344366
3.309960,1765273633.045255,1765273622,0.000503,0.000235,0.000000,0.000000,0.000000,0.000000,0.000000,0.000000
3.329939,1765273633.065217,1765273622,0.000503,0.000235,0.000000,0.000000,0.000000,0.000000,0.000000,-0.344366
3.349947,1765273633.085227,1765273622,0.000503,0.000235,0.000000,0.000000,0.000000,0.000000,0.000000,0.000000
3.369938,1765273633.105209,1765273622,0.000503,0.000235,0.000000,0.000000,0.000000,0.000000,0.000000,-0.344366
3.389948,1765273633.125219,1765273622,0.000503,0.000235,0.000000,0.000000,0.000000,0.000000,0.000000,0.000000
3.409971,1765273633.145249,1765273622,0.000503,0.000235,0.000000,0.000000,0.000000,0.000000,0.000000,0.000000
3.429979,1765273633.165257,1765273622,0.000503,0.000235,0.000000,0.000000,0.000000,0.000000,0.000000,0.344366
3.449987,1765273633.185265,1765273622,0.000503,0.000238,0.000000,0.000940,0.000000,0.000000,0.000000,-0.344366
3.470019,1765273633.205301,1765273622,0.000503,0.000235,0.000000,-0.000001,0.000000,0.000000,0.000000,0.000000
3.490003,1765273633.225282,1765273622,0.000503,0.000235,0.000000,0.000000,0.000000,0.000000,0.000000,-0.344366
3.510010,1765273633.245289,1765273622,0.000503,0.000235,0.000000,0.000000,0.000000,0.000000,0.000000,0.000000
3.530019,1765273633.265296,1765273622,0.000503,0.000238,0.000000,0.000944,0.000000,0.000000,0.000000,0.344366
3.550027,1765273633.285305,1765273622,0.000503,0.000238,0.000000,0.000786,0.000000,0.000000,0.000000,0.000000
3.570035,1765273633.305342,1765273622,0.000503,0.000238,0.000000,0.000935,0.000000,0.000000,0.000000,0.000000
3.590044,1765273633.325352,1765273622,0.000503,0.000235,0.000000,0.000000,0.000000,0.000000,0.000000,0.000000
3.610037,1765273633.345309,1765273622,0.000503,0.000235,0.000000,0.000000,0.000000,0.000000,0.000000,0.000000
3.630059,1765273633.365366,1765273622,0.000503,0.000238,0.000000,0.000907,0.000000,0.000000,0.000000,0.000000
3.650068,1765273633.385375,1765273622,0.000503,0.000238,0.000000,0.000932,0.000000,0.000000,0.000000,0.000000
3.670074,1765273633.405369,1765273622,0.000503,0.000238,0.000000,0.000000,0.000000,0.000000,0.000000,0.000000
3.690084,1765273633.425392,1765273622,0.000503,0.000238,0.000000,0.000500,0.000000,0.000000,0.000000,0.000000
3.710118,1765273633.445399,1765273622,0.000503,0.000235,0.000000,0.000000,0.000000,0.000000,0.000000,0.000000
3.730149,1765273633.465432,1765273622,0.000503,0.000238,0.000000,0.000264,0.000000,0.000000,0.000000,-0.344366
3.750137,1765273633.485418,1765273622,0.000503,0.000238,0.000000,0.000006,0.000000,0.000000,0.000000,-0.344366
3.770144,1765273633.505423,1765273622,0.000503,0.000238,0.000000,0.000000,0.000000,0.000000,0.000000,0.000000
3.790155,1765273633.525435,1765273622,0.000503,0.000235,0.000000,0.000000,0.000000,0.000000,0.000000,-0.344366
3.810161,1765273633.545439,1765273622,0.000503,0.000235,0.000000,0.000000,0.000000,0.000000,0.000000,0.000000
3.830169,1765273633.565448,1765273622,0.000503,0.000235,0.000000,-0.000001,0.000000,0.000000,0.000000,0.000000
3.850178,1765273633.585457,1765273622,0.000503,0.000238,0.000000,0.000946,0.000000,0.000000,0.000000,-0.344366
3.870183,1765273633.605462,1765273622,0.000503,0.000238,0.000000,0.000000,0.000000,0.000000,0.000000,0.000000
3.890191,1765273633.625470,1765273622,0.000503,0.000235,0.000000,-0.000940,0.000000,0.000000,0.000000,0.000000
3.910198,1765273633.645476,1765273622,0.000503,0.000235,0.000000,0.000000,0.000000,0.000000,-0.344366,0.344366
3.930206,1765273633.665484,1765273622,0.000503,0.000235,0.000000,0.000000,0.000000,0.000000,0.000000,0.000000
3.950202,1765273633.685480,1765273622,0.000503,0.000235,0.000000,-0.000500,0.000000,0.000000,0.000000,-0.344366
3.970222,1765273633.705501,1765273622,0.000503,0.000238,0.000000,0.000000,0.000000,0.000000,0.000000,0.344366
3.990255,1765273633.725536,1765273622,0.000503,0.000238,0.000000,0.000000,0.000000,0.000000,0.000000,0.344366
4.010250,1765273633.745536,1765273622,0.000503,0.000238,0.000000,0.000852,0.000000,0.000000,0.000000,0.000000
4.030260,1765273633.765547,1765273622,0.000503,0.000235,0.000000,-0.000500,0.000000,0.000000,0.000000,0.344366
4.050270,1765273633.785556,1765273622,0.000503,0.000238,0.000000,0.000000,0.000000,0.000000,0.000000,0.000000
4.070200,1765273633.805436,1765273622,0.000503,0.000238,0.000000,0.000000,0.000000,0.000000,0.000000,-0.344366
4.090192,1765273633.825425,1765273622,0.000503,0.000238,0.000000,0.000000,0.000000,0.000000,0.000000,-0.344366
4.110315,1765273633.845581,1765273622,0.000503,0.000238,0.000000,0.000000,0.000000,0.000000,0.000000,0.000000
4.130400,1765273633.865710,1765273622,0.000503,0.000238,0.000000,0.000000,0.000000,0.000000,0.000000,-0.344366
4.150372,1765273633.885659,1765273622,0.000503,0.000238,0.000000,0.000000,0.000000,0.000000,0.000000,0.000000
4.170382,1765273633.905668,1765273622,0.000503,0.000238,0.000000,0.000000,0.000000,0.000000,0.000000,0.000000
4.190378,1765273633.925657,1765273622,0.000503,0.000238,0.000000,0.000000,0.000000,0.000000,0.000000,-0.344366
4.210371,1765273633.945643,1765273622,0.000503,0.000238,0.000000,0.000000,0.000000,0.000000,0.000000,0.000000
4.230378,1765273633.965648,1765273622,0.000503,0.000238,0.000000,0.000000,0.000000,0.000000,0.000000,0.000000
4.250428,1765273633.985711,1765273622,0.000503,0.000238,0.000000,0.000000,0.000000,0.000000,0.000000,0.000000
4.270409,1765273634.005688,1765273622,0.000503,0.000238,0.000000,0.000000,0.000000,0.000000,0.000000,-0.344366
4.290418,1765273634.025696,1765273622,0.000503,0.000238,0.000000,0.000000,0.000000,0.000000,0.000000,0.344366
4.310420,1765273634.045698,1765273622,0.000503,0.000238,0.000000,0.000000,0.000000,0.000000,0.000000,0.000000
4.330436,1765273634.065708,1765273622,0.000503,0.000238,0.000000,0.000445,0.000000,0.000000,0.000000,0.000000
4.350442,1765273634.085721,1765273622,0.000503,0.000238,0.000000,0.000000,0.000000,0.000000,0.000000,0.344366
4.370449,1765273634.105727,1765273622,0.000503,0.000238,0.000000,0.000000,0.000000,0.000000,0.000000,0.000000
4.390456,1765273634.125731,1765273622,0.000503,0.000238,0.000000,0.000000,0.000000,0.000000,0.000000,0.344366
4.410463,1765273634.145742,1765273622,0.000503,0.000238,0.000000,0.000000,0.000000,0.000000,0.000000,0.344366
4.430464,1765273634.165735,1765273622,0.000503,0.000238,0.000000,0.000000,0.000000,0.000000,0.000000,0.000000
4.450480,1765273634.185751,1765273622,0.000503,0.000238,0.000000,0.000000,0.000000,0.000000,0.000000,-0.344366
4.470488,1765273634.205767,1765273622,0.000503,0.000238,0.000000,0.000000,0.000000,0.000000,0.000000,0.000000
4.490496,1765273634.225775,1765273622,0.000503,0.000238,0.000000,0.000000,0.000000,0.000000,0.000000,0.344366
4.510530,1765273634.245811,1765273622,0.000503,0.000238,0.000000,0.000000,0.000000,0.000000,0.000000,-0.344366
4.530525,1765273634.265804,1765273622,0.000503,0.000238,0.000000,0.000000,0.000000,0.000000,0.000000,0.000000
4.550520,1765273634.285799,1765273622,0.000503,0.000238,0.000000,0.000000,0.000000,0.000000,0.000000,0.344366
4.570530,1765273634.305808,1765273622,0.000503,0.000238,0.000000,0.000000,0.000000,0.000000,0.000000,0.000000
4.590538,1765273634.325816,1765273622,0.000503,0.000238,0.000000,0.000000,0.000000,0.000000,0.000000,-0.344366
4.610546,1765273634.345824,1765273622,0.000503,0.000238,0.000000,0.000000,0.000000,0.000000,0.000000,-0.344366
4.630555,1765273634.365833,1765273622,0.000503,0.000238,0.000000,0.000000,0.000000,0.000000,0.000000,0.344366
4.650563,1765273634.385842,1765273622,0.000503,0.000238,0.000000,0.000000,0.000000,0.000000,0.000000,0.000000
4.670570,1765273634.405851,1765273622,0.000503,0.000238,0.000000,0.000000,0.000000,0.000000,0.000000,0.000000
4.690485,1765273634.425715,1765273622,0.000503,0.000238,0.000000,0.000000,0.000000,0.000000,0.000000,0.000000
4.710496,1765273634.445728,1765273622,0.000503,0.000238,0.000000,0.000000,0.000000,0.000000,0.000000,0.000000
4.730520,1765273634.465764,1765273622,0.000503,0.000238,0.000000,0.000000,0.000000,0.000000,0.000000,-0.344366
4.750543,1765273634.485797,1765273622,0.000503,0.000238,0.000000,0.000000,0.000000,0.000000,0.000000,0.000000
4.770591,1765273634.505859,1765273622,0.000503,0.000238,0.000000,0.000000,0.000000,0.000000,0.000000,-0.344366
4.790587,1765273634.525858,1765273622,0.000503,0.000238,0.000000,0.000000,0.000000,0.000000,0.000000,0.344366
4.810608,1765273634.545879,1765273622,0.000503,0.000238,0.000000,0.000000,0.000000,0.000000,0.000000,-0.344366
4.830617,1765273634.565895,1765273622,0.000503,0.000238,0.000000,0.000000,0.000000,0.000000,0.000000,-0.344366
4.850624,1765273634.585903,1765273622,0.000503,0.000238,0.000000,0.000000,0.000000,0.000000,0.000000,0.000000
4.870627,1765273634.605898,1765273622,0.000503,0.000238,0.000000,0.000000,0.000000,0.000000,0.000000,0.344366
4.890640,1765273634.625919,1765273622,0.000503,0.000238,0.000000,0.000000,0.000000,0.000000,0.000000,-0.344366
4.910649,1765273634.645928,1765273622,0.000503,0.000238,0.000000,0.000000,0.000000,0.000000,0.000000,0.000000
4.930579,1765273634.665828,1765273622,0.000503,0.000238,0.000000,0.000000,0.000000,0.000000,0.000000,-0.344366
4.950578,1765273634.685825,1765273622,0.000503,0.000238,0.000000,0.000000,0.000000,0.000000,0.000000,0.344366
4.970581,1765273634.705829,1765273622,0.000503,0.000238,0.000000,0.000000,0.000000,0.000000,0.000000,0.000000
4.990681,1765273634.725967,1765273622,0.000503,0.000238,0.000000,0.000000,0.000000,0.000000,0.000000,0.000000
5.010642,1765273634.745906,1765273622,0.000503,0.000238,0.000000,0.000000,0.000000,0.000000,0.000000,-0.344366
5.030691,1765273634.765964,1765273622,0.000503,0.000238,0.000000,0.000000,0.000000,0.000000,0.000000,-0.344366
5.050691,1765273634.785970,1765273622,0.000503,0.000238,0.000000,0.000000,0.000000,0.000000,0.000000,-0.344366
5.070609,1765273634.805843,1765273622,0.000503,0.000238,0.000000,0.000000,0.000000,0.000000,0.000000,-0.344366
5.090635,1765273634.825878,1765273622,0.000503,0.000238,0.000000,0.000000,0.000000,0.000000,0.000000,0.000000
5.110712,1765273634.845992,1765273622,0.000503,0.000238,0.000000,0.000000,0.000000,0.000000,1.377463,0.000000
5.130704,1765273634.865976,1765273622,0.000503,0.000238,0.000000,0.000000,0.000000,0.000000,0.000000,0.344366
5.150728,1765273634.886007,1765273622,0.000503,0.000238,0.000000,0.000000,0.000000,0.000000,0.000000,-0.344366
5.170735,1765273634.906014,1765273622,0.000503,0.000238,0.000000,0.000000,0.000000,0.000000,0.000000,0.344366
5.190742,1765273634.926023,1765273622,0.000503,0.000238,0.000000,0.000000,0.000000,0.000000,0.000000,0.344366
5.210751,1765273634.946031,1765273622,0.000503,0.000238,0.000000,0.000000,0.000000,0.000000,0.000000,0.344366
5.230759,1765273634.966039,1765273622,0.000503,0.000238,0.000000,0.000000,0.000000,0.000000,0.000000,-0.344366
5.250752,1765273634.986025,1765273622,0.000503,0.000238,0.000000,0.000000,0.000000,0.000000,0.000000,0.344366
5.270775,1765273635.006055,1765273622,0.000503,0.000238,0.000000,0.000000,0.000000,0.000000,0.000000,-0.344366
5.290813,1765273635.026097,1765273622,0.000503,0.000238,0.000000,0.000000,0.000000,0.000000,0.000000,0.000000
5.310792,1765273635.046072,1765273622,0.000503,0.000238,0.000000,0.000000,0.000000,0.000000,0.000000,-0.344366
5.330850,1765273635.066160,1765273622,0.000503,0.000238,0.000000,0.000000,0.000000,0.000000,0.000000,0.344366
5.350822,1765273635.086108,1765273622,0.000503,0.000238,0.000000,0.000000,0.000000,0.000000,0.000000,0.000000
5.370748,1765273635.105993,1765273622,0.000503,0.000238,0.000000,0.000000,0.000000,0.000000,0.000000,0.344366
5.390795,1765273635.126061,1765273622,0.000503,0.000238,0.000000,0.000000,0.000000,0.000000,0.000000,0.000000
5.410812,1765273635.146084,1765273622,0.000503,0.000238,0.000000,0.000000,0.000000,0.000000,0.000000,-0.344366
5.430820,1765273635.166091,1765273622,0.000503,0.000238,0.000000,0.000000,0.000000,0.000000,0.000000,0.344366
5.450826,1765273635.186097,1765273622,0.000503,0.000238,0.000000,0.000000,0.000000,0.000000,0.000000,-0.344366
5.470833,1765273635.206104,1765273622,0.000503,0.000238,0.000000,0.000000,0.000000,0.000000,0.000000,0.000000
5.490840,1765273635.226113,1765273622,0.000503,0.000238,0.000000,0.000000,0.000000,0.000000,0.000000,-0.344366
5.510847,1765273635.246119,1765273622,0.000503,0.000238,0.000000,0.000000,0.000000,0.000000,0.000000,0.000000
5.530854,1765273635.266126,1765273622,0.000503,0.000238,0.000000,0.000000,0.000000,0.000000,0.000000,-0.344366
5.550905,1765273635.286189,1765273622,0.000503,0.000238,0.000000,0.000000,0.000000,0.000000,0.000000,0.000000
5.570868,1765273635.306140,1765273622,0.000503,0.000238,0.000000,0.000000,0.000000,0.000000,0.000000,0.000000
5.590893,1765273635.326173,1765273622,0.000503,0.000238,0.000000,0.000000,0.000000,0.000000,0.000000,0.000000
5.610953,1765273635.346263,1765273622,0.000503,0.000238,0.000000,0.000000,0.000000,0.000000,0.000000,0.344366
5.630846,1765273635.366107,1765273622,0.000503,0.000238,0.000000,0.000000,0.000000,0.000000,0.000000,0.000000
5.650921,1765273635.386201,1765273622,0.000503,0.000238,0.000000,0.000000,0.000000,0.000000,0.000000,-0.344366
5.670929,1765273635.406209,1765273622,0.000503,0.000238,0.000000,0.000000,0.000000,0.000000,0.000000,0.344366
5.690937,1765273635.426216,1765273622,0.000503,0.000238,0.000000,0.000000,0.000000,0.000000,0.000000,0.344366
5.710929,1765273635.446201,1765273622,0.000503,0.000238,0.000000,0.000000,0.000000,0.000000,0.000000,0.344366
5.730937,1765273635.466208,1765273622,0.000503,0.000238,0.000000,0.000000,0.000000,0.000000,0.000000,0.344366
5.750870,1765273635.486115,1765273622,0.000503,0.000238,0.000000,0.000000,0.000000,0.000000,0.000000,0.000000
5.770928,1765273635.506190,1765273622,0.000503,0.000238,0.000000,0.000000,0.000000,0.000000,0.000000,0.344366
5.790926,1765273635.526184,1765273622,0.000503,0.000238,0.000000,0.000000,0.000000,0.000000,0.000000,0.344366
5.810948,1765273635.546208,1765273622,0.000503,0.000238,0.000000,0.000000,0.000000,0.000000,0.000000,0.000000
5.830891,1765273635.566135,1765273622,0.000503,0.000238,0.000000,0.000000,0.000000,0.000000,0.000000,0.000000
5.850970,1765273635.586242,1765273622,0.000503,0.000238,0.000000,0.000000,0.000000,0.000000,0.000000,0.344366
5.870976,1765273635.606248,1765273622,0.000503,0.000238,0.000000,0.000000,0.000000,0.000000,0.000000,0.344366
5.890983,1765273635.626255,1765273622,0.000503,0.000238,0.000000,0.000000,0.000000,0.000000,0.000000,-0.344366
5.911006,1765273635.646287,1765273622,0.000503,0.000238,0.000000,0.000000,0.000000,0.000000,0.000000,0.000000
5.931013,1765273635.666293,1765273622,0.000503,0.000238,0.000000,0.000000,0.000000,0.000000,0.000000,0.344366
5.951004,1765273635.686276,1765273622,0.000503,0.000238,0.000000,0.000000,0.000000,0.000000,0.000000,0.344366
5.971077,1765273635.706426,1765273622,0.000503,0.000238,0.000000,0.000000,0.000000,0.000000,0.000000,0.344366
5.991067,1765273635.726388,1765273622,0.000503,0.000238,0.000000,0.000000,0.000000,0.000000,0.000000,0.344366
6.011059,1765273635.746377,1765273622,0.000503,0.000238,0.000000,0.000000,0.000000,0.000000,0.000000,0.344366
6.031068,1765273635.766385,1765273622,0.000503,0.000238,0.000000,0.000000,0.000000,0.000000,0.000000,0.344366
6.051144,1765273635.786455,1765273622,0.000503,0.000238,0.000000,0.000000,0.000000,0.000000,0.000000,-0.344366
6.071083,1765273635.806388,1765273622,0.000503,0.000238,0.000000,0.000000,0.000000,0.000000,0.000000,-0.344366
6.091005,1765273635.826247,1765273622,0.000503,0.000238,0.000000,0.000000,0.000000,0.000000,0.000000,0.000000
6.111025,1765273635.846275,1765273622,0.000503,0.000238,0.000000,0.000000,0.000000,0.000000,0.000000,0.000000
6.131044,1765273635.866302,1765273622,0.000503,0.000238,0.000000,0.000000,0.000000,0.000000,0.000000,0.000000
6.151066,1765273635.886355,1765273622,0.000503,0.000238,0.000000,0.000000,0.000000,0.000000,0.000000,0.344366
6.171084,1765273635.906384,1765273622,0.000503,0.000238,0.000000,0.000000,0.000000,0.000000,0.000000,-0.344366
6.191183,1765273635.926492,1765273622,0.000503,0.000238,0.000000,0.000000,0.000000,0.000000,0.000000,0.344366
6.211179,1765273635.946475,1765273622,0.000503,0.000238,0.000000,0.000000,0.000000,0.000000,0.000000,0.344366
6.231221,1765273635.966532,1765273622,0.000503,0.000238,0.000000,0.000000,0.000000,0.000000,0.000000,0.000000
6.251199,1765273635.986496,1765273622,0.000503,0.000238,0.000000,0.000000,0.000000,0.000000,0.000000,-0.344366
6.271191,1765273636.006477,1765273622,0.000503,0.000238,0.000000,0.000000,0.000000,0.000000,0.000000,0.344366
6.291180,1765273636.026458,1765273622,0.000503,0.000238,0.000000,0.000000,0.000000,0.000000,0.000000,0.344366
6.311250,1765273636.046561,1765273622,0.000503,0.000238,0.000000,0.000000,0.000000,0.000000,0.000000,0.344366
6.331284,1765273636.066595,1765273622,0.000503,0.000238,0.000000,0.000000,0.000000,0.000000,0.000000,-0.344366
6.351236,1765273636.086532,1765273622,0.000503,0.000238,0.000000,0.000000,0.000000,0.000000,0.000000,0.344366
6.371235,1765273636.106520,1765273622,0.000503,0.000238,0.000000,0.000000,0.000000,0.000000,0.000000,-0.344366
6.391246,1765273636.126533,1765273622,0.000503,0.000238,0.000000,0.000000,0.000000,0.000000,0.000000,0.000000
6.411183,1765273636.146439,1765273622,0.000503,0.000238,0.000000,0.000000,0.000000,0.000000,0.000000,0.000000
6.431325,1765273636.166635,1765273622,0.000503,0.000238,0.000000,0.000000,0.000000,0.000000,0.000000,-0.344366
6.451337,1765273636.186647,1765273622,0.000503,0.000238,0.000000,0.000000,0.000000,0.000000,0.000000,0.000000
6.471348,1765273636.206659,1765273622,0.000503,0.000238,0.000000,0.000000,0.000000,0.000000,0.000000,0.000000
6.491360,1765273636.226656,1765273622,0.000503,0.000238,0.000000,0.000000,0.000000,0.000000,0.000000,0.000000
6.511348,1765273636.246644,1765273622,0.000503,0.000238,0.000000,0.000000,0.000000,0.000000,0.000000,-0.344366
6.531341,1765273636.266627,1765273622,0.000503,0.000238,0.000000,0.000000,0.000000,0.000000,0.000000,0.000000
6.551350,1765273636.286636,1765273622,0.000503,0.000238,0.000000,0.000000,0.000000,0.000000,0.000000,-0.344366
6.571359,1765273636.306645,1765273622,0.000503,0.000238,0.000000,0.000000,0.000000,0.000000,0.000000,0.000000
6.591397,1765273636.326686,1765273622,0.000503,0.000238,0.000000,0.000000,0.000000,0.000000,0.000000,-0.344366
6.611378,1765273636.346663,1765273622,0.000503,0.000238,0.000000,0.000000,0.000000,0.000000,0.000000,-0.344366
6.631374,1765273636.366653,1765273622,0.000503,0.000238,0.000000,0.000000,0.000000,0.000000,0.000000,0.000000
6.651435,1765273636.386746,1765273622,0.000503,0.000238,0.000000,0.000000,0.000000,0.000000,0.000000,0.344366
6.671446,1765273636.406756,1765273622,0.000503,0.000238,0.000000,0.000000,0.000000,0.000000,0.000000,-0.344366
6.691435,1765273636.426732,1765273622,0.000503,0.000238,0.000000,0.000000,0.000000,0.000000,0.000000,0.000000
6.711444,1765273636.446741,1765273622,0.000503,0.000238,0.000000,0.000000,0.000000,0.000000,0.000000,0.344366
6.731455,1765273636.466745,1765273622,0.000503,0.000238,0.000000,0.000000,0.000000,0.000000,0.000000,-0.344366
6.751447,1765273636.486733,1765273622,0.000503,0.000238,0.000000,0.000000,0.000000,0.000000,0.000000,0.344366
6.771442,1765273636.506721,1765273622,0.000503,0.000238,0.000000,0.000000,0.000000,0.000000,0.000000,-0.344366
6.791465,1765273636.526752,1765273622,0.000503,0.000238,0.000000,0.000000,0.000000,0.000000,0.000000,0.000000
6.811474,1765273636.546761,1765273622,0.000503,0.000238,0.000000,0.000000,0.000000,0.000000,0.000000,-0.344366
6.831483,1765273636.566769,1765273622,0.000503,0.000238,0.000000,0.000000,0.000000,0.000000,0.000000,0.000000
6.851522,1765273636.586812,1765273622,0.000503,0.000238,0.000000,0.000000,0.000000,0.000000,0.000000,-0.344366
6.871501,1765273636.606788,1765273622,0.000503,0.000238,0.000000,0.000000,0.000000,0.000000,0.000000,-0.344366
6.891510,1765273636.626796,1765273622,0.000503,0.000238,0.000000,0.000000,0.000000,0.000000,0.000000,0.000000
6.911519,1765273636.646805,1765273622,0.000503,0.000238,0.000000,0.000000,0.000000,0.000000,0.000000,-0.344366
6.931528,1765273636.666815,1765273622,0.000503,0.000238,0.000000,0.000000,0.000000,0.000000,0.000000,0.000000
6.951536,1765273636.686823,1765273622,0.000503,0.000238,0.000000,0.000000,0.000000,0.000000,0.000000,-0.344366
6.971546,1765273636.706832,1765273622,0.000503,0.000238,0.000000,0.000000,0.000000,0.000000,0.000000,-0.344366
6.991556,1765273636.726841,1765273622,0.000503,0.000238,0.000000,0.000000,0.000000,0.000000,0.000000,-0.344366
7.011565,1765273636.746851,1765273622,0.000503,0.000238,0.000000,0.000000,0.000000,0.000000,0.000000,0.344366
7.031573,1765273636.766859,1765273622,0.000503,0.000238,0.000000,0.000000,0.000000,0.000000,0.000000,-0.344366
7.051582,1765273636.786868,1765273622,0.000503,0.000238,0.000000,0.000000,0.000000,0.000000,0.000000,0.344366
7.071476,1765273636.806703,1765273622,0.000503,0.000238,0.000000,0.000000,0.000000,0.000000,-0.344366,0.000000
7.091503,1765273636.826741,1765273622,0.000503,0.000238,0.000000,0.000000,0.000000,0.000000,0.000000,-0.344366
7.111536,1765273636.846785,1765273622,0.000503,0.000238,0.000000,0.000000,0.000000,0.000000,0.000000,0.344366
7.131554,1765273636.866815,1765273622,0.000503,0.000238,0.000000,0.000000,0.000000,0.000000,0.000000,0.344366
7.151580,1765273636.886852,1765273622,0.000503,0.000238,0.000000,0.000000,0.000000,0.000000,0.000000,0.000000
7.171603,1765273636.906882,1765273622,0.000503,0.000238,0.000000,0.000000,0.000000,0.000000,0.000000,-0.344366
7.191625,1765273636.926910,1765273622,0.000503,0.000238,0.000000,0.000000,0.000000,0.000000,0.000000,-0.344366
7.211619,1765273636.946897,1765273622,0.000503,0.000238,0.000000,0.000000,0.000000,0.000000,0.000000,0.344366
7.231642,1765273636.966928,1765273622,0.000503,0.000238,0.000000,0.000000,0.000000,0.000000,0.000000,0.344366
7.251651,1765273636.986937,1765273622,0.000503,0.000238,0.000000,0.000000,0.000000,0.000000,0.000000,0.000000
7.271660,1765273637.006946,1765273622,0.000503,0.000238,0.000000,0.000000,0.000000,0.000000,0.000000,-0.344366
7.291669,1765273637.026955,1765273622,0.000503,0.000238,0.000000,0.000000,0.000000,0.000000,0.000000,0.000000
7.311677,1765273637.046962,1765273622,0.000503,0.000238,0.000000,0.000000,0.000000,0.000000,0.000000,-0.344366
7.331685,1765273637.066971,1765273622,0.000503,0.000238,0.000000,0.000000,0.000000,0.000000,0.000000,0.000000
7.351694,1765273637.086979,1765273622,0.000503,0.000238,0.000000,0.000000,0.000000,0.000000,0.000000,0.344366
7.371734,1765273637.107023,1765273622,0.000503,0.000238,0.000000,0.000000,0.000000,0.000000,0.000000,0.000000
7.391711,1765273637.126997,1765273622,0.000503,0.000238,0.000000,0.000000,0.000000,0.000000,0.000000,-0.344366
7.411722,1765273637.147008,1765273622,0.000503,0.000238,0.000000,0.000000,0.000000,0.000000,-0.688732,-0.344366
7.431731,1765273637.167017,1765273622,0.000503,0.000238,0.000000,0.000000,0.000000,0.000000,0.000000,0.000000
7.451740,1765273637.187025,1765273622,0.000503,0.000238,0.000000,0.000000,0.000000,0.000000,0.000000,-0.344366
7.471735,1765273637.207014,1765273622,0.000503,0.000238,0.000000,0.000000,0.000000,0.000000,0.000000,0.344366
7.491743,1765273637.227022,1765273622,0.000503,0.000238,0.000000,0.000000,0.000000,0.000000,0.000000,-0.344366
7.511764,1765273637.247050,1765273622,0.000503,0.000238,0.000000,0.000000,0.000000,0.000000,0.000000,0.000000
7.531811,1765273637.267122,1765273622,0.000503,0.000238,0.000000,0.000000,0.000000,0.000000,0.000000,-0.344366
7.551824,1765273637.287134,1765273622,0.000503,0.000238,0.000000,0.000000,0.000000,0.000000,0.000000,0.344366
7.571796,1765273637.307081,1765273622,0.000503,0.000238,0.000000,0.000000,0.000000,0.000000,0.000000,0.344366
7.591805,1765273637.327091,1765273622,0.000503,0.000238,0.000000,0.000000,0.000000,0.000000,0.000000,-0.344366
7.611800,1765273637.347078,1765273622,0.000503,0.000238,0.000000,0.000000,0.000000,0.000000,0.000000,0.000000
7.631788,1765273637.367059,1765273622,0.000503,0.000238,0.000000,0.000000,0.000000,0.000000,0.000000,-0.344366
7.651850,1765273637.387146,1765273622,0.000503,0.000238,0.000000,0.000000,0.000000,0.000000,0.000000,0.000000
7.671859,1765273637.407155,1765273622,0.000503,0.000238,0.000000,0.000000,0.000000,0.000000,0.000000,-0.344366
7.691772,1765273637.427030,1765273622,0.000503,0.000238,0.000000,0.000000,0.000000,0.000000,0.000000,0.000000
7.711943,1765273637.447293,1765273622,0.000503,0.000238,0.000000,0.000000,0.000000,0.000000,0.000000,0.344366
7.731957,1765273637.467307,1765273622,0.000503,0.000238,0.000000,0.000000,0.000000,0.000000,0.000000,-0.344366
7.751883,1765273637.487154,1765273622,0.000503,0.000238,0.000000,0.000000,0.000000,0.000000,0.000000,-0.344366
7.771892,1765273637.507206,1765273622,0.000503,0.000238,0.000000,0.000000,0.000000,0.000000,0.000000,0.344366
7.791855,1765273637.527125,1765273622,0.000503,0.000238,0.000000,0.000000,0.000000,0.000000,0.000000,0.344366
7.811881,1765273637.547143,1765273622,0.000503,0.000238,0.000000,0.000000,0.000000,0.000000,0.000000,0.344366
7.831892,1765273637.567153,1765273622,0.000503,0.000238,0.000000,0.000000,0.000000,0.000000,0.000000,0.344366
7.851892,1765273637.587147,1765273622,0.000503,0.000238,0.000000,0.000000,0.000000,0.000000,0.000000,0.344366
7.871914,1765273637.607183,1765273622,0.000503,0.000238,0.000000,0.000000,0.000000,0.000000,0.000000,0.000000
7.892039,1765273637.627372,1765273622,0.000503,0.000238,0.000000,0.000000,0.000000,0.000000,0.000000,0.000000
7.912004,1765273637.647289,1765273622,0.000503,0.000238,0.000000,0.000000,0.000000,0.000000,0.000000,-0.344366
7.931944,1765273637.667212,1765273622,0.000503,0.000238,0.000000,0.000000,0.000000,0.000000,0.000000,-0.344366
7.952018,1765273637.687287,1765273622,0.000503,0.000238,0.000000,0.000000,0.000000,0.000000,0.000000,0.000000
7.972048,1765273637.707328,1765273622,0.000503,0.000238,0.000000,0.000000,0.000000,0.000000,0.000000,0.000000
7.992077,1765273637.727362,1765273622,0.000503,0.000238,0.000000,0.000000,0.000000,0.000000,0.000000,-0.344366
8.012077,1765273637.747350,1765273622,0.000503,0.000238,0.000000,0.000000,0.000000,0.000000,0.000000,0.344366
8.032130,1765273637.767394,1765273622,0.000503,0.000238,0.000000,0.000000,0.000000,0.000000,0.000000,0.344366
8.052295,1765273637.787605,1765273622,0.000503,0.000238,0.000000,0.000000,0.000000,0.000000,0.000000,0.344366
8.072481,1765273637.807841,1765273622,0.000503,0.000238,0.000000,0.000000,0.000000,0.000000,0.000000,0.000000
8.092177,1765273637.827422,1765273622,0.000503,0.000238,0.000000,0.000000,0.000000,0.000000,0.000000,0.344366
8.112263,1765273637.847542,1765273622,0.000503,0.000238,0.000000,0.000000,0.000000,0.000000,0.000000,0.000000
8.132302,1765273637.867598,1765273622,0.000503,0.000238,0.000000,0.000000,0.000000,0.000000,0.000000,0.000000
8.152346,1765273637.887647,1765273622,0.000503,0.000238,0.000000,0.000000,0.000000,0.000000,0.000000,0.344366
8.172305,1765273637.907591,1765273622,0.000503,0.000238,0.000000,0.000000,0.000000,0.000000,0.000000,0.344366
8.192314,1765273637.927601,1765273622,0.000503,0.000238,0.000000,0.000000,0.000000,0.000000,0.000000,0.344366
8.212323,1765273637.947610,1765273622,0.000503,0.000238,0.000000,0.000000,0.000000,0.000000,0.000000,-0.344366
8.232332,1765273637.967619,1765273622,0.000503,0.000238,0.000000,0.000000,0.000000,0.000000,0.000000,-0.688732
8.252341,1765273637.987627,1765273622,0.000503,0.000238,0.000000,0.000000,0.000000,0.000000,0.000000,-0.344366
8.272337,1765273638.007616,1765273622,0.000503,0.000238,0.000000,0.000000,0.000000,0.000000,0.000000,0.000000
8.292355,1765273638.027634,1765273622,0.000503,0.000238,0.000000,0.000000,0.000000,0.000000,0.000000,-0.344366
8.312367,1765273638.047654,1765273622,0.000503,0.000238,0.000000,0.000000,0.000000,0.000000,0.000000,-0.344366
8.332418,1765273638.067728,1765273622,0.000503,0.000238,0.000000,0.000000,0.000000,0.000000,0.000000,0.000000
8.352428,1765273638.087738,1765273622,0.000503,0.000238,0.000000,0.000000,0.000000,0.000000,0.000000,-0.344366
8.372416,1765273638.107712,1765273622,0.000503,0.000238,0.000000,0.000000,0.000000,0.000000,0.000000,-0.688732
8.392410,1765273638.127697,1765273622,0.000503,0.000238,0.000000,0.000000,0.000000,0.000000,0.000000,0.000000
8.412446,1765273638.147736,1765273622,0.000503,0.000238,0.000000,0.000000,0.000000,0.000000,0.000000,0.344366
8.432428,1765273638.167713,1765273622,0.000503,0.000238,0.000000,0.000000,0.000000,0.000000,0.000000,0.000000
8.452437,1765273638.187723,1765273622,0.000503,0.000238,0.000000,0.000000,0.000000,0.000000,0.000000,-0.344366
8.472447,1765273638.207732,1765273622,0.000503,0.000238,0.000000,0.000000,0.000000,0.000000,0.000000,-0.344366
8.492455,1765273638.227741,1765273622,0.000503,0.000238,0.000000,0.000000,0.000000,0.000000,0.000000,0.000000
8.512464,1765273638.247749,1765273622,0.000503,0.000238,0.000000,0.000000,0.000000,0.000000,0.000000,0.000000
8.532474,1765273638.267761,1765273622,0.000503,0.000238,0.000000,0.000000,0.000000,0.000000,0.000000,0.000000
8.552483,1765273638.287769,1765273622,0.000503,0.000238,0.000000,0.000000,0.000000,0.000000,0.000000,0.344366
8.572492,1765273638.307777,1765273622,0.000503,0.000238,0.000000,0.000000,0.000000,0.000000,0.000000,0.000000
8.592501,1765273638.327788,1765273622,0.000503,0.000238,0.000000,0.000000,0.000000,0.000000,0.000000,0.344366
8.612511,1765273638.347797,1765273622,0.000503,0.000238,0.000000,0.000000,0.000000,0.000000,-0.344366,0.344366
8.632520,1765273638.367803,1765273622,0.000503,0.000238,0.000000,0.000000,0.000000,0.000000,0.000000,0.000000
8.652516,1765273638.387795,1765273622,0.000503,0.000238,0.000000,0.000000,0.000000,0.000000,0.000000,0.000000
8.672567,1765273638.407857,1765273622,0.000503,0.000238,0.000000,0.000000,0.000000,0.000000,0.000000,0.344366
8.692546,1765273638.427832,1765273622,0.000503,0.000238,0.000000,0.000000,0.000000,0.000000,0.000000,0.344366
8.712555,1765273638.447842,1765273622,0.000503,0.000238,0.000000,0.000000,0.000000,0.000000,0.000000,0.344366
8.732564,1765273638.467850,1765273622,0.000503,0.000238,0.000000,0.000000,0.000000,0.000000,0.000000,0.000000
8.752561,1765273638.487840,1765273622,0.000503,0.000238,0.000000,0.000000,0.000000,0.000000,0.000000,1.033098
8.772583,1765273638.507869,1765273622,0.000503,0.000238,0.000000,0.000000,0.000000,0.000000,0.000000,-0.344366
8.792632,1765273638.527943,1765273622,0.000503,0.000238,0.000000,0.000000,0.000000,0.000000,0.000000,0.000000
8.812643,1765273638.547953,1765273622,0.000503,0.000238,0.000000,0.000000,0.000000,0.000000,0.000000,-0.344366
8.832633,1765273638.567930,1765273622,0.000503,0.000238,0.000000,0.000000,0.000000,0.000000,0.000000,-0.344366
8.852625,1765273638.587911,1765273622,0.000503,0.000238,0.000000,0.000000,0.000000,0.000000,0.000000,-0.344366
8.872675,1765273638.607984,1765273622,0.000503,0.000238,0.000000,0.000000,0.000000,0.000000,0.000000,0.344366
8.892687,1765273638.627997,1765273622,0.000503,0.000238,0.000000,0.000000,0.000000,0.000000,0.000000,0.344366
8.912700,1765273638.648009,1765273622,0.000503,0.000238,0.000000,0.000000,0.000000,0.000000,0.000000,0.000000
8.932744,1765273638.668058,1765273622,0.000503,0.000238,0.000000,0.000000,0.000000,0.000000,0.000000,0.344366
8.952721,1765273638.688030,1765273622,0.000503,0.000238,0.000000,0.000000,0.000000,0.000000,0.000000,0.344366
8.972733,1765273638.708043,1765273622,0.000503,0.000238,0.000000,0.000000,0.000000,0.000000,0.000000,-0.344366
8.992746,1765273638.728056,1765273622,0.000503,0.000238,0.000000,0.000000,0.000000,0.000000,0.000000,0.000000
9.012734,1765273638.748030,1765273622,0.000503,0.000238,0.000000,0.000000,0.000000,0.000000,0.000000,-0.344366
9.032744,1765273638.768040,1765273622,0.000503,0.000238,0.000000,0.000000,0.000000,0.000000,0.000000,0.000000
9.052738,1765273638.788025,1765273622,0.000503,0.000238,0.000000,0.000000,0.000000,0.000000,-0.344366,-0.344366
9.072786,1765273638.808095,1765273622,0.000503,0.000238,0.000000,0.000000,0.000000,0.000000,0.000000,0.344366
9.092645,1765273638.827877,1765273622,0.000503,0.000238,0.000000,0.000000,0.000000,0.000000,0.000000,0.344366
9.112705,1765273638.847962,1765273622,0.000503,0.000238,0.000000,0.000000,0.000000,0.000000,-1.033098,0.000000
9.132727,1765273638.867992,1765273622,0.000503,0.000238,0.000000,0.000000,0.000000,0.000000,0.000000,0.000000
9.152744,1765273638.888015,1765273622,0.000503,0.000238,0.000000,0.000000,0.000000,0.000000,0.000000,-0.344366
9.172767,1765273638.908046,1765273622,0.000503,0.000238,0.000000,0.000000,0.000000,0.000000,0.000000,0.000000
9.192794,1765273638.928069,1765273622,0.000503,0.000238,0.000000,0.000000,0.000000,0.000000,0.000000,0.000000
9.212768,1765273638.948040,1765273622,0.000503,0.000238,0.000000,0.000000,0.000000,0.000000,0.000000,-0.344366
9.232791,1765273638.968071,1765273622,0.000503,0.000238,0.000000,0.000000,0.000000,0.000000,0.000000,-0.344366
9.252798,1765273638.988077,1765273622,0.000503,0.000238,0.000000,0.000000,0.000000,0.000000,0.000000,-0.344366
9.272807,1765273639.008086,1765273622,0.000503,0.000238,0.000000,0.000000,0.000000,0.000000,0.000000,0.344366
9.292827,1765273639.028113,1765273622,0.000503,0.000238,0.000000,0.000000,0.000000,0.000000,0.000000,0.344366
9.312824,1765273639.048103,1765273622,0.000503,0.000238,0.000000,0.000000,0.000000,0.000000,0.000000,0.000000
9.332833,1765273639.068111,1765273622,0.000503,0.000238,0.000000,0.000000,0.000000,0.000000,0.000000,0.344366
9.352840,1765273639.088119,1765273622,0.000503,0.000238,0.000000,0.000000,0.000000,0.000000,0.000000,0.000000
9.372862,1765273639.108149,1765273622,0.000503,0.000238,0.000000,0.000000,0.000000,0.000000,0.000000,0.000000
9.392870,1765273639.128156,1765273622,0.000503,0.000238,0.000000,0.000000,0.000000,0.000000,0.000000,-0.344366
9.412879,1765273639.148166,1765273622,0.000503,0.000238,0.000000,0.000000,0.000000,0.000000,0.000000,0.000000
9.432877,1765273639.168155,1765273622,0.000503,0.000238,0.000000,0.000000,0.000000,0.000000,0.000000,-0.344366
9.452907,1765273639.188190,1765273622,0.000503,0.000238,0.000000,0.000000,0.000000,0.000000,0.000000,-0.344366
9.472905,1765273639.208191,1765273622,0.000503,0.000238,0.000000,0.000000,0.000000,0.000000,0.000000,-0.344366
9.492900,1765273639.228179,1765273622,0.000503,0.000238,0.000000,0.000000,0.000000,0.000000,0.000000,-0.344366
9.512910,1765273639.248188,1765273622,0.000503,0.000238,0.000000,0.000000,0.000000,0.000000,0.000000,-0.344366
9.532929,1765273639.268215,1765273622,0.000503,0.000238,0.000000,0.000000,0.000000,0.000000,0.000000,0.000000
9.552927,1765273639.288206,1765273622,0.000503,0.000238,0.000000,0.000000,0.000000,0.000000,0.000000,-0.344366
9.572934,1765273639.308212,1765273622,0.000503,0.000238,0.000000,0.000000,0.000000,0.000000,0.000000,-0.344366
9.592953,1765273639.328239,1765273622,0.000503,0.000238,0.000000,0.000000,0.000000,0.000000,0.000000,-0.344366
9.612950,1765273639.348229,1765273622,0.000503,0.000238,0.000000,0.000000,0.000000,0.000000,0.000000,0.000000
9.632943,1765273639.368214,1765273622,0.000503,0.000238,0.000000,0.000000,0.000000,0.000000,0.000000,0.000000
9.652951,1765273639.388222,1765273622,0.000503,0.000238,0.000000,0.000000,0.000000,0.000000,0.000000,0.000000
9.672983,1765273639.408268,1765273622,0.000503,0.000238,0.000000,0.000000,0.000000,0.000000,0.000000,-0.344366
9.692967,1765273639.428239,1765273622,0.000503,0.000238,0.000000,0.000000,0.000000,0.000000,0.000000,0.344366
9.712897,1765273639.448127,1765273622,0.000503,0.000238,0.000000,0.000000,0.000000,0.000000,0.000000,0.344366
9.732931,1765273639.468180,1765273622,0.000503,0.000238,0.000000,0.000000,0.000000,0.000000,0.000000,-0.344366
9.752967,1765273639.488234,1765273622,0.000503,0.000238,0.000000,0.000000,0.000000,0.000000,0.000000,-0.344366
9.772983,1765273639.508254,1765273622,0.000503,0.000238,0.000000,0.000000,0.000000,0.000000,0.000000,-0.344366
9.792993,1765273639.528265,1765273622,0.000503,0.000238,0.000000,0.000000,0.000000,0.000000,0.000000,0.344366
9.813014,1765273639.548293,1765273622,0.000503,0.000238,0.000000,0.000000,0.000000,0.000000,0.000000,0.000000
9.833022,1765273639.568300,1765273622,0.000503,0.000238,0.000000,0.000000,0.000000,0.000000,0.000000,0.000000
9.853031,1765273639.588309,1765273622,0.000503,0.000238,0.000000,0.000000,0.000000,0.000000,0.000000,-0.344366
9.873039,1765273639.608343,1765273622,0.000503,0.000238,0.000000,0.000000,0.000000,0.000000,0.000000,-0.344366
9.893047,1765273639.628357,1765273622,0.000503,0.000238,0.000000,0.000000,0.000000,0.000000,0.000000,0.000000
9.913039,1765273639.648310,1765273622,0.000503,0.000238,0.000000,0.000000,0.000000,0.000000,0.000000,0.344366
9.933062,1765273639.668361,1765273622,0.000503,0.000238,0.000000,0.000000,0.000000,0.000000,0.000000,-0.344366
9.953070,1765273639.688375,1765273622,0.000503,0.000238,0.000000,0.000000,0.000000,0.000000,0.000000,-0.344366
9.973131,1765273639.708415,1765273622,0.000503,0.000238,0.000000,0.000000,0.000000,0.000000,0.000000,-0.344366
9.993087,1765273639.728395,1765273622,0.000503,0.000238,0.000000,0.000000,0.000000,0.000000,0.000000,0.000000
10.013080,1765273639.748376,1765273622,0.000503,0.000238,0.000000,0.000000,0.000000,0.000000,-0.688732,0.000000
10.033087,1765273639.768384,1765273622,0.000503,0.000238,0.000000,0.000000,0.000000,0.000000,0.000000,0.344366
10.053137,1765273639.788418,1765273622,0.000503,0.000238,0.000000,0.000000,0.000000,0.000000,0.000000,0.344366
10.073015,1765273639.808243,1765273622,0.000503,0.000238,0.000000,0.000000,0.000000,0.000000,0.000000,0.344366
10.093044,1765273639.828282,1765273622,0.000503,0.000238,0.000000,0.000000,0.000000,0.000000,0.000000,0.000000
10.113067,1765273639.848332,1765273622,0.000503,0.000238,0.000000,0.000000,0.000000,0.000000,0.000000,0.000000
10.133086,1765273639.868360,1765273622,0.000503,0.000238,0.000000,0.000000,0.000000,0.000000,0.000000,0.344366
10.153144,1765273639.888416,1765273622,0.000503,0.000238,0.000000,0.000000,0.000000,0.000000,0.000000,0.344366
10.173170,1765273639.908448,1765273622,0.000503,0.000238,0.000000,0.000000,0.000000,0.000000,0.000000,0.344366
10.193177,1765273639.928457,1765273622,0.000503,0.000238,0.000000,0.000000,0.000000,0.000000,0.000000,0.000000
10.213186,1765273639.948465,1765273622,0.000503,0.000238,0.000000,0.000000,0.000000,0.000000,0.000000,-0.344366
10.233220,1765273639.968502,1765273622,0.000503,0.000238,0.000000,0.000000,0.000000,0.000000,0.000000,0.000000
10.253200,1765273639.988486,1765273622,0.000503,0.000238,0.000000,0.000000,0.000000,0.000000,0.000000,0.344366
10.273263,1765273640.008574,1765273622,0.000503,0.000238,0.000000,0.000000,0.000000,0.000000,0.000000,0.344366
10.293253,1765273640.028549,1765273622,0.000503,0.000238,0.000000,0.000000,0.000000,0.000000,0.000000,0.344366
10.313246,1765273640.048532,1765273622,0.000503,0.000238,0.000000,0.000000,0.000000,0.000000,1.033098,-0.344366
10.333256,1765273640.068542,1765273622,0.000503,0.000238,0.000000,0.000000,0.000000,0.000000,0.000000,0.000000
10.353265,1765273640.088551,1765273622,0.000503,0.000238,0.000000,0.000000,0.000000,0.000000,0.000000,0.000000
10.373263,1765273640.108543,1765273622,0.000503,0.000238,0.000000,0.000000,0.000000,0.000000,0.000000,-0.344366
10.393186,1765273640.128424,1765273622,0.000503,0.000238,0.000000,0.000000,0.000000,0.000000,0.000000,-0.344366
10.413255,1765273640.148504,1765273622,0.000503,0.000238,0.000000,0.000000,0.000000,0.000000,0.000000,-0.344366
10.433173,1765273640.168405,1765273622,0.000503,0.000238,0.000000,0.000000,0.000000,0.000000,0.000000,0.000000
10.453179,1765273640.188415,1765273622,0.000503,0.000238,0.000000,0.000000,0.000000,0.000000,0.000000,-0.344366
10.473288,1765273640.208574,1765273622,0.000503,0.000238,0.000000,0.000000,0.000000,0.000000,0.000000,-0.344366
10.493313,1765273640.228594,1765273622,0.000503,0.000238,0.000000,0.000000,0.000000,0.000000,0.000000,0.000000
10.513308,1765273640.248595,1765273622,0.000503,0.000238,0.000000,0.000000,0.000000,0.000000,0.000000,-0.344366
10.533318,1765273640.268605,1765273622,0.000503,0.000238,0.000000,0.000000,0.000000,0.000000,0.000000,0.000000
10.553327,1765273640.288614,1765273622,0.000503,0.000238,0.000000,0.000000,0.000000,0.000000,0.000000,-0.344366
10.573337,1765273640.308623,1765273622,0.000503,0.000238,0.000000,0.000000,0.000000,0.000000,0.000000,0.000000
10.593346,1765273640.328633,1765273622,0.000503,0.000238,0.000000,0.000000,0.000000,0.000000,0.000000,0.000000
10.613336,1765273640.348613,1765273622,0.000503,0.000238,0.000000,0.000000,0.000000,0.000000,-0.688732,0.344366
10.633351,1765273640.368630,1765273622,0.000503,0.000238,0.000000,0.000000,0.000000,0.000000,0.000000,0.000000
10.653371,1765273640.388657,1765273622,0.000503,0.000238,0.000000,0.000000,0.000000,0.000000,0.000000,-0.344366
10.673381,1765273640.408667,1765273622,0.000503,0.000238,0.000000,0.000000,0.000000,0.000000,0.000000,0.000000
10.693390,1765273640.428676,1765273622,0.000503,0.000238,0.000000,0.000000,0.000000,0.000000,0.000000,0.344366
10.713399,1765273640.448684,1765273622,0.000503,0.000238,0.000000,0.000000,0.000000,0.000000,0.000000,0.000000
10.733512,1765273640.468822,1765273622,0.000503,0.000238,0.000000,0.000000,0.000000,0.000000,0.000000,-0.344366
10.753559,1765273640.488874,1765273622,0.000503,0.000238,0.000000,0.000000,0.000000,0.000000,0.000000,0.000000
10.773535,1765273640.508845,1765273622,0.000503,0.000238,0.000000,0.000000,0.000000,0.000000,0.000000,-0.344366
10.793525,1765273640.528821,1765273622,0.000503,0.000238,0.000000,0.000000,0.000000,0.000000,0.000000,0.344366
10.813534,1765273640.548831,1765273622,0.000503,0.000238,0.000000,0.000000,0.000000,0.000000,0.000000,0.344366
10.833546,1765273640.568842,1765273622,0.000503,0.000238,0.000000,0.000000,0.000000,0.000000,0.000000,-0.344366
10.853538,1765273640.588823,1765273622,0.000503,0.000238,0.000000,0.000000,0.000000,0.000000,0.000000,0.344366
10.873546,1765273640.608832,1765273622,0.000503,0.000238,0.000000,0.000000,0.000000,0.000000,0.000000,0.344366
10.893556,1765273640.628842,1765273622,0.000503,0.000238,0.000000,0.000000,0.000000,0.000000,0.000000,0.000000
10.913565,1765273640.648851,1765273622,0.000503,0.000238,0.000000,0.000000,0.000000,0.000000,0.000000,0.344366
10.933573,1765273640.668859,1765273622,0.000503,0.000238,0.000000,0.000000,0.000000,0.000000,0.000000,0.000000
10.953604,1765273640.688892,1765273622,0.000503,0.000238,0.000000,0.000000,0.000000,0.000000,0.000000,-0.344366
10.973613,1765273640.708899,1765273622,0.000503,0.000238,0.000000,0.000000,0.000000,0.000000,0.000000,0.000000
10.993662,1765273640.728972,1765273622,0.000503,0.000238,0.000000,0.000000,0.000000,0.000000,0.000000,-0.344366
11.013725,1765273640.749040,1765273622,0.000503,0.000238,0.000000,0.000000,0.000000,0.000000,0.000000,0.344366
11.033684,1765273640.768994,1765273622,0.000503,0.000238,0.000000,0.000000,0.000000,0.000000,0.000000,-0.344366
11.053673,1765273640.788970,1765273622,0.000503,0.000238,0.000000,0.000000,0.000000,0.000000,0.000000,-0.344366
11.073627,1765273640.808921,1765273622,0.000503,0.000238,0.000000,0.000000,0.000000,0.000000,0.000000,-0.344366
11.093579,1765273640.828817,1765273622,0.000503,0.000238,0.000000,0.000000,0.000000,0.000000,0.000000,-0.344366
11.113605,1765273640.848854,1765273622,0.000503,0.000238,0.000000,0.000000,0.000000,0.000000,0.000000,0.344366
11.133632,1765273640.868893,1765273622,0.000503,0.000238,0.000000,0.000000,0.000000,0.000000,0.000000,-0.344366
11.153658,1765273640.888929,1765273622,0.000503,0.000238,0.000000,0.000000,0.000000,0.000000,0.000000,0.344366
11.173665,1765273640.908937,1765273622,0.000503,0.000238,0.000000,0.000000,0.000000,0.000000,0.000000,-0.344366
11.193689,1765273640.928968,1765273622,0.000503,0.000238,0.000000,0.000000,0.000000,0.000000,0.000000,0.000000
11.213700,1765273640.948979,1765273622,0.000503,0.000238,0.000000,0.000000,0.000000,0.000000,0.000000,0.000000
11.233705,1765273640.968984,1765273622,0.000503,0.000238,0.000000,0.000000,0.000000,0.000000,0.000000,-0.344366
11.253713,1765273640.988992,1765273622,0.000503,0.000238,0.000000,0.000000,0.000000,0.000000,0.000000,0.344366
11.273760,1765273641.009050,1765273622,0.000503,0.000238,0.000000,0.000000,0.000000,0.000000,0.000000,0.000000
11.293730,1765273641.029010,1765273622,0.000503,0.000238,0.000000,0.000000,0.000000,0.000000,0.000000,0.000000
11.313752,1765273641.049038,1765273622,0.000503,0.000238,0.000000,0.000000,0.000000,0.000000,0.000000,0.000000
11.333800,1765273641.069109,1765273622,0.000503,0.000238,0.000000,0.000000,0.000000,0.000000,0.000000,-0.344366
11.353812,1765273641.089122,1765273622,0.000503,0.000238,0.000000,0.000000,0.000000,0.000000,0.000000,0.344366
11.373821,1765273641.109118,1765273622,0.000503,0.000238,0.000000,0.000000,0.000000,0.000000,0.000000,0.000000
11.393812,1765273641.129108,1765273622,0.000503,0.000238,0.000000,0.000000,0.000000,0.000000,0.000000,0.344366
11.413791,1765273641.149071,1765273622,0.000503,0.000238,0.000000,0.000000,0.000000,0.000000,0.000000,-0.344366
11.433801,1765273641.169079,1765273622,0.000503,0.000238,0.000000,0.000000,0.000000,0.000000,0.000000,0.344366
11.453792,1765273641.189063,1765273622,0.000503,0.000238,0.000000,0.000000,0.000000,0.000000,0.000000,-0.344366
11.473816,1765273641.209094,1765273622,0.000503,0.000238,0.000000,0.000000,0.000000,0.000000,0.000000,0.000000
11.493824,1765273641.229103,1765273622,0.000503,0.000238,0.000000,0.000000,0.000000,0.000000,0.000000,0.344366
11.513844,1765273641.249131,1765273622,0.000503,0.000238,0.000000,0.000000,0.000000,0.000000,0.000000,0.344366
11.533849,1765273641.269124,1765273622,0.000503,0.000238,0.000000,0.000000,0.000000,0.000000,0.000000,-0.344366
11.553902,1765273641.289211,1765273622,0.000503,0.000238,0.000000,0.000000,0.000000,0.000000,0.000000,0.344366
11.573913,1765273641.309223,1765273622,0.000503,0.000238,0.000000,0.000000,0.000000,0.000000,0.000000,0.344366
11.593925,1765273641.329234,1765273622,0.000503,0.000238,0.000000,0.000000,0.000000,0.000000,0.000000,0.344366
11.613935,1765273641.349245,1765273622,0.000503,0.000238,0.000000,0.000000,0.000000,0.000000,0.000000,0.344366
11.633947,1765273641.369257,1765273622,0.000503,0.000238,0.000000,0.000000,0.000000,0.000000,0.000000,0.344366
11.653958,1765273641.389268,1765273622,0.000503,0.000238,0.000000,0.000000,0.000000,0.000000,0.000000,-0.344366
11.673946,1765273641.409243,1765273622,0.000503,0.000238,0.000000,0.000000,0.000000,0.000000,0.000000,0.000000
11.693939,1765273641.429225,1765273622,0.000503,0.000238,0.000000,0.000000,0.000000,0.000000,0.000000,0.000000
11.713948,1765273641.449235,1765273622,0.000503,0.000238,0.000000,0.000000,0.000000,0.000000,0.000000,0.000000
11.733959,1765273641.469245,1765273622,0.000503,0.000238,0.000000,0.000000,0.000000,0.000000,0.000000,-0.344366
11.753955,1765273641.489235,1765273622,0.000503,0.000238,0.000000,0.000000,0.000000,0.000000,0.000000,-0.344366
11.773948,1765273641.509220,1765273622,0.000503,0.000238,0.000000,0.000000,0.000000,0.000000,0.000000,0.000000
11.793995,1765273641.529276,1765273622,0.000503,0.000238,0.000000,0.000000,0.000000,0.000000,0.000000,-0.344366
11.813980,1765273641.549258,1765273622,0.000503,0.000238,0.000000,0.000000,0.000000,0.000000,0.000000,0.344366
11.833988,1765273641.569266,1765273622,0.000503,0.000238,0.000000,0.000000,0.000000,0.000000,0.000000,-0.344366
11.854048,1765273641.589393,1765273622,0.000503,0.000238,0.000000,0.000000,0.000000,0.000000,0.000000,0.344366
11.874061,1765273641.609403,1765273622,0.000503,0.000238,0.000000,0.000000,0.000000,0.000000,0.000000,0.000000
11.893956,1765273641.629215,1765273622,0.000503,0.000238,0.000000,0.000000,0.000000,0.000000,0.000000,0.000000
11.914061,1765273641.649362,1765273622,0.000503,0.000238,0.000000,0.000000,0.000000,0.000000,0.000000,0.000000
11.934031,1765273641.669300,1765273622,0.000503,0.000238,0.000000,0.000000,0.000000,0.000000,0.000000,-0.344366
11.954085,1765273641.689385,1765273622,0.000503,0.000238,0.000000,0.000000,0.000000,0.000000,0.000000,-0.344366
11.974105,1765273641.709387,1765273622,0.000503,0.000238,0.000000,0.000000,0.000000,0.000000,0.000000,0.000000
11.994086,1765273641.729377,1765273622,0.000503,0.000238,0.000000,0.000000,0.000000,0.000000,0.000000,-0.344366
12.014102,1765273641.749384,1765273622,0.000503,0.000238,0.000000,0.000000,0.000000,0.000000,0.000000,0.000000
12.034110,1765273641.769391,1765273622,0.000503,0.000238,0.000000,0.000000,0.000000,0.000000,0.000000,-0.344366
12.054294,1765273641.789608,1765273622,0.000503,0.000238,0.000000,0.000000,0.000000,0.000000,0.000000,-0.344366
12.074180,1765273641.809478,1765273622,0.000503,0.000238,0.000000,0.000000,0.000000,0.000000,0.000000,0.000000
12.094108,1765273641.829340,1765273622,0.000503,0.000238,0.000000,0.000000,0.000000,0.000000,0.000000,0.344366
12.114126,1765273641.849365,1765273622,0.000503,0.000238,0.000000,0.000000,0.000000,0.000000,0.000000,0.000000
12.134150,1765273641.869399,1765273622,0.000503,0.000238,0.000000,0.000000,0.000000,0.000000,0.000000,0.344366
12.154167,1765273641.889425,1765273622,0.000503,0.000238,0.000000,0.000000,0.000000,0.000000,0.000000,0.000000
12.174200,1765273641.909466,1765273622,0.000503,0.000238,0.000000,0.000000,0.000000,0.000000,0.000000,-0.344366
12.194235,1765273641.929513,1765273622,0.000503,0.000238,0.000000,0.000000,0.000000,0.000000,0.000000,0.000000
12.214244,1765273641.949523,1765273622,0.000503,0.000238,0.000000,0.000000,0.000000,0.000000,0.000000,-0.344366
12.234252,1765273641.969530,1765273622,0.000503,0.000238,0.000000,0.000000,0.000000,0.000000,0.000000,0.000000
12.254260,1765273641.989539,1765273622,0.000503,0.000238,0.000000,0.000000,0.000000,0.000000,0.000000,0.000000
12.274269,1765273642.009549,1765273622,0.000503,0.000238,0.000000,0.000000,0.000000,0.000000,0.000000,-0.344366
12.294289,1765273642.029577,1765273622,0.000503,0.000238,0.000000,0.000000,0.000000,0.000000,0.000000,0.000000
12.314325,1765273642.049613,1765273622,0.000503,0.000238,0.000000,0.000000,0.000000,0.000000,0.000000,0.000000
12.334308,1765273642.069595,1765273622,0.000503,0.000238,0.000000,0.000000,0.000000,0.000000,0.000000,0.000000
12.354317,1765273642.089603,1765273622,0.000503,0.000238,0.000000,0.000000,0.000000,0.000000,0.000000,0.344366
12.374326,1765273642.109614,1765273622,0.000503,0.000238,0.000000,0.000000,0.000000,0.000000,0.000000,-0.344366
12.394335,1765273642.129622,1765273622,0.000503,0.000238,0.000000,0.000000,0.000000,0.000000,0.000000,0.000000
12.414345,1765273642.149631,1765273622,0.000503,0.000238,0.000000,0.000000,0.000000,0.000000,0.000000,0.000000
12.434354,1765273642.169640,1765273622,0.000503,0.000238,0.000000,0.000000,0.000000,0.000000,-0.344366,-0.344366
12.454362,1765273642.189648,1765273622,0.000503,0.000238,0.000000,0.000000,0.000000,0.000000,0.000000,-0.344366
12.474370,1765273642.209657,1765273622,0.000503,0.000238,0.000000,0.000000,0.000000,0.000000,0.000000,0.000000
12.494381,1765273642.229667,1765273622,0.000503,0.000238,0.000000,0.000000,0.000000,0.000000,0.000000,-0.344366
12.514389,1765273642.249676,1765273622,0.000503,0.000238,0.000000,0.000000,0.000000,0.000000,0.000000,0.344366
12.534398,1765273642.269685,1765273622,0.000503,0.000238,0.000000,0.000000,0.000000,0.000000,0.000000,0.344366
12.554407,1765273642.289695,1765273622,0.000503,0.000238,0.000000,0.000000,0.000000,0.000000,0.000000,0.000000
12.574444,1765273642.309734,1765273622,0.000503,0.000238,0.000000,0.000000,0.000000,0.000000,0.000000,-0.344366
12.594425,1765273642.329711,1765273622,0.000503,0.000238,0.000000,0.000000,0.000000,0.000000,0.000000,0.000000
12.614434,1765273642.349720,1765273622,0.000503,0.000238,0.000000,0.000000,0.000000,0.000000,0.000000,0.000000
12.634443,1765273642.369729,1765273622,0.000503,0.000238,0.000000,0.000000,0.000000,0.000000,0.000000,-0.344366
12.654452,1765273642.389738,1765273622,0.000503,0.000238,0.000000,0.000000,0.000000,0.000000,0.000000,-0.344366
12.674465,1765273642.409744,1765273622,0.000503,0.000238,0.000000,0.000000,0.000000,0.000000,0.000000,-0.344366
12.694474,1765273642.429752,1765273622,0.000503,0.000238,0.000000,0.000000,0.000000,0.000000,0.000000,0.344366
12.714434,1765273642.449705,1765273622,0.000503,0.000238,0.000000,0.000000,0.000000,0.000000,0.000000,0.000000
12.734549,1765273642.469859,1765273622,0.000503,0.000238,0.000000,0.000000,0.000000,0.000000,0.000000,0.000000
12.754538,1765273642.489824,1765273622,0.000503,0.000238,0.000000,0.000000,0.000000,0.000000,0.000000,-0.344366
12.774530,1765273642.509817,1765273622,0.000503,0.000238,0.000000,0.000000,0.000000,0.000000,0.000000,0.344366
12.794539,1765273642.529826,1765273622,0.000503,0.000238,0.000000,0.000000,0.000000,0.000000,0.000000,0.344366
12.814501,1765273642.549762,1765273622,0.000503,0.000238,0.000000,0.000000,0.000000,0.000000,0.000000,0.000000
12.834549,1765273642.569824,1765273622,0.000503,0.000238,0.000000,0.000000,0.000000,0.000000,0.000000,-0.344366
12.854551,1765273642.589830,1765273622,0.000503,0.000238,0.000000,0.000000,0.000000,0.000000,0.000000,0.000000
12.874559,1765273642.609838,1765273622,0.000503,0.000238,0.000000,0.000000,0.000000,0.000000,0.000000,0.344366
12.894567,1765273642.629846,1765273622,0.000503,0.000238,0.000000,0.000000,0.000000,0.000000,0.000000,0.000000
12.914575,1765273642.649854,1765273622,0.000503,0.000238,0.000000,0.000000,0.000000,0.000000,0.000000,-0.344366
12.934568,1765273642.669840,1765273622,0.000503,0.000238,0.000000,0.000000,0.000000,0.000000,0.000000,0.000000
12.954599,1765273642.689878,1765273622,0.000503,0.000238,0.000000,0.000000,0.000000,0.000000,0.000000,0.344366
12.974541,1765273642.709811,1765273622,0.000503,0.000238,0.000000,0.000000,0.000000,0.000000,0.000000,0.000000
12.994661,1765273642.729971,1765273622,0.000503,0.000238,0.000000,0.000000,0.000000,0.000000,0.000000,0.344366
13.014649,1765273642.749944,1765273622,0.000503,0.000238,0.000000,0.000000,0.000000,0.000000,0.000000,-0.344366
13.034658,1765273642.769955,1765273622,0.000503,0.000238,0.000000,0.000000,0.000000,0.000000,0.000000,0.344366
13.054640,1765273642.789919,1765273622,0.000503,0.000238,0.000000,0.000000,0.000000,0.000000,0.000000,0.000000
13.074559,1765273642.809793,1765273622,0.000503,0.000238,0.000000,0.000000,0.000000,0.000000,0.000000,-0.344366
13.094589,1765273642.829831,1765273622,0.000503,0.000238,0.000000,0.000000,0.000000,0.000000,0.000000,0.000000
13.114601,1765273642.849852,1765273622,0.000503,0.000238,0.000000,0.000000,0.000000,0.000000,0.000000,0.000000
13.134632,1765273642.869898,1765273622,0.000503,0.000238,0.000000,0.000000,0.000000,0.000000,0.000000,0.000000
13.154651,1765273642.889920,1765273622,0.000503,0.000238,0.000000,0.000000,0.000000,0.000000,0.000000,0.000000
13.174658,1765273642.909930,1765273622,0.000503,0.000238,0.000000,0.000000,0.000000,0.000000,0.000000,0.344366
13.194680,1765273642.929959,1765273622,0.000503,0.000238,0.000000,0.000000,0.000000,0.000000,0.000000,0.344366
13.214689,1765273642.949967,1765273622,0.000503,0.000238,0.000000,0.000000,0.000000,0.000000,0.000000,0.344366
13.234697,1765273642.969977,1765273622,0.000503,0.000238,0.000000,0.000000,0.000000,0.000000,0.000000,-0.344366
13.254706,1765273642.989985,1765273622,0.000503,0.000238,0.000000,0.000000,0.000000,0.000000,0.000000,0.344366
13.274714,1765273643.009993,1765273622,0.000503,0.000238,0.000000,0.000000,0.000000,0.000000,0.000000,0.000000
13.294723,1765273643.030002,1765273622,0.000503,0.000238,0.000000,0.000000,0.000000,0.000000,0.000000,0.344366
13.314730,1765273643.050007,1765273622,0.000503,0.000238,0.000000,0.000000,0.000000,0.000000,0.000000,-0.344366
13.334739,1765273643.070018,1765273622,0.000503,0.000238,0.000000,0.000000,0.000000,0.000000,0.000000,-0.344366
13.354772,1765273643.090055,1765273622,0.000503,0.000238,0.000000,0.000000,0.000000,0.000000,0.000000,0.344366
13.374768,1765273643.110054,1765273622,0.000503,0.000238,0.000000,0.000000,0.000000,0.000000,0.000000,0.344366
13.394777,1765273643.130064,1765273622,0.000503,0.000238,0.000000,0.000000,0.000000,0.000000,0.000000,0.000000
13.414807,1765273643.150103,1765273622,0.000503,0.000238,0.000000,0.000000,0.000000,0.000000,0.000000,-0.344366
13.434813,1765273643.170110,1765273622,0.000503,0.000238,0.000000,0.000000,0.000000,0.000000,0.000000,0.000000
13.454823,1765273643.190118,1765273622,0.000503,0.000238,0.000000,0.000000,0.000000,0.000000,0.000000,0.344366
13.474815,1765273643.210100,1765273622,0.000503,0.000238,0.000000,0.000000,0.000000,0.000000,0.000000,0.000000
13.494824,1765273643.230110,1765273622,0.000503,0.000238,0.000000,0.000000,0.000000,0.000000,0.000000,0.000000
13.514741,1765273643.249990,1765273622,0.000503,0.000238,0.000000,0.000000,0.000000,0.000000,0.000000,-0.344366
13.534859,1765273643.270156,1765273622,0.000503,0.000238,0.000000,0.000000,0.000000,0.000000,0.000000,0.000000
13.554853,1765273643.290139,1765273622,0.000503,0.000238,0.000000,0.000000,0.000000,0.000000,0.000000,0.000000
13.574861,1765273643.310147,1765273622,0.000503,0.000238,0.000000,0.000000,0.000000,0.000000,0.000000,0.000000
13.594871,1765273643.330157,1765273622,0.000503,0.000238,0.000000,0.000000,0.000000,0.000000,0.000000,-0.344366
13.614909,1765273643.350199,1765273622,0.000503,0.000238,0.000000,0.000000,0.000000,0.000000,0.000000,-0.344366
13.634876,1765273643.370154,1765273622,0.000503,0.000238,0.000000,0.000000,0.000000,0.000000,0.000000,-0.344366
13.654884,1765273643.390164,1765273622,0.000503,0.000238,0.000000,0.000000,0.000000,0.000000,0.000000,-0.344366
13.674892,1765273643.410172,1765273622,0.000503,0.000238,0.000000,0.000000,0.000000,0.000000,0.000000,0.344366
13.694901,1765273643.430180,1765273622,0.000503,0.000238,0.000000,0.000000,0.000000,0.000000,0.000000,0.000000
13.714921,1765273643.450207,1765273622,0.000503,0.000238,0.000000,0.000000,0.000000,0.000000,0.000000,0.000000
13.734929,1765273643.470215,1765273622,0.000503,0.000238,0.000000,0.000000,0.000000,0.000000,0.000000,0.344366
13.754978,1765273643.490288,1765273622,0.000503,0.000238,0.000000,0.000000,0.000000,0.000000,0.000000,0.000000
13.774966,1765273643.510262,1765273622,0.000503,0.000238,0.000000,0.000000,0.000000,0.000000,0.000000,0.000000
13.794959,1765273643.530245,1765273622,0.000503,0.000238,0.000000,0.000000,0.000000,0.000000,0.000000,0.000000
13.814969,1765273643.550255,1765273622,0.000503,0.000238,0.000000,0.000000,0.000000,0.000000,0.000000,0.344366
13.834977,1765273643.570265,1765273622,0.000503,0.000238,0.000000,0.000000,0.000000,0.000000,0.000000,-0.344366
13.854978,1765273643.590254,1765273622,0.000503,0.000238,0.000000,0.000000,0.000000,0.000000,0.000000,-0.344366
13.874963,1765273643.610226,1765273622,0.000503,0.000238,0.000000,0.000000,0.000000,0.000000,0.000000,0.000000
13.894971,1765273643.630242,1765273622,0.000503,0.000238,0.000000,0.000000,0.000000,0.000000,0.000000,0.000000
13.914994,1765273643.650272,1765273622,0.000503,0.000238,0.000000,0.000000,0.000000,0.000000,0.000000,0.000000
13.935003,1765273643.670281,1765273622,0.000503,0.000238,0.000000,0.000000,0.000000,0.000000,0.000000,0.000000
13.955010,1765273643.690289,1765273622,0.000503,0.000238,0.000000,0.000000,0.000000,0.000000,0.000000,-0.344366
13.975002,1765273643.710273,1765273622,0.000503,0.000238,0.000000,0.000000,0.000000,0.000000,0.000000,0.344366
13.995026,1765273643.730304,1765273622,0.000503,0.000238,0.000000,0.000000,0.000000,0.000000,0.000000,0.000000
14.015033,1765273643.750347,1765273622,0.000503,0.000238,0.000000,0.000000,0.000000,0.000000,0.000000,-0.344366
14.035041,1765273643.770344,1765273622,0.000503,0.000238,0.000000,0.000000,0.000000,0.000000,0.000000,-0.344366
14.055049,1765273643.790351,1765273622,0.000503,0.000238,0.000000,0.000000,0.000000,0.000000,0.000000,0.000000
14.075023,1765273643.810310,1765273622,0.000503,0.000238,0.000000,0.000000,0.000000,0.000000,0.000000,0.344366
14.094993,1765273643.830237,1765273622,0.000503,0.000238,0.000000,0.000000,0.000000,0.000000,0.000000,-0.344366
14.115024,1765273643.850281,1765273622,0.000503,0.000238,0.000000,0.000000,0.000000,0.000000,0.000000,0.000000
14.135063,1765273643.870353,1765273622,0.000503,0.000238,0.000000,0.000000,0.000000,0.000000,0.000000,0.000000
14.155064,1765273643.890360,1765273622,0.000503,0.000238,0.000000,0.000000,0.000000,0.000000,0.000000,-0.344366
14.175070,1765273643.910368,1765273622,0.000503,0.000238,0.000000,0.000000,0.000000,0.000000,0.000000,-0.344366
14.195173,1765273643.930676,1765273622,0.000503,0.000238,0.000000,0.000000,0.000000,0.000000,0.000000,0.344366
14.215171,1765273643.950467,1765273622,0.000503,0.000238,0.000000,0.000000,0.000000,0.000000,0.000000,0.344366
14.235157,1765273643.970443,1765273622,0.000503,0.000238,0.000000,0.000000,0.000000,0.000000,0.000000,0.344366
14.255167,1765273643.990454,1765273622,0.000503,0.000238,0.000000,0.000000,0.000000,0.000000,0.000000,0.000000
14.275177,1765273644.010464,1765273622,0.000503,0.000238,0.000000,0.000000,0.000000,0.000000,0.000000,0.000000
14.295186,1765273644.030465,1765273622,0.000503,0.000238,0.000000,0.000000,0.000000,0.000000,0.000000,0.344366
14.315199,1765273644.050485,1765273622,0.000503,0.000238,0.000000,0.000000,0.000000,0.000000,0.000000,-0.688732
14.335116,1765273644.070389,1765273622,0.000503,0.000238,0.000000,0.000000,0.000000,0.000000,0.000000,0.000000
14.355129,1765273644.090407,1765273622,0.000503,0.000238,0.000000,0.000000,0.000000,0.000000,0.000000,0.344366
14.375138,1765273644.110391,1765273622,0.000503,0.000238,0.000000,0.000000,0.000000,0.000000,0.000000,-0.344366
14.395145,1765273644.130393,1765273622,0.000503,0.000238,0.000000,0.000000,0.000000,0.000000,0.000000,0.000000
14.415137,1765273644.150382,1765273622,0.000503,0.000238,0.000000,0.000000,0.000000,0.000000,0.000000,-0.344366
14.435136,1765273644.170382,1765273622,0.000503,0.000238,0.000000,0.000000,0.000000,0.000000,0.000000,-0.344366
14.455140,1765273644.190385,1765273622,0.000503,0.000238,0.000000,0.000000,0.000000,0.000000,0.000000,0.000000
14.475143,1765273644.210388,1765273622,0.000503,0.000238,0.000000,0.000000,0.000000,0.000000,0.000000,0.000000
14.495146,1765273644.230391,1765273622,0.000503,0.000238,0.000000,0.000000,0.000000,0.000000,0.000000,0.344366
14.515158,1765273644.250402,1765273622,0.000503,0.000238,0.000000,0.000000,0.000000,0.000000,0.000000,0.000000
14.535160,1765273644.270403,1765273622,0.000503,0.000238,0.000000,0.000000,0.000000,0.000000,0.000000,0.344366
14.555164,1765273644.290408,1765273622,0.000503,0.000238,0.000000,0.000000,0.000000,0.000000,0.000000,0.000000
14.575281,1765273644.310577,1765273622,0.000503,0.000238,0.000000,0.000000,0.000000,0.000000,0.000000,0.000000
14.595316,1765273644.330626,1765273622,0.000503,0.000238,0.000000,0.000000,0.000000,0.000000,0.000000,0.344366
14.615305,1765273644.350601,1765273622,0.000503,0.000238,0.000000,0.000000,0.000000,0.000000,0.000000,0.000000
14.635315,1765273644.370610,1765273622,0.000503,0.000238,0.000000,0.000000,0.000000,0.000000,0.000000,-0.344366
14.655334,1765273644.390624,1765273622,0.000503,0.000238,0.000000,0.000000,0.000000,0.000000,0.000000,0.000000
14.675305,1765273644.410707,1765273622,0.000503,0.000238,0.000000,0.000000,0.000000,0.000000,0.000000,-0.344366
14.695313,1765273644.430588,1765273622,0.000503,0.000238,0.000000,0.000000,0.000000,0.000000,0.000000,0.344366
14.715268,1765273644.450516,1765273622,0.000503,0.000238,0.000000,0.000000,0.000000,0.000000,0.000000,0.344366
14.735252,1765273644.470495,1765273622,0.000503,0.000238,0.000000,0.000000,0.000000,0.000000,0.000000,0.344366
14.755341,1765273644.490626,1765273622,0.000503,0.000238,0.000000,0.000000,0.000000,0.000000,0.000000,0.000000
14.775336,1765273644.510616,1765273622,0.000503,0.000238,0.000000,0.000000,0.000000,0.000000,0.000000,0.000000
14.795309,1765273644.530571,1765273622,0.000503,0.000238,0.000000,0.000000,0.000000,0.000000,0.000000,0.000000
14.815336,1765273644.550606,1765273622,0.000503,0.000238,0.000000,0.000000,0.000000,0.000000,0.000000,-0.688732
14.835359,1765273644.570638,1765273622,0.000503,0.000238,0.000000,0.000000,0.000000,0.000000,0.000000,-0.344366
14.855367,1765273644.590647,1765273622,0.000503,0.000238,0.000000,0.000000,0.000000,0.000000,-0.688732,0.344366
14.875387,1765273644.610673,1765273622,0.000503,0.000238,0.000000,0.000000,0.000000,0.000000,0.000000,0.344366
14.895396,1765273644.630683,1765273622,0.000503,0.000238,0.000000,0.000000,0.000000,0.000000,0.000000,-0.344366
14.915436,1765273644.650725,1765273622,0.000503,0.000238,0.000000,0.000000,0.000000,0.000000,0.000000,-0.344366
14.935415,1765273644.670701,1765273622,0.000503,0.000238,0.000000,0.000000,0.000000,0.000000,0.000000,0.000000
14.955423,1765273644.690710,1765273622,0.000503,0.000238,0.000000,0.000000,0.000000,0.000000,0.000000,-0.344366
14.975431,1765273644.710718,1765273622,0.000503,0.000238,0.000000,0.000000,0.000000,0.000000,0.000000,0.344366
14.995442,1765273644.730728,1765273622,0.000503,0.000238,0.000000,0.000000,0.000000,0.000000,0.000000,0.344366
15.015451,1765273644.750738,1765273622,0.000503,0.000238,0.000000,0.000000,0.000000,0.000000,0.000000,0.000000
15.035493,1765273644.770802,1765273622,0.000503,0.000238,0.000000,0.000000,0.000000,0.000000,0.000000,0.000000
15.055511,1765273644.790821,1765273622,0.000503,0.000238,0.000000,0.000000,0.000000,0.000000,0.000000,0.344366
15.075444,1765273644.810738,1765273622,0.000503,0.000238,0.000000,0.000000,0.000000,0.000000,0.000000,-0.344366
15.095397,1765273644.830636,1765273622,0.000503,0.000238,0.000000,0.000000,0.000000,0.000000,0.000000,0.344366
15.115420,1765273644.850670,1765273622,0.000503,0.000238,0.000000,0.000000,0.000000,0.000000,0.000000,0.344366
15.135449,1765273644.870707,1765273622,0.000503,0.000238,0.000000,0.000000,0.000000,0.000000,0.000000,-0.344366
15.155474,1765273644.890745,1765273622,0.000503,0.000238,0.000000,0.000000,0.000000,0.000000,0.000000,0.344366
15.175522,1765273644.910804,1765273622,0.000503,0.000238,0.000000,0.000000,0.000000,0.000000,0.000000,0.000000
15.195504,1765273644.930782,1765273622,0.000503,0.000238,0.000000,0.000000,0.000000,0.000000,0.000000,-0.344366
15.215524,1765273644.950810,1765273622,0.000503,0.000238,0.000000,0.000000,0.000000,0.000000,0.000000,0.000000
15.235533,1765273644.970814,1765273622,0.000503,0.000238,0.000000,0.000000,0.000000,0.000000,0.000000,0.000000
15.255529,1765273644.990808,1765273622,0.000503,0.000238,0.000000,0.000000,0.000000,0.000000,0.000000,0.000000
15.275550,1765273645.010835,1765273622,0.000503,0.000238,0.000000,0.000000,0.000000,0.000000,0.000000,-0.344366
15.295559,1765273645.030844,1765273622,0.000503,0.000238,0.000000,0.000000,0.000000,0.000000,0.000000,0.000000
15.315568,1765273645.050854,1765273622,0.000503,0.000238,0.000000,0.000000,0.000000,0.000000,0.000000,0.344366
15.335576,1765273645.070862,1765273622,0.000503,0.000238,0.000000,0.000000,0.000000,0.000000,0.000000,-0.344366
15.355586,1765273645.090873,1765273622,0.000503,0.000238,0.000000,0.000000,0.000000,0.000000,0.000000,0.000000
15.375593,1765273645.110873,1765273622,0.000503,0.000238,0.000000,0.000000,0.000000,0.000000,0.000000,0.344366
15.395604,1765273645.130891,1765273622,0.000503,0.000238,0.000000,0.000446,0.000000,0.000000,0.000000,0.344366
15.415613,1765273645.150900,1765273622,0.000503,0.000238,0.000000,0.000000,0.000000,0.000000,0.000000,-0.344366
15.435651,1765273645.170940,1765273622,0.000503,0.000238,0.000000,0.000000,0.000000,0.000000,0.000000,0.000000
15.455630,1765273645.190916,1765273622,0.000503,0.000238,0.000000,0.000000,0.000000,0.000000,0.000000,0.000000
15.475639,1765273645.210926,1765273622,0.000503,0.000238,0.000000,0.000000,0.000000,0.000000,0.000000,0.000000
15.495648,1765273645.230933,1765273622,0.000503,0.000238,0.000000,0.000000,0.000000,0.000000,0.000000,0.000000
15.515657,1765273645.250943,1765273622,0.000503,0.000238,0.000000,0.000000,0.000000,0.000000,0.000000,-0.344366
15.535667,1765273645.270953,1765273622,0.000503,0.000238,0.000000,0.000000,0.000000,0.000000,0.000000,0.344366
15.555676,1765273645.290961,1765273622,0.000503,0.000238,0.000000,0.000000,0.000000,0.000000,-0.344366,0.344366
15.575684,1765273645.310970,1765273622,0.000503,0.000238,0.000000,0.000000,0.000000,0.000000,0.000000,-0.344366
15.595693,1765273645.330979,1765273622,0.000503,0.000242,0.000000,0.000263,0.000000,0.000000,0.000000,0.000000
15.615690,1765273645.350968,1765273622,0.000503,0.000238,0.000000,0.000073,0.000000,0.000000,0.000000,0.000000
15.635708,1765273645.370986,1765273622,0.000503,0.000238,0.000000,0.000000,0.000000,0.000000,0.000000,0.000000
15.655706,1765273645.390986,1765273622,0.000503,0.000238,0.000000,0.000000,0.000000,0.000000,0.000000,-0.344366
15.675713,1765273645.410991,1765273622,0.000503,0.000238,0.000000,0.000000,0.000000,0.000000,0.000000,0.344366
15.695745,1765273645.431028,1765273622,0.000503,0.000238,0.000000,0.000000,0.000000,0.000000,0.000000,0.344366
15.715727,1765273645.451001,1765273622,0.000503,0.000238,0.000000,0.000000,0.000000,0.000000,0.000000,0.344366
15.735750,1765273645.471037,1765273622,0.000503,0.000238,0.000000,0.000000,0.000000,0.000000,0.000000,-0.344366
15.755812,1765273645.491124,1765273622,0.000503,0.000238,0.000000,0.000000,0.000000,0.000000,0.000000,-0.344366
15.775809,1765273645.511119,1765273622,0.000503,0.000238,0.000000,0.000000,0.000000,0.000000,0.000000,0.344366
15.795821,1765273645.531130,1765273622,0.000503,0.000238,0.000000,0.000000,0.000000,0.000000,0.000000,0.344366
15.815809,1765273645.551105,1765273622,0.000503,0.000238,0.000000,0.000000,0.000000,0.000000,0.000000,0.000000
15.835803,1765273645.571088,1765273622,0.000503,0.000238,0.000000,0.000000,0.000000,0.000000,0.000000,0.344366
15.855852,1765273645.591164,1765273622,0.000503,0.000238,0.000000,0.000000,0.000000,0.000000,0.000000,0.000000
15.875862,1765273645.611173,1765273622,0.000503,0.000238,0.000000,0.000000,0.000000,0.000000,0.000000,0.344366
15.895874,1765273645.631184,1765273622,0.000503,0.000238,0.000000,0.000000,0.000000,0.000000,0.000000,0.344366
15.915885,1765273645.651195,1765273622,0.000503,0.000238,0.000000,0.000000,0.000000,0.000000,0.000000,-0.344366
15.935897,1765273645.671208,1765273622,0.000503,0.000238,0.000000,0.000000,0.000000,0.000000,0.000000,0.000000
15.955916,1765273645.691217,1765273622,0.000503,0.000238,0.000000,0.000000,0.000000,0.000000,0.000000,-0.344366
15.975875,1765273645.711162,1765273622,0.000503,0.000238,0.000000,0.000000,0.000000,0.000000,0.000000,-0.344366
15.995884,1765273645.731170,1765273622,0.000503,0.000238,0.000000,0.000000,0.000000,0.000000,0.000000,-0.344366
16.015931,1765273645.751241,1765273622,0.000503,0.000238,0.000000,0.000000,0.000000,0.000000,0.000000,0.000000
16.035920,1765273645.771216,1765273622,0.000503,0.000238,0.000000,0.000000,0.000000,0.000000,0.000000,0.344366
16.055912,1765273645.791198,1765273622,0.000503,0.000238,0.000000,0.000000,0.000000,0.000000,0.000000,-0.344366
16.075821,1765273645.811056,1765273622,0.000503,0.000238,0.000000,0.000000,0.000000,0.000000,0.000000,0.000000
16.095854,1765273645.831107,1765273622,0.000503,0.000238,0.000000,0.000000,0.000000,0.000000,0.000000,0.344366
16.115933,1765273645.851219,1765273622,0.000503,0.000238,0.000000,0.000000,0.000000,0.000000,0.000000,0.000000
16.135973,1765273645.871282,1765273622,0.000503,0.000238,0.000000,0.000000,0.000000,0.000000,0.000000,0.000000
16.155907,1765273645.891177,1765273622,0.000503,0.000238,0.000000,0.000000,0.000000,0.000000,0.000000,0.000000
16.176022,1765273645.911363,1765273622,0.000503,0.000238,0.000000,0.000000,0.000000,0.000000,0.000000,0.344366
16.196012,1765273645.931308,1765273622,0.000503,0.000238,0.000000,0.000000,0.000000,0.000000,0.000000,0.344366
16.216032,1765273645.951355,1765273622,0.000503,0.000238,0.000000,0.000000,0.000000,0.000000,0.000000,0.344366
16.236014,1765273645.971300,1765273622,0.000503,0.000238,0.000000,0.000000,0.000000,0.000000,0.000000,0.000000
16.256025,1765273645.991334,1765273622,0.000503,0.000238,0.000000,0.000000,0.000000,0.000000,0.000000,0.344366
16.276031,1765273646.011342,1765273622,0.000503,0.000238,0.000000,0.000000,0.000000,0.000000,0.000000,-0.344366
16.296039,1765273646.031359,1765273622,0.000503,0.000238,0.000000,0.000000,0.000000,0.000000,0.000000,0.000000
16.316037,1765273646.051344,1765273622,0.000503,0.000238,0.000000,0.000000,0.000000,0.000000,0.000000,0.344366
16.336044,1765273646.071352,1765273622,0.000503,0.000238,0.000000,0.000000,0.000000,0.000000,0.000000,-0.344366
16.356052,1765273646.091361,1765273622,0.000503,0.000238,0.000000,0.000000,0.000000,0.000000,0.000000,0.000000
16.376061,1765273646.111363,1765273622,0.000503,0.000238,0.000000,0.000000,0.000000,0.000000,0.000000,0.000000
16.396068,1765273646.131378,1765273622,0.000503,0.000238,0.000000,0.000000,0.000000,0.000000,0.000000,-0.344366
16.416077,1765273646.151383,1765273622,0.000503,0.000238,0.000000,0.000000,0.000000,0.000000,0.000000,0.000000
16.436086,1765273646.171395,1765273622,0.000503,0.000238,0.000000,0.000000,0.000000,0.000000,0.000000,0.344366
16.456119,1765273646.191400,1765273622,0.000503,0.000238,0.000000,0.000000,0.000000,0.000000,0.000000,-0.344366
16.476157,1765273646.211441,1765273622,0.000503,0.000238,0.000000,0.000000,0.000000,0.000000,0.000000,0.000000
16.496135,1765273646.231415,1765273622,0.000503,0.000238,0.000000,0.000000,0.000000,0.000000,0.000000,-0.344366
16.516144,1765273646.251424,1765273622,0.000503,0.000238,0.000000,0.000000,0.000000,0.000000,0.000000,-0.344366
16.536154,1765273646.271434,1765273622,0.000503,0.000238,0.000000,0.000000,0.000000,0.000000,0.000000,0.000000
16.556161,1765273646.291439,1765273622,0.000503,0.000238,0.000000,0.000000,0.000000,0.000000,0.000000,-0.344366
16.576170,1765273646.311449,1765273622,0.000503,0.000238,0.000000,0.000000,0.000000,0.000000,0.000000,0.000000
16.596177,1765273646.331457,1765273622,0.000503,0.000238,0.000000,0.000000,0.000000,0.000000,0.000000,0.344366
16.616185,1765273646.351464,1765273622,0.000503,0.000238,0.000000,0.000000,0.000000,0.000000,0.000000,0.344366
16.636192,1765273646.371470,1765273622,0.000503,0.000238,0.000000,0.000000,0.000000,0.000000,0.000000,0.344366
16.656199,1765273646.391476,1765273622,0.000503,0.000238,0.000000,0.000000,0.000000,0.000000,0.000000,-0.344366
16.676262,1765273646.411572,1765273622,0.000503,0.000238,0.000000,0.000000,0.000000,0.000000,0.000000,-0.344366
16.696246,1765273646.431542,1765273622,0.000503,0.000238,0.000000,0.000000,0.000000,0.000000,0.000000,0.000000
16.716242,1765273646.451529,1765273622,0.000503,0.000238,0.000000,0.000000,0.000000,0.000000,0.000000,0.344366
16.736278,1765273646.471568,1765273622,0.000503,0.000238,0.000000,0.000000,0.000000,0.000000,0.000000,0.000000
16.756261,1765273646.491547,1765273622,0.000503,0.000238,0.000000,0.000000,0.000000,0.000000,0.000000,-0.344366
16.776242,1765273646.511513,1765273622,0.000503,0.000238,0.000000,0.000000,0.000000,0.000000,0.000000,0.000000
16.796265,1765273646.531544,1765273622,0.000503,0.000238,0.000000,0.000000,0.000000,0.000000,0.000000,-0.344366
16.816258,1765273646.551529,1765273622,0.000503,0.000238,0.000000,0.000000,0.000000,0.000000,0.000000,0.344366
16.836281,1765273646.571560,1765273622,0.000503,0.000238,0.000000,0.000000,0.000000,0.000000,0.000000,-0.344366
16.856289,1765273646.591568,1765273622,0.000503,0.000238,0.000000,0.000000,0.000000,0.000000,0.000000,0.000000
16.876281,1765273646.611552,1765273622,0.000503,0.000238,0.000000,0.000000,0.000000,0.000000,0.000000,-0.344366
16.896302,1765273646.631582,1765273622,0.000503,0.000238,0.000000,0.000680,0.000000,0.000000,0.000000,0.344366
16.916364,1765273646.651673,1765273622,0.000503,0.000238,0.000000,0.000446,0.000000,0.000000,0.000000,-0.344366
16.936353,1765273646.671649,1765273622,0.000503,0.000238,0.000000,-0.000945,0.000000,0.000000,0.000000,0.344366
16.956363,1765273646.691659,1765273622,0.000503,0.000238,0.000000,0.000000,0.000000,0.000000,0.000000,-0.344366
16.976373,1765273646.711665,1765273622,0.000503,0.000238,0.000000,0.000000,0.000000,0.000000,0.000000,0.344366
16.996395,1765273646.731686,1765273622,0.000503,0.000238,0.000000,0.000000,0.000000,0.000000,0.000000,0.000000
17.016415,1765273646.751725,1765273622,0.000503,0.000238,0.000000,0.000000,0.000000,0.000000,0.000000,-0.344366
17.036426,1765273646.771737,1765273622,0.000503,0.000238,0.000000,-0.000140,0.000000,0.000000,0.000000,-0.344366
17.056415,1765273646.791711,1765273622,0.000503,0.000238,0.000000,0.000000,0.000000,0.000000,0.000000,-0.344366
17.076304,1765273646.811534,1765273622,0.000503,0.000238,0.000000,0.000000,0.000000,0.000000,0.000000,-0.344366
17.096327,1765273646.831568,1765273622,0.000503,0.000238,0.000000,0.000000,0.000000,0.000000,0.000000,0.000000
17.116368,1765273646.851629,1765273622,0.000503,0.000238,0.000000,-0.000946,0.000000,0.000000,0.000000,0.000000
17.136421,1765273646.871708,1765273622,0.000503,0.000238,0.000000,-0.000946,0.000000,0.000000,0.000000,-0.344366
17.156431,1765273646.891717,1765273622,0.000503,0.000242,0.000000,0.000872,0.000000,0.000000,0.000000,0.000000
17.176438,1765273646.911725,1765273622,0.000503,0.000238,0.000000,0.000000,0.000000,0.000000,0.000000,0.344366
17.196448,1765273646.931735,1765273622,0.000503,0.000238,0.000000,-0.000946,0.000000,0.000000,0.000000,0.000000
17.216458,1765273646.951745,1765273622,0.000503,0.000238,0.000000,-0.000943,0.000000,0.000000,0.000000,-0.344366
17.236453,1765273646.971732,1765273622,0.000503,0.000242,0.000000,0.000935,0.000000,0.000000,-0.688732,-0.344366
17.256486,1765273646.991768,1765273622,0.000503,0.000238,0.000000,-0.000925,0.000000,0.000000,0.000000,0.000000
17.276469,1765273647.011748,1765273622,0.000503,0.000238,0.000000,0.000000,0.000000,0.000000,0.000000,0.344366
17.296476,1765273647.031755,1765273622,0.000503,0.000238,0.000000,-0.000946,0.000000,0.000000,0.000000,-0.344366
17.316486,1765273647.051764,1765273622,0.000503,0.000238,0.000000,-0.000943,0.000000,0.000000,0.000000,0.000000
17.336506,1765273647.071793,1765273622,0.000503,0.000242,0.000000,0.000000,0.000000,0.000000,0.000000,0.000000
17.356486,1765273647.091757,1765273622,0.000503,0.000242,0.000000,0.000940,0.000000,0.000000,0.000000,-0.344366
17.376510,1765273647.111789,1765273622,0.000503,0.000242,0.000000,0.000000,0.000000,0.000000,0.000000,0.000000
17.396519,1765273647.131798,1765273622,0.000503,0.000242,0.000000,0.000944,0.000000,0.000000,0.000000,-0.344366
17.416528,1765273647.151806,1765273622,0.000503,0.000242,0.000000,0.000608,0.000000,0.000000,0.000000,-0.344366
17.436547,1765273647.171833,1765273622,0.000503,0.000238,0.000000,0.000681,0.000000,0.000000,0.000000,0.344366
17.456547,1765273647.191826,1765273622,0.000503,0.000238,0.000000,-0.000925,0.000000,0.000000,0.000000,0.000000
17.476580,1765273647.211876,1765273622,0.000503,0.000238,0.000000,-0.000940,0.000000,0.000000,0.000000,0.000000
17.496612,1765273647.231915,1765273622,0.000503,0.000242,0.000000,0.000001,0.000000,0.000000,0.000000,0.344366
17.516632,1765273647.251932,1765273622,0.000503,0.000242,0.000000,0.000786,0.000000,0.000000,0.000000,0.344366
17.536589,1765273647.271875,1765273622,0.000503,0.000242,0.000000,0.000417,0.000000,0.000000,0.000000,0.344366
17.556599,1765273647.291885,1765273622,0.000503,0.000242,0.000000,0.000000,0.000000,0.000000,0.000000,-0.344366
17.576609,1765273647.311894,1765273622,0.000503,0.000242,0.000000,0.000000,0.000000,0.000000,0.000000,0.000000
17.596606,1765273647.331885,1765273622,0.000503,0.000242,0.000000,0.000000,0.000000,0.000000,0.000000,0.000000
17.616625,1765273647.351910,1765273622,0.000503,0.000242,0.000000,0.000000,0.000000,0.000000,0.000000,-0.344366
17.636634,1765273647.371920,1765273622,0.000503,0.000242,0.000000,0.000000,0.000000,0.000000,0.000000,0.000000
17.656683,1765273647.391994,1765273622,0.000503,0.000242,0.000000,0.000000,0.000000,0.000000,-0.344366,0.000000
17.676694,1765273647.412004,1765273622,0.000503,0.000242,0.000000,-0.000682,0.000000,0.000000,0.000000,-0.344366
17.696683,1765273647.431978,1765273622,0.000503,0.000238,0.000000,-0.000935,0.000000,0.000000,0.000000,0.344366
17.716648,1765273647.451920,1765273622,0.000503,0.000242,0.000000,0.000000,0.000000,0.000000,0.000000,-0.344366
17.736670,1765273647.471949,1765273622,0.000503,0.000242,0.000000,0.000000,0.000000,0.000000,0.000000,0.344366
17.756680,1765273647.491959,1765273622,0.000503,0.000242,0.000000,0.000001,0.000000,0.000000,0.000000,0.344366
17.776622,1765273647.511870,1765273622,0.000503,0.000242,0.000000,0.000001,0.000000,0.000000,0.000000,0.344366
17.796609,1765273647.531856,1765273622,0.000503,0.000242,0.000000,0.000000,0.000000,0.000000,0.000000,0.000000
17.816615,1765273647.551866,1765273622,0.000503,0.000242,0.000000,0.000000,0.000000,0.000000,0.000000,0.000000
17.836701,1765273647.571980,1765273622,0.000503,0.000242,0.000000,0.000000,0.000000,0.000000,0.000000,0.344366
17.856709,1765273647.591987,1765273622,0.000503,0.000242,0.000000,0.000915,0.000000,0.000000,0.000000,0.000000
17.876719,1765273647.611997,1765273622,0.000503,0.000242,0.000000,0.000000,0.000000,0.000000,0.000000,0.000000
17.896727,1765273647.632006,1765273622,0.000503,0.000242,0.000000,0.000001,0.000000,0.000000,0.000000,-0.344366
17.916746,1765273647.652032,1765273622,0.000503,0.000242,0.000000,0.000000,0.000000,0.000000,0.000000,0.000000
17.936743,1765273647.672022,1765273622,0.000503,0.000242,0.000000,0.000000,0.000000,0.000000,0.000000,0.344366
17.956752,1765273647.692032,1765273622,0.000503,0.000242,0.000000,0.000000,0.000000,0.000000,0.000000,0.000000
17.976772,1765273647.712058,1765273622,0.000503,0.000242,0.000000,-0.000446,0.000000,0.000000,0.000000,0.000000
17.996781,1765273647.732068,1765273622,0.000503,0.000242,0.000000,0.000000,0.000000,0.000000,0.000000,0.000000
18.016789,1765273647.752074,1765273622,0.000503,0.000242,0.000000,0.000000,0.000000,0.000000,0.000000,0.000000
18.036828,1765273647.772119,1765273622,0.000503,0.000242,0.000000,0.000000,0.000000,0.000000,0.000000,-0.344366
18.056796,1765273647.792074,1765273622,0.000503,0.000242,0.000000,0.000000,0.000000,0.000000,0.000000,-0.344366
18.076714,1765273647.811949,1765273622,0.000503,0.000242,0.000000,0.000000,0.000000,0.000000,-0.688732,0.000000
18.096780,1765273647.832053,1765273622,0.000503,0.000242,0.000000,0.000000,0.000000,0.000000,0.000000,0.344366
18.116834,1765273647.852126,1765273622,0.000503,0.000242,0.000000,0.000000,0.000000,0.000000,0.000000,0.344366
18.136819,1765273647.872097,1765273622,0.000503,0.000242,0.000000,0.000000,0.000000,0.000000,0.000000,-0.344366
18.156827,1765273647.892107,1765273622,0.000503,0.000242,0.000000,0.000000,0.000000,0.000000,0.000000,-0.344366
18.176808,1765273647.912073,1765273622,0.000503,0.000242,0.000000,0.000000,0.000000,0.000000,0.000000,0.000000
18.196841,1765273647.932120,1765273622,0.000503,0.000242,0.000000,0.000000,0.000000,0.000000,0.000000,0.000000
18.216849,1765273647.952127,1765273622,0.000503,0.000242,0.000000,0.000000,0.000000,0.000000,0.000000,0.000000
18.236870,1765273647.972156,1765273622,0.000503,0.000242,0.000000,0.000000,0.000000,0.000000,0.000000,-0.344366
18.256879,1765273647.992165,1765273622,0.000503,0.000242,0.000000,0.000000,0.000000,0.000000,0.000000,0.000000
18.276887,1765273648.012174,1765273622,0.000503,0.000242,0.000000,0.000000,0.000000,0.000000,0.000000,0.344366
18.296893,1765273648.032167,1765273622,0.000503,0.000242,0.000000,0.000000,0.000000,0.000000,0.000000,0.000000
18.316892,1765273648.052171,1765273622,0.000503,0.000242,0.000000,0.000000,0.000000,0.000000,0.000000,-0.688732
18.336913,1765273648.072199,1765273622,0.000503,0.000242,0.000000,0.000000,0.000000,0.000000,0.000000,0.344366
18.356921,1765273648.092208,1765273622,0.000503,0.000242,0.000000,0.000000,0.000000,0.000000,0.000000,0.344366
18.376919,1765273648.112198,1765273622,0.000503,0.000242,0.000000,0.000000,0.000000,0.000000,0.000000,0.344366
18.396927,1765273648.132206,1765273622,0.000503,0.000242,0.000000,0.000000,0.000000,0.000000,0.000000,0.344366
18.416934,1765273648.152214,1765273622,0.000503,0.000238,0.000000,-0.000935,0.000000,0.000000,0.000000,-0.344366
18.436927,1765273648.172197,1765273622,0.000503,0.000242,0.000000,0.000000,0.000000,0.000000,0.000000,-0.344366
18.456912,1765273648.192173,1765273622,0.000503,0.000242,0.000000,0.000000,0.000000,0.000000,0.000000,0.000000
18.476935,1765273648.212207,1765273622,0.000503,0.000242,0.000000,0.000000,0.000000,0.000000,0.000000,0.344366
18.496945,1765273648.232216,1765273622,0.000503,0.000238,0.000000,-0.000935,0.000000,0.000000,0.000000,0.000000
18.516953,1765273648.252224,1765273622,0.000503,0.000242,0.000000,0.000000,0.000000,0.000000,0.000000,-0.344366
18.536960,1765273648.272231,1765273622,0.000503,0.000242,0.000000,0.000000,0.000000,0.000000,0.000000,-0.344366
18.556976,1765273648.292244,1765273622,0.000503,0.000242,0.000000,0.000000,0.000000,0.000000,0.000000,-0.344366
18.576973,1765273648.312245,1765273622,0.000503,0.000242,0.000000,0.000000,0.000000,0.000000,0.000000,-0.344366
18.596981,1765273648.332252,1765273622,0.000503,0.000242,0.000000,0.000000,0.000000,0.000000,0.000000,0.000000
18.616987,1765273648.352258,1765273622,0.000503,0.000242,0.000000,0.000000,0.000000,0.000000,0.000000,0.000000
18.636974,1765273648.372235,1765273622,0.000503,0.000242,0.000000,0.000000,0.000000,0.000000,0.000000,0.000000
18.656981,1765273648.392243,1765273622,0.000503,0.000242,0.000000,0.000000,0.000000,0.000000,0.000000,-0.344366
18.676977,1765273648.412234,1765273622,0.000503,0.000242,0.000000,0.000000,0.000000,0.000000,0.000000,0.000000
18.696998,1765273648.432263,1765273622,0.000503,0.000242,0.000000,0.000000,0.000000,0.000000,0.000000,0.344366
18.717016,1765273648.452287,1765273622,0.000503,0.000242,0.000000,0.000000,0.000000,0.000000,0.000000,-0.344366
18.737023,1765273648.472295,1765273622,0.000503,0.000242,0.000000,0.000000,0.000000,0.000000,0.000000,0.000000
18.757031,1765273648.492302,1765273622,0.000503,0.000242,0.000000,0.000000,0.000000,0.000000,0.000000,0.344366
18.777053,1765273648.512362,1765273622,0.000503,0.000242,0.000000,0.000000,0.000000,0.000000,0.000000,0.000000
18.797060,1765273648.532375,1765273622,0.000503,0.000242,0.000000,0.000000,0.000000,0.000000,0.000000,0.000000
18.817123,1765273648.552407,1765273622,0.000503,0.000242,0.000000,0.000000,0.000000,0.000000,0.000000,0.000000
18.837075,1765273648.572382,1765273622,0.000503,0.000242,0.000000,0.000000,0.000000,0.000000,0.000000,0.000000
18.857068,1765273648.592364,1765273622,0.000503,0.000242,0.000000,0.000000,0.000000,0.000000,0.000000,-0.344366
18.877075,1765273648.612371,1765273622,0.000503,0.000242,0.000000,0.000000,0.000000,0.000000,0.000000,0.344366
18.897130,1765273648.632411,1765273622,0.000503,0.000242,0.000000,0.000000,0.000000,0.000000,0.000000,0.344366
18.917132,1765273648.652413,1765273622,0.000503,0.000242,0.000000,0.000000,0.000000,0.000000,0.000000,0.000000
18.937144,1765273648.672424,1765273622,0.000503,0.000242,0.000000,0.000000,0.000000,0.000000,0.000000,0.000000
18.957210,1765273648.692519,1765273622,0.000503,0.000242,0.000000,0.000000,0.000000,0.000000,0.000000,-0.344366
18.977189,1765273648.712483,1765273622,0.000503,0.000242,0.000000,0.000000,0.000000,0.000000,0.000000,-0.344366
18.997220,1765273648.732530,1765273622,0.000503,0.000242,0.000000,0.000000,0.000000,0.000000,0.000000,-0.344366
19.017201,1765273648.752487,1765273622,0.000503,0.000242,0.000000,0.000000,0.000000,0.000000,0.000000,0.000000
19.037171,1765273648.772443,1765273622,0.000503,0.000242,0.000000,0.000000,0.000000,0.000000,0.000000,-0.344366
19.057177,1765273648.792449,1765273622,0.000503,0.000242,0.000000,0.000000,0.000000,0.000000,0.000000,-0.344366
19.077082,1765273648.812310,1765273622,0.000503,0.000242,0.000000,0.000000,0.000000,0.000000,0.000000,-0.344366
19.097101,1765273648.832335,1765273622,0.000503,0.000242,0.000000,0.000000,0.000000,0.000000,0.000000,0.000000
19.117121,1765273648.852363,1765273622,0.000503,0.000242,0.000000,0.000000,0.000000,0.000000,0.000000,0.000000
19.137146,1765273648.872398,1765273622,0.000503,0.000242,0.000000,0.000000,0.000000,0.000000,0.000000,0.000000
19.157172,1765273648.892433,1765273622,0.000503,0.000242,0.000000,0.000000,0.000000,0.000000,0.000000,0.000000
19.177204,1765273648.912476,1765273622,0.000503,0.000242,0.000000,0.000000,0.000000,0.000000,0.000000,-0.344366
19.197236,1765273648.932515,1765273622,0.000503,0.000242,0.000000,0.000000,0.000000,0.000000,0.000000,0.000000
19.217264,1765273648.952555,1765273622,0.000503,0.000242,0.000000,0.000000,0.000000,0.000000,0.000000,-0.344366
19.237252,1765273648.972543,1765273622,0.000503,0.000242,0.000000,0.000000,0.000000,0.000000,0.000000,0.344366
19.257267,1765273648.992551,1765273622,0.000503,0.000242,0.000000,0.000000,0.000000,0.000000,0.000000,0.000000
19.277254,1765273649.012525,1765273622,0.000503,0.000242,0.000000,0.000000,0.000000,0.000000,0.000000,0.344366
19.297276,1765273649.032555,1765273622,0.000503,0.000242,0.000000,0.000000,0.000000,0.000000,0.000000,0.000000
19.317285,1765273649.052563,1765273622,0.000503,0.000242,0.000000,0.000000,0.000000,0.000000,0.000000,-0.344366
19.337336,1765273649.072625,1765273622,0.000503,0.000242,0.000000,0.000000,0.000000,0.000000,0.000000,0.344366
19.357314,1765273649.092600,1765273622,0.000503,0.000242,0.000000,0.000000,0.000000,0.000000,0.000000,0.000000
19.377322,1765273649.112608,1765273622,0.000503,0.000242,0.000000,0.000000,0.000000,0.000000,0.000000,-0.344366
19.397331,1765273649.132617,1765273622,0.000503,0.000242,0.000000,0.000000,0.000000,0.000000,0.000000,0.344366
19.417341,1765273649.152627,1765273622,0.000503,0.000242,0.000000,0.000000,0.000000,0.000000,0.000000,-0.344366
19.437351,1765273649.172637,1765273622,0.000503,0.000242,0.000000,0.000000,0.000000,0.000000,0.000000,0.000000
19.457360,1765273649.192647,1765273622,0.000503,0.000242,0.000000,0.000000,0.000000,0.000000,0.000000,0.000000
19.477369,1765273649.212654,1765273622,0.000503,0.000242,0.000000,0.000000,0.000000,0.000000,0.000000,0.344366
19.497379,1765273649.232665,1765273622,0.000503,0.000242,0.000000,0.000000,0.000000,0.000000,0.000000,-0.344366
19.517387,1765273649.252675,1765273622,0.000503,0.000242,0.000000,0.000000,0.000000,0.000000,0.000000,0.344366
19.537397,1765273649.272684,1765273622,0.000503,0.000242,0.000000,0.000000,0.000000,0.000000,0.000000,-0.344366
19.557406,1765273649.292692,1765273622,0.000503,0.000242,0.000000,0.000000,0.000000,0.000000,0.000000,0.000000
19.577415,1765273649.312701,1765273622,0.000503,0.000242,0.000000,0.000000,0.000000,0.000000,1.033098,-0.344366
19.597449,1765273649.332738,1765273622,0.000503,0.000242,0.000000,0.000000,0.000000,0.000000,0.000000,0.344366
19.617434,1765273649.352721,1765273622,0.000503,0.000242,0.000000,0.000000,0.000000,0.000000,0.000000,-0.344366
19.637442,1765273649.372730,1765273622,0.000503,0.000242,0.000000,0.000000,0.000000,0.000000,-0.688732,0.000000
19.657439,1765273649.392718,1765273622,0.000503,0.000242,0.000000,0.000000,0.000000,0.000000,0.000000,-0.344366
19.677461,1765273649.412747,1765273622,0.000503,0.000242,0.000000,0.000000,0.000000,0.000000,0.000000,-0.344366
19.697457,1765273649.432736,1765273622,0.000503,0.000242,0.000000,0.000000,0.000000,0.000000,0.000000,-0.344366
19.717370,1765273649.452601,1765273622,0.000503,0.000242,0.000000,0.000000,0.000000,0.000000,0.000000,-0.344366
19.737417,1765273649.472672,1765273622,0.000503,0.000242,0.000000,0.000000,0.000000,0.000000,0.000000,0.344366
19.757434,1765273649.492696,1765273622,0.000503,0.000242,0.000000,0.000000,0.000000,0.000000,0.000000,-0.344366
19.777461,1765273649.512733,1765273622,0.000503,0.000242,0.000000,0.000000,0.000000,0.000000,0.000000,0.344366
19.797470,1765273649.532741,1765273622,0.000503,0.000242,0.000000,0.000000,0.000000,0.000000,0.000000,0.344366
19.817491,1765273649.552769,1765273622,0.000503,0.000242,0.000000,0.000000,0.000000,0.000000,0.000000,-0.344366
19.837499,1765273649.572778,1765273622,0.000503,0.000242,0.000000,0.000000,0.000000,0.000000,0.000000,0.344366
19.857537,1765273649.592832,1765273622,0.000503,0.000242,0.000000,0.000000,0.000000,0.000000,0.000000,0.344366
19.877517,1765273649.612795,1765273622,0.000503,0.000242,0.000000,0.000000,0.000000,0.000000,0.000000,0.344366
19.897526,1765273649.632805,1765273622,0.000503,0.000242,0.000000,0.000000,0.000000,0.000000,0.000000,-0.344366
19.917533,1765273649.652812,1765273622,0.000503,0.000242,0.000000,0.000000,0.000000,0.000000,0.000000,0.344366
19.937551,1765273649.672831,1765273622,0.000503,0.000242,0.000000,0.000000,0.000000,0.000000,0.000000,0.000000
19.957562,1765273649.692848,1765273622,0.000503,0.000242,0.000000,0.000000,0.000000,0.000000,0.000000,-0.344366
19.977572,1765273649.712857,1765273622,0.000503,0.000242,0.000000,0.000000,0.000000,0.000000,0.000000,-0.344366
19.997582,1765273649.732868,1765273622,0.000503,0.000242,0.000000,0.000000,0.000000,0.000000,0.000000,-0.344366
20.017590,1765273649.752876,1765273622,0.000503,0.000242,0.000000,0.000000,0.000000,0.000000,0.000000,0.344366
20.037587,1765273649.772867,1765273622,0.000503,0.000242,0.000000,0.000000,0.000000,0.000000,0.000000,0.344366
20.057597,1765273649.792875,1765273622,0.000503,0.000242,0.000000,0.000000,0.000000,0.000000,0.000000,0.344366
20.077572,1765273649.812864,1765273622,0.000503,0.000242,0.000000,0.000000,0.000000,0.000000,0.000000,-0.344366
20.097531,1765273649.832770,1765273622,0.000503,0.000242,0.000000,0.000000,0.000000,0.000000,0.000000,0.344366
20.117565,1765273649.852816,1765273622,0.000503,0.000242,0.000000,0.000000,0.000000,0.000000,0.000000,0.000000
20.137582,1765273649.872843,1765273622,0.000503,0.000242,0.000000,0.000000,0.000000,0.000000,0.000000,0.000000
20.157597,1765273649.892862,1765273622,0.000503,0.000242,0.000000,0.000000,0.000000,0.000000,0.000000,0.344366
20.177615,1765273649.912885,1765273622,0.000503,0.000242,0.000000,0.000000,0.000000,0.000000,0.000000,-0.344366
20.197621,1765273649.932893,1765273622,0.000503,0.000242,0.000000,0.000000,0.000000,0.000000,0.000000,0.344366
20.217643,1765273649.952922,1765273622,0.000503,0.000242,0.000000,0.000000,0.000000,0.000000,0.000000,0.344366
20.237652,1765273649.972930,1765273622,0.000503,0.000242,0.000000,0.000000,0.000000,0.000000,0.000000,0.000000
20.257661,1765273649.992940,1765273622,0.000503,0.000242,0.000000,0.000000,0.000000,0.000000,0.000000,0.344366
20.277668,1765273650.012948,1765273622,0.000503,0.000242,0.000000,0.000000,0.000000,0.000000,0.000000,0.000000
20.297676,1765273650.032954,1765273622,0.000503,0.000242,0.000000,0.000000,0.000000,0.000000,0.000000,-0.344366
20.317685,1765273650.052964,1765273622,0.000503,0.000242,0.000000,0.000000,0.000000,0.000000,0.000000,0.000000
20.337693,1765273650.072971,1765273622,0.000503,0.000242,0.000000,0.000000,0.000000,0.000000,0.000000,-0.344366
20.357731,1765273650.093024,1765273622,0.000503,0.000242,0.000000,0.000000,0.000000,0.000000,0.000000,0.344366
20.377768,1765273650.113069,1765273622,0.000503,0.000242,0.000000,0.000000,0.000000,0.000000,0.000000,0.000000
20.397719,1765273650.132997,1765273622,0.000503,0.000242,0.000000,0.000000,0.000000,0.000000,0.000000,0.000000
20.417740,1765273650.153026,1765273622,0.000503,0.000242,0.000000,0.000000,0.000000,0.000000,0.000000,0.000000
20.437788,1765273650.173099,1765273622,0.000503,0.000242,0.000000,0.000000,0.000000,0.000000,0.000000,0.000000
20.457800,1765273650.193112,1765273622,0.000503,0.000242,0.000000,0.000000,0.000000,0.000000,0.000000,0.000000
20.477789,1765273650.213084,1765273622,0.000503,0.000242,0.000000,0.000000,0.000000,0.000000,0.000000,-0.344366
20.497721,1765273650.232993,1765273622,0.000503,0.000242,0.000000,0.000000,0.000000,0.000000,0.000000,0.344366
20.517807,1765273650.253103,1765273622,0.000503,0.000242,0.000000,0.000000,0.000000,0.000000,0.000000,0.344366
20.537818,1765273650.273104,1765273622,0.000503,0.000242,0.000000,0.000000,0.000000,0.000000,0.000000,0.344366
20.557811,1765273650.293098,1765273622,0.000503,0.000242,0.000000,0.000000,0.000000,0.000000,0.000000,-0.344366
20.577821,1765273650.313107,1765273622,0.000503,0.000242,0.000000,0.000000,0.000000,0.000000,0.000000,-0.344366
20.597829,1765273650.333114,1765273622,0.000503,0.000242,0.000000,0.000000,0.000000,0.000000,0.000000,-0.344366
20.617747,1765273650.352995,1765273622,0.000503,0.000242,0.000000,0.000000,0.000000,0.000000,0.000000,-0.344366
20.637914,1765273650.373205,1765273622,0.000503,0.000242,0.000000,0.000000,0.000000,0.000000,0.000000,0.000000
20.657840,1765273650.393109,1765273622,0.000503,0.000242,0.000000,0.000000,0.000000,0.000000,0.000000,0.344366
20.677826,1765273650.413087,1765273622,0.000503,0.000242,0.000000,0.000000,0.000000,0.000000,0.000000,-0.344366
20.697933,1765273650.433229,1765273622,0.000503,0.000242,0.000000,0.000000,0.000000,0.000000,0.000000,-0.344366
20.717967,1765273650.453277,1765273622,0.000503,0.000242,0.000000,0.000000,0.000000,0.000000,0.000000,-0.344366
20.737861,1765273650.473123,1765273622,0.000503,0.000242,0.000000,0.000000,0.000000,0.000000,0.000000,0.000000
20.757935,1765273650.493224,1765273622,0.000503,0.000242,0.000000,0.000000,0.000000,0.000000,0.000000,0.000000
20.777917,1765273650.513187,1765273622,0.000503,0.000242,0.000000,0.000000,0.000000,0.000000,0.000000,0.000000
20.797902,1765273650.533142,1765273622,0.000503,0.000242,0.000000,0.000000,0.000000,0.000000,0.000000,0.000000
20.817899,1765273650.553135,1765273622,0.000503,0.000242,0.000000,0.000000,0.000000,0.000000,0.000000,-0.344366
20.837909,1765273650.573152,1765273622,0.000503,0.000242,0.000000,0.000000,0.000000,0.000000,0.000000,-0.344366
20.857920,1765273650.593166,1765273622,0.000503,0.000242,0.000000,0.000000,0.000000,0.000000,0.000000,-0.344366
20.877930,1765273650.613181,1765273622,0.000503,0.000242,0.000000,0.000000,0.000000,0.000000,0.000000,0.000000
20.897994,1765273650.633250,1765273622,0.000503,0.000242,0.000000,0.000000,0.000000,0.000000,0.000000,-0.344366
20.917972,1765273650.653228,1765273622,0.000503,0.000242,0.000000,0.000000,0.000000,0.000000,0.000000,-0.344366
20.937979,1765273650.673234,1765273622,0.000503,0.000242,0.000000,0.000000,0.000000,0.000000,0.000000,0.344366
20.958004,1765273650.693266,1765273622,0.000503,0.000242,0.000000,0.000000,0.000000,0.000000,0.000000,-0.344366
20.978160,1765273650.713471,1765273622,0.000503,0.000242,0.000000,0.000000,0.000000,0.000000,0.000000,0.344366
20.998152,1765273650.733449,1765273622,0.000503,0.000242,0.000000,0.000000,0.000000,0.000000,0.000000,0.000000
21.018148,1765273650.753436,1765273622,0.000503,0.000242,0.000000,0.000000,0.000000,0.000000,0.000000,0.000000
21.038156,1765273650.773442,1765273622,0.000503,0.000242,0.000000,0.000000,0.000000,0.000000,0.000000,0.344366
21.058070,1765273650.793347,1765273622,0.000503,0.000242,0.000000,0.000000,0.000000,0.000000,0.000000,-0.344366
21.078041,1765273650.813277,1765273622,0.000503,0.000242,0.000000,0.000000,0.000000,0.000000,0.000000,-0.344366
21.098051,1765273650.833292,1765273622,0.000503,0.000242,0.000000,0.000000,0.000000,0.000000,0.000000,-0.344366
21.118149,1765273650.853585,1765273622,0.000503,0.000242,0.000000,0.000000,0.000000,0.000000,0.000000,0.344366
21.138204,1765273650.873502,1765273622,0.000503,0.000242,0.000000,0.000000,0.000000,0.000000,0.000000,0.000000
21.158251,1765273650.893541,1765273622,0.000503,0.000242,0.000000,0.000000,0.000000,0.000000,0.000000,0.000000
21.178202,1765273650.913487,1765273622,0.000503,0.000242,0.000000,0.000000,0.000000,0.000000,0.000000,0.000000
21.198201,1765273650.933479,1765273622,0.000503,0.000242,-0.000002,0.000000,0.000000,0.000000,0.000000,0.000000
21.218204,1765273650.953483,1765273622,0.000503,0.000242,0.000000,0.000000,0.000000,0.000000,0.000000,0.344366
21.238212,1765273650.973490,1765273622,0.000503,0.000242,0.000000,0.000000,0.000000,0.000000,0.000000,0.344366
21.258212,1765273650.993490,1765273622,0.000503,0.000242,0.000000,0.000000,0.000000,0.000000,0.000000,-0.344366
21.278230,1765273651.013508,1765273622,0.000503,0.000242,0.000000,0.000000,0.000000,0.000000,0.000000,0.000000
21.298250,1765273651.033535,1765273622,0.000503,0.000242,0.000000,0.000000,0.000000,0.000000,0.000000,-0.344366
21.318198,1765273651.053455,1765273622,0.000503,0.000242,0.000039,0.000000,0.000000,0.000000,0.000000,-0.344366
21.338330,1765273651.073640,1765273622,0.000503,0.000242,0.000000,0.000000,0.000000,0.000000,0.000000,-0.344366
21.358342,1765273651.093651,1765273622,0.000503,0.000242,0.000000,0.000000,0.000000,0.000000,0.000000,0.000000
21.378330,1765273651.113626,1765273622,0.000503,0.000242,0.000000,0.000000,0.000000,0.000000,0.000000,-0.344366
21.398340,1765273651.133637,1765273622,0.000503,0.000242,0.000000,0.000000,0.000000,0.000000,0.000000,-0.344366
21.418360,1765273651.153649,1765273622,0.000503,0.000242,0.000000,0.000000,0.000000,0.000000,0.000000,0.000000
21.438338,1765273651.173617,1765273622,0.000503,0.000242,0.000000,0.000000,0.000000,0.000000,0.000000,0.000000
21.458351,1765273651.193638,1765273622,0.000503,0.000242,0.000000,0.000000,0.000000,0.000000,0.000000,0.000000
21.478361,1765273651.213647,1765273622,0.000503,0.000242,0.000000,0.000000,0.000000,0.000000,0.000000,0.000000
21.498371,1765273651.233657,1765273622,0.000503,0.000242,0.000000,0.000000,0.000000,0.000000,0.000000,0.344366
21.518379,1765273651.253666,1765273622,0.000503,0.000242,0.000000,0.000000,0.000000,0.000000,0.000000,-0.344366
21.538390,1765273651.273676,1765273622,0.000503,0.000242,0.000000,0.000000,0.000000,0.000000,0.000000,-0.344366
21.558400,1765273651.293688,1765273622,0.000503,0.000242,0.000000,0.000000,0.000000,0.000000,0.000000,0.000000
21.578409,1765273651.313696,1765273622,0.000503,0.000242,0.000000,0.000000,0.000000,0.000000,0.000000,-0.344366
21.598417,1765273651.333704,1765273622,0.000503,0.000242,0.000000,0.000000,0.000000,0.000000,0.000000,-0.344366
21.618427,1765273651.353711,1765273622,0.000503,0.000242,0.000000,0.000000,0.000000,0.000000,0.000000,-0.344366
21.638436,1765273651.373722,1765273622,0.000503,0.000242,0.000000,0.000000,0.000000,0.000000,0.000000,0.000000
21.658460,1765273651.393756,1765273622,0.000503,0.000242,0.000000,0.000000,0.000000,0.000000,0.000000,-0.344366
21.678590,1765273651.413905,1765273622,0.000503,0.000242,0.000000,0.000000,0.000000,0.000000,0.000000,0.344366
21.698562,1765273651.433872,1765273622,0.000503,0.000242,0.000000,0.000000,0.000000,0.000000,0.000000,0.344366
21.718574,1765273651.453884,1765273622,0.000503,0.000242,0.000000,0.000000,0.000000,0.000000,0.000000,0.344366
21.738586,1765273651.473897,1765273622,0.000503,0.000242,0.000000,0.000000,0.000000,0.000000,0.000000,-0.344366
21.758574,1765273651.493869,1765273622,0.000503,0.000242,0.000000,0.000000,0.000000,0.000000,0.000000,0.000000
21.778567,1765273651.513853,1765273622,0.000503,0.000242,0.000000,0.000000,0.000000,0.000000,0.000000,0.000000
21.798576,1765273651.533862,1765273622,0.000503,0.000242,0.000000,0.000000,0.000000,0.000000,0.000000,-0.344366
21.818585,1765273651.553873,1765273622,0.000503,0.000242,0.000000,0.000000,0.000000,0.000000,0.000000,0.000000
21.838593,1765273651.573879,1765273622,0.000503,0.000242,0.000000,0.000000,0.000000,0.000000,0.000000,0.344366
21.858603,1765273651.593889,1765273622,0.000503,0.000242,0.000000,0.000000,0.000000,0.000000,0.000000,0.000000
21.878613,1765273651.613899,1765273622,0.000503,0.000242,0.000000,0.000000,0.000000,0.000000,0.000000,0.000000
21.898621,1765273651.633908,1765273622,0.000503,0.000242,0.000000,0.000000,0.000000,0.000000,0.000000,0.000000
21.918630,1765273651.653916,1765273622,0.000503,0.000242,0.000000,0.000000,0.000000,0.000000,0.000000,0.000000
21.938665,1765273651.673954,1765273622,0.000503,0.000242,0.000000,0.000000,0.000000,0.000000,0.000000,0.000000
21.958649,1765273651.693935,1765273622,0.000503,0.000242,0.000000,0.000000,0.000000,0.000000,0.000000,0.000000
21.978657,1765273651.713943,1765273622,0.000503,0.000242,0.000000,0.000000,0.000000,0.000000,0.000000,-0.344366
21.998666,1765273651.733953,1765273622,0.000503,0.000242,0.000000,0.000000,0.000000,0.000000,0.000000,0.000000
22.018675,1765273651.753962,1765273622,0.000503,0.000242,0.000000,0.000000,0.000000,0.000000,0.000000,0.000000
22.038683,1765273651.773969,1765273622,0.000503,0.000242,0.000000,0.000000,0.000000,0.000000,0.000000,0.344366
22.058694,1765273651.793979,1765273622,0.000503,0.000242,0.000000,0.000000,0.000000,0.000000,0.000000,0.000000
