time,sys_time,session_id,pos_x,pos_y,vel_x,vel_y,fcmd_x,fcmd_y,fs_x,fs_y
0.041178,1765280649.223782,1765280643,0.001245,0.000208,0.042506,0.001874,0.000000,0.000000,0.000000,0.000000
0.061152,1765280649.243721,1765280643,0.002169,0.000204,0.053350,0.000000,0.000000,0.000000,0.000000,0.000000
0.081139,1765280649.263695,1765280643,0.003365,0.000208,0.067510,0.000000,0.000000,0.000000,0.000000,0.000000
0.101177,1765280649.283753,1765280643,0.004781,0.000212,0.072726,0.000907,0.000000,0.000000,0.000000,0.000000
0.121272,1765280649.303894,1765280643,0.006242,0.000212,0.079546,0.000000,0.000000,0.000000,0.000000,0.000000
0.141266,1765280649.323877,1765280643,0.007695,0.000212,0.073968,0.000264,0.000000,0.000000,0.000000,0.000000
0.161276,1765280649.343887,1765280643,0.009027,0.000212,0.059242,0.000000,0.000000,0.000000,0.000000,0.000000
0.181285,1765280649.363895,1765280643,0.010152,0.000212,0.057035,0.000000,0.000000,0.000000,0.688732,-0.344366
0.201282,1765280649.383886,1765280643,0.011745,0.000212,0.106316,0.000000,0.000000,0.000000,7.920415,0.000000
0.221291,1765280649.403894,1765280643,0.012888,0.000212,0.042845,-0.000445,0.000000,0.000000,0.344366,0.000000
0.241263,1765280649.423858,1765280643,0.013361,0.000216,0.011113,0.000935,0.000000,0.000000,0.000000,0.000000
0.261380,1765280649.444014,1765280643,0.013354,0.000216,-0.000512,0.000011,0.000000,0.000000,-0.344366,0.000000
0.281394,1765280649.464027,1765280643,0.013357,0.000220,0.000000,0.000946,0.000000,0.000000,-1.033098,0.000000
0.301404,1765280649.484045,1765280643,0.013346,0.000220,0.000039,0.000000,0.000000,0.000000,0.000000,0.000000
0.321416,1765280649.504050,1765280643,0.013339,0.000220,-0.001871,0.000000,0.000000,0.000000,0.344366,0.000000
0.341389,1765280649.523998,1765280643,0.013335,0.000216,-0.000140,-0.000946,0.000000,0.000000,0.000000,-0.688732
0.361360,1765280649.543949,1765280643,0.013339,0.000216,0.000000,-0.000907,0.000000,0.000000,0.000000,0.000000
0.381392,1765280649.563995,1765280643,0.013335,0.000220,0.000000,0.000000,0.000000,0.000000,0.000000,0.000000
0.401402,1765280649.584005,1765280643,0.013335,0.000220,0.000000,0.000000,0.000000,0.000000,0.000000,0.000000
0.421410,1765280649.604013,1765280643,0.013339,0.000220,0.000000,0.000000,0.000000,0.000000,0.000000,0.000000
0.441419,1765280649.624022,1765280643,0.013339,0.000220,0.000000,0.000000,0.000000,0.000000,0.000000,0.000000
0.461402,1765280649.643991,1765280643,0.013335,0.000220,0.000000,0.000000,0.000000,0.000000,0.000000,0.000000
0.481407,1765280649.663996,1765280643,0.013339,0.000220,0.000946,0.000000,0.000000,0.000000,0.344366,0.000000
0.501427,1765280649.684022,1765280643,0.013339,0.000220,0.000000,0.000000,0.000000,0.000000,0.000000,0.000000
0.521454,1765280649.704057,1765280643,0.013335,0.000220,-0.000946,0.000000,0.000000,0.000000,0.000000,0.000000
0.541461,1765280649.724064,1765280643,0.013335,0.000220,0.000000,0.000000,0.000000,0.000000,0.344366,0.000000
0.561470,1765280649.744072,1765280643,0.013339,0.000220,0.000000,0.000000,0.000000,0.000000,0.000000,-0.344366
0.581479,1765280649.764081,1765280643,0.013339,0.000220,0.000000,0.000000,0.000000,0.000000,0.000000,-0.344366
0.601471,1765280649.784066,1765280643,0.013339,0.000223,0.000000,0.000000,0.000000,0.000000,0.000000,-0.688732
0.621494,1765280649.804096,1765280643,0.013335,0.000223,0.000000,0.000940,0.000000,0.000000,0.000000,0.000000
0.641512,1765280649.824131,1765280643,0.013339,0.000220,0.000000,0.000000,0.000000,0.000000,0.000000,0.000000
0.661496,1765280649.844092,1765280643,0.013339,0.000220,0.000000,0.000000,0.000000,0.000000,0.000000,0.000000
0.681519,1765280649.864121,1765280643,0.013335,0.000223,-0.000006,0.000000,0.000000,0.000000,0.000000,0.000000
0.701551,1765280649.884171,1765280643,0.013339,0.000223,0.000074,0.000000,0.000000,0.000000,0.000000,0.000000
0.721508,1765280649.904098,1765280643,0.013339,0.000220,0.000000,-0.000265,0.000000,0.000000,0.000000,-0.688732
0.741526,1765280649.924122,1765280643,0.013339,0.000223,0.000000,0.000000,0.000000,0.000000,0.000000,0.000000
0.761533,1765280649.944128,1765280643,0.013335,0.000223,-0.000000,0.000542,0.000000,0.000000,0.000000,0.000000
0.781557,1765280649.964159,1765280643,0.013339,0.000223,0.000006,0.000000,0.000000,0.000000,0.000000,0.000000
0.801564,1765280649.984167,1765280643,0.013339,0.000223,0.000000,0.000000,0.000000,0.000000,0.000000,0.000000
0.821548,1765280650.004138,1765280643,0.013339,0.000223,0.000000,0.000000,0.000000,0.000000,0.000000,0.000000
0.841565,1765280650.024161,1765280643,0.013339,0.000223,0.000000,0.000000,0.000000,0.000000,0.000000,0.000000
0.861574,1765280650.044170,1765280643,0.013339,0.000223,0.000000,0.000000,0.000000,0.000000,0.000000,-0.688732
0.881580,1765280650.064176,1765280643,0.013339,0.000223,0.000000,0.000000,0.000000,0.000000,0.344366,0.000000
0.901592,1765280650.084188,1765280643,0.013339,0.000223,0.000000,0.000000,0.000000,0.000000,-0.688732,0.000000
0.921596,1765280650.104191,1765280643,0.013339,0.000223,0.000000,0.000000,0.000000,0.000000,0.344366,0.000000
0.941583,1765280650.124169,1765280643,0.013339,0.000223,0.000000,0.000000,0.000000,0.000000,0.000000,0.000000
0.961609,1765280650.144205,1765280643,0.013339,0.000223,0.000000,0.000000,0.000000,0.000000,0.000000,-0.688732
0.981539,1765280650.164093,1765280643,0.013339,0.000223,0.000000,0.000000,0.000000,0.000000,0.000000,-0.344366
1.001586,1765280650.184165,1765280643,0.013339,0.000223,0.000000,0.000000,0.000000,0.000000,0.344366,0.000000
1.021551,1765280650.204109,1765280643,0.013339,0.000223,0.000000,0.000000,0.000000,0.000000,0.344366,0.000000
1.041593,1765280650.224187,1765280643,0.013339,0.000223,0.000000,0.000000,0.000000,0.000000,0.000000,-0.344366
1.061558,1765280650.244115,1765280643,0.013339,0.000223,0.000000,0.000000,0.000000,0.000000,0.000000,0.000000
1.081550,1765280650.264106,1765280643,0.013339,0.000223,0.000000,0.000000,0.000000,0.000000,0.000000,0.000000
1.101555,1765280650.284114,1765280643,0.013339,0.000223,0.000000,0.000000,0.000000,0.000000,0.000000,0.000000
1.121562,1765280650.304125,1765280643,0.013339,0.000223,0.000000,0.000000,0.000000,0.000000,0.000000,-0.688732
1.141569,1765280650.324136,1765280643,0.013339,0.000223,0.000000,0.000000,0.000000,0.000000,0.000000,0.000000
1.161578,1765280650.344151,1765280643,0.013339,0.000223,0.000000,0.000000,0.000000,0.000000,0.000000,0.000000
1.181582,1765280650.364154,1765280643,0.013339,0.000223,0.000000,0.000000,0.000000,0.000000,0.000000,0.000000
1.201589,1765280650.384165,1765280643,0.013339,0.000223,0.000000,0.000000,0.000000,0.000000,0.000000,0.000000
1.221594,1765280650.404170,1765280643,0.013339,0.000223,0.000000,0.000000,0.000000,0.000000,0.000000,0.000000
1.241603,1765280650.424184,1765280643,0.013339,0.000223,0.000000,0.000000,0.000000,0.000000,0.000000,0.000000
1.261607,1765280650.444173,1765280643,0.013339,0.000223,0.000000,0.000000,0.000000,0.000000,0.000000,0.000000
1.281603,1765280650.464163,1765280643,0.013339,0.000223,0.000000,0.000000,0.000000,0.000000,0.000000,0.000000
1.301614,1765280650.484180,1765280643,0.013339,0.000223,0.000000,0.000000,0.000000,0.000000,0.000000,0.000000
1.321643,1765280650.504222,1765280643,0.013339,0.000223,0.000000,0.000000,0.000000,0.000000,0.000000,0.000000
1.341668,1765280650.524257,1765280643,0.013339,0.000223,0.000000,0.000000,0.000000,0.000000,0.000000,0.000000
1.361685,1765280650.544305,1765280643,0.013339,0.000223,0.000000,0.000000,0.000000,0.000000,0.000000,0.000000
1.381707,1765280650.564338,1765280643,0.013339,0.000223,0.000000,0.000000,0.000000,0.000000,-0.344366,0.000000
1.401716,1765280650.584348,1765280643,0.013339,0.000223,0.000000,0.000000,0.000000,0.000000,0.000000,0.000000
1.421762,1765280650.604368,1765280643,0.013339,0.000223,0.000000,0.000000,0.000000,0.000000,0.344366,0.000000
1.441786,1765280650.624398,1765280643,0.013339,0.000223,0.000000,0.000000,0.000000,0.000000,0.000000,0.000000
1.461760,1765280650.644358,1765280643,0.013339,0.000223,0.000000,0.000000,0.000000,0.000000,0.344366,0.000000
1.481790,1765280650.664394,1765280643,0.013339,0.000223,0.000000,0.000000,0.000000,0.000000,0.000000,0.000000
1.501803,1765280650.684406,1765280643,0.013339,0.000223,0.000000,0.000000,0.000000,0.000000,0.000000,0.000000
1.521813,1765280650.704416,1765280643,0.013339,0.000223,0.000000,0.000000,0.000000,0.000000,0.000000,0.000000
1.541816,1765280650.724420,1765280643,0.013339,0.000223,0.000000,0.000000,0.000000,0.000000,0.000000,0.000000
1.561821,1765280650.744424,1765280643,0.013339,0.000223,0.000000,0.000000,0.000000,0.000000,0.000000,0.000000
1.581828,1765280650.764432,1765280643,0.013339,0.000223,0.000000,0.000000,0.000000,0.000000,0.000000,0.000000
1.601849,1765280650.784460,1765280643,0.013339,0.000223,0.000000,0.000000,0.000000,0.000000,0.000000,0.000000
1.621866,1765280650.804477,1765280643,0.013339,0.000223,0.000000,0.000000,0.000000,0.000000,0.344366,0.000000
1.641869,1765280650.824478,1765280643,0.013339,0.000223,0.000000,0.000000,0.000000,0.000000,0.000000,0.000000
1.661838,1765280650.844434,1765280643,0.013339,0.000223,0.000000,0.000000,0.000000,0.000000,0.000000,-0.344366
1.681869,1765280650.864473,1765280643,0.013339,0.000223,0.000000,0.000000,0.000000,0.000000,0.000000,-0.344366
1.701878,1765280650.884481,1765280643,0.013339,0.000223,0.000000,0.000000,0.000000,0.000000,0.000000,0.000000
1.721900,1765280650.904510,1765280643,0.013339,0.000223,0.000000,0.000000,0.000000,0.000000,0.000000,0.000000
1.741909,1765280650.924520,1765280643,0.013339,0.000223,0.000000,0.000000,0.000000,0.000000,0.000000,0.000000
1.761918,1765280650.944528,1765280643,0.013339,0.000223,0.000000,0.000000,0.000000,0.000000,0.000000,0.000000
1.781928,1765280650.964538,1765280643,0.013339,0.000223,0.000000,0.000000,0.000000,0.000000,0.000000,0.000000
1.801937,1765280650.984547,1765280643,0.013339,0.000223,0.000000,0.000000,0.000000,0.000000,0.000000,0.000000
1.821946,1765280651.004556,1765280643,0.013339,0.000223,0.000000,0.000000,0.000000,0.000000,0.344366,0.000000
1.841954,1765280651.024564,1765280643,0.013339,0.000223,0.000000,0.000000,0.000000,0.000000,0.000000,0.000000
1.862105,1765280651.044744,1765280643,0.013339,0.000223,0.000000,0.000000,0.000000,0.000000,0.000000,0.000000
1.881960,1765280651.064562,1765280643,0.013339,0.000223,0.000000,0.000000,0.000000,0.000000,0.000000,0.000000
1.902013,1765280651.084572,1765280643,0.013339,0.000223,0.000000,0.000000,0.000000,0.000000,0.000000,0.000000
1.922017,1765280651.104578,1765280643,0.013339,0.000223,0.000000,0.000000,0.000000,0.000000,0.344366,0.000000
1.942105,1765280651.124695,1765280643,0.013339,0.000223,0.000000,0.000000,0.000000,0.000000,0.000000,0.000000
1.962150,1765280651.144761,1765280643,0.013339,0.000223,0.000000,0.000000,0.000000,0.000000,0.000000,0.000000
1.982160,1765280651.164771,1765280643,0.013339,0.000223,0.000000,0.000000,0.000000,0.000000,0.344366,0.000000
2.002169,1765280651.184779,1765280643,0.013339,0.000223,0.000000,0.000000,0.000000,0.000000,0.000000,0.000000
2.022105,1765280651.204658,1765280643,0.013339,0.000223,0.000000,0.000000,0.000000,0.000000,0.000000,0.000000
2.042125,1765280651.224685,1765280643,0.013339,0.000223,0.000000,0.000000,0.000000,0.000000,0.000000,0.000000
2.062109,1765280651.244660,1765280643,0.013339,0.000223,0.000000,0.000000,0.000000,0.000000,0.000000,0.000000
2.082147,1765280651.264714,1765280643,0.013339,0.000223,0.000000,0.000000,0.000000,0.000000,0.000000,0.000000
2.102194,1765280651.284784,1765280643,0.013339,0.000223,0.000000,0.000000,0.000000,0.000000,0.000000,0.000000
2.122212,1765280651.304807,1765280643,0.013339,0.000223,0.000000,0.000000,0.000000,0.000000,0.000000,0.000000
2.142236,1765280651.324839,1765280643,0.013339,0.000223,0.000000,0.000000,0.000000,0.000000,0.000000,0.000000
2.162245,1765280651.344848,1765280643,0.013339,0.000223,0.000000,0.000000,0.000000,0.000000,0.000000,0.000000
2.182266,1765280651.364876,1765280643,0.013339,0.000223,0.000000,0.000000,0.000000,0.000000,0.344366,0.000000
2.202315,1765280651.384949,1765280643,0.013339,0.000223,0.000000,0.000000,0.000000,0.000000,0.000000,0.000000
2.222328,1765280651.404962,1765280643,0.013339,0.000223,0.000000,0.000000,0.000000,0.000000,0.000000,0.000000
2.242214,1765280651.424775,1765280643,0.013339,0.000223,0.000000,0.000000,0.000000,0.000000,0.000000,0.000000
2.262205,1765280651.444760,1765280643,0.013339,0.000223,0.000000,0.000000,0.000000,0.000000,0.000000,0.000000
2.282218,1765280651.464777,1765280643,0.013339,0.000223,0.000000,0.000000,0.000000,0.000000,0.000000,0.000000
2.302243,1765280651.484816,1765280643,0.013339,0.000223,0.000000,0.000000,0.000000,0.000000,0.000000,0.000000
2.322274,1765280651.504860,1765280643,0.013339,0.000223,0.000000,0.000000,0.000000,0.000000,0.000000,0.000000
2.342317,1765280651.524920,1765280643,0.013339,0.000227,0.000000,-0.000182,0.000000,0.000000,0.000000,0.000000
2.362523,1765280651.545199,1765280643,0.013339,0.000223,0.000000,0.000000,0.000000,0.000000,0.000000,-0.688732
2.382386,1765280651.565019,1765280643,0.013339,0.000223,0.000000,0.000000,0.000000,0.000000,0.344366,0.000000
2.402396,1765280651.585031,1765280643,0.013339,0.000223,0.000000,0.000000,0.000000,0.000000,0.000000,0.000000
2.422386,1765280651.605006,1765280643,0.013339,0.000223,0.000000,0.000000,0.000000,0.000000,0.000000,0.000000
2.442397,1765280651.625017,1765280643,0.013339,0.000227,0.000000,0.000867,0.000000,0.000000,-0.344366,0.000000
2.462408,1765280651.645027,1765280643,0.013339,0.000223,0.000000,-0.000872,0.000000,0.000000,0.000000,0.000000
2.482419,1765280651.665038,1765280643,0.013339,0.000223,0.000000,0.000000,0.000000,0.000000,0.000000,0.000000
2.502411,1765280651.685021,1765280643,0.013339,0.000223,0.000000,0.000000,0.000000,0.000000,0.000000,0.000000
2.522421,1765280651.705031,1765280643,0.013339,0.000223,0.000000,0.000000,0.000000,0.000000,0.000000,0.000000
2.542432,1765280651.725041,1765280643,0.013339,0.000227,0.000000,0.000000,0.000000,0.000000,0.000000,0.000000
2.562362,1765280651.744943,1765280643,0.013339,0.000223,0.000000,-0.000500,0.000000,0.000000,0.000000,0.000000
2.582359,1765280651.764939,1765280643,0.013339,0.000223,0.000000,0.000000,0.000000,0.000000,0.000000,-0.688732
2.602468,1765280651.785087,1765280643,0.013339,0.000223,0.000000,0.000000,0.000000,0.000000,0.000000,0.000000
2.622479,1765280651.805098,1765280643,0.013339,0.000223,0.000000,0.000000,0.000000,0.000000,0.000000,0.000000
2.642473,1765280651.825082,1765280643,0.013339,0.000227,0.000000,0.000011,0.000000,0.000000,0.000000,0.000000
2.662483,1765280651.845093,1765280643,0.013339,0.000227,0.000000,0.000944,0.000000,0.000000,0.000000,0.000000
2.682493,1765280651.865103,1765280643,0.013339,0.000223,0.000000,-0.000003,0.000000,0.000000,0.000000,0.000000
2.702442,1765280651.885028,1765280643,0.013339,0.000223,0.000000,0.000000,0.000000,0.000000,0.000000,-0.344366
2.722485,1765280651.905080,1765280643,0.013339,0.000223,0.000000,0.000000,0.000000,0.000000,0.344366,0.000000
2.742444,1765280651.924994,1765280643,0.013339,0.000223,0.000000,-0.000946,0.000000,0.000000,0.000000,1.377463
2.762566,1765280651.945176,1765280643,0.013339,0.000223,0.000000,-0.000872,0.000000,0.000000,0.344366,-0.344366
2.782593,1765280651.965212,1765280643,0.013339,0.000223,0.000000,-0.000907,0.000000,0.000000,0.000000,0.000000
2.802587,1765280651.985197,1765280643,0.013339,0.000223,0.000000,0.000000,0.000000,0.000000,0.000000,0.000000
2.822596,1765280652.005206,1765280643,0.013339,0.000227,0.000000,0.000074,0.000000,0.000000,0.000000,0.000000
2.842595,1765280652.025197,1765280643,0.013339,0.000227,0.000000,0.000000,0.000000,0.000000,0.000000,0.000000
2.862603,1765280652.045205,1765280643,0.013339,0.000227,0.000000,0.000000,0.000000,0.000000,0.000000,0.000000
2.882612,1765280652.065215,1765280643,0.013339,0.000227,0.000000,0.000000,0.000000,0.000000,0.344366,0.000000
2.902621,1765280652.085224,1765280643,0.013339,0.000223,0.000000,0.000181,0.000000,0.000000,0.000000,0.000000
2.922630,1765280652.105233,1765280643,0.013339,0.000227,0.000000,0.000000,0.000000,0.000000,0.000000,0.000000
2.942637,1765280652.125240,1765280643,0.013339,0.000227,0.000000,0.000000,0.000000,0.000000,0.000000,-0.344366
2.962630,1765280652.145225,1765280643,0.013339,0.000227,0.000000,0.000000,0.000000,0.000000,0.344366,0.000000
2.982638,1765280652.165234,1765280643,0.013339,0.000223,0.000000,-0.000054,0.000000,0.000000,0.000000,0.000000
3.002661,1765280652.185264,1765280643,0.013339,0.000227,0.000000,0.000000,0.000000,0.000000,0.344366,0.000000
3.022585,1765280652.205146,1765280643,0.013339,0.000227,0.000000,0.000000,0.000000,0.000000,0.000000,0.000000
3.042813,1765280652.225497,1765280643,0.013339,0.000227,0.000000,0.000000,0.000000,0.000000,0.000000,0.000000
3.062618,1765280652.245205,1765280643,0.013339,0.000227,0.000000,0.000000,0.000000,0.000000,0.344366,0.000000
3.082600,1765280652.265160,1765280643,0.013339,0.000227,0.000000,0.000000,0.000000,0.000000,0.000000,0.000000
3.102609,1765280652.285176,1765280643,0.013339,0.000227,0.000000,0.000000,0.000000,0.000000,0.344366,0.000000
3.122702,1765280652.305323,1765280643,0.013339,0.000227,0.000000,0.000000,0.000000,0.000000,0.000000,0.000000
3.142710,1765280652.325339,1765280643,0.013339,0.000227,0.000000,0.000000,0.000000,0.000000,0.000000,0.000000
3.162719,1765280652.345349,1765280643,0.013339,0.000227,0.000000,0.000000,0.000000,0.000000,0.000000,0.000000
3.182818,1765280652.365453,1765280643,0.013339,0.000227,0.000000,0.000000,0.000000,0.000000,0.000000,0.000000
3.202797,1765280652.385420,1765280643,0.013339,0.000227,0.000000,0.000000,0.000000,0.000000,0.000000,0.000000
3.222816,1765280652.405437,1765280643,0.013339,0.000223,0.000000,-0.000945,0.000000,0.000000,0.000000,0.000000
3.242808,1765280652.425418,1765280643,0.013339,0.000227,0.000000,0.000000,0.000000,0.000000,0.000000,0.000000
3.262809,1765280652.445420,1765280643,0.013339,0.000227,0.000000,0.000000,0.000000,0.000000,0.000000,-0.688732
3.282868,1765280652.465503,1765280643,0.013339,0.000227,0.000000,0.000000,0.000000,0.000000,0.344366,0.000000
3.302751,1765280652.485347,1765280643,0.013339,0.000227,0.000000,-0.000074,0.000000,0.000000,0.000000,0.000000
3.322762,1765280652.505357,1765280643,0.013339,0.000227,0.000000,0.000000,0.000000,0.000000,0.000000,0.000000
3.342760,1765280652.525347,1765280643,0.013339,0.000227,0.000000,0.000000,0.000000,0.000000,0.344366,0.000000
3.362820,1765280652.545407,1765280643,0.013339,0.000227,0.000000,0.000000,0.000000,0.000000,0.000000,0.000000
3.382933,1765280652.565567,1765280643,0.013339,0.000227,0.000000,0.000000,0.000000,0.000000,0.000000,0.000000
3.402945,1765280652.585578,1765280643,0.013339,0.000227,0.000000,0.000000,0.000000,0.000000,0.000000,0.000000
3.422934,1765280652.605556,1765280643,0.013339,0.000227,0.000000,0.000000,0.000000,0.000000,0.000000,0.000000
3.442901,1765280652.625496,1765280643,0.013339,0.000227,0.000000,0.000000,0.000000,0.000000,0.000000,0.000000
3.462924,1765280652.645528,1765280643,0.013339,0.000227,0.000000,0.000000,0.000000,0.000000,0.000000,0.000000
3.482933,1765280652.665535,1765280643,0.013339,0.000227,0.000000,0.000000,0.000000,0.000000,0.344366,0.000000
3.502953,1765280652.685563,1765280643,0.013339,0.000227,0.000000,0.000000,0.000000,0.000000,0.000000,0.000000
3.522964,1765280652.705573,1765280643,0.013339,0.000227,0.000000,0.000000,0.000000,0.000000,0.000000,0.000000
3.542973,1765280652.725582,1765280643,0.013339,0.000227,0.000000,0.000000,0.000000,0.000000,0.000000,0.000000
3.562969,1765280652.745571,1765280643,0.013339,0.000227,0.000000,0.000000,0.000000,0.000000,0.000000,-0.344366
3.582991,1765280652.765600,1765280643,0.013339,0.000227,0.000000,0.000000,0.000000,0.000000,0.000000,0.000000
3.603000,1765280652.785610,1765280643,0.013339,0.000227,0.000000,0.000000,0.000000,0.000000,0.000000,0.000000
3.623009,1765280652.805620,1765280643,0.013339,0.000227,0.000000,0.000000,0.000000,0.000000,0.000000,0.000000
3.643017,1765280652.825628,1765280643,0.013339,0.000227,0.000000,0.000000,0.000000,0.000000,0.000000,0.000000
3.663028,1765280652.845639,1765280643,0.013339,0.000227,0.000000,0.000000,0.000000,0.000000,0.000000,0.000000
3.683024,1765280652.865627,1765280643,0.013339,0.000227,0.000000,0.000000,0.000000,0.000000,0.000000,0.000000
3.703032,1765280652.885635,1765280643,0.013339,0.000227,0.000000,0.000000,0.000000,0.000000,0.000000,0.000000
3.723052,1765280652.905662,1765280643,0.013339,0.000227,0.000000,0.000000,0.000000,0.000000,0.344366,0.000000
3.743063,1765280652.925672,1765280643,0.013339,0.000227,0.000000,0.000000,0.000000,0.000000,0.000000,0.000000
3.763068,1765280652.945677,1765280643,0.013339,0.000227,0.000000,0.000000,0.000000,0.000000,-0.344366,0.000000
3.783066,1765280652.965665,1765280643,0.013339,0.000227,0.000000,0.000000,0.000000,0.000000,0.000000,0.000000
3.803074,1765280652.985677,1765280643,0.013339,0.000227,0.000000,0.000000,0.000000,0.000000,0.000000,0.000000
3.823095,1765280653.005704,1765280643,0.013339,0.000227,0.000000,0.000000,0.000000,0.000000,0.344366,0.000000
3.843024,1765280653.025606,1765280643,0.013339,0.000227,0.000000,0.000000,0.000000,0.000000,0.344366,-0.344366
3.863113,1765280653.045723,1765280643,0.013339,0.000227,0.000000,0.000000,0.000000,0.000000,0.000000,-0.688732
3.883122,1765280653.065733,1765280643,0.013339,0.000227,0.000000,0.000000,0.000000,0.000000,0.344366,0.000000
3.903085,1765280653.085671,1765280643,0.013339,0.000227,0.000000,0.000000,0.000000,0.000000,0.000000,0.000000
3.923181,1765280653.105815,1765280643,0.013339,0.000227,0.000000,0.000000,0.000000,0.000000,0.344366,0.000000
3.943194,1765280653.125827,1765280643,0.013339,0.000227,0.000000,0.000000,0.000000,0.000000,0.000000,0.000000
3.963182,1765280653.145803,1765280643,0.013339,0.000227,0.000000,0.000000,0.000000,0.000000,0.344366,-0.344366
3.983194,1765280653.165813,1765280643,0.013339,0.000227,0.000000,0.000000,0.000000,0.000000,0.000000,0.000000
4.003186,1765280653.185796,1765280643,0.013339,0.000227,0.000000,0.000000,0.000000,0.000000,-0.688732,0.000000
4.023082,1765280653.205634,1765280643,0.013339,0.000227,0.000000,0.000000,0.000000,0.000000,0.000000,-0.688732
4.043127,1765280653.225712,1765280643,0.013339,0.000227,0.000000,0.000000,0.000000,0.000000,0.000000,0.000000
4.063089,1765280653.245638,1765280643,0.013339,0.000227,0.000000,0.000000,0.000000,0.000000,0.000000,0.000000
4.083121,1765280653.265684,1765280643,0.013339,0.000227,0.000000,0.000000,0.000000,0.000000,0.000000,0.000000
4.103142,1765280653.285716,1765280643,0.013339,0.000227,0.000000,0.000000,0.000000,0.000000,0.000000,0.000000
4.123162,1765280653.305744,1765280643,0.013339,0.000227,0.000000,0.000000,0.000000,0.000000,0.000000,0.000000
4.143192,1765280653.325782,1765280643,0.013339,0.000227,0.000000,0.000000,0.000000,0.000000,0.000000,0.000000
4.163211,1765280653.345806,1765280643,0.013339,0.000227,0.000000,0.000000,0.000000,0.000000,0.000000,0.000000
4.183228,1765280653.365829,1765280643,0.013339,0.000227,0.000000,0.000000,0.000000,0.000000,0.344366,0.000000
4.203242,1765280653.385844,1765280643,0.013339,0.000227,0.000000,0.000000,0.000000,0.000000,0.000000,0.000000
4.223251,1765280653.405854,1765280643,0.013339,0.000227,0.000000,0.000000,0.000000,0.000000,0.000000,0.000000
4.243259,1765280653.425862,1765280643,0.013339,0.000227,0.000000,0.000000,0.000000,0.000000,0.000000,-0.344366
4.263268,1765280653.445871,1765280643,0.013339,0.000227,0.000000,0.000000,0.000000,0.000000,0.000000,0.000000
4.283276,1765280653.465879,1765280643,0.013339,0.000227,0.000000,0.000000,0.000000,0.000000,0.000000,0.000000
4.303285,1765280653.485887,1765280643,0.013339,0.000227,0.000000,0.000000,0.000000,0.000000,0.000000,0.000000
4.323294,1765280653.505898,1765280643,0.013339,0.000227,0.000000,0.000000,0.000000,0.000000,0.344366,0.000000
4.343302,1765280653.525904,1765280643,0.013339,0.000227,0.000000,0.000000,0.000000,0.000000,0.344366,0.000000
4.363310,1765280653.545912,1765280643,0.013339,0.000227,0.000000,0.000000,0.000000,0.000000,0.344366,0.000000
4.383318,1765280653.565921,1765280643,0.013339,0.000227,0.000000,0.000000,0.000000,0.000000,0.344366,0.000000
4.403328,1765280653.585931,1765280643,0.013339,0.000227,0.000000,0.000000,0.000000,0.000000,0.000000,0.000000
4.423335,1765280653.605934,1765280643,0.013339,0.000227,0.000000,0.000000,0.000000,0.000000,0.000000,0.000000
4.443349,1765280653.625949,1765280643,0.013339,0.000227,0.000000,0.000000,0.000000,0.000000,0.000000,0.000000
4.463356,1765280653.645958,1765280643,0.013339,0.000227,0.000000,0.000000,0.000000,0.000000,0.000000,0.000000
4.483364,1765280653.665959,1765280643,0.013339,0.000227,0.000000,0.000000,0.000000,0.000000,0.344366,0.000000
4.503372,1765280653.685975,1765280643,0.013339,0.000227,0.000000,0.000000,0.000000,0.000000,0.000000,-0.688732
4.523381,1765280653.705984,1765280643,0.013339,0.000227,0.000000,0.000000,0.000000,0.000000,0.000000,0.000000
4.543390,1765280653.725992,1765280643,0.013339,0.000227,0.000000,0.000000,0.000000,0.000000,0.344366,0.000000
4.563398,1765280653.746000,1765280643,0.013339,0.000227,0.000000,0.000000,0.000000,0.000000,0.000000,0.000000
4.583407,1765280653.766009,1765280643,0.013339,0.000227,0.000000,0.000000,0.000000,0.000000,0.000000,0.000000
4.603417,1765280653.786020,1765280643,0.013339,0.000227,0.000000,0.000000,0.000000,0.000000,0.000000,0.000000
4.623370,1765280653.805986,1765280643,0.013339,0.000227,0.000000,0.000000,0.000000,0.000000,0.000000,0.000000
4.643377,1765280653.825991,1765280643,0.013339,0.000227,0.000000,0.000000,0.000000,0.000000,-0.344366,-0.688732
4.663406,1765280653.846001,1765280643,0.013339,0.000227,0.000000,0.000000,0.000000,0.000000,0.000000,-0.688732
4.683409,1765280653.866007,1765280643,0.013339,0.000227,0.000000,0.000000,0.000000,0.000000,0.000000,0.000000
4.703409,1765280653.886006,1765280643,0.013339,0.000227,0.000000,0.000000,0.000000,0.000000,0.000000,0.000000
4.723404,1765280653.905991,1765280643,0.013339,0.000227,0.000000,0.000000,0.000000,0.000000,0.000000,0.000000
4.743396,1765280653.925973,1765280643,0.013339,0.000227,0.000000,0.000000,0.000000,0.000000,0.000000,0.000000
4.763400,1765280653.945976,1765280643,0.013339,0.000227,0.000000,0.000000,0.000000,0.000000,0.000000,0.000000
4.783405,1765280653.965981,1765280643,0.013339,0.000227,0.000000,0.000000,0.000000,0.000000,0.000000,0.000000
4.803414,1765280653.985995,1765280643,0.013339,0.000227,0.000000,0.000000,0.000000,0.000000,0.000000,0.000000
4.823419,1765280654.005999,1765280643,0.013339,0.000227,0.000000,0.000000,0.000000,0.000000,0.000000,0.000000
4.843424,1765280654.026005,1765280643,0.013339,0.000227,0.000000,0.000000,0.000000,0.000000,0.000000,0.000000
4.863471,1765280654.046068,1765280643,0.013339,0.000227,0.000000,0.000000,0.000000,0.000000,0.000000,-0.344366
4.883476,1765280654.066071,1765280643,0.013339,0.000227,0.000000,0.000000,0.000000,0.000000,0.000000,0.000000
4.903570,1765280654.086191,1765280643,0.013339,0.000227,0.000000,0.000000,0.000000,0.000000,0.344366,0.000000
4.923565,1765280654.106175,1765280643,0.013339,0.000227,0.000000,0.000000,0.000000,0.000000,0.000000,0.000000
4.943563,1765280654.126165,1765280643,0.013339,0.000227,0.000000,0.000000,0.000000,0.000000,0.000000,0.000000
4.963576,1765280654.146184,1765280643,0.013339,0.000227,0.000000,0.000000,0.000000,0.000000,0.000000,0.000000
4.983579,1765280654.166182,1765280643,0.013339,0.000227,0.000000,0.000000,0.000000,0.000000,0.000000,0.000000
5.003574,1765280654.186170,1765280643,0.013339,0.000227,0.000000,0.000000,0.000000,0.000000,0.000000,0.000000
5.023510,1765280654.206070,1765280643,0.013339,0.000227,0.000000,0.000000,0.000000,0.000000,0.000000,0.000000
5.044081,1765280654.226701,1765280643,0.013339,0.000227,0.000000,0.000000,0.000000,0.000000,0.000000,-0.344366
5.064070,1765280654.246679,1765280643,0.013339,0.000227,0.000000,0.000000,0.000000,0.000000,0.000000,0.000000
5.084001,1765280654.266559,1765280643,0.013339,0.000227,0.000000,0.000000,0.000000,0.000000,0.000000,0.000000
5.104022,1765280654.286592,1765280643,0.013339,0.000227,0.000000,0.000000,0.000000,0.000000,0.344366,0.000000
5.124038,1765280654.306612,1765280643,0.013339,0.000227,0.000000,0.000000,0.000000,0.000000,0.000000,0.000000
5.144064,1765280654.326650,1765280643,0.013339,0.000227,0.000000,0.000000,0.000000,0.000000,0.000000,0.000000
5.164090,1765280654.346686,1765280643,0.013339,0.000227,0.000000,0.000000,0.000000,0.000000,0.000000,0.000000
5.184113,1765280654.366716,1765280643,0.013339,0.000227,0.000000,0.000000,0.000000,0.000000,-0.344366,-0.344366
5.204044,1765280654.386618,1765280643,0.013339,0.000227,0.000000,0.000000,0.000000,0.000000,0.000000,0.000000
5.224044,1765280654.406617,1765280643,0.013339,0.000227,0.000000,0.000000,0.000000,0.000000,0.000000,0.000000
5.244048,1765280654.426627,1765280643,0.013339,0.000227,0.000000,0.000000,0.000000,0.000000,0.000000,0.000000
5.264067,1765280654.446643,1765280643,0.013339,0.000227,0.000000,0.000000,0.000000,0.000000,0.000000,0.000000
5.284061,1765280654.466638,1765280643,0.013339,0.000227,0.000000,0.000000,0.000000,0.000000,0.000000,0.000000
5.304065,1765280654.486641,1765280643,0.013339,0.000227,0.000000,0.000000,0.000000,0.000000,0.000000,0.000000
5.324074,1765280654.506654,1765280643,0.013339,0.000227,0.000000,0.000000,0.000000,0.000000,0.000000,0.000000
5.344185,1765280654.526803,1765280643,0.013339,0.000227,0.000000,0.000000,0.000000,0.000000,0.000000,0.000000
5.364177,1765280654.546787,1765280643,0.013339,0.000227,0.000000,0.000000,0.000000,0.000000,0.344366,0.000000
5.384186,1765280654.566796,1765280643,0.013339,0.000227,0.000000,0.000000,0.000000,0.000000,0.344366,0.000000
5.404194,1765280654.586803,1765280643,0.013339,0.000227,0.000000,0.000000,0.000000,0.000000,0.000000,0.000000
5.424203,1765280654.606813,1765280643,0.013339,0.000227,0.000000,0.000000,0.000000,0.000000,0.000000,0.000000
5.444200,1765280654.626803,1765280643,0.013339,0.000227,0.000000,0.000000,0.000000,0.000000,0.000000,0.000000
5.464220,1765280654.646829,1765280643,0.013339,0.000227,0.000000,0.000000,0.000000,0.000000,-0.344366,0.000000
5.484230,1765280654.666841,1765280643,0.013339,0.000227,0.000000,0.000000,0.000000,0.000000,0.000000,0.000000
5.504241,1765280654.686850,1765280643,0.013339,0.000227,0.000000,0.000000,0.000000,0.000000,0.000000,0.000000
5.524249,1765280654.706859,1765280643,0.013339,0.000227,0.000000,0.000000,0.000000,0.000000,0.000000,0.000000
5.544259,1765280654.726868,1765280643,0.013339,0.000227,0.000000,0.000000,0.000000,0.000000,0.000000,0.000000
5.564255,1765280654.746858,1765280643,0.013339,0.000227,0.000000,0.000000,0.000000,0.000000,0.000000,0.000000
5.584277,1765280654.766887,1765280643,0.013339,0.000227,0.000000,0.000000,0.000000,0.000000,-0.688732,0.000000
5.604285,1765280654.786895,1765280643,0.013339,0.000227,0.000000,0.000000,0.000000,0.000000,0.000000,0.000000
5.624295,1765280654.806904,1765280643,0.013339,0.000227,0.000000,0.000000,0.000000,0.000000,0.344366,0.000000
5.644304,1765280654.826915,1765280643,0.013339,0.000227,0.000000,0.000000,0.000000,0.000000,0.344366,0.000000
5.664313,1765280654.846924,1765280643,0.013339,0.000227,0.000000,0.000000,0.000000,0.000000,0.000000,0.000000
5.684322,1765280654.866934,1765280643,0.013339,0.000227,0.000000,0.000000,0.000000,0.000000,0.000000,-0.688732
5.704318,1765280654.886921,1765280643,0.013339,0.000227,0.000000,0.000000,0.000000,0.000000,0.000000,0.000000
5.724328,1765280654.906930,1765280643,0.013339,0.000227,0.000000,0.000000,0.000000,0.000000,0.000000,0.000000
5.744349,1765280654.926959,1765280643,0.013339,0.000227,0.000000,0.000000,0.000000,0.000000,0.000000,0.000000
5.764358,1765280654.946969,1765280643,0.013339,0.000227,0.000000,0.000000,0.000000,0.000000,0.000000,0.000000
5.784367,1765280654.966978,1765280643,0.013339,0.000227,0.000000,0.000000,0.000000,0.000000,0.000000,0.000000
5.804376,1765280654.986986,1765280643,0.013339,0.000227,0.000000,0.000000,0.000000,0.000000,0.344366,0.000000
5.824386,1765280655.006996,1765280643,0.013339,0.000227,0.000000,0.000000,0.000000,0.000000,0.000000,0.000000
5.844395,1765280655.027005,1765280643,0.013339,0.000227,0.000000,0.000000,0.000000,0.000000,0.000000,-0.688732
5.864404,1765280655.047015,1765280643,0.013339,0.000227,0.000000,0.000000,0.000000,0.000000,0.000000,-0.688732
5.884401,1765280655.067004,1765280643,0.013339,0.000227,0.000000,0.000000,0.000000,0.000000,0.000000,0.000000
5.904408,1765280655.087011,1765280643,0.013339,0.000227,0.000000,0.000000,0.000000,0.000000,0.000000,0.000000
5.924418,1765280655.107021,1765280643,0.013339,0.000227,0.000000,0.000000,0.000000,0.000000,0.000000,0.000000
5.944438,1765280655.127049,1765280643,0.013339,0.000227,0.000000,0.000000,0.000000,0.000000,0.344366,0.000000
5.964447,1765280655.147057,1765280643,0.013339,0.000227,0.000000,0.000000,0.000000,0.000000,0.000000,0.000000
5.984456,1765280655.167066,1765280643,0.013339,0.000227,0.000000,0.000000,0.000000,0.000000,0.000000,0.000000
6.004466,1765280655.187076,1765280643,0.013339,0.000227,0.000000,0.000000,0.000000,0.000000,0.344366,0.000000
6.024375,1765280655.206934,1765280643,0.013339,0.000227,0.000000,0.000000,0.000000,0.000000,0.000000,0.000000
6.044560,1765280655.227234,1765280643,0.013339,0.000227,0.000000,0.000000,0.000000,0.000000,0.344366,0.000000
6.064535,1765280655.247179,1765280643,0.013339,0.000227,0.000000,0.000000,0.000000,0.000000,0.000000,0.000000
6.084425,1765280655.266999,1765280643,0.013339,0.000227,0.000000,0.000000,0.000000,0.000000,0.000000,0.000000
6.104449,1765280655.287037,1765280643,0.013339,0.000227,0.000000,0.000000,0.000000,0.000000,0.344366,0.000000
6.124480,1765280655.307083,1765280643,0.013339,0.000227,0.000000,0.000000,0.000000,0.000000,0.344366,-0.688732
6.144443,1765280655.327023,1765280643,0.013339,0.000227,0.000000,0.000000,0.000000,0.000000,0.000000,0.000000
6.164471,1765280655.347067,1765280643,0.013339,0.000227,0.000000,0.000000,0.000000,0.000000,0.000000,0.000000
6.184481,1765280655.367078,1765280643,0.013339,0.000227,0.000000,0.000000,0.000000,0.000000,0.000000,0.000000
6.204479,1765280655.387066,1765280643,0.013339,0.000227,0.000000,0.000000,0.000000,0.000000,0.000000,0.000000
6.224459,1765280655.407021,1765280643,0.013339,0.000227,0.000000,0.000000,0.000000,0.000000,0.000000,0.000000
6.244529,1765280655.427119,1765280643,0.013339,0.000227,0.000000,0.000000,0.000000,0.000000,0.344366,-0.688732
6.264504,1765280655.447087,1765280643,0.013339,0.000227,0.000000,0.000000,0.000000,0.000000,-0.688732,0.000000
6.284466,1765280655.467021,1765280643,0.013339,0.000227,0.000000,0.000000,0.000000,0.000000,0.000000,0.000000
6.304483,1765280655.487050,1765280643,0.013339,0.000227,0.000000,0.000000,0.000000,0.000000,0.000000,0.000000
6.324493,1765280655.507065,1765280643,0.013339,0.000227,0.000000,0.000000,0.000000,0.000000,0.000000,0.000000
6.344503,1765280655.527079,1765280643,0.013339,0.000227,0.000000,0.000000,0.000000,0.000000,0.000000,0.000000
6.364515,1765280655.547095,1765280643,0.013339,0.000227,0.000000,0.000000,0.000000,0.000000,0.344366,0.000000
6.384647,1765280655.567253,1765280643,0.013339,0.000227,0.000000,0.000000,0.000000,0.000000,0.000000,0.000000
6.404569,1765280655.587166,1765280643,0.013339,0.000227,0.000000,0.000000,0.000000,0.000000,0.000000,0.000000
6.424681,1765280655.607349,1765280643,0.013339,0.000227,0.000000,0.000000,0.000000,0.000000,0.000000,0.000000
6.444670,1765280655.627327,1765280643,0.013339,0.000227,0.000000,0.000000,0.000000,0.000000,0.000000,0.000000
6.464665,1765280655.647301,1765280643,0.013339,0.000227,0.000000,0.000000,0.000000,0.000000,0.000000,0.000000
6.484674,1765280655.667314,1765280643,0.013339,0.000227,0.000000,0.000000,0.000000,0.000000,0.000000,-0.688732
6.504596,1765280655.687173,1765280643,0.013339,0.000227,0.000000,0.000000,0.000000,0.000000,0.000000,1.377463
6.524679,1765280655.707308,1765280643,0.013339,0.000227,0.000000,0.000000,0.000000,0.000000,0.000000,-0.688732
6.544688,1765280655.727320,1765280643,0.013339,0.000227,0.000000,0.000000,0.000000,0.000000,0.344366,0.000000
6.564696,1765280655.747328,1765280643,0.013339,0.000227,0.000000,0.000000,0.000000,0.000000,0.000000,0.000000
6.584705,1765280655.767338,1765280643,0.013339,0.000227,0.000000,0.000000,0.000000,0.000000,0.000000,0.000000
6.604714,1765280655.787343,1765280643,0.013339,0.000227,0.000000,0.000000,0.000000,0.000000,0.000000,-0.688732
6.624722,1765280655.807355,1765280643,0.013339,0.000227,0.000000,0.000000,0.000000,0.000000,0.000000,0.000000
6.644759,1765280655.827365,1765280643,0.013339,0.000227,0.000000,0.000000,0.000000,0.000000,0.000000,0.000000
6.664767,1765280655.847373,1765280643,0.013339,0.000227,0.000000,0.000000,0.000000,0.000000,0.000000,0.000000
6.684774,1765280655.867379,1765280643,0.013339,0.000227,0.000000,0.000000,0.000000,0.000000,0.000000,0.000000
6.704784,1765280655.887390,1765280643,0.013339,0.000227,0.000000,0.000000,0.000000,0.000000,0.344366,0.000000
6.724795,1765280655.907398,1765280643,0.013339,0.000227,0.000000,0.000000,0.000000,0.000000,0.000000,0.000000
6.744802,1765280655.927406,1765280643,0.013339,0.000227,0.000000,0.000000,0.000000,0.000000,0.000000,0.000000
6.764809,1765280655.947412,1765280643,0.013339,0.000227,0.000000,0.000000,0.000000,0.000000,0.000000,0.000000
6.784773,1765280655.967356,1765280643,0.013339,0.000227,0.000000,0.000000,0.000000,0.000000,0.000000,0.000000
6.804706,1765280655.987264,1765280643,0.013339,0.000227,0.000000,0.000000,0.000000,0.000000,0.688732,0.000000
6.824709,1765280656.007265,1765280643,0.013339,0.000227,0.000000,0.000000,0.000000,0.000000,0.000000,-0.688732
6.844695,1765280656.027245,1765280643,0.013339,0.000227,0.000000,0.000000,0.000000,0.000000,0.000000,0.000000
6.864712,1765280656.047268,1765280643,0.013339,0.000227,0.000000,0.000000,0.000000,0.000000,0.000000,0.000000
6.884727,1765280656.067299,1765280643,0.013339,0.000227,0.000000,0.000000,0.000000,0.000000,0.000000,0.000000
6.904762,1765280656.087334,1765280643,0.013339,0.000227,0.000000,0.000000,0.000000,0.000000,0.000000,0.000000
6.924788,1765280656.107370,1765280643,0.013339,0.000227,0.000000,0.000000,0.000000,0.000000,0.000000,0.000000
6.944804,1765280656.127390,1765280643,0.013339,0.000227,0.000000,0.000000,0.000000,0.000000,0.000000,0.000000
6.964833,1765280656.147429,1765280643,0.013339,0.000227,0.000000,0.000000,0.000000,0.000000,0.000000,0.000000
6.984858,1765280656.167461,1765280643,0.013339,0.000227,0.000000,0.000000,0.000000,0.000000,0.344366,0.000000
7.004868,1765280656.187471,1765280643,0.013339,0.000227,0.000000,0.000000,0.000000,0.000000,0.000000,-0.344366
7.024774,1765280656.207327,1765280643,0.013339,0.000227,0.000000,0.000000,0.000000,0.000000,0.000000,0.000000
7.044892,1765280656.227530,1765280643,0.013339,0.000227,0.000000,0.000000,0.000000,0.000000,0.000000,0.000000
7.064884,1765280656.247493,1765280643,0.013339,0.000227,0.000000,0.000000,0.000000,0.000000,0.000000,0.000000
7.084844,1765280656.267419,1765280643,0.013339,0.000227,0.000000,0.000000,0.000000,0.000000,0.000000,0.000000
7.104907,1765280656.287510,1765280643,0.013339,0.000227,0.000000,0.000000,0.000000,0.000000,0.000000,0.000000
7.124946,1765280656.307567,1765280643,0.013339,0.000227,0.000000,0.000000,0.000000,0.000000,0.000000,0.000000
7.144940,1765280656.327550,1765280643,0.013339,0.000227,0.000000,0.000000,0.000000,0.000000,0.000000,-0.688732
7.164950,1765280656.347559,1765280643,0.013339,0.000227,0.000000,0.000000,0.000000,0.000000,0.000000,0.000000
7.184959,1765280656.367569,1765280643,0.013339,0.000227,0.000000,0.000000,0.000000,0.000000,0.000000,-0.344366
7.205009,1765280656.387643,1765280643,0.013339,0.000227,0.000000,0.000000,0.000000,0.000000,0.344366,0.000000
7.225021,1765280656.407655,1765280643,0.013339,0.000227,0.000000,0.000000,0.000000,0.000000,0.000000,0.000000
7.245010,1765280656.427630,1765280643,0.013339,0.000227,0.000000,0.000000,0.000000,0.000000,0.344366,0.000000
7.265022,1765280656.447635,1765280643,0.013339,0.000227,0.000000,0.000000,0.000000,0.000000,0.344366,-0.344366
7.285016,1765280656.467626,1765280643,0.013339,0.000227,0.000000,0.000000,0.000000,0.000000,0.344366,0.000000
7.305026,1765280656.487646,1765280643,0.013339,0.000227,0.000000,0.000000,0.000000,0.000000,0.000000,0.000000
7.325076,1765280656.507710,1765280643,0.013339,0.000227,0.000000,0.000000,0.000000,0.000000,0.000000,0.000000
7.344961,1765280656.527520,1765280643,0.013339,0.000227,0.000000,0.000000,0.000000,0.000000,0.000000,0.000000
7.364940,1765280656.547493,1765280643,0.013339,0.000227,0.000000,0.000000,0.000000,0.000000,0.000000,-0.688732
7.384958,1765280656.567518,1765280643,0.013339,0.000227,0.000000,0.000000,0.000000,0.000000,0.344366,0.000000
7.404978,1765280656.587548,1765280643,0.013339,0.000227,0.000000,0.000000,0.000000,0.000000,0.000000,0.000000
7.424994,1765280656.607570,1765280643,0.013339,0.000227,0.000000,0.000000,0.000000,0.000000,0.000000,-0.344366
7.445016,1765280656.627602,1765280643,0.013339,0.000227,0.000000,0.000000,0.000000,0.000000,-0.344366,0.000000
7.465031,1765280656.647621,1765280643,0.013339,0.000227,0.000000,0.000000,0.000000,0.000000,0.000000,0.000000
7.485049,1765280656.667645,1765280643,0.013339,0.000227,0.000000,0.000000,0.000000,0.000000,0.000000,0.000000
7.505072,1765280656.687675,1765280643,0.013339,0.000227,0.000000,0.000000,0.000000,0.000000,0.000000,-0.688732
7.525080,1765280656.707682,1765280643,0.013339,0.000227,0.000000,0.000000,0.000000,0.000000,0.000000,0.000000
7.545072,1765280656.727668,1765280643,0.013339,0.000227,0.000000,0.000000,0.000000,0.000000,0.000000,0.000000
7.565094,1765280656.747698,1765280643,0.013339,0.000227,0.000000,0.000000,0.000000,0.000000,0.000000,0.000000
7.585103,1765280656.767702,1765280643,0.013339,0.000227,0.000000,0.000000,0.000000,0.000000,0.344366,0.000000
7.605111,1765280656.787714,1765280643,0.013339,0.000227,0.000000,0.000000,0.000000,0.000000,0.000000,0.000000
7.625120,1765280656.807723,1765280643,0.013339,0.000227,0.000000,0.000000,0.000000,0.000000,0.000000,0.000000
7.645141,1765280656.827750,1765280643,0.013339,0.000227,0.000000,0.000000,0.000000,0.000000,0.344366,0.000000
7.665140,1765280656.847743,1765280643,0.013339,0.000227,0.000000,0.000000,0.000000,0.000000,0.000000,0.000000
7.685147,1765280656.867750,1765280643,0.013339,0.000227,0.000000,0.000000,0.000000,0.000000,-0.344366,0.000000
7.705155,1765280656.887760,1765280643,0.013339,0.000227,0.000000,0.000000,0.000000,0.000000,0.000000,0.000000
7.725165,1765280656.907768,1765280643,0.013339,0.000227,0.000000,0.000000,0.000000,0.000000,0.000000,0.000000
7.745174,1765280656.927776,1765280643,0.013339,0.000227,0.000000,0.000000,0.000000,0.000000,0.000000,0.000000
7.765180,1765280656.947783,1765280643,0.013339,0.000227,0.000000,0.000000,0.000000,0.000000,0.000000,0.000000
7.785190,1765280656.967793,1765280643,0.013339,0.000227,0.000000,0.000000,0.000000,0.000000,0.000000,0.000000
7.805199,1765280656.987802,1765280643,0.013339,0.000227,0.000000,0.000000,0.000000,0.000000,0.000000,0.000000
7.825207,1765280657.007810,1765280643,0.013339,0.000227,0.000000,0.000000,0.000000,0.000000,0.000000,0.000000
7.845216,1765280657.027819,1765280643,0.013339,0.000227,0.000000,0.000000,0.000000,0.000000,0.000000,0.000000
7.865226,1765280657.047829,1765280643,0.013339,0.000227,0.000000,0.000000,0.000000,0.000000,0.000000,0.000000
7.885239,1765280657.067851,1765280643,0.013339,0.000227,0.000000,0.000000,0.000000,0.000000,0.000000,0.000000
7.905242,1765280657.087844,1765280643,0.013339,0.000227,0.000000,0.000000,0.000000,0.000000,0.000000,0.000000
7.925252,1765280657.107856,1765280643,0.013339,0.000227,0.000000,0.000000,0.000000,0.000000,0.000000,0.000000
7.945260,1765280657.127862,1765280643,0.013339,0.000227,0.000000,0.000000,0.000000,0.000000,0.000000,0.000000
7.965269,1765280657.147872,1765280643,0.013339,0.000227,0.000000,0.000000,0.000000,0.000000,0.000000,0.000000
7.985277,1765280657.167879,1765280643,0.013339,0.000227,0.000000,0.000000,0.000000,0.000000,0.000000,0.000000
8.005271,1765280657.187866,1765280643,0.013339,0.000227,0.000000,0.000000,0.000000,0.000000,0.000000,0.000000
8.025218,1765280657.207783,1765280643,0.013339,0.000227,0.000000,0.000000,0.000000,0.000000,0.000000,0.000000
8.045325,1765280657.227924,1765280643,0.013339,0.000227,0.000000,0.000000,0.000000,0.000000,0.000000,0.000000
8.065278,1765280657.247833,1765280643,0.013339,0.000227,0.000000,0.000000,0.000000,0.000000,0.000000,0.000000
8.085313,1765280657.267880,1765280643,0.013339,0.000227,0.000000,0.000000,0.000000,0.000000,0.000000,0.000000
8.105338,1765280657.287917,1765280643,0.013339,0.000227,0.000000,0.000000,0.000000,0.000000,0.000000,0.000000
8.125365,1765280657.307955,1765280643,0.013339,0.000227,0.000000,0.000000,0.000000,0.000000,0.000000,0.000000
8.145385,1765280657.327980,1765280643,0.013339,0.000227,0.000000,0.000000,0.000000,0.000000,0.000000,0.000000
8.165408,1765280657.348011,1765280643,0.013339,0.000227,0.000000,0.000000,0.000000,0.000000,0.000000,0.000000
8.185430,1765280657.368040,1765280643,0.013339,0.000227,0.000000,0.000000,0.000000,0.000000,0.000000,0.000000
8.205439,1765280657.388049,1765280643,0.013339,0.000227,0.000000,0.000000,0.000000,0.000000,0.000000,0.000000
8.225449,1765280657.408058,1765280643,0.013339,0.000227,0.000000,0.000000,0.000000,0.000000,0.000000,0.000000
8.245459,1765280657.428069,1765280643,0.013339,0.000227,0.000000,0.000000,0.000000,0.000000,0.000000,0.000000
8.265469,1765280657.448079,1765280643,0.013339,0.000227,0.000000,0.000000,0.000000,0.000000,0.000000,-0.688732
8.285479,1765280657.468089,1765280643,0.013339,0.000227,0.000000,0.000000,0.000000,0.000000,0.000000,0.000000
8.305489,1765280657.488099,1765280643,0.013339,0.000227,0.000000,0.000000,0.000000,0.000000,-0.688732,-0.344366
8.325499,1765280657.508109,1765280643,0.013339,0.000227,0.000000,0.000000,0.000000,0.000000,0.000000,0.000000
8.345510,1765280657.528121,1765280643,0.013339,0.000227,0.000000,0.000000,0.000000,0.000000,0.000000,0.000000
8.365518,1765280657.548128,1765280643,0.013339,0.000227,0.000000,0.000000,0.000000,0.000000,0.344366,0.000000
8.385528,1765280657.568138,1765280643,0.013339,0.000227,0.000000,0.000000,0.000000,0.000000,0.000000,0.000000
8.405538,1765280657.588148,1765280643,0.013339,0.000227,0.000000,0.000000,0.000000,0.000000,0.000000,0.000000
8.425548,1765280657.608158,1765280643,0.013339,0.000227,0.000000,0.000000,0.000000,0.000000,0.000000,-0.688732
8.445558,1765280657.628167,1765280643,0.013339,0.000227,0.000000,0.000000,0.000000,0.000000,0.000000,0.000000
8.465567,1765280657.648177,1765280643,0.013339,0.000227,0.000000,0.000000,0.000000,0.000000,0.000000,0.000000
8.485562,1765280657.668164,1765280643,0.013339,0.000227,0.000000,0.000000,0.000000,0.000000,0.000000,0.000000
8.505573,1765280657.688176,1765280643,0.013339,0.000227,0.000000,0.000000,0.000000,0.000000,0.344366,0.000000
8.525583,1765280657.708185,1765280643,0.013339,0.000227,0.000000,0.000000,0.000000,0.000000,0.000000,0.000000
8.545592,1765280657.728194,1765280643,0.013339,0.000227,0.000000,0.000000,0.000000,0.000000,-0.344366,0.000000
8.565600,1765280657.748203,1765280643,0.013339,0.000227,0.000000,0.000000,0.000000,0.000000,0.000000,-0.344366
8.585609,1765280657.768212,1765280643,0.013339,0.000227,0.000000,0.000000,0.000000,0.000000,0.000000,0.000000
8.605618,1765280657.788221,1765280643,0.013339,0.000227,0.000000,0.000000,0.000000,0.000000,0.000000,0.000000
8.625626,1765280657.808228,1765280643,0.013339,0.000227,0.000000,0.000000,0.000000,0.000000,0.000000,0.000000
8.645636,1765280657.828238,1765280643,0.013339,0.000227,0.000000,0.000000,0.000000,0.000000,0.000000,0.000000
8.665643,1765280657.848246,1765280643,0.013339,0.000227,0.000000,0.000000,0.000000,0.000000,0.344366,0.000000
8.685651,1765280657.868254,1765280643,0.013339,0.000227,0.000000,0.000000,0.000000,0.000000,0.000000,0.000000
8.705661,1765280657.888263,1765280643,0.013339,0.000227,0.000000,0.000000,0.000000,0.000000,0.344366,0.000000
8.725615,1765280657.908209,1765280643,0.013339,0.000227,0.000000,0.000000,0.000000,0.000000,0.000000,0.000000
8.745616,1765280657.928202,1765280643,0.013339,0.000227,0.000000,0.000000,0.000000,0.000000,0.000000,0.000000
8.765617,1765280657.948198,1765280643,0.013339,0.000227,0.000000,0.000000,0.000000,0.000000,0.000000,0.000000
8.785623,1765280657.968203,1765280643,0.013339,0.000227,0.000000,0.000000,0.000000,0.000000,0.000000,0.000000
8.805630,1765280657.988210,1765280643,0.013339,0.000227,0.000000,0.000000,0.000000,0.000000,0.000000,0.000000
8.825640,1765280658.008219,1765280643,0.013339,0.000227,0.000000,0.000000,0.000000,0.000000,0.000000,0.000000
8.845767,1765280658.028389,1765280643,0.013339,0.000227,0.000000,0.000000,0.000000,0.000000,0.000000,-0.688732
8.865805,1765280658.048450,1765280643,0.013339,0.000227,0.000000,0.000000,0.000000,0.000000,0.000000,0.000000
8.885798,1765280658.068420,1765280643,0.013339,0.000227,0.000000,0.000000,0.000000,0.000000,0.000000,0.000000
8.905790,1765280658.088402,1765280643,0.013339,0.000227,0.000000,0.000000,0.000000,0.000000,0.000000,0.000000
8.925801,1765280658.108412,1765280643,0.013339,0.000227,0.000000,0.000000,0.000000,0.000000,-0.344366,0.000000
8.945767,1765280658.128362,1765280643,0.013339,0.000227,0.000000,0.000000,0.000000,0.000000,0.000000,0.000000
8.965807,1765280658.148410,1765280643,0.013339,0.000227,0.000000,0.000000,0.000000,0.000000,0.000000,0.000000
8.985814,1765280658.168417,1765280643,0.013339,0.000227,0.000000,0.000000,0.000000,0.000000,-0.344366,0.000000
9.005813,1765280658.188417,1765280643,0.013339,0.000227,0.000000,0.000000,0.000000,0.000000,0.000000,0.000000
9.025702,1765280658.208256,1765280643,0.013339,0.000227,0.000000,0.000000,0.000000,0.000000,0.344366,0.000000
9.045926,1765280658.228581,1765280643,0.013339,0.000227,0.000000,0.000000,0.000000,0.000000,0.000000,0.000000
9.065816,1765280658.248388,1765280643,0.013339,0.000227,0.000000,0.000000,0.000000,0.000000,0.000000,0.000000
9.085824,1765280658.268387,1765280643,0.013339,0.000227,0.000000,0.000000,0.000000,0.000000,0.000000,0.000000
9.105843,1765280658.288415,1765280643,0.013339,0.000227,0.000000,0.000000,0.000000,0.000000,0.000000,0.000000
9.125866,1765280658.308448,1765280643,0.013339,0.000227,0.000000,0.000000,0.000000,0.000000,0.000000,0.000000
9.145901,1765280658.328496,1765280643,0.013339,0.000227,0.000000,0.000000,0.000000,0.000000,0.344366,-0.688732
9.165908,1765280658.348504,1765280643,0.013339,0.000227,0.000000,0.000000,0.000000,0.000000,0.000000,0.000000
9.185932,1765280658.368535,1765280643,0.013339,0.000227,0.000000,0.000000,0.000000,0.000000,0.000000,0.000000
9.205941,1765280658.388544,1765280643,0.013339,0.000227,0.000000,0.000000,0.000000,0.000000,-0.344366,-0.688732
9.225964,1765280658.408574,1765280643,0.013339,0.000227,0.000000,0.000000,0.000000,0.000000,0.000000,0.000000
9.245973,1765280658.428583,1765280643,0.013339,0.000227,0.000000,0.000000,0.000000,0.000000,0.344366,0.000000
9.265985,1765280658.448596,1765280643,0.013339,0.000227,0.000000,0.000000,0.000000,0.000000,0.000000,0.000000
9.285995,1765280658.468605,1765280643,0.013339,0.000227,0.000000,0.000000,0.000000,0.000000,0.000000,0.000000
9.305993,1765280658.488596,1765280643,0.013339,0.000227,0.000000,0.000000,0.000000,0.000000,0.000000,0.000000
9.326002,1765280658.508605,1765280643,0.013339,0.000227,0.000000,0.000000,0.000000,0.000000,0.000000,0.000000
9.346009,1765280658.528612,1765280643,0.013339,0.000227,0.000000,0.000000,0.000000,0.000000,0.344366,0.000000
9.366031,1765280658.548643,1765280643,0.013339,0.000227,0.000000,0.000000,0.000000,0.000000,0.000000,0.000000
9.386041,1765280658.568651,1765280643,0.013339,0.000227,0.000000,0.000000,0.000000,0.000000,0.344366,0.000000
9.406050,1765280658.588660,1765280643,0.013339,0.000227,0.000000,0.000000,0.000000,0.000000,0.000000,0.000000
9.426059,1765280658.608669,1765280643,0.013339,0.000227,0.000000,0.000000,0.000000,0.000000,0.000000,0.000000
9.446069,1765280658.628680,1765280643,0.013339,0.000227,0.000000,0.000000,0.000000,0.000000,0.344366,0.000000
9.466078,1765280658.648688,1765280643,0.013339,0.000227,0.000000,0.000000,0.000000,0.000000,0.000000,0.000000
9.486088,1765280658.668699,1765280643,0.013339,0.000227,0.000000,0.000000,0.000000,0.000000,0.000000,0.000000
9.506098,1765280658.688708,1765280643,0.013339,0.000227,0.000000,0.000000,0.000000,0.000000,0.000000,0.000000
9.526108,1765280658.708718,1765280643,0.013339,0.000227,0.000000,0.000000,0.000000,0.000000,0.000000,0.000000
9.546119,1765280658.728730,1765280643,0.013339,0.000227,0.000000,0.000000,0.000000,0.000000,0.000000,0.000000
9.566127,1765280658.748738,1765280643,0.013339,0.000227,0.000000,0.000000,0.000000,0.000000,0.344366,0.000000
9.586054,1765280658.768636,1765280643,0.013339,0.000227,0.000000,0.000000,0.000000,0.000000,0.000000,0.000000
9.606148,1765280658.788758,1765280643,0.013339,0.000227,0.000000,0.000000,0.000000,0.000000,0.000000,-0.688732
9.626158,1765280658.808768,1765280643,0.013339,0.000227,0.000000,0.000000,0.000000,0.000000,0.000000,0.000000
9.646155,1765280658.828758,1765280643,0.013339,0.000227,0.000000,0.000000,0.000000,0.000000,0.000000,-0.688732
9.666177,1765280658.848787,1765280643,0.013339,0.000227,0.000000,0.000000,0.000000,0.000000,0.000000,0.000000
9.686173,1765280658.868774,1765280643,0.013339,0.000227,0.000000,0.000000,0.000000,0.000000,0.000000,0.000000
9.706195,1765280658.888805,1765280643,0.013339,0.000227,0.000000,0.000000,0.000000,0.000000,0.000000,0.000000
9.726203,1765280658.908813,1765280643,0.013339,0.000227,0.000000,0.000000,0.000000,0.000000,0.000000,-0.688732
9.746212,1765280658.928822,1765280643,0.013339,0.000227,0.000000,0.000000,0.000000,0.000000,0.000000,0.000000
9.766222,1765280658.948831,1765280643,0.013339,0.000227,0.000000,0.000000,0.000000,0.000000,0.000000,-0.688732
9.786232,1765280658.968842,1765280643,0.013339,0.000227,0.000000,0.000000,0.000000,0.000000,0.000000,0.000000
9.806241,1765280658.988851,1765280643,0.013339,0.000227,0.000000,0.000000,0.000000,0.000000,0.000000,0.000000
9.826145,1765280659.008698,1765280643,0.013339,0.000227,0.000000,0.000000,0.000000,0.000000,0.000000,0.000000
9.846150,1765280659.028709,1765280643,0.013339,0.000227,0.000000,0.000000,0.000000,0.000000,0.000000,0.000000
9.866147,1765280659.048701,1765280643,0.013339,0.000227,0.000000,0.000000,0.000000,0.000000,0.000000,0.000000
9.886191,1765280659.068768,1765280643,0.013339,0.000227,0.000000,0.000000,0.000000,0.000000,0.000000,0.000000
9.906249,1765280659.088852,1765280643,0.013339,0.000227,0.000000,0.000000,0.000000,0.000000,0.344366,0.000000
9.926271,1765280659.108881,1765280643,0.013339,0.000227,0.000000,0.000000,0.000000,0.000000,0.000000,0.000000
9.946280,1765280659.128890,1765280643,0.013339,0.000227,0.000000,0.000000,0.000000,0.000000,0.000000,0.000000
9.966289,1765280659.148899,1765280643,0.013339,0.000227,0.000000,0.000000,0.000000,0.000000,0.000000,0.000000
9.986287,1765280659.168890,1765280643,0.013339,0.000227,0.000000,0.000000,0.000000,0.000000,0.000000,0.000000
10.006309,1765280659.188919,1765280643,0.013339,0.000227,0.000000,0.000000,0.000000,0.000000,0.000000,0.000000
10.026220,1765280659.208779,1765280643,0.013339,0.000227,0.000000,0.000000,0.000000,0.000000,0.000000,0.000000
10.046336,1765280659.228962,1765280643,0.013339,0.000227,0.000000,0.000000,0.000000,0.000000,0.000000,0.000000
10.066318,1765280659.248928,1765280643,0.013339,0.000227,0.000000,0.000000,0.000000,0.000000,0.000000,0.000000
10.086283,1765280659.268869,1765280643,0.013339,0.000227,0.000000,0.000000,0.000000,0.000000,0.000000,0.000000
10.106302,1765280659.288898,1765280643,0.013339,0.000227,0.000000,0.000000,0.000000,0.000000,0.000000,0.000000
10.126319,1765280659.308922,1765280643,0.013339,0.000227,0.000000,0.000000,0.000000,0.000000,0.000000,-0.688732
10.146402,1765280659.329036,1765280643,0.013339,0.000227,0.000000,0.000000,0.000000,0.000000,0.000000,-0.344366
10.166412,1765280659.349046,1765280643,0.013339,0.000227,0.000000,0.000000,0.000000,0.000000,0.000000,0.000000
10.186383,1765280659.368994,1765280643,0.013339,0.000227,0.000000,0.000000,0.000000,0.000000,0.000000,0.000000
10.206427,1765280659.389060,1765280643,0.013339,0.000227,0.000000,0.000000,0.000000,0.000000,0.000000,0.000000
10.226438,1765280659.409072,1765280643,0.013339,0.000227,0.000000,0.000000,0.000000,0.000000,0.000000,0.000000
10.246428,1765280659.429048,1765280643,0.013339,0.000227,0.000000,0.000000,0.000000,0.000000,0.000000,0.000000
10.266439,1765280659.449059,1765280643,0.013339,0.000227,0.000000,0.000000,0.000000,0.000000,0.000000,-0.344366
10.286431,1765280659.469042,1765280643,0.013339,0.000227,0.000000,0.000000,0.000000,0.000000,0.000000,0.000000
10.306442,1765280659.489051,1765280643,0.013339,0.000227,0.000000,0.000000,0.000000,0.000000,0.000000,0.000000
10.326450,1765280659.509060,1765280643,0.013339,0.000227,0.000000,0.000000,0.000000,0.000000,0.000000,0.000000
10.346448,1765280659.529051,1765280643,0.013339,0.000227,0.000000,0.000000,0.000000,0.000000,0.000000,0.000000
10.366455,1765280659.549058,1765280643,0.013339,0.000227,0.000000,0.000000,0.000000,0.000000,0.000000,0.000000
10.386464,1765280659.569067,1765280643,0.013339,0.000227,0.000000,0.000000,0.000000,0.000000,0.000000,0.000000
10.406485,1765280659.589094,1765280643,0.013339,0.000227,0.000000,0.000000,0.000000,0.000000,0.000000,0.000000
10.426495,1765280659.609105,1765280643,0.013339,0.000227,0.000000,0.000000,0.000000,0.000000,0.000000,0.000000
10.446504,1765280659.629114,1765280643,0.013339,0.000227,0.000000,0.000000,0.000000,0.000000,0.000000,-0.344366
10.466501,1765280659.649103,1765280643,0.013339,0.000227,0.000000,0.000000,0.000000,0.000000,0.344366,0.000000
10.486509,1765280659.669112,1765280643,0.013339,0.000227,0.000000,0.000000,0.000000,0.000000,0.000000,0.000000
10.506482,1765280659.689069,1765280643,0.013339,0.000227,0.000000,0.000000,0.000000,0.000000,0.000000,0.000000
10.526509,1765280659.709104,1765280643,0.013339,0.000227,0.000000,0.000000,0.000000,0.000000,0.000000,0.000000
10.546532,1765280659.729135,1765280643,0.013339,0.000227,0.000000,0.000000,0.000000,0.000000,0.000000,0.000000
10.566540,1765280659.749142,1765280643,0.013339,0.000227,0.000000,0.000000,0.000000,0.000000,0.000000,0.000000
10.586549,1765280659.769151,1765280643,0.013339,0.000227,0.000000,0.000000,0.000000,0.000000,0.000000,0.000000
10.606557,1765280659.789160,1765280643,0.013339,0.000227,0.000000,0.000000,0.000000,0.000000,0.000000,0.000000
10.626565,1765280659.809167,1765280643,0.013339,0.000227,0.000000,0.000000,0.000000,0.000000,0.000000,0.000000
10.646573,1765280659.829176,1765280643,0.013339,0.000227,0.000000,0.000000,0.000000,0.000000,0.000000,0.000000
10.666582,1765280659.849184,1765280643,0.013339,0.000227,0.000000,0.000000,0.000000,0.000000,0.000000,0.000000
10.686591,1765280659.869194,1765280643,0.013339,0.000227,0.000000,0.000000,0.000000,0.000000,0.000000,0.000000
10.706583,1765280659.889178,1765280643,0.013339,0.000227,0.000000,0.000000,0.000000,0.000000,0.000000,0.000000
10.726604,1765280659.909207,1765280643,0.013339,0.000227,0.000000,0.000000,0.000000,0.000000,-0.344366,0.000000
10.746613,1765280659.929215,1765280643,0.013339,0.000227,0.000000,0.000000,0.000000,0.000000,-0.344366,0.000000
10.766620,1765280659.949224,1765280643,0.013339,0.000227,0.000000,0.000000,0.000000,0.000000,0.000000,0.000000
10.786628,1765280659.969231,1765280643,0.013339,0.000227,0.000000,0.000000,0.000000,0.000000,0.000000,0.000000
10.806638,1765280659.989241,1765280643,0.013339,0.000227,0.000000,0.000000,0.000000,0.000000,0.000000,0.000000
10.826591,1765280660.009186,1765280643,0.013339,0.000227,0.000000,0.000000,0.000000,0.000000,0.000000,0.000000
10.846600,1765280660.029194,1765280643,0.013339,0.000227,0.000000,0.000000,0.000000,0.000000,0.000000,0.000000
10.866600,1765280660.049186,1765280643,0.013339,0.000227,0.000000,0.000000,0.000000,0.000000,0.000000,0.000000
10.886609,1765280660.069196,1765280643,0.013339,0.000227,0.000000,0.000000,0.000000,0.000000,0.000000,0.000000
10.906625,1765280660.089219,1765280643,0.013339,0.000227,0.000000,0.000000,0.000000,0.000000,0.000000,0.000000
10.926765,1765280660.109401,1765280643,0.013339,0.000227,0.000000,0.000000,0.000000,0.000000,0.000000,0.000000
10.946647,1765280660.129323,1765280643,0.013339,0.000227,0.000000,0.000000,0.000000,0.000000,0.000000,0.000000
10.966648,1765280660.149235,1765280643,0.013339,0.000227,0.000000,0.000000,0.000000,0.000000,0.000000,0.000000
10.986655,1765280660.169294,1765280643,0.013339,0.000227,0.000000,0.000000,0.000000,0.000000,0.344366,-0.688732
11.006657,1765280660.189238,1765280643,0.013339,0.000227,0.000000,0.000000,0.000000,0.000000,0.000000,0.000000
11.026633,1765280660.209186,1765280643,0.013339,0.000227,0.000000,0.000000,0.000000,0.000000,0.000000,0.000000
11.046675,1765280660.229263,1765280643,0.013339,0.000227,0.000000,0.000000,0.000000,0.000000,0.000000,-0.688732
11.066664,1765280660.249238,1765280643,0.013339,0.000227,0.000000,0.000000,0.000000,0.000000,0.000000,0.000000
11.086645,1765280660.269197,1765280643,0.013339,0.000227,0.000000,0.000000,0.000000,0.000000,0.000000,0.000000
11.106683,1765280660.289250,1765280643,0.013339,0.000227,0.000000,0.000000,0.000000,0.000000,0.000000,0.000000
11.126706,1765280660.309301,1765280643,0.013339,0.000227,0.000000,0.000000,0.000000,0.000000,0.000000,0.000000
11.146725,1765280660.329330,1765280643,0.013339,0.000227,0.000000,0.000000,0.000000,0.000000,0.000000,0.000000
11.166749,1765280660.349336,1765280643,0.013339,0.000227,0.000000,0.000000,0.000000,0.000000,0.344366,0.000000
11.186781,1765280660.369377,1765280643,0.013339,0.000227,0.000000,0.000000,0.000000,0.000000,0.000000,0.000000
11.206804,1765280660.389400,1765280643,0.013339,0.000227,0.000000,0.000000,0.000000,0.000000,0.344366,0.000000
11.226815,1765280660.409419,1765280643,0.013339,0.000227,0.000000,0.000000,0.000000,0.000000,0.000000,0.000000
11.246822,1765280660.429426,1765280643,0.013339,0.000227,0.000000,0.000000,0.000000,0.000000,-0.688732,0.000000
11.266947,1765280660.449607,1765280643,0.013339,0.000227,0.000000,0.000000,0.000000,0.000000,0.000000,0.000000
11.286906,1765280660.469541,1765280643,0.013339,0.000227,0.000000,0.000000,0.000000,0.000000,0.000000,0.000000
11.306736,1765280660.489286,1765280643,0.013339,0.000227,0.000000,0.000000,0.000000,0.000000,0.344366,0.000000
11.326798,1765280660.509372,1765280643,0.013339,0.000227,0.000000,0.000000,0.000000,0.000000,0.344366,0.000000
11.346822,1765280660.529403,1765280643,0.013339,0.000227,0.000000,0.000000,0.000000,0.000000,0.344366,0.000000
11.366895,1765280660.549506,1765280643,0.013339,0.000227,0.000000,0.000000,0.000000,0.000000,0.000000,0.000000
11.386933,1765280660.569566,1765280643,0.013339,0.000227,0.000000,0.000000,0.000000,0.000000,0.000000,0.000000
11.406940,1765280660.589560,1765280643,0.013339,0.000227,0.000000,0.000000,0.000000,0.000000,0.000000,0.000000
11.426930,1765280660.609540,1765280643,0.013339,0.000227,0.000000,0.000000,0.000000,0.000000,0.000000,-0.344366
11.446929,1765280660.629540,1765280643,0.013339,0.000227,0.000000,0.000000,0.000000,0.000000,0.000000,0.000000
11.466940,1765280660.649550,1765280643,0.013339,0.000227,0.000000,0.000000,0.000000,0.000000,0.000000,0.000000
11.486950,1765280660.669561,1765280643,0.013339,0.000227,0.000000,0.000000,0.000000,0.000000,0.000000,0.000000
11.506958,1765280660.689568,1765280643,0.013339,0.000227,0.000000,0.000000,0.000000,0.000000,0.000000,0.000000
11.526971,1765280660.709582,1765280643,0.013339,0.000227,0.000000,0.000000,0.000000,0.000000,0.000000,0.000000
11.546978,1765280660.729587,1765280643,0.013339,0.000227,0.000000,0.000000,0.000000,0.000000,0.000000,0.000000
11.566987,1765280660.749598,1765280643,0.013339,0.000227,0.000000,0.000000,0.000000,0.000000,0.000000,0.000000
11.586996,1765280660.769606,1765280643,0.013339,0.000227,0.000000,0.000000,0.000000,0.000000,0.000000,0.000000
11.607006,1765280660.789617,1765280643,0.013339,0.000227,0.000000,0.000000,0.000000,0.000000,-0.344366,0.000000
11.627004,1765280660.809607,1765280643,0.013339,0.000227,0.000000,0.000000,0.000000,0.000000,0.000000,0.000000
11.647024,1765280660.829634,1765280643,0.013339,0.000227,0.000000,0.000000,0.000000,0.000000,0.000000,0.000000
11.667034,1765280660.849644,1765280643,0.013339,0.000227,0.000000,0.000000,0.000000,0.000000,0.000000,-0.344366
11.687043,1765280660.869653,1765280643,0.013339,0.000227,0.000000,0.000000,0.000000,0.000000,0.000000,0.000000
11.707052,1765280660.889663,1765280643,0.013339,0.000227,0.000000,0.000000,0.000000,0.000000,0.000000,0.000000
11.727063,1765280660.909673,1765280643,0.013339,0.000227,0.000000,0.000000,0.000000,0.000000,0.000000,0.000000
11.747060,1765280660.929662,1765280643,0.013339,0.000227,0.000000,0.000000,0.000000,0.000000,0.344366,0.000000
11.767121,1765280660.949755,1765280643,0.013339,0.000227,0.000000,0.000000,0.000000,0.000000,0.344366,0.000000
11.787133,1765280660.969767,1765280643,0.013339,0.000227,0.000000,0.000000,0.000000,0.000000,0.000000,0.000000
11.807123,1765280660.989743,1765280643,0.013339,0.000227,0.000000,0.000000,0.000000,0.000000,0.000000,0.000000
11.827134,1765280661.009754,1765280643,0.013339,0.000227,0.000000,0.000000,0.000000,0.000000,0.000000,0.000000
11.847167,1765280661.029801,1765280643,0.013339,0.000227,0.000000,0.000000,0.000000,0.000000,0.344366,0.000000
11.867122,1765280661.049767,1765280643,0.013339,0.000227,0.000000,0.000000,0.000000,0.000000,0.000000,0.000000
11.887195,1765280661.069829,1765280643,0.013339,0.000227,0.000000,0.000000,0.000000,0.000000,0.000000,0.000000
11.907209,1765280661.089842,1765280643,0.013339,0.000227,0.000000,0.000000,0.000000,0.000000,0.344366,0.000000
11.927198,1765280661.109818,1765280643,0.013339,0.000227,0.000000,0.000000,0.000000,0.000000,0.000000,0.000000
11.947207,1765280661.129827,1765280643,0.013339,0.000227,0.000000,0.000000,0.000000,0.000000,0.344366,0.000000
11.967218,1765280661.149839,1765280643,0.013339,0.000227,0.000000,0.000000,0.000000,0.000000,0.000000,0.000000
11.987212,1765280661.169822,1765280643,0.013339,0.000227,0.000000,0.000000,0.000000,0.000000,0.000000,0.000000
12.007221,1765280661.189830,1765280643,0.013339,0.000227,0.000000,0.000000,0.000000,0.000000,0.000000,0.000000
12.027127,1765280661.209685,1765280643,0.013339,0.000227,0.000000,0.000000,0.000000,0.000000,0.000000,0.000000
12.047314,1765280661.229988,1765280643,0.013339,0.000227,0.000000,0.000000,0.000000,0.000000,0.000000,0.000000
12.067259,1765280661.249866,1765280643,0.013339,0.000227,0.000000,0.000000,0.000000,0.000000,0.000000,0.000000
12.087167,1765280661.269725,1765280643,0.013339,0.000227,0.000000,0.000000,0.000000,0.000000,0.000000,0.000000
12.107208,1765280661.289787,1765280643,0.013339,0.000227,0.000000,0.000000,0.000000,0.000000,0.344366,0.000000
12.127247,1765280661.309843,1765280643,0.013339,0.000227,0.000000,0.000000,0.000000,0.000000,0.000000,0.000000
12.147323,1765280661.329957,1765280643,0.013339,0.000227,0.000000,0.000000,0.000000,0.000000,0.000000,0.000000
12.167311,1765280661.349931,1765280643,0.013339,0.000227,0.000000,0.000000,0.000000,0.000000,0.000000,0.000000
12.187321,1765280661.369941,1765280643,0.013339,0.000227,0.000000,0.000000,0.000000,0.000000,0.000000,0.000000
12.207315,1765280661.389925,1765280643,0.013339,0.000227,0.000000,0.000000,0.000000,0.000000,0.000000,0.000000
12.227313,1765280661.409915,1765280643,0.013339,0.000227,0.000000,0.000000,0.000000,0.000000,0.000000,0.000000
12.247334,1765280661.429945,1765280643,0.013339,0.000227,0.000000,0.000000,0.000000,0.000000,0.000000,0.000000
12.267343,1765280661.449954,1765280643,0.013339,0.000227,0.000000,0.000000,0.000000,0.000000,0.000000,0.000000
12.287350,1765280661.469953,1765280643,0.013339,0.000227,0.000000,0.000000,0.000000,0.000000,0.000000,0.000000
12.307350,1765280661.489953,1765280643,0.013339,0.000227,0.000000,0.000000,0.000000,0.000000,0.000000,0.000000
12.327360,1765280661.509963,1765280643,0.013339,0.000227,0.000000,0.000000,0.000000,0.000000,0.000000,0.000000
12.347419,1765280661.530052,1765280643,0.013339,0.000227,0.000000,0.000000,0.000000,0.000000,0.000000,-0.688732
12.367431,1765280661.550065,1765280643,0.013339,0.000227,0.000000,0.000000,0.000000,0.000000,0.000000,0.000000
12.387443,1765280661.570076,1765280643,0.013339,0.000227,0.000000,0.000000,0.000000,0.000000,0.344366,0.000000
12.407456,1765280661.590090,1765280643,0.013339,0.000227,0.000000,0.000000,0.000000,0.000000,0.000000,0.344366
12.427445,1765280661.610065,1765280643,0.013339,0.000227,0.000000,0.000000,0.000000,0.000000,0.000000,0.000000
12.447439,1765280661.630049,1765280643,0.013339,0.000227,0.000000,0.000000,0.000000,0.000000,0.000000,-0.688732
12.467447,1765280661.650057,1765280643,0.013339,0.000227,0.000000,0.000000,0.000000,0.000000,0.000000,0.000000
12.487462,1765280661.670078,1765280643,0.013339,0.000227,0.000000,0.000000,0.000000,0.000000,0.000000,0.000000
12.507420,1765280661.690022,1765280643,0.013339,0.000227,0.000000,0.000000,0.000000,0.000000,0.000000,0.000000
12.527428,1765280661.710021,1765280643,0.013339,0.000227,0.000000,0.000000,0.000000,0.000000,0.000000,0.000000
12.547424,1765280661.730010,1765280643,0.013339,0.000227,0.000000,0.000000,0.000000,0.000000,0.000000,0.000000
12.567449,1765280661.750036,1765280643,0.013339,0.000227,0.000000,0.000000,0.000000,0.000000,0.000000,0.000000
12.587455,1765280661.770041,1765280643,0.013339,0.000227,0.000000,0.000000,0.000000,0.000000,0.000000,0.000000
12.607463,1765280661.790051,1765280643,0.013339,0.000227,0.000000,0.000000,0.000000,0.000000,0.000000,0.000000
12.627464,1765280661.810044,1765280643,0.013339,0.000227,0.000000,0.000000,0.000000,0.000000,0.000000,0.344366
12.647471,1765280661.830052,1765280643,0.013339,0.000227,0.000000,0.000000,0.000000,0.000000,0.000000,0.000000
12.667479,1765280661.850059,1765280643,0.013339,0.000227,0.000000,0.000000,0.000000,0.000000,0.000000,0.000000
12.687485,1765280661.870066,1765280643,0.013339,0.000227,0.000000,0.000000,0.000000,0.000000,0.344366,0.000000
12.707493,1765280661.890073,1765280643,0.013339,0.000227,0.000000,0.000000,0.000000,0.000000,0.000000,0.000000
12.727500,1765280661.910080,1765280643,0.013339,0.000227,0.000000,0.000000,0.000000,0.000000,0.000000,0.000000
12.747507,1765280661.930087,1765280643,0.013339,0.000227,0.000000,0.000000,0.000000,0.000000,0.000000,0.000000
12.767514,1765280661.950095,1765280643,0.013339,0.000227,0.000000,0.000000,0.000000,0.000000,0.000000,0.000000
12.787521,1765280661.970101,1765280643,0.013339,0.000227,0.000000,0.000000,0.000000,0.000000,0.344366,0.000000
12.807529,1765280661.990109,1765280643,0.013339,0.000227,0.000000,0.000000,0.000000,0.000000,0.000000,0.000000
12.827536,1765280662.010116,1765280643,0.013339,0.000227,0.000000,0.000000,0.000000,0.000000,0.344366,0.000000
12.847543,1765280662.030124,1765280643,0.013339,0.000227,0.000000,0.000000,0.000000,0.000000,0.000000,0.000000
12.867550,1765280662.050131,1765280643,0.013339,0.000227,0.000000,0.000000,0.000000,0.000000,0.000000,-0.688732
12.887558,1765280662.070138,1765280643,0.013339,0.000227,0.000000,0.000000,0.000000,0.000000,0.000000,0.000000
12.907566,1765280662.090146,1765280643,0.013339,0.000227,0.000000,0.000000,0.000000,0.000000,0.000000,0.000000
12.927696,1765280662.110364,1765280643,0.013339,0.000227,0.000000,0.000000,0.000000,0.000000,0.000000,0.000000
12.947686,1765280662.130342,1765280643,0.013339,0.000227,0.000000,0.000000,0.000000,0.000000,0.000000,0.000000
12.967678,1765280662.150317,1765280643,0.013339,0.000227,0.000000,0.000000,0.000000,0.000000,0.000000,0.000000
12.987677,1765280662.170293,1765280643,0.013339,0.000227,0.000000,0.000000,0.000000,0.000000,0.000000,0.000000
13.007666,1765280662.190257,1765280643,0.013339,0.000227,0.000000,0.000000,0.000000,0.000000,0.344366,0.000000
13.027590,1765280662.210142,1765280643,0.013339,0.000227,0.000000,0.000000,0.000000,0.000000,0.000000,0.000000
13.047629,1765280662.230214,1765280643,0.013339,0.000227,0.000000,0.000000,0.000000,0.000000,0.000000,0.000000
13.067608,1765280662.250163,1765280643,0.013339,0.000227,0.000000,0.000000,0.000000,0.000000,0.000000,0.000000
13.087602,1765280662.270157,1765280643,0.013339,0.000227,0.000000,0.000000,0.000000,0.000000,0.000000,0.000000
13.107642,1765280662.290212,1765280643,0.013339,0.000227,0.000000,0.000000,0.000000,0.000000,0.344366,0.000000
13.127726,1765280662.310359,1765280643,0.013339,0.000227,0.000000,0.000000,0.000000,0.000000,0.000000,0.000000
13.147722,1765280662.330360,1765280643,0.013339,0.000227,0.000000,0.000000,0.000000,0.000000,0.000000,-0.688732
13.167673,1765280662.350268,1765280643,0.013339,0.000227,0.000000,0.000000,0.000000,0.000000,0.000000,0.000000
13.187673,1765280662.370260,1765280643,0.013339,0.000227,0.000000,0.000000,0.000000,0.000000,0.000000,0.000000
13.207681,1765280662.390267,1765280643,0.013339,0.000227,0.000000,0.000000,0.000000,0.000000,0.344366,0.000000
13.227753,1765280662.410383,1765280643,0.013339,0.000227,0.000000,0.000000,0.000000,0.000000,0.000000,-0.688732
13.247698,1765280662.430296,1765280643,0.013339,0.000227,0.000000,0.000000,0.000000,0.000000,0.000000,0.000000
13.267846,1765280662.450479,1765280643,0.013339,0.000227,0.000000,0.000000,0.000000,0.000000,0.000000,0.000000
13.287902,1765280662.470575,1765280643,0.013339,0.000227,0.000000,0.000000,0.000000,0.000000,0.000000,0.000000
13.307763,1765280662.490362,1765280643,0.013339,0.000227,0.000000,0.000000,0.000000,0.000000,0.000000,0.000000
13.327890,1765280662.510523,1765280643,0.013339,0.000227,0.000000,0.000000,0.000000,0.000000,0.000000,0.000000
13.347877,1765280662.530497,1765280643,0.013339,0.000227,0.000000,0.000000,0.000000,0.000000,0.000000,0.000000
13.367902,1765280662.550512,1765280643,0.013339,0.000227,0.000000,0.000000,0.000000,0.000000,0.344366,0.000000
13.387870,1765280662.570480,1765280643,0.013339,0.000227,0.000000,0.000000,0.000000,0.000000,0.000000,0.000000
13.407887,1765280662.590497,1765280643,0.013339,0.000227,0.000000,0.000000,0.000000,0.000000,0.000000,0.000000
13.427898,1765280662.610508,1765280643,0.013339,0.000227,0.000000,0.000000,0.000000,0.000000,0.000000,0.000000
13.447907,1765280662.630517,1765280643,0.013339,0.000227,0.000000,0.000000,0.000000,0.000000,0.000000,0.000000
13.467917,1765280662.650527,1765280643,0.013339,0.000227,0.000000,0.000000,0.000000,0.000000,0.344366,0.000000
13.487862,1765280662.670460,1765280643,0.013339,0.000227,0.000000,0.000000,0.000000,0.000000,0.000000,0.000000
13.508273,1765280662.690966,1765280643,0.013339,0.000227,0.000000,0.000000,0.000000,0.000000,0.000000,0.000000
13.527986,1765280662.710621,1765280643,0.013339,0.000227,0.000000,0.000000,0.000000,0.000000,0.000000,0.000000
13.547891,1765280662.730486,1765280643,0.013339,0.000227,0.000000,0.000000,0.000000,0.000000,0.000000,0.000000
13.568047,1765280662.750680,1765280643,0.013339,0.000227,0.000000,0.000000,0.000000,0.000000,0.000000,0.000000
13.588059,1765280662.770692,1765280643,0.013339,0.000227,0.000000,0.000000,0.000000,0.000000,0.000000,0.000000
13.608030,1765280662.790639,1765280643,0.013339,0.000227,0.000000,0.000000,0.000000,0.000000,0.000000,0.000000
13.628162,1765280662.810796,1765280643,0.013339,0.000227,0.000000,0.000000,0.000000,0.000000,0.000000,0.000000
13.648174,1765280662.830808,1765280643,0.013339,0.000227,0.000000,0.000000,0.000000,0.000000,0.000000,0.000000
13.668075,1765280662.850663,1765280643,0.013339,0.000227,0.000000,0.000000,0.000000,0.000000,0.000000,0.000000
13.688175,1765280662.870796,1765280643,0.013339,0.000227,0.000000,0.000000,0.000000,0.000000,0.000000,0.000000
13.708185,1765280662.890806,1765280643,0.013339,0.000227,0.000000,0.000000,0.000000,0.000000,0.000000,0.000000
13.728181,1765280662.910791,1765280643,0.013339,0.000227,0.000000,0.000000,0.000000,0.000000,0.000000,0.000000
13.748189,1765280662.930799,1765280643,0.013339,0.000227,0.000000,0.000000,0.000000,0.000000,0.000000,0.000000
13.768199,1765280662.950808,1765280643,0.013339,0.000227,0.000000,0.000000,0.000000,0.000000,0.000000,0.000000
13.788209,1765280662.970819,1765280643,0.013339,0.000227,0.000000,0.000000,0.000000,0.000000,0.000000,0.000000
13.808206,1765280662.990808,1765280643,0.013339,0.000227,0.000000,0.000000,0.000000,0.000000,0.000000,0.000000
13.828214,1765280663.010816,1765280643,0.013339,0.000227,0.000000,0.000000,0.000000,0.000000,0.344366,0.000000
13.848222,1765280663.030825,1765280643,0.013339,0.000227,0.000000,0.000000,0.000000,0.000000,0.000000,-0.688732
13.868231,1765280663.050833,1765280643,0.013339,0.000227,0.000000,0.000000,0.000000,0.000000,0.000000,0.000000
13.888251,1765280663.070861,1765280643,0.013339,0.000227,0.000000,0.000000,0.000000,0.000000,0.000000,0.000000
13.908250,1765280663.090852,1765280643,0.013339,0.000227,0.000000,0.000000,0.000000,0.000000,0.000000,0.000000
13.928271,1765280663.110880,1765280643,0.013339,0.000227,0.000000,0.000000,0.000000,0.000000,0.000000,0.000000
13.948280,1765280663.130890,1765280643,0.013339,0.000227,0.000000,0.000000,0.000000,0.000000,0.000000,0.000000
13.968277,1765280663.150880,1765280643,0.013339,0.000227,0.000000,0.000000,0.000000,0.000000,0.000000,0.000000
13.988285,1765280663.170888,1765280643,0.013339,0.000227,0.000000,0.000000,0.000000,0.000000,0.000000,0.000000
14.008295,1765280663.190898,1765280643,0.013339,0.000227,0.000000,0.000000,0.000000,0.000000,0.000000,0.000000
14.028202,1765280663.210755,1765280643,0.013339,0.000227,0.000000,0.000000,0.000000,0.000000,0.000000,0.000000
14.048288,1765280663.230896,1765280643,0.013339,0.000227,0.000000,0.000000,0.000000,0.000000,0.000000,0.000000
14.068206,1765280663.250760,1765280643,0.013339,0.000227,0.000000,0.000000,0.000000,0.000000,0.000000,0.000000
14.088213,1765280663.270771,1765280643,0.013339,0.000227,0.000000,0.000000,0.000000,0.000000,0.000000,0.000000
14.108298,1765280663.290894,1765280643,0.013339,0.000227,0.000000,0.000000,0.000000,0.000000,0.000000,0.000000
14.128334,1765280663.310944,1765280643,0.013339,0.000227,0.000000,0.000000,0.000000,0.000000,0.000000,0.000000
14.148346,1765280663.330972,1765280643,0.013339,0.000227,0.000000,0.000000,0.000000,0.000000,0.000000,0.000000
14.168355,1765280663.350965,1765280643,0.013339,0.000227,0.000000,0.000000,0.000000,0.000000,-0.344366,0.000000
14.188363,1765280663.370974,1765280643,0.013339,0.000227,0.000000,0.000000,0.000000,0.000000,0.000000,0.000000
14.208411,1765280663.391045,1765280643,0.013339,0.000227,0.000000,0.000000,0.000000,0.000000,0.000000,0.000000
14.228424,1765280663.411058,1765280643,0.013339,0.000227,0.000000,0.000000,0.000000,0.000000,0.000000,0.000000
14.248346,1765280663.430962,1765280643,0.013339,0.000227,0.000000,0.000000,0.000000,0.000000,0.000000,0.000000
14.268338,1765280663.450954,1765280643,0.013339,0.000227,0.000000,0.000000,0.000000,0.000000,0.344366,0.000000
14.288348,1765280663.470965,1765280643,0.013339,0.000227,0.000000,0.000000,0.000000,0.000000,0.000000,0.000000
14.308360,1765280663.490975,1765280643,0.013339,0.000227,0.000000,0.000000,0.000000,0.000000,0.000000,0.000000
14.328474,1765280663.511108,1765280643,0.013339,0.000227,0.000000,0.000000,0.000000,0.000000,0.000000,0.000000
14.348487,1765280663.531121,1765280643,0.013339,0.000227,0.000000,0.000000,0.000000,0.000000,0.000000,0.000000
14.368413,1765280663.551007,1765280643,0.013339,0.000227,0.000000,0.000000,0.000000,0.000000,0.000000,0.000000
14.388424,1765280663.571018,1765280643,0.013339,0.000227,0.000000,0.000000,0.000000,0.000000,-0.344366,0.000000
14.408434,1765280663.591028,1765280643,0.013339,0.000227,0.000000,0.000000,0.000000,0.000000,0.000000,0.000000
14.428442,1765280663.611039,1765280643,0.013339,0.000227,0.000000,0.000000,0.000000,0.000000,0.000000,0.000000
14.448428,1765280663.631009,1765280643,0.013339,0.000227,0.000000,0.000000,0.000000,0.000000,-1.721829,-0.344366
14.468446,1765280663.651025,1765280643,0.013339,0.000227,0.000000,0.000000,0.000000,0.000000,0.000000,0.000000
14.488454,1765280663.671033,1765280643,0.013339,0.000227,0.000000,0.000000,0.000000,0.000000,0.000000,-0.688732
14.508461,1765280663.691040,1765280643,0.013339,0.000227,0.000000,0.000000,0.000000,0.000000,0.000000,0.000000
14.528468,1765280663.711049,1765280643,0.013339,0.000227,0.000000,0.000000,0.000000,0.000000,0.000000,0.000000
14.548476,1765280663.731055,1765280643,0.013339,0.000227,0.000000,0.000000,0.000000,0.000000,0.000000,-0.344366
14.568483,1765280663.751063,1765280643,0.013339,0.000227,0.000000,0.000000,0.000000,0.000000,0.000000,-0.688732
14.588490,1765280663.771070,1765280643,0.013339,0.000227,0.000000,0.000000,0.000000,0.000000,0.000000,0.000000
14.608497,1765280663.791077,1765280643,0.013339,0.000227,0.000000,0.000000,0.000000,0.000000,0.000000,0.000000
14.628504,1765280663.811084,1765280643,0.013339,0.000227,0.000000,0.000000,0.000000,0.000000,0.344366,0.000000
14.648511,1765280663.831091,1765280643,0.013339,0.000227,0.000000,0.000000,0.000000,0.000000,0.000000,0.000000
14.668526,1765280663.851113,1765280643,0.013339,0.000227,0.000000,0.000000,0.000000,0.000000,0.000000,0.000000
14.688527,1765280663.871108,1765280643,0.013339,0.000227,0.000000,0.000000,0.000000,0.000000,0.000000,0.000000
14.708555,1765280663.891151,1765280643,0.013339,0.000227,0.000000,0.000000,0.000000,0.000000,0.000000,0.000000
14.728560,1765280663.911155,1765280643,0.013339,0.000227,0.000000,0.000000,0.000000,0.000000,0.344366,0.000000
14.748678,1765280663.931332,1765280643,0.013339,0.000227,0.000000,0.000000,0.000000,0.000000,0.000000,0.000000
14.768686,1765280663.951327,1765280643,0.013339,0.000227,0.000000,0.000000,0.000000,0.000000,0.000000,0.000000
14.788659,1765280663.971262,1765280643,0.013339,0.000227,0.000000,0.000000,0.000000,0.000000,0.000000,0.000000
14.808657,1765280663.991260,1765280643,0.013339,0.000227,0.000000,0.000000,0.000000,0.000000,0.000000,0.000000
14.828667,1765280664.011269,1765280643,0.013339,0.000227,0.000000,0.000000,0.000000,0.000000,0.000000,0.000000
14.848704,1765280664.031344,1765280643,0.013339,0.000227,0.000000,0.000000,0.000000,0.000000,0.000000,0.000000
14.868762,1765280664.051399,1765280643,0.013339,0.000227,0.000000,0.000000,0.000000,0.000000,0.000000,0.000000
14.888725,1765280664.071369,1765280643,0.013339,0.000227,0.000000,0.000000,0.000000,0.000000,0.000000,0.000000
14.908787,1765280664.091421,1765280643,0.013339,0.000227,0.000000,0.000000,0.000000,0.000000,0.000000,0.000000
14.928749,1765280664.111360,1765280643,0.013339,0.000227,0.000000,0.000000,0.000000,0.000000,0.000000,0.000000
14.948728,1765280664.131348,1765280643,0.013339,0.000227,0.000000,0.000000,0.000000,0.000000,0.000000,0.000000
14.968828,1765280664.151464,1765280643,0.013339,0.000227,0.000000,0.000000,0.000000,0.000000,0.000000,0.000000
14.988826,1765280664.171460,1765280643,0.013339,0.000227,0.000000,0.000000,0.000000,0.000000,0.344366,0.000000
15.008798,1765280664.191408,1765280643,0.013339,0.000227,0.000000,0.000000,0.000000,0.000000,0.000000,0.000000
15.028669,1765280664.211224,1765280643,0.013339,0.000227,0.000000,0.000000,0.000000,0.000000,0.000000,-0.344366
15.048878,1765280664.231430,1765280643,0.013339,0.000227,0.000000,0.000000,0.000000,0.000000,0.000000,0.000000
15.068892,1765280664.251448,1765280643,0.013339,0.000227,0.000000,0.000000,0.000000,0.000000,0.000000,0.000000
15.088909,1765280664.271473,1765280643,0.013339,0.000227,0.000000,0.000000,0.000000,0.000000,0.000000,0.000000
15.108926,1765280664.291498,1765280643,0.013339,0.000227,0.000000,0.000000,0.000000,0.000000,0.000000,0.000000
15.128956,1765280664.311543,1765280643,0.013339,0.000227,0.000000,0.000000,0.000000,0.000000,0.000000,0.000000
15.148982,1765280664.331578,1765280643,0.013339,0.000227,0.000000,0.000000,0.000000,0.000000,0.000000,0.000000
15.169005,1765280664.351608,1765280643,0.013339,0.000227,0.000000,0.000000,0.000000,0.000000,0.000000,0.000000
15.189015,1765280664.371617,1765280643,0.013339,0.000227,0.000000,0.000000,0.000000,0.000000,0.000000,0.000000
15.209024,1765280664.391627,1765280643,0.013339,0.000227,0.000000,0.000000,0.000000,0.000000,0.000000,0.000000
15.229044,1765280664.411654,1765280643,0.013339,0.000227,0.000000,0.000000,0.000000,0.000000,0.000000,0.000000
15.249040,1765280664.431642,1765280643,0.013339,0.000227,0.000000,0.000000,0.000000,0.000000,0.000000,0.000000
15.269050,1765280664.451653,1765280643,0.013339,0.000227,0.000000,0.000000,0.000000,0.000000,0.000000,0.000000
15.289059,1765280664.471662,1765280643,0.013339,0.000227,0.000000,0.000000,0.000000,0.000000,-0.344366,0.000000
15.309119,1765280664.491753,1765280643,0.013339,0.000227,0.000000,0.000000,0.000000,0.000000,0.000000,0.000000
15.329129,1765280664.511763,1765280643,0.013339,0.000227,0.000000,0.000000,0.000000,0.000000,0.000000,0.000000
15.349119,1765280664.531740,1765280643,0.013339,0.000227,0.000000,0.000000,0.000000,0.000000,0.344366,0.000000
15.369113,1765280664.551723,1765280643,0.013339,0.000227,0.000000,0.000000,0.000000,0.000000,0.344366,0.000000
15.389161,1765280664.571796,1765280643,0.013339,0.000227,0.000000,0.000000,0.000000,0.000000,0.000000,-0.344366
15.409175,1765280664.591808,1765280643,0.013339,0.000227,0.000000,0.000000,0.000000,0.000000,0.000000,0.000000
15.429163,1765280664.611784,1765280643,0.013339,0.000227,0.000000,0.000000,0.000000,0.000000,0.000000,0.000000
15.449174,1765280664.631794,1765280643,0.013339,0.000227,0.000000,0.000000,0.000000,0.000000,0.000000,0.000000
15.469185,1765280664.651805,1765280643,0.013339,0.000227,0.000000,0.000000,0.000000,0.000000,0.000000,0.000000
15.489178,1765280664.671788,1765280643,0.013339,0.000227,0.000000,0.000000,0.000000,0.000000,0.344366,0.000000
15.509186,1765280664.691795,1765280643,0.013339,0.000227,0.000000,0.000000,0.000000,0.000000,0.000000,0.000000
15.529195,1765280664.711805,1765280643,0.013339,0.000227,0.000000,0.000000,0.000000,0.000000,0.344366,0.000000
15.549205,1765280664.731816,1765280643,0.013339,0.000227,0.000000,0.000000,0.000000,0.000000,0.000000,0.000000
15.569215,1765280664.751825,1765280643,0.013339,0.000227,0.000000,0.000000,0.000000,0.000000,0.000000,0.000000
15.589224,1765280664.771834,1765280643,0.013339,0.000227,0.000000,0.000000,0.000000,0.000000,0.000000,-0.688732
15.609233,1765280664.791843,1765280643,0.013339,0.000227,0.000000,0.000000,0.000000,0.000000,0.000000,0.000000
15.629243,1765280664.811854,1765280643,0.013339,0.000227,0.000000,0.000000,0.000000,0.000000,0.000000,0.000000
15.649252,1765280664.831861,1765280643,0.013339,0.000227,0.000000,0.000000,0.000000,0.000000,0.000000,0.000000
15.669262,1765280664.851872,1765280643,0.013339,0.000227,0.000000,0.000000,0.000000,0.000000,0.000000,0.000000
15.689271,1765280664.871881,1765280643,0.013339,0.000227,0.000000,0.000000,0.000000,0.000000,0.000000,0.000000
15.709280,1765280664.891891,1765280643,0.013339,0.000227,0.000000,0.000000,0.000000,0.000000,0.000000,0.000000
15.729233,1765280664.911829,1765280643,0.013339,0.000227,0.000000,0.000000,0.000000,0.000000,0.000000,0.000000
15.749234,1765280664.931828,1765280643,0.013339,0.000227,0.000000,0.000000,0.000000,0.000000,0.000000,0.000000
15.769242,1765280664.951841,1765280643,0.013339,0.000227,0.000000,0.000000,0.000000,0.000000,0.000000,0.000000
15.789284,1765280664.971898,1765280643,0.013339,0.000227,0.000000,0.000000,0.000000,0.000000,0.000000,0.000000
15.809379,1765280664.992013,1765280643,0.013339,0.000227,0.000000,0.000000,0.000000,0.000000,0.000000,0.000000
15.829391,1765280665.012024,1765280643,0.013339,0.000227,0.000000,0.000000,0.000000,0.000000,0.000000,0.000000
15.849339,1765280665.031955,1765280643,0.013339,0.000227,0.000000,0.000000,0.000000,0.000000,0.000000,0.000000
15.869437,1765280665.052070,1765280643,0.013339,0.000227,0.000000,0.000000,0.000000,0.000000,0.000000,0.000000
15.889448,1765280665.072082,1765280643,0.013339,0.000227,0.000000,0.000000,0.000000,0.000000,0.000000,0.000000
15.909459,1765280665.092093,1765280643,0.013339,0.000227,0.000000,0.000000,0.000000,0.000000,0.000000,0.000000
15.929472,1765280665.112106,1765280643,0.013339,0.000227,0.000000,0.000000,0.000000,0.000000,0.000000,0.000000
15.949459,1765280665.132079,1765280643,0.013339,0.000227,0.000000,0.000000,0.000000,0.000000,0.000000,0.000000
15.969453,1765280665.152063,1765280643,0.013339,0.000227,0.000000,0.000000,0.000000,0.000000,0.000000,0.000000
15.989382,1765280665.171951,1765280643,0.013339,0.000227,0.000000,0.000000,0.000000,0.000000,0.000000,0.000000
16.009465,1765280665.192086,1765280643,0.013339,0.000227,0.000000,0.000000,0.000000,0.000000,0.000000,0.000000
16.029379,1765280665.211943,1765280643,0.013339,0.000227,0.000000,0.000000,0.000000,0.000000,0.000000,0.000000
16.049416,1765280665.232002,1765280643,0.013339,0.000227,0.000000,0.000000,0.000000,0.000000,0.000000,0.000000
16.069398,1765280665.251980,1765280643,0.013339,0.000227,0.000000,0.000000,0.000000,0.000000,0.000000,0.000000
16.089398,1765280665.271962,1765280643,0.013339,0.000227,0.000000,0.000000,0.000000,0.000000,0.000000,0.000000
16.109412,1765280665.291983,1765280643,0.013339,0.000227,0.000000,0.000000,0.000000,0.000000,0.000000,0.000000
16.129433,1765280665.312012,1765280643,0.013339,0.000227,0.000000,0.000000,0.000000,0.000000,0.000000,0.000000
16.149451,1765280665.332037,1765280643,0.013339,0.000227,0.000000,0.000000,0.000000,0.000000,0.000000,0.000000
16.169466,1765280665.352058,1765280643,0.013339,0.000227,0.000000,0.000000,0.000000,0.000000,0.000000,0.000000
16.189472,1765280665.372063,1765280643,0.013339,0.000227,0.000000,0.000000,0.000000,0.000000,0.000000,0.000000
16.209491,1765280665.392087,1765280643,0.013339,0.000227,0.000000,0.000000,0.000000,0.000000,0.000000,0.000000
16.229487,1765280665.412078,1765280643,0.013339,0.000227,0.000000,0.000000,0.000000,0.000000,0.344366,0.000000
16.249461,1765280665.432044,1765280643,0.013339,0.000227,0.000000,0.000000,0.000000,0.000000,0.000000,0.000000
16.269435,1765280665.451993,1765280643,0.013339,0.000227,0.000000,0.000000,0.000000,0.000000,0.000000,0.000000
16.289447,1765280665.472011,1765280643,0.013339,0.000227,0.000000,0.000000,0.000000,0.000000,0.000000,-0.344366
16.309458,1765280665.492025,1765280643,0.013339,0.000227,0.000000,0.000000,0.000000,0.000000,0.344366,0.000000
16.329478,1765280665.512054,1765280643,0.013339,0.000227,0.000000,0.000000,0.000000,0.000000,-0.344366,0.000000
16.349494,1765280665.532076,1765280643,0.013339,0.000227,0.000000,0.000000,0.000000,0.000000,0.000000,0.000000
16.369516,1765280665.552106,1765280643,0.013339,0.000227,0.000000,0.000000,0.000000,0.000000,0.000000,0.000000
16.389521,1765280665.572112,1765280643,0.013339,0.000227,0.000000,0.000000,0.000000,0.000000,0.000000,0.000000
16.409527,1765280665.592118,1765280643,0.013339,0.000227,0.000000,0.000000,0.000000,0.000000,0.000000,0.000000
16.429533,1765280665.612124,1765280643,0.013339,0.000227,0.000000,0.000000,0.000000,0.000000,0.000000,0.000000
16.449539,1765280665.632130,1765280643,0.013339,0.000227,0.000000,0.000000,0.000000,0.000000,0.000000,0.000000
16.469545,1765280665.652135,1765280643,0.013339,0.000227,0.000000,0.000000,0.000000,0.000000,0.000000,0.000000
16.489551,1765280665.672141,1765280643,0.013339,0.000227,0.000000,0.000000,0.000000,0.000000,0.000000,0.000000
16.509558,1765280665.692149,1765280643,0.013339,0.000227,0.000000,0.000000,0.000000,0.000000,0.344366,0.000000
16.529575,1765280665.712172,1765280643,0.013339,0.000227,0.000000,0.000000,0.000000,0.000000,0.000000,0.000000
16.549582,1765280665.732178,1765280643,0.013339,0.000227,0.000000,0.000000,0.000000,0.000000,0.000000,0.000000
16.569606,1765280665.752206,1765280643,0.013339,0.000227,0.000000,0.000000,0.000000,0.000000,0.000000,0.000000
16.589597,1765280665.772194,1765280643,0.013339,0.000227,0.000000,0.000000,0.000000,0.000000,0.000000,0.000000
16.609604,1765280665.792201,1765280643,0.013339,0.000227,0.000000,0.000000,0.000000,0.000000,0.000000,0.000000
16.629610,1765280665.812207,1765280643,0.013339,0.000227,0.000000,0.000000,0.000000,0.000000,0.000000,0.000000
16.649617,1765280665.832213,1765280643,0.013339,0.000227,0.000000,0.000000,0.000000,0.000000,0.000000,0.000000
16.669624,1765280665.852221,1765280643,0.013339,0.000227,0.000000,0.000000,0.000000,0.000000,0.344366,0.000000
16.689631,1765280665.872228,1765280643,0.013339,0.000227,0.000000,0.000000,0.000000,0.000000,0.344366,0.000000
16.709639,1765280665.892236,1765280643,0.013339,0.000227,0.000000,0.000000,0.000000,0.000000,0.000000,0.000000
16.729710,1765280665.912380,1765280643,0.013339,0.000227,0.000000,0.000000,0.000000,0.000000,0.000000,0.000000
16.749700,1765280665.932358,1765280643,0.013339,0.000227,0.000000,0.000000,0.000000,0.000000,0.000000,0.000000
16.769695,1765280665.952344,1765280643,0.013339,0.000227,0.000000,0.000000,0.000000,0.000000,0.000000,-0.688732
16.789769,1765280665.972405,1765280643,0.013339,0.000227,0.000000,0.000000,0.000000,0.000000,0.000000,-0.688732
16.809761,1765280665.992383,1765280643,0.013339,0.000227,0.000000,0.000000,0.000000,0.000000,0.000000,0.000000
16.829725,1765280666.012367,1765280643,0.013339,0.000227,0.000000,0.000000,0.000000,0.000000,0.000000,0.000000
16.849767,1765280666.032379,1765280643,0.013339,0.000227,0.000000,0.000000,0.000000,0.000000,0.000000,0.000000
16.869780,1765280666.052394,1765280643,0.013339,0.000227,0.000000,0.000000,0.000000,0.000000,0.000000,0.000000
16.889771,1765280666.072376,1765280643,0.013339,0.000227,0.000000,0.000000,0.000000,0.000000,0.000000,0.000000
16.909793,1765280666.092406,1765280643,0.013339,0.000227,0.000000,0.000000,0.000000,0.000000,0.000000,0.000000
16.929801,1765280666.112413,1765280643,0.013339,0.000227,0.000000,0.000000,0.000000,0.000000,0.000000,0.000000
16.949809,1765280666.132419,1765280643,0.013339,0.000227,0.000000,0.000000,0.000000,0.000000,0.000000,0.000000
16.969830,1765280666.152441,1765280643,0.013339,0.000227,0.000000,0.000000,0.000000,0.000000,0.000000,0.000000
16.989828,1765280666.172439,1765280643,0.013339,0.000227,0.000000,0.000000,0.000000,0.000000,0.000000,0.000000
17.009823,1765280666.192429,1765280643,0.013339,0.000227,0.000000,0.000000,0.000000,0.000000,-0.688732,0.000000
17.029806,1765280666.212363,1765280643,0.013339,0.000227,0.000000,0.000000,0.000000,0.000000,0.000000,0.000000
17.049842,1765280666.232431,1765280643,0.013339,0.000227,0.000000,0.000000,0.000000,0.000000,0.000000,0.000000
17.069821,1765280666.252377,1765280643,0.013339,0.000227,0.000000,0.000000,0.000000,0.000000,0.344366,0.000000
17.089823,1765280666.272380,1765280643,0.013339,0.000227,0.000000,0.000000,0.000000,0.000000,0.000000,0.000000
17.109838,1765280666.292401,1765280643,0.013339,0.000227,0.000000,0.000000,0.000000,0.000000,0.000000,0.000000
17.129861,1765280666.312435,1765280643,0.013339,0.000227,0.000000,0.000000,0.000000,0.000000,0.000000,0.000000
17.149888,1765280666.332473,1765280643,0.013339,0.000227,0.000000,0.000000,0.000000,0.000000,0.000000,0.000000
17.169915,1765280666.352511,1765280643,0.013339,0.000227,0.000000,0.000000,0.000000,0.000000,0.000000,0.000000
17.189938,1765280666.372541,1765280643,0.013339,0.000227,0.000000,0.000000,0.000000,0.000000,0.000000,0.000000
17.209949,1765280666.392552,1765280643,0.013339,0.000227,0.000000,0.000000,0.000000,0.000000,0.000000,0.000000
17.229968,1765280666.412578,1765280643,0.013339,0.000227,0.000000,0.000000,0.000000,0.000000,0.000000,0.000000
17.249980,1765280666.432590,1765280643,0.013339,0.000227,0.000000,0.000000,0.000000,0.000000,0.000000,0.000000
17.269991,1765280666.452600,1765280643,0.013339,0.000227,0.000000,0.000000,0.000000,0.000000,0.344366,0.000000
17.290002,1765280666.472612,1765280643,0.013339,0.000227,0.000000,0.000000,0.000000,0.000000,0.000000,0.000000
17.310011,1765280666.492621,1765280643,0.013339,0.000227,0.000000,0.000000,0.000000,0.000000,0.000000,0.000000
17.330021,1765280666.512631,1765280643,0.013339,0.000227,0.000000,0.000000,0.000000,0.000000,0.000000,0.000000
17.350033,1765280666.532643,1765280643,0.013339,0.000227,0.000000,0.000000,0.000000,0.000000,0.000000,-0.688732
17.370042,1765280666.552653,1765280643,0.013339,0.000227,0.000000,0.000000,0.000000,0.000000,0.000000,0.000000
17.390052,1765280666.572663,1765280643,0.013339,0.000227,0.000000,0.000000,0.000000,0.000000,0.000000,0.000000
17.410063,1765280666.592673,1765280643,0.013339,0.000227,0.000000,0.000000,0.000000,0.000000,0.000000,0.000000
17.430074,1765280666.612684,1765280643,0.013339,0.000227,0.000000,0.000000,0.000000,0.000000,0.344366,0.000000
17.450083,1765280666.632694,1765280643,0.013339,0.000227,0.000000,0.000000,0.000000,0.000000,0.000000,0.000000
17.470093,1765280666.652703,1765280643,0.013339,0.000227,0.000000,0.000000,0.000000,0.000000,0.000000,0.000000
17.490103,1765280666.672714,1765280643,0.013339,0.000227,0.000000,0.000000,0.000000,0.000000,0.000000,0.000000
17.510114,1765280666.692724,1765280643,0.013339,0.000227,0.000000,0.000000,0.000000,0.000000,0.000000,0.000000
17.530140,1765280666.712761,1765280643,0.013339,0.000227,0.000000,0.000000,0.000000,0.000000,0.000000,0.000000
17.550151,1765280666.732771,1765280643,0.013339,0.000227,0.000000,0.000000,0.000000,0.000000,0.000000,0.000000
17.570164,1765280666.752784,1765280643,0.013339,0.000227,0.000000,0.000000,0.000000,0.000000,0.000000,0.000000
17.590174,1765280666.772796,1765280643,0.013339,0.000227,0.000000,0.000000,0.000000,0.000000,0.344366,0.000000
17.610168,1765280666.792778,1765280643,0.013339,0.000227,0.000000,0.000000,0.000000,0.000000,0.000000,0.000000
17.630178,1765280666.812788,1765280643,0.013339,0.000227,0.000000,0.000000,0.000000,0.000000,0.000000,0.000000
17.650188,1765280666.832798,1765280643,0.013339,0.000227,0.000000,0.000000,0.000000,0.000000,0.000000,0.000000
17.670197,1765280666.852807,1765280643,0.013339,0.000227,0.000000,0.000000,0.000000,0.000000,0.000000,0.000000
17.690207,1765280666.872817,1765280643,0.013339,0.000227,0.000000,0.000000,0.000000,0.000000,0.000000,0.000000
17.710217,1765280666.892827,1765280643,0.013339,0.000227,0.000000,0.000000,0.000000,0.000000,0.000000,0.000000
17.730227,1765280666.912837,1765280643,0.013339,0.000227,0.000000,0.000000,0.000000,0.000000,0.000000,0.000000
17.750237,1765280666.932847,1765280643,0.013339,0.000227,0.000000,0.000000,0.000000,0.000000,0.000000,0.000000
17.770247,1765280666.952857,1765280643,0.013339,0.000227,0.000000,0.000000,0.000000,0.000000,0.000000,0.000000
17.790256,1765280666.972866,1765280643,0.013339,0.000227,0.000000,0.000000,0.000000,0.000000,0.000000,0.000000
17.810265,1765280666.992876,1765280643,0.013339,0.000227,0.000000,0.000000,0.000000,0.000000,0.000000,0.000000
17.830276,1765280667.012887,1765280643,0.013339,0.000227,0.000000,0.000000,0.000000,0.000000,0.000000,0.000000
17.850286,1765280667.032896,1765280643,0.013339,0.000227,0.000000,0.000000,0.000000,0.000000,0.344366,-0.688732
17.870296,1765280667.052906,1765280643,0.013339,0.000227,0.000000,0.000000,0.000000,0.000000,-0.344366,0.000000
17.890305,1765280667.072916,1765280643,0.013339,0.000227,0.000000,0.000000,0.000000,0.000000,0.000000,0.000000
17.910303,1765280667.092906,1765280643,0.013339,0.000227,0.000000,0.000000,0.000000,0.000000,0.000000,-0.688732
17.930323,1765280667.112926,1765280643,0.013339,0.000227,0.000000,0.000000,0.000000,0.000000,0.344366,0.000000
17.950321,1765280667.132923,1765280643,0.013339,0.000227,0.000000,0.000000,0.000000,0.000000,0.000000,0.000000
17.970343,1765280667.152953,1765280643,0.013339,0.000227,0.000000,0.000000,0.000000,0.000000,0.000000,0.000000
17.990351,1765280667.172960,1765280643,0.013339,0.000227,0.000000,0.000000,0.000000,0.000000,0.000000,0.000000
18.010361,1765280667.192971,1765280643,0.013339,0.000227,0.000000,0.000000,0.000000,0.000000,0.000000,0.000000
18.030254,1765280667.212807,1765280643,0.013339,0.000227,0.000000,0.000000,0.000000,0.000000,0.000000,0.000000
18.050293,1765280667.232880,1765280643,0.013339,0.000227,0.000000,0.000000,0.000000,0.000000,0.344366,0.000000
18.070274,1765280667.252829,1765280643,0.013339,0.000227,0.000000,0.000000,0.000000,0.000000,0.000000,0.000000
18.090263,1765280667.272815,1765280643,0.013339,0.000227,0.000000,0.000000,0.000000,0.000000,0.000000,0.000000
18.110266,1765280667.292821,1765280643,0.013339,0.000227,0.000000,0.000000,0.000000,0.000000,0.344366,-0.688732
18.130270,1765280667.312827,1765280643,0.013339,0.000227,0.000000,0.000000,0.000000,0.000000,0.000000,0.000000
18.150277,1765280667.332844,1765280643,0.013339,0.000227,0.000000,0.000000,0.000000,0.000000,0.000000,0.000000
18.170287,1765280667.352861,1765280643,0.013339,0.000227,0.000000,0.000000,0.000000,0.000000,0.000000,0.000000
18.190295,1765280667.372877,1765280643,0.013339,0.000227,0.000000,0.000000,0.000000,0.000000,0.000000,0.000000
18.210304,1765280667.392886,1765280643,0.013339,0.000227,0.000000,0.000000,0.000000,0.000000,0.000000,0.000000
18.230313,1765280667.412895,1765280643,0.013339,0.000227,0.000000,0.000000,0.000000,0.000000,0.344366,0.000000
18.250321,1765280667.432904,1765280643,0.013339,0.000227,0.000000,0.000000,0.000000,0.000000,0.000000,0.000000
18.270331,1765280667.452919,1765280643,0.013339,0.000227,0.000000,0.000000,0.000000,0.000000,0.000000,-0.688732
18.290338,1765280667.472924,1765280643,0.013339,0.000227,0.000000,0.000000,0.000000,0.000000,0.000000,0.000000
18.310338,1765280667.492917,1765280643,0.013339,0.000227,0.000000,0.000000,0.000000,0.000000,0.000000,0.000000
18.330348,1765280667.512929,1765280643,0.013339,0.000227,0.000000,0.000000,0.000000,0.000000,0.000000,0.000000
18.350353,1765280667.532934,1765280643,0.013339,0.000227,0.000000,0.000000,0.000000,0.000000,0.000000,0.000000
18.370359,1765280667.552940,1765280643,0.013339,0.000227,0.000000,0.000000,0.000000,0.000000,0.000000,0.000000
18.390361,1765280667.572941,1765280643,0.013339,0.000227,0.000000,0.000000,0.000000,0.000000,0.000000,0.000000
18.410365,1765280667.592944,1765280643,0.013339,0.000227,0.000000,0.000000,0.000000,0.000000,0.344366,0.000000
18.430531,1765280667.613204,1765280643,0.013339,0.000227,0.000000,0.000000,0.000000,0.000000,0.000000,0.000000
18.450514,1765280667.633152,1765280643,0.013339,0.000227,0.000000,0.000000,0.000000,0.000000,0.000000,0.000000
18.470404,1765280667.652999,1765280643,0.013339,0.000227,0.000000,0.000000,0.000000,0.000000,0.000000,0.000000
18.490522,1765280667.673155,1765280643,0.013339,0.000227,0.000000,0.000000,0.000000,0.000000,0.000000,0.000000
18.510509,1765280667.693129,1765280643,0.013339,0.000227,0.000000,0.000000,0.000000,0.000000,0.000000,0.000000
18.530493,1765280667.713096,1765280643,0.013339,0.000227,0.000000,0.000000,0.000000,0.000000,0.000000,0.000000
18.550500,1765280667.733103,1765280643,0.013339,0.000227,0.000000,0.000000,0.000000,0.000000,0.000000,0.000000
18.570520,1765280667.753130,1765280643,0.013339,0.000227,0.000000,0.000000,0.000000,0.000000,0.344366,0.000000
18.590531,1765280667.773140,1765280643,0.013339,0.000227,0.000000,0.000000,0.000000,0.000000,-0.344366,0.000000
18.610541,1765280667.793150,1765280643,0.013339,0.000227,0.000000,0.000000,0.000000,0.000000,0.000000,-0.344366
18.630550,1765280667.813160,1765280643,0.013339,0.000227,0.000000,0.000000,0.000000,0.000000,0.000000,0.000000
18.650531,1765280667.833127,1765280643,0.013339,0.000227,0.000000,0.000000,0.000000,0.000000,0.000000,0.000000
18.670555,1765280667.853158,1765280643,0.013339,0.000227,0.000000,0.000000,0.000000,0.000000,0.000000,0.000000
18.690563,1765280667.873166,1765280643,0.013339,0.000227,0.000000,0.000000,0.000000,0.000000,0.000000,0.000000
18.710585,1765280667.893195,1765280643,0.013339,0.000227,0.000000,0.000000,0.000000,0.000000,0.000000,0.000000
18.730593,1765280667.913203,1765280643,0.013339,0.000227,0.000000,0.000000,0.000000,0.000000,0.000000,0.000000
18.750604,1765280667.933214,1765280643,0.013339,0.000227,0.000000,0.000000,0.000000,0.000000,0.000000,0.000000
18.770600,1765280667.953202,1765280643,0.013339,0.000227,0.000000,0.000000,0.000000,0.000000,0.000000,0.000000
18.790609,1765280667.973211,1765280643,0.013339,0.000227,0.000000,0.000000,0.000000,0.000000,0.000000,0.000000
18.810617,1765280667.993219,1765280643,0.013339,0.000227,0.000000,0.000000,0.000000,0.000000,0.000000,0.000000
18.830626,1765280668.013228,1765280643,0.013339,0.000227,0.000000,0.000000,0.000000,0.000000,0.344366,0.000000
18.850635,1765280668.033237,1765280643,0.013339,0.000227,0.000000,0.000000,0.000000,0.000000,0.000000,0.000000
18.870643,1765280668.053246,1765280643,0.013339,0.000227,0.000000,0.000000,0.000000,0.000000,0.344366,0.000000
18.890556,1765280668.073110,1765280643,0.013339,0.000227,0.000000,0.000000,0.000000,0.000000,0.000000,0.000000
18.910628,1765280668.093219,1765280643,0.013339,0.000227,0.000000,0.000000,0.000000,0.000000,0.344366,0.000000
18.930673,1765280668.113322,1765280643,0.013339,0.000227,0.000000,0.000000,0.000000,0.000000,0.000000,-0.344366
18.950682,1765280668.133325,1765280643,0.013339,0.000227,0.000000,0.000000,0.000000,0.000000,0.000000,0.000000
18.970691,1765280668.153332,1765280643,0.013339,0.000227,0.000000,0.000000,0.000000,0.000000,0.344366,0.000000
18.990689,1765280668.173321,1765280643,0.013339,0.000227,0.000000,0.000000,0.000000,0.000000,0.344366,0.000000
19.010671,1765280668.193261,1765280643,0.013339,0.000227,0.000000,0.000000,0.000000,0.000000,0.000000,0.000000
19.030609,1765280668.213164,1765280643,0.013339,0.000227,0.000000,0.000000,0.000000,0.000000,0.000000,0.000000
19.050779,1765280668.233431,1765280643,0.013339,0.000227,0.000000,0.000000,0.000000,0.000000,0.344366,0.000000
19.070791,1765280668.253430,1765280643,0.013339,0.000227,0.000000,0.000000,0.000000,0.000000,0.000000,-0.344366
19.090665,1765280668.273238,1765280643,0.013339,0.000227,0.000000,0.000000,0.000000,0.000000,0.000000,0.000000
19.110715,1765280668.293326,1765280643,0.013339,0.000227,0.000000,0.000000,0.000000,0.000000,0.000000,-0.688732
19.130709,1765280668.313309,1765280643,0.013339,0.000227,0.000000,0.000000,0.000000,0.000000,0.000000,0.000000
19.150822,1765280668.333456,1765280643,0.013339,0.000227,0.000000,0.000000,0.000000,0.000000,0.000000,0.000000
19.170821,1765280668.353441,1765280643,0.013339,0.000227,0.000000,0.000000,0.000000,0.000000,0.344366,0.000000
19.190809,1765280668.373420,1765280643,0.013339,0.000227,0.000000,0.000000,0.000000,0.000000,0.000000,0.000000
19.210820,1765280668.393430,1765280643,0.013339,0.000227,0.000000,0.000000,0.000000,0.000000,0.000000,0.000000
19.230817,1765280668.413421,1765280643,0.013339,0.000227,0.000000,0.000000,0.000000,0.000000,0.000000,0.000000
19.250821,1765280668.433425,1765280643,0.013339,0.000227,0.000000,0.000000,0.000000,0.000000,0.000000,0.000000
19.270824,1765280668.453427,1765280643,0.013339,0.000227,0.000000,0.000000,0.000000,0.000000,0.344366,0.000000
19.290836,1765280668.473439,1765280643,0.013339,0.000227,0.000000,0.000000,0.000000,0.000000,0.000000,0.000000
19.310844,1765280668.493450,1765280643,0.013339,0.000227,0.000000,0.000000,0.000000,0.000000,0.000000,0.000000
19.330854,1765280668.513457,1765280643,0.013339,0.000227,0.000000,0.000000,0.000000,0.000000,0.344366,0.000000
19.350862,1765280668.533465,1765280643,0.013339,0.000227,0.000000,0.000000,0.000000,0.000000,0.000000,0.000000
19.370925,1765280668.553560,1765280643,0.013339,0.000227,0.000000,0.000000,0.000000,0.000000,0.000000,0.000000
19.390936,1765280668.573571,1765280643,0.013339,0.000227,0.000000,0.000000,0.000000,0.000000,0.000000,-0.688732
19.410950,1765280668.593583,1765280643,0.013339,0.000227,0.000000,0.000000,0.000000,0.000000,0.000000,-0.344366
19.430938,1765280668.613558,1765280643,0.013339,0.000227,0.000000,0.000000,0.000000,0.000000,0.000000,-0.688732
19.450948,1765280668.633568,1765280643,0.013339,0.000227,0.000000,0.000000,0.000000,0.000000,0.344366,0.000000
19.470980,1765280668.653614,1765280643,0.013339,0.000227,0.000000,0.000000,0.000000,0.000000,0.000000,0.000000
19.490970,1765280668.673590,1765280643,0.013339,0.000227,0.000000,0.000000,0.000000,0.000000,0.000000,0.000000
19.510964,1765280668.693573,1765280643,0.013339,0.000227,0.000000,0.000000,0.000000,0.000000,0.000000,0.000000
19.530923,1765280668.713516,1765280643,0.013339,0.000227,0.000000,0.000000,0.000000,0.000000,0.000000,0.000000
19.551023,1765280668.733657,1765280643,0.013339,0.000227,0.000000,0.000000,0.000000,0.000000,0.000000,0.000000
19.571035,1765280668.753668,1765280643,0.013339,0.000227,0.000001,0.000000,0.000000,0.000000,0.000000,0.000000
19.591046,1765280668.773681,1765280643,0.013339,0.000227,0.000000,0.000000,0.000000,0.000000,0.000000,0.000000
19.611060,1765280668.793695,1765280643,0.013339,0.000227,0.000000,0.000000,0.000000,0.000000,0.000000,0.000000
19.631049,1765280668.813669,1765280643,0.013339,0.000227,0.000000,0.000000,0.000000,0.000000,0.000000,0.000000
19.651060,1765280668.833680,1765280643,0.013339,0.000227,0.000000,0.000000,0.000000,0.000000,0.000000,-0.688732
19.671070,1765280668.853690,1765280643,0.013339,0.000227,0.000000,0.000000,0.000000,0.000000,0.000000,-0.688732
19.691063,1765280668.873673,1765280643,0.013339,0.000227,0.000000,0.000000,0.000000,0.000000,0.000000,0.000000
19.711004,1765280668.893600,1765280643,0.013339,0.000227,0.000000,0.000000,0.000000,0.000000,0.000000,0.000000
19.731186,1765280668.913821,1765280643,0.013339,0.000227,0.000000,0.000000,0.000000,0.000000,0.000000,0.000000
19.751197,1765280668.933830,1765280643,0.013339,0.000227,0.000000,0.000000,0.000000,0.000000,0.000000,0.000000
19.771209,1765280668.953843,1765280643,0.013339,0.000227,0.000869,0.000000,0.000000,0.000000,0.000000,0.000000
19.791199,1765280668.973819,1765280643,0.013339,0.000227,0.000000,0.000000,0.000000,0.000000,0.000000,0.000000
19.811210,1765280668.993830,1765280643,0.013339,0.000227,0.000000,0.000000,0.000000,0.000000,0.000000,0.000000
19.831117,1765280669.013683,1765280643,0.013339,0.000227,0.000000,0.000000,0.000000,0.000000,0.000000,0.000000
19.851206,1765280669.033815,1765280643,0.013339,0.000227,0.000000,0.000000,0.000000,0.000000,0.000000,0.000000
19.871232,1765280669.053852,1765280643,0.013339,0.000227,0.000000,0.000000,0.000000,0.000000,0.000000,0.000000
19.891225,1765280669.073834,1765280643,0.013339,0.000227,0.000000,0.000000,0.000000,0.000000,0.000000,0.000000
19.911275,1765280669.093909,1765280643,0.013339,0.000227,0.000000,0.000000,0.000000,0.000000,0.000000,0.000000
19.931265,1765280669.113885,1765280643,0.013339,0.000227,0.000000,0.000000,0.000000,0.000000,0.000000,0.000000
19.951257,1765280669.133867,1765280643,0.013339,0.000227,0.000000,0.000000,0.000000,0.000000,0.000000,0.000000
19.971268,1765280669.153878,1765280643,0.013339,0.000227,0.000000,0.000000,0.000000,0.000000,0.000000,0.000000
19.991276,1765280669.173886,1765280643,0.013339,0.000227,0.000000,0.000000,0.000000,0.000000,0.000000,0.000000
20.011285,1765280669.193896,1765280643,0.013339,0.000227,0.000000,0.000000,0.000000,0.000000,0.000000,0.000000
20.031181,1765280669.213734,1765280643,0.013339,0.000227,0.000000,0.000000,0.000000,0.000000,0.000000,0.000000
20.051249,1765280669.233864,1765280643,0.013339,0.000227,0.000000,0.000000,0.000000,0.000000,0.000000,0.000000
20.071332,1765280669.253964,1765280643,0.013339,0.000227,0.000000,0.000000,0.000000,0.000000,0.000000,-0.688732
20.091207,1765280669.273766,1765280643,0.013339,0.000227,0.000000,0.000000,0.000000,0.000000,0.000000,0.000000
20.111216,1765280669.293782,1765280643,0.013339,0.000227,0.000000,0.000000,0.000000,0.000000,0.000000,0.000000
20.131226,1765280669.313796,1765280643,0.013339,0.000227,0.000000,0.000000,0.000000,0.000000,0.000000,0.000000
20.151234,1765280669.333807,1765280643,0.013339,0.000227,0.000000,0.000000,0.000000,0.000000,0.000000,0.000000
20.171245,1765280669.353820,1765280643,0.013339,0.000227,0.000000,0.000000,0.000000,0.000000,0.000000,0.000000
20.191252,1765280669.373827,1765280643,0.013339,0.000227,0.000000,0.000000,0.000000,0.000000,0.000000,0.000000
20.211387,1765280669.394021,1765280643,0.013339,0.000227,0.000000,0.000000,0.000000,0.000000,0.000000,0.000000
20.231399,1765280669.414034,1765280643,0.013339,0.000227,0.000000,0.000000,0.000000,0.000000,0.000000,0.000000
20.251410,1765280669.434043,1765280643,0.013339,0.000227,0.000000,0.000000,0.000000,0.000000,0.000000,0.000000
20.271382,1765280669.453991,1765280643,0.013339,0.000227,0.000000,0.000000,0.000000,0.000000,0.000000,0.000000
20.291430,1765280669.474064,1765280643,0.013339,0.000227,0.000000,0.000000,0.000000,0.000000,0.000000,0.000000
20.311443,1765280669.494077,1765280643,0.013339,0.000227,0.000000,0.000000,0.000000,0.000000,0.000000,0.000000
20.331432,1765280669.514052,1765280643,0.013339,0.000227,0.000000,0.000000,0.000000,0.000000,0.000000,0.000000
20.351443,1765280669.534064,1765280643,0.013339,0.000227,0.000000,0.000000,0.000000,0.000000,0.000000,0.000000
20.371454,1765280669.554074,1765280643,0.013339,0.000227,0.000000,0.000000,0.000000,0.000000,0.000000,0.000000
20.391466,1765280669.574085,1765280643,0.013339,0.000227,0.000000,0.000000,0.000000,0.000000,0.000000,0.000000
20.411497,1765280669.594131,1765280643,0.013339,0.000227,0.000000,0.000000,0.000000,0.000000,0.000000,0.000000
20.431510,1765280669.614143,1765280643,0.013339,0.000227,0.000000,0.000000,0.000000,0.000000,0.000000,0.000000
20.451498,1765280669.634119,1765280643,0.013339,0.000227,0.000000,0.000000,0.000000,0.000000,0.000000,0.000000
20.471509,1765280669.654130,1765280643,0.013339,0.000227,0.000000,0.000000,0.000000,0.000000,0.000000,0.000000
20.491502,1765280669.674112,1765280643,0.013339,0.000227,0.000000,0.000000,0.000000,0.000000,0.000000,0.000000
20.511511,1765280669.694122,1765280643,0.013339,0.000227,0.000000,0.000000,0.000000,0.000000,0.000000,0.000000
20.531520,1765280669.714130,1765280643,0.013339,0.000227,0.000000,0.000000,0.000000,0.000000,0.000000,0.000000
20.551529,1765280669.734139,1765280643,0.013339,0.000227,0.000000,0.000000,0.000000,0.000000,0.000000,0.000000
20.571538,1765280669.754148,1765280643,0.013339,0.000227,0.000000,0.000000,0.000000,0.000000,0.000000,0.000000
20.591548,1765280669.774158,1765280643,0.013339,0.000227,0.000000,0.000000,0.000000,0.000000,0.000000,0.000000
20.611557,1765280669.794167,1765280643,0.013339,0.000227,0.000000,0.000000,0.000000,0.000000,0.000000,0.000000
20.631557,1765280669.814160,1765280643,0.013339,0.000227,0.000000,0.000000,0.000000,0.000000,0.000000,0.000000
20.651563,1765280669.834166,1765280643,0.013339,0.000227,0.000000,0.000000,0.000000,0.000000,0.000000,0.000000
20.671571,1765280669.854174,1765280643,0.013339,0.000227,0.000000,0.000000,0.000000,0.000000,0.000000,0.000000
20.691579,1765280669.874182,1765280643,0.013339,0.000227,0.000000,0.000000,0.000000,0.000000,0.000000,0.000000
20.711572,1765280669.894168,1765280643,0.013339,0.000227,0.000000,0.000000,0.000000,0.000000,0.000000,0.000000
20.731595,1765280669.914198,1765280643,0.013339,0.000227,0.000000,0.000000,0.000000,0.000000,0.000000,0.000000
20.751568,1765280669.934153,1765280643,0.013339,0.000227,0.000000,0.000000,0.000000,0.000000,0.000000,0.000000
20.771594,1765280669.954190,1765280643,0.013339,0.000227,0.000000,0.000000,0.000000,0.000000,0.000000,-0.688732
20.791615,1765280669.974217,1765280643,0.013339,0.000227,0.000000,0.000000,0.000000,0.000000,0.000000,0.000000
20.811625,1765280669.994228,1765280643,0.013339,0.000227,0.000000,0.000000,0.000000,0.000000,0.000000,0.000000
20.831632,1765280670.014235,1765280643,0.013339,0.000227,0.000000,0.000000,0.000000,0.000000,-0.688732,0.000000
20.851642,1765280670.034244,1765280643,0.013339,0.000227,0.000446,0.000000,0.000000,0.000000,0.000000,0.000000
20.871649,1765280670.054252,1765280643,0.013339,0.000227,0.000000,0.000000,0.000000,0.000000,0.000000,0.000000
20.891693,1765280670.074360,1765280643,0.013339,0.000227,0.000000,0.000000,0.000000,0.000000,0.000000,0.000000
20.911697,1765280670.094340,1765280643,0.013339,0.000227,0.000000,0.000000,0.000000,0.000000,0.000000,0.000000
20.931690,1765280670.114334,1765280643,0.013339,0.000227,0.000000,0.000000,0.000000,0.000000,0.000000,0.000000
20.951701,1765280670.134336,1765280643,0.013339,0.000227,0.000000,0.000000,0.000000,0.000000,0.000000,0.000000
20.971695,1765280670.154310,1765280643,0.013339,0.000227,0.000000,0.000000,0.000000,0.000000,0.000000,-0.344366
20.991705,1765280670.174335,1765280643,0.013339,0.000227,0.000000,0.000000,0.000000,0.000000,0.000000,0.000000
21.011713,1765280670.194344,1765280643,0.013339,0.000227,0.000935,0.000000,0.000000,0.000000,0.000000,0.000000
21.031621,1765280670.214175,1765280643,0.013339,0.000227,0.000000,0.000000,0.000000,0.000000,0.000000,0.000000
21.051689,1765280670.234319,1765280643,0.013339,0.000227,0.000000,0.000000,0.000000,0.000000,0.000000,0.000000
21.071664,1765280670.254246,1765280643,0.013339,0.000227,0.000000,0.000000,0.000000,0.000000,0.000000,-0.688732
21.091682,1765280670.274255,1765280643,0.013339,0.000227,0.000000,0.000000,0.000000,0.000000,0.000000,0.000000
21.111699,1765280670.294291,1765280643,0.013339,0.000227,0.000000,0.000000,0.000000,0.000000,0.000000,0.000000
21.131725,1765280670.314338,1765280643,0.013339,0.000227,0.000000,0.000000,0.000000,0.000000,0.000000,0.000000
21.151767,1765280670.334365,1765280643,0.013339,0.000227,0.000000,0.000000,0.000000,0.000000,0.000000,0.000000
21.171795,1765280670.354399,1765280643,0.013339,0.000227,0.000000,0.000000,0.000000,0.000000,0.000000,0.000000
21.191809,1765280670.374412,1765280643,0.013339,0.000227,0.000000,0.000000,0.000000,0.000000,0.000000,-0.344366
21.211808,1765280670.394411,1765280643,0.013339,0.000227,0.000000,0.000000,0.000000,0.000000,0.000000,0.000000
21.231818,1765280670.414422,1765280643,0.013339,0.000227,0.000000,0.000000,0.000000,0.000000,0.000000,0.000000
21.251821,1765280670.434423,1765280643,0.013339,0.000227,0.000000,0.000000,0.000000,0.000000,0.000000,-0.688732
21.271830,1765280670.454435,1765280643,0.013339,0.000227,0.000000,0.000000,0.000000,0.000000,0.000000,0.000000
21.291721,1765280670.474286,1765280643,0.013339,0.000227,0.000000,0.000000,0.000000,0.000000,0.000000,0.000000
21.311722,1765280670.494285,1765280643,0.013339,0.000227,0.000000,0.000000,0.000000,0.000000,0.000000,0.000000
21.331774,1765280670.514343,1765280643,0.013339,0.000227,0.000000,0.000000,0.000000,0.000000,0.000000,-0.344366
21.351752,1765280670.534322,1765280643,0.013339,0.000227,0.000000,0.000000,0.000000,0.000000,0.000000,0.000000
21.371761,1765280670.554334,1765280643,0.013339,0.000227,0.000000,0.000000,0.000000,0.000000,0.000000,0.000000
21.391774,1765280670.574347,1765280643,0.013339,0.000227,0.000000,0.000000,0.000000,0.000000,0.000000,0.000000
21.411893,1765280670.594513,1765280643,0.013339,0.000227,0.000000,0.000000,0.000000,0.000000,0.000000,0.000000
21.431927,1765280670.614561,1765280643,0.013339,0.000227,0.000000,0.000000,0.000000,0.000000,0.000000,0.000000
21.451947,1765280670.634581,1765280643,0.013339,0.000227,0.000000,0.000000,0.000000,0.000000,0.000000,0.000000
21.471909,1765280670.654506,1765280643,0.013339,0.000227,0.000000,0.000000,0.000000,0.000000,0.000000,0.000000
21.492024,1765280670.674659,1765280643,0.013339,0.000227,0.000000,0.000000,0.000000,0.000000,0.000000,0.000000
21.512013,1765280670.694633,1765280643,0.013339,0.000227,0.000000,0.000000,0.000000,0.000000,0.000000,0.000000
21.532006,1765280670.714616,1765280643,0.013339,0.000227,0.000000,0.000000,0.000000,0.000000,0.000000,0.000000
21.552015,1765280670.734625,1765280643,0.013339,0.000227,0.000000,0.000000,0.000000,0.000000,0.000000,0.000000
21.571938,1765280670.754515,1765280643,0.013339,0.000227,0.000000,0.000000,0.000000,0.000000,0.344366,0.000000
21.592197,1765280670.774830,1765280643,0.013339,0.000227,-0.000140,0.000000,0.000000,0.000000,0.344366,0.000000
21.612208,1765280670.794843,1765280643,0.013339,0.000227,0.000000,0.000000,0.000000,0.000000,0.000000,0.000000
21.632221,1765280670.814854,1765280643,0.013339,0.000227,0.000000,0.000000,0.000000,0.000000,0.000000,0.000000
21.652208,1765280670.834829,1765280643,0.013339,0.000227,0.000000,0.000000,0.000000,0.000000,0.000000,0.000000
21.672220,1765280670.854840,1765280643,0.013339,0.000227,0.000000,0.000000,0.000000,0.000000,0.000000,-0.344366
21.692213,1765280670.874822,1765280643,0.013339,0.000227,0.000000,0.000000,0.000000,0.000000,0.000000,0.000000
21.712223,1765280670.894833,1765280643,0.013339,0.000227,-0.000074,0.000000,0.000000,0.000000,0.344366,0.000000
21.732232,1765280670.914842,1765280643,0.013339,0.000227,0.000000,0.000000,0.000000,0.000000,0.344366,0.000000
21.752240,1765280670.934843,1765280643,0.013339,0.000227,0.000000,0.000000,0.000000,0.000000,0.000000,0.000000
21.772249,1765280670.954859,1765280643,0.013339,0.000227,0.000000,0.000000,0.000000,0.000000,0.000000,0.000000
21.792259,1765280670.974869,1765280643,0.013339,0.000227,0.000000,0.000000,0.000000,0.000000,0.000000,0.000000
21.812267,1765280670.994877,1765280643,0.013339,0.000227,0.000000,0.000000,0.000000,0.000000,0.000000,-0.688732
21.832278,1765280671.014889,1765280643,0.013339,0.000227,0.000000,0.000000,0.000000,0.000000,0.000000,0.000000
21.852287,1765280671.034897,1765280643,0.013339,0.000227,0.000000,0.000000,0.000000,0.000000,0.344366,0.000000
21.872296,1765280671.054905,1765280643,0.013339,0.000227,0.000000,0.000000,0.000000,0.000000,0.000000,0.000000
21.892307,1765280671.074917,1765280643,0.013339,0.000227,0.000000,0.000000,0.000000,0.000000,0.000000,0.000000
21.912304,1765280671.094907,1765280643,0.013339,0.000227,0.000000,0.000000,0.000000,0.000000,1.033098,0.000000
21.932325,1765280671.114934,1765280643,0.013339,0.000227,0.000000,0.000000,0.000000,0.000000,0.000000,0.000000
21.952335,1765280671.134944,1765280643,0.013339,0.000227,0.000000,0.000000,0.000000,0.000000,0.000000,-0.344366
21.972382,1765280671.155015,1765280643,0.013339,0.000227,0.000000,0.000000,0.000000,0.000000,0.000000,0.000000
21.992394,1765280671.175029,1765280643,0.013339,0.000227,0.000000,0.000000,0.000000,0.000000,0.000000,0.000000
22.012399,1765280671.195019,1765280643,0.013339,0.000227,0.000000,0.000000,0.000000,0.000000,0.000000,0.000000
22.032263,1765280671.214816,1765280643,0.013339,0.000227,0.000000,0.000000,0.000000,0.000000,0.000000,0.000000
22.052291,1765280671.234867,1765280643,0.013339,0.000227,0.000000,0.000000,0.000000,0.000000,0.000000,0.000000
22.073420,1765280671.255991,1765280643,0.013339,0.000227,0.000000,0.000000,0.000000,0.000000,0.000000,0.000000
22.093399,1765280671.275953,1765280643,0.013339,0.000227,0.000000,0.000000,0.000000,0.000000,0.000000,-0.344366
22.113400,1765280671.295958,1765280643,0.013339,0.000227,0.000000,0.000000,0.000000,0.000000,0.000000,0.000000
22.133441,1765280671.316015,1765280643,0.013339,0.000227,0.000000,0.000000,0.000000,0.000000,0.000000,0.000000
22.153461,1765280671.336043,1765280643,0.013339,0.000227,0.000000,0.000000,0.000000,0.000000,0.344366,-0.688732
22.173481,1765280671.356071,1765280643,0.013339,0.000227,0.000000,0.000000,0.000000,0.000000,0.000000,0.000000
22.193500,1765280671.376096,1765280643,0.013339,0.000227,0.000000,0.000000,0.000000,0.000000,0.000000,0.000000
22.213493,1765280671.396084,1765280643,0.013339,0.000227,0.000000,0.000000,0.000000,0.000000,0.000000,0.000000
22.233512,1765280671.416108,1765280643,0.013335,0.000227,-0.000945,0.000000,0.000000,0.000000,0.000000,0.000000
22.253519,1765280671.436116,1765280643,0.013339,0.000227,0.000000,0.000000,0.000000,0.000000,0.000000,0.000000
22.273526,1765280671.456123,1765280643,0.013339,0.000227,0.000000,0.000000,0.000000,0.000000,0.000000,0.000000
22.293533,1765280671.476130,1765280643,0.013339,0.000227,0.000000,0.000000,0.000000,0.000000,0.000000,0.000000
22.313540,1765280671.496136,1765280643,0.013339,0.000227,0.000000,0.000000,0.000000,0.000000,0.344366,-0.344366
22.333546,1765280671.516142,1765280643,0.013339,0.000227,0.000000,0.000000,0.000000,0.000000,0.000000,0.000000
22.353554,1765280671.536150,1765280643,0.013339,0.000227,0.000000,0.000000,0.000000,0.000000,0.000000,0.000000
22.373561,1765280671.556157,1765280643,0.013339,0.000227,0.000000,0.000000,0.000000,0.000000,0.000000,0.000000
22.393534,1765280671.576113,1765280643,0.013339,0.000227,0.000000,0.000000,0.000000,0.000000,0.000000,0.000000
22.413579,1765280671.596175,1765280643,0.013339,0.000227,0.000000,0.000000,0.000000,0.000000,0.000000,0.000000
22.433586,1765280671.616183,1765280643,0.013339,0.000227,0.000000,0.000000,0.000000,0.000000,0.000000,0.000000
22.453594,1765280671.636189,1765280643,0.013339,0.000227,0.000000,0.000000,0.000000,0.000000,0.000000,1.033098
22.473589,1765280671.656179,1765280643,0.013339,0.000227,0.000000,0.000000,0.000000,0.000000,0.000000,0.000000
22.493597,1765280671.676187,1765280643,0.013339,0.000227,0.000000,0.000000,0.000000,0.000000,0.000000,0.000000
22.513614,1765280671.696211,1765280643,0.013339,0.000227,0.000000,0.000000,0.000000,0.000000,0.000000,0.000000
22.533621,1765280671.716217,1765280643,0.013339,0.000227,0.000643,0.000000,0.000000,0.000000,0.000000,0.000000
22.553628,1765280671.736224,1765280643,0.013339,0.000227,0.000000,0.000000,0.000000,0.000000,0.000000,0.000000
22.573635,1765280671.756231,1765280643,0.013339,0.000227,0.000000,0.000000,0.000000,0.000000,0.000000,0.000000
22.593643,1765280671.776239,1765280643,0.013339,0.000227,0.000000,0.000000,0.000000,0.000000,0.000000,1.377463
22.613649,1765280671.796245,1765280643,0.013339,0.000227,0.000000,0.000000,0.000000,0.000000,0.000000,0.000000
22.633655,1765280671.816251,1765280643,0.013339,0.000227,0.000000,0.000000,0.000000,0.000000,0.000000,0.000000
22.653664,1765280671.836260,1765280643,0.013339,0.000227,0.000000,0.000000,0.000000,0.000000,0.000000,0.000000
22.673670,1765280671.856266,1765280643,0.013339,0.000227,0.000000,0.000000,0.000000,0.000000,0.000000,0.000000
22.693666,1765280671.876256,1765280643,0.013339,0.000227,0.000000,0.000000,0.000000,0.000000,-0.688732,0.000000
22.713684,1765280671.896305,1765280643,0.013339,0.000227,0.000000,0.000000,0.000000,0.000000,0.344366,0.000000
22.733679,1765280671.916270,1765280643,0.013339,0.000227,0.000000,0.000000,0.000000,0.000000,0.000000,0.000000
22.753697,1765280671.936316,1765280643,0.013339,0.000227,0.000000,0.000000,0.000000,0.000000,0.000000,0.000000
22.773704,1765280671.956325,1765280643,0.013339,0.000227,-0.000039,0.000000,0.000000,0.000000,0.000000,0.000000
22.793712,1765280671.976332,1765280643,0.013339,0.000227,0.000000,0.000000,0.000000,0.000000,0.000000,0.000000
22.813760,1765280671.996367,1765280643,0.013339,0.000227,0.000000,0.000000,0.000000,0.000000,0.000000,0.000000
22.833766,1765280672.016372,1765280643,0.013339,0.000227,0.000000,0.000000,0.000000,0.000000,0.000000,0.000000
22.853836,1765280672.036471,1765280643,0.013335,0.000227,-0.000461,0.000000,0.000000,0.000000,0.000000,0.000000
22.873823,1765280672.056433,1765280643,0.013339,0.000227,0.000946,0.000000,0.000000,0.000000,0.000000,0.000000
22.893814,1765280672.076426,1765280643,0.013339,0.000227,0.000000,0.000000,0.000000,0.000000,0.000000,0.000000
22.913793,1765280672.096395,1765280643,0.013335,0.000227,-0.000943,0.000000,0.000000,0.000000,0.000000,0.000000
22.933830,1765280672.116441,1765280643,0.013339,0.000227,0.000922,0.000000,0.000000,0.000000,0.000000,0.000000
22.953840,1765280672.136450,1765280643,0.013339,0.000227,0.000944,0.000000,0.000000,0.000000,0.000000,0.000000
22.973807,1765280672.156402,1765280643,0.013339,0.000227,0.000000,0.000000,0.000000,0.000000,0.000000,0.000000
22.993839,1765280672.176442,1765280643,0.013339,0.000227,0.000000,0.000000,0.000000,0.000000,0.000000,0.000000
23.013851,1765280672.196453,1765280643,0.013339,0.000227,0.000000,0.000000,0.000000,0.000000,0.344366,0.000000
23.033732,1765280672.216285,1765280643,0.013339,0.000227,0.000021,0.000000,0.000000,0.000000,0.000000,0.000000
23.053807,1765280672.236407,1765280643,0.013339,0.000227,0.000000,0.000000,0.000000,0.000000,0.000000,0.000000
23.073919,1765280672.256558,1765280643,0.013339,0.000227,0.000000,0.000000,0.000000,0.000000,0.344366,0.000000
23.093814,1765280672.276381,1765280643,0.013339,0.000227,0.000000,0.000000,0.000000,0.000000,0.000000,-0.688732
23.113805,1765280672.296368,1765280643,0.013339,0.000227,0.000000,0.000000,0.000000,0.000000,0.000000,0.000000
23.133914,1765280672.316524,1765280643,0.013339,0.000227,0.000000,0.000000,0.000000,0.000000,0.000000,0.000000
23.153963,1765280672.336596,1765280643,0.013339,0.000227,0.000264,0.000000,0.000000,0.000000,0.000000,0.000000
23.173974,1765280672.356607,1765280643,0.013339,0.000227,0.000000,0.000000,0.000000,0.000000,-0.344366,0.000000
23.193962,1765280672.376581,1765280643,0.013339,0.000227,0.000946,0.000000,0.000000,0.000000,0.000000,0.000000
23.213958,1765280672.396569,1765280643,0.013339,0.000227,0.000000,0.000000,0.000000,0.000000,0.000000,0.000000
23.233970,1765280672.416582,1765280643,0.013339,0.000227,0.000000,0.000000,0.000000,0.000000,0.000000,0.000000
23.253979,1765280672.436588,1765280643,0.013339,0.000227,0.000000,0.000000,0.000000,0.000000,0.344366,0.000000
23.273986,1765280672.456596,1765280643,0.013339,0.000227,0.000000,0.000000,0.000000,0.000000,0.000000,0.000000
23.293995,1765280672.476605,1765280643,0.013339,0.000227,0.000000,0.000000,0.000000,0.000000,0.000000,0.000000
23.313995,1765280672.496598,1765280643,0.013339,0.000227,0.000000,0.000000,0.000000,0.000000,0.344366,0.000000
23.334002,1765280672.516605,1765280643,0.013339,0.000227,-0.000806,0.000000,0.000000,0.000000,0.000000,0.000000
23.354026,1765280672.536635,1765280643,0.013335,0.000227,-0.000940,0.000000,0.000000,0.000000,0.000000,0.000000
23.374024,1765280672.556626,1765280643,0.013339,0.000227,0.000000,0.000000,0.000000,0.000000,0.344366,0.000000
23.394045,1765280672.576648,1765280643,0.013339,0.000227,0.000000,0.000000,0.000000,0.000000,0.000000,0.000000
23.414055,1765280672.596666,1765280643,0.013339,0.000227,0.000000,0.000000,0.000000,0.000000,0.000000,0.000000
23.434064,1765280672.616674,1765280643,0.013339,0.000227,0.000000,0.000000,0.000000,0.000000,0.000000,0.000000
23.454060,1765280672.636662,1765280643,0.013339,0.000227,0.000000,0.000000,0.000000,0.000000,0.000000,0.000000
23.474080,1765280672.656687,1765280643,0.013339,0.000227,0.000000,0.000000,0.000000,0.000000,0.000000,0.000000
23.494091,1765280672.676701,1765280643,0.013339,0.000227,0.000000,0.000000,0.000000,0.000000,0.000000,0.000000
23.514085,1765280672.696688,1765280643,0.013339,0.000227,0.000000,0.000000,0.000000,0.000000,0.000000,0.000000
23.534105,1765280672.716708,1765280643,0.013335,0.000227,-0.000500,0.000000,0.000000,0.000000,0.000000,0.000000
23.554107,1765280672.736710,1765280643,0.013339,0.000227,0.000000,0.000000,0.000000,0.000000,0.000000,0.000000
23.574127,1765280672.756738,1765280643,0.013339,0.000227,0.000074,0.000000,0.000000,0.000000,0.000000,0.000000
23.594139,1765280672.776749,1765280643,0.013339,0.000227,0.000000,0.000000,0.000000,0.000000,0.000000,0.000000
23.614069,1765280672.796651,1765280643,0.013339,0.000227,0.000000,0.000000,0.000000,0.000000,0.344366,0.000000
23.634157,1765280672.816767,1765280643,0.013339,0.000227,0.000000,0.000000,0.000000,0.000000,0.000000,0.000000
23.654167,1765280672.836777,1765280643,0.013339,0.000227,0.000000,0.000000,0.000000,0.000000,0.000000,0.000000
23.674176,1765280672.856786,1765280643,0.013339,0.000227,0.000000,0.000000,0.000000,0.000000,0.344366,0.000000
23.694178,1765280672.876781,1765280643,0.013339,0.000227,0.000940,0.000000,0.000000,0.000000,0.000000,0.000000
23.714181,1765280672.896783,1765280643,0.013339,0.000227,0.000000,0.000000,0.000000,0.000000,0.000000,0.000000
23.734189,1765280672.916792,1765280643,0.013339,0.000227,0.000000,0.000000,0.000000,0.000000,0.000000,0.000000
23.754209,1765280672.936821,1765280643,0.013335,0.000227,-0.000945,0.000000,0.000000,0.000000,0.000000,0.000000
23.774220,1765280672.956829,1765280643,0.013339,0.000227,0.000946,0.000000,0.000000,0.000000,0.000000,-0.688732
23.794216,1765280672.976819,1765280643,0.013339,0.000227,0.000000,0.000000,0.000000,0.000000,0.000000,0.000000
23.814238,1765280672.996848,1765280643,0.013339,0.000227,0.000000,0.000000,0.000000,0.000000,0.344366,1.033098
23.834225,1765280673.016823,1765280643,0.013339,0.000227,0.000000,0.000000,0.000000,0.000000,0.000000,0.000000
23.854294,1765280673.036928,1765280643,0.013339,0.000227,0.000000,0.000000,0.000000,0.000000,0.000000,0.000000
23.874307,1765280673.056940,1765280643,0.013339,0.000227,0.000000,0.000000,0.000000,0.000000,0.344366,0.000000
23.894318,1765280673.076952,1765280643,0.013339,0.000227,0.000000,0.000000,0.000000,0.000000,-0.344366,0.000000
23.914309,1765280673.096929,1765280643,0.013335,0.000227,0.000417,0.000000,0.000000,0.000000,0.000000,0.000000
23.934318,1765280673.116938,1765280643,0.013339,0.000227,0.000500,0.000000,0.000000,0.000000,0.000000,-0.688732
23.954328,1765280673.136948,1765280643,0.013339,0.000227,0.000000,0.000000,0.000000,0.000000,0.000000,0.000000
23.974338,1765280673.156957,1765280643,0.013339,0.000227,0.000000,0.000000,0.000000,0.000000,0.000000,0.000000
23.994332,1765280673.176941,1765280643,0.013339,0.000227,0.000000,0.000000,0.000000,0.000000,0.000000,0.000000
24.014342,1765280673.196952,1765280643,0.013335,0.000227,-0.000872,0.000000,0.000000,0.000000,0.000000,0.000000
24.034235,1765280673.216787,1765280643,0.013339,0.000227,0.000000,0.000000,0.000000,0.000000,-0.344366,0.000000
24.054281,1765280673.236871,1765280643,0.013339,0.000227,0.000904,0.000000,0.000000,0.000000,0.344366,0.000000
24.074263,1765280673.256831,1765280643,0.013339,0.000227,0.000000,0.000000,0.000000,0.000000,0.000000,0.000000
24.094268,1765280673.276829,1765280643,0.013335,0.000227,-0.000945,0.000000,0.000000,0.000000,0.000000,0.000000
24.114292,1765280673.296864,1765280643,0.013339,0.000227,0.000000,0.000000,0.000000,0.000000,0.000000,0.000000
24.134316,1765280673.316898,1765280643,0.013339,0.000227,0.000000,0.000000,0.000000,0.000000,0.344366,0.000000
24.154328,1765280673.336913,1765280643,0.013339,0.000227,0.000000,0.000000,0.000000,0.000000,-0.688732,0.000000
24.174355,1765280673.356951,1765280643,0.013339,0.000227,0.000000,0.000000,0.000000,0.000000,0.000000,0.000000
24.194377,1765280673.376981,1765280643,0.013339,0.000227,0.000000,0.000000,0.000000,0.000000,0.000000,0.000000
24.214388,1765280673.396990,1765280643,0.013339,0.000227,0.000000,0.000000,0.000000,0.000000,0.000000,0.000000
24.234408,1765280673.417020,1765280643,0.013335,0.000227,-0.000925,0.000000,0.000000,0.000000,0.000000,0.000000
24.254436,1765280673.437050,1765280643,0.013339,0.000227,0.000001,0.000000,0.000000,0.000000,0.000000,0.000000
24.274448,1765280673.457068,1765280643,0.013339,0.000227,0.000000,0.000000,0.000000,0.000000,0.000000,0.000000
24.294475,1765280673.477110,1765280643,0.013335,0.000227,-0.000945,0.000000,0.000000,0.000000,0.000000,0.000000
24.314464,1765280673.497083,1765280643,0.013339,0.000227,0.000000,0.000000,0.000000,0.000000,0.344366,-0.688732
24.334458,1765280673.517067,1765280643,0.013339,0.000227,0.000407,0.000000,0.000000,0.000000,0.000000,-0.344366
24.354466,1765280673.537076,1765280643,0.013339,0.000227,0.000021,0.000000,0.000000,0.000000,0.344366,0.000000
24.374438,1765280673.557029,1765280643,0.013339,0.000227,0.000000,0.000000,0.000000,0.000000,0.000000,0.000000
24.394455,1765280673.577050,1765280643,0.013339,0.000227,0.000000,0.000000,0.000000,0.000000,0.000000,0.000000
24.414477,1765280673.597080,1765280643,0.013339,0.000227,0.000000,0.000000,0.000000,0.000000,0.000000,0.000000
24.434486,1765280673.617090,1765280643,0.013339,0.000227,0.000000,0.000000,0.000000,0.000000,0.000000,0.000000
24.454507,1765280673.637117,1765280643,0.013339,0.000227,0.000000,0.000000,0.000000,0.000000,0.000000,0.000000
24.474517,1765280673.657127,1765280643,0.013339,0.000227,0.000000,0.000000,0.000000,0.000000,0.000000,0.000000
24.494498,1765280673.677093,1765280643,0.013339,0.000227,0.000000,0.000000,0.000000,0.000000,0.000000,0.000000
24.514521,1765280673.697124,1765280643,0.013339,0.000227,0.000001,0.000000,0.000000,0.000000,0.344366,0.000000
24.534531,1765280673.717134,1765280643,0.013339,0.000227,0.000000,0.000000,0.000000,0.000000,0.000000,0.000000
24.554549,1765280673.737160,1765280643,0.013339,0.000227,0.000000,0.000000,0.000000,0.000000,0.000000,0.000000
24.574554,1765280673.757157,1765280643,0.013339,0.000227,0.000039,0.000000,0.000000,0.000000,0.000000,0.000000
24.594555,1765280673.777158,1765280643,0.013339,0.000227,0.000945,0.000000,0.000000,0.000000,0.000000,0.000000
24.614549,1765280673.797144,1765280643,0.013339,0.000227,0.000000,0.000000,0.000000,0.000000,0.344366,0.000000
24.634572,1765280673.817175,1765280643,0.013339,0.000227,0.000946,0.000000,0.000000,0.000000,0.000000,0.000000
24.654564,1765280673.837159,1765280643,0.013339,0.000227,0.000000,0.000000,0.000000,0.000000,0.000000,0.000000
24.674587,1765280673.857190,1765280643,0.013339,0.000227,0.000000,0.000000,0.000000,0.000000,0.000000,0.000000
24.694594,1765280673.877197,1765280643,0.013339,0.000227,0.000074,0.000000,0.000000,0.000000,0.000000,0.000000
24.714587,1765280673.897183,1765280643,0.013339,0.000227,0.000904,0.000000,0.000000,0.000000,0.000000,0.000000
24.734583,1765280673.917172,1765280643,0.013339,0.000227,0.000140,0.000000,0.000000,0.000000,0.000000,0.000000
24.754616,1765280673.937217,1765280643,0.013339,0.000227,0.000942,0.000000,0.000000,0.000000,0.000000,0.000000
24.774625,1765280673.957228,1765280643,0.013339,0.000227,0.000000,0.000000,0.000000,0.000000,0.000000,0.000000
24.794645,1765280673.977255,1765280643,0.013339,0.000227,0.000000,0.000000,0.000000,0.000000,0.000000,0.000000
24.814640,1765280673.997242,1765280643,0.013335,0.000227,-0.000946,0.000000,0.000000,0.000000,0.000000,0.000000
24.834649,1765280674.017253,1765280643,0.013339,0.000227,0.000000,0.000000,0.000000,0.000000,0.000000,0.000000
24.854570,1765280674.037140,1765280643,0.013339,0.000227,0.000000,0.000000,0.000000,0.000000,0.000000,0.000000
24.874673,1765280674.057305,1765280643,0.013339,0.000227,0.000946,0.000000,0.000000,0.000000,0.000000,0.000000
24.894671,1765280674.077302,1765280643,0.013339,0.000227,0.000000,0.000000,0.000000,0.000000,0.000000,0.000000
24.914678,1765280674.097308,1765280643,0.013339,0.000227,0.000000,0.000000,0.000000,0.000000,0.000000,0.000000
24.934685,1765280674.117316,1765280643,0.013339,0.000227,0.000000,0.000000,0.000000,0.000000,0.000000,0.000000
24.954677,1765280674.137291,1765280643,0.013339,0.000227,0.000000,0.000000,0.000000,0.000000,-0.688732,0.000000
24.974701,1765280674.157332,1765280643,0.013339,0.000227,0.000000,0.000000,0.000000,0.000000,0.000000,0.000000
24.994708,1765280674.177341,1765280643,0.013339,0.000227,0.000000,0.000000,0.000000,0.000000,0.000000,0.000000
25.014717,1765280674.197353,1765280643,0.013339,0.000227,0.000000,0.000000,0.000000,0.000000,0.000000,0.000000
25.034621,1765280674.217174,1765280643,0.013339,0.000227,0.000943,0.000000,0.000000,0.000000,0.000000,0.000000
25.054652,1765280674.237226,1765280643,0.013335,0.000227,-0.000946,0.000000,0.000000,0.000000,0.000000,0.000000
25.074628,1765280674.257180,1765280643,0.013335,0.000227,-0.000945,0.000000,0.000000,0.000000,0.000000,0.000000
25.094639,1765280674.277202,1765280643,0.013339,0.000227,0.000000,0.000000,0.000000,0.000000,0.344366,0.000000
25.114636,1765280674.297192,1765280643,0.013339,0.000227,0.000000,0.000000,0.000000,0.000000,0.000000,0.000000
25.134640,1765280674.317200,1765280643,0.013339,0.000227,0.000000,0.000000,0.000000,0.000000,0.000000,0.000000
25.154646,1765280674.337208,1765280643,0.013339,0.000227,0.000000,0.000000,0.000000,0.000000,0.000000,0.000000
25.174651,1765280674.357215,1765280643,0.013339,0.000227,0.000000,0.000000,0.000000,0.000000,0.000000,-0.344366
25.194651,1765280674.377214,1765280643,0.013339,0.000227,0.000000,0.000000,0.000000,0.000000,0.000000,0.000000
25.214655,1765280674.397219,1765280643,0.013335,0.000227,-0.000945,0.000000,0.000000,0.000000,0.000000,0.000000
25.234660,1765280674.417225,1765280643,0.013339,0.000227,0.000074,0.000000,0.000000,0.000000,0.000000,0.000000
25.254663,1765280674.437228,1765280643,0.013339,0.000227,0.000000,0.000000,0.000000,0.000000,0.000000,0.000000
25.274669,1765280674.457237,1765280643,0.013339,0.000227,0.000000,0.000000,0.000000,0.000000,0.000000,0.000000
25.294672,1765280674.477241,1765280643,0.013335,0.000227,-0.000943,0.000000,0.000000,0.000000,0.000000,-0.688732
25.314674,1765280674.497242,1765280643,0.013339,0.000227,0.000000,0.000000,0.000000,0.000000,0.000000,0.000000
25.334673,1765280674.517238,1765280643,0.013339,0.000227,0.000000,0.000000,0.000000,0.000000,0.000000,0.000000
25.354678,1765280674.537244,1765280643,0.013339,0.000227,0.000000,0.000000,0.000000,0.000000,0.000000,0.000000
25.374683,1765280674.557251,1765280643,0.013339,0.000227,0.000000,0.000000,0.000000,0.000000,0.000000,0.000000
25.394687,1765280674.577254,1765280643,0.013339,0.000227,0.000000,0.000000,0.000000,0.000000,0.000000,0.000000
25.414689,1765280674.597257,1765280643,0.013339,0.000227,0.000443,0.000000,0.000000,0.000000,0.000000,0.000000
25.434691,1765280674.617257,1765280643,0.013339,0.000227,0.000000,0.000000,0.000000,0.000000,0.000000,0.000000
25.454693,1765280674.637258,1765280643,0.013339,0.000227,0.000000,0.000000,0.000000,0.000000,0.000000,0.000000
25.474704,1765280674.657284,1765280643,0.013339,0.000227,0.000000,0.000000,0.000000,0.000000,0.000000,0.000000
25.494752,1765280674.677343,1765280643,0.013335,0.000227,-0.000872,0.000000,0.000000,0.000000,0.000000,0.000000
25.514712,1765280674.697294,1765280643,0.013339,0.000227,0.000000,0.000000,0.000000,0.000000,0.000000,0.000000
25.534724,1765280674.717304,1765280643,0.013339,0.000227,0.000000,0.000000,0.000000,0.000000,0.000000,0.000000
25.554718,1765280674.737293,1765280643,0.013339,0.000227,0.000000,0.000000,0.000000,0.000000,0.344366,0.000000
25.574728,1765280674.757308,1765280643,0.013339,0.000227,0.000039,0.000000,0.000000,0.000000,0.000000,0.000000
25.594740,1765280674.777312,1765280643,0.013339,0.000227,0.000000,0.000000,0.000000,0.000000,0.000000,-0.688732
25.614754,1765280674.797329,1765280643,0.013339,0.000227,0.000000,0.000000,0.000000,0.000000,0.000000,-0.344366
25.634760,1765280674.817337,1765280643,0.013339,0.000227,0.000000,0.000000,0.000000,0.000000,0.000000,0.000000
25.654790,1765280674.837373,1765280643,0.013339,0.000227,0.000039,0.000000,0.000000,0.000000,0.000000,0.000000
25.674778,1765280674.857354,1765280643,0.013339,0.000227,0.000000,0.000000,0.000000,0.000000,0.000000,0.000000
25.694798,1765280674.877378,1765280643,0.013335,0.000227,-0.000074,0.000000,0.000000,0.000000,0.000000,0.000000
25.714926,1765280674.897560,1765280643,0.013339,0.000227,0.000140,0.000000,0.000000,0.000000,0.000000,-0.344366
25.734937,1765280674.917571,1765280643,0.013335,0.000227,-0.000945,0.000000,0.000000,0.000000,0.000000,0.000000
25.754927,1765280674.937547,1765280643,0.013339,0.000227,0.000946,0.000000,0.000000,0.000000,0.000000,0.000000
25.774908,1765280674.957511,1765280643,0.013339,0.000227,0.000000,0.000000,0.000000,0.000000,0.000000,0.000000
25.794917,1765280674.977522,1765280643,0.013339,0.000227,0.000000,0.000000,0.000000,0.000000,0.000000,0.000000
25.814938,1765280674.997549,1765280643,0.013339,0.000227,0.000074,0.000000,0.000000,0.000000,0.000000,0.000000
25.834948,1765280675.017559,1765280643,0.013339,0.000227,0.000000,0.000000,0.000000,0.000000,0.000000,0.000000
25.854958,1765280675.037568,1765280643,0.013339,0.000227,0.000000,0.000000,0.000000,0.000000,0.000000,0.000000
25.874969,1765280675.057580,1765280643,0.013339,0.000227,0.000935,0.000000,0.000000,0.000000,0.344366,0.000000
25.894965,1765280675.077564,1765280643,0.013339,0.000227,0.000946,0.000000,0.000000,0.000000,0.000000,0.000000
25.914919,1765280675.097514,1765280643,0.013339,0.000227,0.000000,0.000000,0.000000,0.000000,0.000000,0.000000
25.935217,1765280675.117851,1765280643,0.013339,0.000227,0.000935,0.000000,0.000000,0.000000,0.000000,0.000000
25.955224,1765280675.137858,1765280643,0.013335,0.000227,-0.000682,0.000000,0.000000,0.000000,0.000000,0.000000
25.975236,1765280675.157870,1765280643,0.013335,0.000227,-0.000946,0.000000,0.000000,0.000000,0.000000,0.000000
25.995225,1765280675.177844,1765280643,0.013335,0.000227,-0.000946,0.000000,0.000000,0.000000,0.000000,0.000000
26.015235,1765280675.197855,1765280643,0.013339,0.000227,0.000000,0.000000,0.000000,0.000000,0.000000,0.000000
26.035114,1765280675.217666,1765280643,0.013339,0.000227,0.000011,0.000000,0.000000,0.000000,0.000000,0.000000
26.055293,1765280675.237966,1765280643,0.013339,0.000227,0.000945,0.000000,0.000000,0.000000,0.000000,0.000000
26.075265,1765280675.257910,1765280643,0.013335,0.000227,-0.000265,0.000000,0.000000,0.000000,0.344366,0.000000
26.095147,1765280675.277702,1765280643,0.013335,0.000227,-0.000946,0.000000,0.000000,0.000000,-0.344366,0.000000
26.115175,1765280675.297744,1765280643,0.013339,0.000227,0.000074,0.000000,0.000000,0.000000,0.000000,0.000000
26.135276,1765280675.317897,1765280643,0.013339,0.000227,0.000000,0.000000,0.000000,0.000000,0.000000,0.000000
26.155287,1765280675.337907,1765280643,0.013339,0.000227,0.000000,0.000000,0.000000,0.000000,0.000000,0.000000
26.175281,1765280675.357890,1765280643,0.013339,0.000227,0.000935,0.000000,0.000000,0.000000,0.000000,0.000000
26.195291,1765280675.377902,1765280643,0.013339,0.000227,0.000000,0.000000,0.000000,0.000000,0.000000,0.000000
26.215340,1765280675.397974,1765280643,0.013339,0.000227,0.000000,0.000000,0.000000,0.000000,0.000000,0.000000
26.235352,1765280675.417985,1765280643,0.013339,0.000227,0.000000,0.000000,0.000000,0.000000,0.000000,-0.344366
26.255219,1765280675.437772,1765280643,0.013339,0.000227,0.000935,0.000000,0.000000,0.000000,0.000000,0.000000
26.275267,1765280675.457843,1765280643,0.013339,0.000227,0.000000,0.000000,0.000000,0.000000,0.000000,0.000000
26.295222,1765280675.477776,1765280643,0.013339,0.000227,0.000946,0.000000,0.000000,0.000000,0.000000,0.000000
26.315291,1765280675.497877,1765280643,0.013339,0.000227,0.000945,0.000000,0.000000,0.000000,0.344366,0.000000
26.335319,1765280675.517915,1765280643,0.013339,0.000227,0.000000,0.000000,0.000000,0.000000,0.000000,0.000000
26.355326,1765280675.537923,1765280643,0.013339,0.000227,0.000000,0.000000,0.000000,0.000000,0.000000,0.000000
26.375402,1765280675.558035,1765280643,0.013339,0.000227,0.000000,0.000000,0.000000,0.000000,0.000000,0.000000
26.395415,1765280675.578041,1765280643,0.013339,0.000227,0.000000,0.000000,0.000000,0.000000,0.000000,0.000000
26.415404,1765280675.598024,1765280643,0.013339,0.000227,0.000039,0.000000,0.000000,0.000000,0.000000,0.000000
26.435414,1765280675.618034,1765280643,0.013339,0.000227,-0.000020,0.000000,0.000000,0.000000,0.000000,1.377463
26.455425,1765280675.638046,1765280643,0.013339,0.000227,0.000000,0.000000,0.000000,0.000000,0.000000,0.000000
26.475436,1765280675.658053,1765280643,0.013335,0.000227,-0.000946,0.000000,0.000000,0.000000,0.000000,-0.688732
26.495429,1765280675.678040,1765280643,0.013335,0.000227,-0.000945,0.000000,0.000000,0.000000,0.000000,0.000000
26.515439,1765280675.698049,1765280643,0.013335,0.000227,-0.000011,0.000000,0.000000,0.000000,0.000000,0.000000
26.535448,1765280675.718058,1765280643,0.013339,0.000227,0.000000,0.000000,0.000000,0.000000,0.000000,0.000000
26.555459,1765280675.738069,1765280643,0.013339,0.000227,0.000000,0.000000,0.000000,0.000000,0.000000,0.000000
26.575468,1765280675.758079,1765280643,0.013339,0.000227,0.000011,0.000000,0.000000,0.000000,0.000000,0.000000
26.595478,1765280675.778088,1765280643,0.013339,0.000227,0.000000,0.000000,0.000000,0.000000,0.000000,0.000000
26.615487,1765280675.798097,1765280643,0.013339,0.000227,-0.000074,0.000000,0.000000,0.000000,0.000000,0.000000
26.635496,1765280675.818105,1765280643,0.013339,0.000227,0.000932,0.000000,0.000000,0.000000,0.000000,0.000000
26.655506,1765280675.838116,1765280643,0.013339,0.000227,0.000000,0.000000,0.000000,0.000000,0.344366,0.000000
26.675514,1765280675.858124,1765280643,0.013339,0.000227,0.000944,0.000000,0.000000,0.000000,0.000000,0.000000
26.695497,1765280675.878093,1765280643,0.013339,0.000227,0.000000,0.000000,0.000000,0.000000,0.000000,0.000000
26.715572,1765280675.898206,1765280643,0.013335,0.000227,-0.000265,0.000000,0.000000,0.000000,0.344366,0.000000
26.735561,1765280675.918180,1765280643,0.013339,0.000227,0.000001,0.000000,0.000000,0.000000,0.344366,-0.688732
26.755572,1765280675.938191,1765280643,0.013339,0.000227,0.000915,0.000000,0.000000,0.000000,0.000000,0.000000
26.775565,1765280675.958175,1765280643,0.013339,0.000227,0.000000,0.000000,0.000000,0.000000,0.000000,0.000000
26.795562,1765280675.978165,1765280643,0.013335,0.000227,-0.000935,0.000000,0.000000,0.000000,0.344366,0.000000
26.815556,1765280675.998151,1765280643,0.013339,0.000227,0.000000,0.000000,0.000000,0.000000,0.000000,0.000000
26.835578,1765280676.018180,1765280643,0.013339,0.000227,0.000500,0.000000,0.000000,0.000000,0.000000,0.000000
26.855572,1765280676.038167,1765280643,0.013335,0.000227,-0.000935,0.000000,0.000000,0.000000,0.344366,0.000000
26.875579,1765280676.058174,1765280643,0.013339,0.000227,0.000000,0.000000,0.000000,0.000000,0.000000,0.000000
26.895603,1765280676.078206,1765280643,0.013339,0.000227,0.000001,0.000000,0.000000,0.000000,0.000000,0.000000
26.915610,1765280676.098213,1765280643,0.013335,0.000227,0.000000,0.000000,0.000000,0.000000,0.000000,0.000000
26.935613,1765280676.118214,1765280643,0.013339,0.000227,0.000000,0.000000,0.000000,0.000000,0.000000,0.000000
26.955610,1765280676.138206,1765280643,0.013339,0.000227,0.000264,0.000000,0.000000,0.000000,0.000000,0.000000
26.975634,1765280676.158237,1765280643,0.013339,0.000227,0.000946,0.000000,0.000000,0.000000,0.000000,0.000000
26.995643,1765280676.178246,1765280643,0.013335,0.000227,-0.000446,0.000000,0.000000,0.000000,0.000000,0.000000
27.015651,1765280676.198253,1765280643,0.013335,0.000227,-0.000643,0.000000,0.000000,0.000000,0.000000,0.000000
27.035573,1765280676.218133,1765280643,0.013339,0.000227,0.000943,0.000000,0.000000,0.000000,0.000000,0.000000
27.055615,1765280676.238215,1765280643,0.013339,0.000227,0.000946,0.000000,0.000000,0.000000,0.000000,0.000000
27.075607,1765280676.258194,1765280643,0.013335,0.000227,-0.000946,0.000000,0.000000,0.000000,0.000000,0.000000
27.095600,1765280676.278164,1765280643,0.013339,0.000227,0.000000,0.000000,0.000000,0.000000,0.000000,0.000000
27.115626,1765280676.298202,1765280643,0.013339,0.000227,0.000000,0.000000,0.000000,0.000000,0.000000,0.000000
27.135649,1765280676.318234,1765280643,0.013339,0.000227,0.000901,0.000000,0.000000,0.000000,0.000000,0.000000
27.155675,1765280676.338270,1765280643,0.013335,0.000227,-0.000946,0.000000,0.000000,0.000000,0.000000,0.000000
27.175712,1765280676.358346,1765280643,0.013339,0.000227,0.000011,0.000000,0.000000,0.000000,0.000000,0.000000
27.195791,1765280676.378426,1765280643,0.013335,0.000227,-0.000946,0.000000,0.000000,0.000000,0.000000,0.000000
27.215803,1765280676.398437,1765280643,0.013335,0.000227,-0.000021,0.000000,0.000000,0.000000,0.000000,-0.688732
27.235794,1765280676.418416,1765280643,0.013335,0.000227,-0.000946,0.000000,0.000000,0.000000,0.000000,0.000000
27.255797,1765280676.438409,1765280643,0.013339,0.000227,0.000000,0.000000,0.000000,0.000000,0.000000,0.000000
27.275768,1765280676.458371,1765280643,0.013339,0.000227,0.000946,0.000000,0.000000,0.000000,0.000000,0.000000
27.295789,1765280676.478393,1765280643,0.013335,0.000227,-0.000940,0.000000,0.000000,0.000000,0.000000,0.000000
27.315794,1765280676.498400,1765280643,0.013335,0.000227,-0.000946,0.000000,0.000000,0.000000,-0.344366,0.000000
27.335725,1765280676.518335,1765280643,0.013339,0.000227,0.000000,0.000000,0.000000,0.000000,0.000000,0.000000
27.355841,1765280676.538461,1765280643,0.013339,0.000227,0.000935,0.000000,0.000000,0.000000,0.000000,0.000000
27.375840,1765280676.558450,1765280643,0.013335,0.000227,-0.000682,0.000000,0.000000,0.000000,0.000000,0.000000
27.395851,1765280676.578461,1765280643,0.013339,0.000227,0.000006,0.000000,0.000000,0.000000,0.000000,0.000000
27.415830,1765280676.598427,1765280643,0.013339,0.000227,0.000039,0.000000,0.000000,0.000000,0.000000,0.000000
27.435852,1765280676.618455,1765280643,0.013339,0.000227,0.000011,0.000000,0.000000,0.000000,0.000000,0.000000
27.455861,1765280676.638463,1765280643,0.013339,0.000227,0.000946,0.000000,0.000000,0.000000,0.000000,0.000000
27.475872,1765280676.658475,1765280643,0.013339,0.000227,0.000000,0.000000,0.000000,0.000000,0.000000,0.000000
27.495894,1765280676.678504,1765280643,0.013339,0.000227,0.000732,0.000000,0.000000,0.000000,0.000000,0.000000
27.515943,1765280676.698576,1765280643,0.013339,0.000227,0.000000,0.000000,0.000000,0.000000,0.000000,0.000000
27.535955,1765280676.718589,1765280643,0.013339,0.000227,0.000001,0.000000,0.000000,0.000000,0.000000,0.000000
27.555946,1765280676.738565,1765280643,0.013339,0.000227,0.000181,0.000000,0.000000,0.000000,0.000000,0.000000
27.575938,1765280676.758549,1765280643,0.013335,0.000227,-0.000872,0.000000,0.000000,0.000000,0.000000,1.033098
27.595949,1765280676.778558,1765280643,0.013339,0.000227,0.000767,0.000000,0.000000,0.000000,0.000000,0.000000
27.615959,1765280676.798569,1765280643,0.013335,0.000227,-0.000682,0.000000,0.000000,0.000000,0.000000,0.000000
27.635958,1765280676.818562,1765280643,0.013339,0.000227,0.000000,0.000000,0.000000,0.000000,0.000000,0.000000
27.655980,1765280676.838590,1765280643,0.013339,0.000227,0.000000,0.000000,0.000000,0.000000,0.000000,0.000000
27.675990,1765280676.858600,1765280643,0.013339,0.000227,0.000872,0.000000,0.000000,0.000000,0.000000,-0.688732
27.696000,1765280676.878611,1765280643,0.013335,0.000227,-0.000940,0.000000,0.000000,0.000000,0.000000,0.000000
27.716015,1765280676.898626,1765280643,0.013339,0.000227,0.000003,0.000000,0.000000,0.000000,0.344366,0.000000
27.736066,1765280676.918701,1765280643,0.013335,0.000227,-0.000021,0.000000,0.000000,0.000000,0.000000,0.000000
27.755968,1765280676.938564,1765280643,0.013335,0.000227,-0.000946,0.000000,0.000000,0.000000,0.000000,0.000000
27.776084,1765280676.958718,1765280643,0.013335,0.000227,-0.000872,0.000000,0.000000,0.000000,0.000000,0.000000
27.796096,1765280676.978730,1765280643,0.013339,0.000227,0.000264,0.000000,0.000000,0.000000,0.000000,0.000000
27.816084,1765280676.998704,1765280643,0.013339,0.000227,0.000000,0.000000,0.000000,0.000000,0.344366,0.000000
27.836007,1765280677.018592,1765280643,0.013339,0.000227,0.000000,0.000000,0.000000,0.000000,0.000000,0.000000
27.856086,1765280677.038697,1765280643,0.013339,0.000227,0.000000,0.000000,0.000000,0.000000,0.000000,0.000000
27.876084,1765280677.058687,1765280643,0.013335,0.000227,-0.000935,0.000000,0.000000,0.000000,0.000000,0.000000
27.896037,1765280677.078621,1765280643,0.013339,0.000227,0.000806,0.000000,0.000000,0.000000,0.000000,0.000000
27.916099,1765280677.098702,1765280643,0.013335,0.000227,-0.000946,0.000000,0.000000,0.000000,0.344366,0.000000
27.936108,1765280677.118711,1765280643,0.013335,0.000227,-0.000946,0.000000,0.000000,0.000000,0.000000,0.000000
27.956128,1765280677.138738,1765280643,0.013339,0.000227,0.000000,0.000000,0.000000,0.000000,0.000000,0.000000
27.976138,1765280677.158748,1765280643,0.013339,0.000227,0.000946,0.000000,0.000000,0.000000,0.000000,0.000000
27.996060,1765280677.178626,1765280643,0.013335,0.000227,-0.000446,0.000000,0.000000,0.000000,0.000000,0.000000
28.016082,1765280677.198659,1765280643,0.013339,0.000227,0.000925,0.000000,0.000000,0.000000,0.000000,0.000000
28.036046,1765280677.218601,1765280643,0.013339,0.000227,0.000000,0.000000,0.000000,0.000000,0.000000,0.000000
28.056197,1765280677.238832,1765280643,0.013335,0.000227,-0.000945,0.000000,0.000000,0.000000,0.000000,0.000000
28.076075,1765280677.258638,1765280643,0.013339,0.000227,0.000806,0.000000,0.000000,0.000000,0.000000,0.000000
28.096121,1765280677.278707,1765280643,0.013335,0.000227,-0.000806,0.000000,0.000000,0.000000,0.000000,0.000000
28.116148,1765280677.298743,1765280643,0.013339,0.000227,0.000939,0.000000,0.000000,0.000000,0.000000,0.000000
28.136171,1765280677.318773,1765280643,0.013335,0.000227,-0.000940,0.000000,0.000000,0.000000,0.000000,0.000000
28.156179,1765280677.338781,1765280643,0.013339,0.000227,0.000000,0.000000,0.000000,0.000000,-0.344366,0.000000
28.176188,1765280677.358791,1765280643,0.013335,0.000227,-0.000935,0.000000,0.000000,0.000000,0.000000,0.000000
28.196210,1765280677.378819,1765280643,0.013335,0.000227,-0.000946,0.000000,0.000000,0.000000,0.000000,0.000000
28.216221,1765280677.398831,1765280643,0.013335,0.000227,-0.000806,0.000000,0.000000,0.000000,0.000000,0.000000
28.236230,1765280677.418839,1765280643,0.013335,0.000227,-0.000907,0.000000,0.000000,0.000000,0.000000,0.000000
28.256240,1765280677.438850,1765280643,0.013339,0.000227,0.000021,0.000000,0.000000,0.000000,0.000000,0.000000
28.276177,1765280677.458761,1765280643,0.013339,0.000227,0.000932,0.000000,0.000000,0.000000,0.344366,0.000000
28.296259,1765280677.478870,1765280643,0.013335,0.000227,-0.000265,0.000000,0.000000,0.000000,0.000000,0.000000
28.316269,1765280677.498880,1765280643,0.013335,0.000227,-0.000946,0.000000,0.000000,0.000000,0.000000,0.000000
28.336279,1765280677.518889,1765280643,0.013339,0.000227,0.000946,0.000000,0.000000,0.000000,0.000000,0.000000
28.356312,1765280677.538932,1765280643,0.013339,0.000227,0.000001,0.000000,0.000000,0.000000,0.000000,0.000000
28.376315,1765280677.558935,1765280643,0.013335,0.000227,-0.000935,0.000000,0.000000,0.000000,0.000000,0.000000
28.396325,1765280677.578945,1765280643,0.013339,0.000227,0.000946,0.000000,0.000000,0.000000,0.000000,0.000000
28.416337,1765280677.598957,1765280643,0.013335,0.000227,-0.000924,0.000000,0.000000,0.000000,0.000000,-0.688732
28.436345,1765280677.618955,1765280643,0.013339,0.000227,0.000925,0.000000,0.000000,0.000000,0.000000,0.000000
28.456328,1765280677.638930,1765280643,0.013335,0.000227,-0.000039,0.000000,0.000000,0.000000,0.000000,0.000000
28.476338,1765280677.658941,1765280643,0.013339,0.000227,0.000000,0.000000,0.000000,0.000000,0.000000,-0.688732
28.496360,1765280677.678969,1765280643,0.013339,0.000227,0.000000,0.000000,0.000000,0.000000,0.000000,0.000000
28.516369,1765280677.698980,1765280643,0.013339,0.000227,0.000000,0.000000,0.000000,0.000000,0.000000,0.000000
28.536378,1765280677.718988,1765280643,0.013339,0.000227,0.000946,0.000000,0.000000,0.000000,0.000000,0.000000
28.556387,1765280677.738997,1765280643,0.013339,0.000227,0.000608,0.000000,0.000000,0.000000,0.688732,0.000000
28.576436,1765280677.759069,1765280643,0.013339,0.000227,0.000940,0.000000,0.000000,0.000000,0.344366,0.000000
28.596448,1765280677.779082,1765280643,0.013335,0.000227,-0.000946,0.000000,0.000000,0.000000,0.000000,0.000000
28.616460,1765280677.799095,1765280643,0.013339,0.000227,0.000943,0.000000,0.000000,0.000000,0.000000,0.000000
28.636449,1765280677.819069,1765280643,0.013339,0.000227,0.000940,0.000000,0.000000,0.000000,0.000000,0.000000
28.656459,1765280677.839078,1765280643,0.013339,0.000227,0.000001,0.000000,0.000000,0.000000,0.000000,0.000000
28.676440,1765280677.859042,1765280643,0.013339,0.000227,0.000643,0.000000,0.000000,0.000000,0.344366,0.000000
28.696450,1765280677.879052,1765280643,0.013339,0.000227,0.000000,0.000000,0.000000,0.000000,0.000000,0.000000
28.716469,1765280677.899080,1765280643,0.013339,0.000227,0.000946,0.000000,0.000000,0.000000,0.000000,0.000000
28.736478,1765280677.919088,1765280643,0.013339,0.000227,0.000945,0.000000,0.000000,0.000000,0.344366,0.000000
28.756487,1765280677.939097,1765280643,0.013339,0.000227,0.000006,0.000000,0.000000,0.000000,0.000000,0.000000
28.776497,1765280677.959107,1765280643,0.013339,0.000227,0.000943,0.000000,0.000000,0.000000,0.344366,0.000000
28.796494,1765280677.979097,1765280643,0.013339,0.000227,0.000806,0.000000,0.000000,0.000000,0.000000,0.000000
28.816514,1765280677.999124,1765280643,0.013335,0.000227,-0.000943,0.000000,0.000000,0.000000,0.000000,0.000000
28.836511,1765280678.019114,1765280643,0.013339,0.000227,0.000140,0.000000,0.000000,0.000000,0.344366,0.000000
28.856532,1765280678.039137,1765280643,0.013335,0.000227,0.000499,0.000000,0.000000,0.000000,0.000000,0.000000
28.876540,1765280678.059151,1765280643,0.013339,0.000227,0.000000,0.000000,0.000000,0.000000,0.000000,0.000000
28.896550,1765280678.079160,1765280643,0.013335,0.000227,-0.000946,0.000000,0.000000,0.000000,0.000000,0.000000
28.916521,1765280678.099112,1765280643,0.013339,0.000227,0.000000,0.000000,0.000000,0.000000,0.000000,-0.688732
28.936539,1765280678.119135,1765280643,0.013339,0.000227,0.000000,0.000000,0.000000,0.000000,0.344366,0.000000
28.956562,1765280678.139164,1765280643,0.013335,0.000227,-0.000946,0.000000,0.000000,0.000000,0.000000,0.000000
28.976570,1765280678.159172,1765280643,0.013339,0.000227,0.000000,0.000000,0.000000,0.000000,0.000000,0.000000
28.996590,1765280678.179200,1765280643,0.013335,0.000227,0.000253,0.000000,0.000000,0.000000,0.000000,0.000000
29.016579,1765280678.199174,1765280643,0.013335,0.000227,-0.000786,0.000000,0.000000,0.000000,0.000000,0.000000
29.036607,1765280678.219217,1765280643,0.013335,0.000227,0.000000,0.000000,0.000000,0.000000,0.000000,0.000000
29.056573,1765280678.239191,1765280643,0.013339,0.000227,0.000943,0.000000,0.000000,0.000000,0.000000,0.000000
29.076516,1765280678.259071,1765280643,0.013335,0.000227,-0.000905,0.000000,0.000000,0.000000,0.344366,0.000000
29.096527,1765280678.279087,1765280643,0.013339,0.000227,0.000946,0.000000,0.000000,0.000000,0.000000,0.000000
29.116549,1765280678.299119,1765280643,0.013335,0.000227,-0.000935,0.000000,0.000000,0.000000,0.000000,0.000000
29.136576,1765280678.319158,1765280643,0.013335,0.000227,-0.000661,0.000000,0.000000,0.000000,0.000000,0.000000
29.156588,1765280678.339175,1765280643,0.013335,0.000227,0.000000,0.000000,0.000000,0.000000,0.000000,0.000000
29.176613,1765280678.359217,1765280643,0.013335,0.000227,-0.000935,0.000000,0.000000,0.000000,0.000000,0.000000
29.196643,1765280678.379240,1765280643,0.013339,0.000227,0.000074,0.000000,0.000000,0.000000,0.000000,0.000000
29.216645,1765280678.399247,1765280643,0.013339,0.000227,0.000000,0.000000,0.000000,0.000000,0.000000,0.000000
29.236654,1765280678.419257,1765280643,0.013335,0.000227,-0.000946,0.000000,0.000000,0.000000,0.000000,0.000000
29.256648,1765280678.439243,1765280643,0.013339,0.000227,0.000000,0.000000,0.000000,0.000000,0.344366,0.000000
29.276669,1765280678.459271,1765280643,0.013339,0.000227,0.000500,0.000000,0.000000,0.000000,0.000000,0.000000
29.296677,1765280678.479314,1765280643,0.013339,0.000227,0.000000,0.000000,0.000000,0.000000,0.000000,0.000000
29.316688,1765280678.499321,1765280643,0.013335,0.000227,-0.000872,0.000000,0.000000,0.000000,0.000000,0.000000
29.336696,1765280678.519328,1765280643,0.013339,0.000227,0.000000,0.000000,0.000000,0.000000,0.000000,0.000000
29.356704,1765280678.539338,1765280643,0.013339,0.000227,0.000000,0.000000,0.000000,0.000000,0.000000,0.000000
29.376713,1765280678.559346,1765280643,0.013339,0.000227,0.000000,0.000000,0.000000,0.000000,0.000000,0.000000
29.396721,1765280678.579356,1765280643,0.013335,0.000227,-0.000907,0.000000,0.000000,0.000000,0.000000,0.000000
29.416758,1765280678.599363,1765280643,0.013339,0.000227,0.000946,0.000000,0.000000,0.000000,0.000000,0.000000
29.436766,1765280678.619372,1765280643,0.013339,0.000227,0.000000,0.000000,0.000000,0.000000,0.000000,0.000000
29.456800,1765280678.639406,1765280643,0.013335,0.000227,-0.000946,0.000000,0.000000,0.000000,0.000000,0.000000
29.476784,1765280678.659388,1765280643,0.013335,0.000227,-0.000925,0.000000,0.000000,0.000000,0.000000,0.000000
29.496788,1765280678.679385,1765280643,0.013339,0.000227,0.000940,0.000000,0.000000,0.000000,0.000000,0.000000
29.516802,1765280678.699405,1765280643,0.013339,0.000227,0.000000,0.000000,0.000000,0.000000,0.344366,0.000000
29.536784,1765280678.719377,1765280643,0.013339,0.000227,0.000945,0.000000,0.000000,0.000000,0.000000,0.000000
29.556823,1765280678.739420,1765280643,0.013339,0.000227,0.000000,0.000000,0.000000,0.000000,0.000000,0.000000
29.576825,1765280678.759429,1765280643,0.013335,0.000227,-0.000943,0.000000,0.000000,0.000000,0.000000,0.000000
29.596833,1765280678.779437,1765280643,0.013339,0.000227,0.000935,0.000000,0.000000,0.000000,0.000000,0.000000
29.616835,1765280678.799438,1765280643,0.013335,0.000227,-0.000000,0.000000,0.000000,0.000000,0.000000,0.000000
29.636850,1765280678.819453,1765280643,0.013339,0.000227,0.000643,0.000000,0.000000,0.000000,0.000000,0.000000
29.656859,1765280678.839463,1765280643,0.013335,0.000227,-0.000001,0.000000,0.000000,0.000000,0.000000,0.000000
29.676869,1765280678.859473,1765280643,0.013335,0.000227,0.000000,0.000000,0.000000,0.000000,0.000000,0.000000
29.696882,1765280678.879484,1765280643,0.013335,0.000227,-0.000946,0.000000,0.000000,0.000000,0.000000,0.000000
29.716913,1765280678.899517,1765280643,0.013335,0.000227,-0.000661,0.000000,0.000000,0.000000,0.000000,0.000000
29.736896,1765280678.919499,1765280643,0.013339,0.000227,0.000946,0.000000,0.000000,0.000000,0.000000,0.000000
29.756906,1765280678.939509,1765280643,0.013335,0.000227,0.000000,0.000000,0.000000,0.000000,0.000000,-0.344366
29.776915,1765280678.959518,1765280643,0.013339,0.000227,0.000039,0.000000,0.000000,0.000000,0.000000,0.000000
29.796936,1765280678.979546,1765280643,0.013335,0.000227,-0.000265,0.000000,0.000000,0.000000,0.344366,0.000000
29.816946,1765280678.999555,1765280643,0.013339,0.000227,0.000001,0.000000,0.000000,0.000000,0.000000,-0.688732
29.836944,1765280679.019547,1765280643,0.013335,0.000227,-0.000945,0.000000,0.000000,0.000000,0.000000,0.000000
29.856937,1765280679.039534,1765280643,0.013339,0.000227,0.000000,0.000000,0.000000,0.000000,0.000000,0.000000
29.876946,1765280679.059541,1765280643,0.013339,0.000227,0.000039,0.000000,0.000000,0.000000,0.000000,0.000000
29.896969,1765280679.079572,1765280643,0.013335,0.000227,-0.000935,0.000000,0.000000,0.000000,0.000000,0.000000
29.916978,1765280679.099581,1765280643,0.013339,0.000227,0.000074,0.000000,0.000000,0.000000,0.000000,1.377463
29.936989,1765280679.119592,1765280643,0.013339,0.000227,0.000945,0.000000,0.000000,0.000000,0.000000,0.000000
29.956998,1765280679.139600,1765280643,0.013339,0.000227,0.000000,0.000000,0.000000,0.000000,0.000000,0.000000
29.977015,1765280679.159612,1765280643,0.013339,0.000227,0.000000,0.000000,0.000000,0.000000,0.000000,0.000000
29.997015,1765280679.179619,1765280643,0.013339,0.000227,0.000946,0.000000,0.000000,0.000000,0.344366,0.000000
30.017037,1765280679.199647,1765280643,0.013339,0.000227,0.000074,0.000000,0.000000,0.000000,0.000000,0.000000
30.037071,1765280679.219699,1765280643,0.013335,0.000227,-0.000500,0.000000,0.000000,0.000000,0.000000,0.000000
30.057000,1765280679.239559,1765280643,0.013335,0.000227,-0.000946,0.000000,0.000000,0.000000,0.000000,0.000000
30.077031,1765280679.259602,1765280643,0.013335,0.000227,-0.000074,0.000000,0.000000,0.000000,0.000000,0.000000
30.097098,1765280679.279701,1765280643,0.013335,0.000227,-0.000806,0.000000,0.000000,0.000000,0.000000,0.000000
30.117120,1765280679.299731,1765280643,0.013339,0.000227,0.000000,0.000000,0.000000,0.000000,0.000000,0.000000
30.137131,1765280679.319741,1765280643,0.013339,0.000227,0.000000,0.000000,0.000000,0.000000,0.000000,0.000000
30.157141,1765280679.339752,1765280643,0.013339,0.000227,0.000264,0.000000,0.000000,0.000000,0.000000,0.000000
30.177153,1765280679.359763,1765280643,0.013339,0.000227,0.000946,0.000000,0.000000,0.000000,0.000000,0.000000
30.197163,1765280679.379773,1765280643,0.013335,0.000227,-0.000867,0.000000,0.000000,0.000000,0.344366,0.000000
30.217211,1765280679.399845,1765280643,0.013339,0.000227,0.000264,0.000000,0.000000,0.000000,0.344366,0.000000
30.237262,1765280679.419899,1765280643,0.013335,0.000227,-0.000940,0.000000,0.000000,0.000000,0.000000,1.033098
30.257213,1765280679.439834,1765280643,0.013339,0.000227,0.000500,0.000000,0.000000,0.000000,0.000000,0.000000
30.277219,1765280679.459839,1765280643,0.013335,0.000227,-0.000074,0.000000,0.000000,0.000000,0.000000,0.000000
30.297216,1765280679.479827,1765280643,0.013339,0.000227,0.000946,0.000000,0.000000,0.000000,0.000000,0.000000
30.317226,1765280679.499835,1765280643,0.013339,0.000227,0.000943,0.000000,0.000000,0.000000,0.000000,0.000000
30.337234,1765280679.519844,1765280643,0.013335,0.000227,-0.000039,0.000000,0.000000,0.000000,0.000000,0.000000
30.357244,1765280679.539854,1765280643,0.013335,0.000227,-0.000920,0.000000,0.000000,0.000000,0.000000,0.000000
30.377253,1765280679.559862,1765280643,0.013339,0.000227,0.000500,0.000000,0.000000,0.000000,0.000000,0.000000
30.397263,1765280679.579873,1765280643,0.013335,0.000227,0.000000,0.000000,0.000000,0.000000,0.000000,0.000000
30.417258,1765280679.599860,1765280643,0.013339,0.000227,0.000886,0.000000,0.000000,0.000000,0.000000,0.000000
0.041299,1765280731.344343,1765280643,0.316180,0.005401,0.000000,-0.000946,0.000000,0.000000,-0.688732,0.000000
0.061386,1765280731.364426,1765280643,0.316180,0.005405,0.000000,0.000140,0.000000,0.000000,0.000000,0.000000
0.081274,1765280731.384262,1765280643,0.316180,0.005405,0.000000,0.000000,0.000000,0.000000,0.000000,0.000000
0.101331,1765280731.404334,1765280643,0.316180,0.005405,0.000000,0.000000,0.000000,0.000000,0.000000,0.000000
0.121354,1765280731.424368,1765280643,0.316180,0.005405,0.000000,0.000000,0.000000,0.000000,0.000000,0.000000
0.141358,1765280731.444372,1765280643,0.316180,0.005405,0.000000,0.000000,0.000000,0.000000,0.344366,0.000000
0.161432,1765280731.464480,1765280643,0.316180,0.005405,0.000000,0.000000,0.000000,0.000000,-0.688732,0.000000
0.181476,1765280731.484538,1765280643,0.316180,0.005405,0.000000,0.000000,0.000000,0.000000,0.344366,0.000000
0.201365,1765280731.504387,1765280643,0.316180,0.005405,0.000000,0.000000,0.000000,0.000000,0.000000,0.000000
0.221421,1765280731.524447,1765280643,0.316184,0.005405,0.000940,0.000000,0.000000,0.000000,0.000000,0.000000
0.241444,1765280731.544476,1765280643,0.316180,0.005405,0.000000,0.000000,0.000000,0.000000,0.000000,0.000000
0.261525,1765280731.564573,1765280643,0.316180,0.005405,-0.000000,0.000000,0.000000,0.000000,-0.344366,0.000000
0.281537,1765280731.584585,1765280643,0.316180,0.005405,-0.000372,0.000000,0.000000,0.000000,0.000000,0.000000
0.301531,1765280731.604570,1765280643,0.316180,0.005405,0.000000,0.000000,0.000000,0.000000,0.000000,0.000000
0.321542,1765280731.624580,1765280643,0.316180,0.005405,-0.000263,0.000000,0.000000,0.000000,-0.344366,0.000000
0.341551,1765280731.644590,1765280643,0.316180,0.005405,0.000000,0.000000,0.000000,0.000000,0.000000,0.000000
0.361573,1765280731.664606,1765280643,0.316180,0.005405,-0.000011,0.000000,0.000000,0.000000,0.000000,0.000000
0.381559,1765280731.684589,1765280643,0.316180,0.005405,-0.000002,0.000000,0.000000,0.000000,-0.344366,0.000000
0.401581,1765280731.704614,1765280643,0.316184,0.005405,0.000006,0.000000,0.000000,0.000000,0.000000,0.000000
0.421591,1765280731.724630,1765280643,0.316180,0.005405,-0.000945,0.000000,0.000000,0.000000,0.344366,0.000000
0.441601,1765280731.744638,1765280643,0.316180,0.005405,-0.000021,0.000000,0.000000,0.000000,0.000000,0.000000
0.461612,1765280731.764650,1765280643,0.316184,0.005405,0.000682,0.000000,0.000000,0.000000,0.688732,0.000000
0.481619,1765280731.784658,1765280643,0.316184,0.005405,0.000264,0.000000,0.000000,0.000000,-0.344366,0.000000
0.501629,1765280731.804668,1765280643,0.316180,0.005405,0.000000,0.000000,0.000000,0.000000,0.000000,0.000000
0.521640,1765280731.824678,1765280643,0.316184,0.005405,0.000943,0.000000,0.000000,0.000000,0.000000,0.000000
0.541650,1765280731.844689,1765280643,0.316180,0.005405,-0.000943,0.000000,0.000000,0.000000,0.000000,0.000000
0.561661,1765280731.864700,1765280643,0.316180,0.005405,-0.000945,0.000000,0.000000,0.000000,0.000000,0.000000
0.581582,1765280731.884585,1765280643,0.316180,0.005405,0.000000,0.000000,0.000000,0.000000,0.000000,0.000000
0.601719,1765280731.904781,1765280643,0.316180,0.005405,0.000000,0.000000,0.000000,0.000000,0.000000,0.000000
0.621765,1765280731.924814,1765280643,0.316180,0.005405,-0.000006,0.000000,0.000000,0.000000,0.344366,0.000000
0.641719,1765280731.944767,1765280643,0.316180,0.005405,0.000000,0.000000,0.000000,0.000000,0.344366,0.000000
0.661712,1765280731.964750,1765280643,0.316180,0.005405,0.000000,0.000000,0.000000,0.000000,0.000000,0.000000
0.681721,1765280731.984759,1765280643,0.316180,0.005405,-0.000945,0.000000,0.000000,0.000000,-0.344366,0.000000
0.701731,1765280732.004770,1765280643,0.316180,0.005405,0.000000,0.000000,0.000000,0.000000,0.344366,0.000000
0.721741,1765280732.024780,1765280643,0.316180,0.005405,-0.000039,0.000000,0.000000,0.000000,0.000000,0.000000
0.741789,1765280732.044850,1765280643,0.316180,0.005405,0.000000,0.000000,0.000000,0.000000,0.344366,0.000000
0.761801,1765280732.064862,1765280643,0.316180,0.005405,0.000000,0.000000,0.000000,0.000000,-0.344366,0.000000
0.781791,1765280732.084838,1765280643,0.316180,0.005405,0.000000,0.000000,0.000000,0.000000,-0.344366,0.000000
0.801802,1765280732.104850,1765280643,0.316180,0.005405,0.000000,0.000000,0.000000,0.000000,0.000000,0.000000
0.821833,1765280732.124895,1765280643,0.316180,0.005405,0.000000,0.000000,0.000000,0.000000,0.344366,0.000000
0.841845,1765280732.144908,1765280643,0.316180,0.005405,0.000000,0.000000,0.000000,0.000000,-0.344366,0.000000
0.861833,1765280732.164871,1765280643,0.316180,0.005405,0.000000,0.000000,0.000000,0.000000,-0.344366,0.000000
0.882011,1765280732.185076,1765280643,0.316184,0.005405,0.000872,0.000000,0.000000,0.000000,0.000000,0.000000
0.901989,1765280732.205052,1765280643,0.316180,0.005405,0.000000,0.000000,0.000000,0.000000,0.344366,0.000000
0.921998,1765280732.225060,1765280643,0.316180,0.005405,0.000000,0.000000,0.000000,0.000000,0.000000,0.000000
0.942010,1765280732.245072,1765280643,0.316180,0.005405,0.000000,0.000000,0.000000,0.000000,0.000000,0.000000
0.961999,1765280732.265046,1765280643,0.316180,0.005405,0.000000,0.000000,0.000000,0.000000,0.000000,0.000000
0.982034,1765280732.285097,1765280643,0.316180,0.005405,0.000000,0.000000,0.000000,0.000000,0.688732,0.000000
1.002022,1765280732.305069,1765280643,0.316180,0.005405,0.000000,0.000000,0.000000,0.000000,-0.344366,-0.688732
1.022033,1765280732.325080,1765280643,0.316180,0.005405,0.000000,0.000000,0.000000,0.000000,0.000000,0.000000
1.041937,1765280732.344917,1765280643,0.316180,0.005405,0.000000,0.000000,0.000000,0.000000,0.000000,0.000000
1.061940,1765280732.364932,1765280643,0.316180,0.005405,0.000000,0.000000,0.000000,0.000000,0.000000,0.000000
1.081953,1765280732.384952,1765280643,0.316180,0.005405,0.000000,0.000000,0.000000,0.000000,0.344366,0.000000
1.101977,1765280732.404984,1765280643,0.316180,0.005405,-0.000000,0.000000,0.000000,0.000000,0.344366,0.000000
1.122004,1765280732.425022,1765280643,0.316180,0.005405,0.000000,0.000000,0.000000,0.000000,0.344366,0.000000
1.142045,1765280732.445070,1765280643,0.316180,0.005405,0.000000,0.000000,0.000000,0.000000,0.000000,0.000000
1.161965,1765280732.464967,1765280643,0.316180,0.005405,0.000000,0.000000,0.000000,0.000000,-0.344366,0.000000
1.182052,1765280732.485083,1765280643,0.316180,0.005405,0.000000,0.000000,0.000000,0.000000,0.000000,0.000000
1.202061,1765280732.505091,1765280643,0.316180,0.005405,0.000000,0.000000,0.000000,0.000000,0.000000,0.000000
1.222082,1765280732.525120,1765280643,0.316180,0.005405,0.000000,0.000000,0.000000,0.000000,-0.344366,0.000000
1.242091,1765280732.545129,1765280643,0.316180,0.005405,0.000000,0.000000,0.000000,0.000000,-0.344366,0.000000
1.262100,1765280732.565139,1765280643,0.316180,0.005405,0.000000,0.000000,0.000000,0.000000,0.000000,0.000000
1.282098,1765280732.585129,1765280643,0.316180,0.005405,0.000000,0.000000,0.000000,0.000000,0.000000,0.000000
1.302117,1765280732.605155,1765280643,0.316180,0.005405,0.000000,0.000000,0.000000,0.000000,0.000000,0.000000
1.322114,1765280732.625144,1765280643,0.316180,0.005405,0.000000,0.000000,0.000000,0.000000,0.000000,0.000000
1.342134,1765280732.645172,1765280643,0.316180,0.005405,0.000000,0.000000,0.000000,0.000000,0.000000,0.000000
1.362144,1765280732.665183,1765280643,0.316180,0.005405,0.000000,0.000000,0.000000,0.000000,0.000000,0.000000
1.382153,1765280732.685191,1765280643,0.316180,0.005405,0.000000,0.000000,0.000000,0.000000,0.000000,0.000000
1.402177,1765280732.705209,1765280643,0.316180,0.005405,0.000000,0.000000,0.000000,0.000000,0.000000,0.000000
1.422144,1765280732.725167,1765280643,0.316180,0.005405,0.000000,0.000000,0.000000,0.000000,0.000000,0.000000
1.442166,1765280732.745196,1765280643,0.316180,0.005405,0.000000,0.000000,0.000000,0.000000,0.000000,0.000000
1.462093,1765280732.765094,1765280643,0.316180,0.005405,0.000000,0.000000,0.000000,0.000000,-0.344366,0.000000
1.482100,1765280732.785105,1765280643,0.316180,0.005405,0.000000,0.000000,0.000000,0.000000,0.344366,0.000000
1.502107,1765280732.805113,1765280643,0.316180,0.005405,0.000000,0.000000,0.000000,0.000000,0.344366,0.000000
1.522108,1765280732.825112,1765280643,0.316180,0.005405,0.000000,0.000000,0.000000,0.000000,0.000000,0.000000
1.542112,1765280732.845115,1765280643,0.316180,0.005405,0.000000,0.000000,0.000000,0.000000,0.000000,0.000000
1.562119,1765280732.865123,1765280643,0.316180,0.005405,0.000000,0.000000,0.000000,0.000000,0.000000,0.000000
1.582126,1765280732.885135,1765280643,0.316180,0.005405,0.000000,0.000000,0.000000,0.000000,0.000000,0.000000
1.602220,1765280732.905257,1765280643,0.316180,0.005405,0.000000,0.000000,0.000000,0.000000,0.344366,0.000000
1.622218,1765280732.925249,1765280643,0.316180,0.005405,0.000000,0.000000,0.000000,0.000000,0.000000,0.000000
1.642210,1765280732.945235,1765280643,0.316180,0.005405,0.000000,0.000000,0.000000,0.000000,0.000000,0.000000
1.662239,1765280732.965264,1765280643,0.316180,0.005405,0.000000,0.000000,0.000000,0.000000,0.344366,0.000000
1.682225,1765280732.985248,1765280643,0.316180,0.005405,0.000000,0.000000,0.000000,0.000000,0.000000,0.000000
1.702232,1765280733.005255,1765280643,0.316180,0.005405,0.000000,0.000000,0.000000,0.000000,-0.344366,0.344366
1.722239,1765280733.025262,1765280643,0.316180,0.005405,0.000000,0.000000,0.000000,0.000000,0.000000,0.000000
1.742247,1765280733.045270,1765280643,0.316180,0.005405,0.000000,0.000000,0.000000,0.000000,0.000000,0.000000
1.762209,1765280733.065211,1765280643,0.316180,0.005405,0.000000,0.000000,0.000000,0.000000,0.000000,0.000000
1.782238,1765280733.085251,1765280643,0.316180,0.005405,0.000000,0.000000,0.000000,0.000000,0.344366,0.000000
1.802250,1765280733.105268,1765280643,0.316180,0.005405,0.000000,0.000000,0.000000,0.000000,0.344366,0.000000
1.822268,1765280733.125322,1765280643,0.316180,0.005405,0.000000,0.000000,0.000000,0.000000,0.000000,0.000000
1.842289,1765280733.145347,1765280643,0.316180,0.005405,0.000000,0.000000,0.000000,0.000000,0.344366,0.000000
1.862273,1765280733.165307,1765280643,0.316180,0.005405,0.000000,0.000000,0.000000,0.000000,-0.344366,0.000000
1.882280,1765280733.185319,1765280643,0.316180,0.005405,0.000000,0.000000,0.000000,0.000000,0.000000,0.000000
1.902276,1765280733.205310,1765280643,0.316180,0.005405,0.000000,0.000000,0.000000,0.000000,-0.344366,0.000000
1.922324,1765280733.225340,1765280643,0.316180,0.005405,0.000000,0.000000,0.000000,0.000000,0.344366,0.000000
1.942299,1765280733.245340,1765280643,0.316180,0.005405,0.000000,0.000000,0.000000,0.000000,0.000000,0.000000
1.962341,1765280733.265366,1765280643,0.316180,0.005405,0.000000,0.000000,0.000000,0.000000,0.000000,0.000000
1.982330,1765280733.285349,1765280643,0.316180,0.005405,0.000000,0.000000,0.000000,0.000000,0.344366,0.000000
2.002342,1765280733.305361,1765280643,0.316180,0.005405,0.000000,0.000000,0.000000,0.000000,0.000000,0.000000
2.022356,1765280733.325374,1765280643,0.316180,0.005405,0.000000,0.000000,0.000000,0.000000,-0.344366,0.000000
2.042259,1765280733.345240,1765280643,0.316180,0.005405,0.000000,0.000000,0.000000,0.000000,0.000000,0.000000
2.062284,1765280733.365278,1765280643,0.316180,0.005405,0.000000,0.000000,0.000000,0.000000,0.000000,0.000000
2.082311,1765280733.385311,1765280643,0.316180,0.005405,0.000000,0.000000,0.000000,0.000000,0.000000,0.000000
2.102339,1765280733.405346,1765280643,0.316180,0.005405,0.000000,0.000000,0.000000,0.000000,0.000000,0.000000
2.122376,1765280733.425395,1765280643,0.316180,0.005405,0.000000,0.000000,0.000000,0.000000,0.000000,0.000000
2.142377,1765280733.445395,1765280643,0.316180,0.005405,0.000000,0.000000,0.000000,0.000000,-0.344366,0.000000
2.162397,1765280733.465421,1765280643,0.316180,0.005405,0.000000,0.000000,0.000000,0.000000,0.688732,0.000000
2.182449,1765280733.485481,1765280643,0.316180,0.005405,0.000000,0.000000,0.000000,0.000000,-0.344366,0.000000
2.202414,1765280733.505438,1765280643,0.316180,0.005405,0.000000,0.000000,0.000000,0.000000,0.344366,0.000000
2.222421,1765280733.525445,1765280643,0.316180,0.005405,0.000000,0.000000,0.000000,0.000000,0.000000,0.000000
2.242445,1765280733.545475,1765280643,0.316180,0.005405,0.000000,0.000000,0.000000,0.000000,0.000000,0.000000
2.262454,1765280733.565484,1765280643,0.316180,0.005405,0.000000,0.000000,0.000000,0.000000,0.000000,0.000000
2.282462,1765280733.585493,1765280643,0.316180,0.005405,0.000000,0.000000,0.000000,0.000000,0.000000,0.000000
2.302483,1765280733.605521,1765280643,0.316180,0.005405,0.000000,0.000000,0.000000,0.000000,0.000000,0.000000
2.322480,1765280733.625510,1765280643,0.316180,0.005405,0.000000,0.000000,0.000000,0.000000,0.344366,0.000000
2.342408,1765280733.645398,1765280643,0.316180,0.005405,0.000000,0.000000,0.000000,0.000000,0.000000,0.000000
2.362398,1765280733.665380,1765280643,0.316180,0.005405,0.000000,0.000000,0.000000,0.000000,0.000000,0.000000
2.382416,1765280733.685407,1765280643,0.316180,0.005405,0.000000,0.000000,0.000000,0.000000,0.000000,0.000000
2.402440,1765280733.705442,1765280643,0.316180,0.005405,0.000000,0.000000,0.000000,0.000000,0.000000,0.000000
2.422459,1765280733.725470,1765280643,0.316180,0.005405,0.000000,0.000000,0.000000,0.000000,0.000000,-0.688732
2.442482,1765280733.745500,1765280643,0.316180,0.005405,0.000000,0.000000,0.000000,0.000000,0.344366,0.000000
2.462500,1765280733.765523,1765280643,0.316180,0.005405,0.000000,0.000000,0.000000,0.000000,-0.344366,0.000000
2.482507,1765280733.785531,1765280643,0.316180,0.005405,0.000000,0.000000,0.000000,0.000000,0.000000,0.000000
2.502527,1765280733.805558,1765280643,0.316180,0.005405,0.000000,0.000000,0.000000,0.000000,0.000000,0.000000
2.522536,1765280733.825566,1765280643,0.316180,0.005405,0.000000,0.000000,0.000000,0.000000,0.000000,0.000000
2.542545,1765280733.845576,1765280643,0.316180,0.005405,0.000000,0.000000,0.000000,0.000000,0.000000,0.000000
2.562539,1765280733.865562,1765280643,0.316180,0.005405,0.000000,0.000000,0.000000,0.000000,0.000000,0.000000
2.582562,1765280733.885593,1765280643,0.316180,0.005405,0.000000,0.000000,0.000000,0.000000,-0.344366,0.000000
2.602570,1765280733.905601,1765280643,0.316180,0.005405,0.000000,0.000000,0.000000,0.000000,0.000000,0.000000
2.622580,1765280733.925611,1765280643,0.316180,0.005405,0.000000,0.000000,0.000000,0.000000,0.000000,0.000000
2.642589,1765280733.945621,1765280643,0.316180,0.005405,0.000000,0.000000,0.000000,0.000000,0.000000,0.000000
2.662596,1765280733.965627,1765280643,0.316180,0.005405,0.000000,0.000000,0.000000,0.000000,0.000000,0.000000
2.682592,1765280733.985615,1765280643,0.316180,0.005405,0.000000,0.000000,0.000000,0.000000,-0.344366,0.000000
2.702614,1765280734.005645,1765280643,0.316180,0.005405,0.000000,0.000000,0.000000,0.000000,0.000000,0.344366
2.722622,1765280734.025653,1765280643,0.316180,0.005405,0.000000,0.000000,0.000000,0.000000,0.000000,0.000000
2.742630,1765280734.045660,1765280643,0.316180,0.005405,0.000000,0.000000,0.000000,0.000000,0.000000,0.000000
2.762641,1765280734.065671,1765280643,0.316180,0.005405,0.000000,0.000000,0.000000,0.000000,0.000000,0.000000
2.782573,1765280734.085577,1765280643,0.316180,0.005405,0.000000,0.000000,0.000000,0.000000,0.344366,0.000000
2.802747,1765280734.105755,1765280643,0.316180,0.005405,0.000000,0.000000,0.000000,0.000000,0.344366,0.000000
2.822878,1765280734.125939,1765280643,0.316180,0.005405,0.000000,0.000000,0.000000,0.000000,-0.344366,0.000000
2.842891,1765280734.145952,1765280643,0.316180,0.005405,0.000000,0.000000,0.000000,0.000000,-0.344366,0.000000
2.862903,1765280734.165965,1765280643,0.316180,0.005405,0.000000,0.000000,0.000000,0.000000,0.000000,0.000000
2.882915,1765280734.185978,1765280643,0.316180,0.005405,0.000000,0.000000,0.000000,0.000000,0.344366,0.000000
2.902926,1765280734.205974,1765280643,0.316180,0.005405,0.000000,0.000000,0.000000,0.000000,0.000000,0.000000
2.922886,1765280734.225914,1765280643,0.316180,0.005405,0.000000,0.000000,0.000000,0.000000,0.000000,0.000000
2.942812,1765280734.245803,1765280643,0.316180,0.005405,0.000000,0.000000,0.000000,0.000000,0.000000,0.000000
2.962806,1765280734.265798,1765280643,0.316180,0.005405,0.000000,0.000000,0.000000,0.000000,0.344366,0.000000
2.982901,1765280734.285933,1765280643,0.316180,0.005405,0.000000,0.000000,0.000000,0.000000,0.000000,0.000000
3.002910,1765280734.305940,1765280643,0.316180,0.005405,0.000000,0.000000,0.000000,0.000000,0.344366,0.000000
3.022924,1765280734.325954,1765280643,0.316180,0.005405,0.000000,0.000000,0.000000,0.000000,0.000000,0.000000
3.042907,1765280734.345959,1765280643,0.316180,0.005405,0.000000,0.000000,0.000000,0.000000,0.000000,0.000000
3.062847,1765280734.365834,1765280643,0.316180,0.005405,0.000000,0.000000,0.000000,0.000000,-0.344366,0.000000
3.082894,1765280734.385904,1765280643,0.316180,0.005405,0.000000,0.000000,0.000000,0.000000,0.000000,0.000000
3.102944,1765280734.405974,1765280643,0.316180,0.005405,0.000000,0.000000,0.000000,0.000000,0.000000,0.000000
3.122953,1765280734.425984,1765280643,0.316180,0.005405,0.000000,0.000000,0.000000,0.000000,-0.344366,0.000000
3.143067,1765280734.446170,1765280643,0.316180,0.005405,0.000000,0.000000,0.000000,0.000000,0.000000,0.000000
3.163046,1765280734.466126,1765280643,0.316180,0.005405,0.000000,0.000000,0.000000,0.000000,0.344366,0.000000
3.182942,1765280734.485990,1765280643,0.316180,0.005405,0.000000,0.000000,0.000000,0.000000,0.000000,0.000000
3.202945,1765280734.505968,1765280643,0.316180,0.005405,0.000000,0.000000,0.000000,0.000000,0.344366,-0.688732
3.223062,1765280734.526124,1765280643,0.316180,0.005405,0.000000,0.000000,0.000000,0.000000,0.000000,0.000000
3.243073,1765280734.546135,1765280643,0.316180,0.005405,0.000000,0.000000,0.000000,0.000000,0.000000,0.000000
3.263064,1765280734.566112,1765280643,0.316180,0.005405,0.000000,0.000000,0.000000,0.000000,0.000000,0.000000
3.283097,1765280734.586159,1765280643,0.316180,0.005405,0.000000,0.000000,0.000000,0.000000,-0.344366,0.000000
3.303085,1765280734.606133,1765280643,0.316180,0.005405,0.000000,0.000000,0.000000,0.000000,0.000000,0.000000
3.323097,1765280734.626144,1765280643,0.316180,0.005405,0.000000,0.000000,0.000000,0.000000,0.000000,0.000000
3.343107,1765280734.646154,1765280643,0.316180,0.005405,0.000000,0.000000,0.000000,0.000000,0.000000,0.000000
3.363100,1765280734.666138,1765280643,0.316180,0.005405,0.000000,0.000000,0.000000,0.000000,-0.344366,0.000000
3.383150,1765280734.686212,1765280643,0.316180,0.005405,0.000000,0.000000,0.000000,0.000000,0.000000,0.000000
3.403139,1765280734.706187,1765280643,0.316180,0.005405,0.000000,0.000000,0.000000,0.000000,0.000000,0.000000
3.423149,1765280734.726197,1765280643,0.316180,0.005405,0.000000,0.000000,0.000000,0.000000,-0.344366,0.000000
3.443143,1765280734.746180,1765280643,0.316180,0.005405,0.000000,0.000000,0.000000,0.000000,0.344366,0.000000
3.463140,1765280734.766170,1765280643,0.316180,0.005405,0.000000,0.000000,0.000000,0.000000,0.344366,0.000000
3.483162,1765280734.786199,1765280643,0.316180,0.005405,0.000000,0.000000,0.000000,0.000000,0.344366,0.000000
3.503159,1765280734.806190,1765280643,0.316180,0.005405,0.000000,0.000000,0.000000,0.000000,0.000000,0.000000
3.523167,1765280734.826197,1765280643,0.316180,0.005405,0.000000,0.000000,0.000000,0.000000,0.000000,0.000000
3.543175,1765280734.846206,1765280643,0.316180,0.005405,0.000000,0.000000,0.000000,0.000000,0.344366,0.000000
3.563196,1765280734.866234,1765280643,0.316180,0.005405,0.000000,0.000000,0.000000,0.000000,0.000000,0.000000
3.583138,1765280734.886161,1765280643,0.316180,0.005405,0.000000,0.000000,0.000000,0.000000,0.000000,0.000000
3.603148,1765280734.906173,1765280643,0.316180,0.005405,0.000000,0.000000,0.000000,0.000000,0.000000,0.000000
3.623240,1765280734.926322,1765280643,0.316180,0.005405,0.000000,0.000000,0.000000,0.000000,0.344366,0.000000
3.643273,1765280734.946376,1765280643,0.316180,0.005405,0.000000,0.000000,0.000000,0.000000,0.000000,0.000000
3.663264,1765280734.966341,1765280643,0.316180,0.005405,0.000000,0.000000,0.000000,0.000000,0.000000,0.000000
3.683258,1765280734.986321,1765280643,0.316180,0.005405,0.000000,0.000000,0.000000,0.000000,0.000000,0.000000
3.703269,1765280735.006338,1765280643,0.316180,0.005405,0.000000,0.000000,0.000000,0.000000,0.344366,0.000000
3.723265,1765280735.026317,1765280643,0.316180,0.005405,0.000000,0.000000,0.000000,0.000000,0.344366,0.000000
3.743274,1765280735.046325,1765280643,0.316180,0.005405,0.000000,0.000000,0.000000,0.000000,0.000000,0.000000
3.763282,1765280735.066342,1765280643,0.316180,0.005405,0.000000,0.000000,0.000000,0.000000,0.000000,0.000000
3.783291,1765280735.086350,1765280643,0.316180,0.005405,0.000000,0.000000,0.000000,0.000000,0.344366,0.000000
3.803383,1765280735.106445,1765280643,0.316180,0.005405,0.000000,0.000000,0.000000,0.000000,0.344366,0.000000
3.823368,1765280735.126417,1765280643,0.316180,0.005405,0.000000,0.000000,0.000000,0.000000,0.000000,0.000000
3.843250,1765280735.146257,1765280643,0.316180,0.005405,0.000000,0.000000,0.000000,0.000000,0.344366,0.000000
3.863373,1765280735.166411,1765280643,0.316180,0.005405,0.000000,0.000000,0.000000,0.000000,0.344366,0.000000
3.883380,1765280735.186419,1765280643,0.316180,0.005405,0.000000,0.000000,0.000000,0.000000,0.344366,0.000000
3.903391,1765280735.206430,1765280643,0.316180,0.005405,0.000000,0.000000,0.000000,0.000000,0.000000,0.000000
3.923434,1765280735.226496,1765280643,0.316180,0.005405,0.000000,0.000000,0.000000,0.000000,0.344366,0.000000
3.943280,1765280735.246266,1765280643,0.316180,0.005405,0.000000,0.000000,0.000000,0.000000,0.000000,0.000000
3.963373,1765280735.266407,1765280643,0.316180,0.005405,0.000000,0.000000,0.000000,0.000000,0.000000,0.000000
3.983331,1765280735.286333,1765280643,0.316180,0.005405,0.000000,0.000000,0.000000,0.000000,0.000000,-0.688732
4.003384,1765280735.306408,1765280643,0.316180,0.005405,0.000000,0.000000,0.000000,0.000000,0.000000,0.000000
4.023437,1765280735.326484,1765280643,0.316180,0.005405,0.000000,0.000000,0.000000,0.000000,0.000000,0.000000
4.043387,1765280735.346431,1765280643,0.316180,0.005405,0.000000,0.000000,0.000000,0.000000,0.000000,0.000000
